date,open,high,low,close,volume
2018-03-23,161.22434444748384,175.47309588397934,157.73841267564634,169.85202026367188,7879318
2018-03-26,169.85204301421234,180.65844093301763,169.50345510944734,172.9676055908203,2348330
2018-03-27,174.405541113436,178.13112574190816,174.07873497768315,176.7149658203125,1031072
2018-03-28,174.7323156729405,176.47528141531396,171.81284273535562,172.8368377685547,353908
2018-04-02,173.8608565321388,175.16808101734287,169.96096483217002,170.9196014404297,214862
2018-04-03,171.11569043232035,173.38153822800896,169.525223337102,170.9196014404297,228450
2018-04-04,170.81064072669972,172.11786501797548,169.28554572021133,170.85421752929688,240096
2018-04-05,171.26817855734473,172.68433832734465,169.06768946460838,169.45985412597656,139336
2018-04-06,169.80846795481668,170.76709127663537,168.30515445994783,170.2659912109375,149948
2018-04-09,170.8106689355873,171.246410437974,163.40306339501336,169.9174041748047,176604
2018-04-10,168.67552497675325,170.28776043020864,167.28114695959383,167.71688842773438,100110
2018-04-11,169.41628469458132,169.41628469458132,165.58176493107686,166.1046600341797,95608
2018-04-12,165.799604713682,167.3246996322047,163.4030269845749,163.6644744873047,122028
2018-04-13,162.22653727252728,166.45323467635043,162.22653727252728,163.70806884765625,182670
2018-04-16,162.5315924730383,178.65402925990804,162.5315924730383,174.10052490234375,1103868
2018-04-17,175.4731059849379,182.0527919448156,174.4708925641784,176.54066467285156,920306
2018-04-18,177.71717229000353,178.5015016658421,174.7541221304213,176.34458923339844,258030
2018-04-19,178.00035315823845,183.83928497192863,177.063511853802,180.83267211914065,915076
2018-04-20,181.22489438217104,182.57569574533125,179.08976360699558,181.09417724609372,440532
2018-04-23,181.18131244948583,183.4471735944659,177.1289217723287,177.82611083984375,302418
2018-04-24,177.84790208205928,179.4383560004947,176.43174211535523,178.0439910888672,149724
2018-04-25,176.9110610504057,178.6540271691289,176.4753195207249,177.8914794921875,116550
2018-04-26,176.69317685620356,177.67359522346982,176.3227939245702,176.54066467285156,68038
2018-04-27,175.6038282606337,176.95462959911674,175.6038282606337,176.47531127929688,79968
2018-04-30,174.53625970597082,179.26405783556004,171.72573489369444,175.3206024169922,139808
2018-05-02,172.55361420509143,176.01776405180314,168.65372290836686,169.9827423095703,98920
2018-05-03,171.246384798745,172.1178676730389,168.34870690127258,170.9413604736328,64546
2018-05-04,171.2463889233554,171.68213037099753,169.06768168514478,169.4380645751953,41144
2018-05-07,169.0677003682389,170.94138348104488,168.19621737665005,169.1766357421875,57830
2018-05-08,169.93918855640376,172.98937912023666,168.23979933039485,169.1112823486328,534490
2018-05-09,171.68211101851756,171.68211101851756,167.76043843180017,169.00230407714844,175524
2018-05-10,168.63196402904683,170.33135325505577,168.63196402904683,169.1112823486328,73980
2018-05-11,169.39451718327268,169.80847694951905,168.6319695174959,169.08949279785156,61328
2018-05-14,168.19622799419486,169.5252343211526,168.19622799419486,169.08949279785156,55698
2018-05-15,166.01751564470112,168.52302933225238,166.01751564470112,166.51861572265625,51012
2018-05-16,165.58175280729512,165.79962353467312,164.71026989778304,165.14601135253906,38232
2018-05-17,164.29632110931374,167.30294798505145,164.29632110931374,165.7560577392578,31314
2018-05-18,163.8605511877382,165.86496432444068,161.22432098798953,161.61648559570312,100708
2018-05-21,161.66008863787002,163.6862838547736,161.22434715906175,162.22654724121094,84330
2018-05-22,161.2461309559861,165.14602255982,161.2243492008797,164.01309204101562,52796
2018-05-23,162.09581554548544,165.88677138944888,162.09581554548544,165.36387634277344,49596
2018-05-24,166.01750323875174,167.32472767370254,163.72986047758783,165.5164031982422,40638
2018-05-25,164.27456286676642,167.56440622045173,164.03491033554093,166.97616577148438,44886
2018-05-28,165.62534466437316,173.81727943916098,165.62534466437316,172.66256713867188,86166
2018-05-29,172.96759803558172,179.28584994234285,172.96759803558172,175.42953491210938,300474
2018-05-30,174.2965823194058,176.47528959839838,173.42509940780877,175.2987823486328,71636
2018-05-31,183.0114255736556,185.190133020961,175.60382025281714,176.64959716796875,358856
2018-06-01,177.3250175333675,178.41437133736218,174.29660863915186,174.8195037841797,93420
2018-06-04,175.60377912754976,175.60377912754976,169.9391410911772,172.4010772705078,67770
2018-06-05,172.11790170390407,172.13968346095874,168.19622799419486,169.08949279785156,73806
2018-06-06,169.93916745755044,169.96094921119186,167.6733065723402,169.32913208007812,37926
2018-06-07,167.7822388294296,176.4752860152144,167.7822388294296,174.66696166992188,186682
2018-06-08,174.3401895762668,174.6669957251984,172.11790510397665,173.5122833251953,35756
2018-06-11,172.83682481148094,174.29656117084122,171.96534200562675,172.88040161132812,41700
2018-06-12,173.8608573948235,176.1485002552817,172.11789140590298,173.90443420410156,65610
2018-06-13,172.3357414332662,173.4250950453602,171.68212926600984,172.3793182373047,32344
2018-06-14,171.682167624587,174.95022919104488,170.02635508335896,173.09832763671875,63092
2018-06-15,171.68216315142925,177.54289206035375,171.48607414344022,175.2552490234375,112198
2018-06-18,174.95021115294557,175.778117338199,171.05031943329038,171.4642791748047,47752
2018-06-19,170.81065268359183,172.0525185067901,168.17442216408992,169.37271118164062,44760
2018-06-20,167.76046613062474,169.72130274773593,167.76046613062474,168.26156616210938,28810
2018-06-21,166.6275228626412,167.76045325848696,166.21357647612194,166.56216430664062,31044
2018-06-22,165.84320297943228,167.21578592420644,165.14601398117065,165.88677978515625,38542
2018-06-25,165.90856905576686,167.54259961114212,165.58176294469183,166.75827026367188,39474
2018-06-26,168.196198709324,168.196198709324,162.96730134012222,163.51197814941406,55254
2018-06-27,164.84100193900818,165.47283242471687,162.3137065917236,163.55557250976562,46592
2018-06-28,163.4030472774652,164.71027165568492,161.22433998043232,162.05224609375,39706
2018-06-29,162.48801482393836,164.62314567382026,162.11763186172564,163.9041748046875,27910
2018-07-02,164.86279260224703,164.86279260224703,160.3528655977552,161.72544860839844,32112
2018-07-03,161.22434467199625,165.58175939286102,160.37464348231785,164.57955932617188,46934
2018-07-04,163.40304885480225,165.407462246976,162.18297807579606,163.99130249023438,21660
2018-07-05,163.8605984283153,164.6667229252133,161.7690443856717,162.1612091064453,24576
2018-07-06,161.35506603405162,163.83879780931335,161.35506603405162,163.31590270996094,32402
2018-07-09,163.31587947691438,164.6884755930075,162.0958088156904,162.4008331298828,28686
2018-07-10,163.83878779212995,167.30293769354654,161.26791585601038,164.79742431640625,82366
2018-07-11,163.40307454342184,168.26158996695767,163.40307454342184,165.45106506347656,64652
2018-07-12,164.51417621362066,166.2353602297352,163.14159332999407,164.16558837890625,36164
2018-07-13,164.4924258474576,164.4924258474576,160.13501059322033,160.6796875,52004
2018-07-16,159.04567179787497,160.5489855216507,157.0848347483121,157.49879455566406,52310
2018-07-17,155.99547243875062,158.1306033405078,155.58151265367124,156.27870178222656,50570
2018-07-18,154.94968455918445,158.58812884939735,154.94968455918445,155.6686553955078,41446
2018-07-19,158.47917719775103,158.47917719775103,152.53129552256857,153.38099670410156,121290
2018-07-20,154.64465417432228,154.64465417432228,148.80572079112173,149.41575622558594,44702
2018-07-23,149.3721544480082,151.70337372003092,146.0169534704094,146.56163024902344,44442
2018-07-24,145.97342343866868,150.74479886719274,145.1019403136617,150.0911865234375,65404
2018-07-25,152.07378084855733,152.07378084855733,149.43755013863074,150.61404418945312,50112
2018-07-26,150.3307995276703,150.3307995276703,148.06493867944812,149.72076416015625,162028
2018-07-27,152.50953702156107,152.6184724051479,148.80573397960887,149.17611694335938,86550
2018-07-30,149.06715339981517,167.56437005992333,149.06715339981517,163.70806884765625,191964
2018-07-31,164.88455692383036,169.50341881061516,163.7080630238603,167.411865234375,271294
2018-08-01,167.41187697318244,168.9369721079801,165.14601602523052,166.12643432617188,80904
2018-08-02,164.27453383771143,165.58175824490806,162.11760824672723,164.23095703125,51390
2018-08-03,165.53816662608847,165.58174342865064,163.44661308083582,164.07843017578125,39130
2018-08-06,163.83882871197395,167.21582584632984,162.79305161379344,163.11985778808594,88356
2018-08-07,164.7102909616703,168.28337666672152,161.13720525661907,161.59474182128906,60460
2018-08-08,161.2243479299509,162.92373704587382,159.06742228042685,160.9846954345703,40798
2018-08-09,159.28527374148507,166.43144380137977,159.28527374148507,163.33767700195312,98460
2018-08-10,162.0304716414121,165.58176203605146,162.0304716414121,164.6667022705078,73744
2018-08-13,163.4030370354417,166.36607345457512,162.03045418389863,165.47280883789062,43388
2018-08-14,165.58177398263152,167.8694169126547,156.9540973942257,161.59474182128906,199948
2018-08-16,159.04562485799755,161.15897349169273,158.26129558876607,160.4835662841797,45886
2018-08-17,163.40304590375936,163.40304590375936,159.19814351539074,159.9171142578125,35612
2018-08-20,159.91710796237075,163.35946266767365,158.67524220283582,160.28749084472656,51606
2018-08-21,157.8037739911636,160.74502897498894,157.8037739911636,158.69705200195312,27238
2018-08-23,158.15236531561362,159.00205316831227,157.28088241165162,157.781982421875,41630
2018-08-24,157.73841012562607,159.04563451893236,155.99544426788435,156.32225036621094,25980
2018-08-27,159.04567828024395,159.04567828024395,156.86697035859677,157.12841796875,28784
2018-08-28,157.1283892091208,157.73842465597002,154.2960694293865,154.8843231201172,55952
2018-08-29,154.68823878456365,156.43120485537565,153.4681678541056,154.31785583496094,38974
2018-08-30,154.44856920082424,154.7100034443343,152.94525581176975,153.22848510742188,24196
2018-08-31,153.38099662322728,153.38099662322728,151.8994782926714,152.48773193359375,30938
2018-09-03,152.5094779446759,156.49650877996103,152.48769619550654,156.19149780273438,33676
2018-09-04,156.19153118987015,157.30266659044372,155.0368056860978,156.0825958251953,28604
2018-09-05,156.38761246539687,156.62727825492453,151.39838056336862,151.877685546875,53272
2018-09-06,151.89949443945665,154.2524959554938,149.02359778751094,150.59226989746094,79126
2018-09-07,151.81233273797844,157.73841967252326,149.3286142190374,151.65982055664062,152498
2018-09-10,152.87989896262903,155.2982588265948,151.59445629395654,153.42457580566406,47742
2018-09-11,153.81673776338,154.66643894265567,150.7665474961175,151.79054260253906,554062
2018-09-12,153.59888368449597,153.59888368449597,148.17389651610347,150.59226989746094,32828
2018-09-14,150.8101383593889,153.59888134698474,150.8101383593889,151.44195556640625,41158
2018-09-17,150.37439368226518,153.59887810925912,150.35259862869094,152.4005889892578,44996
2018-09-18,153.2638860497885,168.77273465298873,151.127809408733,153.13038635253906,778874
2018-09-19,155.17746019031398,155.73373153659293,147.7011651478188,148.30194091796875,316510
2018-09-21,149.9707734038357,153.41965617499216,137.95531084625836,142.22747802734375,97928
2018-09-24,142.40551399367862,144.16333748937734,135.3519881625096,136.3977813720703,70294
2018-09-25,135.7302198672952,136.8427626530927,132.6151000670622,133.17137145996094,77620
2018-09-26,133.06013292168342,136.62027025738064,132.92663320393325,133.8389129638672,35050
2018-09-27,135.1962281694636,135.7970041422574,129.94503032168012,130.67930603027344,51770
2018-09-28,130.3900209700204,131.1688009587492,124.60479819660654,124.80506134033205,72890
2018-10-01,124.80507114473264,128.14269993005252,122.37972212839502,124.76056671142578,66564
2018-10-03,125.00534917973802,127.4529441794799,124.96084473630012,126.27365112304688,46376
2018-10-04,125.93988450554828,125.93988450554828,123.75930264900718,124.7828369140625,34686
2018-10-05,126.8298819143286,126.8298819143286,122.5799737597128,122.86923217773438,35820
2018-10-08,122.37970270353816,123.69250858305924,118.55255292100416,122.13494873046876,38652
2018-10-09,125.04981876966409,125.04981876966409,117.9295443913202,119.86537170410156,48536
2018-10-10,122.33520995401744,126.3848686734557,120.26588295423028,124.42679595947266,109124
2018-10-11,122.8247269586342,126.2958551142576,120.91115874632676,125.78408813476562,40532
2018-10-12,125.93988255424692,127.71995156561437,124.18205897318204,125.89537811279295,21566
2018-10-15,124.1597764791234,126.82987919910455,124.1597764791234,126.5628662109375,90522
2018-10-16,126.5628799935244,129.92276776389636,125.76185452263697,128.00918579101562,36822
2018-10-17,132.6150867265249,133.06010379607702,125.82857641585544,127.16362762451172,21078
2018-10-19,127.16365288872638,127.16365288872638,122.20171429357691,123.603515625,29526
2018-10-22,121.9792124171474,125.9176171977226,120.59965643547996,121.46744537353516,25800
2018-10-23,120.15462522554866,121.04465948647864,118.59706526892116,119.68736267089844,19386
2018-10-24,119.68737000819148,125.18332104168093,118.35231853495274,124.404541015625,28854
2018-10-25,123.0027483687505,128.07594160905035,121.4896926417624,126.0733642578125,28016
2018-10-26,126.09560773244688,127.27490042228855,122.37971194450824,125.73958587646484,22744
2018-10-29,125.47256533712316,125.98433223929295,123.31422988274494,124.56027221679688,22400
2018-10-30,124.58254301222064,125.80634004149258,123.9150173598905,125.25006866455078,21030
2018-10-31,122.82471655838674,126.2958444200906,122.82471655838674,125.6283187866211,16390
2018-11-01,125.183322662144,130.63478291510316,125.183322662144,129.0549774169922,129528
2018-11-02,130.83506102830322,130.83506102830322,127.85344025960488,128.78797912597656,36096
2018-11-05,129.05498136643638,132.97112709280344,128.16494701218508,130.54579162597656,27706
2018-11-06,129.41100308653822,131.32458529498908,127.9869561206714,128.27621459960938,13964
2018-11-07,128.16489998411808,133.505104150123,128.16489998411808,131.85853576660156,15628
2018-11-09,133.5051677934314,145.4093785883457,130.5013015180792,141.5599822998047,137270
2018-11-12,138.42256557572395,138.8453372593321,128.83245236082257,131.3022918701172,87010
2018-11-13,129.05496160335557,132.37034449757263,128.9659527492224,129.18846130371094,18754
2018-11-14,129.32198867668586,129.87826012352224,125.93985556375164,126.31812286376952,22494
2018-11-15,128.16493552771817,128.16493552771817,125.93984984147306,126.34036254882812,15428
2018-11-16,127.67545547674672,127.67545547674672,125.4726280795788,125.76188659667967,11868
2018-11-19,125.9398591679893,126.80764808222736,124.60480765737456,125.2278289794922,114774
2018-11-20,126.8298871719428,126.8298871719428,124.60480143208416,125.69509887695312,14294
2018-11-21,125.04981231364908,128.58770389507424,122.69122697992889,125.85083770751952,44274
2018-11-22,126.22913079628336,126.71865245080544,124.60482067155584,125.27234649658205,11036
2018-11-26,125.93984017615976,126.36261185643862,123.29198298040104,124.00401306152344,15710
2018-11-27,122.4242484350368,128.32072700928248,122.3797439937784,124.8940887451172,31642
2018-11-28,124.8272869086029,124.84953232954707,122.89145995695328,123.3809814453125,18918
2018-11-29,124.60482270190649,124.60482270190649,122.04597366427802,123.35877990722656,25824
2018-11-30,122.86922307934644,126.38485542608638,122.78021422769469,125.1833038330078,22912
2018-12-03,125.49485344427735,125.5393578815264,122.6244870023086,123.73703002929688,32370
2018-12-04,125.2723282636222,125.49483683957892,123.40325079324764,124.71605682373048,23058
2018-12-05,124.73831904880998,125.09434096679736,122.6467463016303,123.67028045654295,17730
2018-12-06,122.37973567407184,123.15851581017957,121.48970123280586,122.42424011230467,13140
2018-12-07,123.73700962213714,125.42808289276982,120.1546270983935,120.51063537597656,22464
2018-12-10,120.15463949251576,120.82216526747418,118.46357962829308,119.15335083007812,105094
2018-12-11,117.92955854364408,121.04467895800452,115.70447253338666,120.06563568115234,11072
2018-12-12,120.59965374955672,121.9347052670795,119.82087369766845,121.24493408203124,11994
2018-12-13,122.9359662818401,125.89532709788588,120.82213518740122,125.38356018066406,35734
2018-12-14,123.31429154592666,128.2094816474327,123.2920325333191,125.76188659667967,20912
2018-12-17,125.7618399782462,127.27489545985172,123.09173727629128,125.56157684326172,29472
2018-12-18,126.3848598922612,126.67411829908514,124.15977433077772,125.80634307861328,17216
2018-12-19,125.49484717210451,126.51838127343898,124.62705822208632,125.3390884399414,22168
2018-12-20,125.3390585438694,128.1204153089155,124.53803322787356,126.00658416748048,30442
2018-12-21,125.16111886392504,127.6977229719075,124.15982991301364,126.6964340209961,20128
2018-12-24,126.82988834698745,126.82988834698745,123.29199655549634,123.91503143310548,25680
2018-12-26,122.86922916666973,124.53804336148818,121.55642323440796,122.71347045898438,17186
2018-12-27,122.37971496582033,123.5590076847764,121.93469782049004,122.37971496582033,13248
2018-12-28,122.37973479331885,124.07079478721472,122.02372645171371,122.6244888305664,11884
2018-12-31,123.38098356497234,124.15976344320028,122.40194057143415,122.93596649169922,25176
2019-01-01,124.2932958954576,124.2932958954576,121.6009473248133,122.95824432373048,27946
2019-01-02,121.64544196933814,126.56287609707854,121.64544196933814,125.31683349609376,46122
2019-01-03,124.60481771105206,125.80636959989044,122.82474888660846,123.58128356933594,44524
2019-01-04,121.51192581937056,124.27103754638222,121.51192581937056,122.44646453857422,19430
2019-01-07,123.40325300840036,125.93985625217836,123.3142577249276,123.87052917480467,21876
2019-01-08,125.89534250426834,142.44998505997242,122.53546862796615,132.4148406982422,221820
2019-01-09,132.17008748123618,132.17008748123618,126.38486479687232,127.1858901977539,71698
2019-01-10,127.14141447064875,129.72250869677072,125.8731127843738,128.698974609375,69714
2019-01-11,129.09947200339667,130.03401069165523,126.40711022101262,127.1858901977539,20570
2019-01-14,128.16496000355082,128.16496000355082,123.26977055897076,124.22655487060548,18496
2019-01-15,124.60480851428989,126.60738579398382,123.82602846107557,125.02758026123048,15620
2019-01-16,124.6270512077604,129.9450117440059,123.55901273151314,129.0549774169922,57888
2019-01-17,127.38616889961632,132.03660390401086,127.38616889961632,129.7670135498047,77594
2019-01-18,129.7670164400104,130.23427906120395,125.6283483887871,126.54064178466795,46584
2019-01-21,126.2958481447977,126.38485699755618,123.13623758453414,124.07076263427734,29386
2019-01-22,124.07076197360048,124.7605466266952,121.48966822747887,122.20169830322266,28616
2019-01-23,121.93470493574684,123.49226503529104,121.04467059315014,121.71219635009766,18218
2019-01-24,121.75668186995492,124.40452547936152,119.30908780801845,120.0878677368164,22860
2019-01-25,121.8901756875252,123.024977391816,116.30521675707928,117.32875061035156,54696
2019-01-28,117.06175981084468,118.35232045391058,113.4348726325758,115.52645874023438,28662
2019-01-29,115.52645798719576,116.12723387214729,114.36941064966804,114.5251693725586,20224
2019-01-30,115.70446701134088,117.03951855377944,113.61288761960516,115.10369110107422,17100
2019-01-31,117.92953670636258,117.92953670636258,114.03563690945438,114.83666229248048,19642
2019-02-01,115.14819864575288,117.48453890813046,113.92440136545984,114.45842742919922,28962
2019-02-04,115.70447294889534,115.70447294889534,111.29880534893378,112.23333740234376,20444
2019-02-05,113.03436235655802,113.03436235655802,107.6941562609726,108.91795349121094,28440
2019-02-06,107.9834061285231,110.23074403993832,102.79895917215696,104.26751708984376,55110
2019-02-07,104.13402783469274,112.5893548810994,104.13402783469274,108.2059326171875,36462
2019-02-08,108.13917608748372,111.25429638630013,105.62483170532268,109.3407211303711,44058
2019-02-11,111.69932045516188,111.69932045516188,107.24914832547417,108.2059326171875,41660
2019-02-12,108.20592787529078,108.58419520590698,104.57904046470549,104.97955322265624,27182
2019-02-14,102.79897654678396,104.13402819024869,100.1288732598545,100.24012756347656,60914
2019-02-15,111.25430270137572,117.39553477815268,104.6457944047445,106.60387420654295,1013592
2019-02-18,104.6012844016758,110.2084965212074,104.6012844016758,107.42713928222656,146254
2019-02-19,107.42714584722324,111.9885719979058,107.42714584722324,109.54097747802734,162110
2019-02-20,110.36425829589564,111.14303834435458,107.24913810205987,107.7831573486328,104194
2019-02-21,108.47293313657951,112.32232886812892,108.45068092041562,111.87731170654295,92628
2019-02-22,112.14433553869438,114.36942156128752,112.01082901925406,112.56710052490234,59100
2019-02-25,110.98727868745382,114.3694118714159,110.98727868745382,112.74510192871094,106534
2019-02-26,111.25429581932237,113.79089240591824,109.05146212018444,111.92182159423828,53042
2019-02-27,112.36681886807855,131.28004580626998,111.05401976810028,129.4332275390625,1626328
2019-02-28,129.94499668322112,140.89242035283945,129.90049225585932,135.2852020263672,2197924
2019-03-01,135.28522503481835,136.62027659766196,126.9189073400038,127.65318298339844,476382
2019-03-05,128.45421142390276,129.78926301725187,123.26976378589988,128.20945739746094,278778
2019-03-06,129.05496344637956,130.12300180700828,126.38486075438551,126.80763244628906,182096
2019-03-07,128.0091807655557,128.16493948457065,123.29199624891278,124.38229370117188,65976
2019-03-08,124.38229879240446,124.38229879240446,120.15463568497032,121.84569549560548,65892
2019-03-11,122.78025144724188,127.85344516986488,122.02373030224658,124.84957885742188,136186
2019-03-12,126.0956150410678,129.05497643981153,126.07335603455336,127.31941223144533,135896
2019-03-13,127.74217827241328,129.01047997328405,125.93986409491312,127.65318298339844,89652
2019-03-14,127.2749272110529,128.52097001714358,126.47390163297288,126.89665985107422,53278
2019-03-15,126.829896071763,129.05498196775886,126.22912016367482,127.36392211914062,68454
2019-03-18,129.05498715805984,131.7250903406404,128.3874613624147,129.41099548339844,172486
2019-03-19,129.50002138512346,130.3010470128981,127.65320249047448,127.96470642089844,64084
2019-03-20,127.71992031764276,129.05497174953447,127.0078901711314,127.47516632080078,65108
2019-03-22,127.74217092327748,129.03273155778982,126.82989117349078,127.58642578125,59364
2019-03-25,126.29585103746405,127.0301401374292,124.60479144307442,125.80634307861328,64024
2019-03-26,127.64278099030976,128.86706897188438,126.19177403717156,127.57476806640624,66114
2019-03-27,127.48407673203354,136.89291418398687,125.85169734629773,129.7512664794922,377284
2019-03-28,129.66057825455135,130.79417305013993,127.21200242581835,127.73346710205078,63082
2019-04-01,129.2298390786461,130.18206171310752,128.1189103654694,128.39097595214844,54866
2019-04-02,129.229808124001,130.13668397048522,128.11887967692695,129.29782104492188,56816
2019-04-03,129.25246646679773,130.0006500639951,128.11887172901552,128.36827087402344,41300
2019-04-04,128.54966614652972,129.7286076512418,127.91485574793975,128.2322540283203,17658
2019-04-05,129.22982363493546,132.40388947860055,127.23469930076892,130.36341857910156,107732
2019-04-08,133.76417606686988,134.67105183681477,131.58767975413258,133.33340454101562,131060
2019-04-09,134.1949808777789,134.1949808777789,131.95045725531443,133.3787841796875,48264
2019-04-10,133.31071923504558,133.60545105082355,132.0410988726986,132.33583068847656,33072
2019-04-11,133.3107430648519,145.50821984981894,131.04355355694625,140.40704345703125,3279144
2019-04-12,141.01918499457918,143.28637446394538,138.75199552521295,139.45481872558594,286064
2019-04-15,139.20546464713755,140.29371306899557,134.30833982986192,136.25811767578125,122318
2019-04-16,136.0313672624562,138.07183777139304,134.3309751716755,134.71640014648438,105330
2019-04-18,135.0338010627728,135.37387948771715,130.59011517863055,130.9755401611328,79904
2019-04-22,130.5901166757642,134.14960699855433,127.96018236117462,129.79660034179688,53196
2019-04-23,129.79663661846473,130.74885925292614,128.07357763254834,128.39097595214844,34550
2019-04-24,128.59498389932494,129.68323202991292,128.59498389932494,129.02574157714844,23424
2019-04-25,128.7990277596276,131.95042664592364,127.89215197511952,129.11643981933594,44660
2019-04-26,129.7965787839935,129.95528479199297,128.0508403716483,128.16419982910156,28100
2019-04-30,129.18447342609056,129.18447342609056,125.60231627112243,126.19178009033205,39454
2019-05-02,124.7407794949893,126.80391657748736,124.7407794949893,125.73833465576172,27638
2019-05-03,127.6427781917802,128.2775885306747,124.92215059266589,126.0103988647461,39650
2019-05-06,124.69543331110388,132.26785243276385,124.3326884947845,131.2022705078125,178574
2019-05-07,131.0208893806901,131.0435557410163,127.12132059453394,127.68811798095705,32486
2019-05-08,126.50916265225526,126.98526686904223,123.33509763947468,123.765869140625,61646
2019-05-09,123.10836468220396,124.01524029680584,122.31484851942731,122.90431213378906,39328
2019-05-10,122.88166360165428,124.4686961573952,121.5666965373198,123.53915405273438,37270
2019-05-13,122.42824825363134,126.01040534237563,121.31731972508746,122.02015686035156,30508
2019-05-14,122.17885094911414,122.4282362656356,118.16592265950848,118.89142608642578,48086
2019-05-15,121.5213638604856,122.38289315014,113.65421309672828,115.62667083740234,63606
2019-05-16,115.64934895934404,117.89386539755314,114.78781271470588,116.6242446899414,31912
2019-05-17,115.69469197131956,120.11571205246452,115.58133248205944,119.5942611694336,33074
2019-05-20,122.42821669101772,143.28635731245038,121.1132497237532,133.22003173828125,272024
2019-05-21,130.13669023191156,136.93825940779544,130.13669023191156,131.99578857421875,71618
2019-05-22,133.67349492572365,135.5779397482887,132.17715530644202,134.30831909179688,48208
2019-05-23,136.4848072191713,138.32122516988008,128.95773534915338,136.8928985595703,233360
2019-05-24,138.27589315311306,141.33659897840042,135.03380109754744,139.93093872070312,150030
2019-05-27,141.47264033180917,150.99483727721935,139.18278422054408,149.5211639404297,388786
2019-05-28,151.44824691620735,154.5769654172705,148.3875413273319,149.5664825439453,170476
2019-05-29,150.9494792511162,150.9494792511162,146.00700874141026,146.41510009765625,72770
2019-05-30,145.34950001608138,152.76321177058236,144.1932390119646,145.8936309814453,173728
2019-05-31,138.2985558928805,140.4977324180866,134.03624251161597,135.46456909179688,287388
2019-06-03,135.60064060231085,139.09211905253534,133.33345039770555,136.84759521484375,64240
2019-06-04,138.1625245665585,139.09206666521368,134.3309690287516,137.777099609375,65570
2019-06-06,137.79980161788305,137.79980161788305,131.95045434736963,132.85733032226562,44280
2019-06-07,130.88485691982066,133.65083108559529,130.88485691982066,131.79173278808594,27626
2019-06-10,131.51966473553165,132.85731215067796,128.82171738192588,129.45652770996094,39814
2019-06-11,128.77639164703106,137.52773948791227,127.64279665013818,132.47190856933594,215800
2019-06-12,133.31075825339423,144.10257600544253,131.6103659287336,141.94874572753906,587952
2019-06-13,140.9511692961642,140.99651585222182,136.48480336209843,137.70909118652344,111520
2019-06-14,139.3188411679593,139.70426627887062,135.1472055636805,135.98606872558594,61682
2019-06-17,136.666177717173,138.25321033726786,133.0840211422385,133.8095245361328,45538
2019-06-18,133.76419155399734,142.69692445731062,133.76419155399734,141.5406494140625,728174
2019-06-19,140.2483384844842,146.36975020212017,138.34390758613793,141.63133239746094,322476
2019-06-20,141.40463464619174,142.58357614354563,139.0240852879657,140.70179748535156,76616
2019-06-21,139.65889399102394,141.3366200059177,137.39170415350733,138.52529907226562,57076
2019-06-24,137.50504787654558,140.13498225133716,137.50504787654558,138.3665771484375,39624
2019-06-25,132.8573102262187,144.19325819773903,132.8573102262187,139.5908660888672,118590
2019-06-26,138.6386309423123,141.44995131584764,138.6386309423123,140.54307556152344,56912
2019-06-27,141.92607478155432,143.33173515877743,141.01919890435587,142.60623168945312,67040
2019-06-28,142.83295284043874,155.0304308075011,142.83295284043874,154.0555419921875,2085230
2019-07-01,152.76322547579898,156.43607522695365,151.901696234868,153.5794219970703,473034
2019-07-02,150.99483712381476,154.30492861872514,150.3600267623313,151.81101989746094,103344
2019-07-03,152.1284287270201,154.16889945510232,150.31467696872477,152.19644165039062,78572
2019-07-04,152.76321565142405,153.6247448369491,149.45312473520784,150.67739868164062,67122
2019-07-05,150.99482966671405,154.57698652187244,142.8102806208114,144.21592712402344,231604
2019-07-08,144.12525250855555,144.12525250855555,133.7641927751834,135.0338134765625,131966
2019-07-09,135.14716221778778,140.3163654114622,132.40386842426503,137.84512329101562,118106
2019-07-10,138.52525074818524,138.91067565367456,134.6710293689395,135.75927734375,50732
2019-07-11,136.23543111018512,138.29856814908143,135.1245026505779,135.85000610351562,39682
2019-07-12,136.03137013914187,137.82245538110453,135.57793223867807,136.1447296142578,47256
2019-07-15,135.12447871819154,137.39166795842968,133.83217808369085,134.17225646972656,28798
2019-07-16,134.1722559368275,136.82487010493554,132.97064841183877,133.69615173339844,49192
2019-07-17,134.67103877426848,140.02159976283005,134.67103877426848,137.59571838378906,88530
2019-07-18,137.59573496650472,139.65887185652738,136.03136869142278,136.73419189453125,43304
2019-07-19,136.73421123631533,142.78761076693462,135.1245120142302,138.1625518798828,117282
2019-07-22,139.65886690510973,139.65886690510973,133.87753394069367,136.00869750976562,58770
2019-07-23,136.16738699694503,137.8224462947849,136.0313611709044,136.87022399902344,37022
2019-07-24,136.4848262124459,137.3917021341233,134.7164209327407,135.28321838378906,29016
2019-07-25,135.57793802542935,137.5277155455137,132.22250018634534,133.51480102539062,28452
2019-07-26,135.12448542517777,138.29855051905778,133.80951836813546,136.28074645996094,135162
2019-07-29,136.64354064802157,141.4726524596057,136.03139659577474,138.34393310546875,127192
2019-07-30,136.73420397647996,139.63621783524914,132.22250481891942,134.82977294921875,56734
2019-07-31,133.74153209601204,135.1245123415577,131.04357069365832,133.31076049804688,56668
2019-08-01,132.99334117140353,133.44677910766856,130.02332822399862,131.950439453125,54676
2019-08-02,129.50187720469404,137.84513245408635,129.50187720469404,134.82977294921875,66246
2019-08-05,131.49699789254777,133.2654030276752,128.9350763908274,131.27027893066406,91482
2019-08-06,129.2298259534706,133.7188592453411,128.4363094783177,130.72616577148438,28186
2019-08-07,130.0233278687502,133.06136756855648,130.0233278687502,130.88485717773438,24294
2019-08-08,131.08890179194046,133.2427318520089,130.40874493086622,132.8346405029297,87662
2019-08-09,133.71884217543666,135.57794044746572,131.90509046376488,133.87754821777344,31420
2019-08-13,130.72611812290995,136.46211762284042,129.61520376531237,132.33583068847656,82796
2019-08-14,130.83951807613198,134.67107438068,130.83951807613198,133.31076049804688,94742
2019-08-16,132.6759422947756,133.2880862734202,131.0435629643326,131.79173278808594,18002
2019-08-19,130.81687097565796,134.67109421064268,130.81687097565796,132.17718505859375,33578
2019-08-20,131.29293645434316,133.15203458421837,130.70347272825347,131.08889770507812,26816
2019-08-21,130.77149211489998,131.65570158560917,129.0030870113086,130.31805419921875,31676
2019-08-22,129.22981760105532,130.49943834410982,120.0930455452481,122.02015686035156,63202
2019-08-23,118.89143084611013,127.3933920382568,118.89143084611013,124.46871185302734,53658
2019-08-26,126.96263290796112,131.49701265467402,124.69544303460466,125.78369140625,26954
2019-08-27,126.96262617458297,131.9504436314416,126.50918822395946,130.8168487548828,44940
2019-08-28,129.25247046478864,131.95043155929324,127.4160524679086,127.68811798095705,24842
2019-08-29,127.46140277576548,130.0686708300065,126.57719329180505,127.9148406982422,31828
2019-08-30,127.00797015789846,129.61523832103452,126.19177356065484,126.9626235961914,30170
2019-09-03,126.93995295998644,128.2775865394237,122.92702454601992,123.69786071777344,31458
2019-09-04,123.78855383813378,126.05574346886884,122.49625298104934,123.69786071777344,34000
2019-09-05,123.78855005961688,133.80953068915125,123.78855005961688,126.35047149658205,82588
2019-09-06,127.84681219312294,131.74636678081157,124.76342639344465,125.48892974853516,119298
2019-09-09,127.86949470828536,128.93507659841987,125.26222664242492,127.93750762939452,31464
2019-09-11,128.66300423090044,129.27514816396962,126.50917420412767,127.1893310546875,54758
2019-09-12,127.41605502415514,130.93019889047972,127.2346826244264,127.73346710205078,45472
2019-09-13,127.8695177772133,129.7059361676052,126.50920375830678,129.00311279296875,75682
2019-09-16,128.18691770315723,132.29052573406983,127.25736157610764,129.52455139160156,59928
2019-09-17,129.22980814456508,130.93020035699357,126.53184696571432,127.00796508789062,33536
2019-09-18,127.89215006596947,130.56744466059305,127.6881113201968,129.22979736328125,34854
2019-09-19,130.85811184194677,133.29830602787464,127.43728277365229,128.46353149414062,64976
2019-09-20,128.9424685751472,133.5947882131676,127.98463355810487,131.97560119628906,89622
2019-09-23,136.33145086565855,139.8435079325831,132.568538545121,137.8366241455078,132064
2019-09-24,138.6576259938607,143.2187321120798,136.6051282406621,141.62234497070312,169724
2019-09-25,143.21872672924178,145.49927970263735,140.9381737558462,141.66795349121094,135790
2019-09-26,142.69420041169295,148.1447135932291,142.0100345288682,143.17311096191406,994696
2019-09-27,141.85040662489462,142.71701404226158,138.24713541412132,139.45582580566406,111522
2019-09-30,138.38391760804294,140.02591812893723,134.1420956885043,134.9630889892578,55738
2019-10-01,134.21054621732472,140.025956461236,130.74410281746802,132.2948760986328,167202
2019-10-03,132.24928333485698,134.98594712724395,130.15117164348194,133.9824981689453,54748
2019-10-04,134.27894905386466,136.26303281768213,132.27206532929813,132.8878173828125,36956
2019-10-07,134.55262194181745,134.55262194181745,129.07929494757403,129.99151611328125,52588
2019-10-09,130.21956259381824,132.1352324799419,128.6687895009221,130.5616455078125,42840
2019-10-10,129.8091016460682,130.7213230013893,128.62321110027216,129.14773559570312,31774
2019-10-11,129.5353987115811,130.9037303881119,127.93901175562851,128.5547637939453,41184
2019-10-14,128.91965277122168,129.92310161589702,127.71096251699248,128.25830078125,30778
2019-10-15,128.62319030006364,129.44418381932894,127.71096909226178,128.32672119140625,29800
2019-10-16,128.32670622560263,128.3723200645513,127.02678837220668,127.32325744628906,28142
2019-10-17,126.34263976119765,129.55821401407812,126.34263976119765,127.87061309814452,52106
2019-10-18,128.5776105947721,133.1843317011923,127.57417535139994,130.90377807617188,89134
2019-10-22,132.0440469156203,135.9209878440582,129.1933550564748,132.95626831054688,95386
2019-10-23,132.3632970068983,136.30865077349776,131.81595873849787,134.59823608398438,52146
2019-10-24,132.8194116609193,135.7841305469274,132.2720733757461,132.56854248046875,33488
2019-10-25,133.54915740217922,136.81035882196286,131.40544626624862,135.35079956054688,75142
2019-10-27,137.01561268252797,138.61199968030567,136.46828834920962,138.1102752685547,50692
2019-10-29,137.51731827166316,154.8495175894847,137.51731827166316,149.49021911621094,499538
2019-10-30,150.85858174687235,158.7264896384326,147.14128312111487,153.59524536132812,409906
2019-10-31,151.42871689642138,154.55307724277085,149.2393916174824,149.763916015625,105942
2019-11-01,149.60426279635098,156.4915349955487,149.12535227893554,151.22344970703125,165272
2019-11-04,152.34092398820977,159.63869280201624,150.83576473811794,151.74798583984375,213602
2019-11-05,150.6533141911694,152.84265325682946,145.29401504745954,147.0956573486328,99832
2019-11-06,146.18342485248797,149.96913668340846,143.90287220268317,145.06594848632812,69112
2019-11-07,143.78886235358428,151.88482526167664,143.78886235358428,148.53240966796875,140370
2019-11-08,148.23593492846723,152.75142677779488,147.3237137904459,149.5814666748047,128270
2019-11-11,147.3693280223848,153.34437927616202,147.3693280223848,152.31813049316406,108134
2019-11-13,157.81426313294006,166.38913660246502,157.19851105649124,160.2316436767578,1451168
2019-11-14,161.25787463060644,162.74023387440414,153.84607841161795,154.64427185058594,183180
2019-11-15,155.85300921394645,156.8792581405017,151.56555811860213,152.1356964111328,70440
2019-11-18,151.45150129707585,153.2531435223111,146.4114853293508,147.8938446044922,112802
2019-11-19,147.89384204094728,152.31811983012827,147.89384204094728,150.03756713867188,87348
2019-11-20,153.54963171748372,161.66840880259295,150.51649899138403,156.3319091796875,573186
2019-11-21,157.0616994106931,165.0208216126747,155.16884306577438,159.4790802001953,511354
2019-11-22,160.36846751177663,164.10856556164714,157.49496277850002,159.38783264160156,205590
2019-11-25,157.81427279057456,161.9876821339615,156.97046536894322,157.5406036376953,114114
2019-11-26,158.45282436504053,161.00704658482536,154.1653873815042,157.17572021484375,172992
2019-11-27,155.98982257998242,160.5053146602617,154.64429076482574,155.48809814453125,90652
2019-11-28,155.4880913443502,157.35814747503298,152.7514279100018,154.0513458251953,72294
2019-11-29,159.61588647889403,159.61588647889403,150.0603652515061,152.04444885253906,197788
2019-12-02,150.51648119225007,156.0354216198438,150.51648119225007,151.4971160888672,95358
2019-12-03,152.75142313822244,154.11975481265154,147.2552964803548,148.23593139648438,93534
2019-12-04,147.09565789274768,147.6201822610454,144.13093920653725,145.47647094726562,101104
2019-12-05,146.1378067253501,147.05002775849132,140.0259285871814,140.36801147460938,125692
2019-12-06,140.84694851433977,141.78198360129915,135.60167658446895,137.28929138183594,138202
2019-12-09,136.5823371648737,138.20152437444116,134.66666690281767,135.07716369628906,83384
2019-12-10,135.37361504733457,135.37361504733457,130.15115723979494,130.99496459960938,97280
2019-12-11,131.31425481683567,134.32458792431513,129.53542604585903,129.9459228515625,82310
2019-12-12,131.17742102310024,132.5913667713096,129.10210928833416,131.6107177734375,150220
2019-12-13,133.5491774819625,136.76476554842114,131.29143837425235,132.56854248046875,177404
2019-12-16,133.18425752073856,133.8228093962072,130.05989801077536,130.37918090820312,72472
2019-12-17,131.56508848984274,132.1808265723758,129.2617219521927,129.7406463623047,83016
2019-12-18,129.99151919345758,133.36673480267274,129.3073533029657,130.58445739746094,161362
2019-12-19,130.90374621420705,131.337056865251,129.10210372120272,129.42138671875,59600
2019-12-20,130.53885941594746,130.53885941594746,128.76001693868793,129.0792999267578,73514
2019-12-23,128.9880771202137,132.79660356195814,128.9652771570848,130.03713989257812,112208
2019-12-24,130.03715289204104,132.20367854273823,128.668820902127,129.307373046875,48736
2019-12-26,130.60724092349292,139.7522506331931,129.5353784936294,137.95062255859375,660400
2019-12-27,140.11717313977576,143.60641622805255,136.39986084634722,137.49453735351562,248308
2019-12-30,138.49796660212846,138.9084633158544,135.0999513347081,136.28582763671875,74052
2019-12-31,136.0121723851534,136.034972345033,133.54916426502098,134.3017578125,70988
2020-01-01,134.5526211253768,137.74539518597894,133.11587558198386,135.8525390625,63494
2020-01-02,135.46483064612565,141.62232294822226,135.46483064612565,139.68385314941406,160282
2020-01-03,140.2540003484567,141.34866293315204,136.83317107166508,138.61199951171875,109498
2020-01-06,138.8628888176754,140.80135902234665,133.64041646321616,134.09652709960938,93016
2020-01-07,135.0999317198359,137.44889794231634,132.272041134718,135.57884216308594,66828
2020-01-08,135.0087218417826,136.46828115917918,132.81939678507698,133.4351348876953,77194
2020-01-09,135.6244737070139,138.61199221710095,133.68600388551286,136.3086395263672,73220
2020-01-10,137.65416750220564,139.56983750632304,135.00873170546282,135.8525390625,70796
2020-01-13,135.92096886955565,140.4820752074602,135.92096886955565,138.45237731933594,138354
2020-01-14,139.1137261010206,145.49927418434612,138.47517407656608,143.6976318359375,291240
2020-01-15,146.3658848477427,151.42871515642912,144.5414424964604,145.54489135742188,659388
2020-01-16,148.23593670418134,148.69204727865574,145.13439036551142,146.3202667236328,128688
2020-01-17,146.32029050007628,146.32029050007628,142.3065223602368,142.6486053466797,94908
2020-01-20,142.94504413963742,144.10813439827476,139.1365182485121,139.6610565185547,62522
2020-01-21,138.20149989499598,141.85038438067244,137.28927877357685,139.38739013671875,209720
2020-01-22,141.8503706534639,147.30089689423818,139.88910099996554,140.36801147460938,1755264
2020-01-23,140.57327736401913,141.23462931123228,137.74538638050467,138.292724609375,150662
2020-01-24,138.7032073255608,140.0943387977666,137.74537248138222,138.40673828125,111578
2020-01-27,136.1490140026164,138.15589785730276,135.69290340294265,136.17181396484375,85650
2020-01-28,136.76475388127145,137.585747319603,134.5526148865469,134.78067016601562,64458
2020-01-29,135.89814421699867,141.8275813790734,135.00872307493174,138.292724609375,213224
2020-01-30,137.74539240317355,139.797889972095,134.37017696260293,136.12620544433594,120150
2020-01-31,136.12622107684766,137.51735291000486,131.47388715193665,132.3861083984375,117126
2020-02-03,129.12492289003953,129.94591646107153,125.43042398161188,125.95494842529295,112098
2020-02-04,127.20924838300084,129.48980146953505,126.79875161130292,127.30047607421876,68806
2020-02-05,132.7281727020569,132.7281727020569,128.62317767003452,130.42481994628906,173702
2020-02-06,131.26861937157764,140.80134163020338,130.44762589523785,137.72259521484375,779194
2020-02-07,138.20152363467687,138.61202042595096,134.59825236999438,135.21400451660156,112302
2020-02-10,134.5526448911795,136.2174460186664,132.54576076820658,134.4158172607422,85904
2020-02-11,134.0965059273956,135.4648376205323,131.5878978233117,131.9071807861328,77862
2020-02-12,133.11588174239878,134.5298273899789,130.90374254272882,131.8159637451172,59322
2020-02-13,125.43041967336856,126.3426409073567,122.69375597140416,125.24797821044922,246770
2020-02-14,127.2548494269378,128.39512585549457,124.63221364125718,124.97429656982422,71860
2020-02-17,126.7987423674652,126.95838385576276,121.34821532024428,121.8955535888672,110272
2020-02-18,123.78840514394258,123.83401898453675,118.63436130276568,122.48848724365234,167162
2020-02-19,123.8568176936126,139.47860446106563,123.8568176936126,133.5263671875,1088896
2020-02-20,134.09651645283273,137.67698744812157,130.44763165139508,134.187744140625,359026
2020-02-24,131.04215631407772,141.9001951118654,131.04215631407772,134.67703247070312,383472
2020-02-25,136.0284632176464,139.19734317645714,131.6013634314576,132.27708435058594,246684
2020-02-26,132.64988847597093,133.90812253824427,129.5509214369787,130.55284118652344,87822
2020-02-27,130.1567295987121,150.9408011641543,125.40343093530493,145.76808166503906,1903378
2020-02-28,133.79161652681955,136.70418213293496,126.871357802387,127.75677490234376,521218
2020-03-02,130.66935329594946,133.27901517871646,121.18603591008431,123.2597885131836,255400
2020-03-03,124.47142154835063,127.80339415793765,121.62875433079935,124.44811248779295,356880
2020-03-04,125.35683570349488,125.54323707585172,119.4384961359514,121.46564483642578,176088
2020-03-05,121.67536840529596,127.68690219728872,120.92974861385557,122.53749084472656,203800
2020-03-06,116.87544555428278,119.48510032746177,114.14928103464932,116.4560317993164,185890
2020-03-09,114.54538972500188,114.63859040887408,106.25040086676132,109.88528442382812,280030
2020-03-11,107.90474700927734,112.634751367347,107.18242921632034,107.90474700927734,100446
2020-03-12,104.689253544033,104.689253544033,93.8312148353609,95.62535095214844,213184
2020-03-13,84.23140420319834,98.02531888381998,81.08583309187557,95.41565704345705,225536
2020-03-16,94.13412276620782,95.9282660691731,90.45264259143578,90.94194793701172,124134
2020-03-17,90.42934133021404,92.92249330446194,88.54199733332614,89.52062225341797,114390
2020-03-18,89.98662646522166,91.8040644915646,82.39065422473296,86.2818374633789,152010
2020-03-19,84.20810345735438,84.20810345735438,77.82376045864666,80.85282897949219,158676
2020-03-20,80.89942045528939,86.39833831397563,80.17710280446877,84.60420227050781,123192
2020-03-23,76.89173498539448,81.41203555935432,67.71132926080467,75.05099487304688,136338
2020-03-24,76.42571305640772,78.75576528373722,69.85496293103648,73.67625427246094,79368
2020-03-25,74.53837993020744,75.84321078522271,71.08990498765489,74.5849838256836,58972
2020-03-26,75.47038813283012,80.8062061636247,74.1422626664538,78.14994812011719,77266
2020-03-27,83.88188632791852,93.7613070732778,83.41587584831898,86.18863677978516,376984
2020-03-30,80.61981302986398,88.54199118886795,80.61981302986398,84.67410278320312,103036
2020-03-31,87.14395969503849,89.38081141952215,81.73823528676594,86.2818374633789,74762
2020-04-01,86.28184508645347,88.28569174815239,84.86051868654211,85.90904235839844,46774
2020-04-03,86.67794863142471,86.7711493045762,83.95178449952122,85.72262573242188,25642
2020-04-07,91.80406618041565,92.456478019629,86.72455470306043,89.19440460205078,95614
2020-04-08,89.00801645879305,106.7164176390765,87.70318547598923,101.68350219726562,896810
2020-04-09,104.15335251100448,104.85236829966892,100.19226304190586,100.7281723022461,115418
2020-04-13,109.51246531736186,115.75700304860273,107.22901675717448,108.5804443359375,517784
2020-04-15,112.3085489052238,112.3085489052238,103.03494127975918,103.89705657958984,129760
2020-04-16,103.92034230396918,114.17257338328452,102.26600359401937,107.9746322631836,275298
2020-04-17,110.91049022550143,111.77261242659844,106.43678693512864,108.184326171875,133412
2020-04-20,107.4387308692902,110.56100004915942,105.36498539905472,106.4601058959961,81584
2020-04-21,105.76109793536054,105.76109793536054,101.6136066872119,102.77863311767578,63426
2020-04-22,102.75532327348034,102.75532327348034,100.19226532334818,100.89128112792967,46988
2020-04-23,100.51846180260571,106.0406889826214,100.51846180260571,102.42910766601562,76206
2020-04-24,102.52231439509777,104.61936173499748,100.00586043152056,101.03108215332033,54226
2020-04-27,102.52232163040726,104.29316315344744,100.1922688660798,100.65827941894533,36460
2020-04-28,101.54369019082672,102.52231513413687,99.72625199411496,99.98255920410156,40140
2020-04-29,99.98254980931206,101.12427406205512,97.6291954654403,100.09905242919922,53418
2020-04-30,100.82136713099048,104.57274569248015,100.19225015779055,100.79806518554688,103786
2020-05-04,100.19227130120466,100.35537784297448,96.5107906883934,97.69911193847656,81382
2020-05-05,97.88551882704888,109.83868675844538,97.88551882704888,99.70295715332033,1385154
2020-05-06,100.65827315219406,106.92611327586228,99.72625210448857,103.38443756103516,1051106
2020-05-07,103.57083335664446,110.91049871262712,103.57083335664446,106.76300811767578,754714
2020-05-08,107.29892278640308,107.83483204287955,100.89127810317598,101.77669525146484,155158
2020-05-11,102.05631163550206,108.44065482251224,99.56315231973844,106.59991455078124,826366
2020-05-12,103.92033925420368,105.27176683069597,100.65826582469953,101.96309661865234,181718
2020-05-13,105.3183817545573,114.17258199055988,102.52231852213542,111.842529296875,1883922
2020-05-14,109.4192774389374,113.61337234588406,108.11444649018046,109.7454833984375,370606
2020-05-15,110.44449717317222,113.14735970757836,108.20764517536176,111.56291961669922,640746
2020-05-18,116.50263766042212,117.4346587617055,108.11444774887173,109.34937286376952,906452
2020-05-19,109.5590712461351,111.56291070482038,103.5708334849312,105.3416748046875,203984
2020-05-20,105.03876305422064,108.95325549080545,104.8523616999453,106.4833984375,128524
2020-05-21,107.18242060071256,109.51247322246718,106.48340481418616,107.15911865234376,99212
2020-05-22,107.04262892138988,107.04262892138988,104.19996864672272,104.92227935791016,65020
2020-05-26,105.71449071423162,106.66980660434974,103.50094071475108,104.03684997558594,54962
2020-05-27,104.75917078577488,105.08537674153524,102.49901682308447,103.43103790283205,117020
2020-05-28,104.33975415060404,113.93957385107038,103.8737436236058,111.21340942382812,914456
2020-05-29,111.21341739053976,111.37652393097572,108.44065597842624,109.51248168945312,148680
2020-06-01,111.0736043210457,113.19394638456684,110.46778925543002,111.0270004272461,158188
2020-06-02,111.37652211690936,112.3085432224902,109.04646935295727,109.62898254394533,102704
2020-06-03,110.6308912142656,119.76469997073283,110.02508324543088,114.87158966064452,1142622
2020-06-04,114.87159727083102,116.269628880618,109.53577804896196,111.56291961669922,199456
2020-06-05,111.56291812973416,115.9900181683864,110.32799306851793,113.28716278076172,226572
2020-06-08,114.1492661280898,120.69671482144274,113.75316148489752,114.7550811767578,654680
2020-06-09,113.56676199511249,114.84829092165116,110.95710735661471,112.5648422241211,137968
2020-06-10,112.75124817588,116.4094337411768,111.88913294757732,113.17066192626952,116464
2020-06-11,111.84252415476568,114.12597284528964,110.07168276683063,110.58429718017578,86464
2020-06-12,104.38636381590304,111.32991820756892,104.38636381590304,109.8153839111328,156218
2020-06-15,108.11443548687431,113.10074639105744,107.95132896834608,109.97847747802734,118872
2020-06-16,111.35321680541,125.82284545487153,109.18627064465647,122.51416778564452,1205816
2020-06-17,125.35682854554562,128.03638900702103,122.5607654553104,124.86752319335938,1635480
2020-06-18,123.70248874825188,129.31790939556276,121.16272592016692,126.2888412475586,696956
2020-06-19,126.98786427176992,127.68688003840352,123.49278543860194,124.3083038330078,172030
2020-06-22,125.03058799131436,128.61887385634503,123.49275931859216,124.9140853881836,273884
2020-06-23,126.19562530517578,128.15287490136444,124.9607004458829,126.19562530517578,147134
2020-06-24,126.941285143511,126.941285143511,121.25596433188498,121.74526977539062,162124
2020-06-25,121.86174939113556,145.34867644860455,119.7647020784774,138.6614227294922,2046110
2020-06-26,139.08085228355816,140.6419762258085,130.71595734590144,135.53916931152344,831760
2020-06-29,137.9391301758634,145.34869547276404,136.77410373856725,140.89830017089844,2026430
2020-06-30,162.6376697628997,166.36575388353924,151.68642265852108,155.29800415039062,11985318
2020-07-01,153.3174646075658,154.15627787426044,144.92927505456828,148.33114624023438,1958628
2020-07-02,148.6340527144015,157.9309535345738,147.95833180965823,155.95040893554688,1737626
2020-07-03,163.10368427000205,177.5500105910594,159.88821448155312,174.427734375,17527740
2020-07-06,179.04123667596158,208.05038979663564,174.42772142895836,199.84860229492188,25117734
2020-07-07,199.77873377819137,212.03480588001295,193.20798200442007,195.70114135742188,18124298
2020-07-08,194.79238487438928,202.1087552580367,182.6761121310062,185.37896728515625,6173882
2020-07-09,184.5401841162159,188.73427920976627,176.3849992120902,178.69175720214844,4722398
2020-07-10,178.48204233991507,193.32448134224987,176.19859346759745,189.13038635253903,10714190
2020-07-13,190.50510124625868,193.39437225530452,184.307166811983,185.6352996826172,2853784
2020-07-14,188.73427561393456,190.9245309207758,180.39268948665847,181.0917053222656,2709014
2020-07-15,182.21012063782555,183.53825351746775,173.4258191387326,175.1267547607422,1530792
2020-07-16,174.70734627983575,175.68597124513244,165.20073423448127,167.5074920654297,1621364
2020-07-17,169.04532716831486,184.23727395662044,168.74242315483832,182.4431304931641,4796908
2020-07-20,185.4721915496217,188.0352494730461,178.94804410817773,180.9285888671875,2812770
2020-07-21,181.7440944477822,184.0741469407025,179.41404195486194,180.1363525390625,1196036
2020-07-22,180.78877589690023,184.9129573701702,173.5889081133912,175.91896057128906,1537892
2020-07-23,176.10536194358056,185.93818616132648,175.91896059122993,183.5848388671875,3583944
2020-07-24,181.65089054969647,182.6295154619836,175.73256562383918,176.87428283691406,1287582
2020-07-27,177.82964087195256,178.34225535627223,172.42391527838151,173.3326416015625,656312
2020-07-28,175.4296606430844,182.02370645758364,174.8238384524781,180.57907104492188,1413694
2020-07-29,183.5382630056301,188.6876740360361,182.30333785849572,187.10324096679688,2944024
2020-07-30,187.3362229777441,187.66243601979272,177.92280508976012,178.78492736816406,1011164
2020-07-31,179.88005596805587,182.23340334328185,175.5927536087098,179.34414672851562,819824
2020-08-03,179.3208568115204,184.98289646153933,177.36362100321097,183.63145446777344,962548
2020-08-04,188.7342545023932,197.58845409633264,188.6876506075964,196.28363037109372,5825726
2020-08-05,197.77487058039532,199.8253141146711,191.60023091763085,194.3031005859375,2423412
2020-08-06,194.65259429746683,196.7962312506397,191.92642998952584,195.4215087890625,1198982
2020-08-07,196.19041971436215,200.1049050543844,194.32637772182667,195.46810913085935,1792544
2020-08-10,212.96679203441352,216.6948759212304,201.64274291681184,203.85629272460935,6510150
2020-08-11,204.76500868547788,206.8154520194437,197.35544465831117,198.12435913085935,1545320
2020-08-12,198.4272688178864,203.66988703817304,193.5108636421336,199.75540161132807,2513712
2020-08-13,198.7534619674885,216.60165696670325,198.7534619674885,214.2017059326172,8468454
2020-08-14,216.6949127199936,224.4772948439193,206.44268029023047,212.10470581054688,7785652
2020-08-17,213.735722089132,214.1085390379268,205.04462873805988,207.07177734375,1802674
2020-08-18,207.7940897455489,210.40375152347596,205.51064102293,207.1416778564453,1394268
2020-08-19,208.74940378850133,211.47555376609603,206.9086566722941,207.8173828125,1143490
2020-08-20,205.9766444183753,205.9766444183753,201.8291537438462,202.5980682373047,859404
2020-08-21,202.94760051315023,209.4251445049733,202.94760051315023,203.80972290039065,1604084
2020-08-24,205.6504324648591,207.09506789079705,203.1805824493775,203.53009033203125,610510
2020-08-25,205.04461896465145,205.6504269229877,197.82145625112392,199.05638122558597,732008
2020-08-26,199.89520976456825,204.4854018146772,197.56515726339137,200.1748046875,1311916
2020-08-27,199.3826039331348,199.9185131871195,191.06431330237527,192.41574096679688,1764450
2020-08-28,198.05447209834296,203.53009573870887,196.5166430624197,197.9845733642578,3295650
2020-08-31,198.98648687805792,200.3612235650006,179.41404554578992,184.5401611328125,1754384
2020-09-01,177.03737742815665,181.25478077934645,172.91318186100298,178.9247283935547,1398286
2020-09-02,179.64704518477222,184.0275409779196,179.41403993809936,182.72271728515625,660912
2020-09-03,184.5401695750584,190.36530119043272,184.23726557536148,186.9867248535156,896256
2020-09-04,183.724645917554,186.0779933345512,180.34606967683808,181.9538116455078,625218
2020-09-07,182.55961637869515,184.07415052861413,177.78300867510453,179.15774536132812,578190
2020-09-08,157.88435754691477,159.23579942407451,153.85336941722892,154.24948120117188,9760506
2020-09-09,149.0534635555832,150.94080042092767,145.86128873731712,146.2574005126953,5975774
2020-09-10,146.7467122508666,152.0825384788165,146.60691478123556,147.2127227783203,4787000
2020-09-11,148.89040165025287,150.19522577266576,144.71960067285207,146.9331512451172,1584972
2020-09-14,149.14666542864256,150.52140218987972,145.18557589732993,146.72341918945312,2146440
2020-09-15,147.93505275851572,148.65736341251042,144.46326851999447,145.06907653808594,1535858
2020-09-16,145.62827648239875,147.81853144929858,143.344827951457,147.09620666503906,1323848
2020-09-17,146.32729747273456,147.14281585036923,145.0690634300649,146.3739013671875,651462
2020-09-18,147.78339214899302,150.32045766025536,147.125640265224,149.6392059326172,1116206
2020-09-21,150.06203591048254,151.21311238768433,140.94743780031197,142.05152893066406,1169718
2020-09-22,141.08838131207006,141.55820611076214,131.73887068568038,135.2860565185547,1510090
2020-09-23,136.34315086397842,140.26617613322557,135.00414743258753,138.31640625,948106
2020-09-24,137.5177094829054,143.13210661908963,132.98388919410627,137.40025329589844,2026594
2020-09-25,139.74938782068176,142.004541050083,137.65866179544852,140.1487274169922,839860
2020-09-28,141.76964634961675,143.03817916065393,139.6319490495198,140.12525939941406,623836
2020-09-29,141.9810375251655,146.2799308881538,140.47759267111226,142.49783325195312,1596230
2020-09-30,142.26293798411788,148.934455611007,139.2325767487246,147.87734985351562,1428544
2020-10-01,148.46462967322816,153.1393919439908,148.01829039948785,152.12925720214844,1695134
2020-10-05,152.69303661638378,156.45163444078707,149.1693511560057,155.23008728027344,1056556
2020-10-06,156.21673947136657,156.6395789061122,153.632703179359,155.01869201660156,755350
2020-10-07,154.10252217895115,154.47837625397815,148.9344497888034,149.4982452392578,670936
2020-10-08,149.96805582306914,150.95467626121214,146.115487397676,146.7732391357422,544576
2020-10-09,146.91420239449295,148.13573525199817,141.88707192554193,143.0146484375,482824
2020-10-12,143.1086119344536,144.471100748729,140.00776592884958,141.5581817626953,380850
2020-10-13,140.94742131261518,142.94417644787725,138.24592907079003,141.67564392089844,731816
2020-10-14,143.2965404121637,143.50796727252705,138.59829318553534,139.4204864501953,814880
2020-10-15,139.51448184027603,140.66554401192502,135.77936889838955,136.41363525390625,487994
2020-10-16,136.41362302909437,139.16210076474965,135.52095884550832,138.69227600097656,289562
2020-10-19,139.53795301934397,141.652164428728,138.1284787464213,140.6420440673828,261244
2020-10-20,140.82998351532655,140.82998351532655,137.8935785212622,138.3634033203125,197366
2020-10-21,139.06813880382552,139.06813880382552,136.7190148375447,137.61167907714844,292008
2020-10-22,138.12848657973333,140.9004499394308,136.55457068479632,140.1487274169922,606790
2020-10-23,140.9004725207376,144.1892465378041,139.93733729376342,142.568359375,846248
2020-10-26,143.6723906565289,143.6723906565289,141.39375228218998,142.9441680908203,256166
2020-10-27,142.82674107297407,142.85022657811604,139.2325841734247,141.22933959960938,230612
2020-10-28,141.3937623040233,141.67564567981765,137.68213535971367,138.57481384277344,168388
2020-10-29,137.7291253467977,138.1049937570558,135.4269868933828,137.16534423828125,173324
2020-10-30,137.32974329413094,137.84655329114256,135.3095029778893,135.96725463867188,240402
2020-11-02,137.65867284115396,137.65867284115396,134.36989908726974,134.8162384033203,165896
2020-11-03,136.62504419978666,137.18883968709133,134.36989092639766,134.72225952148438,339122
2020-11-04,134.86320122435313,136.95392729036686,134.36989092639766,134.72225952148438,128462
2020-11-05,135.33302387033183,141.76962917361195,134.13497640121363,139.37351989746094,1124110
2020-11-06,139.37351016256855,142.5683270869248,139.37351016256855,141.8166046142578,402842
2020-11-09,145.0818974561133,145.0818974561133,142.9442002783251,143.6959228515625,418666
2020-11-10,144.23622234764716,144.65906182570853,139.53797406270752,140.759521484375,345920
2020-11-11,141.60518549668606,142.8267327894418,140.75950662980907,141.13536071777344,189382
2020-11-12,143.29657193308518,149.8741194972268,141.18236021603963,148.0887908935547,1880350
2020-11-13,147.5249695421736,147.5249695421736,143.29654684828964,143.97779846191406,460068
2020-11-14,145.17582726655905,145.88056429212483,143.6958823804531,145.36375427246094,126086
2020-11-17,144.37716656903206,147.54848421645588,143.2026044773936,144.18923950195312,311030
2020-11-18,143.29656889035056,146.20948848492716,142.96768578396058,143.6959228515625,236048
2020-11-19,142.8267409395375,147.99481380248127,142.8267409395375,144.11875915527344,764178
2020-11-20,146.06854504337895,147.52500496636267,144.04830389524832,144.49462890625,239248
2020-11-23,147.99480736291125,147.99480736291125,144.3301797729002,144.9644317626953,396070
2020-11-24,144.94094616331373,147.59545333081255,144.94094616331373,146.51486206054688,594426
2020-11-25,146.96117247640237,153.86760186792966,144.11873854347306,151.33055114746094,2682274
2020-11-26,153.16289990065445,154.99521393372316,150.55537773873934,152.43467712402344,1215320
2020-11-27,153.37429742378674,155.81737755371068,150.6258197319478,153.96157836914062,1202394
2020-12-01,154.66633965956288,154.78379586697812,151.7534199804984,152.88099670410156,418990
2020-12-02,153.16286476013764,154.47836829285083,150.43788701184033,151.33055114746094,316240
2020-12-03,150.43789269764005,155.9818190866382,150.43789269764005,152.41114807128906,753146
2020-12-04,152.9984506972171,154.3374543099551,150.83725364447173,151.56549072265625,293860
2020-12-07,154.50186049642423,162.27745379959688,154.21996279965728,160.8914794921875,3157298
2020-12-08,161.85462820870535,163.96883960765797,158.80076729910715,160.32769775390625,1090264
2020-12-09,166.31795267453705,167.25760212467566,161.0559100185956,161.80763244628906,2276894
2020-12-10,161.83116864177697,162.70033310808876,157.0624351406644,159.99884033203125,409904
2020-12-11,163.89839236700325,163.89839236700325,159.0357025814926,159.64646911621094,397578
2020-12-14,159.71697487404748,161.0089933036163,157.5322776955334,159.01223754882812,319770
2020-12-15,160.4451734954425,161.43180846943974,158.80078665141895,159.69345092773438,330444
2020-12-16,160.44516324577444,160.7035611410191,158.94171820640224,160.2102508544922,430976
2020-12-17,160.86801672843777,160.86801672843777,157.95511142495084,158.4954071044922,224028
2020-12-18,163.26410875683132,163.26410875683132,159.74042295632415,160.63308715820312,793244
2020-12-21,160.58610893113635,160.58610893113635,146.1155110041545,148.79351806640625,498982
2020-12-22,148.74651589331685,149.6626655356737,139.58493344226878,148.22970581054688,589218
2020-12-23,149.0519226760805,152.7400503443168,148.25321475478555,151.4010467529297,266486
2020-12-24,152.43464285837914,155.98181391557097,152.43464285837914,154.5958251953125,385220
2020-12-28,155.0891391612984,156.4281424482601,154.10250440575228,154.7367706298828,169344
2020-12-29,155.60597765658474,158.70680982961446,153.39779538750977,154.76028442382812,488560
2020-12-30,154.99518066388467,158.33093922432403,153.16286702412353,155.1596221923828,370528
2020-12-31,162.08954373733312,162.79428088401716,156.9214713283167,159.9048614501953,1962542
2021-01-01,161.8546483109998,163.94537446701926,160.4686593754927,163.5460205078125,1534482
2021-01-04,165.80116393713945,165.80116393713945,163.5225108598572,164.4386749267578,1015580
2021-01-05,159.74045773980822,167.06972866839465,158.40145397646458,162.11306762695312,1251864
2021-01-06,166.38843282584537,169.41880820726976,164.46214847769497,166.90524291992188,2580112
2021-01-07,168.4321915083761,169.13692871134,163.87488519404337,164.3682098388672,662256
2021-01-08,165.35483848293853,165.70720707097894,161.97209430258457,162.324462890625,673408
2021-01-11,163.12314986862015,164.43865336033778,161.24385097307345,162.5828399658203,382462
2021-01-12,163.02920507358974,164.4621649737968,160.91499348041637,161.10292053222656,546200
2021-01-13,161.17335477054587,162.88822636577206,157.39127173710258,158.47186279296875,614468
2021-01-14,163.07619347171016,166.78780658157626,162.2070147106738,163.5695037841797,3110366
2021-01-15,171.01622884737586,171.90889310839177,158.44841532631185,162.23049926757812,3822252
2021-01-18,162.23048462439428,162.77079457116182,155.51199626126356,156.0522918701172,918336
2021-01-19,156.85101454046682,160.98546710310328,156.85101454046682,160.30422973632812,603572
2021-01-20,159.74043308500873,160.86800974508458,157.86113387224393,158.7772979736328,276740
2021-01-21,160.02232634363136,160.6565926777224,158.11952734135815,158.8242645263672,543766
2021-01-22,157.46176016980482,159.4585153328927,156.45163983723717,157.48526000976562,342876
2021-01-25,160.2102526972767,160.82101918646995,153.51524946872482,156.52212524414062,334314
2021-01-27,157.27382676188464,159.74040656920323,156.35766281257264,158.14300537109375,455228
2021-01-28,155.98182197315697,157.2503545737669,152.19973835023848,154.5018768310547,285882
2021-01-29,155.18314079862662,157.60275022430048,155.04219908008403,155.51202392578125,199698
2021-02-01,156.3577021278884,159.66997587617468,155.27711072337635,156.09930419921875,561288
2021-02-02,157.39129817735062,158.7537871447359,155.27708670929667,156.59259033203125,354368
2021-02-03,157.4617869809024,158.2839804233456,155.77041474600745,156.94497680664062,388572
2021-02-04,157.3913157183047,159.27061501046356,156.24023916669108,158.30747985839844,415946
2021-02-05,158.33095625871132,159.66995979495107,157.39130666667148,158.61285400390625,389262
2021-02-08,159.4585285342815,161.85463779594073,159.24711598461172,160.39817810058594,910848
2021-02-09,160.6800764516619,164.86151417010177,159.74042688176914,161.361328125,1620186
2021-02-10,161.94860562186722,162.74729913634349,158.7537885502194,159.85787963867188,497124
2021-02-11,159.27059205442995,160.8445078523441,158.8242528017078,160.32769775390625,268662
2021-02-12,161.1263932749113,178.5333933958407,160.3276855166596,166.08303833007812,11272868
2021-02-15,167.30459845903806,170.31147402949327,160.37468330887248,162.06605529785156,1067446
2021-02-16,162.55937630705213,163.96885066809594,159.74042758496452,160.7740478515625,563522
2021-02-17,160.68009457795517,162.81779185544863,160.35121145622563,162.08956909179688,507806
2021-02-18,163.14665798455798,164.3916908078579,160.96197558323323,163.07618713378906,379664
2021-02-19,164.06279870391506,164.06279870391506,158.44838753926385,159.5054931640625,331304
2021-02-22,159.7169233190517,168.6670787251515,158.33093462500295,164.4856414794922,2485540
2021-02-23,165.33134584503117,166.78780560664404,161.0089662461433,162.23049926757812,681836
2021-02-24,162.98220689509023,165.37831604629832,161.619717954337,164.15676879882812,187546
2021-02-25,164.69707868010423,169.1369287961697,164.2037683729481,167.445556640625,985324
2021-02-26,166.74080183210705,167.23412642509098,163.85138247116598,164.57960510253906,604268
2021-03-01,166.6938297142578,173.83517225559967,166.1065487269078,172.51966857910156,2598572
2021-03-02,174.77482908803964,180.8825516099335,173.88216481780745,180.3187561035156,3731948
2021-03-03,180.8825343965319,183.72496848759752,176.23127209391816,178.22802734375,1263362
2021-03-04,176.09028240492057,178.39243478209698,174.65732288174124,176.9124755859375,717610
2021-03-05,177.593746516511,177.9931004013926,169.25435762585474,169.912109375,641930
2021-03-08,171.3450965145093,173.62373514091468,169.86513704320492,171.4860382080078,347864
2021-03-09,173.1304395447819,174.28151604489966,171.41558188498783,172.07333374023438,389506
2021-03-10,172.80153870089487,173.64723186042636,167.28109784411478,169.20738220214844,717790
2021-03-12,170.12356586428297,172.63713145496004,169.4892995058257,170.31149291992188,689370
2021-03-15,171.15718501029545,172.94252802104077,167.72746938273386,168.99600219726562,397228
2021-03-16,169.11342807937143,170.94574177559588,167.77442464592957,169.18389892578125,518798
2021-03-17,170.5464339154504,172.4257334627281,164.4387103867979,164.9555206298828,832512
2021-03-18,167.87717022812157,169.07458228395697,161.7224693377584,163.80596923828125,519746
2021-03-19,162.8480357018147,167.11081959534593,158.10628699739576,165.55418395996094,1226316
2021-03-22,173.86422258355245,175.78008178557508,167.75742137710537,171.6370391845703,3391678
2021-03-23,170.8228046748228,170.99044528965257,168.2842969080176,169.72119140625,380014
2021-03-24,167.63771095402493,169.7212111421089,163.9975748785107,164.97946166992188,277706
2021-03-25,165.00339056474323,165.19497358107162,158.53736509994198,159.6150360107422,295504
2021-03-26,160.4053098509797,167.15871650715962,160.09398565191432,163.6143798828125,425212
2021-03-30,165.00339693421935,165.24287936808614,160.2376906535311,161.14773559570312,395610
2021-03-31,160.6927067895213,161.57879468326516,159.0163298185427,159.27975463867188,201034
2021-04-01,159.4953135494791,162.53674362311676,159.4953135494791,161.86619567871094,175404
2021-04-05,161.65064546341495,165.1949826183543,159.0642380593699,162.4169921875,256382
2021-04-06,162.75223597830802,163.63832379684004,159.87844712913122,161.24349975585938,183628
2021-04-07,160.50113736428565,165.72185173547274,160.50113736428565,163.9736328125,209124
2021-04-08,164.71599811568274,166.17684958183327,162.91988004677768,163.8299102783203,157140
2021-04-09,163.75806829560565,165.33866096458033,162.75223925477556,164.8357391357422,209538
2021-04-12,161.89010582382514,162.84803544408447,155.9030456972044,159.90240478515625,516656
2021-04-13,158.17812720871757,162.84803406802112,157.10045639503213,161.2674560546875,247500
2021-04-15,159.49527779682862,160.86033039503545,157.2201950054324,158.99237060546875,169278
2021-04-16,159.0163318771739,162.0098622212472,159.0163318771739,160.9082489013672,158690
2021-04-19,155.71146558072832,158.01049086519657,153.79560630472267,156.16647338867188,185972
2021-04-20,157.10043199728608,158.96839152754364,157.00463320420883,158.1302032470703,147510
2021-04-22,158.53734952345624,158.94447252868324,155.80724430425963,156.2862091064453,133086
2021-04-23,155.5917281384877,158.1302358938427,154.3224742608102,155.42408752441406,300796
2021-04-26,156.98074929518367,156.98074929518367,155.4480557360273,155.8551788330078,119622
2021-04-27,156.14251111311026,158.10626954434343,156.02276992360635,157.6033477783203,111380
2021-04-28,158.5373612896887,166.2007986934199,158.08233884710344,164.6920623779297,1298926
2021-04-29,166.0091918824501,168.54769931177432,162.8480214832302,163.5425262451172,390364
2021-04-30,161.14771143858945,162.6085482194486,160.76453083173524,161.33929443359375,128148
2021-05-03,161.29140260800446,161.29140260800446,156.14253080982763,157.17230224609375,309518
2021-05-04,157.7230963040958,160.93216617880404,157.7230963040958,159.44737243652344,271944
2021-05-05,159.49525790837566,162.51272991395874,159.25577553914383,160.4292449951172,140280
2021-05-06,161.12374770488054,161.8900942697632,159.13604680807344,160.47714233398438,112040
2021-05-07,160.93216400588787,162.80012370044437,159.49526968440674,160.5010986328125,177998
2021-05-10,161.8901027832772,164.52440918951393,160.45320837987532,161.96194458007812,317458
2021-05-11,160.76454151710843,173.57685065991427,160.2616342946902,171.7567901611328,2217510
2021-05-12,173.0978927339147,174.19952065181425,165.96131943898436,166.9431915283203,603336
2021-05-14,167.47007874807633,168.4759079877912,163.18335155090583,164.78787231445312,254926
2021-05-17,165.14705119047508,167.35029211376053,164.2849204285502,165.43443298339844,189688
2021-05-18,167.39817839605675,167.39817839605675,163.51856103775788,164.71597290039062,159598
2021-05-19,165.17103087004838,169.64935512530545,164.85970664200318,166.60792541503906,262098
2021-05-20,166.60792042001276,168.54772215085467,165.21892532486763,167.70953369140625,216458
2021-05-21,167.63766903920936,174.82214056946117,167.18264666222217,172.21177673339844,1267708
2021-05-24,173.48106524616523,173.69659064703953,170.5593768939265,172.1160125732422,338306
2021-05-25,171.51728882473913,174.1515950868378,171.51728882473913,172.49916076660156,452894
2021-05-26,172.9063096432609,180.09078234311937,172.42734479660365,178.9173126220703,2032766
2021-05-27,179.15678838960736,179.6118108237662,175.89983340007504,176.73802185058594,379632
2021-05-28,177.48040649365157,178.96520034470993,170.53541667058948,171.18202209472656,339724
2021-05-31,170.2720044850798,174.34320571749382,170.0325220596437,173.24159240722656,217132
2021-06-01,178.1749296322206,180.85713579736552,174.8221755800014,176.7859344482422,1272580
2021-06-02,177.21698997284295,177.4564723917252,175.06164820290297,176.33090209960938,167168
2021-06-03,177.0254062452267,177.21698925618836,175.3011299128782,176.3548583984375,217678
2021-06-04,176.66618752596492,178.65388872649618,174.19952147630096,174.91796875,306238
2021-06-07,179.22864133854603,179.46812374834272,175.68428998007872,176.8098602294922,651348
2021-06-08,177.8875448760794,177.8875448760794,174.4150496645931,174.8461151123047,531690
2021-06-09,175.73217117716752,178.6059597969637,174.24737746690388,175.20530700683594,690756
2021-06-10,175.3729645628258,177.4564644370757,173.72054471671785,174.51083374023438,266108
2021-06-11,174.82215846762773,176.9296007422244,172.57101797760745,172.83445739746094,330404
2021-06-14,173.86422435244228,174.82215396319953,170.9904355201705,172.2596893310547,283660
2021-06-15,173.33734912272388,174.3910774743013,171.97229659081285,172.49916076660156,192906
2021-06-16,172.49920709206688,174.31928249568628,171.73286032300865,172.1639404296875,257932
2021-06-17,172.37943344975028,177.45646339605662,172.30759165109683,173.86422729492188,1003186
2021-06-18,175.30110727386065,176.69010219501132,167.68557029107012,170.84674072265625,365398
2021-06-21,170.84675337710812,173.36131862671408,165.36260046218152,168.57167053222656,1906392
2021-06-22,167.637707673662,169.62540899842293,166.2726548449497,167.37428283691406,365934
2021-06-23,167.73348115843282,173.76842602956876,165.4104989224945,170.58331298828125,1317896
2021-06-24,171.82864114508192,171.82864114508192,169.0985356341563,170.55938720703125,568306
2021-06-25,170.99043063293098,171.15807123339118,169.07457146617546,169.6972198486328,286528
2021-06-28,171.03831677823058,173.3852411522261,169.67326430435386,173.0020751953125,276758
2021-06-29,174.0079079473175,174.10370675513158,171.46940032554912,172.2596893310547,371892
2021-06-30,172.4273217869838,173.14576896109625,170.91858564471673,171.44544982910156,190354
2021-07-01,173.84030398856524,176.9775180146157,172.06812813734962,173.12185668945312,1340818
2021-07-02,173.43314061175772,179.13281826969742,173.43314061175772,177.33670043945312,1333038
2021-07-05,178.7736210031729,179.1328446220674,176.2829980654323,176.761962890625,577708
2021-07-06,176.69011323701966,184.688831308964,175.4687588338014,178.94125366210938,3133680
2021-07-07,178.65387019536294,180.4739305865399,177.16907639369455,179.6357421875,426774
2021-07-08,178.46230102359178,180.37816036980996,175.5406125972397,178.34255981445312,411150
2021-07-09,184.40145512956735,191.1069625888244,181.09660080516,182.8208770751953,7191928
2021-07-12,185.4791320442687,185.4791320442687,182.1742776116524,183.6830139160156,798676
2021-07-13,185.3593684017348,185.3593684017348,178.82150212953874,180.16259765625,441760
2021-07-14,181.19237955659477,184.18590958242305,179.851283951762,181.59950256347656,567676
2021-07-15,181.5755594587099,183.68300166526825,180.3781474530693,181.6234588623047,409314
2021-07-16,182.0066573576841,182.34193862587185,178.7736443651463,179.2526092529297,195144
2021-07-19,178.6538877853028,183.49143565942703,178.2707217547541,181.9108428955078,434754
2021-07-20,181.7671520428196,186.31731790423405,176.40274012788709,184.0661773681641,1046478
2021-07-22,185.8383561057497,195.5134516260352,183.94643915948083,194.65130615234372,4086608
2021-07-23,194.93865301942736,195.72894193262377,187.7541817779251,189.0713348388672,696026
2021-07-26,187.03576391611375,195.8726707724613,186.79628150392924,192.7593994140625,1180102
2021-07-27,193.21441308035008,195.0584306334029,190.1729834301001,193.2862548828125,784852
2021-07-28,191.63382818889065,193.932853487552,188.7121398515756,190.7716827392578,552724
2021-07-29,190.62797887532165,194.93866181471336,190.62797887532165,193.8849334716797,726656
2021-07-30,196.35160052192316,204.32636049974192,195.44155582470893,201.1891326904297,2077892
2021-08-02,201.54838298206,205.57169901527504,195.4176393587208,199.27330017089844,1236316
2021-08-03,199.2733151696633,200.8539079064921,196.37558374408087,197.28561401367188,430744
2021-08-04,199.00988876801264,202.02736137912825,197.046130022865,198.3153839111328,662318
2021-08-05,199.24937181622255,199.24937181622255,189.21505265325823,190.9872283935547,376198
2021-08-06,191.08302156700785,195.87266978659096,189.67006949549224,190.7716827392578,462044
2021-08-09,191.7774895578836,193.11859967401315,186.82020130189483,187.5865478515625,214136
2021-08-10,188.6642701222009,190.4603884870673,179.4681528641939,183.491455078125,379876
2021-08-11,183.4435181898767,184.497246595408,175.78008139865472,179.6357421875,284036
2021-08-12,180.11471754114626,185.19174763619907,179.65970972511272,184.0661773681641,207456
2021-08-13,186.10174859684196,190.532172554127,177.79172184070697,184.3774871826172,1566572
2021-08-16,181.9826989775624,183.44353591026567,179.25259351022694,181.2642517089844,284606
2021-08-17,180.7373843659347,181.47977401737,176.06747720000118,177.67201232910156,168220
2021-08-18,184.8804112513716,187.7063006243317,179.61179849550345,186.0059814453125,1452320
2021-08-20,182.05454992458752,187.9218695793229,179.1807607059416,179.7315673828125,441446
2021-08-23,180.09077494130827,181.95873484312804,176.25905632553574,178.07911682128906,144496
2021-08-24,179.65970466415618,181.623463325028,178.77361683484065,180.85711669921875,159446
2021-08-25,181.76715133915675,190.58010120798895,181.76715133915675,184.0901336669922,1255062
2021-08-26,186.53286801537,193.64548439533968,184.9283328330073,187.8500213623047,2452514
2021-08-27,187.7541847944255,189.67004382294004,182.12634889816405,182.9884796142578,1538266
2021-08-30,184.3535635011597,188.7121464569095,183.8985556744809,187.2991943359375,755338
2021-08-31,187.9937003249955,189.83771788849543,186.84418762854327,188.2810821533203,422520
2021-09-01,188.2571263684334,188.5445081986317,184.40146521521768,184.92832946777344,160258
2021-09-02,186.74837509197656,192.2804273760037,185.67070427757665,189.5742645263672,510914
2021-09-03,190.2208809573581,191.53803425125716,188.0655392037052,189.3347930908203,241258
2021-09-06,189.90953082682503,193.0228018239861,189.3347672575343,190.24481201171875,271624
2021-09-07,190.62799294718548,190.72379175520385,186.7004756879674,189.5742645263672,234984
2021-09-08,190.53221083755076,191.58593935071855,188.7121502604578,189.5503387451172,174196
2021-09-09,189.31088049290344,191.58596381318503,187.56266149647797,189.35877990722656,269892
2021-09-13,189.1910747399116,189.1910747399116,184.54511085525715,185.09593200683597,364896
2021-09-14,186.7962685212266,190.00533846820124,186.7962685212266,188.71212768554688,895364
2021-09-15,190.62802597473717,195.15425002615308,190.1490610853534,192.1846618652344,1019844
2021-09-16,193.81312256311324,197.76458255387928,191.56199655060328,193.21441650390625,1080200
2021-09-17,195.25331972723137,197.14829023432213,191.175547693616,192.61476135253903,496248
2021-09-20,190.9356678261269,192.3748814027057,184.84299116243477,185.5865936279297,234078
2021-09-21,185.65854022960983,187.1697114661821,181.34089975915376,182.2044219970703,277534
2021-09-22,183.6916175513218,185.8744335259244,181.72468946270791,183.49972534179688,319334
2021-09-23,184.603108714718,188.94474480372676,184.603108714718,186.92984008789065,406052
2021-09-24,186.92985414422412,188.70489008167095,183.2598624448173,184.5551605224609,456372
2021-09-27,185.82641882795392,187.09772092667652,182.44425893463423,182.6841278076172,310820
2021-09-28,183.739567689475,185.0828276023102,181.34087881624424,182.180419921875,288190
2021-09-29,181.29290932388304,183.40375268822424,180.47736385879708,181.72467041015625,268176
2021-09-30,185.08283241158455,188.2731004082268,183.11591919677423,183.7155914306641,682798
2021-10-01,183.2598424236176,185.17879365318424,180.38141557926755,181.1969757080078,266446
2021-10-04,181.3409149475326,186.0903169347376,180.6932658946324,181.29293823242188,356202
2021-10-05,181.19697348761656,184.8669647411035,180.38141336887023,180.76519775390625,895938
2021-10-06,181.67670038885512,183.69159025005828,179.9256458060443,180.47735595703125,282894
2021-10-07,181.58076049869572,182.2044137935076,176.6154712531409,177.07122802734375,979464
2021-10-08,178.8462634386511,179.6618236344215,177.9827411705484,178.34254455566406,452958
2021-10-11,178.36650072328916,182.25237966884163,178.36650072328916,180.54931640625,791668
2021-10-12,179.56582608302352,184.0993534776031,178.4624351626537,182.90000915527344,817108
2021-10-13,183.73957500001208,185.7544795898679,181.3408860313435,181.72467041015625,391170
2021-10-14,187.0977405518065,188.53695394066656,185.17878936665977,187.55349731445312,938992
2021-10-18,189.49643594717395,198.82734225694975,188.6089180659164,198.20367431640625,2000002
2021-10-19,200.0026954237144,218.28070940290175,200.0026954237144,205.6875915527344,6814746
2021-10-20,206.2872829871207,208.47008442766972,198.6354581457256,202.66526794433597,1390994
2021-10-21,201.4898755651095,215.858028500272,200.5303999671804,213.0515594482422,1414148
2021-10-22,214.9225479368047,215.37830473168464,204.24838121449687,206.55111694335935,1047646
2021-10-25,206.6230915920428,208.68595842837848,198.13172604809267,205.83151245117188,709390
2021-10-26,204.1284344424844,208.6859435545963,200.6263543493517,201.82569885253903,343164
2021-10-27,202.42538996647076,207.22276842624785,200.53041961868388,203.48080444335935,486452
2021-10-28,200.53041264305733,203.3368818724889,198.13172349660928,199.9307403564453,272144
2021-10-29,198.46752602773188,199.09117928739784,191.96707030529183,194.5096893310547,425540
2021-11-01,194.5097024122642,200.5543871522688,192.75864767998743,198.9952392578125,325406
2021-11-02,199.067221879152,203.7206701268765,196.4526448039744,198.7313995361328,225344
2021-11-03,199.3790644054337,211.0846656641777,198.73141534405823,203.28892517089844,883076
2021-11-04,206.28726767277143,209.14171362813917,203.88857851378572,205.39974975585935,166628
2021-11-08,206.2872600005928,206.57510561705297,202.92909530290876,205.97543334960935,243616
2021-11-09,206.2872588864795,209.26163917311015,204.8480454523878,206.33523559570312,409772
2021-11-10,205.56765260164707,206.28725932020592,201.1300778372008,202.20948791503903,175824
2021-11-11,202.40138555730493,216.3617592010237,201.65779778429643,210.2451019287109,2564112
2021-11-12,211.08462225620005,213.6272266226575,202.28143110447377,203.91253662109372,627340
2021-11-15,203.88860260263772,204.84807837959136,196.69253427548583,201.7297821044922,364416
2021-11-16,201.72973871872736,203.408820967278,199.1151619326672,199.97869873046875,225974
2021-11-17,201.25001660467944,211.5643797918084,199.11517743768047,204.77609252929688,958538
2021-11-18,206.26326115327,206.26326115327,197.07627109706957,197.65196228027344,320904
2021-11-22,198.56346975997303,199.97870210667588,183.73957487201508,186.7619171142578,457288
2021-11-23,186.6180003593124,191.79916263650728,185.9223747074544,189.30453491210935,333444
2021-11-24,193.31033311820917,195.852937348867,191.24745199934927,194.34176635742188,211132
2021-11-25,195.2053006946928,195.87693066184264,193.7421063148151,194.38975524902344,119584
2021-11-26,194.1738784150425,194.77355067697903,184.74703338548773,185.8744201660156,213764
2021-11-29,185.01089690212387,208.66198143286465,177.50300255977749,197.8918609619141,3018802
2021-11-30,195.7330169627511,201.75372032932825,195.0613869894954,198.82733154296875,606238
2021-12-01,198.7074341574555,200.77030116872476,196.6925292214508,197.69998168945312,184030
2021-12-02,198.13170868993691,206.2872511783847,195.7330197227464,202.9051055908203,623474
2021-12-03,204.84803732288347,210.60489083078653,196.9323637495168,199.01922607421875,980446
2021-12-06,199.4989782193775,200.6983227864768,193.5981941649872,195.37322998046875,258448
2021-12-07,196.35669472436936,199.0192485568164,192.44683420332063,193.76611328125,179912
2021-12-08,195.9489392437737,197.3881528566096,192.90260083518365,193.6222076416016,160964
2021-12-09,192.51877360693035,196.9083861966461,192.06303148042693,192.90257263183597,265806
2021-12-10,193.23839716123365,195.8769552957812,192.2309594040288,193.3343505859375,198094
2021-12-13,193.45429274789,196.09285098747685,192.1350136280966,192.7586669921875,153136
2021-12-14,192.2309643379165,194.0779433671555,190.26403620450048,191.77520751953125,111562
2021-12-15,192.0390365212369,193.64616108800595,187.361592945969,188.65689086914065,234492
2021-12-16,189.49645198525897,193.5742237368405,189.06469084553197,192.92657470703125,367790
2021-12-17,192.9505753670064,193.76612095412216,188.39306564459736,189.54443359375,563732
2021-12-20,188.10519568073155,188.8487834199833,181.5088008825962,184.53114318847656,395004
2021-12-21,185.4666423486678,190.38395495617152,182.7801076545297,184.00343322753903,167620
2021-12-22,184.60309822202183,186.95382513702933,183.45173043860257,184.4591827392578,134896
2021-12-23,185.1787777569259,188.5369421203935,184.2432832566432,185.2027587890625,254280
2021-12-24,185.8983909785381,186.52204424048557,182.68414197512217,183.0439453125,128040
2021-12-27,183.0439627670162,184.6510874219747,180.9571149235776,183.47573852539065,80130
2021-12-28,184.21933253451925,187.0497828927695,183.3318145929192,184.29129028320312,135056
2021-12-29,184.93890911919823,193.0944511555831,184.29126020586892,191.39138793945312,497496
2021-12-30,192.7106874436508,194.029966443814,187.6974213868561,188.5609436035156,284782
2021-12-31,188.9927091954578,191.41537919120228,185.65852568169245,186.88185119628903,147908
2022-01-03,186.13827935592903,189.71233207087096,186.1142983204342,187.7933807373047,232362
2022-01-04,188.24909451066725,192.32686547965147,187.9612489259461,189.0166778564453,208698
2022-01-05,189.01670978489813,190.93566115327272,185.6825259261724,186.71397399902344,209974
2022-01-06,185.6585461122356,189.80827554557152,185.010897093059,188.1771697998047,157354
2022-01-07,188.9687267947201,194.4857117955129,188.9687267947201,190.5758514404297,334810
2022-01-10,192.7346651749762,195.5891110007614,191.0316018055846,191.70323181152344,352036
2022-01-11,193.23840817158344,203.1450068990113,192.11103588948183,196.4766387939453,1204688
2022-01-12,197.65197398676912,200.4344473760396,196.23674161782543,199.7628173828125,329814
2022-01-13,200.05066073388272,200.05066073388272,196.21275836968357,197.62799072265625,137556
2022-01-14,197.6279749655527,213.4113442518087,197.02830276895912,210.0052032470703,1137542
2022-01-17,213.0036163433122,219.24020871372448,210.1251890954296,212.0921173095703,1724462
2022-01-18,213.17148930161463,213.5072969693877,201.75372114818504,204.5362091064453,392942
2022-01-19,202.9770659794357,212.16404191552564,201.5618336141584,208.92581176757807,461468
2022-01-20,209.1656766018155,227.10786703360893,208.9977654470985,221.2310791015625,4281360
2022-01-21,220.1996734333352,223.6777728503105,215.7860793514812,220.2476501464844,954482
2022-01-24,218.2806975413249,226.43624008682497,211.56436838620724,214.32286071777344,1715464
2022-01-25,211.08463084682785,229.57851707962,209.6454174546904,223.24598693847656,2043858
2022-01-27,220.10368614933844,239.38915063372,218.3526461920285,234.3758850097656,3483852
2022-01-28,237.47021486846023,238.90942829190544,228.47513097192763,233.4644012451172,1440158
2022-01-31,238.0699009533265,245.50583740627675,236.60670641069493,238.8614654541016,1612970
2022-02-01,241.73988648611487,245.48185029603815,234.5198380940582,235.86309814453125,1645196
2022-02-02,237.42223703274712,239.8449217349764,232.69681672010907,233.8242034912109,562608
2022-02-03,247.9764936188145,257.28338986144445,238.90943700797,241.45204162597656,6927930
2022-02-04,242.31557705451735,242.41151583474823,234.75970635071363,237.01446533203125,1364876
2022-02-07,237.94995976223865,240.80440565991591,229.07481005336484,235.19146728515625,815256
2022-02-08,236.366823427506,237.47021452772304,223.62977586403017,226.72409057617188,451044
2022-02-09,227.58761979116167,231.20964913092592,226.1963830356785,227.29977416992188,579316
2022-02-10,228.45115594242347,228.45115594242347,221.15913521579324,222.6223297119141,478950
2022-02-11,220.6793969594192,221.9746949281817,215.9299954746842,216.9134521484375,315724
2022-02-14,212.04411698326297,229.79441636873972,209.16569005588835,222.5023956298828,4586952
2022-02-15,224.4213553887906,228.30723481556169,218.80843145273192,223.74972534179688,1456276
2022-02-16,225.6206952734587,229.3386634506959,219.24018799966495,221.3030548095703,737870
2022-02-17,223.2699771998516,230.32212896896272,220.72737262483128,228.01937866210935,1185126
2022-02-18,228.01938612096276,232.1931111233632,225.7166503792198,226.77207946777344,711906
2022-02-21,224.51727910936737,226.43623021286623,218.32866472867053,220.53546142578125,661626
2022-02-22,208.68594784996316,219.5760020192276,208.68594784996316,213.1954803466797,652488
2022-02-23,216.31708326409424,217.95104842582916,212.17120906399325,213.09793090820312,458870
2022-02-24,205.92801276520143,210.24458745193783,198.2703334172483,200.4408264160156,787268
2022-02-25,205.0500538640752,213.04914920343583,204.87933842301763,210.63479614257807,715480
2022-02-28,205.3427067890257,221.2921343867121,200.075013851504,218.58511352539065,1356714
2022-03-02,223.85283506239017,233.63221514964405,221.7311199018916,226.16964721679688,2414644
2022-03-03,228.5596283691732,231.68122505609747,224.8527257912862,225.41363525390625,495278
2022-03-04,224.34058890251796,229.24246980283385,221.9262207665732,222.75540161132807,522124
2022-03-07,219.38989985021385,222.43833673611024,213.9514914227638,216.707275390625,1473464
2022-03-08,218.7558299385379,227.7548215388172,218.5119549887736,219.6337738037109,1061790
2022-03-09,223.77963597487067,230.46181519481468,222.07251141787205,224.85269165039065,1559926
2022-03-10,231.68120001615105,234.5833178440158,226.48666661383064,231.8762969970703,836262
2022-03-11,233.14445573876085,241.4362041646164,230.9251996140544,240.2412109375,1403840
2022-03-14,243.8261816799592,251.19120843834452,243.46036924048585,244.8016815185547,1896178
2022-03-15,246.7526534715944,260.4096645624301,242.16780772231985,254.84930419921875,2445280
2022-03-16,256.5564297587688,279.3587360158456,252.6544308270764,270.7499389648437,8003318
2022-03-17,274.2130014637456,298.50294068299104,273.16432726417383,292.40606689453125,6228026
2022-03-21,293.1133234826048,295.86909269785804,276.0908391863473,279.0661315917969,2866150
2022-03-22,280.26107966610454,286.5530652623753,278.0662051236693,280.6268920898437,1382174
2022-03-23,283.6753253659451,291.67443550514633,277.0419387406741,277.82232666015625,1618308
2022-03-24,278.0174531167349,280.2610908304217,272.164454103751,274.530029296875,1063954
2022-03-25,276.55421060558183,277.1395164761861,270.72559298187355,272.1888427734375,580276
2022-03-28,273.1399985936857,274.55448549436187,265.57987363261043,266.72607421875,527902
2022-03-29,268.2624662456283,280.431833168386,266.31146649111463,274.3105773925781,1400120
2022-03-30,276.7492985748542,277.96867329580454,266.3114390555627,267.7746887207031,560714
2022-03-31,268.6526453752669,272.26200662933195,262.40945246030134,267.9210205078125,1621626
2022-04-01,267.4820700830724,281.9194559176088,265.82370843442345,277.3345947265625,1923766
2022-04-04,280.5537343274631,291.47931367617946,280.45617839839,283.2363586425781,2045306
2022-04-05,285.82146458596327,286.65064543720507,276.0664657946335,277.0907287597656,1148562
2022-04-06,276.9444323878407,287.0164813718094,273.9691694210456,278.38330078125,1376488
2022-04-07,280.8464199034183,306.6484045933428,280.4562258909403,302.8195495605469,9809980
2022-04-08,306.3069825784542,360.6667229406638,305.8192326061955,349.3021545410156,26609330
2022-04-11,350.6921542362494,378.9084721232408,346.79015530177094,371.59222412109375,14668434
2022-04-12,373.1286905466374,382.2252385051759,361.5933929766829,371.372802734375,5788024
2022-04-13,373.3725704101866,377.5184448040293,357.25244122104743,359.32537841796875,2363780
2022-04-18,356.0574285666372,431.17091349713326,351.1799295451764,417.1724853515625,19202262
2022-04-19,423.3425446441032,441.3649099558788,395.1261942016923,403.8081665039063,11205840
2022-04-20,409.7099610091416,423.1718478200556,373.2506519788639,380.64007568359375,6790658
2022-04-21,385.17614752227854,390.9559726126545,370.7875237711517,374.1042175292969,4553770
2022-04-22,375.56741998090286,412.05110625364085,372.44580873804017,389.8097229003906,11304204
2022-04-25,385.3224443907218,389.6146378172981,370.9582030097726,373.8603210449219,2393700
2022-04-26,382.3959121602676,392.0045909070484,374.2261015369456,379.0304260253906,2977324
2022-04-27,378.0061660239702,380.8107279009223,363.934593558002,370.7630920410156,2114684
2022-04-28,374.1041614458503,378.0061605222085,356.1061787981915,361.3739013671875,2000998
2022-04-29,365.3246727232488,383.859168802666,361.9348049863245,364.9344787597656,3718038
2022-05-02,361.9104503750785,362.0567694010358,345.351334191674,348.6436462402344,2269928
2022-05-04,351.61892254478886,358.4718028364028,330.76761386158097,333.93798828125,2317728
2022-05-05,336.5474087086636,355.9354659494888,331.93816650498013,351.9115295410156,4669172
2022-05-06,340.44943387721526,348.5948632491728,335.8158097771672,337.35223388671875,2082568
2022-05-09,335.5719941309817,335.5719941309817,319.2079878711611,321.0614318847656,1512766
2022-05-10,321.4272006756815,332.7917679777627,308.550590743691,311.23321533203125,1530498
2022-05-11,313.72077886602665,318.93970936938206,296.77146782950047,315.6229858398437,3122134
2022-05-12,312.1599278475072,324.3536750290505,304.72174206676584,311.9892272949219,2675350
2022-05-13,317.4764433367076,343.03452196711527,317.4764433367076,324.4268798828125,4659342
2022-05-16,330.45053833627907,340.5469666423765,320.25655410178706,336.0596618652344,2561162
2022-05-17,339.3276207195258,355.4965124874279,338.083864394286,347.4486389160156,3834012
2022-05-18,350.3995243783117,357.3255488322759,339.0349284012649,348.5460510253906,2350874
2022-05-19,338.4984148807425,356.27690386411973,332.035729005858,351.6432800292969,1927566
2022-05-20,363.8614287792439,378.9816758196683,356.5695617525448,371.2264404296875,6158722
2022-05-23,374.055431278764,396.44313508734587,367.0562019577448,376.95751953125,6272836
2022-05-24,378.4939199179415,381.7130573288748,354.1308066187298,356.9841613769531,2171540
2022-05-25,358.9839098387809,368.4950324499986,342.03460159571347,345.0830383300781,2308128
2022-05-26,348.4728977318843,365.71484358773154,333.9623392177928,361.5689697265625,2508514
2022-05-27,370.0314516640916,374.1041511803284,357.9352310433922,361.9591674804688,2883882
2022-05-30,365.2759278809024,369.4461837530271,361.15443509293885,364.1053161621094,1446356
2022-05-31,364.78813173624553,387.2246252676018,356.9597226773286,382.2251892089844,8099920
2022-06-01,394.1019127276051,412.002339717602,392.6386630516363,396.6869812011719,11895384
2022-06-02,396.979673292282,406.05180993052034,396.05293653283184,402.4912414550781,3199870
2022-06-03,406.78341525176256,408.73441484529616,385.56629467208427,388.10260009765625,2783630
2022-06-06,387.71240324972587,387.71240324972587,369.055969775298,384.2737426757813,2011476
2022-06-07,391.1754008118404,402.39364796729217,390.71203247535465,398.6135864257813,4221474
2022-06-08,402.56429668903417,403.7349081494606,387.76110175635296,392.8580932617188,2179474
2022-06-09,390.1511928227783,402.3937045314752,384.3713381139352,398.9062805175781,1609576
2022-06-10,393.63857578064017,405.8079425106286,390.1511816366254,401.5401306152344,2818748
2022-06-13,387.7612389346463,397.0284886701913,380.44498914342654,388.2002258300781,2129376
2022-06-14,383.8591573553581,395.9065854016834,378.9084841422471,381.7374572753906,2262914
2022-06-15,386.1515667089894,397.0283825370462,382.0056929355681,393.9311828613281,1741162
2022-06-16,401.9058888452468,416.2213354780775,380.4936578592494,383.6640319824219,8671348
2022-06-17,397.0284317516117,398.9794314162388,383.3714340992221,394.8335571289063,4424144
2022-06-20,396.979631415483,403.2959684210758,315.86680415430567,349.86297607421875,10248876
2022-06-21,353.4723583990427,364.8369251123337,349.8629972319535,362.5444946289063,3694328
2022-06-22,358.4961730064786,369.61686466412993,352.1554243682688,355.59405517578125,2843282
2022-06-23,357.5206783690739,362.3737958507088,351.7896170173186,357.0329284667969,1527056
2022-06-24,360.4471908192661,362.690828542931,349.22894266115634,355.1063232421875,1182646
2022-06-27,359.4716762453523,361.6665507950186,352.301746762464,354.5941772460937,1275600
2022-06-28,354.4965726382553,355.4720723041668,349.2288803963108,350.5945739746094,851666
2022-06-29,346.30243662977506,346.3756110243438,338.0106881470903,341.546875,1398792
2022-06-30,340.93713101168294,347.1315598037839,330.499272746575,332.2795715332031,1118904
2022-07-01,330.20667018558,331.64553829177,321.9393037299098,325.4267272949219,1386572
2022-07-04,322.4026777703651,333.8648002024431,322.2075659061181,329.9871826171875,1139606
2022-07-05,332.3527886663083,335.5475445082902,324.9633658867801,327.2314147949219,773604
2022-07-06,326.79241440202173,344.1562979458748,324.3780465804468,340.2055358886719,1291006
2022-07-07,342.9857739103249,345.8147176920496,335.5719686489847,338.0838928222656,981190
2022-07-08,339.8885336189401,353.4480057603882,338.9130337394053,348.69244384765625,4437166
2022-07-11,346.2536752246207,351.52136833222835,342.61993241797404,343.9856262207031,1182644
2022-07-12,343.3759104637637,345.8146598278529,338.3277111880549,339.5226745605469,829148
2022-07-13,341.22980546749415,343.1320419148503,334.59641898164506,336.1328430175781,513476
2022-07-14,336.54746556743567,339.9373336745938,332.6698475101798,338.4009094238281,1226008
2022-07-15,339.4739665322142,339.8641605397666,331.1090429489296,337.71807861328125,567670
2022-07-18,342.6199550814836,353.03340450724687,339.1813239205804,347.0097045898437,1984746
2022-07-19,346.9853101652272,356.8378348800927,344.8391985772981,350.6678161621094,1448082
2022-07-20,353.03333967221704,357.9840126165167,346.98525932226187,351.4725341796875,955144
2022-07-21,352.6431934675122,360.34963627810725,341.4249452659178,357.8865051269531,1651536
2022-07-22,358.00843189523187,359.8374940472852,350.49707141617625,351.8871765136719,925400
2022-07-25,350.6921622222956,354.59416124563126,347.03403813791834,350.9604187011719,898610
2022-07-26,350.20446899239926,351.1799689060271,340.4494698561207,341.9127197265625,543166
2022-07-27,346.3024738235263,358.9839728649512,346.3024738235263,356.4964599609375,2612300
2022-07-28,358.4961719100792,384.6883471587122,356.0574224413032,381.49359130859375,5872084
2022-07-29,383.3714096966912,399.6622677673312,380.4449103860294,395.9309692382813,4302308
2022-08-01,396.5406670506263,406.880970841595,392.2240923615372,400.5402221679688,2239332
2022-08-02,398.0039182079696,420.6355254650068,396.95524401551904,411.2707214355469,4568436
2022-08-03,413.8557506836797,420.4403737057536,407.4662395109561,415.3190002441406,2668848
2022-08-04,417.4163349703799,417.4163349703799,396.34553452244046,409.9781494140625,2011248
2022-08-05,410.5878200799241,411.0268068553426,399.51589246881935,402.5399475097656,1118534
2022-08-08,400.0524736539263,428.1956488182032,400.0524736539263,421.2939758300781,6182002
2022-08-10,422.4157987688776,426.1958605281318,408.63686396901534,413.3924255371094,3238586
2022-08-11,414.5874694453194,437.9507046314314,413.3680945351861,431.2685241699219,5922184
2022-08-12,432.1463977559209,435.5606469481234,395.0774065262934,400.75970458984375,6418214
2022-08-16,404.34465804520624,417.02615516122,400.9791719026156,415.6604614257813,2671670
2022-08-17,417.7578275120377,422.8792019298736,411.7828906912292,415.8555908203125,1765210
2022-08-18,415.8067843051547,420.8793951066872,409.9781671225001,411.90478515625,1435650
2022-08-19,413.6119242587525,417.1481111112005,404.1983569365588,406.8809814453125,1353268
2022-08-22,404.8324048593557,404.8324048593557,387.27340898593786,389.3707275390625,1379642
2022-08-23,386.7856358742853,402.8813811250437,383.2494494176793,395.6626892089844,1953144
2022-08-24,397.02834821342304,400.0036101680016,391.7118633379916,392.8580932617188,935550
2022-08-25,395.0774087478865,400.4426575086603,391.0290906369172,392.1509094238281,1024312
2022-08-26,393.5653850303901,407.7588944483269,393.5653850303901,403.0765075683594,2718064
2022-08-29,385.3224372158216,409.68555170009154,385.3224372158216,395.565185546875,2862340
2022-08-30,398.97945291512286,404.29593919566577,397.2723281165863,398.88189697265625,1369474
2022-09-01,399.4184242579053,410.7098171248758,398.49168749530793,405.27142333984375,3230990
2022-09-02,408.246677021578,416.53842553934,402.6375530242684,407.2467956542969,3552814
2022-09-05,408.9294924442563,411.6608797383563,401.6620076594033,405.0030822753906,1095190
2022-09-06,406.9053655855705,410.44155246060245,399.2476859849712,400.3451232910156,1010754
2022-09-07,399.85736083984375,408.2466650480959,398.1258546541317,399.85736083984375,1162882
2022-09-08,401.9059285190207,405.80792782503056,395.9066105400088,397.2235412597656,1173678
2022-09-09,399.296488389894,403.2716324204981,394.1019397757344,395.6139526367188,1205802
2022-09-12,397.5649486988415,411.1488018606168,396.3455738963424,409.0514831542969,4674982
2022-09-13,412.6364488756533,424.26927302642434,410.7342122033754,416.1482543945313,4826030
2022-09-14,412.1486879911037,428.0493236908506,409.7587014427247,421.9036865234375,4022030
2022-09-15,424.3424399881208,435.5606884015999,419.5137037630573,424.025390625,3200888
2022-09-16,425.1240644937218,476.5921187473263,424.391597098106,449.7105712890625,27043856
2022-09-19,459.52565517803305,478.10590680854136,450.955792000154,455.08203125,12240426
2022-09-20,459.1838105202049,470.8788795399892,455.17967916173376,459.0373229980469,3992488
2022-09-21,461.454437044858,464.774949784452,443.3869088219376,449.7593688964844,2675978
2022-09-22,449.24666608869967,464.33550625182687,447.0492639176136,453.1043395996094,2758932
2022-09-23,455.1064035172325,456.57133829250256,441.43367894804527,444.9739379882813,1616304
2022-09-26,444.97390884409725,444.97390884409725,411.4024891096317,415.2601623535156,2595424
2022-09-27,417.5063881730512,424.7089837584927,406.5193779579709,412.5256042480469,1662704
2022-09-28,405.2986871003216,410.303881730175,399.7319221269106,402.7594604492188,1459490
2022-09-29,407.93550857827,428.2492585202761,407.93550857827,424.46484375,2749408
2022-09-30,423.36615881602336,429.1282297571827,415.357836623785,427.1505737304688,1956984
2022-10-03,423.8544844985759,433.2056639065916,420.9490244101296,427.712158203125,1644954
2022-10-04,431.7651100209874,450.1744627620391,430.690818571652,442.0196533203125,3365962
2022-10-06,445.99938888280593,458.1827692894412,444.8762781612626,451.0290222167969,2191254
2022-10-07,452.6160287018152,456.5469310752992,444.3635508360473,448.07470703125,1177970
2022-10-10,443.3869329158772,452.66485331830194,438.503816914601,448.5874633789063,2004660
2022-10-11,449.7349794031538,452.17653738036967,432.7173322236294,436.3796691894531,1255360
2022-10-12,432.64406071275255,440.7500210346855,425.7832889613817,430.7884826660156,1157038
2022-10-13,431.0326629818055,432.1557737210364,420.7048605356157,422.1453857421875,822146
2022-10-14,429.71421586630936,435.7937013584348,417.5064256428346,418.8981018066406,897712
2022-10-17,418.4830522601357,435.57395871183314,408.204098769307,429.6409606933594,1329482
2022-10-18,434.6950031921385,441.92200909270895,429.7874774497893,435.647216796875,2252876
2022-10-19,437.8446133052269,463.0414802453106,437.0144776144504,447.3178405761719,6448624
2022-10-20,444.3635169973524,463.3344090705705,442.5079390410551,450.0035095214844,4354072
2022-10-21,452.2742172602046,469.2674552566336,452.176548977776,466.8258972167969,5103968
2022-10-24,471.0741987841425,474.2970433698158,465.873668407442,470.31732177734375,877678
2022-10-25,471.2206664656284,492.5598880995697,461.942746607756,485.9676818847656,5507646
2022-10-27,486.3583563627097,501.471576625219,478.05705911555503,484.1853637695313,4161286
2022-10-28,486.35837223704266,492.3401895662633,471.46486786633,475.4934387207031,1828368
2022-10-31,477.8861550957361,480.3277130744521,464.8726391475105,467.9001770019531,1572796
2022-11-01,468.5349607883699,478.27678276559647,464.8726239401023,472.85650634765625,1626260
2022-11-02,473.6623179411346,478.3500980320764,461.5521945360528,464.5308837890625,1238912
2022-11-03,461.5032782601791,482.9401692835135,461.5032782601791,476.5188598632813,3705530
2022-11-04,478.545353565165,481.96353466205903,473.3204136419351,478.56976318359375,1733440
2022-11-07,480.986903587624,488.79988882356514,477.5687225468998,486.1629943847656,2400994
2022-11-09,488.31158847521687,490.753146417593,474.6388639979108,478.42327880859375,1256906
2022-11-10,478.5454096225809,486.8467075446053,474.6633261040929,481.3043823242188,1242758
2022-11-11,483.4772785072199,487.6767759349097,472.7344238567446,475.591064453125,1600682
2022-11-14,478.594194902181,487.33498460381946,452.9090162525477,462.60198974609375,2020112
2022-11-15,463.9448326797981,466.23990312818887,445.6819969804746,448.3921203613281,2070468
2022-11-16,452.66483548440726,473.5645651856358,451.19990074173927,467.3385925292969,5256810
2022-11-17,469.2675119124896,471.0986806634488,455.8145314496114,459.6477661132813,2539462
2022-11-18,459.98955009413385,461.8207186852729,451.24876009742616,452.9334411621094,1158684
2022-11-21,453.15310806176393,461.014911915736,445.828434978869,456.0829772949219,1423688
2022-11-22,457.49912633394393,473.6622275375242,453.250809672515,471.85546875,3006602
2022-11-23,473.66225021573183,481.8902887230672,468.8035438531994,471.0009460449219,3298262
2022-11-24,471.2207019880275,477.0316220482028,468.1687544362915,471.5381164550781,1595796
2022-11-25,471.5381427613692,474.9318847848902,465.4830665592528,467.7781372070313,951718
2022-11-28,465.3609623928948,473.6622597283399,464.65290460050704,466.8258972167969,845904
2022-11-29,467.8024961529356,470.5126194756591,460.0871791083253,463.2856140136719,915326
2022-11-30,464.9702611293594,476.25024594618367,459.5255754572927,473.17388916015625,1312914
2022-12-01,475.3713671267496,477.9838223998691,469.4383689589671,470.9765625,1152078
2022-12-02,471.22066966361945,483.11104458786633,468.11990308542966,471.85546875,2391862
2022-12-05,473.6622606939685,474.68770315112033,468.9256321261937,469.7557678222656,645232
2022-12-06,468.6326414238955,473.4180890709985,466.87470180786266,468.5349731445313,731678
2022-12-07,468.7791860268803,477.2758206952887,465.38541408387096,470.4638671875,1109510
2022-12-08,470.7323881364432,482.5495349612844,468.7791417126406,480.3032836914063,1676012
2022-12-09,480.010281487123,484.4050856919899,451.6882099446478,460.9905395507813,2421732
2022-12-12,462.9193497037495,463.847153571027,454.1785610313454,455.8144226074219,969104
2022-12-13,458.03633428274736,459.9651712888036,454.74023059787686,457.6456909179688,767538
2022-12-14,459.01289664499086,464.8726357510971,456.30277326925153,463.82275390625,988938
2022-12-15,463.8959896536013,466.82585906193975,456.693394024769,458.9884643554688,703360
2022-12-16,456.0830544751725,456.2783910454404,446.85395290727,448.3677368164063,745920
2022-12-19,448.3677166975003,456.083034010069,446.68303571810566,452.8113403320313,735892
2022-12-20,451.1999556131968,453.0067146430461,443.0207356386069,451.224365234375,676524
2022-12-21,453.1531670553261,454.8378480445456,424.3671921312245,428.6155090332031,1053358
2022-12-22,430.76407218775046,432.7905473621009,403.8336766310141,408.6923828125,1638768
2022-12-23,410.7433032550792,419.94796474675417,390.7469378100821,400.4399108886719,2155758
2022-12-26,397.9739536167767,447.7817367688149,389.3796813867223,443.3869323730469,3671936
2022-12-27,445.3401965896945,448.9537144924655,434.59734097020623,441.0430603027344,1185732
2022-12-28,441.9219741011603,456.2783462864474,435.0856120708661,449.7593688964844,1615554
2022-12-29,446.8051200666412,460.91733741992425,441.4336923937088,459.1838073730469,2008558
2022-12-30,460.1848477654759,468.6814514276259,458.0850841151246,461.0149536132813,1460216
2023-01-02,459.98952409632255,465.36095166008,455.4726418267992,461.4056396484375,862318
2023-01-03,461.4544816669569,465.3609746334497,459.50123518371055,461.0394287109375,493788
2023-01-04,461.4544823751495,463.2368317155176,452.10330290058585,459.257080078125,701962
2023-01-05,459.98951991548137,470.6591162848448,454.12978080827776,458.6222534179688,941296
2023-01-06,458.9884771304341,466.1178143008186,454.1541805504541,457.5967712402344,874548
2023-01-09,459.5012801662338,467.3142668640656,454.12985181147445,457.8654479980469,849556
2023-01-10,458.9885332416314,460.6243653184611,445.8285285465894,447.4888000488281,569726
2023-01-11,452.6648343281584,463.3100208035198,450.4674322197693,452.7136535644531,1928010
2023-01-12,454.618103202902,461.7962897406249,451.71264319904094,458.8420104980469,738376
2023-01-13,461.1371246219866,466.0446808656732,449.2955663425523,451.5906372070313,1067890
2023-01-16,453.6170157468318,457.3525811840586,450.7115560928745,452.0544128417969,535298
2023-01-17,453.2020369565993,458.5246459397652,450.7849180977036,457.6456909179688,553992
2023-01-18,458.5246157989034,458.5246157989034,452.860212871514,454.8866882324219,345186
2023-01-19,454.1298123276114,454.1298123276114,447.56201499494136,452.1277465820313,418024
2023-01-20,451.68821025795154,462.1624995809841,449.27106198276346,456.76666259765625,826220
2023-01-23,458.866407620188,459.0617143739117,452.5671761801553,454.2274475097656,282352
2023-01-24,452.2009434331288,456.32718234291787,451.4928856644853,453.4217224121094,232484
2023-01-25,453.15316040523743,453.9100374170621,446.145900934865,450.5162658691406,311292
2023-01-27,451.6882216951479,463.7251143355045,421.2420059166095,451.956787109375,1187894
2023-01-30,451.95681223621233,462.8217457404901,441.1895470164037,444.7786254882813,1072574
2023-01-31,447.781744060508,466.28876590572577,447.29343245302647,461.6253662109375,813342
2023-02-01,468.29084030411417,473.1495468499607,421.6326713003424,444.1194152832031,2604978
2023-02-02,441.40927333956967,457.0596540367229,437.03887859280667,452.9578247070313,781890
2023-02-03,455.0820043514273,455.20408225217056,437.08770389937104,439.5048522949219,656646
2023-02-06,441.7266490299237,446.707433170845,440.4570508272575,443.4845886230469,353536
2023-02-07,444.3391648275355,446.7563133087182,420.43630505437545,434.0602111816406,1956334
2023-02-08,417.5308283759954,424.8310927700631,407.7401867390835,415.28460693359375,2510304
2023-02-09,411.3780902461041,415.55314823047576,404.0290070402305,412.2326354980469,1569496
2023-02-10,412.2326699013723,412.2326699013723,405.2986390318003,406.5682373046875,545252
2023-02-13,404.322046037067,410.1817858347057,391.9433576362265,406.0799560546875,1488454
2023-02-14,402.8570945875208,406.0799394225504,392.1142387318536,394.2872314453125,1317626
2023-02-15,391.1375819504368,392.60251671429614,384.30121971909335,390.6980895996094,1207734
2023-02-16,393.0908474607703,451.7370601105765,393.0908474607703,440.3594055175781,11181368
2023-02-17,438.992156594374,463.4077381624705,422.4628197944434,426.1495666503906,14364724
2023-02-20,430.0189623769066,455.8969941203726,424.47366986044966,452.6437377929688,10116126
2023-02-21,451.4607824089979,461.3190807030244,445.5950828899966,459.6431579589844,3676430
2023-02-22,454.5907167200396,458.9037216225068,450.1791228313463,454.6153564453125,2046218
2023-02-23,456.9074614928248,485.02824983891753,454.5168062347112,478.12744140625,8022830
2023-02-24,477.585279828869,485.028283114972,468.811370151564,472.3357238769531,3569650
2023-02-27,470.7337260657889,481.82431123487817,454.5414837529737,463.9561462402344,3248756
2023-02-28,466.29745765877897,472.015258001936,455.4779704624599,460.6289367675781,1573332
2023-03-01,463.8328678193291,485.471841487037,459.3966342270082,476.3282470703125,4579326
2023-03-02,475.5150189688839,479.1132917893689,466.3714534193552,468.14593505859375,1617804
2023-03-03,470.4872643015096,481.2081631999464,464.84338277243154,467.1108093261719,1611182
2023-03-06,468.2691463597594,470.7337208142844,461.14652016915454,464.0300903320313,1107320
2023-03-08,464.3257535699504,475.1452397258945,459.8402408083701,465.1883544921875,2476426
2023-03-09,466.2974619918919,469.5753578761006,460.87539848035823,462.8224182128906,974032
2023-03-10,458.2629819736414,461.86125467499966,451.2882242046331,453.4570617675781,1204314
2023-03-13,453.4817001205013,453.4817001205013,434.3812480773824,437.1662292480469,1756174
2023-03-14,439.3596964224637,455.7737871216423,436.9937108530313,448.1336059570313,2870350
2023-03-15,450.96783059375593,456.8828090861774,441.77495615272966,445.25,969252
2023-03-16,443.598720557397,449.5383384197094,438.1027080042864,443.2290344238281,1147992
2023-03-17,455.9462712129673,456.3899066460402,444.1163139058201,450.0066528320313,3856246
2023-03-20,448.05961988674886,452.4958537470137,443.8452037365245,449.3411865234375,806486
2023-03-21,453.4324323960932,453.5309913088201,445.5950733854574,447.27099609375,414872
2023-03-22,449.0454546731355,453.9746034620832,447.8624469297334,449.8341064453125,499694
2023-03-23,446.0879593580748,450.1791467804641,444.7570831860566,446.2604675292969,343970
2023-03-24,446.2604343049895,450.0312448307796,435.5642064422884,441.2327270507813,717638
2023-03-27,443.278373063177,447.246332076279,438.74354986885817,443.6726989746094,871566
2023-03-28,441.8488694264737,451.4853484183959,433.0256818599298,449.41510009765625,895606
2023-03-29,442.76077852292497,473.7651356380725,442.76077852292497,470.6844177246094,1554958
2023-03-31,485.5211491412884,499.3227655635788,482.0707450357157,487.3449401855469,5491912
2023-04-03,487.98572937707934,489.9820286165946,476.7719158989697,486.1372985839844,973530
2023-04-05,482.5636704629607,483.8699069369815,469.1317399010448,475.243896484375,1108678
2023-04-06,475.6628524755924,483.7959478806155,474.4552050196375,477.9056091308594,972896
2023-04-10,478.1274038390961,489.95736022274383,475.73677885395455,481.6024475097656,1104570
2023-04-11,480.9370435725583,497.5482806704725,479.1625319935481,488.7990417480469,1613332
2023-04-12,488.478651385833,507.7023319146397,487.49282161512497,492.2247924804688,3284378
2023-04-13,492.3233909848855,495.527337801578,484.2888842154381,487.1724243164063,704216
2023-04-17,485.397939356926,496.8335708556297,483.22910180048416,488.6265258789063,850358
2023-04-18,489.9573556663575,491.8550657845325,482.563632995336,485.3239440917969,570760
2023-04-19,485.9647890727479,487.19707626475184,477.1416007439447,478.8421630859375,1012506
2023-04-20,480.5180588742597,487.3942274692949,475.9339565059484,485.1268310546875,974442
2023-04-21,486.0140939434485,496.8582218001988,479.6554796661169,486.0880432128906,1196664
2023-04-24,488.4293372309277,490.4256363577571,482.9826040666189,488.20751953125,561708
2023-04-25,488.84831093569255,507.5790755593944,486.01405049921135,490.7706909179688,2076546
2023-04-26,491.559368453874,495.379458807865,487.985735542076,489.1440734863281,733594
2023-04-27,487.9857305506776,496.8581983788716,486.6302146324812,493.9992980957031,861438
2023-04-28,497.351134899961,502.2310044518652,491.4361560904471,495.52734375,885966
2023-05-02,499.2734379417332,500.8014618641551,486.0632965724853,488.7004089355469,830070
2023-05-03,488.87296564187744,516.7965751815165,487.49281001276137,510.11761474609375,3756206
2023-05-04,514.307369447278,526.112656103769,508.3184419516841,512.803955078125,1705638
2023-05-05,514.011635484968,514.011635484968,498.8051941387103,501.7873229980469,577600
2023-05-08,504.7448121473904,505.1884475514959,496.143441899922,499.3966979980469,406724
2023-05-09,499.8156689186437,506.5685784444065,495.0097490251952,496.3652648925781,467012
2023-05-10,496.3652597219611,497.8440042891566,492.446580601866,496.439208984375,291296
2023-05-11,498.3369480658737,507.85022940170967,496.4392377952266,501.66412353515625,784318
2023-05-12,503.6850423912565,503.6850423912565,494.8865240916104,496.7349548339844,348962
2023-05-15,498.0411953343995,506.0263921386834,495.8723578782137,501.8859252929688,708822
2023-05-16,502.7731494626024,524.9296480105179,502.7731494626024,519.8526611328125,2124070
2023-05-17,521.0109338268439,544.6461739753871,519.5321894545823,530.055908203125,3470120
2023-05-18,532.3480506047682,535.7245053731609,522.810160065487,529.1441040039062,739786
2023-05-19,529.1440410587948,533.2598676300897,512.6806746033504,520.7152099609375,630258
2023-05-22,520.7153360126314,532.3481161462151,514.7264076719307,528.380126953125,754198
2023-05-23,528.4047583893363,536.784311460809,522.8841357280052,530.5982055664062,619862
2023-05-24,528.9962583484319,531.1404863472254,522.6130343199212,524.7572021484375,396048
2023-05-25,523.9685111439759,537.2525429322451,480.7398706703854,496.4638671875,2076124
2023-05-26,492.4218422699519,522.0460071332216,482.0706323723853,518.423095703125,2867742
2023-05-29,519.778691518748,519.778691518748,507.4804905006599,517.8809814453125,825958
2023-05-30,515.0960373589178,524.7078772904956,511.1527184126294,517.9302978515625,710124
2023-05-31,517.5605664860236,549.5507506771655,514.603077534675,543.0689086914062,1757806
2023-06-01,542.2063671666878,554.0856037223759,535.4780670309736,547.7269897460938,1139034
2023-06-02,546.1496429618741,555.7614823461308,543.6850687607825,552.9765014648438,867962
2023-06-05,556.0080218845962,573.9994162097627,553.9131335042687,565.7677612304688,2039496
2023-06-06,565.8662472127492,591.4731495755667,559.4583541693993,587.184814453125,3767324
2023-06-07,590.5120454616573,599.6309710384859,567.837960243597,571.0911865234375,1830534
2023-06-08,572.3234138301278,578.5834684565122,563.1305399475106,568.82373046875,956142
2023-06-09,571.7812427009352,582.5760902652917,558.7436686057337,567.5175170898438,1676516
2023-06-12,569.8342315480268,572.8163302629177,560.8138658018926,561.8982543945312,595362
2023-06-13,563.6481741927339,566.1866978989292,549.1071850028034,550.9802856445312,847438
2023-06-14,553.8144822843453,556.4268947857594,540.5550613000744,544.8187866210938,751094
2023-06-15,546.0510552026225,567.3449511065429,546.0510552026225,557.19091796875,1703108
2023-06-16,560.4935099259694,591.0789029481023,557.3635124055031,581.1713256835938,3715328
2023-06-19,585.4842707780056,610.7214865074624,584.3258727682697,589.60009765625,2828644
2023-06-20,592.4836728123034,606.6796451141846,581.7627744065899,597.831787109375,1707502
2023-06-21,599.3351578895009,614.6647971722533,576.4885673983468,586.4700927734375,2853130
2023-06-22,588.5403758637766,595.2440063018719,574.0486661325734,577.2772827148438,772336
2023-06-23,577.2772988248294,583.488014548588,540.0129443120012,544.1533813476562,2072428
2023-06-26,542.2063510723799,545.6567551246587,523.9438312704243,538.953125,1838142
2023-06-27,540.7276003789242,549.1071529827909,530.3763883388536,534.8126220703125,1344576
2023-06-28,537.4990266763981,542.6253536517553,535.8231641587314,541.39306640625,976084
2023-06-30,541.7134255441377,555.0221266266598,533.0134663209535,552.1878662109375,911490
2023-07-03,555.2193290758394,558.4725552275765,544.9420659320521,551.0048828125,962860
2023-07-04,551.0788170043285,554.5292210463949,543.6358146047822,544.744873046875,386206
2023-07-05,545.8046291957539,557.4866868954828,543.2168262724991,555.6135864257812,1194804
2023-07-06,555.6136272825519,559.8773530179757,545.6567707994872,549.9944458007812,786280
2023-07-07,550.585928037614,554.3813485942936,536.6857523110409,543.6851196289062,918460
2023-07-10,543.1921632765212,543.9068657390403,531.1157494831684,532.56982421875,823440
2023-07-11,534.2950243754511,629.9451745106953,534.2950243754511,607.0739135742188,19996284
2023-07-12,607.7640203636513,625.0160404064152,592.0154147070082,606.038818359375,5407596
2023-07-13,606.0388006873343,613.6789807691998,590.0190682576163,598.3986206054688,1572982
2023-07-14,600.3456394670525,603.746764090616,579.2242494053874,582.2310180664062,1263464
2023-07-17,583.611162616539,594.0363233746971,572.4220199689405,574.64013671875,1268826
2023-07-18,577.5975989560995,585.9032014781676,565.8908722078576,569.7848510742188,701724
2023-07-19,570.2778665918686,583.0690442840995,564.4368370905758,575.9957275390625,924792
2023-07-20,577.6962202128361,585.9772139904803,572.224877260233,578.090576171875,727376
2023-07-21,575.7246150790882,589.0333176536903,573.8515143523296,581.1220092773438,786124
2023-07-24,583.8084174529205,589.4522689691112,571.7812819029753,580.9002075195312,600964
2023-07-25,586.8644916216612,598.3987127818244,582.0832409665569,588.269287109375,1086264
2023-07-26,592.9765891954003,594.7757405067309,585.2871292498635,590.7831420898438,413612
2023-07-27,591.423900516035,594.9482539050366,587.3820226106385,592.532958984375,425676
2023-07-28,592.4837355610006,598.3987146181819,589.1072803832486,592.0401000976562,502478
2023-07-31,593.9623829937879,607.1478549814093,592.5083082819519,605.07763671875,1011868
2023-08-01,607.7147271076071,609.9081741093975,596.4269650734037,603.549560546875,570542
2023-08-02,596.9198829287184,599.6801940527164,579.174948341242,586.0510864257812,786244
2023-08-03,586.5440316916947,594.4553395069738,581.6888322049005,586.6179809570312,380138
2023-08-04,589.5754749261357,589.5754749261357,548.1213456230513,573.9008178710938,2606936
2023-08-07,569.2920025202237,571.1897728975471,555.4164971273175,563.10595703125,672814
2023-08-08,566.0634549192074,571.7812554395483,538.8052382426439,549.624755859375,1077682
2023-08-09,553.0505078180328,570.3025290066523,552.6068723819848,563.3031616210938,606624
2023-08-10,562.4158677044902,566.1620086893263,550.6351902557668,552.7793579101562,488830
2023-08-11,555.5150171926967,564.3382047438305,553.5680276690459,555.761474609375,288992
2023-08-14,556.7473335044886,557.3388072674607,543.3646830422388,553.8145141601562,669176
2023-08-16,555.0714660135977,581.5656423257027,554.5046018351903,562.8841552734375,2134026
2023-08-17,563.4016736086268,568.3308221091397,554.0855709086035,558.74365234375,495346
2023-08-18,558.965458874048,561.3068044910248,544.2026826835344,546.3714599609375,611498
2023-08-21,549.5262098455968,557.4867981754384,544.794238446864,547.2095336914062,442398
2023-08-22,549.9450789008657,566.8520824722774,549.1810969788262,565.1515502929688,608330
2023-08-23,567.9857650150619,577.9918996507515,565.2007842781101,572.5452270507812,860262
2023-08-24,577.7209192445735,581.8367465302775,564.387547439999,567.8379516601562,517940
2023-08-25,567.3450227429034,572.6191878523348,541.7134491698097,552.1386108398438,420814
2023-08-28,549.600125218757,560.6167614346022,549.5754554051206,552.3111572265625,574250
2023-08-29,554.9728164312406,556.5008403627537,548.6634825698271,552.7546997070312,493244
2023-08-30,557.6838266985844,570.4009926631968,554.4306009946262,557.8316650390625,723662
2023-08-31,557.486695593342,566.0634260211397,553.4448178896856,555.2192993164062,607350
2023-09-01,557.5606459462009,568.8484080722747,556.0079521309302,563.6481323242188,2084888
2023-09-04,566.4823709452868,595.2686091818243,565.7676685066541,580.431884765625,3567574
2023-09-05,580.4565252761874,588.9839763954737,572.9395736848312,576.3406982421875,1139328
2023-09-06,578.1151890808395,581.1466275435562,565.1022245725275,566.507080078125,661078
2023-09-07,569.5384325780576,600.8139155400565,568.8483999324956,584.1780395507812,4560006
2023-09-08,587.1108561257123,603.524944428326,585.5581623397458,587.4559326171875,2387958
2023-09-11,591.0048982123096,594.6278102832271,577.2279523846424,578.2630615234375,997460
2023-09-12,581.6395730291313,586.3715439620929,523.6974033596871,531.21435546875,1966848
2023-09-13,532.2494415017225,554.5291670798465,518.2999281639632,525.4718627929688,2105444
2023-09-14,533.604923667454,536.7841999572227,522.4896712163967,524.6585083007812,979708
2023-09-15,528.4046486263936,534.7139819318285,520.5180120797311,524.6585083007812,746700
2023-09-18,532.3480797356339,541.7134626198718,513.6173139671579,520.0252075195312,1973860
2023-09-20,528.0195155443621,537.3708651119908,511.759499418209,513.9554443359375,2720588
2023-09-21,514.5722979734447,523.2821647891068,503.5184192514065,506.4052429199219,894720
2023-09-22,509.29209807394335,510.6491575220715,492.7606164955328,495.6227722167969,1406928
2023-09-25,498.3862747639042,503.0496306957919,471.7632287890133,489.15826416015625,2771684
2023-09-26,489.4789965460667,513.8320320686204,489.4789965460667,510.5010681152344,1743950
2023-09-27,510.7478257342,512.9437705512614,501.96395610777097,505.61566162109375,827298
2023-09-28,506.8000167207131,509.1933640508476,492.48920806939793,496.2643127441406,911644
2023-09-29,498.3862329071029,513.2151848691055,494.70982964545993,508.9219665527344,654256
2023-10-03,506.3312743476639,507.2441932613266,501.4458479658121,503.9378967285156,521720
2023-10-04,502.9756027151578,503.3703776401842,480.25103036765313,483.3599243164063,1769262
2023-10-05,488.5414261526727,514.1774900254702,487.57914156212905,494.2904357910156,3123944
2023-10-06,496.7331129484878,499.7186679462768,489.05956433925394,491.4529418945313,873316
2023-10-09,491.4529641995788,505.7637741327074,482.0769163123566,495.27740478515625,1652502
2023-10-10,500.878258120821,511.1425854369386,500.878258120821,508.428466796875,1677882
2023-10-11,513.2151780275796,514.6956064257361,506.60258580139015,509.8101806640625,594952
2023-10-12,511.1919769582449,512.376331814947,492.88399296501393,496.6344299316406,995190
2023-10-13,495.94352477592105,500.138072000394,492.46452398420746,494.1670227050781,764248
2023-10-16,495.45009455940846,499.8913802676103,488.5414279022056,494.3644409179688,763100
2023-10-17,496.4123574198732,502.3587392227468,493.99431214795857,500.680908203125,767106
2023-10-18,502.3587543963239,503.0989686709746,495.0306451250396,498.97845458984375,463982
2023-10-19,496.7577901949856,499.3978756121736,493.5008294563129,495.9435424804688,269172
2023-10-20,496.3383088901064,499.0770955166278,491.5022486123775,494.142333984375,318418
2023-10-23,495.302015857593,497.4239572704832,473.7371021623649,478.6225280761719,820660
2023-10-25,478.6719042217159,483.6066661209088,444.1285709273652,461.0054626464844,1813424
2023-10-26,460.4132268013235,474.74870227645727,444.62199072668005,473.0462036132813,1491682
2023-10-27,475.5136217822927,486.0740237885013,469.4192031764588,476.2785339355469,752344
2023-10-30,478.647167790868,480.99117935681807,471.04762350824177,475.3655395507813,319886
2023-10-31,476.2044991583583,482.2495821787624,475.2175468284965,480.7198181152344,326688
2023-11-01,484.716957045772,492.6125755876221,480.1523025762648,486.1233520507813,643088
2023-11-02,488.4426904385018,496.9304862978555,484.9143540145776,494.142333984375,637448
2023-11-03,499.8420557635917,525.058677572955,495.4994411016812,512.4010009765625,4054712
2023-11-06,515.6825987041026,522.0977889272159,507.0220678073836,513.5112915039062,1716808
2023-11-07,514.6956509623851,520.9874721989818,509.29211093705953,516.6695556640625,976256
2023-11-08,520.6173127758494,523.5288339661444,514.6709013637961,521.4808959960938,827354
2023-11-09,523.084691690946,524.5404221619305,516.2500594180241,519.1862182617188,426250
2023-11-10,514.2022164594647,521.8510977983531,510.7478829515797,519.7291259765625,631924
2023-11-13,524.6391592049703,537.3461695415157,518.1499360533076,534.311279296875,1080662
2023-11-15,538.8759861012127,542.1329168265936,527.1312289752851,537.740966796875,1197566
2023-11-16,537.8889876028276,552.4218356952978,536.4332570988664,546.5001220703125,1281420
2023-11-17,548.2519641182275,557.1345341939503,544.0821150393044,555.3580322265625,1083710
2023-11-20,557.1345744355785,567.4975736057709,550.7687200404171,565.7951049804688,1271396
2023-11-21,567.9910912077114,569.8909624798049,549.0169559140567,554.5932006835938,1942902
2023-11-22,556.6411632075509,557.6281156245855,534.4594317302148,538.2098388671875,842390
2023-11-23,540.1096391865789,553.6555352332948,540.1096391865789,546.0806884765625,625148
2023-11-24,547.2650780660314,578.3047415207809,545.0937708483087,572.062255859375,5105992
2023-11-28,578.1320127316534,584.2757667578741,570.7051725130755,576.4048461914062,2338680
2023-11-29,577.3671555050704,584.2511244174977,567.5963026240823,569.4468383789062,929982
2023-11-30,569.9155921197929,583.288783137195,569.0026733309985,573.7893676757812,1585320
2023-12-01,588.2235796889122,607.4691498297407,584.7939444901006,604.2122192382812,6038562
2023-12-04,621.779939780692,624.6421255037686,605.7666630461405,608.77685546875,2633086
2023-12-05,610.4547238763208,625.727787334433,597.5503099052225,612.4039306640625,2099076
2023-12-06,614.3531430354564,643.4929354100876,605.445934175547,634.3389282226562,4362738
2023-12-07,634.3389649433592,648.0823254722787,626.3446745012211,641.6917724609375,2087872
2023-12-08,644.4552105337839,685.9072107702871,643.4929560523823,653.06640625,6378958
2023-12-11,653.8559215443883,674.4338536212504,648.4276837051518,670.5107421875,2416076
2023-12-12,670.5107007967418,695.8013528047146,659.3334542518026,673.4715576171875,2933348
2023-12-13,678.0362613945748,693.3093248464837,671.6210711484835,682.7736206054688,3256208
2023-12-14,687.9057763466923,691.3107739445163,674.9026914025311,680.972412109375,898424
2023-12-15,681.4906628380692,690.3732348374068,676.0624243940296,686.7955322265625,1103406
2023-12-18,689.4355491954983,788.5749243910413,688.8927374529998,754.6484375,10819254
2023-12-19,757.4858937807536,767.7995574115847,741.3985832635259,749.7383422851562,3263432
2023-12-20,753.4887779763244,779.149538882923,720.4752100698846,729.8512573242188,5040346
2023-12-21,715.4417961348246,766.8619904463266,706.2137553446083,760.5454711914062,2760686
2023-12-22,765.7763630427248,781.6662720017899,757.8313483244006,775.3744506835938,2024000
2023-12-26,783.1466891057652,852.2086556468914,779.8404228313958,836.3434448242188,8090550
2023-12-27,839.4029790661617,893.6606607603716,835.9239479145509,871.0347900390625,9049692
2023-12-28,862.1522086855339,869.9984918738445,833.5799262580279,837.7005004882812,4060728
2023-12-29,841.6482436500615,860.6223768890566,831.2852448457783,845.0038452148438,2872850
2024-01-01,848.7790402593421,862.102897286669,847.2986117007501,852.0606689453125,974358
2024-01-02,856.378508386963,857.069387033127,821.6377759621859,824.5986328125,1739572
2024-01-03,824.7219836399449,826.9426262286538,804.3660932434466,809.7449951171875,1469370
2024-01-04,813.8162685070513,850.7529491773464,813.2240609374343,830.4957275390625,2366030
2024-01-05,836.4420963181324,868.0245707513834,836.4173984144657,857.316162109375,3579996
2024-01-08,860.4496970477668,861.115877799453,840.3405440275217,847.397216796875,917266
2024-01-09,855.835732979344,866.0506654506825,849.1491068799213,859.5368041992188,1074212
2024-01-10,861.5846638659094,863.5832663778992,841.8703156803978,856.64990234375,1336788
2024-01-11,858.6978750229139,867.0376343791568,852.2333492161661,857.9083251953125,814898
2024-01-12,860.5237143972028,860.5237143972028,846.4102486453132,852.035888671875,503152
2024-01-15,857.3162045065026,878.1161776153725,847.5453518999986,866.3961181640625,1546194
2024-01-16,870.2452544677391,907.4040353885584,851.7398974830268,861.8068237304688,4193862
2024-01-17,854.7994081902283,881.5458530795411,844.8559114323189,864.1508178710938,1301886
2024-01-18,865.0143326692304,873.4527625648967,817.1964829420729,847.4465942382812,1530266
2024-01-19,853.7137451267902,861.2639543670684,844.4610672533063,849.9879760742188,768124
2024-01-23,859.142007620685,859.142007620685,814.7784881145126,823.9324951171875,1309698
2024-01-24,823.6117058166359,866.0013197395577,802.0221239535575,839.7483520507812,2778372
2024-01-25,842.857286018768,849.7906502012648,816.703049391722,823.6364135742188,1220570
2024-01-29,830.767078274247,834.1720756740044,812.3110586663728,826.5972290039062,781790
2024-01-30,828.0529396334607,848.0387227414196,814.2356081020323,840.04443359375,1798842
2024-01-31,840.5380750029958,850.2595325037181,834.6163603250825,842.3886108398438,844308
2024-02-01,845.4480376663248,852.7268110826845,826.5725744001717,840.9080810546875,847606
2024-02-02,843.8441907152603,903.0613269058048,842.3637623104967,868.221923828125,3858258
2024-02-05,873.4527927806591,896.1279979666531,861.6340629851594,869.4802856445312,1155094
2024-02-06,868.1232637178808,883.273018446803,856.1811643680334,864.8663330078125,957002
2024-02-07,870.9854777925524,886.2832397254527,863.0898587304102,865.9026489257812,629160
2024-02-08,864.0767364743459,956.8009168736338,863.6325958927067,943.84716796875,8941176
2024-02-09,947.3755786023276,950.879247373925,891.2426640668814,907.2806396484376,3044030
2024-02-12,915.3982828502112,919.2720586840568,784.6270995858954,797.482177734375,5064946
2024-02-13,805.3531309468891,821.4897780413008,777.6691291183482,782.1844482421875,2578926
2024-02-14,776.7808488334406,811.7436244061847,768.0216465714234,803.9713745117188,2128652
2024-02-15,809.596995841425,829.0399690685283,803.4285436906175,821.2183837890625,1466968
2024-02-16,829.0646101608663,885.2961920188334,827.4361148091298,843.7948608398438,4472720
2024-02-19,852.2333587741663,878.3875961887759,848.9517301451409,870.2452392578125,1736502
2024-02-20,868.5180358335406,869.5296860503395,848.8036874679482,864.3975219726562,961972
2024-02-21,865.063680807019,867.8271351668595,827.5594938467603,838.9341430664062,1629028
2024-02-22,841.8703550376423,871.2568853714304,821.1196577713563,861.8561401367188,1935668
2024-02-23,866.1740937461752,897.6085033618849,865.0637723042558,881.96533203125,2641122
2024-02-26,884.3093273691186,946.9561052320332,875.6981919989039,930.8194580078124,5678808
2024-02-27,931.9297428166952,979.451521867598,923.7626881447342,931.7077026367188,5241652
2024-02-28,936.3217351933912,952.0636377061786,888.7506184174578,901.8030395507812,2752662
2024-02-29,900.199158395725,905.5287248500302,878.4368724784217,892.7476806640625,1627668
2024-03-01,900.5940827050158,912.2894447794204,886.2832726236758,908.3663330078124,1391268
2024-03-04,912.1906884128324,922.6523589856164,893.1918561142692,905.25732421875,1451064
2024-03-05,905.528766154524,927.7351936624008,882.335386312964,885.2715454101562,1510380
2024-03-06,922.7510252046642,922.7510252046642,875.9694641032809,881.2496948242188,3238228
2024-03-07,885.2962131031159,894.1787838031471,881.2497327686168,887.886962890625,989838
2024-03-11,893.1918888603832,903.0614124941995,869.5050321392239,872.761962890625,1424354
2024-03-12,878.3876240187845,892.204957430316,843.350814296687,852.5048217773438,1865560
2024-03-13,855.1942332362415,857.8096811264222,772.290233707281,784.701171875,3130856
2024-03-14,780.6792457136429,832.4695419959078,765.9242972266708,818.2081298828125,1944394
2024-03-15,819.1704596960763,837.7251520366146,790.5735391293111,829.9776000976562,1965332
2024-03-18,829.9775942940851,844.3377389996225,820.5522113594395,827.5348510742188,882600
2024-03-19,829.5334516181975,830.4957060656053,795.8043670460249,801.2326049804688,1141702
2024-03-20,804.3662138660053,814.186402389797,783.1467370584971,799.2094116210938,1028696
2024-03-21,817.6900478798556,831.704783741608,816.7277934036372,820.1080932617188,1553698
2024-03-22,841.8703998560105,848.6309997218219,829.0647165211276,832.0255737304688,2560288
2024-03-26,835.6032464157349,862.571671678785,825.5856557855815,853.417724609375,1844836
2024-03-27,858.1550406344596,873.4528015658387,854.676009617453,866.0506591796875,1609238
2024-03-28,871.4543007951817,874.4151580954134,860.1290457173137,864.52099609375,747002
2024-04-01,876.907205575308,879.2512175204306,863.0898720040595,875.37744140625,1177048
2024-04-02,873.393573332595,876.3196325855674,847.0833774683167,866.6982421875,3081116
2024-04-03,867.392610819049,899.4062401078736,860.4741254960908,871.732177734375,2544876
2024-04-04,876.096565662069,882.2959469645178,860.4741247798979,872.2777709960938,1132990
2024-04-05,871.8809336643578,877.8323393548995,860.9700232316981,865.3344116210938,733606
2024-04-08,869.1035938072192,878.8242106657859,862.1354656632052,875.9229125976562,1188656
2024-04-09,877.8324052368672,879.8162072826002,855.5394539642758,860.5733032226562,777472
2024-04-10,860.9700298374931,882.5934585708679,857.0024260133573,877.0635986328125,1272380
2024-04-12,872.872768578614,887.6521158083773,869.4011155217672,873.2199096679688,1377568
2024-04-15,867.9132940338517,897.1743708041357,835.6765145411657,875.0549926757812,2679076
2024-04-16,871.880937791333,922.4678864003864,868.954817871467,915.970947265625,7746718
2024-04-18,922.4926713074852,936.3544623575168,889.3879783189448,897.7199096679688,2276862
2024-04-19,882.2959189129513,918.3019122646392,877.1628434658904,909.2012329101562,2404794
2024-04-22,917.5084341175744,932.6101027763116,911.0610775535048,914.6318969726562,1345048
2024-04-23,919.442639907965,962.788725520475,911.4578490021736,953.7623901367188,5013454
2024-04-24,957.1843977261976,1033.411960002362,950.4146617688284,1014.9378051757812,9780408
2024-04-25,1018.6327311051906,1040.4793758671417,1006.2587897684456,1021.732421875,3723820
2024-04-26,1027.6093897597405,1038.0243497910892,996.290104985876,1000.8280639648438,1799710
2024-04-29,1006.7794697789204,1013.2020042491092,974.0467382491624,978.5598754882812,1380416
2024-04-30,980.4941097549458,1002.8118816006578,964.1277437347572,980.7669067382812,1795538
2024-05-02,985.4535911910066,990.5619052861846,974.0467302964958,975.6585693359376,944786
2024-05-03,978.0391828808298,986.4455194258184,963.1358465183204,971.8645629882812,1155078
2024-05-06,976.997654224862,978.014376956794,933.1556788629129,945.083251953125,1363664
2024-05-07,945.7775738956328,959.6641874609592,906.126356878113,915.5989990234376,1597060
2024-05-08,917.508414863334,948.7532960181394,910.6395126223885,936.3297119140624,1398546
2024-05-09,940.5700908516264,970.4759291878388,922.4678982251648,926.53466796875,2102724
2024-05-10,932.8829075206012,957.3332918330354,907.6142533009034,923.2366943359376,766452
2024-05-13,926.9313888077248,931.8908932957278,895.4633570476776,907.9364624023438,893164
2024-05-14,913.044898162604,978.8575072902016,912.5489476475782,969.9800415039062,2946444
2024-05-15,970.079073842144,994.3806457328724,957.6803126734048,991.5289306640624,2208830
2024-05-16,997.3563234966938,1032.568804336209,985.7263100272964,1026.4190673828125,3514634
2024-05-17,1029.097343806722,1163.7479119240834,1014.4419815135255,1152.7130126953125,11085440
2024-05-21,1259.218273018555,1333.21406067082,1236.0822314802404,1258.920654296875,7096098
2024-05-22,1274.0968231235308,1357.8628133929144,1240.3721894246596,1308.739013671875,8728582
2024-05-23,1321.212223787447,1467.021680917143,1310.226967881944,1393.893798828125,11343896
2024-05-24,1423.3281550904142,1645.5139577937618,1419.509360822781,1510.7147216796875,10533547
2024-05-27,1567.2036016846864,1626.7176625081556,1518.600452012187,1532.3382568359375,5180268
2024-05-28,1529.511349192578,1529.511349192578,1419.6583129259905,1441.678466796875,4259515
2024-05-29,1432.3049837295046,1541.414089138262,1399.5722521068774,1528.321044921875,5436219
2024-05-30,1542.405971036945,1585.057711715137,1512.648942656811,1535.016357421875,4844466
2024-05-31,1612.8308362618006,1616.79843979504,1474.0143560752488,1544.73681640625,7314397
2024-06-03,1649.481592146461,1649.481592146461,1567.3026248585493,1583.56982421875,3797720
2024-06-04,1567.153895822869,1567.153895822869,1425.212890625,1425.212890625,3342860
2024-06-05,1360.5906087110336,1376.3123370670216,1282.726377038087,1294.6788330078125,6401013
2024-06-06,1319.22830482975,1407.507492145425,1315.5086761507189,1357.714111328125,6332980
2024-06-07,1357.8132152834407,1428.3373476051115,1329.1472540214234,1419.360595703125,3187159
2024-06-10,1428.1389163142678,1463.0537783896182,1393.6207177202805,1407.3585205078125,2576038
2024-06-11,1416.2361596414912,1446.9850876758617,1404.5316805376826,1411.1773681640625,1605710
2024-06-12,1413.4588415588553,1426.84950426836,1398.6299709169184,1409.83837890625,1254013
2024-06-13,1413.458810908572,1487.85137990376,1390.645089750048,1479.0234375,4294918
2024-06-14,1487.8513898107233,1604.2014169265842,1461.07006479413,1569.9808349609375,9955913
2024-06-18,1585.6528531488036,1636.636586796243,1582.0820339030347,1614.1204833984375,7287059
2024-06-19,1615.558724107039,1625.725709170491,1523.5599080450727,1551.184326171875,3956234
2024-06-20,1554.6560019955546,1584.5618412438128,1514.6328210199074,1556.8382568359375,2357325
2024-06-21,1555.1022830664135,1563.136656158753,1508.681272405879,1518.0546875,1643504
2024-06-24,1505.804872359536,1552.3250531198437,1483.883884643633,1540.4222412109375,1627649
2024-06-25,1546.8695290819778,1572.956572458441,1521.824030134033,1532.8341064453125,1904136
2024-06-26,1562.2439729246933,1616.7985243601588,1554.606384156391,1576.87451171875,6721495
2024-06-27,1594.629616177088,1622.4028432942473,1565.2197282456211,1588.9757080078125,3237677
2024-06-28,1599.0435324459384,1635.6447025222285,1567.203535467023,1583.6690673828125,2931828
2024-07-01,1586.3471153218688,1610.8470184631246,1568.3936126473234,1602.217529296875,2090122
2024-07-02,1612.830992690158,1644.522180552973,1572.163052530074,1583.37158203125,2608871
2024-07-03,1592.5960708188938,1662.376275355508,1577.7672007034882,1620.5677490234375,7386981
2024-07-04,1626.7176077089805,1701.110181232257,1622.6508379060406,1670.2620849609375,9184976
2024-07-05,1680.2801822614074,1780.1645578864327,1642.58794676794,1717.8236083984375,9629462
2024-07-08,1726.9492283722016,1758.9380345828502,1656.4746161793323,1683.206298828125,4089435
2024-07-09,1689.455366773641,1700.3662776995238,1626.717628949814,1667.633544921875,2199878
2024-07-10,1674.3288076142371,1674.8247580904265,1558.5740149043766,1618.633544921875,2960122
2024-07-11,1624.7337207232354,1662.9219064667302,1609.8055633181157,1652.8045654296875,2375360
2024-07-12,1658.7561228954455,1685.2398316762906,1607.9211956597717,1652.060791015625,2696736
2024-07-15,1659.400565175359,1666.3935149654644,1608.8632626630852,1615.55859375,1731106
2024-07-16,1618.4847229626944,1633.5120464905658,1571.1710963352616,1588.9261474609375,1728586
2024-07-18,1589.0251904761078,1596.910753943751,1520.8816492797357,1533.925048828125,2115200
2024-07-19,1524.5518141174575,1542.4060318494774,1450.1592402340425,1455.8626708984375,2859021
2024-07-22,1438.3060749020035,1498.7623916383368,1395.6543324529976,1481.652099609375,3148425
2024-07-23,1497.770356132792,1515.6245722986134,1339.0662124366022,1456.0113525390625,3116965
2024-07-24,1456.0112873653204,1477.9322720158027,1413.4587165251803,1417.1783447265625,1641033
2024-07-25,1410.4831339753916,1424.369747108764,1382.263600719166,1395.455810546875,1387692
2024-07-26,1398.6795940168663,1421.691770164207,1394.761633448738,1401.0601806640625,1160129
2024-07-29,1414.4507045202197,1463.7977750320576,1403.8374131644057,1457.4495849609375,2146657
2024-07-30,1457.8961121586017,1485.867671425672,1445.6460381623583,1466.3272705078125,1441946
2024-07-31,1467.0712552215855,1472.9233743868488,1445.745383245681,1448.274658203125,617138
2024-08-01,1448.2744720568742,1455.5649194161947,1416.434477555055,1438.5042724609375,827899
2024-08-02,1417.4263655885566,1428.337275330666,1395.6045461043382,1407.7056884765625,797569
2024-08-05,1348.836462928445,1366.8394891241694,1316.302184892916,1330.2879638671875,1961750
2024-08-06,1335.9913805510669,1398.5803047234222,1327.1634380992473,1331.6766357421875,1644757
2024-08-07,1373.8821271139504,1396.596685490608,1339.1655901876925,1391.2900390625,1105077
2024-08-08,1391.2898717986964,1432.3049512771788,1364.855687643627,1402.7958984375,1458258
2024-08-09,1425.361606123664,1438.206674461567,1411.127852296937,1422.435546875,828994
2024-08-12,1215.0290879885313,1348.9357237017127,1212.450169591129,1333.0653076171875,4454884
2024-08-13,1346.9518379244614,1346.9518379244614,1311.541022670723,1324.83251953125,1215844
2024-08-14,1334.106856260684,1340.2565940799254,1290.0169048712037,1307.127197265625,1026488
2024-08-16,1319.2283838457702,1329.1473942506254,1289.5705185189183,1308.119140625,1029263
2024-08-19,1302.6635506745788,1340.0581676150373,1302.6635506745788,1319.8233642578125,855127
2024-08-20,1326.4692790684871,1329.0977198993958,1294.480471255726,1298.5472412109375,686091
2024-08-21,1298.3982805767698,1319.029867768787,1291.5541401373837,1310.6978759765625,821291
2024-08-22,1312.9297025194733,1322.1543086059594,1291.2070477324933,1293.8851318359375,641733
2024-08-23,1313.276810472283,1334.106729671617,1299.390197672727,1305.0936279296875,1224789
2024-08-26,1314.2687922065604,1323.592685590245,1296.4145746520562,1300.977294921875,603827
2024-08-27,1307.325468347873,1313.7728246030028,1298.1007409655615,1301.4237060546875,375399
2024-08-28,1309.2596373496335,1318.682696567734,1299.8365781315329,1312.532958984375,711054
2024-08-29,1312.433775597278,1313.276867194477,1266.8558539697426,1288.1322021484375,1087666
2024-08-30,1289.4711195362434,1320.9639718787632,1269.682745788327,1292.34765625,1436261
2024-09-02,1293.7364671423163,1300.82846212225,1275.584631189614,1293.2900390625,724992
2024-09-03,1311.2930776678777,1344.0258095612514,1304.349770902617,1309.5572509765625,1764895
2024-09-04,1311.293014102888,1354.936654511759,1308.3173113477378,1316.3516845703125,1504314
2024-09-05,1327.064309187149,1327.163475066114,1297.2576371179111,1301.72119140625,540892
2024-09-06,1307.3254846892946,1307.3254846892946,1275.1383464920902,1279.254638671875,555784
2024-09-09,1277.0227927166804,1279.2545697896433,1216.070529534424,1227.1302490234375,1112530
2024-09-10,1233.4288531131883,1254.754723914904,1231.0979100558443,1240.173828125,478441
2024-09-11,1242.851914512708,1253.366040570785,1222.071637638875,1227.67578125,355035
2024-09-12,1236.8507997157428,1242.653516944087,1223.013830359664,1227.279052734375,368195
2024-09-13,1233.2800609585595,1248.5057168061148,1227.775083161005,1231.445068359375,349041
2024-09-16,1237.6442540021917,1238.536988960738,1215.078510240581,1216.66552734375,357486
2024-09-17,1205.209366109956,1218.0544357085814,1175.4523359216355,1184.1314697265625,933928
2024-09-18,1187.2062248627049,1190.8266874050105,1153.5807597558132,1156.9532470703125,794339
2024-09-19,1158.5402285511486,1169.3519723661152,1087.1233651473106,1112.218505859375,1852164
2024-09-20,1117.822813751822,1173.4189147382322,1102.2996595472891,1140.091064453125,2710099
2024-09-23,1155.4271951764406,1174.287261077087,1146.1460817174818,1154.1864013671875,930169
2024-09-24,1156.4198060481071,1158.901393614734,1125.8465987587574,1132.7950439453125,720477
2024-09-25,1131.603856306608,1143.5154758466776,1100.3358550139255,1110.2125244140625,908278
2024-09-26,1110.659373196947,1124.6555030608015,1103.8101671700013,1115.3743896484375,516105
2024-09-27,1115.721690703799,1139.4456903898488,1113.686740575204,1121.9256591796875,661533
2024-09-30,1126.045231837972,1157.3627951541594,1106.5896089732903,1151.4566650390625,994630
2024-10-01,1151.4566718597812,1153.4419419836772,1112.793584665412,1118.898193359375,688191
2024-10-03,1093.5363887393075,1119.6922971558129,1093.040071231703,1114.6298828125,726470
2024-10-04,1116.6647289892735,1123.6628544221592,1080.9795481146036,1100.18701171875,634583
2024-10-07,1097.9039412766226,1134.2839154678802,1032.9359107199805,1101.1300048828125,1325697
2024-10-08,1101.8248407785393,1143.515510429619,1072.0457910277678,1140.736083984375,1020404
2024-10-09,1146.443692292392,1179.2503260088697,1136.8648619179637,1154.53369140625,1016251
2024-10-10,1171.3590755970515,1212.0074336883602,1166.346219970371,1208.731689453125,1453370
2024-10-11,1215.9779026702126,1220.9410777831522,1191.1620271055144,1212.9503173828125,646146
2024-10-14,1213.0000057483498,1216.970545865366,1178.1088602358193,1180.4415283203125,477558
2024-10-15,1181.235678029615,1206.0515536184723,1161.3829775585289,1195.132568359375,722719
2024-10-16,1193.6435373815718,1216.4741414229657,1176.9176625681068,1187.2906494140625,483728
2024-10-17,1187.2412663126397,1188.7302189707775,1141.5303712392858,1143.9127197265625,386714
2024-10-18,1141.4805025436212,1141.4805025436212,1106.0434835995125,1121.528564453125,646505
2024-10-21,1120.7346158685862,1137.5597309600912,1104.00861887339,1108.7733154296875,368863
2024-10-22,1111.7513815922557,1113.5381733526142,1023.1586933716228,1050.05908203125,1277242
2024-10-23,1042.2668035404545,1078.94462020606,1010.5024819087454,1065.0477294921875,680436
2024-10-24,1057.4044173471532,1072.045783370031,1034.3753341728948,1042.514892578125,383274
2024-10-25,1042.5150728754966,1049.0168816175967,992.6351562727888,1026.037353515625,794222
2024-10-28,1026.0372020872812,1050.5056793124666,1002.56135987187,1040.1822509765625,446068
2024-10-29,1042.2667130496925,1060.4815404196895,1027.377188577554,1039.0406494140625,372584
2024-10-30,1037.303624106274,1073.0384857979734,1031.347813824324,1056.0147705078125,465965
2024-10-31,1052.9376454456517,1082.4685386363265,1045.5425626781766,1077.306884765625,314525
2024-11-01,1082.716719525332,1111.6520565023452,1080.9796081256811,1107.6318359375,262995
2024-11-04,1107.631867886914,1108.7734225024392,1042.2668698545756,1045.84033203125,589782
2024-11-05,1051.15076650826,1053.1857166913903,1016.061144102512,1024.6474609375,659357
2024-11-06,1029.858815432832,1111.354124930661,1029.7595761668024,1072.6910400390625,942875
2024-11-07,1072.6910169103735,1091.154003330612,1058.893366434324,1069.1671142578125,412364
2024-11-08,1067.5790533955026,1071.996231135834,1039.288952956849,1042.564697265625,335812
2024-11-11,1036.410190483916,1055.0717771544162,1019.7835540539484,1034.2760009765625,316962
2024-11-12,1032.3404046186097,1054.0294552313917,1008.4179252458352,1020.7266235351562,465129
2024-11-13,1017.103493829153,1020.3791166806438,967.8687606623656,971.9882202148438,652280
2024-11-14,980.7234516804544,1003.5540583491288,961.168528634071,982.2620239257812,577725
2024-11-18,991.7416587459112,1009.2120720570072,883.4451985310251,932.7295532226562,895260
2024-11-19,939.1816720766956,992.5854253814608,939.1816720766956,959.2825317382812,931303
2024-11-21,957.8927953626716,958.0913344840184,918.187394518623,920.0734252929688,509001
2024-11-22,921.1652799884952,934.7643916054516,910.2462949886316,928.5108032226562,491353
2024-11-25,953.9221909984396,1007.3755590485438,953.9221909984396,986.8280639648438,1032458
2024-11-26,987.0763626168124,1032.0923399369103,985.6866492496772,1024.4986572265625,960042
2024-11-27,1028.419549713312,1121.6775603558035,1024.6474882099808,1108.525146484375,2151834
2024-11-28,1119.0968236850197,1166.296549468935,1116.7144752369256,1161.3333740234375,1766686
2024-11-29,1161.3332936255829,1161.3829738451088,1123.712523290178,1141.5302734375,786403
2024-12-02,1139.4953981503006,1169.274450721026,1115.2255187736696,1143.36669921875,720806
2024-12-03,1143.3667132781163,1158.0080809720937,1125.846679565983,1143.714111328125,754518
2024-12-04,1157.6109093044845,1215.9778968203686,1157.6109093044845,1206.845703125,2442257
2024-12-05,1213.1488256299283,1216.4741284706477,1187.19139751195,1213.6947021484375,620127
2024-12-06,1213.0000328242834,1227.889558595449,1193.1473317960629,1210.8162841796875,562163
2024-12-09,1212.950466367004,1229.3786264771777,1201.0885248586071,1207.639892578125,419345
2024-12-10,1207.639632878861,1211.5606135592548,1182.277883093336,1198.3585205078125,385989
2024-12-11,1191.1621117453178,1212.2556074741412,1183.2707112235155,1203.1234130859375,334944
2024-12-12,1208.731702019771,1232.7535439282656,1187.4894080062709,1217.9632568359375,962744
2024-12-13,1211.0147301441998,1265.6096565031596,1201.485458141253,1251.6630859375,1272678
2024-12-16,1264.0214208028135,1285.462312357693,1252.0105616551912,1277.32275390625,975501
2024-12-17,1280.8466387894186,1288.2418427662758,1257.2715558686511,1270.9202880859375,611604
2024-12-18,1270.9201543083836,1280.300627438545,1204.1654528540998,1258.7603759765625,951658
2024-12-19,1210.8658451841516,1235.830641001693,1205.9026699190845,1222.7774658203125,648958
2024-12-20,1220.8419329302913,1266.602386776276,1160.29119186967,1230.123046875,1614304
2024-12-23,1246.7495821447214,1247.6429778948427,1187.389959621872,1203.8677978515625,1000523
2024-12-24,1195.1326334273467,1220.8914652224912,1194.1399983497492,1205.654541015625,338984
2024-12-26,1206.0515461504033,1214.488943798369,1172.798273067244,1180.0941162109375,277683
2024-12-27,1180.0940805613775,1209.029414678957,1164.3608402450052,1191.1123046875,379608
2024-12-30,1181.285353855244,1190.5664670567,1075.9171222626424,1099.8892822265625,1013081
