date,open,high,low,close,volume
2015-01-01,362.87301729057145,381.9140019131768,361.5598459372883,379.3314208984375,178624
2015-01-02,379.5065239414055,420.2805054528679,374.25383848892926,410.2237854003906,668408
2015-01-05,410.3660070259669,410.3660070259669,383.4459969650634,386.3459167480469,486024
2015-01-06,383.9056700038351,388.4142199949724,372.54673156063694,377.2960510253906,257876
2015-01-07,380.81969755964985,383.0083165111421,372.0652217536809,379.44085693359375,240196
2015-01-08,379.4736430311887,401.6115262376792,357.85010658575214,381.640380859375,2122316
2015-01-09,390.6685024936503,402.2134680435327,382.9207856723168,398.8758239746094,554984
2015-01-12,401.611615616699,410.36609225139546,392.8571389820026,393.96240234375,457636
2015-01-13,392.0034791368141,399.8496716152993,389.5741177905288,397.84710693359375,336052
2015-01-14,399.4229509989074,401.6115699084905,389.5741659057837,391.0952453613281,291116
2015-01-15,391.9816285749982,396.9388555192124,388.6439848922686,390.6903381347656,106124
2015-01-16,388.9175592055086,395.6913236778189,383.00828846912776,384.7263488769531,212192
2015-01-19,388.2609922750394,404.8944958899791,386.32406989476544,397.60638427734375,382132
2015-01-20,398.98522186663433,416.7130347965287,397.4531886504706,410.5958557128906,516924
2015-01-21,414.7432913841898,419.12052928798073,403.1436109391439,406.9955749511719,392904
2015-01-22,411.0226057255541,411.0226057255541,402.26813063022814,403.6797790527344,131676
2015-01-23,407.0940113663633,414.611910876877,396.5776883587567,400.9549255371094,198964
2015-01-27,403.1764770414962,411.46039507781296,390.0228814570512,391.916015625,607256
2015-01-28,393.2948278983948,393.9514135877076,367.6879860151938,370.9380798339844,906936
2015-01-29,373.37084864397576,380.6361578177923,365.2469066473229,365.3789978027344,565124
2015-01-30,368.76953589841713,373.6020572755188,365.68728306105726,371.5105285644531,232908
2015-02-02,372.7323641143399,372.7323641143399,354.4149899297618,361.2729797363281,318912
2015-02-03,362.38474697073474,368.7694114070357,362.38474697073474,363.23236083984375,120284
2015-02-04,364.3662056046885,377.57585656316655,364.3662056046885,369.5179748535156,386256
2015-02-05,370.7509325511164,375.37431116368975,366.5678757111692,367.6356506347656,96216
2015-02-06,368.5382477330503,373.1726444211839,356.66058050874216,367.7236633300781,199040
2015-02-09,366.5678621415692,372.9525276082992,359.35759338172744,364.5203552246094,191944
2015-02-10,369.6501037558579,369.6501037558579,359.30254278115547,361.2069396972656,97416
2015-02-11,362.1646932198192,367.8778580254311,362.0435939705221,365.8413696289063,112240
2015-02-12,367.00820652204976,369.4189575365032,360.85472034810334,362.0876159667969,188924
2015-02-13,363.2984676027902,367.668655528512,361.8454112254233,366.2376098632813,121624
2015-02-16,367.2172929485416,372.0718506253821,365.4780436675955,368.7804565429688,113132
2015-02-18,369.8702866357231,390.7855707014336,368.3731818683448,381.16455078125,494456
2015-02-19,382.4194244788426,392.7669851872511,382.4194244788426,386.9877624511719,271556
2015-02-20,385.74385516258894,388.3637748920406,383.0799140091557,385.2925415039063,249556
2015-02-23,386.60244349224286,387.48308687149625,385.2704596310808,386.5143737792969,174768
2015-02-24,387.6923335731586,387.9235132726558,385.2926012170199,387.06488037109375,79280
2015-02-25,387.4831208676952,388.36376432421264,385.3035229377933,387.0978393554688,203912
2015-02-26,387.4831917111442,387.6813419001095,382.1002683490648,384.004638671875,162240
2015-02-27,385.28151132066176,394.087945865134,382.07816000506784,391.1488037109375,309592
2015-03-02,403.1145408624524,413.6052113778863,403.1145408624524,412.16314697265625,424356
2015-03-03,411.7008435401151,415.0032567235919,410.831218818509,413.847412109375,306768
2015-03-04,413.9024323335894,413.9024323335894,395.18875853127287,401.6724853515625,362388
2015-03-05,403.0154579032377,412.8015970130522,403.0154579032377,411.150390625,546032
2015-03-09,412.5815211583418,415.0032910264004,407.33068913761855,410.6771240234375,938364
2015-03-10,398.5351914358796,402.8943873606437,369.8702572491155,373.8551635742188,395216
2015-03-11,374.2734778911133,377.7960518006767,365.9073648559002,370.6848449707031,286228
2015-03-12,372.07191126970525,372.952554846675,359.74290119212924,362.9572448730469,259074
2015-03-13,364.1460710353567,368.52727762779233,352.25738431473445,356.308349609375,202286
2015-03-16,346.9735775203417,351.24470434453536,330.6816709616454,339.950439453125,630548
2015-03-17,341.6897624526659,359.5668191711491,341.6897624526659,351.7290954589844,495548
2015-03-18,352.2134529802845,357.76149745226854,337.4186229298063,339.84039306640625,301862
2015-03-19,344.30958210570543,345.6525580070173,336.38379096669104,338.5413513183594,720360
2015-03-20,337.2864033606682,338.01294487512826,320.55417969525644,324.56109619140625,1083386
2015-03-23,321.434877046344,323.6364857932368,314.9621419554579,316.10699462890625,383264
2015-03-24,308.2472647170128,317.91233341396907,308.2472647170128,312.8486328125,725408
2015-03-25,315.2703660049939,315.2703660049939,306.4639312003851,310.6029663085937,901154
2015-03-26,310.6029839127829,314.05949901945587,304.70266150923726,308.4674072265625,165530
2015-03-27,312.43022256701425,320.2679425917097,304.7466043703628,316.9215087890625,428842
2015-03-30,317.03170038389896,320.003872574998,307.38864208051126,315.5786437988281,655150
2015-03-31,313.06876367106776,320.51021198234963,312.65045263431995,314.5218200683594,572750
2015-04-01,314.38971997070314,334.0721069741423,314.0154572445899,330.2413024902344,926342
2015-04-06,331.0999850629392,345.146234450267,328.9203867635802,339.6422119140625,387068
2015-04-07,338.60739595757,347.85415189399254,338.60739595757,343.23077392578125,282870
2015-04-08,343.40689632345965,346.5331695682527,338.1890681788504,339.7301940917969,120568
2015-04-09,344.33153509411693,351.8610246639095,341.24928350120285,342.87847900390625,198662
2015-04-10,343.451006295469,351.7290508157737,343.451006295469,345.9608459472656,226418
2015-04-13,346.0928217186393,351.5968424202716,341.46944432926813,342.87847900390625,218736
2015-04-15,343.4509378371752,345.5644766949984,324.34096464850074,325.5518493652344,498456
2015-04-16,330.2413347415559,332.9052761334494,324.1428888433719,330.923828125,149584
2015-04-17,330.54959445142987,330.54959445142987,319.343398798008,324.0328369140625,281978
2015-04-20,324.0768454428687,324.9574890446156,310.8671914166648,318.7489624023437,504410
2015-04-21,317.25181491846456,320.97253901112776,306.0236105042788,313.94940185546875,792974
2015-04-22,317.0316474906109,327.1810580526156,310.6469823675361,315.8427734375,494758
2015-04-23,316.12899371663883,316.59132616146405,308.66553496409773,310.1185913085937,198038
2015-04-24,313.9493690588771,313.9493690588771,304.35036146688026,305.95751953125,170896
2015-04-27,314.389725090142,314.389725090142,306.02361195749114,308.6215209960937,268178
2015-04-28,309.1278583176853,316.106973708512,306.0235955650322,311.04327392578125,312678
2015-04-29,314.8301051664466,320.113967071338,310.8892194540261,318.1985778808594,218058
2015-04-30,321.2147218094115,324.86938701837653,308.90772332325497,310.757080078125,423844
2015-05-04,315.2263299049705,319.519466672341,311.3514772712598,312.3201904296875,104072
2015-05-05,314.3897539538362,314.3897539538362,306.0236400531038,307.74090576171875,781776
2015-05-06,309.06184048862826,310.66899871681403,301.00393113526485,301.81854248046875,241280
2015-05-07,301.37823155902026,301.37823155902026,291.58107247859954,294.0909118652344,347882
2015-05-08,300.6957407494237,309.8764386982929,297.2171880942774,308.5774841308594,226066
2015-05-11,312.1441613312365,312.1441613312365,300.40957361266464,307.3226318359375,141412
2015-05-12,304.7026779695124,310.8671830151384,301.6644468755531,302.8973693847656,150462
2015-05-13,307.34466425078773,319.2333547017494,305.4512855910277,315.13836669921875,261072
2015-05-14,316.1509793848299,321.43483976452063,311.4175211280236,319.47540283203125,116260
2015-05-15,323.196228811601,344.7279774211653,321.6110809462211,341.3374938964844,284400
2015-05-18,341.2493092952933,346.0708371693894,334.6444839540941,339.7301940917969,124304
2015-05-19,341.22732592308745,348.25046280690475,336.537888805103,341.42547607421875,252960
2015-05-20,353.5783430259839,361.41606430832593,343.4509434125373,345.08013916015625,1303528
2015-05-21,345.19029317122613,347.67809530759024,340.8531071567628,343.9573974609375,115310
2015-05-22,345.12416548316395,351.5969002682582,343.8912700181712,349.90167236328125,192860
2015-05-25,349.90164573913324,352.03719521019184,347.08357614063004,349.8796081542969,92168
2015-05-26,352.1473002687364,352.1473002687364,344.3315896344505,346.158935546875,135238
2015-05-27,344.7499049168117,344.7499049168117,330.5054807833481,334.6004943847656,197704
2015-05-28,339.9283942801057,339.9283942801057,328.0837283407691,329.4046936035156,180112
2015-05-29,330.7697374007063,351.9932532704539,329.8010240777923,346.379150390625,1150244
2015-06-01,341.2493097167012,341.2493097167012,335.63520816974903,337.0662536621094,75918
2015-06-02,338.1670916908189,340.36870036068103,328.4800135434257,332.4208984375,206174
2015-06-03,332.42094686189085,339.4881063466136,323.636521614476,335.0188293457031,99344
2015-06-04,335.12883258800707,341.2493149218073,332.44288098834136,333.301513671875,81368
2015-06-05,333.3235275906309,336.6919993526517,330.2852971042943,331.60626220703125,46470
2015-06-08,330.74769964104894,336.00952315493834,321.4789051247137,329.2065734863281,82054
2015-06-09,328.0397443707803,339.0037680534853,325.8381353481576,329.1845703125,100408
2015-06-10,330.1532899796093,333.1695105234264,327.04902657328955,328.67822265625,63958
2015-06-11,335.084844891301,335.084844891301,323.43832946716685,325.5959167480469,74694
2015-06-12,325.59590191683816,326.6967062191636,313.3109151528443,319.9157409667969,81732
2015-06-15,320.1359630630848,323.63652678909085,315.71073429629683,318.44073486328125,147248
2015-06-16,320.8405142668104,325.39783448691384,316.17308671337884,320.4442138671875,282068
2015-06-17,320.5542696366099,326.6527158020427,319.23330423975574,319.7396850585937,94010
2015-06-18,321.8311648401517,323.6144624806798,316.15100374428584,317.22979736328125,294500
2015-06-19,318.70485648091824,321.39083510573425,312.6284221023996,314.1915588378906,111632
2015-06-22,316.9876523189931,319.1011914356106,314.0374910910587,315.66668701171875,76580
2015-06-23,314.9841702471694,322.7558603074816,310.867172410753,317.0316772460937,136982
2015-06-24,301.6203879877055,301.6203879877055,272.5591535246565,276.5660705566406,3683370
2015-06-25,277.6668184837158,283.9634395049549,266.8349167707836,268.75030517578125,2520072
2015-06-26,274.71675867519286,276.87431918874546,268.1559536567018,268.6182861328125,1744836
2015-06-29,263.75270708016245,263.75270708016245,253.62530764302764,255.98101806640625,1512752
2015-06-30,255.78284961183545,272.9553934500348,255.430570802254,264.3250732421875,1097388
2015-07-01,266.658752029291,270.29140525407547,265.97625891965413,267.8476257324219,647226
2015-07-02,270.2254918067407,276.8743401818703,268.2660544378763,275.355224609375,489348
2015-07-03,276.4779933939768,276.4779933939768,270.7758222676599,270.9519348144531,350234
2015-07-06,270.7978908973559,276.081752183158,265.073707837737,274.3204650878906,207896
2015-07-07,276.5220405048546,287.5300835185829,274.76075362265806,282.02606201171875,606878
2015-07-08,277.3586573807638,281.58573506960903,273.9241265240845,275.7294616699219,251876
2015-07-09,280.9253076427932,281.3656294416064,269.6310427531919,272.8894348144531,615778
2015-07-10,277.86501938424027,277.86501938424027,264.76544805615526,268.59625244140625,503394
2015-07-13,270.7978324011786,277.4026575816952,270.7978324011786,276.3899230957031,181716
2015-07-14,279.60442081791905,281.8060304306585,274.0123270265372,280.1328125,195656
2015-07-15,281.36558124758125,284.8000853150189,280.48493780079696,282.70855712890625,194860
2015-07-16,284.0177358454904,292.44951237840337,283.9511583542348,289.4761962890625,218668
2015-07-17,291.5619080767594,298.440461463654,290.45246398209895,293.22607421875,456942
2015-07-20,300.8813192913641,300.8813192913641,255.1278433721837,294.1137084960937,176700
2015-07-21,294.13584803345924,297.220108401606,284.0177221008255,286.85791015625,275298
2015-07-22,286.23662186797446,286.85792149404256,277.8048454098481,282.8639221191406,112364
2015-07-23,284.01773097993004,287.124174912523,276.0297322961195,281.1109924316406,307266
2015-07-24,284.46145700994424,286.23656750610616,282.2425688897419,283.1079406738281,152638
2015-07-27,284.9496543564296,295.55595237050863,284.9496543564296,293.3148803710937,431732
2015-07-28,297.3310624389444,300.8812840800064,292.89328538761686,297.9523620605469,326468
2015-07-29,299.5499204344832,299.5499204344832,288.8992565968126,290.8074951171875,124558
2015-07-30,289.4540263149481,297.1757697026504,288.988065112562,289.74249267578125,186256
2015-07-31,292.16102531287885,297.3310461284842,290.2527867026951,295.1565246582031,111246
2015-08-03,295.2452649413812,299.52773009559263,293.6254927715268,297.15350341796875,89830
2015-08-04,297.3310401123872,299.12833426600787,290.29717484862186,296.8428955078125,175266
2015-08-05,299.1061139878286,303.5438901597548,296.04403759478504,301.0587463378906,188402
2015-08-06,301.72443817197484,309.7124359541135,300.88124979388925,308.0038757324219,202358
2015-08-07,304.14299907860453,311.53190772443253,304.14299907860453,308.35888671875,157512
2015-08-10,312.81894885878245,320.36317065820674,308.5142992383726,315.5925598144531,289068
2015-08-11,318.16647453183083,321.738880128462,312.9520857849213,316.8129577636719,129352
2015-08-12,313.28490829016704,324.4015355197003,313.26272481985745,315.792236328125,363274
2015-08-13,317.36761921627016,323.9577069408565,315.6146919601356,317.5895080566406,195198
2015-08-14,316.48010295535744,322.60423028899913,316.48010295535744,318.4327087402344,111498
2015-08-17,321.27285187059624,325.7549955346668,319.5199246445744,324.5346069335937,244786
2015-08-18,326.0656312899873,335.4959064378774,326.0656312899873,333.54327392578125,173052
2015-08-19,334.8081135976791,337.2710745803666,330.6144086347014,334.0980529785156,77410
2015-08-20,337.049212893421,337.049212893421,320.2078412756783,322.44891357421875,238674
2015-08-21,319.5199223652687,320.8956223077034,308.8470748201367,311.1547241210937,147722
2015-08-24,290.6744210907698,309.7124970622774,288.4555323801532,299.4833984375,199784
2015-08-25,301.70226009563856,307.29387539664003,283.57395178981426,294.4686889648437,186626
2015-08-26,292.9376810804189,304.8087358580615,288.76618649429435,299.7052917480469,132962
2015-08-27,302.6563956614653,307.24948408672054,301.32506254271993,303.1889343261719,49112
2015-08-28,303.98775311165184,313.7508634305662,303.98775311165184,310.9106750488281,90956
2015-08-31,315.08216455217433,317.07916418666,308.53644352802706,311.0881652832031,53086
2015-09-01,313.3070931698501,313.77305439262466,299.54998284652805,310.75537109375,71580
2015-09-02,310.7554540586776,315.0379213467452,302.9671578425716,312.6415100097656,70258
2015-09-03,312.8632665690577,318.0998378121545,309.2242841506209,312.7745056152344,68792
2015-09-04,317.1901055595787,319.0095832635244,305.7628299832804,307.38262939453125,94146
2015-09-07,304.4758651874018,308.9358526834015,300.4818659391925,304.2983703613281,84274
2015-09-08,302.2125599751434,316.87940493558443,300.5483938959851,314.6161499023437,123720
2015-09-09,315.5481392660864,319.51995523798934,308.8692900633897,311.7538452148437,84260
2015-09-10,308.8692961785839,312.8632956981345,303.98774121024417,308.4920959472656,79656
2015-09-11,309.77903725888024,314.727169754838,301.7688546948505,303.6770935058594,91096
2015-09-14,310.20066076428105,310.20066076428105,300.8813276082726,301.5248107910156,85390
2015-09-15,306.20661004431315,306.20661004431315,297.3310561299852,300.4375,76290
2015-09-16,304.4315639274825,307.094230667373,297.3311192877744,305.29693603515625,76594
2015-09-18,306.6504239657902,307.56016293227145,299.5943469359224,302.212646484375,183922
2015-09-21,301.7688852456304,306.2510299126546,299.572179854942,304.4537353515625,62660
2015-09-22,304.0764998391146,308.38114914991985,301.7688502727615,303.4552001953125,298230
2015-09-23,300.8813367900498,301.76889235580217,293.89183670974995,297.5086364746094,103318
2015-09-24,300.4375567297755,300.4375567297755,293.84746753843746,294.9790954589844,112360
2015-09-28,295.11206007303207,302.7894059930641,295.11206007303207,301.6799621582031,123966
2015-09-29,298.6623984913409,310.33374683389815,288.49987810944765,291.7838439941406,227214
2015-09-30,291.78374526981,299.0394975306993,291.4730955610614,295.4005432128906,178208
2015-10-01,295.1122104055513,296.4213602147849,284.7721940145658,286.5694885253906,121546
2015-10-05,289.69812646405995,290.58568201516675,286.4141871765922,286.83575439453125,116336
2015-10-06,288.45554262523524,294.22465347773993,286.7026150643806,287.1463928222656,180878
2015-10-07,290.6300651680595,292.36078217632144,287.56798779691513,288.3002319335937,132762
2015-10-08,291.0738303804822,291.5619750598636,284.90530896260645,286.680419921875,118554
2015-10-09,289.7425272101856,297.3754834578182,288.47774426891,295.6003723144531,229638
2015-10-12,301.7688553778232,305.98474379854275,296.44352263586154,298.26300048828125,145570
2015-10-13,298.2186341851208,303.9877446678687,297.7748564556787,303.1001892089844,122878
2015-10-14,303.5440274396513,307.9152281114901,301.7689161680744,306.3842163085937,96004
2015-10-15,305.3412483987441,311.97573059023995,303.943364861807,310.1784362792969,102188
2015-10-16,310.3115517618003,312.4638627379592,303.9877196379452,305.6518859863281,48718
2015-10-19,306.65041968361373,308.35895315568234,301.8576254878225,306.05133056640625,64684
2015-10-20,303.6549055869662,306.31757191290234,302.6564057147402,303.4552001953125,53350
2015-10-21,304.12088182444114,305.3190871476071,299.6165539851544,301.03662109375,330316
2015-10-23,304.4315370306911,304.4315370306911,292.9154989809073,294.6684265136719,105478
2015-10-26,299.9715517080927,299.9937351766222,295.40064666329044,297.0426025390625,161714
2015-10-27,299.4168225036236,301.3250612148747,292.89328483330974,293.89178466796875,96200
2015-10-28,294.7793284740948,294.7793284740948,284.9496418764852,288.01171875,118346
2015-10-29,288.0338794340125,292.0500617649036,287.52355138615326,289.0323791503906,53744
2015-10-30,288.0339173898224,289.897789189882,284.01773452969684,286.3697509765625,67792
2015-11-02,291.56201134516067,291.56201134516067,282.86397739667973,290.0087890625,72672
2015-11-03,291.1180993797988,301.76876155223044,288.0116562461729,300.570556640625,205002
2015-11-04,302.56770403871906,302.65646501751735,293.1152421467305,294.5131530761719,64452
2015-11-05,297.3089218023406,297.3089218023406,285.0606391245179,287.3904724121094,74944
2015-11-06,291.11818910713134,293.71427797740427,286.10350620587866,292.24981689453125,75968
2015-11-09,290.2084196096354,295.1121575624501,276.9172726601035,291.07379150390625,80704
2015-11-10,292.8933198376419,296.04413108026534,288.61085364499183,290.8297424316406,75678
2015-11-13,295.5559107539746,295.5559107539746,286.68035787847987,289.7646179199219,94946
2015-11-16,286.6804022623297,297.1091785056188,286.6804022623297,289.0768127441406,120460
2015-11-17,290.2306295473991,295.5559621996449,289.8312187640636,292.8045349121094,61820
2015-11-18,293.6921108814275,296.8873161133088,289.78687208070346,292.5382995605469,131396
2015-11-19,294.2025034527942,299.5278371528123,290.14192567211126,297.24237060546875,77006
2015-11-20,295.1121557875342,299.52774909960834,290.7631399615575,293.78082275390625,120046
2015-11-23,295.0678409018885,299.08402417788244,290.8963191596134,297.0204467773437,35290
2015-11-24,299.0617891542649,299.54993376746995,294.80150717794794,298.6180114746094,53048
2015-11-26,298.662355432913,298.662355432913,295.6446728606052,297.1313171386719,29426
2015-11-27,296.0218984565976,303.7214575194212,295.55593730598093,301.54693603515625,153444
2015-11-30,301.7688234498908,301.7688234498908,293.8917696024856,295.53375244140625,141804
2015-12-01,295.11213382218733,299.5499102706413,295.11213382218733,296.3547058105469,174042
2015-12-02,296.443509011047,299.03959776901746,294.75715913747393,296.8207092285156,30420
2015-12-03,296.86501791505793,299.52768339825866,292.8932031520768,293.38134765625,34086
2015-12-04,293.736446133839,299.0617780927347,290.67436942305835,294.2911682128906,63268
2015-12-07,299.505611614669,309.62373880642406,296.0663340831133,301.6135559082031,497474
2015-12-08,302.8783424898008,307.382697904837,298.1077312344669,302.39019775390625,215188
2015-12-09,303.1002079713113,303.9877634851365,295.60035304507034,298.5736694335937,113270
2015-12-10,300.8812814593669,303.5439476669719,297.3754267849371,299.1061706542969,234290
2015-12-11,301.3028749821209,301.7466526823417,295.6225258365029,297.5529479980469,443188
2015-12-14,297.7747879998534,297.7747879998534,292.0278623075371,294.1579895019531,53582
2015-12-15,295.555974001433,295.8888073054887,291.2513245184377,293.2705078125,107686
2015-12-16,294.4021612431817,296.7541778295402,292.00575063154497,292.6714172363281,92350
2015-12-17,296.865112686676,297.3310738777833,292.8932966557269,293.9583740234375,220606
2015-12-18,292.8932447044903,297.2422601935009,292.005689417507,294.8014831542969,207198
2015-12-21,296.7985222529652,296.7985222529652,293.33706158789573,295.24530029296875,150636
2015-12-22,297.75271021486736,297.75271021486736,291.2069878871746,292.09454345703125,76754
2015-12-23,295.1122176048701,295.1122176048701,289.5649954694402,291.2735290527344,210970
2015-12-24,290.67439553426664,292.42732287874264,286.90228505786774,288.6552124023437,203248
2015-12-28,291.1181576451972,291.1181576451972,286.17002568617147,287.0132141113281,80314
2015-12-29,287.1241985610169,288.45553178463825,284.6834209843776,285.7262878417969,70606
2015-12-30,287.1019986513916,288.6108266334724,286.236626688381,287.5457763671875,63204
2015-12-31,288.411190975275,288.411190975275,283.1968020436624,284.7278137207031,109882
2016-01-01,285.37124166808326,288.4555020689518,284.0177251140448,288.0560913085937,40898
2016-01-04,288.0561743080658,288.0561743080658,284.0178069499162,287.2130126953125,36808
2016-01-05,288.4555579189979,288.4555579189979,284.03996357672094,284.7278137207031,61096
2016-01-06,284.4614928296862,287.43480870236834,284.0177151497647,285.282470703125,119736
2016-01-07,284.0177871943495,284.23967609059514,276.16291485004643,278.1820983886719,104628
2016-01-08,278.2486055199236,283.3520488428568,277.3610501594135,279.468994140625,69694
2016-01-11,277.3610679571845,280.4896953865332,272.2798077750005,274.1658630371094,184132
2016-01-12,277.8048811272238,281.7988810156343,275.16439800600995,279.6243591308594,124922
2016-01-13,281.7988601338557,285.3490819938098,275.1421941464418,277.5386047363281,200834
2016-01-14,275.14217025690675,278.0267252676647,270.2384321558265,276.6288146972656,49580
2016-01-15,275.1642931434642,277.38318112476145,272.21318837995983,274.0992431640625,41938
2016-01-18,274.2546096144975,274.2546096144975,264.0477228489094,265.7562561035156,92066
2016-01-19,273.8108517283688,273.8108517283688,260.49752020186787,273.03424072265625,57956
2016-01-20,270.7043588320336,273.0563748932028,263.2710834050884,265.5565490722656,65166
2016-01-21,273.3670447550264,273.38922822132133,264.4914913538892,269.5505676269531,118946
2016-01-22,270.70435004299003,273.8329768680829,259.87616520685583,261.2518920898437,166166
2016-01-25,282.0872825555197,284.3283543383301,268.0860756073668,270.10528564453125,496384
2016-01-27,272.9232882300814,284.1508587351838,270.70439970788567,281.5103759765625,513288
2016-01-28,282.33138495029306,288.43332847211,279.136180016206,283.4630126953125,209568
2016-01-29,284.0177759706928,296.33260922567206,283.10803694924584,294.1802978515625,375674
2016-02-01,295.09003687300947,305.76288694344896,292.89333146977697,294.1802978515625,246764
2016-02-02,297.8021930909889,300.7086709514865,296.0135913306827,298.1152038574219,394314
2016-02-03,295.119275726076,296.0135765616096,291.3184971750584,293.9566955566406,147676
2016-02-04,295.8346872484512,298.22695821122943,284.18642504177,287.7859802246094,127362
2016-02-05,288.27779871622454,289.5298140754706,281.39167330253923,286.7574768066406,175946
2016-02-08,289.4852010886276,294.53799552048946,282.1519230745279,284.857177734375,85324
2016-02-09,284.8347309619922,284.8570830178189,277.2778802442048,278.6640625,80016
2016-02-10,278.6641766337634,281.4812191189089,272.8064891379607,273.566650390625,286584
2016-02-11,278.12750043149487,278.12750043149487,262.0300888309582,268.17840576171875,130954
2016-02-12,270.52595252249137,271.9344869937036,257.1114424800538,261.9630126953125,92646
2016-02-15,271.64377666346985,276.3388542848137,267.1499221128463,274.8409118652344,39038
2016-02-16,276.1600925224476,277.68041488948666,268.334960057768,273.72314453125,219590
2016-02-17,274.3938457783188,287.7636259685874,271.0625699382589,285.6173095703125,90716
2016-02-18,285.6173641685513,291.9892583985347,283.64989117376183,288.8368530273437,71276
2016-02-19,286.19857566753643,292.65990367457414,286.19857566753643,291.2066650390625,49448
2016-02-22,291.0949614096105,295.92418111747304,287.6966286908664,293.66607666015625,85914
2016-02-23,289.41809574107407,292.6599361336933,282.5319686799941,287.9425048828125,83192
2016-02-24,287.8977618671959,287.94249328042844,278.77591047065744,281.5482482910156,70356
2016-02-25,281.54820999756834,281.7047016928641,277.7921363915743,280.3632507324219,26816
2016-02-26,280.3856139251624,282.8002366666075,274.572659532393,277.30029296875,63494
2016-02-29,281.5482637440154,281.5482637440154,259.34723519385267,271.7333068847656,69250
2016-03-01,276.74140729372016,278.93242798797525,271.1967311401314,275.355224609375,150394
2016-03-02,279.46901364011285,281.0563921792095,271.53209365273364,273.07476806640625,99894
2016-03-03,276.7861008113084,279.4242991186749,261.87364571505,269.229248046875,386290
2016-03-04,271.3980363226729,277.09920593058087,268.7374850472684,270.8614501953125,96934
2016-03-08,274.7291981088753,276.33892852332207,268.7373722370818,272.3145751953125,143140
2016-03-09,274.7068147099289,274.7068147099289,267.8430675516966,270.2576904296875,121888
2016-03-10,271.3755490974635,274.7738807250694,266.50159953155634,267.9995422363281,799988
2016-03-11,268.3573660270026,271.1520564701236,266.45697652568043,268.0220031738281,477132
2016-03-14,269.6317189431361,271.8674711731787,266.1439509226492,268.1561279296875,91906
2016-03-15,273.6336957971879,277.0096758965473,267.8430925940788,273.7454833984375,367834
2016-03-16,274.5503529884835,305.8508818308187,273.7454877052025,296.19244384765625,889830
2016-03-17,299.5837954155469,300.9538035155018,290.1958225185634,293.856689453125,949748
2016-03-18,295.11430590821016,305.40064504099115,291.9924672042047,301.9194641113281,611012
2016-03-21,309.4882493310115,358.4493802121149,309.4882493310115,332.6661682128906,3955724
2016-03-22,323.4130970710797,331.5208782574952,310.8808285931481,321.6837463378906,1611828
2016-03-23,322.8739383516837,329.49941229654274,319.0109611197479,326.5797119140625,400738
2016-03-28,327.5231098335738,341.3804500295309,326.5798052983272,332.733642578125,515388
2016-03-29,330.5999787097042,340.93122804438246,330.51013627575554,337.89923095703125,228300
2016-03-30,340.4146574032919,342.278785112785,335.13673650424306,339.40399169921875,134368
2016-03-31,339.4039486506717,344.5022114497694,332.8458629913544,342.3461303710937,170712
2016-04-01,341.380442164349,341.380442164349,330.1508223563112,332.8908386230469,299296
2016-04-04,336.8885313214954,339.1344548636387,334.6426077793521,337.45001220703125,202174
2016-04-05,338.2360345948626,339.1344038766551,332.576319085992,335.7206115722656,119284
2016-04-06,335.7206488026048,336.8660642807021,329.0726934472599,331.9699401855469,104232
2016-04-07,333.2949961927069,333.2949961927069,324.01932259639386,326.3101806640625,82984
2016-04-08,332.32931487199863,333.18277683402056,323.4130088580988,327.2310791015625,41594
2016-04-11,325.4343701938163,327.9722751444997,319.4602181565627,322.3125305175781,90988
2016-04-12,320.49332314525327,326.1081325906852,320.24627701286664,323.1435241699219,171724
2016-04-13,325.6814086959706,328.35406353352573,323.81730836904967,325.3669738769531,72606
2016-04-18,325.36697011604014,348.7919663291696,325.36697011604014,346.4337463378906,742684
2016-04-20,347.84870175379586,352.56514190522586,341.4253375194741,343.9183349609375,248904
2016-04-21,341.4927023589249,345.6027537417704,331.04915703851054,335.2490234375,161260
2016-04-22,335.4512502925457,339.0222754375394,332.4417062264484,334.7999267578125,68524
2016-04-25,334.19346339105255,335.5410176789197,320.9874204035296,322.806640625,220684
2016-04-26,323.30073501512976,332.62131890059544,317.2367406800075,328.26422119140625,564282
2016-04-27,331.00430828013054,340.39225466650186,330.95937334802204,336.7314147949219,406834
2016-04-28,338.6628210195235,339.5836442011428,328.28663766374194,331.13897705078125,103932
2016-04-29,334.6202298037525,336.34958035640034,331.0941125944434,333.54217529296875,391728
2016-05-02,333.47473523112933,333.7666888391074,328.8032033428943,332.1720886230469,50346
2016-05-03,328.78080183147534,334.5303614732819,324.0868154454151,328.28668212890625,157186
2016-05-04,329.25244588337927,334.1485709836776,323.8622284882899,330.6673889160156,84196
2016-05-05,331.2063111969362,333.4297808351739,325.838576230274,327.63531494140625,106184
2016-05-06,327.00653613911606,331.0267456037096,324.8729083277688,325.7937316894531,64642
2016-05-09,325.7038572838512,330.12834360283773,322.08792546267154,324.3787841796875,115680
2016-05-10,324.44614241767187,325.65894673700825,317.9778984079807,322.1777648925781,147906
2016-05-11,323.3905773586733,329.6791640747736,321.6162920519896,325.3669738769531,77570
2016-05-12,326.98396436715046,332.3966337991829,323.14344117606004,330.8918762207031,92540
2016-05-13,330.8920185280414,333.4748313203841,326.7819663355389,330.8695373535156,76444
2016-05-16,330.150769012354,330.7347036648101,321.16707461745995,322.1103515625,74640
2016-05-17,326.6247360672109,326.6247360672109,322.3574804962043,324.1991271972656,140208
2016-05-18,324.1991186408209,331.47591764253906,324.1991186408209,329.8813171386719,87082
2016-05-19,332.3069233532846,332.3069233532846,321.3692839856088,324.3338928222656,76220
2016-05-20,321.23454284187693,327.7027879583512,321.23454284187693,325.59161376953125,54164
2016-05-23,326.55733114535326,329.5893283740068,324.5809071706206,327.1412658691406,46022
2016-05-24,325.1422806036453,327.9047770203064,325.1422806036453,326.7369079589844,34192
2016-05-25,327.00648492221643,329.2524085823965,323.50284949554765,325.1199035644531,45212
2016-05-26,325.4567971954589,329.7015984626934,325.1199086411714,328.5561828613281,177516
2016-05-27,330.5775284048884,332.3068787581843,325.9284497061319,329.4770202636719,149872
2016-05-30,331.4759160420664,331.4983697979999,329.1850571995153,330.6673889160156,226846
2016-05-31,332.37425360714514,332.37425360714514,327.9048599641477,330.5775146484375,129604
2016-06-01,327.9048994713352,331.498377821706,327.2985109661357,330.9593505859375,132940
2016-06-02,330.5999674736651,331.0491522120804,325.20975061268143,326.53485107421875,329838
2016-06-03,326.55733459225496,330.5999976064644,323.4130411367587,327.5904541015625,84332
2016-06-06,331.0042923437912,331.2513385022631,323.8622430086584,325.61407470703125,93902
2016-06-07,328.6235620825849,328.8032469544494,325.2097688456576,326.84930419921875,79292
2016-06-08,327.7027609767863,327.85999210432345,323.09861683832423,323.8397827148437,75268
2016-06-09,322.9638985011441,326.4226272367341,321.18961290794533,323.2333984375,54330
2016-06-10,323.3905991209984,324.0868300710636,318.0228353296092,319.01104736328125,109446
2016-06-13,316.6753484319665,322.9414831501109,315.3727012804992,321.0549011230469,56270
2016-06-14,320.38100505030377,321.1670783189165,315.4399730761666,316.4057312011719,71050
2016-06-15,318.44955415923624,321.16711658559404,316.00149163351807,316.42822265625,120520
2016-06-16,317.55118412160857,318.4944611884822,315.26032530538777,316.6078796386719,70358
2016-06-17,319.7970855829631,319.7970855829631,304.74939658325576,307.8487548828125,263858
2016-06-20,307.8487769179791,311.6443937787699,307.8487769179791,310.6337280273437,63286
2016-06-21,310.8358236330852,316.63031743891185,310.0272966270781,312.699951171875,69274
2016-06-22,310.9705736730011,318.89869488369345,310.9705736730011,314.90093994140625,81794
2016-06-23,312.3181367589713,320.71789667901464,312.3181367589713,317.0345764160156,107472
2016-06-24,312.6101085124095,323.30069926756954,300.9537596516452,319.72967529296875,125380
2016-06-27,316.67526172162377,321.1671094056184,315.32770741642537,317.7308349609375,43940
2016-06-28,322.245155286057,322.245155286057,312.1834057738283,315.41754150390625,205460
2016-06-29,318.02278593342,318.02278593342,310.8358303191054,312.9020690917969,97618
2016-06-30,315.8891927850948,315.8891927850948,310.4315868064565,313.3512878417969,133724
2016-07-01,313.5309242420676,314.4068399004541,308.81448483728,309.7802429199219,98124
2016-07-04,309.1513809935348,312.8571549030105,306.0295417320373,307.1749572753906,115338
2016-07-05,309.3085998822652,311.95880080513336,308.1407305289006,309.9374694824219,76356
2016-07-07,309.93751197458954,309.93751197458954,297.1357451756391,301.35809326171875,162172
2016-07-08,301.33560906721965,306.09698434872314,298.2587041847514,304.9515686035156,204540
2016-07-11,308.99420545301297,309.84764004207995,303.2895535531998,304.7943115234375,544490
2016-07-12,305.4456862718868,307.06274070337025,298.3710251560306,299.2244873046875,157412
2016-07-13,299.22439883650526,303.13228379320253,299.1570101650898,299.8532409667969,134134
2016-07-14,300.0553448951624,305.4455606717221,299.98795623153325,304.83917236328125,74504
2016-07-15,308.5449689205501,309.443338284225,292.4192278761637,294.4630126953125,187796
2016-07-18,298.7527715083714,298.7527715083714,287.9723373189336,289.0728454589844,156528
2016-07-19,291.74552327920526,291.74552327920526,285.23234377566644,287.9049987792969,67688
2016-07-20,287.4781727431752,291.07164990246486,284.42372264099,287.4557189941406,198212
2016-07-21,287.4782522736259,288.376621811981,279.72981500531336,283.9970703125,77352
2016-07-22,281.032420630365,299.5163547244383,281.032420630365,296.259765625,298860
2016-07-25,296.0127867021966,300.7292271579979,291.9701234543669,298.9100341796875,220486
2016-07-26,298.9100011875735,313.5309595035601,298.8875474329991,310.4989624023437,323324
2016-07-27,308.16322746897094,313.48608381436566,306.7483117944214,312.7898254394531,158114
2016-07-28,312.722431966648,316.6752523280984,308.1631957362088,312.25079345703125,181502
2016-07-29,312.20586634936626,313.9801516595533,306.1194182489064,308.3204345703125,170970
2016-08-01,311.6892776918581,311.6892776918581,300.100290372765,305.13116455078125,134782
2016-08-02,304.9964826438023,311.57705100453114,300.9762731551961,303.1323547363281,128762
2016-08-03,305.37821256898064,309.26367125707986,301.6275312260409,304.1654357910156,121668
2016-08-04,305.42316176241894,305.42316176241894,298.7078445851498,300.43719482421875,40896
2016-08-05,305.3108527829078,305.3108527829078,299.15701677445566,303.3793640136719,51086
2016-08-08,301.40296043033857,307.6017043568711,299.1570367311557,301.1559143066406,84284
2016-08-09,301.4029413322697,306.05199212857184,301.4029413322697,302.77294921875,69668
2016-08-10,302.77300578684014,304.03071773045934,299.29182362328714,300.0329895019531,131034
2016-08-11,300.03292139472177,306.7931455461658,300.03292139472177,303.0873718261719,198526
2016-08-12,301.06610259907285,310.8358716875172,301.06610259907285,306.07452392578125,133752
2016-08-16,307.6915848893896,311.06047085533186,302.25645983076186,304.9515686035156,118126
2016-08-17,304.1430329769885,306.52373447401203,302.3462936832746,303.5141906738281,103116
2016-08-18,303.19968271092057,305.8498834965953,297.3602814142658,298.3035583496094,59246
2016-08-19,298.7752273374126,300.88637358759684,289.769051772695,290.5776062011719,173834
2016-08-22,289.72418848436297,294.21603636784147,286.2205526184625,289.4771423339844,90646
2016-08-23,291.07170193969137,294.1935412631516,287.92740886318234,291.0267944335937,78144
2016-08-24,292.4192420611751,292.4192420611751,287.0739331215904,288.3541259765625,79806
2016-08-25,288.3766333946338,289.724187756291,284.58101645942,287.6354675292969,103946
2016-08-26,289.2749718137439,289.2749718137439,280.96505414518134,283.4131164550781,176158
2016-08-29,285.45692825575964,285.45692825575964,269.915145803382,273.1268005371094,227312
2016-08-30,277.1919260504184,280.8078855833112,272.6551705869784,278.1576843261719,151812
2016-08-31,280.02167100889227,281.6162707440825,276.4955556960388,279.5949401855469,120820
2016-09-01,281.86338770156004,285.6814574951269,277.59613322639694,280.85272216796875,84166
2016-09-02,278.494577986055,282.46985252797845,275.4850343213798,277.82080078125,222476
2016-09-06,279.99922264841894,282.0205534437455,274.9009881644057,279.0783996582031,234216
2016-09-07,281.6164168400501,281.6164168400501,274.002728969887,275.52996826171875,185602
2016-09-08,274.18240198662943,277.32669546163174,270.40923885020123,272.0712280273437,224416
2016-09-09,278.3598198186807,286.5798959916549,274.2273142678767,276.83258056640625,296336
2016-09-12,277.95551407919413,279.75225305503386,274.0026938155589,277.19189453125,189478
2016-09-14,278.4944996490688,279.8195999289975,277.1469456185088,278.4720458984375,237826
2016-09-15,279.145918474492,279.145918474492,276.27112459207194,278.04541015625,99558
2016-09-16,279.8420950402906,279.93193747215133,273.0144814597872,275.1705627441406,551318
2016-09-19,278.4496767281865,278.49458424308995,272.7899316310265,275.55242919921875,98984
2016-09-20,275.7995194149006,278.494628725144,271.1055318830129,272.1611328125,196588
2016-09-21,275.5074986977692,275.5074986977692,268.6574301848826,270.0274658203125,148712
2016-09-22,270.4092165367367,271.2851322728504,269.5108470465815,270.16217041015625,779948
2016-09-23,270.40922623577865,271.73432676449863,265.82753618843844,267.4670715332031,261526
2016-09-26,268.11850132947285,272.20607331212005,268.11850132947285,270.4991760253906,102022
2016-09-27,270.4316574708613,273.5984042903256,270.4092037178841,271.5321655273437,260210
2016-09-28,271.5322321944373,281.05495615990384,271.2851860189129,280.42608642578125,178854
2016-09-29,282.0880044201305,284.33392802220163,272.6551252914319,278.0228881835937,355914
2016-09-30,274.9010524822268,290.4877679672905,272.2508516307617,287.52313232421875,191602
2016-10-03,288.376635191984,289.72418956204,285.38954537193433,287.545654296875,127394
2016-10-04,289.83647525030966,300.50461362643495,285.9959509181171,297.0908203125,242386
2016-10-05,299.1570408135424,317.57361539815986,299.1570408135424,312.4978332519531,982688
2016-10-06,311.1952014712772,313.26146785161706,303.19971809220624,308.5899353027344,257734
2016-10-07,311.3973766776076,311.3973766776076,298.7977479512183,303.15484619140625,108716
2016-10-10,304.0980638466937,313.08175849504505,300.50458598735315,303.6937866210937,375300
2016-10-13,303.15485508811616,311.7342744413284,298.73036802861014,304.4125671386719,243652
2016-10-14,309.9375279664827,311.73426725904204,303.6489404425251,308.4327697753906,240946
2016-10-17,307.6915745120104,313.5534304118368,305.4456506104629,307.8263244628906,127054
2016-10-18,309.9374196353533,312.1833429660443,307.69149630466234,310.2294006347656,174350
2016-10-19,307.7364462160311,314.42930963030005,307.7364462160311,312.1159973144531,175440
2016-10-20,312.1834287612096,315.32772228830095,304.7718797330658,307.57928466796875,172316
2016-10-21,309.9375303145787,309.9375303145787,301.9644996434428,303.87353515625,95232
2016-10-24,302.7505477810267,303.1997325700193,292.9807786204372,296.41705322265625,221930
2016-10-25,298.7078713056907,298.7078713056907,293.31765407912184,295.7657165527344,74036
2016-10-26,298.6853776813727,298.6853776813727,294.2159843443799,295.8330383300781,59648
2016-10-27,296.4618812545685,299.6061739345412,291.2288688993342,296.9784545898437,63098
2016-10-28,297.3603220172498,298.6404876637387,287.92744171156664,289.63433837890625,123630
2016-11-01,292.127300152803,298.8875527804239,290.285653587762,298.2137756347656,91022
2016-11-02,296.39449431206646,299.6061756774301,293.65447878428773,298.39337158203125,92790
2016-11-03,296.9111469062418,297.809516488409,289.76909776158743,293.6096496582031,112676
2016-11-04,293.7893055771248,295.8780258110842,288.825819145015,291.4984741210937,70964
2016-11-07,294.21603868449426,297.9442669739247,291.5209299331859,294.75506591796875,60980
2016-11-08,297.89936787808176,298.6629875290741,293.2952236311767,297.7646179199219,63638
2016-11-09,288.556292686991,296.3720908418652,280.7404671160555,294.8448791503906,162554
2016-11-10,294.8448979081463,295.51867507208993,282.9864088563137,284.7157592773437,156824
2016-11-11,286.9841254140429,291.1839915333685,283.43555519869733,287.50067138671875,88436
2016-11-15,287.4782805089961,287.4782805089961,272.20599685695566,275.55242919921875,372812
2016-11-16,277.61861663276346,280.02177138564434,270.85839193581944,271.9813537597656,185882
2016-11-17,275.7993597974275,275.7993597974275,270.543894200813,272.49786376953125,219536
2016-11-18,273.1042993215032,277.59614634981733,267.7140828875261,268.9493408203125,308114
2016-11-21,270.858470264959,271.9814324136529,262.66084657949386,265.26611328125,196778
2016-11-22,267.26490638554253,269.7578760795404,262.773059219399,265.2884826660156,99990
2016-11-23,268.16324998432344,268.16324998432344,261.94205322497913,264.9515686035156,88744
2016-11-24,268.3878757761258,270.4541145646309,264.1655283539769,268.20819091796875,226132
2016-11-25,269.9600445830817,271.7567836485265,266.0521316325268,270.9931640625,2726364
2016-11-28,275.7994146012658,275.7994146012658,269.5108286005855,270.7236328125,187968
2016-11-29,270.8584093290836,272.2059636043527,268.8819854255975,270.4541320800781,237776
2016-11-30,272.6551506522203,274.0027049388046,271.307596365636,273.7107238769531,446724
2016-12-01,272.81242896295305,273.1044101046573,270.1847083518937,272.1611328125,120116
2016-12-02,272.1610626308183,272.1610626308183,265.3334486556124,268.006103515625,63192
2016-12-05,268.0285468278589,271.2626825233747,262.3463487523179,266.6585388183594,116858
2016-12-06,267.10769800470365,270.85837935606304,264.1206087253152,269.3985290527344,39434
2016-12-07,271.50971847760275,271.50971847760275,265.7152244313082,269.5332946777344,67386
2016-12-08,269.5333410132231,271.4648302220102,265.46822394699404,270.3643493652344,136136
2016-12-09,271.4872994163369,271.4872994163369,268.70234822103043,269.8028564453125,87268
2016-12-12,269.8028466402022,270.40923512130814,267.714126465614,269.6007080078125,31738
2016-12-13,270.36428714289843,270.36428714289843,268.54506713974945,269.3985290527344,172996
2016-12-14,270.34183241213896,270.8808595985236,267.9387049519202,270.00494384765625,152050
2016-12-15,271.28513224126334,276.8100991218628,265.0189995649477,272.3631591796875,243626
2016-12-16,277.19187223728625,279.3479807677314,273.5534870702629,275.9790954589844,149608
2016-12-19,278.04537803642006,278.4945628151542,272.2059759128765,273.0369567871094,54846
2016-12-20,275.17061531337947,275.17061531337947,269.0841663628817,271.7119140625,170984
2016-12-21,272.18350891655234,275.70959829166026,270.1172425852528,273.9577941894531,55664
2016-12-22,274.0252302105233,275.79951596746923,269.51092765550743,271.01568603515625,149472
2016-12-23,272.65519330286384,272.87978571909355,269.51089947564793,270.0499267578125,56724
2016-12-26,270.40921257585336,271.7343130376349,265.7376803290489,269.89263916015625,64050
2016-12-27,271.71181457765545,271.71181457765545,265.0189521088237,268.7921142578125,105708
2016-12-28,270.3867219377773,279.0784344756254,269.4883525833307,275.84429931640625,103714
2016-12-29,276.2485610977513,282.0879615762404,275.32773804397,280.53826904296875,124508
2016-12-30,282.5372030810428,285.1874040286725,274.9684511350418,276.9223937988281,163276
2017-01-02,277.1919370816149,283.368228259156,275.7994751280136,279.7747497558594,68016
2017-01-03,279.77463848731946,282.98631958875643,278.49447324607775,281.99810791015625,34660
2017-01-04,280.74052839264806,297.1357752507787,279.8421587017916,290.5552062988281,256416
2017-01-05,293.31761445510773,294.1485951988556,285.2322897074937,289.85888671875,81928
2017-01-06,289.72415024357787,290.9818620017333,283.6826101545114,287.4333190917969,100110
2017-01-09,287.45578043059504,289.2075844705199,284.44623718326466,285.7039489746094,56626
2017-01-10,285.2323744032118,285.6815592447917,283.6377736988167,285.0077819824219,41966
2017-01-11,285.232308502314,286.5798627157108,280.5158687554254,284.4686889648437,55378
2017-01-12,285.2323231395957,289.5669670482207,283.8847688570464,285.2098693847656,73562
2017-01-13,289.7241461668788,289.7241461668788,279.1233976766541,284.9627990722656,155016
2017-01-16,284.1767050141674,286.8044244834976,277.37154599617816,278.7640075683594,163902
2017-01-17,280.3137520071121,284.289053696377,277.14700484180804,282.1554260253906,76382
2017-01-18,282.4474026921424,286.1307236127567,278.49458185229065,284.333984375,118722
2017-01-19,285.2547792956323,286.4900373983673,283.0537903985784,284.6932983398437,161244
2017-01-20,283.90729141216536,285.8387808686718,279.0336465423222,283.4805603027344,96122
2017-01-23,276.72024703848143,281.638825308176,269.96002234483853,275.0582580566406,375378
2017-01-24,279.30313661976754,279.30313661976754,274.0027608279487,278.09033203125,380444
2017-01-25,281.5715439957148,281.5715439957148,274.1375393734436,276.8551025390625,212616
2017-01-27,277.1695278310604,278.3823325038838,270.02750460855736,272.1611328125,323742
2017-01-30,272.1609928502866,274.6090272819694,269.06160777097665,269.9150695800781,257564
2017-01-31,273.1818298266804,273.1818298266804,267.69188861183846,269.7562866210937,352336
2017-02-01,272.1383386631035,272.1383386631035,263.1547843230055,265.8770751953125,220466
2017-02-02,267.6919331371131,271.321654264396,265.87707257347165,270.9132995605469,105818
2017-02-03,271.7753449187735,272.22906001880483,267.94144678499424,271.43505859375,89554
2017-02-06,272.00227968690257,274.0439982166625,270.4142763859782,272.18377685546875,85370
2017-02-07,272.22905973882536,273.95317157865685,269.96048424100184,272.79620361328125,111482
2017-02-08,274.4975427430354,274.81514874422584,271.1173608517367,274.2933654785156,124260
2017-02-09,276.17642440154566,280.39596986586633,266.05858183648667,279.42047119140625,299596
2017-02-10,280.8496301518654,281.6889919597823,275.4050492765465,277.9004821777344,102976
2017-02-13,275.63191601249247,284.8423267621323,275.63191601249247,282.891357421875,112656
2017-02-14,284.4793959818369,285.8405414171567,281.75710511119735,284.9104309082031,95200
2017-02-15,284.45674165851256,284.45674165851256,276.76626371034087,282.2108459472656,68926
2017-02-16,279.2616654874095,287.2016803469216,279.2616654874095,285.7497863769531,85262
2017-02-17,286.2942869465832,286.2942869465832,284.02571098028693,285.5910339355469,84330
2017-02-20,285.8405563593605,286.0674139437727,284.2071928286232,285.9313049316406,73744
2017-02-21,286.4530096418096,288.04101244931087,285.4094704782516,286.83868408203125,157128
2017-02-22,288.0637261740472,288.0637261740472,279.0574648826877,286.13543701171875,237316
2017-02-23,285.84047407820816,287.7460827772432,281.75703873423373,283.0274353027344,31812
2017-02-27,283.5946400857444,286.97482338587946,279.2616660774843,285.6136779785156,67678
2017-02-28,284.79699930158205,294.4611262581338,282.6872128206997,288.7216186523437,311220
2017-03-01,292.5101123366903,292.6462213197203,284.13906372321685,290.55914306640625,280396
2017-03-02,292.64621974549976,292.64621974549976,284.1844226246677,289.6063232421875,86976
2017-03-03,288.0864088404136,292.1925249648367,284.9104031342741,290.7406311035156,76168
2017-03-06,291.0582649799231,291.2851225520041,281.9839620966831,283.14093017578125,68646
2017-03-07,283.14088620528497,287.15628122309084,277.061120833219,282.39227294921875,138856
2017-03-08,279.6473388671875,284.11644998577657,278.5811192759795,279.6473388671875,67710
2017-03-09,282.14277280852684,283.4585579038387,279.0121546909213,281.4168395996094,63174
2017-03-10,281.3033200161806,283.072819719116,277.2198847256232,278.558349609375,54610
2017-03-14,283.0956153493899,286.4077308968896,279.3524648069751,283.48126220703125,101922
2017-03-15,283.5719732444821,288.56283997358497,280.84968230133506,287.5873413085937,214020
2017-03-16,287.610039720794,288.5628304423947,284.0029988017492,287.224365234375,143466
2017-03-17,286.38496909443245,290.37765633046206,283.5719300102169,289.42486572265625,161374
2017-03-20,286.06744794447616,288.10916644685545,283.6400825797904,285.77252197265625,114010
2017-03-21,287.6553616599923,287.6553616599923,281.91585480220857,283.8668518066406,161556
2017-03-22,282.66454241754616,285.2734045666648,277.446818119309,278.8987121582031,311342
2017-03-23,281.3034176256536,281.3034176256536,273.38608202654507,274.3161926269531,1099698
2017-03-24,273.1819061663883,276.0856944737098,272.47865315694287,273.3634033203125,653110
2017-03-27,274.9513669589872,274.9513669589872,267.7599932731455,270.2781066894531,192726
2017-03-28,273.1138605605603,273.1138605605603,268.1456737570039,270.11932373046875,728414
2017-03-29,275.405040920673,278.0365827253879,271.7753204472539,272.63739013671875,441954
2017-03-30,270.2100165299996,272.90962685620195,270.2100165299996,272.1383056640625,480264
2017-03-31,272.22907619701704,273.5448611423321,267.7599932731455,270.2781066894531,542728
2017-04-03,273.1818787742264,273.1818787742264,265.8543957699444,266.96600341796875,257580
2017-04-05,266.7618205910465,268.23639478769707,263.2001401466689,264.4024963378906,455902
2017-04-06,265.8770311122241,265.8770311122241,260.93152577048056,261.8616638183594,369752
2017-04-07,263.15472449620006,263.15472449620006,257.9596817240976,258.3907165527344,317102
2017-04-10,258.390731553744,258.390731553744,253.6267233337013,256.14483642578125,572952
2017-04-11,255.55508408647904,256.7801206539045,253.62679450393568,255.89537048339844,876958
2017-04-12,258.027786479362,260.3417224443558,255.8953199413364,257.0069274902344,184708
2017-04-13,257.0295460906402,258.4360515059016,254.98782860183547,256.46240234375,162074
2017-04-17,258.61764513171727,262.90525899741624,255.96342248239588,257.3926086425781,209024
2017-04-18,258.1638953228017,259.52504064084815,256.39439533231246,257.6875,152274
2017-04-19,260.4098048897617,260.4098048897617,254.53418840674192,255.71383666992188,410146
2017-04-20,254.5568546914643,259.0486453180464,254.5568546914643,257.6875,138876
2017-04-21,260.7727011415702,260.7727011415702,255.44154979156855,256.3036193847656,169556
2017-04-24,255.4416411591692,258.6176473547539,254.98792598837136,255.9634246826172,240650
2017-04-25,255.48697854989427,259.47969384676446,255.46429833191576,257.75555419921875,273188
2017-04-26,258.61760750583767,265.4233340191492,257.0749650857916,263.5404052734375,1369594
2017-04-27,267.2381067568053,269.3932527790376,263.1546721883652,263.6537475585937,414758
2017-04-28,269.5067041235151,269.5067041235151,264.99223443343806,265.7408752441406,556302
2017-05-02,267.6011303054244,269.4159905010428,264.5612339392497,266.1265563964844,593038
2017-05-03,266.7618685444968,267.21558376348816,259.9788204820598,260.6593933105469,466616
2017-05-04,261.339925353504,266.2854315457305,258.617634464405,264.24371337890625,568160
2017-05-05,261.1130369085077,266.7844755902738,261.1130369085077,265.06036376953125,323556
2017-05-08,265.0603633092215,267.1474416634582,263.15475437694306,264.5158996582031,101486
2017-05-09,266.7391305133205,266.7391305133205,261.29454906539485,262.8144836425781,167644
2017-05-10,262.8145071930786,265.85440431242006,262.8145071930786,265.0150146484375,313620
2017-05-11,266.3307434517897,266.3307434517897,263.26816675962687,265.1283874511719,223232
2017-05-12,264.51583923233886,267.66916395209506,263.3134834315294,265.7408752441406,1028504
2017-05-15,267.60115722193376,267.60115722193376,263.2908638237916,265.06036376953125,240424
2017-05-16,265.03770720407044,265.80900077956,263.1547783166715,265.35528564453125,412392
2017-05-17,265.87705495459403,265.87705495459403,263.60847940037394,265.42333984375,102746
2017-05-18,264.08491538646825,266.33081106943627,260.2510165710589,264.9696655273437,328610
2017-05-19,264.9696003811883,264.9696003811883,259.97873462058374,261.9977722167969,108174
2017-05-22,261.99778727597896,263.60847032551203,261.79360994461354,263.0186462402344,85384
2017-05-23,262.24728962936007,263.15471969728173,256.41706251999057,261.5440368652344,316382
2017-05-24,262.2473395713383,264.40248639307504,260.0241244045173,263.4950561523437,157270
2017-05-25,264.03954427665565,265.37800954414666,260.9088985793088,264.87890625,67258
2017-05-26,265.4233030953746,266.5349105015528,263.1774080691308,265.58209228515625,81328
2017-05-29,265.42337578605606,265.44605600615495,260.88622406321747,262.9506225585937,56504
2017-05-30,261.7936749445897,274.9514159730006,258.322742527305,272.5013427734375,292620
2017-05-31,274.02126026258753,284.4793885453988,274.02126026258753,275.1555480957031,3627280
2017-06-01,275.4050439301562,278.94401589189795,274.95132886602084,275.8814392089844,144790
2017-06-02,276.65282316542056,278.4450036141505,269.4614488432351,276.1537475585937,196326
2017-06-05,276.3125568257051,277.1746267828165,265.1057858461469,272.932373046875,199828
2017-06-06,273.1364733326944,287.65535563609336,273.1364733326944,281.9839172363281,986640
2017-06-07,284.3432444361284,290.7860040712535,282.5057039118767,286.4530029296875,1064718
2017-06-08,289.9239859885676,290.9902055329351,286.7706601016636,289.3568420410156,328722
2017-06-09,290.3322734932552,290.3322734932552,281.7797281286187,286.79327392578125,142948
2017-06-12,286.7933583229949,299.4520231039662,285.97667652577223,297.7052307128906,480872
2017-06-13,298.5445349960731,301.6751802546716,296.321319935031,300.1325378417969,252650
2017-06-14,297.1834355027362,301.56179795778405,294.030109541711,297.20611572265625,193304
2017-06-15,294.96014913991377,301.03994201498347,292.64621341320924,299.70147705078125,518230
2017-06-16,300.67705662993734,307.1424979730077,300.65437640935426,303.96649169921875,556678
2017-06-19,304.64697293945494,310.88555481712706,304.64697293945494,307.9137268066406,334020
2017-06-20,308.9799815167044,312.5416339564247,305.350260735304,309.3883361816406,204310
2017-06-21,310.79484190740453,311.67959188638525,306.3484394887035,309.3883361816406,116858
2017-06-22,310.250380055516,310.341128614093,293.553669902512,297.9547119140625,3007876
2017-06-23,299.9056707543685,301.7205310917625,296.0944529688125,299.7695617675781,315520
2017-06-27,302.0835496998183,302.0835496998183,290.3777040440574,292.4647827148437,161580
2017-06-28,292.9411852061696,299.4066258184831,290.83139877143765,295.2778015136719,84908
2017-06-29,295.3685391044473,304.8738762777363,295.3685391044473,301.0399780273437,160934
2017-06-30,299.88300425294227,313.9708527277162,299.88300425294227,309.50177001953125,421882
2017-07-03,312.1560406475525,312.7231846167523,301.7205916142768,303.7169494628906,223964
2017-07-04,304.46550380926294,310.7948348159264,302.627963244121,307.7776184082031,145956
2017-07-05,315.33197598633166,315.33197598633166,305.50903357102425,310.681396484375,453096
2017-07-06,313.018107516749,313.018107516749,304.14795377057817,305.6225280761719,107934
2017-07-07,305.6224366961312,308.25400605488323,301.72049846964126,302.900146484375,65496
2017-07-10,302.1742765651213,307.1651429948756,298.54455552530004,301.1307373046875,26788
2017-07-11,302.8548447775206,306.7114233252493,298.99826622979185,300.8811950683594,116072
2017-07-12,302.08901078139746,304.231168392188,299.35434859360254,300.7216796875,61980
2017-07-13,300.8355515212372,302.81819782113354,297.07539191825174,298.146484375,92118
2017-07-14,296.8475726621234,300.81283836793057,294.887737006138,297.2121887207031,89194
2017-07-17,297.6223499190078,298.73900901607806,294.204022775987,297.5311889648437,60568
2017-07-18,296.3006369202137,301.26861768874346,292.2898046084656,300.7216796875,98330
2017-07-19,303.0688803932069,303.0688803932069,297.41723523638524,302.2712707519531,84068
2017-07-20,302.27136927927285,307.64953333537653,296.7564498425018,298.6251525878906,114878
2017-07-21,304.91480882509967,304.91480882509967,297.6223769249478,300.129150390625,155770
2017-07-24,302.63587955267434,302.63587955267434,288.0510178874852,289.1904602050781,1786662
2017-07-25,292.38097704360274,294.4319737648751,289.4184262239871,293.7255249023437,160186
2017-07-26,295.2067461899398,298.53391247521654,288.9625961973852,291.0819702148437,119358
2017-07-27,289.87414385039216,297.5311911431341,288.0510360274337,294.9788513183594,150140
2017-07-28,293.52040591808674,295.5714025432908,293.2469508287617,293.9533996582031,185068
2017-07-31,296.25503615573274,297.14380682788374,291.7200496539727,294.70538330078125,222394
2017-08-01,296.6652273008114,297.05262658018506,292.4720738053478,293.5203552246094,519894
2017-08-02,293.5203963286174,295.7537148193558,289.8969635121187,294.5914611816406,55860
2017-08-03,292.67721655704565,295.1156124203318,288.0510688025478,289.3728332519531,185698
2017-08-04,288.1194554644373,293.06462502370505,288.1194554644373,290.7401733398437,101726
2017-08-07,290.7857594252484,290.7857594252484,282.60455577115107,283.3110046386719,79420
2017-08-08,282.5817717914748,284.42766328546026,278.2746730932265,280.5535583496094,136180
2017-08-09,275.99577864413016,282.58176237939904,275.28932980186613,276.1781005859375,112150
2017-08-10,279.16342722853744,282.3310831093456,273.37505345946136,280.3256530761719,174246
2017-08-11,278.41134186158604,279.73310615858225,274.0131109364569,278.2518310546875,64612
2017-08-14,282.51335303737903,282.51335303737903,274.65120004578125,278.1834716796875,84448
2017-08-16,278.9354605952763,291.4465419650708,278.0239068024813,284.95172119140625,461202
2017-08-17,284.9517811886054,287.8915483530264,278.5025256193107,281.1460266113281,60412
2017-08-18,278.02398653290044,285.27085239120885,278.02398653290044,284.0858154296875,59540
2017-08-21,287.139471375227,287.84592006651445,284.8605866817728,286.2962951660156,98342
2017-08-22,286.68373241037244,286.68373241037244,280.9409533495519,282.6045227050781,98302
2017-08-23,283.08306272192124,284.8606040183632,278.5708874453214,282.1715087890625,408470
2017-08-24,284.8605970547532,284.8605970547532,276.10967394954764,281.05487060546875,795962
2017-08-28,283.94905889087045,289.4639492283174,277.1124041824225,286.5925598144531,70126
2017-08-29,284.8606278683081,286.68373588666526,281.89807733847766,282.80963134765625,291020
2017-08-30,281.7840865176839,285.63540713365086,280.3711891643308,281.03204345703125,66436
2017-08-31,280.7586446037922,284.8606377879386,279.16342503217976,283.6756286621094,137522
2017-09-01,283.6755958272071,284.63271633202106,278.93550423570355,283.4248962402344,64746
2017-09-04,284.6326788983581,284.6326788983581,278.1150746810218,279.0038452148437,46912
2017-09-05,278.04670341273845,280.71301507553113,276.06408494573134,278.6164245605469,82736
2017-09-06,278.02393418747266,279.11780997393765,272.55461089198144,273.3294372558594,94698
2017-09-07,273.32945009528976,283.9034811936295,273.32945009528976,281.2143859863281,226184
2017-09-08,281.2143805841598,282.4449839234953,278.1151028610163,279.8014831542969,41316
2017-09-11,282.4450090185515,282.4450090185515,276.3148028796408,277.5909729003906,70094
2017-09-12,281.67019864471365,284.8606377879386,278.3658152463736,283.6756286621094,78370
2017-09-13,285.31642200188975,285.31642200188975,279.00392123672486,281.2828063964844,95246
2017-09-14,282.5817527612479,284.40486084357855,278.20630449102305,282.6273193359375,160104
2017-09-15,282.581734330065,291.21871387045013,281.6701803483551,287.2534484863281,186200
2017-09-18,287.3673782814757,295.3434752202954,287.3673782814757,289.0309753417969,161528
2017-09-19,289.41850931245654,290.2161193774909,285.38489239665546,286.7977905273437,36106
2017-09-20,285.316375117974,291.60609156168346,285.316375117974,288.6207580566406,124456
2017-09-21,289.4183928575855,292.60883183396834,288.78029393494086,291.7656555175781,89318
2017-09-22,291.4466253831925,293.5204052916776,289.1905235365985,292.70001220703125,114056
2017-09-25,292.6088003805744,293.520354275841,283.28815623779013,290.5122375488281,65072
2017-09-26,287.84587986265313,300.81273752099054,287.84587986265313,296.84747314453125,139450
2017-09-27,297.7135595140273,301.5876642424074,294.6598478703256,295.95880126953125,106318
2017-09-28,296.25508740865706,297.5540408953101,291.69731683313927,293.3836975097656,29898
2017-09-29,296.25506982274385,306.07705926625954,294.86495544341386,305.2794494628906,225076
2017-10-03,304.55020463099373,312.20725286008235,297.2805557342901,302.20294189453125,99124
2017-10-04,302.2256890974389,305.3477779443332,286.6837059891464,288.6207580566406,177434
2017-10-05,290.329983291524,293.52042266835394,289.00821870803924,291.6289367675781,132134
2017-10-06,289.4411826931988,298.48837297199896,289.4411826931988,295.6853332519531,57404
2017-10-09,292.2214002990218,300.4481686175008,292.2214002990218,295.822021484375,76894
2017-10-10,294.5003115048548,303.0916965890719,294.5003115048548,301.47369384765625,148564
2017-10-11,301.4737241732162,303.88933688548684,296.9615204171764,299.9696655273437,317434
2017-10-12,301.9522148200872,303.091657140163,297.41722882250235,298.5566711425781,417878
2017-10-13,300.8127634876612,303.5474249739126,298.5338789157849,299.99237060546875,90624
2017-10-16,300.37978313278404,304.6868807276965,296.2550074390468,303.0688781738281,115802
2017-10-17,305.55292786801743,309.92837616891575,299.7189597089239,300.8128356933594,346984
2017-10-18,299.490967822894,301.9521740291379,296.75630662413954,297.4399719238281,396096
2017-10-19,300.8128433084486,305.3706136616069,300.8128433084486,303.9804992675781,54686
2017-10-23,302.6587293833159,305.3706082591525,297.0071109364386,304.32232666015625,369558
2017-10-24,304.3222600428688,304.4589875574299,296.71077979024983,298.8073425292969,90022
2017-10-25,300.81284887853303,303.09173409730977,297.1666325284902,299.3315734863281,110934
2017-10-26,300.8128266356307,302.18015766579265,296.4373784664808,299.44549560546875,112168
2017-10-27,301.9522862947903,302.9550013374915,297.212193993888,297.9186706542969,145044
2017-10-30,298.1009320195963,303.04612900692297,292.221425593418,294.1584777832031,209648
2017-10-31,296.7107929410846,298.44273977859336,293.7254594974499,297.0754089355469,119394
2017-11-01,300.33424263214465,300.97231370480205,298.53391802085423,299.8556823730469,111830
2017-11-02,300.81278133501576,303.02328837352,297.39445427439057,298.4199523925781,118876
2017-11-03,301.7016097672952,301.7016097672952,294.88773762328896,298.465576171875,83796
2017-11-06,295.4574481692415,300.99514999503845,294.43194989175475,295.89044189453125,89776
2017-11-07,295.4574287285636,301.724362234183,294.09009778188306,296.7108154296875,155786
2017-11-08,296.2550629085312,301.2686101269832,292.15306972979766,295.7992858886719,137686
2017-11-09,294.8877264240486,303.0917126305909,294.8877264240486,302.20294189453125,111634
2017-11-10,302.2257517697609,303.0917392951163,292.6544336867572,295.98162841796875,127200
2017-11-13,296.2550438579451,300.01520402998824,291.74284052412537,293.5659484863281,136350
2017-11-14,292.54042821494795,297.5539747332396,292.54042821494795,293.67987060546875,373770
2017-11-15,291.69729780679427,296.25506808502547,291.69729780679427,293.9533996582031,46682
2017-11-16,294.0217301090224,297.7818903403047,291.0363963375672,293.01904296875,51604
2017-11-17,295.70814650342294,298.39724224422633,293.429261237801,294.4319763183594,130890
2017-11-20,295.34352559360565,298.53396491328965,294.43197150226734,296.0271911621094,68376
2017-11-21,297.85027733822227,303.04614640232484,294.4319497482656,297.6451721191406,248626
2017-11-22,297.1667265562565,300.5166777604613,296.3007387717413,298.28338623046875,67740
2017-11-23,297.645251613737,300.31156453707024,297.6224683207366,298.37451171875,50990
2017-11-24,298.9897445373276,300.1975648461359,294.8877510909314,296.733642578125,76296
2017-11-27,296.71079795786585,301.72434446713856,294.52307413568496,298.0325622558594,166638
2017-11-28,296.27786781982843,299.39995732478474,293.7938773166157,294.4319763183594,71288
2017-11-29,295.20672350614115,299.6733318622296,292.8138946205492,296.2550048828125,119554
2017-11-30,296.25499522727,299.2175451795427,294.4318875643329,298.1920471191406,224574
2017-12-01,297.1665308360902,302.6130702088086,296.25497706051937,298.2604064941406,389582
2017-12-04,300.7672274037461,301.6331869377675,294.5458607646763,297.1893615722656,69216
2017-12-05,299.6733205610225,299.6733205610225,294.43188605691336,295.4346008300781,60868
2017-12-06,294.431954829094,296.2550629085312,293.2925122794459,295.7992858886719,71468
2017-12-07,297.16657514222595,298.966899681081,290.7856977618714,294.9788513183594,185426
2017-12-08,294.97884441113035,296.25501429363493,292.60879873309784,294.5686340332031,108084
2017-12-11,295.3434612543592,296.7107920934998,293.9761304152187,295.822021484375,68306
2017-12-12,294.91046328197206,296.4828992876885,294.2951755407171,294.363525390625,243892
2017-12-13,294.454725759411,297.7818923010727,291.6972804686648,292.4721069335937,111768
2017-12-14,291.8339596815611,296.61961739681186,291.6972321676657,296.0498962402344,60982
2017-12-15,292.4037672091131,296.4145997724653,292.4037672091131,295.6398010253906,92750
2017-12-18,291.6972415293301,296.2550109282259,290.78568764955094,295.4118347167969,28952
2017-12-19,294.8876463971631,299.17196026971146,294.8876463971631,298.2604064941406,121932
2017-12-20,298.98976224065365,299.44553931724,294.43199147479,294.9561462402344,75700
2017-12-21,294.9105318365353,297.8047327675883,294.9105318365353,296.0271911621094,151970
2017-12-22,296.25506974949764,296.9387352950734,295.34351568872995,296.2095031738281,125536
2017-12-26,297.1666432481139,318.9299978724965,295.7993120675244,315.5800476074219,791840
2017-12-27,313.68851174350783,321.3227762864846,308.219187891823,310.33856201171875,614738
2017-12-28,309.563739864898,326.79210467310133,309.563739864898,317.85888671875,640112
2017-12-29,321.7785401410711,329.5495318994912,318.95271736934967,327.24786376953125,421840
2018-01-01,328.15940414320505,330.8940658443984,321.3455331740481,324.4220275878906,203048
2018-01-02,326.79213301919646,327.8631979205515,320.1149883510587,323.2142944335937,436816
2018-01-03,321.3683233687911,323.578858315843,316.1496994315229,317.22076416015625,107402
2018-01-04,317.6994071872267,325.6527227753052,316.3548592411944,322.9180603027344,493790
2018-01-05,323.601633716785,330.62060985716386,323.5788504330236,327.9770812988281,764774
2018-01-08,329.0709540085728,332.71716956545447,323.6927916258557,327.52130126953125,505802
2018-01-09,328.9797760264496,341.0122978686669,327.29339585500327,338.4599304199219,972048
2018-01-10,340.4198049969866,341.8327023727608,335.4518252618026,339.0296630859375,839036
2018-01-11,343.1545173899083,344.1116379708032,340.05521150841486,342.51641845703125,704802
2018-01-12,344.0889034555293,357.3747883123217,342.24301189164026,355.32379150390625,882260
2018-01-15,354.1386706544004,360.9753245280375,338.756199438717,340.2146911621094,308860
2018-01-16,341.83275744549564,350.9482976440422,339.96408283216203,343.7242431640625,600440
2018-01-17,345.5473048709326,357.73933825171525,344.1115963548006,351.06219482421875,488746
2018-01-18,349.6949144116395,353.70574657597405,339.48549815840494,342.88104248046875,180666
2018-01-19,340.46545482263457,353.1816455879577,340.46545482263457,350.5381164550781,286504
2018-01-22,352.1789067576028,372.8256000732824,343.5874932922451,359.5625,1433634
2018-01-23,363.1858772542298,372.6432496378882,360.06381605253443,361.7729797363281,477036
2018-01-24,363.1630766780493,365.0773454764408,353.6829214603222,360.041015625,554578
2018-01-25,356.87340213570934,362.5706148134825,354.18430662443194,360.360107421875,673722
2018-01-29,364.62158436064016,371.4582390674021,350.94827494711615,356.4631652832031,1619112
2018-01-30,359.6080348868842,362.7756904410165,352.77138023124,355.7567138671875,410574
2018-01-31,355.98461483342373,364.5304334525208,354.8451723508775,359.0838928222656,1293854
2018-02-01,359.083905167644,361.2032793854126,350.9482966899277,357.3975524902344,548494
2018-02-02,361.4675356076679,369.17056515147,298.9235345356032,360.6857299804688,522826
2018-02-05,343.21018425829584,360.754706732871,343.21018425829584,354.2933654785156,132028
2018-02-06,348.91267475765414,363.7438775781226,335.7140483392852,360.8236083984375,516078
2018-02-07,360.82362771290855,363.3070032666296,345.0036940323108,348.9816589355469,107042
2018-02-08,348.5907659132208,367.81383947511296,348.5907659132208,365.1925048828125,819108
2018-02-09,358.24829631583884,368.3197294809392,354.10935579357624,366.2042541503906,260468
2018-02-12,367.3999180229421,367.9057772390525,358.7081328080762,360.2257385253906,157910
2018-02-14,361.6744201876469,367.9058193897638,361.26051491323886,365.0315551757813,134408
2018-02-15,367.4459224124644,367.8598276703104,354.155313991228,356.5927124023437,116046
2018-02-16,359.62795048514306,360.5017380630216,349.51054011343825,351.5110168457031,97718
2018-02-19,350.9131397151874,353.4654805486428,340.7727418763874,344.65875244140625,121936
2018-02-20,347.1881486011223,347.48705525524804,341.23266719199273,344.70477294921875,132068
2018-02-21,345.4865929508635,358.1563452549309,343.55508159278133,349.0736694335937,152518
2018-02-22,353.05168093468615,367.6529453497418,351.35011064889727,359.7889404296875,696068
2018-02-23,360.13382351299515,380.69056825705,360.13382351299515,377.9312744140625,1636440
2018-02-26,382.6220615158948,402.39699979135565,378.9200147316117,399.0168762207031,1687116
2018-02-27,398.2580999084941,403.77668789798827,384.2546772713547,389.6582946777344,1215924
2018-02-28,384.76053163321245,395.4987719462511,377.1494572295219,393.3143310546875,552380
2018-03-01,393.15337984843217,397.3382974481265,381.6333060609789,383.9097290039063,195862
2018-03-05,382.1621993411727,383.5418462702021,374.78109388466254,377.58636474609375,267886
2018-03-06,383.5418680167079,390.25613889108297,378.3911802424937,383.63385009765625,330314
2018-03-07,381.24237883592974,391.3597881657132,378.3451263234705,384.5305480957031,311706
2018-03-08,387.0599833533128,390.2561431666094,377.195501529574,383.4498901367188,140614
2018-03-09,384.48456146029633,387.0139139139863,375.72380993904,377.264404296875,161164
2018-03-12,383.1509408561644,384.7835173706529,378.3911423168116,380.09271240234375,754922
2018-03-13,379.4029437622746,398.71800271744496,377.33347315993495,390.87701416015625,1016440
2018-03-14,390.53196013813545,391.81962465230447,382.64496937675534,386.3470153808594,203478
2018-03-15,390.3021100526984,394.44105071482886,386.3011284655081,388.3016052246094,123356
2018-03-16,388.6005644704781,390.8079940158025,370.2052714777928,375.2639770507813,161258
2018-03-19,372.6195702540677,376.5515576370897,362.8470730397525,368.9635009765625,164024
2018-03-20,364.3877503716606,373.8843316466152,364.3877503716606,373.0565490722656,153176
2018-03-21,374.80405905926034,379.4028818698034,364.22676659501127,367.8138427734375,166728
2018-03-22,368.4117020258565,370.8950776918099,356.3857966333489,362.3412780761719,335572
2018-03-23,353.6494862000679,375.2639541472762,351.1431220689877,360.0648498535156,266904
2018-03-26,364.2497401605338,370.20522106980167,354.10934189285376,358.2712707519531,189594
2018-03-27,358.6622665284547,369.6304496705534,358.24836117369966,360.59375,231812
2018-03-28,331.11519292183885,337.6685144484169,316.39896212531266,319.1812438964844,2858476
2018-04-02,324.2170184133009,328.58590022170705,314.0996079096234,316.0541076660156,771878
2018-04-03,316.8818835414903,322.3774824727621,308.1671086083508,310.0526428222656,501396
2018-04-04,312.26001571807467,315.04229743136864,301.91266615451553,311.22528076171875,617090
2018-04-05,316.858988540882,316.858988540882,308.1212225288692,310.55859375,335104
2018-04-06,310.62749898731545,316.39901612403634,308.12113488823303,313.1798400878906,240658
2018-04-09,315.43332435618873,315.8932067196945,307.8912423670977,310.07568359375,649430
2018-04-10,309.9606975061767,315.8012088444977,308.1441566473498,308.7650146484375,469184
2018-04-11,308.787962074064,310.88042083124617,302.1426575238591,304.7179870605469,336028
2018-04-12,305.7297550152573,312.30606645470186,303.7982436935143,309.6617431640625,240218
2018-04-13,310.5815164786079,320.5149915245682,309.753733908692,316.6749572753906,399672
2018-04-16,312.7889345543832,316.2610400500725,311.4782532544437,314.8353881835937,369646
2018-04-17,314.97344515149206,316.284098673031,313.6397750563535,315.0653991699219,108264
2018-04-18,315.0884129359677,318.4685370839187,308.5810662574865,311.1794128417969,638804
2018-04-19,311.1793643325516,327.18326249183093,308.58101815329314,321.8256225585937,487120
2018-04-20,319.618188492892,340.7497851300684,319.618188492892,337.5306091308594,984416
2018-04-23,337.00175043323947,358.9841191904139,337.00175043323947,343.4171142578125,1060378
2018-04-24,343.9919009716128,350.38427506485505,327.7810526972153,334.012451171875,588034
2018-04-25,334.1734716258304,356.4087687451078,334.1734716258304,353.39654541015625,2534696
2018-04-26,357.2825617718793,358.50123299708787,351.85592830314505,356.4317626953125,837560
2018-04-27,359.122071168709,359.1680481675125,343.9919334562092,356.5697021484375,372366
2018-04-30,359.1450576835513,379.4028656860838,352.72969452269854,371.4239196777344,1336266
2018-05-02,372.50464990364657,374.2521969684095,350.01639499668346,356.36279296875,313838
2018-05-03,359.4210443333503,369.74540868467454,350.407361518385,358.59326171875,351418
2018-05-04,360.524715371304,365.6064089000801,350.4302938136617,356.7996520996094,255166
2018-05-07,361.0075477744528,362.8010996852569,355.6499086085506,359.0300598144531,230656
2018-05-08,359.2140132223008,361.4904359671015,351.8099202460242,354.0633544921875,192286
2018-05-09,354.1093612842345,359.60496023224835,354.1093612842345,358.1333312988281,184894
2018-05-10,358.7082121544277,362.2952886621741,347.71701340056165,356.8686828613281,229780
2018-05-11,356.8686866570468,372.38971523265934,355.3050755136855,369.7453918457031,913504
2018-05-14,367.9058201054153,374.8040542323919,364.6866441794929,366.8940734863281,303170
2018-05-15,371.4928913104501,371.4928913104501,358.7081698451509,360.2947692871094,113186
2018-05-16,360.7086924461024,373.4244500325658,360.547744859029,368.64166259765625,773108
2018-05-17,367.1470372142388,385.8412646617387,367.1470372142388,370.8721008300781,1081618
2018-05-18,372.4585875849214,374.71199341812365,360.11073425113364,365.3304138183594,242470
2018-05-21,366.5032743693339,370.20532197528814,356.40885034887987,369.1015930175781,249502
2018-05-22,369.1015138990944,381.70229984444575,363.3070082856773,378.7360534667969,307954
2018-05-23,379.2878988789774,391.4057853603385,377.21842868200207,380.4835815429688,886940
2018-05-24,383.5188828864602,399.1778709427073,382.1622243702647,387.8647766113281,728330
2018-05-25,389.5203274232184,395.49879761979673,380.7825632897578,384.5075988769531,351900
2018-05-28,387.19787569115744,387.3818117543696,364.5026692443052,371.6768493652344,235734
2018-05-29,371.5848491122695,385.3813162822795,371.5848491122695,383.518798828125,203774
2018-05-30,381.7023227228593,385.31238768005215,375.3789408705228,381.2194519042969,134454
2018-05-31,384.4615777470023,384.4615777470023,355.3510356677549,362.41021728515625,223262
2018-06-01,370.0902144935388,379.4028293969176,356.38573002730124,362.272216796875,374338
2018-06-04,366.0663022695975,368.1817495727063,354.1093627482288,356.4317626953125,122502
2018-06-05,357.3285426072586,358.3862662701621,337.2086922352283,349.21160888671875,317746
2018-06-06,349.5334599885277,358.2482332796664,340.7956982012187,348.8206481933594,133356
2018-06-07,349.5564639946583,358.40919672459955,349.51048700027786,353.4424743652344,202370
2018-06-08,352.56884309696767,357.3286145731439,347.9010256429644,352.6607971191406,297726
2018-06-11,350.4533211774063,368.8256257286868,350.4533211774063,364.6636962890625,228618
2018-06-12,365.5144446584515,381.2424248561833,364.847609712879,380.4146423339844,392684
2018-06-13,377.6093295249067,383.51883367438506,370.665118312649,372.4816589355469,139568
2018-06-14,373.8842534334594,379.4028402000049,370.6191008241801,378.529052734375,210102
2018-06-15,378.4831680865196,382.8750388460219,370.5501976740136,373.1025390625,147558
2018-06-18,373.5164009283592,379.40288861673656,370.7800956936289,373.5623779296875,264512
2018-06-19,373.1484990035461,387.8647321916536,372.3896820021894,380.1846923828125,524058
2018-06-20,380.3226690391406,384.0247160078883,368.917593404848,374.6201171875,159626
2018-06-21,374.62009718726574,383.2659065786196,373.8383197599299,378.6670837402344,247738
2018-06-22,378.73606136887537,388.5775537857477,378.18419699680055,382.5300903320313,429962
2018-06-25,381.7022983165386,387.4968039067611,374.3901587236029,380.1846923828125,320686
2018-06-26,380.2077348685573,381.70235251394325,374.34423487512026,378.5061645507813,103706
2018-06-27,379.816796200835,381.7023023704918,359.3290176364818,367.7908630371094,204644
2018-06-28,369.4463936998956,370.0902400764265,358.70815440772003,359.9958190917969,85520
2018-06-29,361.766403446671,374.8040547366011,361.720398377704,373.1714782714844,126922
2018-07-02,376.1376935098596,378.0231994571739,363.3069678481355,368.2507019042969,135508
2018-07-03,365.6063999515949,376.6435742897562,365.6063999515949,371.5848693847656,578214
2018-07-04,373.6313957621803,384.9215010821542,371.0100609295434,381.3804016113281,482950
2018-07-05,381.33442562508617,381.7253143697644,374.8270795649293,377.3104553222656,138388
2018-07-06,377.1034920018809,386.30113814826825,377.1034920018809,384.7145385742188,222912
2018-07-09,386.46203014336913,401.9370787864837,380.3685904478074,391.6587219238281,624840
2018-07-10,394.579001157314,401.17830072996094,390.92293137195406,394.09613037109375,509972
2018-07-11,395.3148302187506,397.79820596915954,383.0129781844442,388.1636657714844,252770
2018-07-12,389.1983858678452,394.5790144053521,380.598581222136,388.2096557617188,1438764
2018-07-13,388.6005515808135,390.55505139645663,372.9875415573488,376.82757568359375,261576
2018-07-16,379.33391707782016,388.6005569716632,368.3657350701801,373.07952880859375,806532
2018-07-17,373.378456858993,385.3813738626816,373.1025106329727,378.7820739746094,314470
2018-07-18,381.6103088010271,385.84123137387047,378.8970202012918,383.6797790527344,496146
2018-07-19,386.2875033899812,386.2875033899812,376.1566529315713,381.3028564453125,235770
2018-07-20,381.2105590908331,386.31059173475614,373.1566468548989,380.3336181640625,274138
2018-07-23,381.7183131699812,391.3414809663739,380.9567857567845,388.1568298339844,196154
2018-07-24,390.8798610235805,396.926048872006,388.849065319378,391.5952453613281,226846
2018-07-25,394.2722156645858,401.5415014670058,384.7413630110767,386.9798583984375,358174
2018-07-26,388.5260664857692,401.0800150536109,386.7722124452543,391.2953186035156,243902
2018-07-27,391.29524010348354,393.2106503687788,377.1028258472564,385.1798095703125,530002
2018-07-30,399.23378869043626,402.2799543071279,377.07977498275886,382.0874938964844,702682
2018-07-31,378.44134480980176,389.1491241725953,376.9874763328287,385.5952453613281,250748
2018-08-01,385.6182917044251,388.9875422396588,382.2259697061983,383.6336669921875,175932
2018-08-02,384.0028945627756,387.69523008741766,374.17205686247297,383.6798095703125,194178
2018-08-03,382.1797536356264,387.6951848155708,382.1797536356264,384.9720764160156,215788
2018-08-06,387.6952179299895,400.4799349172137,387.6952179299895,394.66448974609375,1337512
2018-08-07,397.3876078481362,400.8030294508332,389.5413949173368,397.7799072265625,276748
2018-08-08,400.0414498731976,403.84917062480287,386.79519144264754,388.7336730957031,776282
2018-08-09,391.0644725431234,395.7722058738723,384.6951995287144,387.8567504882813,231544
2018-08-10,387.718316060785,394.1568320068986,387.718316060785,392.0106506347656,150302
2018-08-13,391.849106660406,395.26452828103686,388.6183130837007,393.1414184570313,298910
2018-08-14,394.041405301709,410.7261566010452,393.3490924373429,400.6414489746094,795250
2018-08-16,401.0107364899264,407.2877242956024,399.2338111419757,400.526123046875,485376
2018-08-17,405.69536116009016,406.9415300195534,398.4260756785527,402.3491821289063,448250
2018-08-20,402.9953800773183,404.38000597942863,400.249199737409,402.0722961425781,221380
2018-08-21,402.92612465873606,403.9645940521864,390.46449193733184,391.66448974609375,364860
2018-08-23,391.6644790351581,403.8261260569272,391.6644790351581,402.7414855957031,427548
2018-08-24,404.28758460140455,404.28758460140455,397.0413720037238,398.7029113769531,395068
2018-08-27,400.6183842103503,400.6183842103503,389.5413781953175,391.5952453613281,207188
2018-08-28,393.2336755547992,399.67219031325607,387.741316001356,390.9952087402344,206432
2018-08-29,391.8491278485526,396.7183899398219,385.84908231023553,387.5567932128906,392742
2018-08-30,388.6183166503906,394.04143448963305,385.8952079140615,388.6183166503906,208462
2018-08-31,389.63368908372007,389.63368908372007,376.964357921716,381.9720764160156,458032
2018-09-03,384.9259838933976,392.3106550472278,381.6951902635969,386.3798522949219,203010
2018-09-04,391.8259928234707,396.0029412904383,385.8490197188886,387.4874877929688,491308
2018-09-05,389.03367227445176,390.372126859907,368.77197193506345,371.0796813964844,591762
2018-09-06,374.0797710444377,394.0414614795666,373.87207152146,390.6722106933594,887054
2018-09-07,393.6952574432923,403.3876377554952,393.2337155236636,401.3568420410156,695332
2018-09-10,400.2491590591979,422.3108572232521,398.3799199153812,408.464599609375,1221410
2018-09-11,413.0799406109068,417.21074565107136,399.3259996190349,404.91064453125,525712
2018-09-12,407.2184463384883,409.3876990815455,386.4721305875031,388.31829833984375,544782
2018-09-14,391.43374522310273,400.2261425514061,388.43372232816944,391.272216796875,410384
2018-09-17,392.3106553125027,396.2337618656277,390.0490885019991,391.3183288574219,173790
2018-09-18,390.46445538447455,394.61833256941577,382.1567010145921,384.00286865234375,298780
2018-09-19,387.049052242787,387.049052242787,377.3797713202097,380.6567077636719,253946
2018-09-21,383.402932365922,387.69526719004,367.0874063028355,374.56439208984375,387686
2018-09-24,376.2489914409024,387.6952258068576,370.1566322584521,376.1336059570313,247026
2018-09-25,376.27202995917617,382.89514488537714,367.04119205769376,373.6181640625,199448
2018-09-26,374.4720279455124,382.4567257493742,361.20269765970266,365.9104309082031,366932
2018-09-27,367.5951443439517,373.8490330278286,357.6950624648977,359.6796875,312600
2018-09-28,361.3873011886682,368.6104430616373,355.9641839613797,363.879638671875,509804
2018-10-01,361.6180748705418,363.6719419381322,347.079505172492,349.9410705566406,425994
2018-10-03,352.1565427385075,352.1565427385075,331.15638193300015,341.5180053710937,676134
2018-10-04,338.2640648230762,339.23329153076577,327.90244368580125,330.87939453125,534580
2018-10-05,330.8794329007432,334.6179114013897,326.79476976974155,329.2178649902344,441886
2018-10-08,329.0793698795047,340.77944560500424,326.65627493999926,330.87939453125,556894
2018-10-09,330.9255789681617,336.87948140599576,328.4101697003857,329.4255676269531,272818
2018-10-10,331.89478452173915,331.89478452173915,316.3869872256207,320.65625,843294
2018-10-11,313.8485780227901,321.2332504468558,309.2562292250164,316.68707275390625,293702
2018-10-12,318.46394972238335,332.7717503620846,316.2716254308162,317.7947082519531,160294
2018-10-15,319.66386742440045,331.73319782016006,310.43303061549165,311.67919921875,739354
2018-10-16,313.6177494788353,322.179346865871,313.6177494788353,319.4100952148437,410956
2018-10-17,323.0101759807808,326.65636925827897,315.69474612880657,316.68707275390625,196458
2018-10-19,315.69468640849493,321.2331896788194,303.6945959894585,305.0099792480469,242594
2018-10-22,277.94060706515256,290.30992743300993,247.38652003830416,258.2558288574219,4972866
2018-10-23,265.75580464467606,266.30966052592646,248.4018415007001,255.5326690673828,1804598
2018-10-24,258.41731044719984,267.4404485869447,256.22498651238885,264.2557983398437,762240
2018-10-25,261.6942906179314,261.6942906179314,253.04037889114795,258.0711975097656,465218
2018-10-26,258.00193997942984,259.5480941834649,253.38652065958317,256.9403991699219,402710
2018-10-29,261.4634897455519,261.4634897455519,253.3865063906584,254.63267517089844,347980
2018-10-30,256.45574634651706,259.8480677569372,254.0095519468622,256.248046875,347808
2018-10-31,257.54045507827783,269.0790059330393,255.648144006213,261.4174194335937,831198
2018-11-01,262.6173743575728,262.6173743575728,257.540412814632,258.0942687988281,550672
2018-11-02,259.8249955595783,261.44039206857434,257.17112986622766,258.5788269042969,301300
2018-11-05,258.5788451252621,261.4634819517376,256.1557501910227,259.9173278808594,247588
2018-11-06,261.3019596247411,261.3019596247411,257.4480678329174,258.1634521484375,220460
2018-11-07,260.33272481047965,263.0789049789661,259.4096409333605,262.0635070800781,43734
2018-11-09,262.0635183733767,263.2866158313812,257.24039927352584,258.0942687988281,293498
2018-11-12,260.263453354134,262.10962070356493,253.3864687093926,254.0326385498047,258492
2018-11-13,253.7557202130068,253.80189130321585,245.6787373059068,248.9326019287109,635228
2018-11-14,251.4249541311203,253.709592207488,247.06337747083327,251.21725463867188,280182
2018-11-15,252.37113235862807,252.37113235862807,246.97108591529087,248.19418334960935,294560
2018-11-16,248.30951842294664,258.34805378669955,246.04795206139173,254.8864898681641,326010
2018-11-19,260.1020234612777,260.1020234612777,249.23271353292785,257.8866271972656,241736
2018-11-20,257.0788689438366,257.54041089885243,250.73266706236845,254.4711456298828,304838
2018-11-21,254.0788303397661,254.5173008036553,247.57110044931332,249.55572509765625,339228
2018-11-22,251.07879467543847,258.83269299459414,249.69416896950776,255.71728515625,396750
2018-11-26,256.13274410895326,263.0789457260842,250.73269695736008,260.4481506347656,269854
2018-11-27,260.171180350162,261.9019625129887,257.540385828609,260.77117919921875,778868
2018-11-28,260.7711847044939,281.5405710968873,260.7711847044939,277.8943786621094,1589268
2018-11-29,278.6097588528536,281.05592511012384,267.6942824470308,275.2635803222656,563692
2018-11-30,275.95600606861257,281.5406536683435,268.64054759161274,279.4867858886719,398696
2018-12-03,280.6636457969273,283.340611617117,277.8251797342075,278.9559631347656,407630
2018-12-04,277.9174550843088,283.38671510943226,277.9174550843088,280.70977783203125,194932
2018-12-05,280.4789899015785,281.6328445348989,277.4558963963349,279.5097351074219,407602
2018-12-06,279.2097745101543,280.2251723113772,276.9251364999732,279.025146484375,173246
2018-12-07,277.4328671573171,283.6867833928717,277.4328671573171,282.5329284667969,148150
2018-12-10,277.84825732196293,281.5175215037104,272.95592385982326,274.7328491210937,179512
2018-12-11,274.1558873239268,290.771395646589,272.30971973251985,281.5636291503906,330888
2018-12-12,283.8252579876045,289.3868334428391,279.2329094623886,283.9175720214844,697922
2018-12-13,285.6943847358396,290.4713312738935,282.00205019967365,284.7943725585937,220348
2018-12-14,286.1098207758987,286.1098207758987,280.1789907552031,282.9713134765625,208644
2018-12-17,280.6174985888752,282.6713658491171,278.3097888965325,281.0790405273437,129650
2018-12-18,281.07905290713853,285.23293053630806,280.3867399689436,284.40216064453125,96462
2018-12-19,286.15598638820995,286.5713853784995,281.402110312914,284.6790466308594,271464
2018-12-20,282.4636520803535,284.8867471349644,280.6174844196976,282.3482666015625,401112
2018-12-21,282.0021375284945,284.2867758642964,281.0790536085976,282.1405944824219,161984
2018-12-24,286.6175437158024,291.6945050376604,282.04826725801644,288.2560119628906,581238
2018-12-26,288.4637723846456,292.84842172489226,283.8483520264913,290.7022399902344,680490
2018-12-27,291.23296510741966,292.6175909320191,288.9483268627736,290.79449462890625,342192
2018-12-28,290.7945284279542,296.309960904391,287.2406494310247,290.9791564941406,671218
2018-12-31,292.98677569943044,293.30986064497586,286.1559616048545,287.3790588378906,446936
2019-01-01,289.8483460066668,290.5406589350266,288.0021781977071,288.9714050292969,102592
2019-01-02,286.6405896144173,297.39451018483635,286.1559762564265,288.5559997558594,411360
2019-01-03,283.08676311806926,288.4637384712889,279.97135474257936,283.1790771484375,776372
2019-01-04,284.33290042762354,285.9944682782916,263.8635270941049,266.4481506347656,1442152
2019-01-07,270.6943311378732,270.6943311378732,262.3173341747006,263.17120361328125,461116
2019-01-08,264.0020042096753,267.69433993288754,260.9558385061396,263.1481628417969,232684
2019-01-09,263.2173455146369,264.2327433502139,259.38655329750253,260.79425048828125,267660
2019-01-10,260.79423406847263,262.7788585215253,258.00191132415466,259.5249938964844,210736
2019-01-11,259.617326982712,260.0096263420394,250.24803174965916,252.74034118652344,390516
2019-01-14,255.2326878257417,257.5403974805857,253.1326776738905,254.51730346679688,860618
2019-01-15,254.58653477420629,256.6173306735501,252.0249825211444,253.5249938964844,1356204
2019-01-16,254.5403762354157,258.001940735444,253.409592864683,254.65576171875,270656
2019-01-17,255.18653614579316,260.9558100849702,252.69419853595548,253.80191040039065,313526
2019-01-18,254.3095688164045,256.1557362851261,252.57878681447795,254.19418334960935,106732
2019-01-21,255.69422165813347,256.6173054908343,249.25570629098848,251.51727294921875,1083672
2019-01-22,251.0788462008092,254.26349724610373,248.5634366847766,251.4711456298828,359778
2019-01-23,252.44037061380612,261.0019679971628,249.694190426994,251.4019012451172,730778
2019-01-24,254.7481386069756,258.4635464531819,252.11734330366176,254.72506713867188,669878
2019-01-25,256.1557426646214,260.3557624924516,254.7249741088412,259.36346435546875,1161228
2019-01-28,259.82499367983,265.3865674150815,258.92498142584475,260.7480773925781,762468
2019-01-29,270.4635781037589,274.6174555831682,264.0019909135667,269.2635803222656,3583632
2019-01-30,270.92510549443193,280.98671365897604,270.1174071390397,277.77899169921875,1114976
2019-01-31,279.2328614977324,281.4021141549946,276.90208043664273,277.8943786621094,1107442
2019-02-01,278.3097556926775,287.0329085571276,278.3097556926775,285.60211181640625,499750
2019-02-04,287.07506003710563,302.90286943587915,283.98896854500435,299.185546875,753088
2019-02-05,299.37256800262,304.2120818955157,298.6945611645816,301.4299621582031,434426
2019-02-06,300.6584222303159,315.6679525775937,296.2397196483202,307.78912353515625,849192
2019-02-07,307.7891097775857,310.2673149042548,301.5935826912917,303.0430908203125,197384
2019-02-08,302.9028461588778,302.9028461588778,295.1876608303798,297.4554748535156,185368
2019-02-11,297.3385771693738,301.2429171045851,295.4448270360399,298.3438720703125,247020
2019-02-12,298.226958247881,308.51387139781207,296.9177204639202,301.31304931640625,389338
2019-02-14,300.5648678853563,313.2364906006492,299.39590057984447,306.2226867675781,247726
2019-02-15,302.0845924295416,310.9453722798004,298.3672698651141,300.7286071777344,188882
2019-02-18,301.5468668010436,302.8561046892233,297.3619574558882,299.279052734375,122228
2019-02-19,299.2791182027635,303.7679714946481,298.7881574547024,299.5362854003906,120458
2019-02-20,299.2556926039448,301.5234782337604,288.9687781706842,291.1664428710937,399164
2019-02-21,294.53306794475293,298.48415533350294,289.01551841539947,293.3406982421875,491558
2019-02-22,291.82099916663907,297.7593590395182,280.5521652770413,281.30029296875,863818
2019-02-25,283.7785719369786,287.4724922464807,276.97515801053333,281.1834411621094,504096
2019-02-26,276.3906785415751,296.40342600530454,276.3906785415751,294.74346923828125,607672
2019-02-27,293.64457731009577,309.5425321326168,292.24181659046155,301.28961181640625,604576
2019-02-28,303.04315197155427,307.6489014810999,303.04315197155427,306.363037109375,311010
2019-03-01,308.0463440467279,315.1536729426007,307.20469306125915,312.839111328125,395662
2019-03-05,312.81572126333253,319.8295266728243,311.92729449576467,319.1515197753906,476206
2019-03-06,319.5722845111233,322.5882258372041,310.24391979804386,313.07281494140625,134442
2019-03-07,313.5170517410208,318.4734620232429,297.8762624675687,300.1674499511719,238018
2019-03-08,301.10266444864817,305.5681147404489,299.1621669179184,303.3470764160156,125490
2019-03-11,303.97824004608964,319.3618608650971,303.97824004608964,316.3692932128906,429124
2019-03-12,319.82945823009385,323.1025667207527,316.76676956453986,321.9803466796875,486240
2019-03-13,322.6817956011001,325.370421003718,303.95494089593285,306.5032958984375,352854
2019-03-14,308.6073717624589,319.3384974429563,308.6073717624589,314.6626281738281,220150
2019-03-15,317.49162729096577,324.5054334903244,306.31628466428754,312.3014221191406,829508
2019-03-18,311.3661792937895,314.5925123104425,306.26946983053034,307.6020812988281,264230
2019-03-19,309.94001135828466,311.3427722669698,301.5935953673056,302.6924133300781,349496
2019-03-20,304.8200260263065,311.0155547785546,297.8763408294821,298.74139404296875,235268
2019-03-22,299.2556604240983,303.67436299289665,294.1122037605591,294.93048095703125,233466
2019-03-25,294.5797984748376,303.8146413635329,294.5797984748376,296.75408935546875,253596
2019-03-26,299.6999595466247,303.93161712333773,296.91781057433764,297.5490417480469,224970
2019-03-27,299.9336909616772,303.4639671521309,289.90394396659656,291.7742919921875,394558
2019-03-28,294.1122566225494,301.126062424359,293.90183674064536,297.7594299316406,205396
2019-04-01,297.8528984251114,303.4639420375154,293.2471782089606,294.04205322265625,257418
2019-04-02,296.8008109198676,300.1908162434896,293.17701212565106,294.57977294921875,322312
2019-04-03,296.3800137961466,299.208938027767,292.70946719667904,293.3406982421875,243628
2019-04-04,295.0474130156349,296.0293343532369,287.5660206095332,288.75836181640625,360138
2019-04-05,290.86241936301496,293.9017341495443,290.60525228123333,293.0133361816406,213480
2019-04-08,294.5330506300205,295.9358115724605,292.2652366495292,293.4342041015625,299370
2019-04-09,295.9825563943716,299.255665232856,289.92729933532667,292.0782165527344,576672
2019-04-10,293.6446260312984,296.7774645327933,291.30669111066703,292.3353881835937,282984
2019-04-11,294.0420859186617,296.1696296896653,289.55326194530124,291.1664428710937,285094
2019-04-12,291.0729500789655,294.5798530919651,284.4565816454064,285.62554931640625,451238
2019-04-15,288.26740700004024,289.8104385072761,282.4225690641108,283.4746398925781,527992
2019-04-16,285.6021360819961,289.436355219244,285.2514458293072,287.9868469238281,429958
2019-04-18,289.7636298221108,294.57976955298585,289.2960428863124,294.1121826171875,527078
2019-04-22,293.66800653341136,300.1908508222103,291.9145553019732,296.82421875,508376
2019-04-23,297.3853565134707,300.19087874472984,296.05274486932177,298.57769775390625,392214
2019-04-24,300.0506083410165,300.19087874472984,294.1122472436684,298.57769775390625,315324
2019-04-25,300.0740267863012,300.51824024708816,295.98263958820206,299.5596923828125,277948
2019-04-26,299.23227211247723,300.09729654778204,295.0941105125181,299.2556457519531,277376
2019-04-30,294.57980904270016,300.19085302446587,290.8858603390062,297.5022277832031,505892
2019-05-02,295.74881681545577,295.9826103465352,288.0336302898352,293.8083190917969,326180
2019-05-03,292.47569153176306,294.55645955346773,288.10376415318245,290.13775634765625,337480
2019-05-06,288.03358018101727,294.57979791240405,285.2046846549455,293.4342041015625,234898
2019-05-07,295.5150326989838,295.5150326989838,289.36625122000584,290.7690124511719,371404
2019-05-08,289.9039271245932,290.83910108305963,283.4746061601365,284.7838439941406,189780
2019-05-09,283.007018567905,289.43633951843566,283.007018567905,285.4384765625,192900
2019-05-10,286.81783202679424,287.7062300632774,283.5914708194177,284.5500183105469,132822
2019-05-13,284.7605020387508,288.0102376138734,283.8487016199398,284.5734558105469,126884
2019-05-14,285.95280996923583,294.4862722962848,284.29288190935733,289.2025451660156,303738
2019-05-15,292.21851510044274,292.21851510044274,283.0304187026423,284.5267028808594,188612
2019-05-16,284.7604869104778,285.78918403245353,282.89013888479326,283.5681457519531,174118
2019-05-17,283.73183597294974,285.55543701052727,281.20688285082394,283.2408752441406,112278
2019-05-20,288.0336428401001,288.0336428401001,282.25895378652234,283.2408752441406,124192
2019-05-21,284.7137873373832,286.16329588449656,282.8901862910464,285.2514953613281,131450
2019-05-22,285.2280734099208,285.2280734099208,280.66910010541795,283.1239318847656,208902
2019-05-23,283.1239631297528,285.2281048871168,281.48740842958085,282.4693298339844,205454
2019-05-24,282.4692842399955,283.4278603839125,277.793414422818,280.3651428222656,139396
2019-05-27,281.0197893116836,283.3577243309156,279.9677185530292,280.45867919921875,117016
2019-05-28,280.55222427392084,281.0198113143774,267.9273741815944,270.1951599121094,360658
2019-05-29,272.11224069918984,272.9772651709982,268.39491860989745,269.21319580078125,140554
2019-05-30,269.79772713494714,271.2004882812293,268.9093003266023,270.21856689453125,119072
2019-05-31,272.27591821253003,273.02407457405286,269.9613567371967,272.1122741699219,234212
2019-06-03,271.4342176765331,279.149402158295,270.2652503308116,273.3045654296875,243998
2019-06-04,274.8944242139962,279.1494547381928,273.5617840653158,277.6765441894531,187668
2019-06-06,279.5936357933652,282.282260884078,274.9411397111525,280.3183898925781,296710
2019-06-07,280.55220992100374,288.0102285425864,278.2610221242836,285.8359375,370526
2019-06-10,287.56603073811107,288.96879186366283,283.17070112901627,284.8306579589844,203488
2019-06-11,285.3683747331911,302.1313878239883,285.3683747331911,296.2164001464844,581208
2019-06-12,295.9358882035583,297.6191903546712,294.81366774331525,295.9826354980469,189850
2019-06-13,293.6914063304073,296.45018126258793,290.3715497855948,291.9145812988281,312810
2019-06-14,290.6286575883213,296.3332239786784,290.6286575883213,294.57977294921875,208634
2019-06-17,295.0474458606155,298.975188726758,287.823219806416,288.9921875,89976
2019-06-18,288.96871811381294,298.3204565640981,288.96871811381294,297.1514892578125,212498
2019-06-19,299.092065322162,299.25570937252576,292.8731347803655,295.2812194824219,149994
2019-06-20,296.42678326386425,297.3853309024776,292.24187392145984,293.9485778808594,107998
2019-06-21,296.1930121371055,296.8943926874945,292.40554004145656,294.55645751953125,85096
2019-06-24,296.8944079761661,297.15157515003546,292.24191104448806,293.7849426269531,166782
2019-06-25,292.0080166257216,295.02395781353084,286.06965733717453,287.285400390625,411686
2019-06-26,289.4129788770531,293.08352540525703,285.2280695261563,286.8646240234375,92292
2019-06-27,289.389623613285,290.13775144385545,285.78919778276395,287.6595458984375,260230
2019-06-28,289.9039472365232,290.2780111380114,286.1632511431487,288.688232421875,36820
2019-07-01,289.9039584142727,290.8157588300381,285.9528423054545,288.103759765625,40906
2019-07-02,285.3449728639517,290.3715332216534,284.7604891014282,286.0229797363281,60306
2019-07-03,286.0229985427107,289.43637823243256,283.96560414765327,287.9400939941406,80016
2019-07-04,287.6595563529675,291.9145870550682,285.5320410019172,290.1845092773437,99088
2019-07-05,290.7455876600274,296.8008449505622,289.5532465311314,293.27056884765625,714312
2019-07-08,291.7742524510998,294.3459806377681,286.1865827740356,287.0516357421875,252100
2019-07-09,289.27270951067544,293.17704955233285,285.3449672875775,287.7530517578125,62062
2019-07-10,289.55327097716963,289.85721396515,285.8593219906677,288.12713623046875,51014
2019-07-11,289.53674241356833,291.06383490659465,285.5897841908136,286.5765380859375,30632
2019-07-12,287.7042121456257,293.6716253076511,286.1771196940259,292.5439147949219,58562
2019-07-15,293.2017220097291,293.5306399336544,289.32525693508126,291.95654296875,26954
2019-07-16,291.322210161004,291.322210161004,288.6439195898798,289.5601806640625,80678
2019-07-17,284.93197499686426,293.34271330917136,284.93197499686426,287.16387939453125,53796
2019-07-18,287.56325527933285,289.9596042684461,284.9084523170526,285.7072448730469,57744
2019-07-19,285.7072601203332,287.4692899648532,270.1779094930709,271.2116394042969,358106
2019-07-22,271.5875987227966,274.82974588844354,264.32802828067634,270.0370178222656,587262
2019-07-23,269.2381013119206,272.9970974907956,268.76822678956125,271.6109619140625,58010
2019-07-24,270.6712862207349,272.5272968228026,260.1930872683224,263.881591796875,184570
2019-07-25,265.032756214736,274.453735989303,263.1297698648799,264.06951904296875,84346
2019-07-26,260.5924185681341,267.35862367936977,251.6178259759271,265.15020751953125,171386
2019-07-29,262.1900563070554,265.24424155077554,250.4431899850547,251.3594512939453,186278
2019-07-30,251.42990376083637,252.27570104035348,220.25373344268445,236.6758575439453,1961670
2019-07-31,235.8770331812936,246.6841482473688,231.7656307105041,244.59320068359372,689760
2019-08-01,246.6841461966066,246.731122181478,237.16918627188036,243.3715362548828,258388
2019-08-02,243.37154768331857,250.8895410632987,237.28666605562336,248.75161743164065,84132
2019-08-05,245.744417693992,249.8558204756792,240.5757970541566,241.7739715576172,89284
2019-08-06,241.98541791130515,252.79253366268384,239.3776196288116,249.62088012695312,106908
2019-08-07,250.2082421649201,253.45038860536636,245.32153450836643,248.11729431152344,52802
2019-08-08,248.56369513194824,253.49737906178845,248.1173084691881,251.9937744140625,35076
2019-08-09,255.376877932861,262.65993516921674,250.1142760004938,252.8160552978516,79954
2019-08-13,253.7323054586229,253.7323054586229,249.033559061241,249.8323516845703,39966
2019-08-14,249.03354591892267,250.8895563837152,240.12941623000967,243.72396850585935,94412
2019-08-16,241.30410577985552,243.39505357822253,236.34693426611184,240.0824432373047,135092
2019-08-19,240.12942890242783,252.11123221575173,239.6360662664772,249.8323516845703,64414
2019-08-20,247.31850224485623,265.0092936944094,247.31850224485623,260.63946533203125,141318
2019-08-21,260.7569102982021,261.2502728835213,252.79253023621305,255.32986450195312,540306
2019-08-22,252.792542642614,274.8766495277494,249.85582630150557,268.4393615722656,267908
2019-08-23,268.2983759188267,270.76521737867586,247.6473831048879,254.2491149902344,266880
2019-08-26,254.6954949758048,257.4912542937825,243.18356846084552,249.17446899414065,130160
2019-08-27,249.5034077770497,253.63829844134756,249.12751384008973,250.3022003173828,51790
2019-08-28,256.08166410614905,256.08166410614905,251.8527925887998,253.6148223876953,46318
2019-08-29,257.9376754301905,257.9376754301905,249.5503963519413,251.0540008544922,23376
2019-08-30,253.59137784113727,256.6455633491692,248.86914290680136,254.6955718994141,104250
2019-09-03,254.6955289578552,262.44846009418006,249.50342020536328,260.2870483398437,258870
2019-09-04,262.1665410715904,264.04603948783426,260.78040525383653,263.3647155761719,77028
2019-09-05,261.9551612684462,264.70391695998114,261.203373174025,264.3045349121094,513046
2019-09-06,269.94293320016834,269.94293320016834,261.27374188120416,267.7110290527344,57458
2019-09-09,267.71103289632987,268.76825066555625,261.72013220404693,263.6466064453125,105476
2019-09-11,262.56601726056914,266.41899613265514,262.56601726056914,265.0798645019531,86390
2019-09-12,266.86527057699107,268.7447688767795,264.0225351343346,267.4056091308594,118546
2019-09-13,267.8285551845899,269.70805381746425,266.2309698750975,269.2146911621094,87150
2019-09-16,269.6845361913267,276.52120598151885,268.76827497269124,273.4905090332031,204680
2019-09-17,276.2158359785729,276.6622226875176,269.82555141317243,270.1309814453125,231842
2019-09-18,272.50381469380847,281.5489018951916,270.17792939196386,276.45074462890625,183828
2019-09-19,277.2260515669812,281.21998620820045,274.6417409167805,279.4109802246094,62482
2019-09-20,281.9013533233815,287.5633381508706,274.5712902416208,281.4784545898437,1035268
2019-09-23,281.4783787393817,293.6716305767004,277.2495072590773,291.04034423828125,250652
2019-09-24,290.85236221352284,290.85236221352284,277.4609368127386,282.3241271972656,147282
2019-09-25,282.3241317076638,286.57651962666256,266.1604632607204,267.87548828125,329878
2019-09-26,270.5302955570852,272.99713715790966,264.5628825202693,267.0297241210937,82800
2019-09-27,269.8489864008474,271.7754895349679,265.8080761722826,269.0971984863281,39044
2019-09-30,269.0971782911896,271.11763325384146,266.4188874435496,267.8050231933594,69560
2019-10-01,270.6243332746852,271.82250799767263,261.2503274791806,263.5997009277344,56534
2019-10-03,263.6231684640715,265.9490537333801,261.25030720098823,261.9786071777344,55588
2019-10-04,263.1297922756768,272.5272848569509,258.90092061410337,261.8846130371094,39998
2019-10-07,261.6496828306492,274.87666546967023,256.8569844270963,270.5773010253906,132852
2019-10-09,272.7622304856176,273.4670424506967,260.5220017611847,269.91949462890625,94040
2019-10-10,271.7284450179386,271.7284450179386,265.94899382085583,266.58331298828125,29376
2019-10-11,266.34844891713124,271.5875630319442,263.12981885447886,270.5538330078125,40832
2019-10-14,265.0092613424497,277.2260003405059,259.1358291318457,274.5711975097656,139622
2019-10-15,278.5416512312862,278.94106184012924,271.235107092165,276.4272155761719,83224
2019-10-16,279.5753841619976,283.52234223347943,274.9236141976704,282.01873779296875,332582
2019-10-17,278.8000442623282,290.85233757355405,278.8000442623282,285.09637451171875,234364
2019-10-18,286.62346606948194,295.5510822257445,280.58558977218746,292.5203857421875,166294
2019-10-22,291.3222370186237,298.37035565617106,285.9186793965041,290.7348937988281,150286
2019-10-23,291.3222214772048,297.4305906372107,282.3946050125808,283.1463928222656,219668
2019-10-24,283.8042986237031,293.2017919556138,282.2302299621576,285.9892272949219,98418
2019-10-25,287.56324535849683,288.83191247085216,274.38326901533947,283.1229248046875,219378
2019-10-27,286.6000552390112,286.6000552390112,279.6694039886256,281.64288330078125,7192
2019-10-29,281.9247827801035,286.62352915977186,277.4609737194185,283.85125732421875,39108
2019-10-30,285.21388552113865,286.6235093375529,281.9247632828389,282.88800048828125,72794
2019-10-31,286.153618283596,298.1354200343869,282.39462165589686,291.13427734375,673950
2019-11-01,293.201750204436,293.4836634927001,287.8216803022505,288.59698486328125,472010
2019-11-04,292.0505790705428,292.73190303971626,273.7959606334352,281.0320129394531,169560
2019-11-05,286.6234943252288,286.6234943252288,277.2964953666847,281.40789794921875,1007302
2019-11-06,280.93799730429294,283.09940870418103,276.0512906451558,282.8644714355469,92718
2019-11-07,281.9952809201864,289.44278260494985,281.9952809201864,287.6102600097656,192924
2019-11-08,286.6234771353597,292.2619717675307,282.9819493520826,288.996337890625,237054
2019-11-11,286.69402590982463,291.7921543328185,285.23739730406044,289.8421630859375,178570
2019-11-13,294.940283382456,294.940283382456,290.38249416225847,293.5071716308594,253042
2019-11-14,292.26199076899985,316.69546909695487,291.3222416025401,312.63104248046875,881154
2019-11-15,312.9600304228661,315.75579055417285,297.830059723037,306.6637268066406,350762
2019-11-18,307.15705744703905,318.5750054462864,298.39388395252087,304.3612976074219,456868
2019-11-19,306.334754266945,314.81598514592315,306.334754266945,310.1642150878906,181986
2019-11-20,312.46664831850575,313.8762722958825,310.1642510172412,312.60760498046875,109062
2019-11-21,312.4665889357845,324.2134531814907,312.4665889357845,322.9917907714844,514886
2019-11-22,323.2972261958185,328.91223363435057,312.46662195263303,315.9671936035156,380972
2019-11-25,315.73222690691546,318.10508777864874,313.47683467911816,316.0376281738281,179166
2019-11-26,317.02443157186894,323.8845899790912,308.3317505610971,317.2593688964844,732718
2019-11-27,320.4544845359103,321.39423375742325,311.6443355842265,317.7292175292969,390736
2019-11-28,317.635263837345,320.9243863918737,315.16842192144844,319.2328491210937,90078
2019-11-29,321.8405967382272,322.8038338837661,319.3502672198757,321.55865478515625,164394
2019-12-02,321.8405818253857,323.69659205134667,315.92014523164454,320.0785522460937,55450
2019-12-03,320.0081014996918,322.49843122878514,314.4635867665158,317.541259765625,67438
2019-12-04,314.8159773986581,324.2134692613046,312.7015417295627,322.239990234375,102702
2019-12-05,322.3339699713597,324.14297567822274,317.1653494616149,323.48516845703125,105348
2019-12-06,318.10512717395744,324.6833720490466,318.10512717395744,324.4014587402344,171932
2019-12-09,327.5026028473461,327.5026028473461,319.1388405333601,320.2900390625,79620
2019-12-10,317.82323834977467,321.6997043783751,314.4636229867713,317.09490966796875,98156
2019-12-11,316.48404236750764,319.4912513861734,315.2858678306021,317.87017822265625,142142
2019-12-12,317.30636153080275,319.467802237944,314.58109415811293,315.5208435058594,186300
2019-12-13,315.7322298509703,317.1653415845788,312.4665957833258,316.1081237792969,297102
2019-12-16,312.46667050535586,318.10516681522694,312.46667050535586,316.27264404296875,269922
2019-12-17,313.2654150244696,317.7996879020967,313.2654150244696,316.2961120605469,197004
2019-12-18,319.96111326788633,328.30138738301224,315.3328312699173,317.1183776855469,324080
2019-12-19,317.1183592257714,325.1532029129104,315.9906487845841,322.7333374023437,106010
2019-12-20,320.5015166510116,324.21353819757746,317.6352924950179,321.4647827148437,304166
2019-12-23,318.3166339172944,319.9846834328946,311.5739144966613,315.19195556640625,251386
2019-12-24,313.87621525717526,319.3737535056868,313.3123600329157,314.6515197753906,121266
2019-12-26,317.0009310463454,317.16537569552776,312.9365040195874,314.60455322265625,246222
2019-12-27,316.67196787444743,319.9845778120587,312.39609213836087,318.6454467773437,100292
2019-12-30,320.407527679087,322.4984468787135,312.9365094503893,315.7322692871094,55878
2019-12-31,317.1654037283276,318.4340710790157,314.81603036737704,316.7660217285156,37034
2020-01-01,318.50451991558884,333.5875133824494,317.3063452942974,331.9194641113281,471888
2020-01-02,332.67125305838823,342.44464006783187,332.3893397392099,335.2085876464844,434864
2020-01-03,336.4302056021945,336.4302056021945,325.1532154702774,326.3748779296875,104970
2020-01-06,324.2135028719535,324.2135028719535,318.1051325279892,320.994873046875,103268
2020-01-07,326.5393367200753,326.5393367200753,319.9845807616512,321.018310546875,87850
2020-01-08,320.4309848420574,322.3809471981805,314.51054775536176,321.2532653808594,73262
2020-01-09,326.09298487385684,326.09298487385684,320.9243640761444,322.1460266113281,55048
2020-01-10,325.1532558379972,328.2544170377354,320.9243840135145,323.4382019042969,96128
2020-01-13,326.0695510618622,327.66710782111767,316.83650181286754,320.87744140625,90330
2020-01-14,320.92433152873417,324.7068160840387,319.70266911744864,321.4176940917969,41236
2020-01-15,321.8875728112313,334.55069838036275,321.8640848181861,332.8591613769531,325548
2020-01-16,334.55073756155286,335.9603614557729,325.0827522671597,328.93572998046875,140660
2020-01-17,334.78569270283833,334.78569270283833,329.14719682573786,330.486328125,92258
2020-01-20,332.6242242158096,334.55069850814346,324.68333240045945,329.96942138671875,183716
2020-01-21,326.6333442172652,341.5988389644485,326.5863395492878,335.5374450683594,398718
2020-01-22,336.4302240805053,345.8277163732569,336.4302240805053,341.199462890625,512922
2020-01-23,344.69994668993854,347.7071551792513,337.5813647067638,347.11981201171875,177270
2020-01-24,347.1198317399373,347.1198317399373,339.74279540068903,342.8909606933594,155064
2020-01-27,339.48440391748176,342.890994821844,330.4158297285396,339.08502197265625,256330
2020-01-28,340.6590614186851,344.2771013240088,333.6109429065744,339.484375,93452
2020-01-29,342.3506485249367,346.29760694127054,326.1634902480521,329.33514404296875,126174
2020-01-30,326.68034124465487,332.41281754955514,319.79666634378685,323.8141174316406,84100
2020-01-31,326.5393946702085,336.4302503447078,323.74363475908336,329.358642578125,478658
2020-02-03,330.3218993045644,336.1953327914877,324.518958491034,332.95318603515625,69506
2020-02-04,333.141108434855,340.8705517358667,332.83567845768926,336.8766174316406,173770
2020-02-05,340.61210605074234,340.61210605074234,328.95919312894074,335.5844421386719,319720
2020-02-06,335.0133964165486,337.3927529251888,333.1099112096363,335.7272033691406,148912
2020-02-07,339.6531028210591,339.6531028210591,331.2301759333691,337.725830078125,32380
2020-02-10,337.86865897286475,339.98629229230494,332.4199261987625,333.6333923339844,365856
2020-02-11,336.8931057167824,336.9168934737296,326.0194286629125,333.0623474121094,113908
2020-02-12,337.2499811281395,337.2499811281395,327.4946199117675,333.157470703125,231486
2020-02-13,328.39870448062,336.8930228528553,328.39870448062,333.6571044921875,150112
2020-02-14,333.5619563489568,334.37094327772365,331.49189899785847,333.7047119140625,137632
2020-02-17,330.3261096827614,335.4179098989819,330.3261096827614,333.6333923339844,387856
2020-02-18,333.1099019826838,339.58173988896743,331.1350245172637,336.2506408691406,137222
2020-02-19,335.5606745560893,343.57909471932913,331.46816375715787,341.96112060546875,76958
2020-02-20,340.2241650596204,343.36490377533534,337.8685965003958,341.2710876464844,82850
2020-02-24,342.1514313968493,349.2895002020687,338.3920368748166,343.3173217773437,164192
2020-02-25,342.1515026453415,344.95915524466795,335.17997570923245,339.5342102050781,110356
2020-02-26,334.0616489120925,344.34045726066694,334.0616489120925,341.4852294921875,90930
2020-02-27,336.9882713456172,345.2684145050929,331.27781576878743,339.34381103515625,153308
2020-02-28,336.01274893177714,336.01274893177714,319.3096761490849,331.3968200683594,179552
2020-03-02,333.1099453893672,342.62737240049194,326.4477464815798,332.5151062011719,169482
2020-03-03,332.6340888071868,339.6769792991348,329.49334937202514,336.9169311523437,95536
2020-03-04,336.8931395575546,339.65318767292536,327.3994999915554,335.3465576171875,92980
2020-03-05,335.53681375712154,338.463433623628,330.23086663585286,336.13165283203125,88748
2020-03-06,330.2546985976242,336.82171705471035,326.5666958395095,332.4436950683594,78872
2020-03-09,331.63477152236504,337.34522799941044,325.9718905646749,326.9950256347656,175428
2020-03-11,326.42389621807405,333.0860938501571,323.5924564154634,326.6142272949219,107614
2020-03-12,319.3096558827205,321.689012483933,299.8227195098139,308.1742553710937,220058
2020-03-13,276.55258386514515,315.431241094866,246.54887882560425,310.95806884765625,187594
2020-03-16,302.2972853837564,302.2972853837564,279.574427647315,286.80767822265625,962284
2020-03-17,281.2400079807313,286.4508058157476,276.4812938017004,283.1434936523437,254406
2020-03-18,286.92186341567964,286.92186341567964,270.4689234177723,273.45819091796875,71964
2020-03-19,266.4035243160324,266.4035243160324,242.80026479898703,252.2224273681641,264848
2020-03-20,252.22243191523776,265.44696348458467,233.3541835386832,244.33078002929688,92468
2020-03-23,229.57576208435648,241.3175999108824,200.90270012728217,224.4581298828125,135844
2020-03-24,241.03066180289463,269.2732598630868,221.44497214317795,240.2175750732422,178180
2020-03-25,240.21752990006195,251.07455500921932,227.68651503550345,246.53086853027344,36144
2020-03-26,248.707084760274,272.0951280616734,248.707084760274,261.85986328125,140910
2020-03-27,262.1467988436329,275.0126182252585,248.70706343849463,258.41619873046875,45996
2020-03-30,258.2727266667037,265.44696907411213,241.53282771608403,262.7446594238281,88116
2020-03-31,262.81637186744086,270.2297545133832,258.7509684809564,263.5098876953125,52508
2020-04-01,263.50994523014094,267.2405456668074,254.5421416842749,259.5162658691406,76680
2020-04-03,265.4230641225384,265.4230641225384,238.18485093340695,245.88519287109372,235558
2020-04-07,248.73095478800604,258.2009480273801,238.7348475695485,243.42202758789065,144230
2020-04-08,244.85689120941137,248.3244415931202,241.5328198307531,244.45034790039065,67842
2020-04-09,245.3830045674367,253.22685479928955,241.030642411902,245.765625,215980
2020-04-13,245.83736117299011,245.83736117299011,234.3585738808661,243.97206115722656,98272
2020-04-15,249.56795364042983,251.09846440473837,239.28487366956912,241.5567169189453,118974
2020-04-16,242.4894037487288,242.63288276460432,235.62604196602243,236.98915100097656,108430
2020-04-17,243.9242437664305,249.66363773740528,234.3585871481391,235.29124450683597,123626
2020-04-20,241.0545148565158,243.42202039441213,231.9671422726392,233.37808227539065,155504
2020-04-21,231.96716043881173,233.7846292595068,225.27120116841303,226.65821838378903,164284
2020-04-22,231.72802672944596,232.89982547908144,225.2712086472013,231.8715057373047,76746
2020-04-23,233.7846291369985,235.7216832539685,227.2321634691617,229.8866271972656,166432
2020-04-24,231.0106065693015,231.96717222797355,223.66896221978675,223.97984313964844,109666
2020-04-27,225.7494977728904,227.25608578161712,222.49718033830464,224.29074096679688,103070
2020-04-28,226.7060625807889,228.6191939105846,222.01889666120297,226.49082946777344,835506
2020-04-29,228.5952833672669,228.6191916702416,223.8841945946044,226.4669189453125,146588
2020-04-30,229.26486494759584,236.2717051048801,224.79291781233536,226.9451904296875,645204
2020-05-04,224.7929019568101,227.63869027744207,220.01007425560144,221.8036346435547,133814
2020-05-05,224.79292300249372,229.26487024100533,220.9666604833024,223.62112426757807,212134
2020-05-06,230.38884818016768,246.3156607971837,225.91690073969167,241.34152221679688,1548102
2020-05-07,242.96764566445864,254.9247148408592,242.48936289740263,253.32247924804688,556438
2020-05-08,255.8813147596711,263.53384006089493,247.7505066271208,251.88766479492188,292394
2020-05-11,254.0638325736252,259.97061355527,246.31564527227823,252.7963714599609,382558
2020-05-12,249.71146268349645,253.48990885074048,247.272231841194,249.61582946777344,255966
2020-05-13,259.2293007573421,260.5684868785605,252.533340959182,257.2444152832031,168114
2020-05-14,255.3791046544764,259.08579632190686,246.31563983570115,250.97889709472656,140958
2020-05-15,250.95500524867623,252.53333273988716,243.92424185102732,249.2331695556641,175452
2020-05-18,250.9071740927405,254.3986622884044,245.45476706018715,246.57872009277344,268096
2020-05-19,248.22878868080045,249.4005874522928,246.38741146278903,248.0614013671875,154644
2020-05-20,248.70706398768428,251.6963315836901,246.79393272624057,248.73097229003903,500998
2020-05-21,251.19415345729968,253.4899052513512,246.7939454899947,249.5918884277344,846080
2020-05-22,248.56357481436237,253.3942193750908,246.96130993320168,250.97889709472656,111376
2020-05-26,252.9638028502508,253.489902291387,249.1375401741544,250.8832550048828,74330
2020-05-27,251.7441281894585,253.44205540275695,249.2809894012651,251.6245574951172,1164482
2020-05-28,251.2180411344254,263.39034425388775,251.1223787358469,256.14434814453125,527172
2020-05-29,255.88133597604167,258.4401376589741,250.6919785027013,251.36155700683597,202230
2020-06-01,253.4898946639956,267.36009644749726,252.7963787364072,263.72515869140625,197616
2020-06-02,263.533850727218,274.91697673509793,260.6641536231104,267.8623046875,211286
2020-06-03,268.4601684688411,271.8799026582236,267.8384065776997,267.9579772949219,119928
2020-06-04,268.125392696481,274.5343954874777,267.8384346219295,272.6451721191406,400878
2020-06-05,273.5299596617064,274.29520050590736,268.07752377255633,273.6016845703125,183506
2020-06-08,275.0126647028067,279.7954936541599,274.390902777545,278.0975952148437,149306
2020-06-09,275.2756915293862,279.65199133220693,274.05607608678554,278.31280517578125,74438
2020-06-10,278.3606033464862,282.0672952295365,277.8823205228668,281.373779296875,94898
2020-06-11,283.9326382402268,283.9326382402268,280.01071285692973,282.2347106933594,379412
2020-06-12,274.05599725154065,280.8476176815267,273.7451018082008,279.8910522460937,57102
2020-06-15,278.83893008708867,286.0849276829899,278.3845554946731,283.1195678710937,121488
2020-06-16,286.4913696605034,286.82617342673285,275.53868291652384,277.16485595703125,115272
2020-06-17,273.6016805836431,285.0565599292817,273.6016805836431,283.8369445800781,49230
2020-06-18,283.836983290794,284.5783159224299,277.40407266388127,279.6520080566406,53290
2020-06-19,279.8432580200493,294.0721714937838,273.697335641834,287.73492431640625,368394
2020-06-22,288.8828332994194,296.05707584824603,287.01751855989744,294.6700439453125,193882
2020-06-23,290.81984852261417,296.0570509817874,289.361091831957,294.7178649902344,92752
2020-06-24,291.2742622982205,294.59833402000487,287.85452816583904,292.7569274902344,142526
2020-06-25,294.11998749382303,297.5157833944488,289.3610682194053,291.5611572265625,94070
2020-06-26,291.75249083767187,303.9487015202303,289.8393597502117,300.0028686523437,343676
2020-06-29,303.66174652307865,304.28350829421083,297.7310284167468,302.2268981933594,102976
2020-06-30,305.59885289762656,306.65108107508166,301.7964981522233,303.7574462890625,129564
2020-07-01,305.144436864259,308.97069939547225,301.5573157412465,305.2640075683594,90578
2020-07-02,304.18787958136573,310.4055563652616,302.2747482632439,307.2489013671875,215258
2020-07-03,308.4924175461497,308.5402341511132,300.36160964183256,306.7466735839844,103038
2020-07-06,306.1487986553063,312.94042003303537,305.69445336372195,311.52947998046875,180498
2020-07-07,312.0795451881563,326.1888886104561,310.93165472443053,325.01708984375,314558
2020-07-08,321.2147572139398,350.7248155248973,320.52127042034726,344.9136962890625,405620
2020-07-09,345.58325173734414,359.1904040404041,342.37875094943576,355.125,345982
2020-07-10,356.3206758750027,358.71208980704967,335.2762332729891,349.9834289550781,263062
2020-07-13,349.1464391568828,351.0595703303452,334.79795535591506,346.65936279296875,191594
2020-07-14,345.32022604263386,355.36416613528667,340.5373974270849,352.2792358398437,188564
2020-07-15,357.27726032018137,372.10402748206303,354.3119010493918,365.7189636230469,615852
2020-07-16,368.277780101901,382.6023567377846,356.6076673413256,361.4622497558594,482722
2020-07-17,359.16649303390994,365.336323957077,351.2269806289364,360.3861083984375,401528
2020-07-20,362.4666467801613,366.3646636907744,359.19042092920563,361.8927307128906,117098
2020-07-21,360.553466300988,364.427574380159,355.3641097532874,357.7555236816406,104360
2020-07-22,359.2382231077981,363.375381277618,338.6242447443943,341.9244079589844,209932
2020-07-23,346.2767457557605,352.5900845278421,340.4416897816841,349.6247253417969,132690
2020-07-24,349.62472760712114,370.669170855703,346.77893910213845,368.8756103515625,581764
2020-07-27,403.6707170129308,439.7332548304866,403.6707170129308,409.2666320800781,3873654
2020-07-28,410.4861895182384,429.9523041983549,401.7336206194722,424.11724853515625,1798338
2020-07-29,423.2802294352667,427.1064913962634,411.8253518511202,424.6194152832031,701316
2020-07-30,426.1500106526454,441.4550615402825,423.28031361121344,437.7722778320313,1127916
2020-07-31,441.9333305411793,444.8030274927454,427.4652750770336,439.1114501953125,588986
2020-08-03,438.1070669742318,470.343341002656,434.2808043805704,466.7083740234375,806888
2020-08-04,468.7172028506689,477.8045771916513,447.19447414834224,455.7318115234375,323610
2020-08-05,459.1037255961113,465.5844524627775,448.67713597155256,452.0251159667969,207292
2020-08-06,454.3686924296204,466.3257632830314,444.77912744359816,460.9211730957031,341022
2020-08-07,461.5429643260572,481.53518222736267,459.1754583079397,478.4024353027344,453600
2020-08-10,454.4882382040695,490.239878094366,444.8269196461381,471.5390319824219,619278
2020-08-11,477.3022908535459,477.3022908535459,458.0753178748874,466.875732421875,376614
2020-08-12,466.8757816015874,467.5214517250973,460.51459680758256,463.9821472167969,231090
2020-08-13,459.6297834691752,480.88946035358725,459.6297834691752,477.4697265625,308774
2020-08-14,481.7265334452846,481.7265334452846,467.47370913806265,472.1847839355469,232102
2020-08-17,477.3262793650711,477.7806539062872,468.7889422576634,472.041259765625,101336
2020-08-18,477.3262814194207,480.6503530452742,470.79770887949206,478.3785095214844,197740
2020-08-19,479.7415275267211,483.5438813938989,478.7610536847605,479.55023193359375,250844
2020-08-20,478.2827776245026,488.8049987322416,476.8479292916291,480.7937622070313,150252
2020-08-21,482.8504314148765,502.19697797628106,481.2003497916838,497.3663330078125,332792
2020-08-24,502.1968988553732,539.5029541989152,499.9968098324511,521.3999633789062,907984
2020-08-25,528.0241566280497,532.3047638919913,489.7376282834229,496.6726989746094,569360
2020-08-26,501.2403782561847,513.6757311518534,492.7269209970359,503.3687133789063,259046
2020-08-27,506.9798296714371,512.2170036148594,499.805586798728,502.0056762695313,145868
2020-08-28,506.9798274075423,506.9798274075423,483.0656846052997,486.9876098632813,472594
2020-08-31,496.4576353276644,497.4142010990086,454.3687413885175,458.3145751953125,566412
2020-09-01,457.4775448713271,474.45658600350913,457.4775448713271,460.0363464355469,229282
2020-09-02,462.9777796345438,491.67474944660233,462.9777796345438,484.2374572753906,178408
2020-09-03,489.5224689700604,503.7274454487575,476.6327410615512,488.4224243164063,282792
2020-09-04,476.9436411735551,483.0656555239602,466.1583692574484,471.7303466796875,335770
2020-09-07,473.4999666843417,478.2349780280112,461.2559388186231,469.2193298339844,111720
2020-09-08,471.5868422224796,490.239871478744,471.1085594210369,475.1500549316406,190632
2020-09-09,474.9348522538692,474.9348522538692,459.1515187952815,470.008544921875,131234
2020-09-10,470.1520355346096,480.0764045451317,470.1520355346096,472.6152038574219,70666
2020-09-11,475.2696453044865,489.7137923443444,474.21741725934544,483.5678405761719,229334
2020-09-14,490.67031594404045,568.1760054544563,490.67031594404045,551.9861450195312,1529106
2020-09-15,558.6343066471914,593.0706680158539,545.4337131326969,558.9212646484375,786544
2020-09-16,565.3302858559647,569.1565483659881,540.985678959114,558.0842895507812,408368
2020-09-17,554.8080941133721,565.8085994276889,546.3663903149061,560.4279174804688,382758
2020-09-18,564.3736783146294,573.939333879284,553.4927451098346,569.70654296875,377300
2020-09-21,567.7217456696957,575.3742713063554,546.4620962390052,555.1428833007812,442102
2020-09-22,557.7255259122909,571.5479096295292,522.404355056781,563.4410400390625,359068
2020-09-23,563.41719648973,594.9838645443328,547.6338624624286,586.1116943359375,715130
2020-09-24,581.1136586935706,583.0267900802162,555.8603010361954,564.7564086914062,288070
2020-09-25,566.2868524676238,588.2878619384943,564.8520040238714,583.337646484375,271018
2020-09-28,585.8964606171334,633.2225227965944,585.8964606171334,609.5953979492188,1474208
2020-09-29,614.4738869255475,660.0303280461223,605.5060835553556,637.6466674804688,1652220
2020-09-30,649.7232054254549,662.8281649977108,636.1160839752738,641.4967651367188,355892
2020-10-01,641.8794105489782,648.0492115335062,616.0282036493288,623.5611572265625,411964
2020-10-05,630.3768072754696,641.3055589114223,623.5612765443046,634.9922485351562,609254
2020-10-06,636.6901007544551,640.7076883346089,617.463153713619,620.2850341796875,304708
2020-10-07,621.8154789998202,623.8959975779305,596.4186730819004,602.7559204101562,344432
2020-10-08,614.9999164472714,640.8511247098221,612.6802565827808,629.444091796875,1109752
2020-10-09,629.4202090528387,633.7247545554798,621.7676837148103,623.513427734375,232226
2020-10-12,633.461701983497,633.461701983497,617.7501219223764,622.8916625976562,306172
2020-10-13,626.7418279355421,652.3777757760132,620.7871717112117,642.9556274414062,833156
2020-10-14,650.4168378807434,664.8131395127905,646.1601089796977,654.8170166015625,706582
2020-10-15,658.9780517570318,665.1000364417255,602.8037030119532,617.1043701171875,984854
2020-10-16,633.7247971127096,637.5510600386731,573.9394388945294,620.2372436523438,540018
2020-10-19,628.9179997479702,636.1161798738817,508.6059858707263,601.440673828125,239628
2020-10-20,601.2014518015885,603.7124363854854,574.6567576289647,577.4786376953125,402346
2020-10-21,580.6114251507369,595.4621305555968,563.4171805578258,577.5743408203125,241622
2020-10-22,577.3829931936789,588.2639272778835,559.5908957590942,564.1345825195312,320274
2020-10-23,569.060913861469,578.722203323632,552.8949314397674,560.71484375,309788
2020-10-26,568.6782430763278,583.5050097166694,563.4171323329808,568.8695678710938,615062
2020-10-27,573.9393636124929,574.0589343132456,559.8300209236858,565.8803100585938,356020
2020-10-28,565.8803683652018,569.1565942265694,550.9818458395024,555.1428833007812,206628
2020-10-29,547.7294647847302,570.5914070460109,544.716318034498,560.236572265625,232066
2020-10-30,554.8080235903916,569.5152190433265,547.9207398965817,554.162353515625,178390
2020-11-02,537.589874252118,549.307803005834,527.6176894181287,539.9334716796875,235770
2020-11-03,542.9467058473552,547.131681076838,529.6982933316776,533.1419067382812,133004
2020-11-04,533.1418930930469,550.4318305611624,532.8310559341251,540.9379272460938,121074
2020-11-05,550.0253087529561,553.301534784787,543.4728566892944,548.8056640625,99248
2020-11-06,552.3688443424169,560.6431021555723,539.5508413234783,547.8969116210938,98438
2020-11-09,558.634312904372,559.5908785086604,548.4708033588088,555.0232543945312,80082
2020-11-10,559.4953022494154,559.4953022494154,531.5396345881783,536.298583984375,185212
2020-11-11,536.2986004409328,538.9052187042626,528.5503829893188,533.9788818359375,178266
2020-11-12,533.3093951233396,557.1517870900409,530.9179805151621,553.3972778320312,416732
2020-11-13,555.6690568966218,564.3737817014116,539.5748267839867,546.318603515625,299306
2020-11-14,559.5909675716689,559.5909675716689,547.6338956150094,557.4865112304688,43320
2020-11-17,561.8866089312781,572.9827455924396,552.5361576341118,558.7777709960938,569648
2020-11-18,563.799900945823,563.799900945823,540.4596722761686,544.8837890625,245514
2020-11-19,546.1272413859663,549.9535040513798,539.5030358232963,542.277099609375,179664
2020-11-20,547.5860627511499,554.8081223217868,544.2141452057973,547.9208374023438,272976
2020-11-23,548.9729644789436,554.8079906824714,536.6332461601146,552.9666137695312,129266
2020-11-24,557.1039164924523,590.1771306115035,556.2429839632728,580.2288818359375,381666
2020-11-25,591.8510625049322,596.9926029089726,565.1629157172309,576.9047241210938,313134
2020-11-26,575.0873727062956,585.8965546083641,564.4216406442574,573.7720947265625,353830
2020-11-27,580.6353409289333,581.1614403517951,569.1565532993662,570.7587890625,543580
2020-12-01,572.9827651055502,583.5049861675886,557.0798628186056,577.5982055664062,574616
2020-12-02,590.2010410699935,590.2010410699935,573.939424055099,579.2483520507812,212688
2020-12-03,585.4181371985532,593.0706618678154,576.9046801503472,589.6748657226562,341380
2020-12-04,592.568487436567,594.3381689337524,579.6070344518539,583.0745849609375,497360
2020-12-07,583.505057041199,587.1399949000386,578.1243751627454,583.409423828125,174894
2020-12-08,585.8964421303587,585.8964421303587,568.1999781639723,574.322021484375,194664
2020-12-09,566.7651767940507,578.7222480344315,566.7651767940507,576.402587890625,294876
2020-12-10,579.678670625419,593.0705871085145,574.8958433100278,591.3009643554688,187014
2020-12-11,591.3011043182934,633.6530151904394,591.1575961112138,628.511474609375,612424
2020-12-14,631.3333050646513,642.7881549354671,608.4713635427483,614.0911865234375,237766
2020-12-15,614.1150788066061,632.289824129543,602.2775802081143,624.350341796875,279808
2020-12-16,624.3503506846771,633.72468146576,616.7695803228369,624.4459838867188,144640
2020-12-17,629.5157547517603,629.994037518897,615.0716385378807,624.0155029296875,103370
2020-12-18,632.7680809269813,642.3337359674497,617.9652531055066,624.8524780273438,385912
2020-12-21,624.8524790200946,640.8988887296244,616.2673269612843,626.4547729492188,516672
2020-12-22,621.7677139574565,669.1177167896012,597.853571112939,658.643310546875,355988
2020-12-23,667.2045958347454,702.5257736936854,666.2719676028255,695.6384887695312,1089322
2020-12-24,695.9015022788649,704.0323102092709,676.9615143060399,693.2470092773438,290488
2020-12-28,704.5105968735711,717.4242330688097,693.5340294612718,704.4388427734375,264724
2020-12-29,707.8585178867963,727.8746406515668,695.9014483278977,712.665283203125,388666
2020-12-30,700.7083158820421,736.0773094441746,700.7083158820421,732.920654296875,573430
2020-12-31,732.2509751986826,740.8600656974261,717.4242082286244,725.6267700195312,189944
2021-01-01,722.2071620884697,733.6859514196772,706.8064764227563,716.2525634765625,365382
2021-01-04,719.8156172486198,729.3812732917908,711.732626215314,726.8942260742188,373966
2021-01-05,733.6858596838147,753.2954556727564,723.163637445846,741.5535888671875,668318
2021-01-06,755.352044709243,764.7741924571582,723.4744846101096,736.9620361328125,298186
2021-01-07,746.0971894731592,746.0971894731592,722.6852710543994,727.08544921875,522426
2021-01-08,733.2076617322825,755.6869572974601,729.4770318805753,751.3345947265625,381912
2021-01-11,762.8611381840218,788.6884118278696,752.5063029073926,771.3267211914062,649804
2021-01-12,779.6009367215153,780.8922768826785,761.7849030449039,778.1421508789062,264224
2021-01-13,779.6009889171189,796.6278454644945,768.2178345596453,787.3013305664062,810750
2021-01-14,793.9495013123973,803.9934407868311,770.6092757514873,800.047607421875,406306
2021-01-15,813.0806685385963,813.0806685385963,769.6286927232262,779.17041015625,453690
2021-01-18,779.1705571235501,781.6576629033788,741.6014753537921,761.6414794921875,254654
2021-01-19,764.965484886559,774.8180984117595,743.9449218158372,754.8497924804688,174526
2021-01-20,762.1437106849149,792.9929540731654,756.6195204919692,781.2750244140625,305752
2021-01-21,784.8142059046774,789.0230592337631,751.8605115035549,764.248046875,239956
2021-01-22,758.7957092245625,763.7937414406514,719.2178050718159,738.4686889648438,294128
2021-01-25,748.5126240056703,758.078280542484,713.1196948194597,736.0772705078125,160164
2021-01-27,731.7726797306672,734.6901931168195,720.3178300911497,724.0484008789062,226288
2021-01-28,722.2070923156891,724.598506528655,711.4217908615586,717.0655517578125,174180
2021-01-29,745.1645656771517,745.1645656771517,708.9346453626175,729.0225219726562,635876
2021-02-01,732.7532878909458,748.5126849651508,720.2700583864523,739.7362060546875,169816
2021-02-02,748.2256462785895,766.0177436147764,747.6756093653835,751.884521484375,205172
2021-02-03,755.6629388317616,817.5049325076246,735.5033641231289,792.7298583984375,513580
2021-02-04,801.0760250582308,831.7339466656272,779.6250490939129,810.259033203125,999738
2021-02-05,810.6892690683807,825.0377517067591,793.9493726569391,813.31982421875,379726
2021-02-08,819.7767763698012,851.3434433712055,813.6547327492083,848.8324584960938,386180
2021-02-09,857.9678834523477,867.2721608574742,815.2069060644741,823.3059692382812,226314
2021-02-10,830.4408403706831,857.1484007346738,824.3665721351474,854.5210571289062,194298
2021-02-11,854.5210826686186,891.8585988486426,836.6597828658482,849.2181396484375,561834
2021-02-12,854.7380633274639,868.4775076618309,851.3875907922869,865.1752319335938,144466
2021-02-15,869.6826671838434,877.6852786266176,858.1126095272955,861.7523803710938,122186
2021-02-16,862.9335210661318,866.7178825592358,834.5145887022085,838.2989501953125,99108
2021-02-17,840.9502885783099,846.9763596973813,817.13524374607,824.0531616210938,187142
2021-02-18,825.8128168010952,837.5515920069685,805.7821321186801,814.36328125,213414
2021-02-19,810.8680787218489,819.2804499350049,800.744279879305,806.1436157226562,226762
2021-02-22,801.2264688366824,809.6629689598124,786.2818114757094,796.9600219726562,135046
2021-02-23,799.780155413411,825.7886547098475,782.3527460438645,796.2850341796875,278676
2021-02-24,807.4936009457236,813.7365876345885,786.2818287417763,801.467529296875,156922
2021-02-25,805.7099356473805,807.2284586776752,777.7248343853834,792.59716796875,515242
2021-02-26,774.2296644667409,814.1945823287485,768.9267215594344,798.59912109375,214522
2021-03-01,809.9039666284957,821.6427415179944,791.1267523701101,813.3508911132812,306616
2021-03-02,819.4734800628567,835.2135921403983,798.5027491779462,823.5953369140625,391140
2021-03-03,833.5021278077783,833.5021278077783,811.3503112971487,815.47216796875,376286
2021-03-04,808.8915090017717,817.7136409252265,800.8165745130431,814.7970581054688,400364
2021-03-05,814.1703770955254,814.1703770955254,804.8661589154159,811.7599487304688,156524
2021-03-08,811.3503075745673,827.958137924674,809.9281781683696,820.0037231445312,210252
2021-03-09,820.7509732782593,831.1158166999818,817.4245698988258,823.354248046875,125194
2021-03-10,832.0799379491779,877.1549519690203,818.3404951730761,864.47607421875,779992
2021-03-12,874.455315752581,888.9660844282957,849.917140372606,859.39013671875,321060
2021-03-15,858.1126244273051,864.1868930327931,835.960808027078,853.2676391601562,139550
2021-03-16,853.2917224921597,925.6045803304784,844.6141795515614,912.0579833984376,664300
2021-03-17,915.4085372503906,920.7596774380206,872.5752290735514,880.5537719726562,239350
2021-03-18,891.8585676137062,914.0345103759928,874.141917689488,891.207763671875,229258
2021-03-19,875.1061246527609,949.226805917249,864.1386742542757,936.306884765625,640582
2021-03-22,962.7252317607852,962.7252317607852,916.7583677926546,946.6717529296876,270310
2021-03-23,947.4188923896112,954.6260498405904,911.5276366828472,933.0768432617188,368678
2021-03-24,932.3537445871294,932.8358302875364,892.5093496788209,913.2149658203124,280622
2021-03-25,920.7596453041745,928.0150593071918,848.9771249382677,869.971923828125,241726
2021-03-26,874.9614576386176,883.6390006349554,853.4122494037207,878.1914672851562,248752
2021-03-30,881.0597708745678,935.2462126996174,878.6734703144934,926.85791015625,281422
2021-03-31,923.1941675916968,933.3179678629372,909.8162886618431,926.5928955078124,337782
2021-04-01,929.9434532439924,953.5656560480128,926.520656035939,941.634033203125,276310
2021-04-05,941.513449483345,957.6151249564182,921.1211991579574,944.3095703125,311204
2021-04-06,944.3095917778306,960.0496444556208,922.7362544393212,934.185791015625,267416
2021-04-07,932.8116725371584,947.708131971504,918.8794433210452,945.9244384765624,542528
2021-04-08,955.903660428246,975.5727813908296,952.2398207171168,970.3421630859376,568666
2021-04-09,968.9922505040324,1011.8978775163998,965.159692754066,1001.2919921875,611680
2021-04-12,985.3831973533338,985.3831973533338,946.8163403140644,975.1870727539062,384100
2021-04-13,976.223695521502,990.6862687884872,924.83336361582,937.3193969726562,273508
2021-04-15,930.4736388399376,948.7446994454742,909.189542476508,942.7186279296876,502850
2021-04-16,942.7185508081208,958.8442933258156,935.8729576655504,945.7074584960938,245626
2021-04-19,930.4254460149576,942.9355469958684,904.8749026787956,930.9075317382812,124922
2021-04-20,949.9981621244772,949.9981621244772,911.6000205716588,919.19287109375,133030
2021-04-22,915.9628748064422,925.9179567680884,895.52242835688,903.2117309570312,245450
2021-04-23,903.2117048267762,927.5087775137188,896.679419921875,903.9107055664062,85064
2021-04-26,904.8747918431854,935.9451893663362,897.9086775337584,933.125,121764
2021-04-27,941.5134327697244,965.9069589919368,924.3993893169212,940.8385009765624,317218
2021-04-28,954.529805644338,956.9402344464702,928.0392166482492,945.2978515625,96222
2021-04-29,959.3506977971872,971.3787144136412,928.497208018785,965.3767700195312,515630
2021-04-30,988.2757555297557,1053.3090740222726,975.066594637394,982.6353759765624,2095778
2021-05-03,964.1715506336336,1079.8721367096696,957.6392648387462,1036.580810546875,1512680
2021-05-04,1060.5884910551413,1079.8719181652348,1042.6307995588666,1061.9383544921875,445716
2021-05-05,1062.1312258653288,1106.3625903047257,1051.597723589612,1086.114990234375,579514
2021-05-06,1084.6928833447475,1091.201040644816,1052.0074475872837,1061.21533203125,449704
2021-05-07,1064.92744617573,1093.3705060781149,1052.6583870961638,1088.8870849609375,602316
2021-05-10,1099.155393196222,1120.222514693142,1084.8856094339403,1111.8583984375,574324
2021-05-11,1099.155537273281,1128.5386409255188,1015.079827465802,1113.0155029296875,264870
2021-05-12,1117.4744543097709,1127.1161665988973,1047.7408172573362,1066.6385498046875,300886
2021-05-14,1074.08688232592,1112.1716505951065,1052.8268570108974,1098.4080810546875,343398
2021-05-17,1113.6181045044575,1168.575881090392,1089.5138165281708,1159.126953125,591850
2021-05-18,1165.2011539137377,1168.0936681559726,1114.3652396457956,1123.9345703125,302770
2021-05-19,1124.7058828925783,1177.373743032319,1123.6453179439784,1161.0792236328125,352790
2021-05-20,1160.3803134795976,1168.4793770133126,1113.3769563693936,1124.58544921875,212554
2021-05-21,1135.3118860272407,1160.7660359284675,1124.2239143165712,1151.7991943359375,300198
2021-05-24,1152.2332387073022,1185.9309867396305,1135.119193979962,1171.05859375,344528
2021-05-25,1181.182289205905,1210.0351668568528,1173.8787375683014,1204.9010009765625,386170
2021-05-26,1210.035249926224,1227.727773666678,1187.9798265460945,1212.4456787109375,314232
2021-05-27,1219.6767378475083,1237.9959931985777,1193.1861539778672,1218.7366943359375,438362
2021-05-28,1226.4260616251722,1231.7048766765522,1185.9308614771712,1196.681396484375,175588
2021-05-31,1211.481477349631,1231.7290786423823,1185.2560598967532,1225.919921875,434682
2021-06-01,1225.944187767734,1234.139646356822,1196.0789960368431,1202.3702392578125,199968
2021-06-02,1209.7700474734438,1211.481475405022,1186.605803920885,1194.439697265625,261182
2021-06-03,1204.2501087604946,1210.9993087295288,1154.5952804168874,1163.055908203125,269148
2021-06-04,1162.7908575618994,1190.7518317487113,1158.9824271220386,1187.039794921875,230686
2021-06-07,1188.823312196368,1200.393368762756,1176.2890842494476,1186.50927734375,191766
2021-06-08,1187.328903044736,1224.13619578582,1182.0500878152077,1211.4814453125,257480
2021-06-09,1229.318598351646,1231.729026975865,1186.3165752349223,1199.4775390625,196872
2021-06-10,1212.927884054768,1221.2679920115015,1201.6471233087852,1214.2294921875,223344
2021-06-11,1221.123155564924,1228.764261473338,1195.572611844063,1214.9765625,440100
2021-06-14,1210.0352272554733,1231.2470001635372,1195.5726548181567,1217.0013427734375,256578
2021-06-15,1218.086020609373,1232.2111563874294,1214.8560696777472,1225.558349609375,232052
2021-06-16,1224.497797678479,1247.155827793002,1210.6860881022485,1218.6405029296875,275836
2021-06-17,1217.218267837633,1241.178023863334,1211.385100857941,1232.138916015625,266752
2021-06-18,1241.370680200772,1247.1074529645716,1207.624681127353,1224.4976806640625,436562
2021-06-21,1205.190270716074,1242.817087777942,1202.8280975736163,1236.71875,120962
2021-06-22,1238.9601731925889,1269.813656104778,1231.4637174769289,1244.86572265625,194684
2021-06-23,1253.398546235032,1262.6786948794893,1224.497535424489,1234.4044189453125,174800
2021-06-24,1233.1752701555033,1255.35121324665,1227.269720093187,1241.4429931640625,180794
2021-06-25,1252.940787108876,1281.239195352255,1246.191587024411,1263.57080078125,209290
2021-06-28,1278.973463908476,1320.5774866695683,1267.0418418836985,1302.7161865234375,454450
2021-06-29,1305.4399929560343,1373.920299255795,1305.4399929560343,1355.8662109375,612878
2021-06-30,1371.485424646004,1440.4719285434803,1363.2418306127165,1416.7774658203125,1428960
2021-07-01,1432.0839948485575,1454.0188967618174,1411.065008793648,1427.1666259765625,607786
2021-07-02,1427.9380512019436,1444.78692532955,1400.4591623030542,1412.270263671875,286220
2021-07-05,1426.4917635223446,1426.4917635223446,1394.6499755420916,1399.8323974609375,172412
2021-07-06,1398.0484461927856,1434.2048715253577,1398.0484461927856,1404.6048583984375,151700
2021-07-07,1405.3279647888162,1416.8497650681263,1338.751887578832,1356.0587158203125,495012
2021-07-08,1365.2187726258508,1388.4071474095433,1342.7536442614996,1349.38232421875,270334
2021-07-09,1349.8399462997977,1367.5083399467903,1323.8555744122075,1337.8360595703125,390316
2021-07-12,1349.8400146863682,1363.338414833232,1321.1800421996013,1337.3780517578125,198260
2021-07-13,1343.1032563840408,1350.0844709428666,1316.5552497807712,1331.097412109375,333574
2021-07-14,1331.1214833013655,1359.9643582161698,1331.1214833013655,1346.31591796875,578864
2021-07-15,1359.9642703854263,1390.4498582384367,1356.8964618654,1374.868896484375,649056
2021-07-16,1396.2473393637224,1398.6629921999918,1358.0800245506657,1372.912109375,290896
2021-07-19,1371.7530485437617,1374.8692180330092,1349.384073079573,1362.9359130859375,210786
2021-07-20,1362.9356435621648,1378.9755563724566,1345.5187613198884,1355.495361328125,241522
2021-07-22,1362.4282816439847,1387.6960354222824,1359.118789878418,1366.583251953125,483150
2021-07-23,1478.3797172285697,1512.1988610867393,1413.157082644956,1468.306396484375,3675686
2021-07-26,1467.243503877552,1593.364775050357,1436.6613122275514,1570.2952880859375,2066392
2021-07-27,1568.7252899763184,1568.7252899763184,1515.5809161243335,1528.190673828125,707344
2021-07-28,1526.6926211214895,1537.345673919359,1488.4528831877271,1496.738525390625,422818
2021-07-29,1509.7832778994182,1535.7999105249085,1492.8737051869448,1508.8170166015625,313408
2021-07-30,1520.4120918584551,1545.0517539762757,1492.3421550886048,1518.576171875,304536
2021-08-02,1533.8673172286778,1542.2013205385435,1504.1064234457654,1515.6531982421875,155992
2021-08-03,1528.6254606107434,1530.533803192759,1466.4465661288573,1481.08544921875,245000
2021-08-04,1491.4242171879027,1506.183881152444,1440.6471420750602,1477.7274169921875,810660
2021-08-05,1489.4918685344282,1536.331363806993,1476.133352573745,1490.4581298828125,915082
2021-08-06,1499.371946193316,1519.4460503535356,1498.8163930694675,1506.5947265625,455188
2021-08-09,1516.3054644824936,1526.2580025245663,1505.145099879578,1512.464599609375,356204
2021-08-10,1517.513390250427,1543.602445670205,1510.870343731502,1526.9586181640625,602514
2021-08-11,1530.0745889406362,1539.1816478048224,1490.457880291084,1495.554931640625,575418
2021-08-12,1503.0438332752144,1535.3894110279311,1497.05294164296,1530.2923583984375,259504
2021-08-13,1537.9498648553931,1540.2205553836936,1498.1881876552177,1509.517578125,287386
2021-08-16,1517.030279490627,1526.6928927357903,1479.080342379884,1504.4447021484375,353788
2021-08-17,1504.9763182924105,1578.8711356434983,1504.9763182924105,1551.7674560546875,1026918
2021-08-18,1564.401197902648,1572.5902386888672,1546.018053396121,1552.999267578125,414474
2021-08-20,1569.2083433373673,1569.2083433373673,1522.9244037089125,1537.1767578125,433050
2021-08-23,1537.3218327834145,1558.0964521453525,1527.6592191266989,1552.9752197265625,447412
2021-08-24,1549.8830553327969,1588.026194840478,1541.1867040248198,1553.361572265625,550334
2021-08-25,1562.4446819668062,1582.253040643565,1548.6996371582993,1558.748779296875,406620
2021-08-26,1563.8937889004524,1567.4689082436282,1536.3553440541978,1552.950927734375,267792
2021-08-27,1552.9509618469915,1577.4214806680543,1542.3703304551907,1571.865478515625,405546
2021-08-30,1579.837237139376,1612.47273637768,1579.837237139376,1605.6123046875,726446
2021-08-31,1612.4727782543391,1622.7634850327738,1589.4998914906075,1604.9842529296875,405876
2021-09-01,1628.150237328519,1674.0476475796197,1599.1623992751925,1610.298583984375,597098
2021-09-02,1618.9706173529469,1649.8909753089565,1604.476699561067,1634.4066162109375,293988
2021-09-03,1642.6444458160145,1674.0479425742617,1628.6336549546425,1662.6219482421875,822686
2021-09-06,1675.4969428328511,1715.1136525538125,1659.8676205366023,1706.2723388671875,609896
2021-09-07,1715.1138853940747,1728.6415442084506,1687.0923064214392,1697.745361328125,404206
2021-09-08,1701.5860504388545,1707.8667485239498,1667.766906903727,1672.9847412109375,338078
2021-09-09,1674.506547653092,1703.0354343349377,1674.09595739746,1688.7830810546875,258832
2021-09-13,1693.7352267683116,1763.4268209953184,1693.7352267683116,1733.3277587890625,538688
2021-09-14,1744.560447887323,1754.0298549985257,1724.776273051506,1733.2794189453125,344584
2021-09-15,1742.652299196388,1779.7567576573604,1735.4053392607225,1765.2144775390625,594994
2021-09-16,1775.2153396117856,1790.9654471042506,1765.5286637508464,1785.361083984375,281598
2021-09-17,1796.279675161859,1815.991428377451,1703.180426723257,1709.316162109375,570960
2021-09-20,1712.1664779735345,1748.44963304079,1695.7883978925595,1706.3448486328125,515502
2021-09-21,1706.4174415555174,1748.9329384006153,1700.6198738039132,1729.77685546875,414466
2021-09-22,1741.6858696303989,1840.7276458507129,1739.2943966730022,1795.8206787109375,735746
2021-09-23,1811.6674779168277,1854.6177446399745,1802.5604181704316,1822.3687744140625,349178
2021-09-24,1847.974546076212,1851.8395908784628,1799.8788712278408,1813.865478515625,493842
2021-09-27,1822.0304260474936,1835.3889397417856,1732.0231731256652,1743.03857421875,358474
2021-09-28,1758.2574379231771,1758.2574379231771,1662.1868588159573,1696.4891357421875,715810
2021-09-29,1690.4742389345429,1727.1921703889657,1656.848296632394,1711.6112060546875,558432
2021-09-30,1754.247427188277,1818.0448544581268,1754.247427188277,1795.45849609375,757602
2021-10-01,1792.559705725402,1816.5229156146056,1741.6860237977553,1760.165771484375,641992
2021-10-04,1773.0893556121812,1799.806502190378,1763.4025631989243,1794.4920654296875,658814
2021-10-05,1793.8640481268883,1831.0651070296003,1739.2702863605705,1812.2471923828125,713308
2021-10-06,1825.750736049824,1832.490385062766,1787.8733400693168,1797.92236328125,211844
2021-10-07,1823.7696895885692,1846.5251884638635,1804.0096948519276,1841.6214599609373,550172
2021-10-08,1846.0421302144175,1965.8343458773045,1846.0421302144175,1938.5616455078125,1577146
2021-10-11,1951.823596803764,1956.6790833045493,1884.716798386712,1907.182373046875,460282
2021-10-12,1908.3661495691265,1930.0346073342043,1872.155529384756,1879.8856201171875,387714
2021-10-13,1893.872103706648,1945.7602871223744,1872.6143556038185,1933.657958984375,484052
2021-10-14,1978.4197658962676,2072.6302309389466,1977.6708898914649,2034.946044921875,1311418
2021-10-18,2053.305231486825,2071.301847927504,1981.318765724111,1994.6048583984373,497360
2021-10-19,2004.2190411854865,2120.943447576817,1981.391119113048,2025.259521484375,1417784
2021-10-20,2028.6652205996384,2069.731318182627,1913.776749888871,2041.3714599609373,726160
2021-10-21,2041.3717746208376,2050.382349672883,1927.691230738489,1950.277587890625,862254
2021-10-22,1954.2150211148405,1976.004259519114,1774.3938257827058,1870.6334228515625,1495080
2021-10-25,1887.1082764332616,1968.5882115414424,1774.6838002985817,1913.0523681640625,1020768
2021-10-26,1913.0524260138316,1971.173067248811,1855.7048410055595,1898.486083984375,738320
2021-10-27,1980.8356821550956,2012.2391746770663,1911.0957250428823,1950.90576171875,1723522
2021-10-28,1959.0944920014183,1980.8353679915697,1911.747695400644,1926.96630859375,752792
2021-10-29,1931.5562980995835,1950.8573435710205,1884.692626034636,1895.65966796875,417422
2021-11-01,1910.4434226928236,1980.1591943272097,1864.980784445275,1957.11376953125,445980
2021-11-02,1957.11393607337,1993.6145988416647,1950.9057778867457,1967.4530029296875,342076
2021-11-03,1972.6224989765976,1972.6224989765976,1925.3722964981823,1933.9720458984373,133602
2021-11-04,1956.4376567950897,1966.8007861219385,1937.329815121938,1956.365234375,53084
2021-11-08,1961.9934295412709,1990.4981358557093,1929.2855104623532,1982.81640625,609484
2021-11-09,1991.464512675296,2017.0704367829603,1976.22171728122,1998.880615234375,377424
2021-11-10,1996.0542026160224,2028.6655202189709,1980.8355877346464,2007.0213623046875,255868
2021-11-11,2007.0214434554653,2014.0025398157447,1980.8356678266432,1995.59521484375,179188
2021-11-12,2002.2142516755653,2019.4861728910807,1988.0826797719617,2003.518798828125,406404
2021-11-15,2007.4078193263615,2065.2386515875423,2001.1271209746787,2056.131591796875,524832
2021-11-16,2058.1607321015167,2086.6413796771385,2050.8897098239067,2078.041748046875,593044
2021-11-17,2077.462073349932,2097.1255878010143,2062.968151907956,2085.40966796875,360424
2021-11-18,2100.6519722152148,2145.027567613044,1983.4444345884424,2010.5240478515625,944192
2021-11-22,2010.5241379335048,2010.5241379335048,1910.805900995988,1981.9710693359373,431778
2021-11-23,1970.5205155038852,2031.5400499988805,1932.522342132428,2018.3988037109373,298572
2021-11-24,2017.9883963438035,2029.1246995425372,1966.5833415611116,1984.3143310546875,318870
2021-11-25,1997.2619485969349,1997.2619485969349,1951.8718512219648,1963.5877685546875,458902
2021-11-26,1961.5104473148776,1980.8356733967976,1878.146229713632,1888.6060791015625,298778
2021-11-29,1835.8964392251853,1950.6399666767595,1811.7399071301168,1938.44091796875,472990
2021-11-30,1957.8146707479943,2057.6535792251348,1947.016652800492,1999.5811767578125,983242
2021-12-01,2000.161020395704,2041.227128302379,1985.667099958054,2032.5067138671875,348362
2021-12-02,2034.003832722626,2140.316859896754,2029.438390219245,2122.199462890625,980888
2021-12-03,2133.867360249374,2142.587774373228,2085.047101013005,2094.975341796875,549884
2021-12-06,2094.975545063336,2099.9035726758025,2041.2513156517584,2048.8125,280808
2021-12-07,2061.518650172188,2076.64054637796,1995.4745906177236,2017.722900390625,410144
2021-12-08,2035.912288089405,2115.532114249352,2033.061864814567,2071.1083984375,720126
2021-12-09,2090.144102640308,2103.768482166625,2068.2824393881906,2095.893310546875,440200
2021-12-10,2094.4436770162465,2105.9180293338545,2072.630376527919,2095.62744140625,237402
2021-12-13,2106.449497135594,2198.244314671319,2105.9663665169846,2132.055419921875,1099526
2021-12-14,2148.9646463275776,2154.520647548973,2089.684434586559,2129.591064453125,665102
2021-12-15,2135.437382885244,2149.9313017736054,2094.3712793682203,2117.779052734375,393188
2021-12-16,2125.7747481508804,2203.07564808364,2125.7747481508804,2175.87548828125,766050
2021-12-17,2203.0759504313733,2295.885403330936,2198.751836386498,2241.798828125,2636644
2021-12-20,2256.2200864096085,2256.2200864096085,2102.729387882774,2134.253662109375,896152
2021-12-21,2173.990905637015,2201.602007211562,2118.551671171078,2140.413330078125,1293550
2021-12-22,2148.482024826879,2212.4968366752173,2141.476630322721,2193.219970703125,626316
2021-12-23,2207.9070066674217,2260.0851153589056,2183.774537036158,2236.75,541704
2021-12-24,2266.365812127304,2313.615893938533,2223.608750866748,2231.121337890625,730208
2021-12-27,2233.513157466656,2241.653956692231,2190.925234751068,2233.295654296875,375820
2021-12-28,2246.557525846985,2261.0514453685782,2230.155145893593,2245.156494140625,291444
2021-12-29,2244.1419835106794,2262.960017647757,2230.3486971123484,2245.712158203125,316224
2021-12-30,2252.3068128428454,2348.015045306543,2238.3927439728577,2324.1484375,977934
2021-12-31,2347.387268997863,2379.4187406269684,2319.510532741132,2369.442138671875,698628
2022-01-03,2386.665610683278,2409.614318478309,2319.2688793694488,2353.861083984375,606706
2022-01-04,2357.677630193352,2369.7318345698345,2326.298199339874,2336.5166015625,364328
2022-01-05,2336.926954477106,2337.3376626994823,2257.017194259129,2260.544189453125,739942
2022-01-06,2222.8839992918324,2222.8839992918324,2175.102427796191,2190.586669921875,893358
2022-01-07,2202.5929111073747,2212.690295784975,2179.0643511238573,2195.87744140625,446256
2022-01-10,2207.4239200600214,2220.7583730612027,2152.347026453796,2171.11669921875,688840
2022-01-11,2174.087593105462,2193.147188699794,2162.540819513911,2170.198486328125,359116
2022-01-12,2192.4468785269896,2192.4468785269896,2162.009647732102,2167.08251953125,557828
2022-01-13,2180.85145977541,2194.7174019205377,2138.360030481037,2182.953125,475882
2022-01-14,2188.557663366444,2188.557663366444,2137.973792699555,2147.78125,374448
2022-01-17,2132.9979261812914,2141.162787630953,2091.376028670888,2115.07373046875,658630
2022-01-18,2102.6332504573047,2154.7630078843554,2081.931051956426,2101.135498046875,546856
2022-01-19,2077.533864519929,2090.2644021657043,2024.9934152571248,2061.638916015625,640300
2022-01-20,2062.967786799539,2112.053905909734,2020.887061813137,2051.7109375,775322
2022-01-21,2056.687188985476,2173.822310119196,2051.372751804635,2078.23486328125,1894132
2022-01-24,2068.765489779315,2105.6042026694768,1942.1852566354148,1964.481689453125,1060836
2022-01-25,1961.5103957646356,2029.5593934979356,1835.9206096557332,2002.117431640625,934114
2022-01-27,2007.409442477411,2019.5946419313216,1938.7876919538076,1974.3243408203125,1173746
2022-01-28,1990.4420112768253,2116.786531626775,1979.6645197010216,2081.2255859375,918400
2022-01-31,2126.8841534724024,2154.920255625729,2082.6818742471346,2136.132568359375,595884
2022-02-01,2165.6975518180543,2205.045089048955,2132.80671811806,2183.029052734375,685796
2022-02-02,2195.3117474671817,2201.1374310075635,2132.7342441804485,2153.6337890625,469574
2022-02-03,2150.6481109705505,2150.6481109705505,2097.2460134069474,2108.241943359375,257468
2022-02-04,2100.280273224401,2108.387777592812,2056.490457366364,2085.716064453125,229210
2022-02-07,2090.9351008874587,2095.547100761717,2040.445839106104,2054.864501953125,227136
2022-02-08,2056.9518553198486,2074.914380372205,2009.8609112636707,2021.220947265625,252002
2022-02-09,2038.2126286468,2132.3945215476497,2024.91069736828,2119.82080078125,483280
2022-02-10,2136.083862664287,2163.3189793227884,2099.1392739027665,2142.39501953125,517078
2022-02-11,2089.964083183227,2106.5187822156554,2021.9491767599925,2037.1688232421875,481266
2022-02-14,1927.330210247308,2019.7643371529111,1894.3180051347592,1914.6593017578125,811122
2022-02-15,1932.184960630171,2026.8523142288848,1918.640294370964,2018.5264892578125,756284
2022-02-16,2023.9394914510551,2048.5286825260505,1941.894450900509,1951.91943359375,465292
2022-02-17,1971.0228113724072,1971.0228113724072,1889.7302809480325,1899.706787109375,440096
2022-02-18,1878.7830310239065,1914.7566760042105,1864.000382042711,1873.1514892578125,392320
2022-02-21,1856.936717099324,1928.2770464867767,1805.3065468496532,1862.95654296875,808276
2022-02-22,1795.7671977393586,1917.5725004008657,1772.4887577697298,1906.4552001953125,650504
2022-02-23,1930.9954681465783,1948.642361722976,1895.9927755046183,1922.305419921875,553572
2022-02-24,1847.2271619805535,1902.377013753029,1811.3748869988085,1833.197021484375,899934
2022-02-25,1869.073527381957,1941.894573903332,1844.7998452081652,1880.554931640625,582678
2022-02-28,1869.0735108913143,1921.9173639269584,1821.5213916371715,1911.6981201171875,765496
2022-03-02,1900.143947090006,1931.675438296708,1881.2104739330032,1886.45361328125,430388
2022-03-03,1925.8740388064791,1996.8259678959496,1910.36317883596,1986.970947265625,1009176
2022-03-04,1980.73239670352,2019.497513200499,1938.6175595922384,1976.9456787109373,815010
2022-03-07,1917.6452051673168,2029.5711783122667,1917.6452051673168,2012.0455322265625,579128
2022-03-08,2014.7155566597216,2048.698710627476,1996.2675587915123,2037.1201171875,657538
2022-03-09,2048.699095038261,2085.1096239785143,2017.8715138688465,2057.923095703125,534890
2022-03-10,2076.468213157136,2095.085939991959,2029.280074500389,2077.60888671875,356068
2022-03-11,2068.1178354598637,2122.054007639258,2052.0972043401034,2116.009765625,343750
2022-03-14,2112.3200634268846,2183.5149649637165,2106.712937499761,2172.543212890625,427208
2022-03-15,2208.905425734789,2211.332794334497,2083.1919111367965,2100.59619140625,1011728
2022-03-16,2136.083932615217,2167.8338600222824,2115.7668141647864,2149.895751953125,428738
2022-03-17,2178.805795162598,2184.655657970909,2148.1723596793618,2177.3251953125,1904464
2022-03-21,2163.90144560809,2253.5685169638245,2137.49172840693,2150.988037109375,1091848
2022-03-22,2151.619161680252,2220.556418214231,2118.7283227353428,2204.924072265625,690616
2022-03-23,2212.788964156101,2218.27472174926,2156.012724238725,2180.1650390625,508864
2022-03-24,2176.8635630792337,2257.452178483148,2161.0128978807047,2252.47607421875,674724
2022-03-25,2264.734505990072,2292.891976804096,2238.0334560802207,2270.050537109375,566604
2022-03-28,2276.823061198492,2279.226250835717,2212.3278326595923,2248.447265625,521584
2022-03-29,2254.53955078125,2329.7879638671875,2250.170288085937,2309.883544921875,823534
2022-03-30,2317.9176519627804,2349.6433959829183,2301.217409190134,2324.05908203125,631508
2022-03-31,2325.4190296182096,2366.684294235652,2298.7179760422177,2313.427734375,455058
2022-04-01,2325.369765932681,2325.369765932681,2269.588901099151,2292.770263671875,738580
2022-04-04,2298.717952944423,2336.244974865068,2298.717952944423,2326.147216796875,452170
2022-04-05,2330.2732376352315,2405.0361706760286,2330.2732376352315,2386.442626953125,933252
2022-04-06,2378.3349987669512,2402.3417614139366,2355.5663359412947,2366.5380859375,346008
2022-04-07,2366.5386767635155,2372.412718737872,2276.7016287583733,2284.590576171875,514130
2022-04-08,2315.709363041144,2321.0495733123075,2264.783223410216,2287.017822265625,630024
2022-04-11,2281.726148978664,2282.2116226273824,2178.8299143136283,2192.107666015625,729670
2022-04-12,2192.350488232013,2206.429224593227,2102.6836440497245,2127.709716796875,579970
2022-04-13,2150.64820250666,2167.057116546445,2089.2116088320004,2102.07666015625,410852
2022-04-18,2077.8269825555017,2101.591009803556,2040.4455158132648,2046.441162109375,626892
2022-04-19,2072.7295412860617,2113.023850204376,2002.5058322493985,2026.3909912109373,542548
2022-04-20,2031.7071853634825,2067.0012138446614,1914.271159143525,1934.9765625,855724
2022-04-21,1958.8860054667148,1970.5373720419816,1930.243062635851,1947.6473388671875,539916
2022-04-22,1937.039745141769,2009.8607881922112,1921.0191156706717,1955.1964111328125,497956
2022-04-25,1941.8944900197428,1957.4296459399009,1917.620808894496,1945.4627685546875,575436
2022-04-26,1956.944224586753,1990.393310661224,1948.8125411926007,1969.5179443359373,506064
2022-04-27,1946.91899591283,2002.6756833252523,1892.1575530323896,1979.25146484375,411838
2022-04-28,2082.681804350918,2140.938638039056,1958.8860327636253,2091.73583984375,2572826
2022-04-29,2112.659800246161,2133.3652024788407,2078.5794577158804,2097.5615234375,746902
2022-05-02,2080.2543497098427,2092.391189556458,2005.394226716859,2013.404541015625,385044
2022-05-04,2014.69138642156,2058.966439266186,1983.281147729268,1996.316162109375,323164
2022-05-05,2014.715210313572,2030.954395201296,2000.151003973956,2016.6571044921875,370518
2022-05-06,1962.7698974609373,1985.5628608167167,1886.9632371068,1971.5084228515625,750036
2022-05-09,1941.894633792417,2000.175651670038,1895.31345996909,1938.0836181640625,433040
2022-05-10,1937.0397695518109,1980.7809907048577,1905.9208626865695,1918.203369140625,386650
2022-05-11,1934.5639475532928,1938.884734257744,1814.239371586985,1862.81103515625,543774
2022-05-12,1844.7512099146843,1868.078241676092,1784.1398979723454,1796.7379150390625,437888
2022-05-13,1808.3892505988297,1866.6460855174496,1731.8057863620606,1744.91357421875,643568
2022-05-16,1759.7932374830712,1793.7279138593058,1718.6008728824152,1749.0157470703125,357324
2022-05-17,1764.7937315580705,1820.5261284759135,1758.3855032906024,1808.8504638671875,575696
2022-05-18,1824.895425991907,1905.4354560423487,1817.1521450825292,1872.787353515625,1004054
2022-05-19,1816.156691343906,1846.741527364934,1743.8454241703832,1755.6424560546875,778290
2022-05-20,1788.484761350953,1805.4763375309972,1758.3853978320174,1795.694091796875,410966
2022-05-23,1804.5055830660544,1872.860297676311,1791.422091714694,1837.63916015625,400812
2022-05-24,1844.7755280232705,1852.9315088509031,1747.705097756796,1756.370849609375,282016
2022-05-25,1755.0115883986207,1769.5272035067098,1592.839087636555,1656.994384765625,1248284
2022-05-26,1670.029017253393,1699.1574303450218,1613.252909107056,1672.60205078125,682544
2022-05-27,1684.5936007231553,1758.6040365083709,1675.3696011802908,1721.586669921875,650688
2022-05-30,1750.132368805719,1842.833531182354,1750.132368805719,1824.2398681640625,1035510
2022-05-31,1823.9244492566825,1843.780273546535,1800.0148726993516,1825.332275390625,420908
2022-06-01,1835.527190941821,1857.5434673601185,1805.2579813792445,1815.2586669921875,593814
2022-06-02,1803.534720205649,1846.8875435105167,1792.3931229605614,1838.755859375,238306
2022-06-03,1857.9075982046277,1941.894536926708,1839.2654580596657,1845.260986328125,664400
2022-06-06,1825.3807565099269,1839.4594910681155,1800.1604264113178,1816.083984375,381498
2022-06-07,1808.389302079078,1818.0987748419184,1774.4304447958102,1797.150634765625,295228
2022-06-08,1776.8334706520227,1803.024749062468,1738.9665278348484,1754.5987548828125,467528
2022-06-09,1738.9666491644527,1764.186982082826,1732.3641599825437,1748.2877197265625,383052
2022-06-10,1737.38878915459,1737.38878915459,1688.8414251544618,1696.63330078125,297024
2022-06-13,1641.8718371455907,1655.2223621371647,1606.432261713412,1614.1512451171875,276310
2022-06-14,1602.0627787690858,1654.882326816297,1590.921184057865,1633.4971923828125,408054
2022-06-15,1650.5616402181683,1662.6743013204482,1628.7639230538932,1652.0423583984375,227884
2022-06-16,1694.3031154371618,1694.3031154371618,1568.5168396007557,1577.2796630859375,529504
2022-06-17,1565.652429483743,1572.4004654136895,1507.8810685198466,1547.35009765625,697180
2022-06-20,1562.084082499346,1562.084082499346,1505.9391080376477,1526.74169921875,334672
2022-06-21,1552.714512619511,1624.39464117204,1529.2418170029666,1607.9371337890625,378986
2022-06-22,1587.523009169994,1589.4406062332855,1534.339351252382,1562.03564453125,319370
2022-06-23,1568.0798821780104,1653.0377705313083,1568.0798821780104,1634.881103515625,561620
2022-06-24,1658.329457131101,1672.7722987716888,1577.9107913385087,1583.1539306640625,520784
2022-06-27,1630.7060459840718,1691.8757279709707,1614.1999413209403,1678.3067626953125,1380306
2022-06-28,1650.61019910907,1715.930694075637,1632.8176395193802,1710.4691162109375,530098
2022-06-29,1687.020923888451,1711.2946062465585,1667.6505727762174,1699.9345703125,440632
2022-06-30,1710.6391448734882,1723.4314227022355,1643.8137457097946,1651.4842529296875,387598
2022-07-01,1643.3282470703125,1661.412139892578,1587.5230766832829,1608.859619140625,468006
2022-07-04,1614.151223322492,1622.9383434260171,1546.2335099646618,1582.2071533203125,608628
2022-07-05,1587.0134337181396,1628.8612405384556,1577.7894339504294,1579.70703125,480458
2022-07-06,1588.6154710988974,1638.1337841002116,1578.2991558902902,1629.4195556640625,415560
2022-07-07,1644.2991997382128,1694.8370524895684,1631.19141160921,1641.8475341796875,593108
2022-07-08,1661.8733414501476,1679.4232846579157,1637.5025884165486,1649.5423583984375,397520
2022-07-11,1621.8776932113124,1640.3856068275377,1573.2214099784844,1599.54638671875,494428
2022-07-12,1581.4526870094094,1640.3857868332896,1578.262483030573,1621.9996337890625,447250
2022-07-13,1626.7971454896096,1654.5102666551709,1611.2845421436468,1616.3255615234375,293240
2022-07-14,1646.2303361624513,1646.2303361624513,1518.6475088916188,1545.021240234375,787096
2022-07-15,1557.3925645061497,1573.416476727284,1515.3600869427569,1530.239501953125,555148
2022-07-18,1546.2631862751614,1586.8101302100877,1541.124781009759,1583.254638671875,928464
2022-07-19,1580.4540459328423,1627.7223072732052,1556.7347171220772,1620.927978515625,800594
2022-07-20,1655.971294556245,1724.1583478615023,1632.105825899405,1711.762939453125,1145378
2022-07-21,1711.9822966527177,1758.2520884541425,1682.7592702518175,1735.3607177734375,1073492
2022-07-22,1804.521789991817,1824.9779074492144,1750.2400449491254,1769.3323974609375,2866724
2022-07-25,1765.5577114298535,1791.8096805962875,1743.6404432879656,1756.5716552734375,1116260
2022-07-26,1758.154534362161,1758.154534362161,1617.9814073212092,1623.8016357421875,1396274
2022-07-27,1626.7484981096393,1657.408300063209,1603.004788743518,1647.8621826171875,1082964
2022-07-28,1675.4533072652207,1720.7489926069838,1655.9712920644624,1714.5634765625,1028366
2022-07-29,1733.899434105319,1785.3320042085882,1729.0289300769332,1769.381103515625,1073404
2022-08-01,1785.502270942777,1789.009009806997,1756.328001493237,1780.2664794921875,732490
2022-08-02,1777.7337763266166,1792.3452868169725,1758.2517623394756,1764.851318359375,621558
2022-08-03,1753.3816150375692,1820.08315019453,1739.3301620313173,1812.728759765625,1156380
2022-08-04,1838.1284776996224,1872.806447455808,1797.7276649087328,1835.7662353515625,1549230
2022-08-05,1853.0562488853743,1869.7377250141576,1832.283596977573,1847.1142578125,721922
2022-08-08,1849.8173136896423,1865.1106478138215,1828.728008790782,1833.0384521484373,304722
2022-08-10,1824.539455703741,1842.998617336062,1760.711480335861,1774.519287109375,634870
2022-08-11,1814.5305150826148,1864.6723264874547,1806.5671940339075,1817.3310546875,639364
2022-08-12,1824.9778353563424,1824.9778353563424,1787.4993311341846,1813.4833984375,411016
2022-08-16,1839.5894317845368,1839.5894317845368,1805.4471498635676,1815.6995849609373,256668
2022-08-17,1831.2120834544737,1882.4497607944704,1815.6994809410744,1849.25732421875,673458
2022-08-18,1845.4338777014457,1896.3550183778148,1828.849788589593,1867.1563720703125,630438
2022-08-19,1871.734568242388,1910.698597766039,1822.3963420763089,1833.1114501953125,789088
2022-08-22,1821.0813659195308,1821.0813659195308,1788.034950161944,1798.6282958984375,333168
2022-08-23,1753.381359523394,1800.1138194767125,1737.6739848443303,1764.99755859375,627624
2022-08-24,1777.3686189628374,1798.3847955298286,1744.6388568449431,1757.570068359375,512958
2022-08-25,1772.4252376905652,1789.1797246384294,1714.4418611884564,1725.22998046875,449038
2022-08-26,1745.5886782959192,1762.148392319932,1707.1360720130954,1717.12060546875,386244
2022-08-29,1646.2547236177838,1690.9902313852276,1634.1270973470162,1669.0487060546875,717854
2022-08-30,1684.780357769818,1723.159953394447,1670.7776586520197,1713.4189453125,429608
2022-09-01,1708.9625062976215,1708.9625062976215,1651.1008936755518,1655.947021484375,885148
2022-09-02,1672.531014036093,1676.646565987768,1652.2210368611509,1663.0091552734375,865858
2022-09-05,1670.0470216619012,1677.401530056966,1649.1769839586998,1657.091552734375,388334
2022-09-06,1664.7383281380046,1669.9984964323116,1626.0178199206343,1632.4224853515625,694820
2022-09-07,1629.1837006135224,1631.6189527818535,1597.0627482949942,1607.875244140625,1222434
2022-09-08,1634.857700044403,1653.3413581052298,1592.654829868439,1597.0870361328125,626792
2022-09-09,1617.0072751855705,1659.3319059996547,1599.4978376592187,1652.6837158203125,660206
2022-09-12,1672.2876499293457,1694.2049192600057,1658.8937631161646,1666.6378173828125,668514
2022-09-13,1684.220337575787,1690.0405662619378,1648.6656572278887,1655.557373046875,360970
2022-09-14,1585.3488276656308,1623.850180119265,1582.889199711922,1607.4122314453125,721168
2022-09-15,1617.0072506400631,1625.8715437142248,1575.8514938090134,1581.330810546875,479236
2022-09-16,1578.0434675490155,1589.732678419749,1534.208926783765,1539.615234375,685194
2022-09-19,1549.3073124169473,1560.6799867471825,1522.2760153911252,1540.5404052734375,284028
2022-09-20,1558.5612238936617,1582.913743017,1545.0211994793283,1548.9176025390625,614688
2022-09-21,1547.846201543577,1573.9277747566312,1525.0035848992918,1548.333251953125,496806
2022-09-22,1535.4264274985385,1567.011694355721,1522.2760663431188,1558.8292236328125,597272
2022-09-23,1567.8151966371256,1587.784262515387,1526.9029641060545,1533.234619140625,396770
2022-09-26,1528.363981758947,1575.7052514848303,1505.984042200414,1547.2371826171875,745440
2022-09-27,1553.666297823033,1570.7374370054215,1526.9516564800078,1546.725830078125,483214
2022-09-28,1539.079237396234,1574.2198755852946,1524.9547760403825,1559.5841064453125,397368
2022-09-29,1578.0433654809883,1607.2663907676736,1540.2482052133585,1570.0557861328125,1265180
2022-09-30,1568.3022411570391,1604.343969680524,1545.1185952459862,1578.627685546875,772468
2022-10-03,1573.172798232185,1578.6277389520371,1546.7746902293657,1558.2447509765625,331678
2022-10-04,1580.4787406934752,1619.4427774440076,1574.8532841058563,1606.730712890625,842674
2022-10-06,1642.3338116160016,1738.9889316406502,1628.1605985963731,1730.3681640625,2552516
2022-10-07,1721.7231068177591,1730.343874829687,1693.9612349397926,1699.4405517578125,1145932
2022-10-10,1679.3497058931746,1745.588557401722,1668.6345975609097,1735.4578857421875,753296
2022-10-11,1748.5109117124778,1772.6199061775942,1713.1510056001257,1725.083740234375,891044
2022-10-12,1729.0289360943175,1765.3141912320714,1724.1584320489812,1752.0908203125,515200
2022-10-13,1753.3813406341678,1764.461736606231,1705.893929325326,1712.78564453125,393694
2022-10-14,1743.6403808631335,1794.2936209775933,1736.334625077394,1776.467529296875,1070830
2022-10-17,1765.557640811548,1787.4505317758542,1750.9461293013835,1767.3353271484375,426170
2022-10-18,1786.5007587090763,1813.288529082304,1772.8633483372514,1797.1671142578125,631754
2022-10-19,1802.573499322248,1816.1865339857911,1780.1204287058408,1783.846435546875,451524
2022-10-20,1772.3763714220186,1810.366301889432,1746.075650329194,1805.301025390625,679766
2022-10-21,1806.956971587924,1816.6979795210125,1773.3748705203586,1785.380615234375,476266
2022-10-24,1809.3923853078963,1831.309655116471,1793.0274429539743,1805.9830322265625,147124
2022-10-25,1814.2627529253932,1877.06787867108,1804.789646359662,1865.0621337890625,927534
2022-10-27,1868.325207922284,1882.4496685661177,1818.1590201183224,1835.66845703125,479344
2022-10-28,1831.3095078869253,1831.3095078869253,1759.4695737344462,1763.85302734375,412866
2022-10-31,1781.1434679252948,1813.6297086528643,1778.464690491992,1798.70166015625,302968
2022-11-01,1809.879313707096,1840.173825262416,1803.0849843063424,1833.525634765625,319800
2022-11-02,1836.180174512311,1842.0004035383556,1811.8276523039249,1827.29150390625,438192
2022-11-03,1802.0865121206632,1845.9210489019763,1788.449100677588,1829.0447998046875,363140
2022-11-04,1831.309513961461,1837.4463965983584,1785.5267761124246,1801.0880126953125,400052
2022-11-07,1812.3145371308335,1830.5301745145616,1802.1594887344295,1818.134765625,301044
2022-11-09,1826.439058000076,1838.0308816699412,1802.0865372267413,1807.444091796875,321698
2022-11-10,1801.331517540336,1805.3740596184,1773.9105563992969,1784.820556640625,249200
2022-11-11,1826.4391132325536,1879.7223827324065,1793.5875854976368,1825.416259765625,1303250
2022-11-14,1826.4390675671968,1873.682958114935,1825.4162141258416,1867.740966796875,429222
2022-11-15,1867.7408419758383,1877.579235980542,1828.8741974337056,1859.972412109375,314310
2022-11-16,1859.9722961570023,1903.6606892281836,1838.128040167023,1856.8551025390625,822628
2022-11-17,1845.92107626438,1853.129446201472,1816.3815161035084,1839.151123046875,368452
2022-11-18,1836.179975088772,1870.0543535833744,1786.0137847879384,1818.9140625,530532
2022-11-21,1816.6978141561003,1816.6978141561003,1762.0507884074766,1782.31201171875,525540
2022-11-22,1778.221151110422,1812.7773559430923,1765.9961375395424,1807.97998046875,370536
2022-11-23,1824.003787868388,1832.0157433417523,1799.1642169254535,1818.9627685546875,366504
2022-11-24,1826.4390015444092,1899.4965616061857,1820.1560989426123,1893.798095703125,791764
2022-11-25,1893.7980786558485,1937.9735257937937,1888.903198394013,1933.979736328125,962526
2022-11-28,1933.9796932459133,1988.066662301669,1923.8733977534728,1961.8145751953125,924392
2022-11-29,1961.838874872204,1974.161272917681,1937.5107328645197,1965.12646484375,512568
2022-11-30,1966.636573144426,2031.974338998118,1964.055182153489,2023.5484619140625,827680
2022-12-01,2036.3573453982096,2155.14886840218,2035.87029508838,2105.956787109375,2769282
2022-12-02,2108.928194422969,2142.0476210328447,2100.5753277753165,2116.355712890625,982160
2022-12-05,2099.333075312293,2107.905209227041,2054.013134360766,2076.63671875,609856
2022-12-06,2060.7103194058373,2065.702586192391,2009.082975076596,2014.0264892578125,473026
2022-12-07,2009.082734348499,2011.0066783968985,1960.864748724135,1976.71826171875,523064
2022-12-08,1976.9376791038144,2006.1364472691048,1955.9945107861336,1997.953857421875,411472
2022-12-09,2005.6737267019944,2018.799831283774,1918.0290231598049,1926.5767822265625,653876
2022-12-12,1917.5173143036936,1981.320913027032,1895.112997194735,1973.8690185546875,621958
2022-12-13,1977.473342558824,1994.471353662666,1943.8181129347247,1986.9708251953125,658028
2022-12-14,2002.3130791737135,2052.917571510537,1997.5398422480916,2044.2481689453125,1009334
2022-12-15,2048.0469440150177,2057.787952072164,1993.1320110928552,1998.611328125,383550
2022-12-16,1983.2689748142684,1983.2689748142684,1925.1394694550609,1932.7862548828125,809202
2022-12-19,1938.947567622702,1941.796859916332,1885.3964019897096,1929.3770751953125,529792
2022-12-20,1907.289291791859,1921.9008032202948,1877.9445063397493,1905.4384765625,519398
2022-12-21,1921.9007933618032,1939.093695502828,1885.3963912787683,1903.8311767578125,537116
2022-12-22,1923.361949698536,1931.617429853824,1890.6808216526792,1898.2301025390625,425634
2022-12-23,1875.144019629304,1884.8850275234824,1843.0230698800087,1867.521728515625,451580
2022-12-26,1860.5323998068504,1874.413335250436,1845.8965125135248,1856.0028076171875,331096
2022-12-27,1879.527397498125,1913.1094970792851,1861.506533619548,1907.264892578125,332446
2022-12-28,1904.8541730520008,1904.8541730520008,1865.890139852267,1880.0633544921875,315666
2022-12-29,1868.958495887308,1886.6870826199493,1853.226744419675,1864.234130859375,552474
2022-12-30,1897.061326576268,1922.8019880318395,1880.014562409344,1885.3233642578125,529376
2023-01-02,1894.1145716555927,1970.118808044352,1875.1439829346732,1961.8145751953125,891868
2023-01-03,1962.813227080996,1992.6938184364296,1957.9670990986224,1972.0184326171875,789378
2023-01-04,1967.6835258406784,1981.7592341922136,1894.820741775738,1913.5965576171875,798508
2023-01-05,1919.952716388733,1931.4714110227287,1890.7296917861647,1913.8402099609373,450812
2023-01-06,1911.6728911361847,1918.954271105378,1870.273605595656,1876.0694580078125,603274
2023-01-09,1898.985154156684,1950.1498230204345,1887.3203207303156,1945.693359375,592108
2023-01-10,1948.20148121791,1948.20148121791,1902.6378952941695,1930.2293701171875,346374
2023-01-11,1923.8490890761827,1965.1509869727915,1903.0033080760804,1912.3790283203125,502230
2023-01-12,1921.9496159325568,1952.3171367891564,1916.0562585752537,1937.5838623046875,433806
2023-01-13,1965.2239105887877,1989.3572807436249,1901.931737373939,1951.0750732421875,1192844
2023-01-16,1960.6214140971333,1984.1946062410573,1929.8884858406525,1935.611328125,482024
2023-01-17,1945.3036433551968,1956.3352871784543,1930.1807048909104,1936.853271484375,404432
2023-01-18,1942.3813401480083,1956.9197230080576,1903.125030978165,1928.5247802734373,556714
2023-01-19,1923.8488354879216,2083.601346384134,1909.2373253449755,2073.933349609375,4324412
2023-01-20,2064.1436591250394,2123.515287574321,2063.1453010256446,2105.76220703125,1476420
2023-01-23,2108.928195977132,2279.3958330653527,2080.70353065221,2237.095458984375,2527028
2023-01-24,2233.564280953164,2278.811213506792,2210.9409335851337,2234.733154296875,2152818
2023-01-25,2219.7382698612832,2261.5386612144407,2213.1961762576866,2251.247802734375,961322
2023-01-27,2250.267597252452,2305.6422136482547,2230.175922276984,2242.892578125,1505742
2023-01-30,2249.2877752989925,2285.5017506666586,2226.280258879754,2261.48974609375,602798
2023-01-31,2267.4189434653927,2327.203925333293,2211.333674190511,2297.0908203125,1060130
2023-02-01,2303.682326686401,2324.754085896679,2255.8298794981542,2295.523193359375,852924
2023-02-02,2310.54265396512,2395.319722710817,2310.54265396512,2364.153076171875,1287422
2023-02-03,2371.797539328232,2391.399171884663,2345.4578455805263,2377.18798828125,661336
2023-02-06,2374.272268548931,2425.7021502537973,2339.9450035276527,2371.3076171875,864934
2023-02-07,2370.817678726421,2388.753222043195,2353.421228210756,2362.291015625,308864
2023-02-08,2376.6985244487114,2413.3781361300416,2364.129022376001,2368.759765625,492842
2023-02-09,2365.9417665406227,2398.235651839745,2342.395398051652,2364.373779296875,371042
2023-02-10,2361.9968393057857,2401.2001063482053,2342.395205784576,2396.642822265625,450108
2023-02-13,2397.770096851724,2397.770096851724,2301.133936742664,2313.875,720900
2023-02-14,2320.343532548077,2368.245027860976,2317.40328731148,2328.45361328125,651696
2023-02-15,2332.0310425197804,2376.159127160967,2309.0969862325487,2367.363037109375,471376
2023-02-16,2388.949055355313,2442.486016236865,2379.344207195155,2420.67919921875,953328
2023-02-17,2404.165141430973,2420.802126248596,2376.6984437865767,2406.2724609375,449196
2023-02-20,2410.9767108576334,2496.758270749,2399.1420322443287,2480.611328125,1397586
2023-02-21,2491.8574789296026,2516.3595190370715,2430.0388795940053,2434.522705078125,813338
2023-02-22,2404.1405771359387,2486.467445655881,2397.280004759277,2469.56103515625,772092
2023-02-23,2479.1167606099752,2486.393915382916,2426.1923466653466,2435.9931640625,644010
2023-02-24,2440.599689819206,2449.2244576536964,2393.139180034125,2398.750244140625,614950
2023-02-27,2388.777803475538,2388.777803475538,2322.0831897401417,2362.732177734375,719874
2023-02-28,2384.61257910332,2388.9494891083364,2325.146065503495,2348.815185546875,472828
2023-03-01,2352.196211042631,2418.351729478205,2333.3540435993164,2405.169677734375,548740
2023-03-02,2396.2752760984363,2409.82485732656,2372.7777223561548,2381.77001953125,344678
2023-03-03,2401.2002358046834,2425.163186220732,2372.532845234362,2384.6123046875,378146
2023-03-06,2401.17568147593,2425.702129518854,2380.9124451242983,2390.419189453125,413696
2023-03-08,2376.698243848459,2404.116126516953,2344.869993304781,2397.1083984375,506098
2023-03-09,2408.453374104998,2410.2175695334736,2356.1170918197995,2360.821533203125,243882
2023-03-10,2332.594627754678,2341.3172598532383,2296.356008362379,2327.400146484375,792904
2023-03-13,2336.7594887648984,2351.313795824698,2255.1676978706223,2264.992919921875,573556
2023-03-14,2266.439004591767,2266.439004591767,2181.122841990392,2221.404296875,1561904
2023-03-15,2241.9126560151644,2251.4438077190284,2202.978811756822,2217.3369140625,598414
2023-03-16,2214.984829685128,2246.3474467426163,2186.5624579767787,2195.726318359375,534932
2023-03-17,2226.353329748308,2283.58999617306,2220.325684689631,2279.645263671875,1089322
2023-03-20,2263.988726129074,2281.7527069347407,2205.3307406955355,2233.581787109375,469668
2023-03-21,2239.511453855339,2245.245028440853,2180.951562787803,2193.692626953125,554638
2023-03-22,2222.3352890995097,2238.678199555165,2197.367611694993,2201.532958984375,516572
2023-03-23,2188.0567911009025,2189.3065388290715,2140.032788030931,2169.263916015625,932774
2023-03-24,2180.6820758050803,2229.6861673962057,2115.016593072972,2119.328857421875,919892
2023-03-27,2129.9380776849125,2176.9819977275874,2107.224637183758,2140.057373046875,650670
2023-03-28,2145.889035224489,2179.8734184517766,2134.8387089798302,2168.455322265625,378044
2023-03-29,2164.510714332557,2232.381380833589,2149.858538878506,2225.667724609375,788878
2023-03-31,2245.2936802898835,2278.689915824317,2221.355137297124,2258.84326171875,1182254
2023-04-03,2268.8895442076278,2270.947811859498,2186.5626665776317,2221.625,654980
2023-04-05,2221.845485060077,2241.912756027745,2190.531918779036,2229.95556640625,493884
2023-04-06,2217.924774961961,2245.8571019997057,2209.4959770570167,2228.362548828125,465962
2023-04-10,2228.705625948835,2246.102074876096,2200.7732995022466,2239.364013671875,265046
2023-04-11,2238.9966340785145,2238.9966340785145,2200.920364485183,2211.309326171875,367938
2023-04-12,2212.363025408232,2236.546590848885,2205.1839743251503,2226.5498046875,370780
2023-04-13,2213.2698117052746,2224.785773307195,2132.1680395726007,2152.13720703125,1244308
2023-04-17,2058.1715329306357,2070.4225539599843,1941.5663387010668,2060.401123046875,2647796
2023-04-18,2080.1989053209886,2147.358904983695,2048.3706578803844,2134.421875,1312442
2023-04-19,2141.454430833067,2151.279655644883,2098.8452767943127,2115.70263671875,735200
2023-04-20,2126.72839068011,2143.463239060872,2092.4745806463948,2102.2998046875,401662
2023-04-21,2107.1757992953926,2130.9427821479107,2070.4227330286126,2107.83740234375,486708
2023-04-24,2126.777362294086,2189.968227790405,2124.351564291883,2176.908447265625,1438434
2023-04-25,2153.729781508289,2204.203994817812,2138.710075597469,2191.56103515625,1529942
2023-04-26,2160.1247196194004,2227.4809378489026,2132.314898208572,2191.56103515625,1167572
2023-04-27,2190.3847364832304,2269.8204148588784,2178.2318177779453,2245.95556640625,907450
2023-04-28,2253.2076187645125,2337.396533254319,2249.311698658208,2321.44580078125,1169504
2023-05-02,2331.1243067848063,2363.1975758991184,2318.1138180214216,2328.135009765625,546108
2023-05-03,2312.9928410401108,2327.399994355444,2288.980839088635,2292.38671875,559118
2023-05-04,2296.1596682851264,2312.012536308026,2263.9885370375328,2288.123046875,497210
2023-05-05,2288.0006867877446,2311.326678676514,2267.786502095092,2273.6669921875,421276
2023-05-08,2289.9609352540683,2301.207468684857,2271.829423461986,2290.573486328125,380326
2023-05-09,2303.192412510341,2335.5351144732526,2294.0285512430623,2300.791259765625,548846
2023-05-10,2315.933113158385,2315.933113158385,2282.365314120859,2289.372802734375,282798
2023-05-11,2311.523083403062,2315.7865352357862,2278.1512479749463,2287.119140625,460416
2023-05-12,2292.9014948529407,2312.160007551252,2267.296856446002,2279.621337890625,419216
2023-05-15,2283.590296927992,2303.902585301682,2262.5185409692144,2298.953125,311284
2023-05-16,2310.542572784748,2359.056616200588,2290.940939081377,2312.0126953125,660646
2023-05-17,2315.81038081536,2358.7870559895064,2295.351176795037,2354.32763671875,713662
2023-05-18,2375.2038017665705,2378.7565982404158,2320.4905446471366,2326.836669921875,360724
2023-05-19,2344.845653306142,2399.240191972178,2335.240804028476,2395.41796875,1017838
2023-05-22,2401.20015908296,2477.769041706779,2396.299750595036,2470.344970703125,867542
2023-05-23,2469.80632888992,2497.248621433141,2420.802235062739,2425.72705078125,678044
2023-05-24,2418.3518382485227,2479.5825443323115,2398.9217644452037,2433.88623046875,805160
2023-05-25,2445.303937956953,2471.276104031446,2433.616415367878,2463.1904296875,440560
2023-05-26,2482.547166952756,2528.6110109506944,2465.5917041788093,2493.793701171875,1172258
2023-05-29,2515.6985359689384,2515.6985359689384,2465.518393319958,2469.438720703125,493606
2023-05-30,2471.692770298183,2499.9435795158597,2463.018950906306,2485.658935546875,431988
2023-05-31,2483.7479055177523,2528.1210134838952,2474.706555164503,2518.026123046875,660568
2023-06-01,2527.6309286508167,2548.7026870711315,2496.390821690466,2535.2265625,566908
2023-06-02,2548.2124038852485,2586.901224459186,2535.961382712723,2561.198486328125,766460
2023-06-05,2581.5353030859446,2585.455630045832,2544.04717653202,2552.843505859375,212734
2023-06-06,2498.228343948108,2498.228343948108,2403.6504564663537,2440.91796875,1519336
2023-06-07,2450.204271457746,2469.315864775117,2435.503045829,2459.29443359375,458248
2023-06-08,2469.806095994996,2469.806095994996,2408.550984487184,2414.014892578125,432000
2023-06-09,2420.7775459727186,2423.742197591862,2361.9970465816364,2394.707275390625,748724
2023-06-12,2411.0252628332305,2451.184204111489,2371.307549719212,2442.216552734375,552992
2023-06-13,2456.060641130609,2491.858033990388,2442.8539428598,2469.904296875,720190
2023-06-14,2414.921321826056,2444.0052942859866,2382.5786255516,2432.685302734375,1034786
2023-06-15,2425.702185027368,2455.104635754972,2404.1403878271244,2442.486083984375,744116
2023-06-16,2452.6546252678345,2452.6546252678345,2416.391599839299,2429.990234375,500384
2023-06-19,2420.8260327286703,2440.403259001436,2406.5660364326022,2422.32080078125,425506
2023-06-20,2425.702414378692,2437.953436673534,2404.018104916822,2435.03759765625,392924
2023-06-21,2450.155387524612,2450.204439468957,2414.921495540604,2419.52783203125,391978
2023-06-22,2409.53117017954,2419.3075821088946,2379.6630808091923,2386.4501953125,426290
2023-06-23,2381.084257824832,2381.084257824832,2343.057037230305,2354.572998046875,329208
2023-06-26,2349.623841574196,2414.7992878288223,2337.9853690287277,2404.21435546875,445436
2023-06-27,2379.271006454887,2416.8325924276137,2379.271006454887,2397.23095703125,361428
2023-06-28,2405.8313966513547,2415.0931218228725,2381.5987783905675,2389.390380859375,454488
2023-06-30,2395.319708885539,2469.144316133016,2390.44370664755,2455.619140625,960168
2023-07-03,2477.1567008949805,2477.1567008949805,2376.698318366104,2382.456298828125,978832
2023-07-04,2388.9001599955286,2395.319743169314,2362.9770461461603,2385.224853515625,449940
2023-07-05,2369.3966774298165,2386.0824734762737,2361.041336962523,2379.785400390625,824362
2023-07-06,2381.500823767262,2400.2204830661985,2353.6665945624645,2395.95703125,463940
2023-07-07,2396.2998237372917,2410.9766433177087,2355.7489422619824,2366.6767578125,424250
2023-07-10,2366.676642622317,2381.5984819083383,2315.467374852889,2326.81201171875,455418
2023-07-11,2323.7597543183224,2345.0281600907547,2304.0668750444383,2322.725830078125,487798
2023-07-12,2323.7597795872784,2333.6062193312923,2287.549593585305,2311.3779296875,800280
2023-07-13,2313.396511509068,2401.054345688675,2309.0146534839537,2343.501953125,1227046
2023-07-14,2372.400992420996,2431.578188861317,2350.3450645118296,2424.193359375,1424638
2023-07-17,2435.9845502966205,2505.426466944572,2417.793157627195,2443.024658203125,1122438
2023-07-18,2461.388207592149,2477.413431941716,2422.7164130267256,2453.437255859375,577714
2023-07-19,2465.0313616888952,2534.965595067986,2424.759283937436,2529.894775390625,2084866
2023-07-20,2535.3595743243136,2539.2243498509347,2466.237618104304,2483.14892578125,642390
2023-07-21,2407.4542259468594,2436.993541602649,2321.7902105450694,2338.332275390625,2555932
2023-07-24,2348.350882935968,2372.35157494647,2314.454472910519,2350.29541015625,583440
2023-07-25,2367.32996417773,2367.32996417773,2293.777117039623,2305.51904296875,1002122
2023-07-26,2305.5189797171174,2322.504085576209,2285.7275428203343,2296.26318359375,870564
2023-07-27,2300.644913097271,2335.5752504040174,2287.992383652747,2323.931884765625,930732
2023-07-28,2335.033736535044,2344.904935901134,2305.297538732012,2312.337646484375,509642
2023-07-31,2331.1446796943624,2342.4680857414523,2309.5317918828027,2335.60009765625,512634
2023-08-01,2335.599836302473,2380.622774508277,2320.707097407037,2367.846923828125,798762
2023-08-02,2363.145438043248,2363.3177988097555,2299.365223471027,2322.28271484375,733756
2023-08-03,2317.851723087754,2322.060979571821,2281.592259822524,2309.580810546875,458764
2023-08-04,2326.221081904531,2368.068445282708,2318.9838534930914,2356.129638671875,651810
2023-08-07,2363.145502928877,2414.7162303105024,2349.3604874951257,2403.565185546875,724704
2023-08-08,2397.608055325839,2436.9692939923943,2384.315361795285,2391.183349609375,605606
2023-08-09,2401.0539193037357,2406.543260440154,2361.298925663428,2387.5888671875,484584
2023-08-10,2383.3305840950434,2400.0695305646223,2373.484144995291,2385.0537109375,366530
2023-08-11,2391.700089182153,2435.516743759594,2389.386079806261,2408.709716796875,795606
2023-08-14,2408.709359369406,2436.993348019708,2383.330262174425,2431.134765625,525202
2023-08-16,2435.959804233367,2461.60982670596,2400.8573442611737,2447.972412109375,779268
2023-08-17,2448.317334261897,2460.1330623982917,2411.3931838356675,2419.368896484375,371492
2023-08-18,2416.8083389239555,2424.6609698138955,2342.467727969073,2388.598388671875,486846
2023-08-21,2404.500160496375,2477.7823234170046,2389.705983552481,2466.87744140625,847190
2023-08-22,2481.154664091266,2493.6841116483,2464.2433595078965,2476.2314453125,681382
2023-08-23,2479.825873071852,2499.0264307549573,2455.6035349149874,2464.120849609375,377966
2023-08-24,2473.9177538977524,2534.891874378104,2467.0990469355606,2520.663818359375,872132
2023-08-25,2510.841779822681,2547.7659236436034,2473.449834023404,2529.500732421875,840552
2023-08-28,2535.433490607952,2555.1508883003453,2478.6441063127886,2485.01953125,597960
2023-08-29,2498.5336777172647,2520.0972810845865,2481.942333296786,2513.968017578125,465966
2023-08-30,2530.5347950417317,2560.0741117153702,2520.78691669606,2553.13232421875,547502
2023-08-31,2559.3601115526817,2654.107564563367,2551.2860798575143,2644.113525390625,1386890
2023-09-01,2609.3063020020472,2743.6609123796493,2609.3063020020472,2729.088134765625,1296136
2023-09-04,2741.248641563865,2855.467334962359,2733.0022488292752,2846.876220703125,1429702
2023-09-05,2855.467329233409,2924.1217217799717,2815.2200095498174,2917.352294921875,1346990
2023-09-06,2917.0074555412416,2939.580464267077,2885.5974123453743,2932.9833984375,1024724
2023-09-07,2924.293701171875,2948.565316535186,2911.7394919675457,2924.293701171875,576030
2023-09-08,2892.7850479509707,2952.922362928836,2880.57556046386,2939.6787109375,685480
2023-09-11,2941.1315053135027,2971.1631460607614,2912.0845085251703,2922.4970703125,846946
2023-09-12,2948.171367420436,2948.171367420436,2868.489254007536,2875.11083984375,604718
2023-09-13,2848.9686099956352,2868.513887882109,2813.1521875561907,2845.374755859375,710548
2023-09-14,2862.851915573789,2930.595458679264,2842.66671720087,2923.9736328125,725040
2023-09-15,2947.0393079651726,2947.0393079651726,2901.770206735468,2937.0205078125,390224
2023-09-18,2943.5930072142933,2946.5469389826967,2865.609256606752,2874.61865234375,592042
2023-09-20,2874.175555703503,2874.544797167494,2828.1434531926643,2848.894775390625,893452
2023-09-21,2843.109796354337,2879.517098349296,2812.0442352483187,2833.337158203125,629260
2023-09-22,2843.159242909682,2884.883527903032,2809.213548519524,2879.763427734375,517542
2023-09-25,2899.77615811818,2933.057168554521,2839.712882856649,2913.2412109375,1046814
2023-09-26,2911.444651596132,2926.706633302784,2874.5450222487348,2884.5390625,370188
2023-09-27,2904.6995357531305,2913.536811005825,2869.2768749189668,2874.5693359375,361614
2023-09-28,2879.468011651188,2889.683692137063,2792.30250636087,2824.426513671875,653728
2023-09-29,2821.004802873941,2879.2218740676312,2760.7691635859173,2853.8427734375,1101802
2023-10-03,2843.0854894596728,2859.8982361419435,2813.7923331418133,2820.044677734375,520756
2023-10-04,2805.7920277606886,2815.0475841137586,2771.772533489808,2802.616455078125,837118
2023-10-05,2820.512330114821,2845.620748483796,2803.7979044753183,2825.60791015625,470156
2023-10-06,2845.620895877899,2854.975013009677,2801.311919990527,2829.89111328125,370812
2023-10-09,2823.442245675666,2851.036798553546,2745.581326425538,2754.960205078125,897488
2023-10-10,2765.864784897652,2854.9505401548954,2757.002989574021,2834.371337890625,895372
2023-10-11,2857.9043529447804,2897.3146282393936,2828.586437068094,2836.2421875,874030
2023-10-12,2847.589920752492,2877.621557191963,2812.41342420898,2841.411376953125,630930
2023-10-13,2816.08163425009,2857.9290011926173,2798.874885450617,2838.457763671875,845324
2023-10-16,2848.0084912316315,2858.9378935602194,2813.71831777168,2836.21728515625,855982
2023-10-17,2857.928758502167,2862.802697453858,2806.8748790110585,2811.970458984375,689948
2023-10-18,2813.4724159083885,2850.544163536609,2769.680281177216,2813.9892578125,984640
2023-10-19,2830.8512958471947,2928.7988468401413,2808.6968074449123,2879.566650390625,1564564
2023-10-20,2879.5666625944777,2926.854091328013,2858.7905794480976,2908.29345703125,819666
2023-10-23,2907.6778216250104,2924.293686665965,2843.552890615104,2858.544189453125,941706
2023-10-25,2872.329389889513,2921.9308272690173,2866.2491656162906,2903.985595703125,1063818
2023-10-26,2875.160149729989,2902.2378566195694,2796.3886387784823,2888.231201171875,918290
2023-10-27,2904.6996553639306,3025.5647003455992,2889.929996099368,2995.163818359375,1896610
2023-10-30,3021.5522075957047,3021.872168789092,2974.2400195009936,2987.3603515625,818996
2023-10-31,3003.1641221646328,3052.396320888643,2987.508379127036,3032.802001953125,905422
2023-11-01,3040.087933863558,3080.9506542701456,3018.228888134011,3057.8115234375,788926
2023-11-02,3081.9354084740044,3091.7818474787136,3039.6450010270933,3064.92578125,529524
2023-11-03,3077.0121799420303,3110.4900724598,3067.633542974198,3094.8095703125,985378
2023-11-06,3104.0899644522497,3124.521325836035,3062.242597762568,3075.04296875,708854
2023-11-07,3075.0429024664822,3081.910889831792,3016.752031612356,3065.270263671875,550174
2023-11-08,3095.695835690289,3101.5296583602094,3062.4886247137997,3095.917236328125,356746
2023-11-09,3108.9886191563105,3115.9056464524606,3080.5077460428743,3111.3271484375,368020
2023-11-10,3101.135962348681,3106.5515037974565,3067.879710790333,3075.11669921875,341756
2023-11-13,3075.0428845151164,3095.4497253984764,3024.284443642452,3070.1689453125,756078
2023-11-15,3120.6319786547256,3149.3097324104565,3071.6704642833743,3083.80615234375,1563804
2023-11-16,3096.6804348980468,3156.2759086592487,3083.0675411537472,3149.01416015625,847346
2023-11-17,3169.568694114777,3190.4185766441265,3132.6445480975963,3144.386474609375,670996
2023-11-20,3155.2914118331555,3200.0681898287994,3145.223331689632,3190.492431640625,958802
2023-11-21,3200.0925646991905,3237.50903160952,3167.131515126161,3183.15673828125,943398
2023-11-22,3177.421019596876,3256.709365358778,3163.192724387357,3246.37060546875,807906
2023-11-23,3256.611220844397,3261.4606402525283,3134.1216127514904,3140.447998046875,1118954
2023-11-24,3155.78369737329,3187.243021878774,3114.7733751225583,3146.109619140625,1029614
2023-11-28,3163.1683374136123,3170.5531662169124,3089.812371300829,3111.031494140625,1140176
2023-11-29,3138.527757877476,3187.784470410356,3134.1213804837566,3171.882568359375,875338
2023-11-30,3193.6927142453656,3205.0161198916803,3116.545763098401,3150.836181640625,14528104
2023-12-01,3173.0151461079204,3191.8957420300303,3145.9374373358587,3167.2548828125,415694
2023-12-04,3200.585010070429,3212.4007369188657,3149.23592663156,3171.267333984375,792814
2023-12-05,3185.3229971243222,3199.600333587476,3087.2523691242354,3140.989501953125,705628
2023-12-06,3158.1958863932896,3192.707701608497,3112.483747321245,3119.253173828125,447780
2023-12-07,3136.090790428407,3137.863197509162,3096.360313300416,3105.9853515625,420510
2023-12-08,3126.2441314855414,3217.816006832992,3108.6929034555915,3182.614990234375,1022492
2023-12-11,3200.0926994168944,3219.7855775671524,3181.3844651741497,3213.409912109375,636456
2023-12-12,3224.708697150211,3281.30120013698,3200.0926002254,3213.60693359375,884092
2023-12-13,3226.67802570475,3234.3335357885394,3163.783897266577,3210.776123046875,333944
2023-12-14,3247.3558470102817,3395.618566264762,3240.3157387078168,3376.984130859375,1515086
2023-12-15,3396.5292323998665,3643.305617055677,3380.1840470251323,3556.952392578125,2922862
2023-12-18,3556.952273064777,3567.5864752168386,3483.522502619977,3518.4033203125,797768
2023-12-19,3539.794629908335,3539.794629908335,3429.145277603481,3477.90966796875,793000
2023-12-20,3507.79392484645,3581.2484565942523,3425.083836513228,3444.579833984375,771526
2023-12-21,3416.714263850888,3532.409919759384,3406.350983169756,3526.30517578125,567800
2023-12-22,3544.7422536477884,3687.958888841028,3522.5632478733564,3658.616455078125,1261042
2023-12-26,3667.7985738183215,3670.260183599408,3606.258329291169,3622.775634765625,612722
2023-12-27,3630.874058319895,3685.0294680033103,3619.5751744156873,3641.1142578125,613622
2023-12-28,3653.028820546562,3721.953892632346,3628.905045316538,3701.793212890625,671220
2023-12-29,3701.793610069174,3701.793610069174,3625.286819923584,3637.964111328125,529612
2024-01-01,3655.490671151692,3655.490671151692,3594.5165463565872,3602.762939453125,280792
2024-01-02,3621.0278033942154,3625.434180834374,3566.724790548207,3608.251953125,390288
2024-01-03,3593.9503053353383,3606.2583543262126,3525.1975917506297,3587.82080078125,508764
2024-01-04,3599.858198698445,3650.542841019741,3553.653734325292,3576.817626953125,600388
2024-01-05,3579.180549710064,3642.197758838384,3574.2573302469136,3618.935546875,523110
2024-01-08,3625.9512993681674,3635.994619451032,3549.690674497111,3587.230224609375,365716
2024-01-09,3645.6198280007056,3650.173806423188,3581.642489033091,3590.011962890625,312508
2024-01-10,3598.873372004396,3644.831673061727,3563.130751175395,3633.975830078125,362856
2024-01-11,3648.105687870764,3692.414663836805,3628.905131618812,3638.72705078125,504980
2024-01-12,3697.8056232028985,3812.984198444514,3682.568162789805,3768.7490234375,1002852
2024-01-15,3820.4184387253126,3879.497074375704,3761.241242525537,3774.533935546875,663050
2024-01-16,3790.8296702067146,3790.8296702067146,3709.64583011178,3751.19775390625,288604
2024-01-17,3709.645540881779,3813.033140561298,3704.722321849421,3796.9833984375,635166
2024-01-18,3834.695564280391,3888.1617746749007,3719.61531159705,3821.968994140625,897510
2024-01-19,3884.4202528068686,3894.2666919774815,3812.196525333789,3872.4814453125,720220
2024-01-23,4056.2405593974154,4289.945885988073,3997.678767095581,4063.822509765625,2826878
2024-01-24,4134.519714273831,4189.635252442006,4059.7853388149847,4172.822265625,871628
2024-01-25,4184.736516065567,4204.921715731296,4075.120843128544,4125.04248046875,524406
2024-01-29,4160.120572845239,4261.046574908349,4116.279398349579,4252.47998046875,1032952
2024-01-30,4295.668971670782,4363.367884487865,4119.503552551878,4137.9599609375,766314
2024-01-31,4117.452196960987,4174.60113780986,4080.786460334761,4127.73095703125,729942
2024-02-01,4163.235926940659,4163.235926940659,4053.5832648098376,4099.36669921875,258130
2024-02-02,4140.356808879959,4208.055720357171,4128.69451706833,4201.58203125,421372
2024-02-05,4212.650632740282,4245.289313269217,4166.151069224246,4226.783203125,596750
2024-02-06,4249.663651211122,4308.764116283259,4218.087103227696,4270.46728515625,445232
2024-02-07,4276.297987477702,4295.223936933712,4252.208046458196,4274.865234375,201752
2024-02-08,4299.128382976692,4299.128382976692,4227.476243260413,4264.46337890625,225740
2024-02-09,4288.750972860295,4298.881102477029,4234.962648387143,4268.861328125,318690
2024-02-12,4295.175139202016,4330.853059583031,4254.679230140926,4301.4755859375,1151842
2024-02-13,4286.774143746407,4303.427184196532,4208.154651902153,4297.892578125,311506
2024-02-14,4258.6323362655,4281.437675095175,4210.1807633145545,4258.13818359375,370702
2024-02-15,4279.287691966855,4336.115247498931,4279.287691966855,4311.60546875,368308
2024-02-16,4338.659863633246,4397.958176120261,4292.777987374779,4382.9111328125,394096
2024-02-19,4397.958807378204,4397.958807378204,4305.4287189870165,4317.06591796875,599118
2024-02-20,4317.065957499611,4348.049427019159,4274.420677771988,4299.5732421875,286222
2024-02-21,4311.481862947708,4317.362472499764,4195.3559904213225,4210.13134765625,292902
2024-02-22,4237.333869667486,4262.313186704746,4202.767799307155,4230.0205078125,384166
2024-02-23,4276.891437654029,4320.871026094376,4259.596093885352,4275.55712890625,307192
2024-02-26,4274.420076939036,4274.420076939036,4101.491274537593,4163.43359375,1476842
2024-02-27,4192.885139668685,4215.122008411772,4155.329539124806,4209.58740234375,355210
2024-02-28,4220.038584066661,4220.06319518243,4130.917873300335,4155.0078125,221342
2024-02-29,4153.35333423178,4289.245323156674,4105.37130135251,4264.71044921875,602434
2024-03-01,4264.734846585461,4312.519017559579,4235.307672822569,4249.21826171875,369366
2024-03-04,4237.35906468162,4248.724575875519,4168.177692197022,4186.04150390625,639426
2024-03-05,4180.531449828387,4183.49636575025,4069.396324995467,4075.94384765625,411892
2024-03-06,4074.782652966163,4144.0383382105465,3965.62438348857,4133.6611328125,650350
2024-03-07,4136.0576873054215,4160.740708727724,4103.937765002572,4137.09521484375,323434
2024-03-11,4170.62390689731,4170.62390689731,4049.4083539482976,4069.124755859375,656282
2024-03-12,4070.730549105582,4121.233045773009,3995.2241217116034,4057.388427734375,457462
2024-03-13,4076.2652332891935,4108.87930837673,3978.472471548964,4016.151611328125,504070
2024-03-14,3953.2214716350695,4127.039678216024,3916.72824766794,4105.716796875,449832
2024-03-15,4092.671526695386,4177.986699520374,4042.169025003275,4166.91796875,770846
2024-03-18,4153.847309723676,4161.95160647315,4005.1073572817504,4041.84765625,980584
2024-03-19,4022.4025166207584,4022.4025166207584,3926.042751173455,3943.06640625,562856
2024-03-20,3944.796151845269,3978.917297180344,3909.241770739406,3954.43212890625,352936
2024-03-21,3980.3748086297687,4076.116880333801,3980.3748086297687,4054.447998046875,546380
2024-03-22,3943.313773229971,3995.2244157227865,3885.02836814008,3939.088623046875,1033580
2024-03-26,3950.750068330835,4016.892442622457,3931.1321134410778,3990.183349609375,601872
2024-03-27,4002.636624738374,4016.472899490556,3963.104411160711,4002.463623046875,445316
2024-03-28,4021.413988735912,4048.74053188468,3901.285439537348,3937.95166015625,747068
2024-04-01,4022.3035171935344,4028.7275014410834,3886.016317132794,3949.91015625,841783
2024-04-02,3942.349816051315,3942.349816051315,3904.893141939196,3923.819091796875,296000
2024-04-03,3923.769612256599,3948.1314824149295,3885.2751694862864,3926.43798828125,610324
2024-04-04,3980.89351869804,4037.2763810667807,3930.885176889387,3982.3759765625,856395
2024-04-05,3997.695008908605,3998.683314226012,3923.5721101031295,3950.00927734375,324838
2024-04-08,3959.10152911659,3963.8949062883657,3688.009339750994,3858.146240234375,764262
2024-04-09,3884.040076365786,3941.361787416477,3845.595094261501,3910.576171875,282366
2024-04-10,3913.639531386249,3932.8127990113776,3893.92288887354,3912.45361328125,138002
2024-04-12,3920.755453234749,3992.753594138293,3913.689166531594,3931.42919921875,328754
2024-04-15,3923.5721928661214,3946.402142693969,3859.332345879649,3906.52392578125,294122
2024-04-16,3893.922864154733,3930.539623609019,3804.9753875623664,3813.12890625,324666
2024-04-18,3883.0519073379633,3913.4422983154745,3776.85854061836,3798.947021484375,417993
2024-04-19,3788.223418382567,3864.223994221379,3745.676829881048,3839.269287109375,364067
2024-04-22,3836.601277756253,3836.601277756253,3277.220462915954,3467.46923828125,3702690
2024-04-23,3508.4837560236124,3517.477430616621,3430.1605623151977,3487.77880859375,1623128
2024-04-24,3508.48374609656,3514.858266899276,3419.536270843408,3425.861328125,1165495
2024-04-25,3422.600152603865,3438.017570384919,3375.556724199212,3390.233154296875,615599
2024-04-26,3390.2331623871382,3477.846330201556,3351.3432525471662,3357.7177734375,761753
2024-04-29,3362.313570778224,3396.805329368768,3317.7409050599226,3334.344482421875,769877
2024-04-30,3301.927757395281,3372.047964866174,3301.927757395281,3329.205078125,595315
2024-05-02,3360.238241476768,3388.800170015125,3325.64755369686,3367.84814453125,432230
2024-05-03,3386.527320834384,3405.058046759792,3321.694391215825,3327.47607421875,345291
2024-05-06,3331.5771884349083,3394.23564835702,3331.5771884349083,3355.98828125,340457
2024-05-07,3375.0626041096148,3375.0626041096148,3282.1619057827324,3322.58349609375,283529
2024-05-08,3325.746425047277,3355.6426618420605,3279.1971466145937,3348.180908203125,275816
2024-05-09,3330.68770328458,3383.067882851605,3305.88114437167,3318.284423828125,260033
2024-05-10,3291.056473152144,3363.103829158317,3215.9452743654883,3328.117919921875,574026
2024-05-13,3312.799503108519,3369.13290754682,3233.141996107885,3357.17431640625,490848
2024-05-14,3360.2379486939617,3389.7881800227005,3321.694042811884,3383.957275390625,328633
2024-05-15,3380.992345942877,3449.1854099212637,3373.0859037424843,3440.7353515625,694250
2024-05-16,3478.834415923412,3509.768417935731,3441.3282806338284,3487.185546875,521947
2024-05-17,3498.650093541882,3518.1196589603333,3471.718775132817,3498.748779296875,330396
2024-05-21,3485.752559137699,3486.04909896489,3424.97178726728,3472.8056640625,522945
2024-05-22,3468.951527206229,3492.670853887981,3448.6912689988994,3458.376708984375,351341
2024-05-23,3469.050692511804,3545.051277126984,3459.0687120001235,3526.668701171875,358239
2024-05-24,3533.1915405876584,3546.681811773892,3485.802348461208,3513.623046875,184591
2024-05-27,3543.0743833451493,3740.142357134735,3518.366751662129,3693.000244140625,1556306
2024-05-28,3706.1447841627855,3752.5456686034113,3629.798201609033,3647.48876953125,425532
2024-05-29,3641.9050951632353,3656.7296749264506,3580.3830891458915,3607.166259765625,254189
2024-05-30,3597.431024660351,3597.431024660351,3460.155525206038,3475.9189453125,394086
2024-05-31,3489.706023333272,3503.492834046865,3360.238028698138,3370.615234375,898926
2024-06-03,3469.445587610056,3469.445587610056,3335.530225946144,3385.78564453125,855315
2024-06-04,3389.8870835529992,3414.594715357321,3194.25210318347,3312.651123046875,1165302
2024-06-05,3321.644700777262,3567.782187778465,3320.7058589849426,3525.235595703125,678737
2024-06-06,3582.606683439886,3671.3565469170912,3569.758714644102,3651.145751953125,314456
2024-06-07,3696.26175476633,3828.151046395216,3688.355312510145,3805.222412109375,1005726
2024-06-10,3809.916689089407,3842.530761914297,3634.9866621195433,3701.697265625,1482160
2024-06-11,3743.7007210087713,3746.863249918312,3681.931635722856,3690.18408203125,586636
2024-06-12,3697.200802469867,3765.443334251923,3697.200802469867,3726.4052734375,509955
2024-06-13,3764.4549319440366,3789.459104585008,3735.497538056603,3746.368896484375,493209
2024-06-14,3761.292297018838,3761.292297018838,3691.369698196017,3728.67822265625,555850
2024-06-18,3728.875749616185,3846.2369993556295,3728.875749616185,3802.553955078125,479189
2024-06-19,3824.74148084212,3850.8326440422034,3720.969425160357,3797.612548828125,381743
2024-06-20,3797.612526527211,3867.189122175836,3782.787947231157,3852.760009765625,313508
2024-06-21,3903.805943465239,4054.3246479532536,3880.728918146008,3898.32080078125,1287631
2024-06-24,3893.873639532451,3984.056503277117,3847.423287795472,3921.694580078125,650360
2024-06-25,3953.122052788296,3962.0167999929063,3905.485788238473,3927.72265625,152461
2024-06-26,3938.396865985461,3953.122519359141,3893.9231247133534,3904.695556640625,268164
2024-06-27,3904.695231096048,4009.554517733865,3857.207355458632,3984.45166015625,644155
2024-06-28,3992.802826502392,4234.888158508212,3977.9287836629055,4191.84765625,1252644
2024-07-01,4195.355603182627,4495.751163840519,4177.7639635286205,4443.568359375,1748520
2024-07-02,4443.421247639806,4500.74296302306,4371.274950691918,4449.10400390625,704120
2024-07-03,4491.79853656711,4568.046196838804,4429.683449592866,4539.681640625,627211
2024-07-04,4570.912295296029,4704.333519050616,4546.204661267402,4695.33984375,911163
2024-07-05,4714.068129251164,4789.031182731107,4662.824402958803,4715.45166015625,649373
2024-07-08,4723.901632508822,4728.991791025009,4512.84922190453,4532.66455078125,971949
2024-07-09,4544.054891033974,4634.385487663232,4544.054891033974,4593.52880859375,362291
2024-07-10,4633.295576530119,4633.295576530119,4489.876455012602,4515.08349609375,535137
2024-07-11,4551.087425337221,4592.736767788449,4477.396927785741,4574.06640625,378000
2024-07-12,4655.184950803266,4881.9520792505455,4585.060230526444,4762.650390625,1368072
2024-07-15,4828.516111295332,4828.516111295332,4722.783989268506,4748.78369140625,531936
2024-07-16,4754.231615344862,4826.684027507788,4717.23765386287,4774.48681640625,365068
2024-07-18,4781.964754473157,4870.066804781333,4694.3579366374815,4849.46484375,555572
2024-07-19,4754.083091681041,4754.083091681041,4491.758363724959,4539.74658203125,1923719
2024-07-22,4539.746635178804,4758.29262325172,4449.168424711731,4713.62255859375,1177493
2024-07-23,4706.688748066604,4800.78290443578,4512.359360093999,4764.2841796875,875195
2024-07-24,4745.317390716607,4791.324679303246,4714.612978461918,4772.55517578125,275627
2024-07-25,4694.803628542486,4769.088496082715,4650.232708018349,4672.072265625,413931
2024-07-26,4674.99414526974,4786.916674595054,4674.99414526974,4727.439453125,189950
2024-07-29,4777.655894606097,4798.802416841932,4709.660576281401,4733.03564453125,438646
2024-07-30,4741.355425624819,4753.19167450349,4682.818853935364,4731.0546875,165048
2024-07-31,4776.219836356029,4917.459738344246,4744.326674447156,4786.22314453125,731474
2024-08-01,4833.419147159422,4836.885774140842,4709.80884347524,4750.71533203125,253525
2024-08-02,4699.755506045394,4740.265419899295,4582.831329108058,4592.1416015625,354246
2024-08-05,4401.626591534113,4544.253555796244,4367.059458726238,4493.34375,486624
2024-08-06,4466.996574234222,4592.141907578929,4436.985682052619,4456.54736328125,276547
2024-08-07,4516.520094750257,4649.193065983728,4490.768006490716,4631.5625,380357
2024-08-08,4614.724385898913,4654.194508408224,4556.138484502623,4567.4296875,293069
2024-08-09,4605.662028165186,4696.685660555873,4590.805053880782,4654.244140625,332736
2024-08-12,4615.566645499702,4701.44014971487,4556.13874877653,4631.31494140625,569506
2024-08-13,4645.2804440271375,4734.422286236613,4625.966378215085,4667.615234375,303146
2024-08-14,4699.756338529224,4742.346332745611,4636.713339164249,4718.67431640625,286749
2024-08-16,4803.754211006788,4891.707290533419,4779.041921151558,4810.8359375,490714
2024-08-19,4858.230665885604,4875.068570334137,4772.951535453527,4828.021484375,477064
2024-08-20,4873.087326869484,4949.253981249327,4858.27968310697,4888.0927734375,390175
2024-08-21,4887.944619349657,4902.1080749484445,4843.373695768962,4865.75830078125,167202
2024-08-22,4897.848651370092,4950.046342075505,4875.61252218216,4912.4580078125,264975
2024-08-23,4912.705853174603,4920.629572292627,4808.707039750544,4835.94482421875,253145
2024-08-26,4912.706164964045,4996.598739900613,4882.992216385634,4945.78759765625,878677
2024-08-27,4957.276885729125,5020.122077860524,4853.2780699445975,4862.73681640625,394026
2024-08-28,4878.039341714503,5001.847446834161,4793.948973442314,4950.2939453125,648876
2024-08-29,4934.496431896406,5046.715918440972,4911.66640801315,5029.53173828125,374732
2024-08-30,5041.466228060112,5214.74825188339,5017.496784566903,5121.54541015625,1385111
2024-09-02,5164.779605779551,5219.750411824381,5126.696034087493,5157.15283203125,592833
2024-09-03,5157.152544848176,5271.89800239601,5137.640676126526,5240.203125,454305
2024-09-04,5199.593727883194,5218.610846544086,5097.575847846496,5199.69287109375,425122
2024-09-05,5238.568599452254,5238.568599452254,5180.329459635679,5214.45068359375,219198
2024-09-06,5244.512018890174,5282.298160790322,5125.309462963298,5140.4638671875,282134
2024-09-09,5149.4273856937725,5205.834559258457,5082.62032993063,5119.4658203125,414969
2024-09-10,5197.910938539654,5264.073806431885,5161.3130637031945,5223.91064453125,343692
2024-09-11,5256.34813118282,5319.737887637071,5214.3520306315095,5239.60888671875,308030
2024-09-12,5298.987032902281,5317.756535562449,5216.778449027348,5256.10009765625,306026
2024-09-13,5306.911182077192,5336.476657448236,5244.511890462623,5308.79296875,285311
2024-09-16,5318.796175323641,5332.761826252087,5235.250369587657,5250.4541015625,288431
2024-09-17,5250.4546177741495,5353.710587195571,5224.751859273743,5304.880859375,267752
2024-09-18,5269.273563243529,5305.67315035804,5066.228247366664,5130.3115234375,485667
2024-09-19,5199.940507600702,5311.318474399384,5104.0637027393,5233.17041015625,653730
2024-09-20,5274.373966303368,5388.029811440596,5261.349449838435,5303.98876953125,682525
2024-09-23,5271.254130532297,5355.344502744112,5266.301806095495,5278.6826171875,352574
2024-09-24,5274.225964584251,5367.7755744391325,5229.853327384042,5337.61572265625,377128
2024-09-25,5337.615783818849,5341.033081454265,5259.3690503021135,5272.34423828125,230951
2024-09-26,5308.891427172855,5395.755385205675,5252.137986522828,5374.7080078125,461259
2024-09-27,5457.461653262657,5532.687656615793,5373.915841391886,5385.15771484375,510714
2024-09-30,5368.319651860407,5441.614053011269,5336.674105480911,5398.4296875,404261
2024-10-01,5426.558973700521,5446.566558399959,5389.070263631349,5435.423828125,148956
2024-10-03,5349.600709651642,5403.927812656762,5139.522982443545,5200.18896484375,440650
2024-10-04,5210.093345079512,5317.8064102907465,5030.076337243724,5092.27734375,1121466
2024-10-07,5092.276884017303,5225.692696539474,5057.511953698439,5180.27978515625,491981
2024-10-08,5213.807090156791,5275.11676905494,5114.017754227213,5258.03125,362753
2024-10-09,5277.890355948476,5330.681940166623,5239.5591719586455,5283.23876953125,224194
2024-10-10,5317.706704275832,5346.133239283624,5162.302864053488,5191.12548828125,242697
2024-10-11,5160.322472481257,5437.850949384277,5152.745512217008,5417.3974609375,715281
2024-10-14,5424.776387937688,5585.182375805708,5405.016419256659,5563.14453125,446076
2024-10-15,5635.696229786379,5635.696229786379,5537.68952963658,5577.208984375,412806
2024-10-16,5576.317221407272,5614.301645919386,5472.318409995592,5490.98876953125,262790
2024-10-17,5511.837716185935,5541.650804729131,5422.795023394458,5483.21337890625,250036
2024-10-18,5477.271123065074,5488.166237414752,5351.581218792524,5453.6484375,177195
2024-10-21,5455.480414363312,5506.984586757447,5155.369563682106,5197.61279296875,498478
2024-10-22,5201.922022295734,5267.292710313921,5087.02808577892,5109.0166015625,328921
2024-10-23,5159.628650684044,5743.409054233989,5145.069106714843,5664.22119140625,2690817
2024-10-24,5639.162139601608,5682.049072984626,5489.056905510244,5636.93359375,568209
2024-10-25,5693.390868189982,5705.07816125069,5555.517952509569,5616.82763671875,518325
2024-10-28,5601.0793794601495,5683.238641792074,5571.414760295579,5612.4697265625,332890
2024-10-29,5643.668446138458,5645.649375743982,5536.747577230132,5616.4306640625,217939
2024-10-30,5616.9263145854575,5676.55249360044,5547.494630018291,5564.283203125,260384
2024-10-31,5571.365349344899,5571.365349344899,5249.5135700690025,5321.27294921875,867619
2024-11-01,5353.463162174249,5536.649851802816,5310.229462964301,5337.61572265625,44938
2024-11-04,5335.63450009331,5412.791620289933,5247.483122608939,5307.40625,509193
2024-11-05,5251.444921296835,5390.110007864461,5251.444921296835,5368.51806640625,262919
2024-11-06,5417.842820173655,5691.012836925295,5391.248741780991,5663.13134765625,690288
2024-11-07,5700.125638765995,5743.953711661807,5601.5250490121525,5682.693359375,517587
2024-11-08,5702.453052055282,5774.410228590418,5599.791464356114,5614.6484375,376081
2024-11-11,5635.745630694954,5695.173528382423,5557.300612297307,5667.09375,277838
2024-11-12,5695.172835395881,5710.0298080099565,5602.316756557904,5625.98876953125,250857
2024-11-13,5635.745275537487,5645.649924527887,5535.708320734449,5586.81640625,283558
2024-11-14,5615.935704078548,5728.749553860439,5606.031055570473,5659.31787109375,379197
2024-11-18,5674.175320016533,5700.125694735538,5528.775261166598,5592.26416015625,411485
2024-11-19,5601.079046617209,5742.864001266701,5578.347683561397,5655.8515625,361445
2024-11-21,5614.896625555944,5736.7731475417,5600.237453719121,5670.9072265625,443952
2024-11-22,5724.886879650097,5812.790635803895,5697.352150045893,5740.98193359375,688598
2024-11-25,5818.981368791488,5890.294842587741,5750.094727484314,5861.2744140625,960293
2024-11-26,5883.361978205901,5954.427840484735,5864.840089639136,5912.0361328125,334966
2024-11-27,5912.035841905849,5984.389111647634,5844.634413192407,5854.5390625,313105
2024-11-28,5875.437777222814,5882.17274508166,5746.726670227442,5765.1494140625,299071
2024-11-29,5787.088535356664,5877.369804305161,5755.443469729015,5849.33935546875,333871
2024-12-02,5849.338561731956,5918.02739483051,5797.834390262302,5875.83349609375,278981
2024-12-03,5883.361413163397,5990.480093683027,5800.162362876237,5983.6953125,443857
2024-12-04,6021.977238598736,6021.977238598736,5906.637407995699,5954.03125,336960
2024-12-05,6072.14434565342,6089.37833856578,6017.5203019471655,6043.5693359375,618889
2024-12-06,6031.931261577823,6129.937957217347,6007.1696389933495,6115.3779296875,328550
2024-12-09,6119.884677079799,6217.049385994798,6119.884677079799,6174.80615234375,530525
2024-12-10,6141.57602566984,6322.583489881645,6141.57602566984,6284.8466796875,601991
2024-12-11,6297.376061362475,6311.73780293054,6202.291427532529,6299.109375,221150
2024-12-12,6346.552073772425,6446.935784221718,6329.070465690087,6374.58251953125,642487
2024-12-13,6358.834375463039,6430.79204173531,6284.500173636407,6415.88525390625,233247
2024-12-16,6431.03935987609,6458.277145024092,6376.811405808707,6446.5400390625,218943
2024-12-17,6452.878801264647,6512.30669505987,6422.273532685194,6486.9013671875,317724
2024-12-18,6477.640188337533,6534.096685391851,6451.937431754742,6485.8115234375,194969
2024-12-19,6291.433050630335,6635.916549719395,6270.63328771106,6610.56103515625,785692
2024-12-20,6683.657271301649,6724.167189750869,6292.423628420181,6307.97412109375,553867
2024-12-23,6351.999863823657,6429.602885306312,6307.973989283235,6342.09521484375,256100
2024-12-24,6376.514200592055,6378.544943913467,6216.009549002671,6290.34375,224656
2024-12-26,6304.259487456289,6351.652843981778,6239.235082668697,6334.81494140625,153355
2024-12-27,6338.975108852519,6361.5575142276375,6295.493798190318,6332.63623046875,143250
2024-12-30,6348.928982668582,6704.258245612334,6228.984076906922,6574.40869140625,2234552
