date,open,high,low,close,volume
2015-01-01,181.00444399751908,181.0285752480282,175.71840370741938,176.87698364257812,4318
2015-01-02,178.13213870065718,178.13213870065718,173.78745239088505,174.02882385253906,63018
2015-01-05,175.21154270063224,179.58036008401191,172.33921653223726,176.29771423339844,82426
2015-01-06,175.5494498315718,178.6148701439852,174.75292700573686,177.43214416503906,143634
2015-01-07,178.10802310643902,181.02861215637,176.2011824988668,176.8046112060547,472322
2015-01-08,179.38726142313007,180.01482128920605,172.9426408753451,175.40463256835938,331650
2015-01-09,176.20117778026736,177.64940663873531,173.98055725085402,174.63226318359375,1005180
2015-01-12,170.8909999850074,176.1770410468933,170.8909999850074,172.94265747070312,76728
2015-01-13,168.47728488711465,175.62187445651813,168.47728488711465,173.69090270996094,62362
2015-01-14,173.76330828422735,174.7529253109484,173.3046966481505,173.85984802246094,12338
2015-01-15,175.71844018705082,178.13215502478505,170.1186188170782,176.32186889648438,723180
2015-01-16,176.1287512707615,178.54246578801974,175.71841685639876,176.29771423339844,573282
2015-01-19,176.2735801612777,178.13214341159463,174.51157139103378,175.9356689453125,274586
2015-01-20,176.6839420624728,180.54588615127005,175.3322675242528,178.8804168701172,515132
2015-01-21,179.91830084498926,185.37329021094263,177.842497349694,183.08026123046875,187806
2015-01-22,183.36985828577997,183.44226676044133,181.9940383386484,182.8871154785156,84154
2015-01-23,183.9009144319616,185.8801485446852,181.96994282372847,183.8284912109375,1036546
2015-01-27,183.36986648452137,185.37324627781413,179.5320551023192,184.4077606201172,226620
2015-01-28,183.418182165191,192.6144290897772,183.418182165191,191.2144775390625,217758
2015-01-29,193.0247519193722,193.53162607258577,189.83864582620976,192.5902862548828,106322
2015-01-30,192.56611732888783,196.95908015123857,192.56611732888783,196.09014892578125,401850
2015-02-02,193.57990609085755,196.95910644655828,192.2523630939751,193.43508911132807,18072
2015-02-03,193.21786484518884,193.21786484518884,188.77662383284093,190.4420928955078,35696
2015-02-04,192.0592805027871,193.09717487129123,187.0628881565634,190.2972717285156,36330
2015-02-05,189.71793548937407,192.5661152894782,189.4765640701764,191.02134704589844,13792
2015-02-06,185.8560246800265,191.6489397349884,185.8560246800265,190.10415649414065,25512
2015-02-09,183.4422904554623,186.3628789238038,181.51131897698372,183.65953063964844,105298
2015-02-10,182.59748233797148,184.4077680187841,181.99405377770057,183.1526336669922,437964
2015-02-11,183.32160019946195,183.75606582493467,178.44589439058552,179.5079345703125,113492
2015-02-12,181.00448380256375,184.89055884629175,180.59414932866883,183.46646118164065,39248
2015-02-13,183.41819450000963,184.4078116803047,182.6940800562388,183.32164001464844,20750
2015-02-16,188.9455471323461,192.8798983840321,183.9491557257354,190.63514709472656,225688
2015-02-18,192.63857861805369,195.22125648525324,190.68347545874036,193.07305908203125,132840
2015-02-19,195.51084181118023,195.51084181118023,189.4765565700945,193.02471923828125,77922
2015-02-20,192.71095735572624,193.12127700473985,186.82148851736048,190.61102294921875,103536
2015-02-23,189.59728669147103,191.64894415407764,187.81113194881425,189.2352294921875,128924
2015-02-24,190.4661791522768,190.68341932030867,187.30421948425257,189.2110595703125,404912
2015-02-25,190.20071544800803,190.20071544800803,184.8664119355349,187.4732208251953,140902
2015-02-26,187.32836136778045,189.2352015620924,183.4422872285589,185.0594787597656,7076
2015-02-27,185.85602155238024,190.20070777048784,185.22846165817808,188.7283477783203,35262
2015-03-02,188.0766503272553,189.45247063773812,185.85602988095,187.2559814453125,20636
2015-03-03,186.86980932042087,186.86980932042087,184.16644570312008,185.27674865722656,119678
2015-03-04,187.28012774798253,189.71797367976265,186.70083033243816,188.26974487304688,1781322
2015-03-05,189.018011512966,195.4143561193437,184.4319531159405,185.4215850830078,478834
2015-03-09,184.40776860633136,184.40776860633136,177.64936870976425,181.1733856201172,1656888
2015-03-10,180.7630647446937,182.5009272061866,177.43212731849988,177.86660766601562,455296
2015-03-11,177.8907662965939,180.06310943997158,174.46328861283573,177.77008056640625,13452
2015-03-12,177.0218492144543,178.22870661370166,174.752951411011,177.23907470703125,39872
2015-03-13,176.2011703966398,176.3218561297882,172.82196986848507,174.39088439941406,49408
2015-03-16,174.27018642794988,176.87699513445992,170.91511738918018,175.5011749267578,56188
2015-03-17,174.75292210345117,176.4183909279575,171.37372195227945,174.2460479736328,532558
2015-03-18,175.23567751354932,178.22868946862204,173.3529830982624,176.92527770996094,12094
2015-03-19,176.2977175782084,187.98008722409548,174.34259994284918,178.42178344726562,26598
2015-03-20,179.0976303337876,185.71121448964547,175.2356868225469,178.49420166015625,207852
2015-03-23,177.64938951204607,177.67352076450248,171.42200896742767,172.82196044921875,48882
2015-03-24,173.78745848362482,173.78745848362482,166.4014973909289,168.93589782714844,44026
2015-03-25,169.44277843849088,174.72881972707995,164.73603459297723,170.67376708984375,29722
2015-03-26,169.9255213970051,174.36676250819428,168.47729252146243,170.67376708984375,17440
2015-03-27,171.20474401015824,172.43574708246004,168.35656422137205,171.25302124023438,295270
2015-03-30,171.37373412396275,172.58059140652588,169.94963663768044,170.8909912109375,32084
2015-03-31,171.37372421651602,173.30469575698382,167.9945240206974,172.31507873535156,346854
2015-04-01,171.44612279226433,173.7874285961691,169.94961698847987,171.49440002441406,127890
2015-04-06,176.68390967813195,180.93204150431103,176.22529800878704,179.797607421875,30300
2015-04-07,183.611293168853,184.40781612979063,174.80123389040097,176.1529083251953,16906
2015-04-08,176.68388786793346,178.63899057033615,176.29769947036897,176.82870483398438,35304
2015-04-09,176.29775988823712,177.91493724787605,174.75297630429026,175.28399658203125,26516
2015-04-10,176.39426928562656,178.0355923533983,172.82197443644208,173.78746032714844,17524
2015-04-13,174.3184561303592,181.94578770719468,173.73915878410742,174.99429321289062,62118
2015-04-15,175.2356739529471,177.1183683299797,171.42200796210798,176.29771423339844,61466
2015-04-16,176.22528908868367,182.95955841118797,175.7908234267482,181.00445556640625,119272
2015-04-17,179.5079496356115,181.99407261482284,178.27694640595954,181.00445556640625,20400
2015-04-20,181.5595998254977,183.20092266845705,180.2561881587145,181.0285797119141,52932
2015-04-21,181.7768199485878,183.08023157712927,180.54583153552105,181.8492431640625,26022
2015-04-22,180.06311733571013,182.95957498722288,180.06311733571013,181.80099487304688,15830
2015-04-23,182.45269103431204,182.95956520336324,181.0044622860005,181.72857666015625,163718
2015-04-24,181.72857571456197,182.4768213377717,177.6493922018518,179.435546875,30770
2015-04-27,181.8975000913832,187.25594867588248,181.2699402788806,183.41815185546875,344826
2015-04-28,176.20114293817312,185.20429428159915,176.20114293817312,182.0181884765625,70406
2015-04-29,176.68390661422544,187.5214909319176,176.68390661422544,177.9390411376953,5236
2015-04-30,179.24244307387588,181.0285977983442,173.9322708717911,175.839111328125,22436
2015-05-04,176.20116177959167,178.47005934467978,174.05294994174983,175.114990234375,2478
2015-05-05,176.20116976888696,179.5803702850026,174.22192080587592,174.87362670898438,17198
2015-05-06,176.05636078727886,178.4459295644635,172.4599198958918,174.63226318359375,14916
2015-05-07,176.2011242379086,178.13209546243365,172.8219245949898,175.88734436035156,5652
2015-05-08,177.1666584942059,182.2354593503072,172.3392291074428,173.9564208984375,13366
2015-05-11,175.42876919671664,177.35974082184757,171.9047518737104,172.82196044921875,49428
2015-05-12,175.23569232283836,175.23569232283836,172.84610880739586,173.88401794433594,190934
2015-05-13,175.23569677916677,177.16666864450195,172.5806104643309,175.0426025390625,31754
2015-05-14,173.78745266423843,178.1321389808444,169.82895479402836,172.53231811523438,125100
2015-05-15,172.77370907160957,173.9805665179496,171.71168335811828,173.4254150390625,42180
2015-05-18,176.10459391820888,179.09760561925867,174.7529197686567,177.19076538085938,245174
2015-05-19,176.68391575281345,181.5113451449668,174.34260955118998,176.73219299316406,1415352
2015-05-20,176.73217163147967,180.52170619270663,176.7080256481502,177.28732299804688,5056
2015-05-21,176.32181914754287,176.70800751975938,172.8702108498784,173.44949340820312,9288
2015-05-22,173.20816125252065,176.1770421239228,169.10484625604428,171.711669921875,13716
2015-05-25,171.3496104170924,172.7978392199455,170.67375852337813,171.3978729248047,51648
2015-05-26,171.8323132815264,172.7736529445813,171.13233029718614,172.0736846923828,3638
2015-05-27,172.02545132218424,176.17704359380346,170.79444797368356,173.52195739746094,6126
2015-05-28,171.8564696520506,178.32522146218778,171.8564696520506,177.43214416503906,19678
2015-05-29,175.7184251805335,186.5077325302178,167.31870120899194,180.8596343994141,63208
2015-06-01,181.02861505837967,184.89055884629175,180.9320605708233,183.46646118164065,14078
2015-06-02,185.75947996542956,185.75947996542956,180.2079360793321,182.11477661132807,176394
2015-06-03,182.23542687495905,182.23542687495905,179.58034118539007,180.20790100097656,193104
2015-06-04,177.64940454169567,180.42517648765968,172.8702523115955,173.30471801757812,4128
2015-06-05,173.32884133385394,176.20116763055242,172.4840412150773,173.54608154296875,6930
2015-06-08,173.7874418218085,173.7874418218085,165.1704782183817,170.1668701171875,7288
2015-06-09,169.9255318552726,170.43240610005031,167.60837140465034,168.23593139648438,2128
2015-06-10,167.2221444695332,169.03243041875334,162.73264120832513,164.687744140625,44924
2015-06-11,169.90134666115895,169.92547791005066,164.20497236920716,166.2324981689453,218562
2015-06-12,164.8325725220562,177.16664798042413,164.8325725220562,174.3667449951172,35058
2015-06-15,174.92190919515755,180.06311861673993,172.9909374137448,173.78746032714844,411696
2015-06-16,173.64260442608804,176.17700432127697,173.03917587961448,176.00804138183594,395348
2015-06-17,176.41841302910316,178.6148875096748,173.06334370869843,176.73219299316406,12632
2015-06-18,177.98731561271674,181.99407584590952,176.6839038716257,180.6182556152344,56084
2015-06-19,183.9733088239341,186.33874591633983,178.61486007524806,181.8492431640625,76692
2015-06-22,183.8526357891071,188.26973036272688,181.5837382739294,184.52847290039065,111916
2015-06-23,183.466450968998,183.466450968998,181.26997645474808,182.11477661132807,67144
2015-06-24,182.98367338922392,182.98367338922392,180.30445643544985,182.2354278564453,59330
2015-06-25,182.2354663272119,182.47683780579095,181.75272337005373,181.9940948486328,133518
2015-06-26,180.35273601952971,183.4422873869873,180.35273601952971,182.06646728515625,91364
2015-06-29,180.06310696715752,182.47682153776285,179.0976211389154,181.4630584716797,44742
2015-06-30,181.4147554351506,183.39400404801023,180.06308136068876,182.62161254882807,8102
2015-07-01,181.05270545370067,182.47680279695743,172.96676247261857,176.34596252441406,121936
2015-07-02,175.4287874219007,181.92168607880424,175.2115619307926,180.98033142089844,86398
2015-07-03,180.85960625489471,181.53544330014336,179.5803406456486,180.69064331054688,37860
2015-07-06,178.90452103981772,180.40102697083776,177.8907580070529,178.7596893310547,23688
2015-07-07,181.00445817338743,183.39402671452123,177.8907605424062,179.3389892578125,59002
2015-07-08,179.17004948992638,180.5700011496279,177.16666912068575,179.09764099121094,53696
2015-07-09,180.08721929675158,183.442288090206,177.31144783222874,179.07347106933594,466224
2015-07-10,178.1321473427238,179.33900470954444,168.47728840815884,175.0667266845703,533234
2015-07-13,174.5357149021117,176.15290679796192,173.30472622153036,174.07711791992188,54012
2015-07-14,175.47707731371483,176.05637479605494,173.7633455876914,175.59776306152344,55158
2015-07-15,176.20115453150748,179.5803547553994,174.53568567116037,178.3976287841797,32820
2015-07-16,178.13209910677645,180.85959307079065,177.40798488276516,180.25616455078125,33556
2015-07-17,180.2561815543636,183.4422873869873,180.1837730715605,182.06646728515625,942064
2015-07-20,183.41819867000885,186.3146565109429,180.9562065587856,183.46646118164065,10096
2015-07-21,183.41820541238,185.7594971341494,172.6047506230112,175.59776306152344,66922
2015-07-22,175.74253297870712,177.3838704948523,173.8115615311415,174.8011932373047,56342
2015-07-23,172.84610071426513,176.6839129121829,172.8219694605505,175.13912963867188,4104
2015-07-24,172.82196654426903,174.7529382375011,166.06356561795684,174.02882385253906,35728
2015-07-27,173.73918987345164,174.2219328376636,169.4427804383945,172.00131225585938,53996
2015-07-28,178.56661406054835,178.56661406054835,170.74618711850826,173.0874786376953,24548
2015-07-29,173.8357139544957,174.80119971405173,172.1461138752726,173.01504516601562,10396
2015-07-30,170.40826378465096,173.59437024660053,169.10485190817062,171.90476989746094,36394
2015-07-31,173.76331756100535,179.43554679312294,172.21853434535802,173.40126037597656,263946
2015-08-03,169.92550476143307,177.64939134149822,169.92550476143307,174.8977508544922,77404
2015-08-04,173.81157334681174,176.2011565684747,173.78744209493394,174.43914794921875,7166
2015-08-05,175.13909543562866,176.68387840745788,173.81155263338684,176.00804138183594,522524
2015-08-06,176.10461550158,176.63563567260846,174.51156972063967,175.13912963867188,41558
2015-08-07,173.85983493038088,175.95976927973632,169.9254836391418,171.92886352539062,21382
2015-08-10,172.7736630465594,172.7736630465594,169.4910175598347,169.90135192871094,5004
2015-08-11,172.09786413379055,173.76333322794366,170.0220753119917,171.90476989746094,7364
2015-08-12,172.31507626330293,176.9976733424741,165.82217865877024,173.49778747558594,37302
2015-08-13,173.666749861786,174.75292133416687,171.85646407448456,173.98052978515625,107300
2015-08-14,177.2390862852911,177.64942077426977,172.82199086192549,175.59776306152344,196370
2015-08-17,176.6115173721303,176.6115173721303,173.93228506677,175.30810546875,13294
2015-08-18,175.93566957798794,176.20117230092572,171.90476310083906,172.94265747070312,4892
2015-08-19,175.11499327333718,175.11499327333718,172.33922149850136,172.70127868652344,7652
2015-08-20,172.79780745465698,172.82193870407707,167.5117674031138,168.3565673828125,10034
2015-08-21,167.5117890613205,170.64961796304556,164.13258870561666,168.81520080566406,5924
2015-08-24,166.5463080515886,166.5463080515886,159.5948129228208,160.6809844970703,1516
2015-08-25,159.78788812810726,168.4772596879439,153.05361927637662,159.30514526367188,8792
2015-08-26,156.9155779467917,167.99453369081075,147.0434942171788,153.0536346435547,64934
2015-08-27,162.177490686784,168.96002285421676,154.4777351809982,166.98077392578125,44884
2015-08-28,166.98076112440015,170.28755283603613,162.34642647782698,163.55328369140625,70124
2015-08-31,166.54627539250157,169.92547518307407,161.79125559791046,164.1566925048828,99880
2015-09-01,166.0394262976253,168.9600149488841,157.3983166045242,160.43960571289062,20978
2015-09-02,165.22630478985954,167.6561033897104,155.9687780565532,158.8602294921875,39656
2015-09-03,162.23767936190984,162.23767936190984,156.04169202014845,157.20799255371094,66406
2015-09-04,157.20796741330872,159.3704940718305,144.33003499768992,148.2663116455078,51186
2015-09-07,154.97255403043383,154.97255403043383,144.08705910774927,145.7636260986328,572550
2015-09-08,148.70369060808744,155.50712743329404,144.33005264902604,152.42127990722656,12982
2015-09-09,152.10540191319825,169.59995293196866,152.10540191319825,164.47308349609375,132092
2015-09-10,161.33865415831843,164.25441296840853,159.29761705912887,161.43585205078125,7748
2015-09-11,165.7122736190231,165.7122736190231,158.17989754543115,160.77978515625,9886
2015-09-14,165.17773362554047,165.17773362554047,160.34244249699748,161.43585205078125,7596
2015-09-15,160.39099127135495,161.82457830255683,159.0060180059888,160.36669921875,9898
2015-09-16,160.36670149208314,163.71982046630953,159.56487095068536,160.828369140625,127986
2015-09-18,162.79650939735615,163.76842885644484,160.1723298238795,162.89370727539062,288214
2015-09-21,164.18151505646958,164.20580711340511,158.42288868276603,163.4039764404297,38932
2015-09-22,162.79649692320783,165.22629538474823,161.84886959108192,163.5011444091797,35614
2015-09-23,162.79651568715013,164.76464673571968,160.39100900084102,160.90127563476562,5958
2015-09-24,162.77223199131384,163.50117165122958,160.3667251814657,162.79652404785156,5614
2015-09-28,160.85264818469372,162.79648683345135,157.93689021155728,161.31431579589844,25070
2015-09-29,158.42291030688085,160.36674969714934,153.80629175499325,157.8640594482422,19796
2015-09-30,160.4152843285155,170.06158640104465,156.57620603809983,157.37803649902344,301490
2015-10-01,158.90882469590778,159.97794198684352,154.0978265473237,154.65667724609375,51244
2015-10-05,154.65668750641194,158.86023629818243,154.65668750641194,156.98928833007812,52790
2015-10-06,157.45098210990065,162.14049141964145,156.9650222885738,159.46771240234375,115840
2015-10-07,163.4525565323243,163.76842738763233,161.33862876170306,162.6264190673828,259616
2015-10-08,162.7965223766193,162.7965223766193,158.42288446202355,158.9817352294922,205700
2015-10-09,158.44716755244806,159.88075471990425,155.6286069879919,156.98928833007812,263924
2015-10-12,158.66587192824304,158.66587192824304,156.13887508026104,157.20799255371094,5526
2015-10-13,155.70149965821315,160.26951830472265,155.70149965821315,157.3294677734375,4532
2015-10-14,155.99306668240715,158.90882493815312,155.99306668240715,158.0341033935547,3696
2015-10-15,158.52004773815742,159.41906124895738,157.69391038031142,158.05838012695312,5914
2015-10-16,159.78353501780572,159.8078418997142,157.9368941871273,158.884521484375,3994
2015-10-19,159.39479064941406,160.12373024079858,157.18367982100662,159.39479064941406,4866
2015-10-20,158.00981605500544,160.1237440179673,158.00981605500544,159.00604248046875,5482
2015-10-21,158.90881064341465,167.6317925726321,158.22847007767038,161.5572967529297,725964
2015-10-23,160.85267771164078,163.0637886483607,160.3667179602461,161.16854858398438,163210
2015-10-26,161.16854211615595,163.25817786148306,160.3667115245958,163.0880889892578,69816
2015-10-27,162.77222714270027,162.7965191985144,161.3143478662957,161.70310974121094,1748
2015-10-28,161.58161157024793,161.7031015037594,157.98551250437143,159.90504455566406,2434
2015-10-29,159.41911247318643,159.88078023273286,158.42290077772313,159.200439453125,3548
2015-10-30,158.0341073208466,163.7441340469151,158.0341073208466,162.2862548828125,5416
2015-11-02,161.8245887282209,163.2824679059526,160.3667095504892,162.69931030273438,31542
2015-11-03,160.41530035233623,165.20200637582022,160.41530035233623,164.18148803710938,8078
2015-11-04,164.18149042689748,166.1739281971319,161.630201958141,164.76463317871094,167384
2015-11-05,165.59076901003775,166.6355794067677,161.33862160332365,164.37586975097656,66960
2015-11-06,166.6841810728275,166.6841810728275,163.76842280333196,165.0076141357422,6572
2015-11-09,163.76841619922882,165.22629527518637,157.9368998953987,160.1966094970703,10614
2015-11-10,163.20957648828482,165.22630637950124,159.90504146250646,162.52923583984375,958230
2015-11-13,164.74034831553354,165.3720900318156,160.36671074963442,162.89370727539062,24444
2015-11-16,163.40394018680163,166.68416798237314,161.43580944158367,165.46926879882812,11002
2015-11-17,164.98335130559678,167.6561301927272,163.4768729667873,164.6917724609375,136370
2015-11-18,163.79272191821028,174.459543979441,163.79272191821028,173.3904266357422,43104
2015-11-19,168.28785736249932,176.8893509651851,168.28785736249932,175.18849182128906,18606
2015-11-20,175.4314813423676,177.13234057975896,173.0745734330621,173.9250030517578,112880
2015-11-23,173.92497718755166,181.2629717722776,173.4876164147536,174.96978759765625,72374
2015-11-24,174.89691503835255,177.22953078961518,169.16259579000592,172.22413635253906,49650
2015-11-26,174.28944750388072,174.3866453782729,167.70469934743022,168.33644104003906,161488
2015-11-27,172.0054339109037,172.0054339109037,167.65608886192584,169.1139678955078,924
2015-11-30,170.23170000613223,171.05783754001402,165.7122801168886,169.08970642089844,16672
2015-12-01,170.71762864811117,171.54376603137877,167.8990684528084,169.04107666015625,6064
2015-12-02,168.04486224717596,171.27650619179792,168.02057019373464,168.33644104003906,2236
2015-12-03,166.70847785648826,168.89529662065897,163.76842745011763,166.02813720703125,4248
2015-12-04,165.2263033446423,167.17014220752043,163.28246448176415,165.2991943359375,6432
2015-12-07,166.22252509016153,170.01302000493797,162.79651481498686,164.10861206054688,2428
2015-12-08,163.28247913468917,163.28247913468917,158.03411966605728,158.3013916015625,15168
2015-12-09,160.391016632413,163.16099326176038,154.53520731865913,155.77439880371094,16850
2015-12-10,154.75390290675142,165.08054856764255,153.101627736756,161.0470733642578,18030
2015-12-11,159.8807395241477,162.79649769176137,158.6415482350371,160.36669921875,23898
2015-12-14,159.4190623601448,162.79648796802417,158.17987114505033,161.5572967529297,2084
2015-12-15,160.43959017601466,165.90663673923854,155.57999323092673,157.03787231445312,101872
2015-12-16,157.5724578791428,157.9612197690777,155.5800198250165,156.16317749023438,5170
2015-12-17,156.50333302137523,159.88075924763817,156.04168015273962,157.91262817382812,5748
2015-12-18,162.79649800396922,162.79649800396922,157.54813922432467,160.41529846191406,4906
2015-12-21,162.7965182003165,165.17771803778058,157.93692064209813,158.08270263671875,28858
2015-12-22,159.63775802061252,164.23008301908402,158.42285879671135,163.3553466796875,8910
2015-12-23,163.3553565577107,167.3888311231526,162.04327421474414,165.54217529296875,11192
2015-12-24,167.1458774976931,168.91962778417917,164.40019279045308,164.5216827392578,81202
2015-12-28,167.38884309854615,167.38884309854615,163.2581851919862,164.716064453125,2486
2015-12-29,167.6803995574555,168.62802696677193,162.77221812959036,163.0880889892578,8284
2015-12-30,162.2862817037242,167.68042363813788,161.38725310454984,161.43585205078125,554
2015-12-31,164.03570187384693,164.78894835787233,157.9369131593574,163.13668823242188,5814
2016-01-01,162.28625457775658,168.14206327710244,161.33862719074568,162.23765563964844,2632
2016-01-04,165.25060119543227,166.17393655194164,157.98551208874795,159.73497009277344,4938
2016-01-05,163.98710788930924,170.0858962365221,158.52006122456388,167.70469665527344,5892
2016-01-06,168.36075353949454,168.36075353949454,161.82458927191186,162.82080078125,24320
2016-01-07,162.8208024680756,165.1777101371409,158.5200706990131,159.75926208496094,1100
2016-01-08,163.76843481185114,165.49358598234272,158.90883733968937,160.87696838378906,2508
2016-01-11,164.74033672402135,164.74033672402135,158.95741931540593,160.43959045410156,9942
2016-01-12,164.69170435209614,164.69170435209614,158.05835882334296,160.0264892578125,28056
2016-01-13,158.47146567797543,164.6431451466726,153.1745077622232,154.99685668945312,21772
2016-01-14,154.99686316653552,155.02115522112163,150.89049748011996,153.0773162841797,6194
2016-01-15,154.51089732834788,160.0994340512809,150.16155194663543,151.7409210205078,19942
2016-01-18,152.5913359472983,153.07729561592024,144.59729346634202,145.30194091796875,2130
2016-01-19,148.21771642026994,148.21771642026994,140.22367299596914,142.3133087158203,6156
2016-01-20,142.31331053153485,143.30952205035413,141.90024179312903,142.77496337890625,1918
2016-01-21,144.33005401611328,148.16913329492323,136.55469757080078,145.78793334960938,246404
2016-01-22,147.73178024730697,150.1615792645324,145.7879410335266,147.5373992919922,123464
2016-01-25,146.273889669615,150.0157858025917,145.83652884596822,148.46070861816406,9456
2016-01-27,146.29818548447207,148.21773254297452,144.81601409116854,145.83653259277344,9404
2016-01-28,145.8365165441952,145.8365165441952,138.98448145066936,145.6421356201172,62576
2016-01-29,145.78793334960938,146.2738931274414,141.4385874058865,145.78793334960938,1081756
2016-02-01,144.37863946908425,150.59891811197937,143.40672000423723,146.1523895263672,1198542
2016-02-02,148.65505355169046,149.55408186772937,142.38617705034835,144.03843688964844,29000
2016-02-03,144.3300509946166,144.3300509946166,137.9396830159685,138.2069549560547,8108
2016-02-04,139.47044173252388,141.900240368979,132.2782437007423,135.65565490722656,63042
2016-02-05,135.6556414983906,135.6556414983906,131.45209323888432,132.73988342285156,26834
2016-02-08,138.012552710755,138.012552710755,127.02986069094923,130.164306640625,26432
2016-02-09,129.79984231896563,139.2760567232397,124.45428547552896,126.37381744384766,12834
2016-02-10,127.8073916871354,129.58114149543815,123.99260535702732,126.90836334228516,5146
2016-02-11,122.4861511983562,129.55686673954264,122.4861511983562,125.54769897460938,39926
2016-02-12,125.8635890641886,129.50828758921335,125.8635890641886,126.47103881835938,868626
2016-02-15,127.32143886992031,132.2053278257444,126.5439003993086,130.06710815429688,44254
2016-02-16,131.2091515507072,137.0406693974053,131.184859491806,134.63516235351562,66800
2016-02-17,135.0968039986137,145.7879179841155,133.63892481877255,138.98448181152344,851356
2016-02-18,139.78631458677617,145.7636282160612,138.49852425711495,142.87216186523438,15894
2016-02-19,143.3581085205078,145.78790697000795,139.27605009141016,143.3581085205078,589986
2016-02-22,139.47044208643217,140.44236154348047,138.54712156829908,139.10597229003906,1932
2016-02-23,140.41804846180318,140.41804846180318,132.27822422794918,134.58653259277344,5666
2016-02-24,132.71557824696032,132.90995913337838,127.95316496300732,129.9456024169922,29264
2016-02-25,131.69507831977927,131.69507831977927,122.92350427707264,125.47480010986328,112640
2016-02-26,127.32143838827189,127.32143838827189,121.00396243770878,121.61141204833984,14970
2016-02-29,121.92728839863334,125.37760530925298,116.16867027829076,117.796630859375,42670
2016-03-01,116.63033935546876,126.3495343017578,116.63033935546876,121.48993682861328,39836
2016-03-02,122.0973629421658,131.2091064453125,122.0973629421658,127.92887878417967,32462
2016-03-03,124.40569670535336,132.32683474313865,124.40569670535336,130.33441162109375,7758
2016-03-04,128.7793430609423,133.12868907003246,128.29338327580666,132.3754425048828,13008
2016-03-08,131.2091147035037,139.7620081094983,131.2091147035037,139.64051818847656,24610
2016-03-09,141.0984082432714,152.20259085660197,140.53955752905588,148.80087280273438,61730
2016-03-10,149.18960664775028,157.8882810725504,149.18960664775028,155.84725952148438,28290
2016-03-11,152.37264208142977,162.69928462739702,152.37264208142977,157.1350555419922,32390
2016-03-14,160.36669017220694,162.31052884096096,155.99305316751037,158.4471435546875,43944
2016-03-15,155.99305841244842,162.01895552213156,155.99305841244842,159.5891571044922,16356
2016-03-16,157.45093636102956,160.80405518784085,157.45093636102956,159.34617614746094,59260
2016-03-17,159.76149202152882,165.9418648012401,159.3217844750071,160.98291015625,494460
2016-03-18,163.62115661787075,165.62428517273395,160.25004583084583,164.2074432373047,261180
2016-03-21,162.20432408232566,163.1814585647493,157.3675113763064,158.85763549804688,55360
2016-03-22,164.13417619352867,169.50841602840083,159.66377385751892,162.5707550048828,140826
2016-03-23,156.48805593217972,161.7157305264454,153.092523104218,154.0207977294922,43262
2016-03-28,158.78435215996035,160.49433749091375,147.08316085990927,149.0374298095703,6778
2016-03-29,149.08628960126987,149.3305732201184,145.3731756127947,147.40074157714844,7470
2016-03-30,147.40073985028232,150.52756715293333,146.57016959197233,148.1335906982422,11436
2016-03-31,148.76872420664964,149.01300782603658,145.59303715461937,146.71673583984375,8916
2016-04-01,146.57018967171328,149.94130105218454,145.66633718675956,147.25418090820312,6418
2016-04-04,155.70635521177647,155.70635521177647,146.8632868975571,148.939697265625,70748
2016-04-05,148.20688130826872,149.45272185735735,144.61590896516262,145.78846740722656,1802
2016-04-06,147.13200775629136,148.91527503562773,146.54573606836726,147.62057495117188,12250
2016-04-07,146.57014841388357,149.01298422078165,144.68916186059477,146.74114990234375,1830
2016-04-08,147.57170586529713,150.47868645392995,146.64343123603268,147.69384765625,141598
2016-04-11,146.6434379062017,155.3155054583096,146.6434379062017,152.0421142578125,4056
2016-04-12,154.8757923866946,156.34149389193144,152.43295654463316,153.92308044433594,52448
2016-04-13,155.14449220221653,156.78119513335665,153.70322805858686,155.85292053222656,15834
2016-04-18,153.45896016471607,159.22404714809088,149.57484496929723,154.16737365722656,45020
2016-04-20,158.78434203700078,158.78434203700078,151.94440114925305,152.7505340576172,19816
2016-04-21,160.68975393800827,160.68975393800827,147.54729884413422,149.01300048828125,52530
2016-04-22,149.06187564135277,150.9672849942538,144.15176567861556,146.05718994140625,8784
2016-04-25,147.25412564754558,151.4069461297982,146.1304272457136,149.33053588867188,9470
2016-04-26,149.3550003756909,151.94440059551795,146.0815941416716,148.1580047607422,172878
2016-04-27,150.4786882004418,153.89865838681547,148.20685384432807,152.92152404785156,131124
2016-04-28,152.8482387207074,159.76146104064168,152.67723723302913,154.38722229003906,172210
2016-04-29,155.26665600136337,159.2729131551098,154.38724097243772,156.87893676757812,23010
2016-05-02,158.24689024839088,158.24689024839088,153.8986457782214,154.4604949951172,2176
2016-05-03,154.3872478171603,156.92780342874002,149.37943360790115,153.94754028320312,4818
2016-05-04,153.89866766177218,155.85293645747723,149.52598526742707,154.16737365722656,103940
2016-05-05,152.43295886916144,157.02548734029338,151.9688140881371,156.1460723876953,1312
2016-05-06,154.38723610954986,154.38723610954986,152.43296729803657,152.7993927001953,1558
2016-05-09,154.82692975129288,157.26976554702136,151.94438649431058,154.38722229003906,201958
2016-05-10,154.4116632639135,160.2011877784026,152.28640779381357,159.51719665527344,17560
2016-05-11,159.2729461809162,159.2729461809162,153.8987056656092,154.8269805908203,7162
2016-05-12,155.999533380555,158.78437296262504,154.38726724981387,158.027099609375,3410
2016-05-13,162.69286592039288,162.69286592039288,154.3872241166491,157.29420471191406,20444
2016-05-16,156.83007480446383,158.29577643815043,154.33837904521906,155.6575164794922,12128
2016-05-17,155.73079017097248,156.83006633688524,151.11382431018404,153.04367065429688,171876
2016-05-18,156.34149492469365,159.4438994465829,148.3778559909218,149.91683959960938,85346
2016-05-19,149.59930509375792,151.45585476890466,147.6450359999656,149.23287963867188,76958
2016-05-20,149.01298743963358,149.2816934202421,145.15330976333848,146.59457397460938,9454
2016-05-23,147.13202452707569,148.50002177460428,146.08160792032876,146.57017517089844,155300
2016-05-24,147.18087748390593,150.42984656920785,146.42360424420974,146.86331176757812,14306
2016-05-25,147.30302604675293,150.4054310698481,146.08160792032876,146.57017517089844,1188234
2016-05-26,146.54575277232564,147.05874242146808,145.10447341918945,146.57017517089844,241434
2016-05-27,147.05872441102753,147.10758411207843,145.5930228388246,146.3502960205078,6298
2016-05-30,146.57013345002335,147.54726767302353,146.57013345002335,147.05870056152344,65178
2016-05-31,147.03430740803736,148.4267120247877,145.61745057503367,146.79002380371094,630056
2016-06-01,146.81447294728537,147.98703147969488,142.90593456599325,144.9823455810547,10566
2016-06-02,144.61590396527706,146.52131323149038,140.26765848343402,144.0296173095703,11120
2016-06-03,142.66160452194154,145.83729092397107,138.99735098113825,142.3928985595703,18652
2016-06-06,146.2526000645317,149.01300187131778,142.6616280210649,146.64344787597656,35728
2016-06-07,148.96412096615808,150.6252462932122,143.63874201624066,149.20840454101562,126900
2016-06-08,149.20841833453358,149.35499743893024,146.57015846415626,147.62057495117188,18634
2016-06-09,148.0847172915555,154.33837131823935,148.03585759090123,152.35968017578125,20058
2016-06-10,155.85295415693238,155.85295415693238,149.01301259518613,151.1138458251953,23726
2016-06-13,149.08630119304084,153.7521276217585,146.81446634308753,150.50314331054688,140272
2016-06-14,149.7702813755573,155.07123890861553,149.55043506361173,152.62840270996094,54844
2016-06-15,156.3414930171412,158.63776465978512,152.4329556917127,157.6117706298828,44362
2016-06-16,154.09410916680056,158.34465024709863,153.92310764565948,157.0255126953125,12714
2016-06-17,158.22248928114809,158.2469116769737,155.99949959517778,156.8544921875,595132
2016-06-20,157.31864072837155,165.624283251298,157.31864072837155,164.6227264404297,90464
2016-06-21,165.13570694426934,170.33894443257734,165.13570694426934,168.6533966064453,101866
2016-06-22,171.2427909245106,173.4413431617725,168.06710435957672,171.21836853027344,41258
2016-06-23,169.53278735933984,170.48549918885783,168.55565313824854,169.36178588867188,9666
2016-06-24,166.1128611463393,167.5785628623364,161.2760484655266,163.4990234375,7392
2016-06-27,163.69444754565708,165.13572686539044,161.3493307612284,163.81658935546875,46074
2016-06-28,163.67000845643423,171.7313670819004,162.20430688816765,169.50839233398438,543836
2016-06-29,171.5848018411628,171.5848018411628,168.55567932128906,168.55567932128906,138404
2016-06-30,175.24905986611253,175.24905986611253,168.62896538805217,169.04425048828125,36212
2016-07-01,171.97567460070474,172.31767764483237,166.62585716834636,168.16485595703125,48764
2016-07-04,168.9953925531933,169.3862552615664,163.5234488249603,164.67156982421875,5908
2016-07-05,165.59985770596128,168.55568328954757,164.7204278037354,166.40599060058594,157350
2016-07-07,166.11285259923673,166.35713620600032,164.15858374512806,164.52500915527344,3972
2016-07-08,164.67158717049242,166.60143378978435,161.74018364339943,162.61961364746094,4016
2016-07-11,165.1357031818005,169.04424053521586,161.39816731957433,162.52186584472656,9842
2016-07-12,162.2287447752132,165.86857664793789,161.2760476107975,163.86544799804688,48434
2016-07-13,163.64557336604125,163.64557336604125,159.2728913959704,160.1278839111328,21092
2016-07-14,163.547842523263,163.547842523263,158.78431312938153,160.61643981933594,12328
2016-07-15,158.78434498133416,163.45015592375347,157.95377475132267,159.8836212158203,85990
2016-07-18,164.25629325940736,164.25629325940736,159.27290201760115,160.3233184814453,3554
2016-07-19,158.8087515811139,163.69442324839798,158.8087515811139,162.88829040527344,13100
2016-07-20,163.7432840827033,170.5099423707998,163.7432840827033,168.79995727539062,87884
2016-07-21,169.0931313219293,172.0245348759302,168.55570435505123,170.4366912841797,40640
2016-07-22,171.48708521792764,175.88418996710527,171.0229404193372,174.05206298828125,67316
2016-07-25,178.32702450751188,178.32702450751188,174.80933477244983,177.74073791503906,14520
2016-07-26,177.83847178247828,177.83847178247828,175.8842028617917,176.47048950195312,19630
2016-07-27,175.90860758124802,178.08273750097612,175.90860758124802,177.5697479248047,27080
2016-07-28,176.88576231189327,179.71946123434896,176.86133991398225,178.32704162597656,140306
2016-07-29,179.71942502049905,180.6965592982673,175.2978834676663,176.5681610107422,53986
2016-08-01,176.5682050172269,179.7927519195002,175.68878991201126,177.30105590820312,27696
2016-08-02,177.61862666014468,198.55373735204623,175.88421879982462,191.51837158203125,1398978
2016-08-03,188.58692455542052,192.17789617854385,183.21268577275316,186.1440887451172,25848
2016-08-04,184.2142718318623,193.10620156158868,181.2828683925972,186.5105438232422,202690
2016-08-05,185.16695967181036,187.60979555138567,179.05986997287198,182.9439849853516,107388
2016-08-08,183.2127082657424,185.11811744972843,181.3317214789031,181.5271453857422,3982
2016-08-09,181.74699036389976,188.02508158828607,174.2719184983716,185.2158203125,226322
2016-08-10,187.0235390518195,195.1826181656275,186.65711361095788,190.54122924804688,297384
2016-08-11,189.0754921018044,195.1337219416937,189.0754921018044,191.4206085205078,6948
2016-08-12,193.47262219699155,194.9383238803021,191.54277568334396,193.6191864013672,39214
2016-08-16,192.4954779957104,193.6924736071008,187.365522363845,190.4190673828125,23762
2016-08-17,190.05263263634583,190.05263263634583,184.43411007768785,185.53338623046875,9298
2016-08-18,188.0983721856532,188.0983721856532,183.3592643770206,186.82809448242188,156492
2016-08-19,185.6555413367764,187.04796087877983,180.96529309997496,181.9912872314453,1733062
2016-08-22,183.2371193406156,197.2345813151219,183.21269694497792,190.9320526123047,94098
2016-08-23,190.907609023057,204.7096306606805,190.907609023057,197.50326538085935,108536
2016-08-24,197.52773026166707,204.70967469338584,197.52773026166707,199.2865753173828,64590
2016-08-25,201.4850845704444,204.61191126920315,193.98557602607715,197.50326538085935,14568
2016-08-26,199.43313220863809,203.17066821679248,192.73975576562347,195.62229919433597,77410
2016-08-29,197.52772878519292,197.82087211060255,192.0802070517292,194.4253387451172,12412
2016-08-30,194.7917578113488,198.9934240020425,187.2433882505983,188.4403839111328,12348
2016-08-31,191.25290383232965,195.16600672403973,191.25290383232965,193.69859313964844,17364
2016-09-01,193.1850141398562,198.24757932055655,193.1850141398562,196.36441040039065,15006
2016-09-02,198.100846299487,207.83468736676645,198.100846299487,202.0628662109375,188100
2016-09-06,206.07377254868692,211.4542889591206,198.12528239691,208.3727264404297,35148
2016-09-07,210.3292849109309,213.6065146234876,206.9053198077297,210.9896240234375,341660
2016-09-08,215.19623108107916,219.59847230392583,210.32930286934345,211.69888305664065,14540
2016-09-09,202.01396109356256,212.2614064952596,202.01396109356256,208.32383728027344,14770
2016-09-12,207.88358810737904,209.62002151947252,200.57097121362196,203.50579833984372,297562
2016-09-14,203.725938708178,212.77499000734076,202.0384069544394,204.01942443847656,1398174
2016-09-15,205.58464693019383,205.58464693019383,200.59544946356536,204.1172332763672,5006
2016-09-16,210.01135695110617,210.01135695110617,201.842748182406,204.8264923095703,12206
2016-09-19,206.0004242102501,208.86188391919404,202.40525764913104,207.39447021484372,17194
2016-09-20,210.3293036848572,210.3293036848572,200.7911143317067,206.04934692382807,127466
2016-09-21,205.9270478021868,209.84015084830912,203.28570623151492,204.4840850830078,25282
2016-09-22,206.41617993262005,206.41617993262005,199.27476408693133,202.282958984375,253058
2016-09-23,202.5031055253802,204.09280381754803,200.54655378117363,202.1118011474609,67588
2016-09-26,203.97049923328265,203.97049923328265,196.0464594791977,197.5627899169922,100704
2016-09-27,198.1497637409737,198.1497637409737,192.32902579088625,194.97036743164065,12240
2016-09-28,195.16604880887903,196.1198738153336,193.3073305054312,193.894287109375,4246
2016-09-29,193.72306939046533,195.63071924143537,178.58425955519334,181.8859405517578,15194
2016-09-30,182.3506092508034,194.6768907141809,182.3506092508034,188.80723571777344,17956
2016-10-03,191.4241014700916,194.31001181300547,189.78548667953712,192.4512939453125,159296
2016-10-04,194.89698427645348,194.89698427645348,190.73931250936343,192.20672607421875,32366
2016-10-05,190.8127111272848,190.8127111272848,185.7990473014614,188.66050720214844,3500
2016-10-06,189.8833284450202,192.64695444456385,186.41044655804976,188.39144897460935,33546
2016-10-07,188.9295237025161,188.9295237025161,180.9810324140607,183.20660400390625,6670
2016-10-10,183.4267046247764,184.8941182617746,182.0082077611388,183.6957244873047,3342
2016-10-13,180.9810088019768,184.8941116949925,176.0896301857071,182.3995056152344,324172
2016-10-14,181.8859329277748,183.4511652671174,179.0733899745186,181.4946136474609,38742
2016-10-17,181.39677790958828,185.8723863318553,179.51359416787076,184.0870361328125,10642
2016-10-18,183.42669524525363,183.42669524525363,179.02445455936757,180.24729919433597,5112
2016-10-19,181.51907218984917,181.95929330108456,179.78262374094317,181.10330200195312,91272
2016-10-20,181.49458842335736,181.9592753393653,180.98099966549776,181.71470642089844,16878
2016-10-21,181.95929168947944,181.95929168947944,176.7010594699582,181.47015380859372,19536
2016-10-24,181.95930644333964,182.44844436388624,178.65762547965,181.5924530029297,36172
2016-10-25,184.79627390594615,184.79627390594615,179.0733700127794,179.83152770996094,34886
2016-10-26,183.4267216845604,185.38327338252907,180.2962419532716,180.5652618408203,75976
2016-10-27,184.8941100869071,184.8941100869071,181.4701450852977,182.766357421875,22826
2016-10-28,182.497357567436,185.3832682566834,182.497357567436,184.429443359375,7508
2016-11-01,185.87241164459,187.828963346112,184.16042890575824,186.6305694580078,4084
2016-11-02,186.63055002667687,188.929504007528,184.2582432774217,186.9485015869141,5028
2016-11-03,185.921303293575,187.5599181075864,183.47561399723045,185.4076995849609,43656
2016-11-04,186.8262365839301,186.8262365839301,181.02994918227813,181.8859405517578,3006
2016-11-07,183.91585218108924,183.91585218108924,178.58425200491743,180.1739501953125,4602
2016-11-08,181.59242021893087,182.69298034146985,176.11407052692718,177.09234619140625,132012
2016-11-09,158.96980301364363,186.50825830323987,150.6544594713915,181.56797790527344,14498
2016-11-10,181.10330814347307,188.95396549652912,173.74178869222249,180.41851806640625,46964
2016-11-11,180.4185039788177,180.4185039788177,164.9372935809524,168.87484741210938,11274
2016-11-15,171.17382009471044,176.0407334144577,138.47494734449666,148.25770568847656,79790
2016-11-16,155.64367713594112,156.52411933628642,142.14346885772576,148.55117797851562,479368
2016-11-17,154.0784140228453,171.14932103547162,147.96419124416096,162.19810485839844,308292
2016-11-18,161.90460486106988,169.8775446884441,159.97250466295569,163.39646911621094,67876
2016-11-21,162.39376751544393,166.25795357628462,158.2360957567654,161.855712890625,13844
2016-11-22,165.1329458856626,167.65200290001255,161.46441190535597,163.88563537597656,9854
2016-11-23,166.84495615878183,166.84495615878183,161.43997290581342,163.2987060546875,10560
2016-11-24,166.7471169675952,168.50801649700162,163.3720682438274,167.9455108642578,10994
2016-11-25,180.00275491442795,180.00275491442795,167.79875781547625,171.98089599609375,27902
2016-11-28,174.57332705783344,206.36729302256907,169.24172651997728,195.1415863037109,197198
2016-11-29,201.5248287121271,212.7260844099372,192.2312079705484,196.8291015625,298548
2016-11-30,202.25851184338123,203.4813565340909,190.0789817093735,192.3534698486328,71748
2016-12-01,191.7420778580864,195.1171267532905,188.3181121820491,190.37249755859372,13382
2016-12-02,191.2529174498516,192.72033113872516,188.36700684719443,189.8588714599609,27188
2016-12-05,190.27462509593516,194.67686577938863,184.89410870504756,187.3397979736328,41342
2016-12-06,188.31807377849125,190.7148462774842,176.57876528320864,178.80433654785156,20368
2016-12-07,176.57879748867583,178.53534926140352,169.7797830639081,172.2499237060547,11332
2016-12-08,173.71732248541355,176.040727514237,166.84494095002577,171.46728515625,44932
2016-12-09,174.62222954944946,195.655159159047,171.19826426416614,191.8398895263672,72504
2016-12-12,188.36699045189917,188.807211534784,184.96747639764453,187.3397979736328,10862
2016-12-13,189.7855112847888,189.7855112847888,181.4701667181872,183.4022674560547,39004
2016-12-14,182.08155839450012,201.7449052585275,182.08155839450012,187.07077026367188,90728
2016-12-15,182.08153480659095,191.7420057600636,179.56247827760117,180.3695526123047,75910
2016-12-16,181.959293677178,183.9158452220939,173.88851855439995,176.1140899658203,46252
2016-12-19,177.09235668238088,184.89411153969945,176.74996913591133,178.1929168701172,125768
2016-12-20,184.8941409255523,184.8941409255523,178.29077874963974,178.6820831298828,37770
2016-12-21,179.02446726843831,185.87239771040043,178.68206477541872,181.51907348632807,34114
2016-12-22,181.47016515542552,191.2529233848285,180.98102724395537,185.08978271484372,487142
2016-12-23,182.9375750109652,186.60610926920643,181.1277588059778,182.5218048095703,28248
2016-12-26,185.75011835048943,186.36154072820665,177.14128828677025,178.97555541992188,28206
2016-12-27,178.53533718755335,180.98102673806775,178.53533718755335,179.02447509765625,3286
2016-12-28,177.55702191799878,179.46465635810384,176.5787463151448,178.3396453857422,85802
2016-12-29,178.5353153918913,183.18212497058437,177.26355399542004,179.83152770996094,56146
2016-12-30,180.2228613900796,185.847947120356,178.63316324891457,183.5000762939453,45080
2017-01-02,183.32888343514307,186.33709353559732,180.98102742861255,185.7501220703125,27416
2017-01-03,186.4838173780492,186.4838173780492,182.52179755124504,184.8941192626953,60178
2017-01-04,184.8696850638476,185.87241184101532,182.9375842856309,183.866943359375,124258
2017-01-05,184.9185652744656,185.77455654461352,181.95928714001823,183.2310485839844,56032
2017-01-06,181.9837409244924,183.91584150698984,177.2146466300957,179.07337951660156,37278
2017-01-09,183.3043792310812,183.3043792310812,178.5352859755694,180.3695526123047,35174
2017-01-10,178.5353282964112,182.71745124859743,178.51087737304547,179.00001525878906,72298
2017-01-11,178.1684739758815,178.1684739758815,174.2309199865947,176.35865783691406,23314
2017-01-12,179.00003238579194,179.8071069890303,175.1602966298521,177.19021606445312,47242
2017-01-13,176.92118579320766,177.41032369705692,174.5243981225028,176.0896453857422,35044
2017-01-16,180.98102442423504,180.98102442423504,173.76624034245808,176.0896453857422,20344
2017-01-17,178.53531627812004,180.9810055422039,173.69285452069457,174.7200469970703,7528
2017-01-18,175.13580961643186,175.33147670765288,173.13035627714572,173.66839599609375,20556
2017-01-19,173.6683789596629,175.35591042843043,173.39935912657904,174.81785583496094,19534
2017-01-20,175.57602120048145,176.28526206185492,172.66564528774208,173.6439208984375,226202
2017-01-23,177.82607495595593,177.82607495595593,171.6629494485385,176.28529357910156,66532
2017-01-24,176.57877706220634,179.5136043817998,176.57877706220634,178.21739196777344,46140
2017-01-25,178.2173858709692,180.98101185024885,176.578771021459,178.9021759033203,1048868
2017-01-27,177.58150246511104,182.81528378451213,175.33148014499065,177.80162048339844,57242
2017-01-30,177.80161763880554,177.80161763880554,172.4700177844781,172.8857879638672,50640
2017-01-31,171.22271113897378,172.8368751202457,168.7525707839276,169.1438751220703,28808
2017-02-01,171.19824399929948,171.19824399929948,167.2851412793155,170.04876708984375,5596
2017-02-02,170.66018304796566,173.15478892471424,167.33405183050198,169.4128875732422,16104
2017-02-03,168.97270545854244,173.13037790215157,167.30962453925468,170.22000122070312,10828
2017-02-06,171.19827290111073,172.66568666883452,168.80150006595613,169.75531005859375,5418
2017-02-07,171.10044549213384,173.13037988558384,170.19555224470807,171.173828125,19050
2017-02-08,174.96464179099695,174.96464179099695,169.3395556519674,170.95370483398438,13664
2017-02-09,171.17378131642928,173.59500450166956,168.8748276554848,172.07867431640625,456828
2017-02-10,170.53791409316446,173.59502575741632,169.7308395992626,172.17652893066406,38778
2017-02-13,172.69011771933717,173.15480466322467,171.1982531981035,172.17652893066406,14914
2017-02-14,172.7635067900867,172.95915895844155,168.89930556038593,170.70912170410156,7538
2017-02-15,170.24443991596925,170.24443991596925,166.9183081709568,168.82594299316406,13804
2017-02-16,171.10042014806376,179.6114309877631,168.85039789851876,173.49720764160156,176546
2017-02-17,173.1548179626465,179.17120820907098,171.68740425109863,176.0896453857422,283350
2017-02-20,178.29076020199437,179.02446703410132,176.57877759374475,178.09510803222656,92058
2017-02-21,179.9783045526961,180.00275547789892,177.14129564584638,178.70654296875,19960
2017-02-22,177.6548920404352,181.4457107822819,176.70106716027468,178.97555541992188,298306
2017-02-23,180.88317510680596,186.3126083517656,173.74177427489266,178.1929168701172,204642
2017-02-27,178.53532674953578,186.94850428235316,177.31248204577184,182.1304931640625,318264
2017-02-28,183.35333163157472,187.559920254908,183.35333163157472,184.91856384277344,231988
2017-03-01,183.42669560021744,193.11161915698784,183.42669560021744,189.32080078125,176876
2017-03-02,191.25293050502907,191.2773814305911,183.8424938558323,186.2637176513672,47056
2017-03-03,185.8723991246759,187.8044997707092,183.96476432964656,186.0191345214844,31116
2017-03-06,182.44841215324675,186.3370639059861,182.44841215324675,184.06256103515625,4396
2017-03-07,184.4049724934896,185.52998359613616,182.42397013921536,183.42669677734372,616248
2017-03-08,183.500055511297,185.8234602237043,182.49732892212623,184.06256103515625,27472
2017-03-09,183.5245295265496,184.6250897024562,181.4701445606028,182.88864135742188,25718
2017-03-10,188.75828580761151,188.75828580761151,179.66031917470065,181.5435028076172,55362
2017-03-14,187.5110057295245,187.5110057295245,179.02446068691108,183.76910400390625,235312
2017-03-15,186.85069553282145,186.85069553282145,180.29625003624116,182.15496826171875,123380
2017-03-16,184.6495535395852,185.3832603748418,182.15494731425184,184.1604156494141,90700
2017-03-17,185.3588019017606,202.01394041281608,182.05712127758025,192.1822662353516,531284
2017-03-20,197.1225740978572,197.1225740978572,186.2881725764507,190.15235900878903,63956
2017-03-21,191.815401313592,194.4322917477326,189.34526118809515,192.76922607421875,44312
2017-03-22,196.14430596410307,196.14430596410307,186.8996022594853,189.8833465576172,188216
2017-03-23,193.20945880287573,193.20945880287573,184.89411500629623,185.8723907470703,55456
2017-03-24,187.36426286375095,189.7855013910793,183.4267088186978,186.92404174804688,45418
2017-03-27,187.53549220849925,192.4513376977449,184.6251302822432,190.8371734619141,38156
2017-03-28,189.56539956329848,191.27738232518664,186.4349197841639,187.4621124267578,28156
2017-03-29,185.8723707049907,188.26914302598945,183.9647362016366,185.52996826171875,156744
2017-03-30,185.92130751956967,188.97841920948855,183.98920696061964,185.8723907470703,3436480
2017-03-31,187.0952604819753,188.14690405870056,183.79357941464636,185.1142578125,1081084
2017-04-03,184.1604150701768,198.5899827848387,173.1548125759431,196.78016662597656,225646
2017-04-05,198.05195027011536,211.992381655109,195.6796282594887,200.0574188232422,907462
2017-04-06,211.30756685398103,214.6581643601588,195.65515449442688,196.36441040039065,958978
2017-04-07,201.4514322119829,208.73958339788368,200.37532294059224,204.75311279296875,687776
2017-04-10,205.0221360005939,208.76403773478805,202.0139410741752,205.34007263183597,243530
2017-04-11,205.364541384262,206.000414655733,200.49761351964509,201.18240356445312,90450
2017-04-12,203.9705061835793,204.4351931637921,198.14976810528813,202.9433135986328,75842
2017-04-13,204.9243177070288,205.92704437498804,198.71226075377407,199.69053649902344,221748
2017-04-17,201.52480645234337,205.34007594338385,198.71226364384583,199.7394561767578,86384
2017-04-18,202.9432956423538,202.99221241393823,193.79642659357737,195.8018798828125,72826
2017-04-19,195.6551569660561,195.6551569660561,189.39419791406385,192.3290252685547,42200
2017-04-20,192.2067430757657,202.08731966339107,191.7420561015368,198.0274810791016,45860
2017-04-21,198.1986893988513,203.72594187495716,193.79644815785585,196.4377899169922,122280
2017-04-24,194.7013415416173,200.54654561020237,194.7013415416173,197.0981292724609,56504
2017-04-25,198.46768959161275,203.97049059692543,197.12256045698072,202.282958984375,1040644
2017-04-26,202.5275427216825,203.92158873038676,198.10085067142785,199.64163208007807,177268
2017-04-27,202.50307937040444,205.38898983490847,199.00574656480617,202.45416259765625,53482
2017-04-28,202.9677520738948,204.2150475912558,199.6171548944221,202.20957946777344,94278
2017-05-02,201.52481035184917,201.52481035184917,197.85627618282277,200.20413208007807,41540
2017-05-03,202.3318529318012,204.94874321124755,200.57095382328484,202.67425537109372,52590
2017-05-04,203.70147057138533,204.2150593605325,199.66608317084788,200.96229553222656,21688
2017-05-05,203.84821775644133,203.84821775644133,193.2094685393985,197.61170959472656,63026
2017-05-08,197.733991821409,199.5927098305032,194.13882534828628,199.54380798339844,78536
2017-05-09,199.83725925137844,200.52206417158575,194.970346682948,196.97581481933597,97690
2017-05-10,199.37260025719056,203.4569044870549,195.67960035526997,201.67153930664065,120350
2017-05-11,202.9922164648549,211.99235030578785,201.0356649808563,201.9161071777344,359196
2017-05-12,202.99224071452468,210.28039287760927,202.99224071452468,204.04388427734372,660324
2017-05-15,205.85366900239651,207.76130364902832,202.5519884853137,204.94876098632807,371548
2017-05-16,206.83196043405667,207.95697161373647,203.18787717097,204.1661529541016,470860
2017-05-17,205.43790519832456,206.7585834169493,203.9704915897651,204.92431640625,157630
2017-05-18,204.41070592864295,204.41070592864295,195.2149202566228,197.97854614257807,143544
2017-05-19,199.56826793879492,202.0139574968684,192.69588625153028,196.8046417236328,144864
2017-05-22,196.8046309756629,203.7014781382377,193.82088689230176,196.4866943359375,171622
2017-05-23,197.09812543756223,198.05193539906017,190.39693014614676,195.85081481933597,211274
2017-05-24,197.4894111032222,200.54652273020707,191.96215925255476,200.13075256347656,163150
2017-05-25,202.33187934745783,202.35634519763084,198.14975648011867,200.10630798339844,18116
2017-05-26,200.6688279601753,204.23952873906285,200.0574055715093,201.01123046875,427266
2017-05-29,201.81829769705675,203.8971337429227,197.61170883054965,199.8372802734375,125128
2017-05-30,200.0573869648892,201.7693694939286,199.0057435396542,201.08457946777344,10374
2017-05-31,200.25306499651143,202.5275533791896,199.6171916602117,201.4025421142578,27754
2017-06-01,202.8943694562717,203.1878551448573,198.5899624480236,202.20957946777344,95090
2017-06-02,199.3236843050848,212.04126907056255,199.3236843050848,210.62277221679688,157866
2017-06-05,207.88359450354287,213.38639553451907,207.68794234123555,211.23419189453125,58844
2017-06-06,210.7939821701245,212.5548666531964,207.7613212451826,209.9868927001953,325974
2017-06-07,209.64450449868508,209.69342127357965,208.10372311698148,208.78851318359372,20324
2017-06-08,209.375453868454,211.0874363691848,206.83194596660704,208.9107818603516,35886
2017-06-09,208.91078393808544,229.89479524170844,208.0303268297141,216.83480834960935,164980
2017-06-12,220.1120650820708,220.96805644627884,217.66637547004777,219.79412841796875,165678
2017-06-13,218.88919008695163,223.26697985961172,218.88919008695163,222.55772399902344,473860
2017-06-14,224.51428619384765,226.95997558593749,219.6473583326675,220.11204528808597,309418
2017-06-15,219.13377110410312,229.40566662460796,216.9571015585985,223.9517822265625,87890
2017-06-16,229.60132443867664,229.60132443867664,215.95438018269425,218.52235412597656,501114
2017-06-19,218.54679575087687,220.3321609297037,217.22613244976364,219.9408416748047,23380
2017-06-20,217.1771963643428,220.9435636235641,213.77768247735852,217.3728485107422,25896
2017-06-21,216.150031077331,219.1337751983044,216.150031077331,218.1065826416016,19262
2017-06-22,217.95984101873884,224.4653688131734,216.73699632600275,221.6772918701172,264050
2017-06-23,220.11205946300984,221.5305564163106,219.4272693745858,220.35662841796875,277794
2017-06-27,220.79683358128523,232.07147054578303,217.17721629515987,222.58218383789065,458912
2017-06-28,221.5550080003403,222.06859680175785,218.88920059204105,220.11204528808597,319084
2017-06-29,222.0196742762516,222.0196742762516,216.81035899152656,217.91091918945312,1009526
2017-06-30,219.37833214938283,223.19360152019,216.56578942951896,220.1364898681641,85238
2017-07-03,220.8702125452264,228.2317468889813,220.55227589601668,224.8811492919922,108762
2017-07-04,226.54420976104336,227.10671534658223,221.21260976920323,226.1039886474609,87134
2017-07-05,221.5794482353795,229.4056539125673,221.5794482353795,227.54693603515625,242538
2017-07-06,228.9165215704658,229.30782589282745,225.4925565042409,227.64476013183597,605720
2017-07-07,226.47084688131844,228.96545314776137,226.47084688131844,227.76705932617188,27456
2017-07-10,225.4925523910521,225.90832255554173,224.88113006895057,225.0767822265625,1040
2017-07-11,225.10126777041705,238.0145053575479,225.10126777041705,235.15304565429688,418748
2017-07-12,235.15304379712305,239.31071591834103,232.9763741862697,237.6231842041016,97350
2017-07-13,239.6775630482456,281.2542831688597,237.72101151315792,264.8681640625,1095356
2017-07-14,265.11272960647284,268.0475568714891,245.1069934020724,247.4548492431641,421870
2017-07-17,248.9711801200122,253.27558747926,238.72373559601763,248.7755279541016,170162
2017-07-18,245.05810819661772,260.19693342639283,243.0037228755444,255.25662231445312,132966
2017-07-19,253.8381687604576,262.3980836825442,251.93051863597552,259.70782470703125,165338
2017-07-20,259.805591159528,263.15617362160367,251.7103355408289,254.08267211914065,270454
2017-07-21,254.59626749478264,256.72400533891926,248.97118185368757,249.72933959960935,27190
2017-07-24,253.34897341141829,258.4849212019873,247.0390827554477,250.80545043945312,107110
2017-07-25,251.36797784719724,253.52016668668685,247.5037765092608,250.65872192382807,42578
2017-07-26,252.61525833746907,252.61525833746907,244.1042474776714,245.66949462890625,91880
2017-07-27,244.69120273341932,259.2430533707391,236.2780259738632,238.03892517089844,397374
2017-07-28,239.6775672811299,244.07980831282413,235.2753262494357,240.2156219482422,75976
2017-07-31,236.2535886174065,241.634105128362,235.51988182045807,238.40579223632807,30858
2017-08-01,237.7210117401439,244.5444911961991,228.96544659772687,237.64764404296875,203474
2017-08-02,244.76458139886336,244.76458139886336,235.5443297810197,243.34608459472656,25320
2017-08-03,243.5173243862245,249.827200774209,235.3731807385175,236.7672119140625,489248
2017-08-04,236.4981767118326,239.67757308955115,233.905751790153,235.446533203125,54286
2017-08-07,236.2536006734728,248.43313113888053,234.83510377911352,244.0064392089844,51604
2017-08-08,242.12325838492225,253.7402834084412,235.96011791329977,250.24295043945312,81206
2017-08-09,252.88428537077985,254.35169901896612,246.32984072767485,251.05001831054688,495090
2017-08-10,249.48475018156665,253.44678461199464,242.12323163509728,246.7455902099609,94042
2017-08-11,249.0201080837316,252.00385226168788,237.72101959882065,242.7835998535156,50622
2017-08-14,239.8243147567879,253.8625789469332,229.89482101167363,249.1179351806641,161940
2017-08-16,252.24840036771607,261.68875509460014,252.24840036771607,256.6261901855469,394948
2017-08-17,256.79737424631656,266.580131360462,251.9059956892439,258.4359741210937,371032
2017-08-18,256.79745309376085,265.1127991939398,256.79745309376085,263.7676696777344,101292
2017-08-21,263.64529268476747,269.4660448547144,260.1724260031177,265.4551086425781,174506
2017-08-22,269.5149707640408,269.5149707640408,262.4713733793629,264.1589050292969,92988
2017-08-23,262.1778988104664,270.4932426160222,262.1778988104664,267.9008178710937,119596
2017-08-24,264.23231658028186,267.19159509508114,249.82719852597288,252.27288818359372,467324
2017-08-28,252.27286999541505,260.93061673011533,250.9766426284864,255.7702178955078,366190
2017-08-29,255.77022249535716,258.6561182224194,251.441334122851,255.9903106689453,122278
2017-08-30,256.60173209832186,259.243088717666,252.68862887239484,255.57455444335935,50212
2017-08-31,258.06917181741653,258.7295259661102,250.46308262636663,253.2511749267578,104720
2017-09-01,254.30280420673176,257.4577197539139,251.22121157661573,255.7702178955078,74996
2017-09-04,252.8842880725861,258.2648048400879,248.48204708099365,250.4385986328125,637366
2017-09-05,251.7103387361098,254.2294107362336,245.84069915868048,247.6994171142578,142132
2017-09-06,247.5037740993596,250.63426855945545,241.63411937763564,242.85696411132807,48278
2017-09-07,245.57167588091133,246.03636285523743,236.79165956243983,240.26454162597656,285780
2017-09-08,240.90040672378169,243.0770762681464,238.99277197071905,239.99549865722656,174480
2017-09-11,243.98197099023545,248.77553121810783,242.12325299874232,243.83523559570312,191582
2017-09-12,249.46032229959647,249.46032229959647,245.54721920470084,247.79725646972656,130804
2017-09-13,251.41689135996376,251.90602928089757,245.4494027536497,246.64779663085935,76850
2017-09-14,251.5636064728608,251.5636064728608,245.05807862013395,245.64505004882807,107408
2017-09-15,245.54720966514415,248.4575859498256,241.8786756562028,244.34881591796875,339824
2017-09-18,243.78359306158737,248.20708567762424,243.39039971768548,244.0293426513672,38922
2017-09-19,243.292119085129,243.85734020030205,239.0406537413934,240.85919189453125,202062
2017-09-20,240.85918064417496,247.34697618315136,240.85918064417496,243.1938018798828,909252
2017-09-21,241.473570787384,245.40556471023567,240.34312853431072,242.3336944580078,562464
2017-09-22,242.57943370171932,243.7098909058032,237.73817839078868,240.0727996826172,19384
2017-09-25,239.72872860392744,239.72872860392744,222.25593849527849,232.0859222412109,125046
2017-09-26,233.46214191702407,247.69105109255565,233.46214191702407,239.92535400390625,196064
2017-09-27,243.1200778830231,250.17309444939684,242.80060640078983,245.2581024169922,216564
2017-09-28,248.207095298868,248.207095298868,240.95748211934665,245.2826690673828,142562
2017-09-29,248.74774441883403,250.05021427958195,243.8081685327093,246.16737365722656,28050
2017-10-03,248.9934991615073,254.4491433129677,245.74960142285252,247.4698486328125,69012
2017-10-04,249.8781904767838,253.53985052004643,247.54356927494644,250.7137451171875,48280
2017-10-05,252.08997280072984,276.68950382204366,252.08997280072984,270.3491516113281,1558772
2017-10-06,268.4077307659439,273.9616963383597,259.5116062628657,264.5003356933594,245366
2017-10-09,264.50032828228984,264.7706468648261,255.6041740297404,259.4870300292969,43006
2017-10-10,263.46811537503504,263.46811537503504,256.14479598319946,257.2752380371094,42104
2017-10-11,260.9369309366896,260.96149989634625,254.4245666949908,258.7743225097656,37058
2017-10-12,259.0201264041483,267.37561435266923,253.12213491107477,260.54376220703125,321880
2017-10-13,259.0691762165993,260.0030365515299,253.17118672960805,257.4472351074219,261606
2017-10-16,258.897236944571,294.4080587181738,257.5947518973257,272.9295349121094,516132
2017-10-17,274.7480994952824,284.9958475574638,269.4890511617258,274.5023498535156,178450
2017-10-18,277.5741914766814,281.4816163737092,270.816077031698,278.55718994140625,231528
2017-10-19,276.22251126998674,283.5949982255914,275.2395130092395,279.8841857910156,13866
2017-10-23,280.15454107746336,285.0695330261908,275.26411808873354,276.0751037597656,49152
2017-10-24,271.30753996487675,282.1205216301436,271.30753996487675,276.5911560058594,57112
2017-10-25,289.4930506536833,289.4930506536833,262.8537860029527,264.5986022949219,147022
2017-10-26,270.15255847644465,270.8160704244529,259.5115883559186,261.3055725097656,53016
2017-10-27,261.4775779241816,262.9520755440548,255.82533704800093,257.9879455566406,61700
2017-10-30,257.54558474868315,257.791334352451,248.23166876613632,249.3129730224609,113554
2017-10-31,248.2070692672413,260.49454794383746,246.2656416365937,258.3319396972656,111638
2017-11-01,261.9690898777785,265.80277787624345,258.35658253280303,263.95965576171875,114534
2017-11-02,262.952074781312,267.3509986675866,259.31496866334913,264.4511413574219,26880
2017-11-03,267.8670271019907,267.8670271019907,260.07677785457014,264.5494079589844,13088
2017-11-06,264.5494834719515,267.8671035619388,256.6117582201175,257.9388122558594,19088
2017-11-07,261.4775549781217,261.5758608105659,252.3110835794914,256.5379943847656,15408
2017-11-08,257.7913335095311,257.7913335095311,251.64759343542408,253.90847778320312,7326
2017-11-09,255.57959338201997,270.98808186815484,250.24682386638733,254.3508453369141,307878
2017-11-10,255.5795947607249,258.03709086419343,249.1901048917068,251.10694885253903,199414
2017-11-13,253.81020792092616,261.1335282625652,252.2374044251524,254.6949005126953,157730
2017-11-14,249.6815967652207,252.60602304203985,247.81390578129,249.82904052734372,32566
2017-11-15,249.82903437733884,252.1636555494639,248.40368971423027,249.5587158203125,41022
2017-11-16,250.6646095187508,257.6684736082453,249.14095889239096,254.5966033935547,237758
2017-11-17,256.07108628878115,256.07108628878115,250.78746982504907,253.90847778320312,302868
2017-11-20,255.08810104077307,255.08810104077307,248.2316807644972,252.23741149902344,27534
2017-11-21,253.9330861862428,253.9330861862428,246.38855509542012,247.6910400390625,48014
2017-11-22,252.6305867575611,252.6305867575611,235.57555865569955,238.3279571533203,510280
2017-11-23,240.83460429016736,249.4112711977979,240.83460429016736,246.3394012451172,746238
2017-11-24,246.3639810453745,252.8517766706548,246.0199255957893,252.1636657714844,442208
2017-11-27,251.69674826430125,254.20341238216105,249.067239335438,252.704345703125,99432
2017-11-28,252.1390941844267,256.0465188952181,248.6985997218712,250.6645965576172,260922
2017-11-29,254.10507752880315,256.5625734430082,252.26195559314937,253.19581604003903,315760
2017-11-30,252.8272085259461,256.0710913496934,252.4585841142143,253.6873321533203,286022
2017-12-01,254.5474585379905,259.044658410594,248.8706335362091,250.93492126464844,66522
2017-12-04,253.1220910814604,264.52487866002184,253.1220910814604,260.02764892578125,375382
2017-12-05,260.4945807561028,287.5270372496606,259.5607202595602,270.8898010253906,1525906
2017-12-06,270.3245516276392,274.6006005349496,265.9747958418499,271.0372314453125,382822
2017-12-07,274.2565474298333,277.91822238719976,270.79148414753564,275.09210205078125,78266
2017-12-08,278.1885311911574,280.12995891918064,273.54385801869705,278.26226806640625,432816
2017-12-11,272.78202966942234,278.26225721992967,271.60241970379326,273.6175842285156,41726
2017-12-12,277.69707670383093,277.94282632923256,273.8142206229919,275.04296875,631504
2017-12-13,276.4929159520796,280.154591614152,272.04485343584764,274.5023498535156,96928
2017-12-14,274.47773036896217,279.7859156543581,271.5778731303648,275.0675354003906,60434
2017-12-15,276.6403184445571,296.2020110082984,276.0259444318449,289.9107971191406,238702
2017-12-18,296.37400294776563,304.2379897589833,280.1790991086685,286.7406311035156,254958
2017-12-19,289.6896099382801,294.014796442541,283.1035093531432,284.8728942871094,65876
2017-12-20,286.98640581218564,297.7993886241041,283.5213123211992,295.292724609375,240660
2017-12-21,299.8145062395169,299.8145062395169,287.94478878808343,294.8012084960937,106964
2017-12-22,297.55361654115626,298.97894616856354,292.4420130530069,295.88250732421875,102312
2017-12-26,296.3739881844329,301.73134093219977,292.98263204153795,294.7274780273437,103370
2017-12-27,288.4116809398138,301.9770748073721,288.4116809398138,299.3229675292969,79398
2017-12-28,302.2720365640953,335.6939853224018,294.89954786741004,316.8450012207031,424704
2017-12-29,314.06794426257375,319.9659338261901,303.2795323527135,308.1453857421875,166886
2018-01-01,319.37617055362347,326.5520767918261,308.16999491991794,311.4384765625,273100
2018-01-02,312.54434229288614,321.3913275818956,306.6954900189937,312.2002868652344,193610
2018-01-03,312.9866890568652,314.5594925192074,302.2720123426759,303.869384765625,1625262
2018-01-04,303.8939353882101,304.11511601778705,281.825640322076,285.3644104003906,849810
2018-01-05,287.64992300824906,288.9032400391238,281.5307516237052,282.66119384765625,679026
2018-01-08,285.7822243980437,294.8995288313329,280.15455238976625,287.8465270996094,827008
2018-01-09,293.3759098281286,298.14342848107344,290.03369098036563,296.1528625488281,624778
2018-01-10,298.58575486044845,301.65762476642016,287.0355240139949,289.73876953125,250100
2018-01-11,291.9013845182695,305.4176124089352,291.9013845182695,298.1679992675781,374934
2018-01-12,299.83909334949226,299.83909334949226,289.0015415414348,292.5649108886719,223652
2018-01-15,292.5649079816468,304.72951356341207,292.5649079816468,303.13214111328125,126996
2018-01-16,304.7295387163032,304.7295387163032,289.1244373384925,294.70294189453125,222146
2018-01-17,300.30599104185274,303.2549860439004,289.00151020067005,300.404296875,184580
2018-01-18,303.74649292846914,303.74649292846914,293.91650933855107,296.9146423339844,159190
2018-01-19,290.96751728633745,302.2719985322594,290.96751728633745,298.24169921875,154056
2018-01-22,294.89958604820345,308.95645431700626,294.89958604820345,303.5008239746094,111104
2018-01-23,305.7862510727789,314.04343195148823,300.67464719614696,309.22674560546875,68828
2018-01-24,308.7844083689372,322.5955254982413,304.72953949660337,320.1626281738281,306546
2018-01-25,319.4744834709773,326.30633442469514,312.3231760330269,319.1795959472656,83674
2018-01-29,317.0169397450114,319.4744354019495,306.81833276871845,311.8807678222656,201580
2018-01-30,309.6199176799468,318.982971157156,306.32686713974954,312.5197448730469,111354
2018-01-31,314.5595187112542,326.8469999109126,312.421508982007,321.243896484375,142166
2018-02-01,327.3384855030992,343.7299727401354,319.6711095538708,331.5899658203125,268134
2018-02-02,339.1344363525968,339.1344363525968,302.54231616958884,311.8562316894531,202736
2018-02-05,304.0659655066575,304.0905344647643,287.2566883359024,297.4061279296875,355130
2018-02-06,290.0091019758938,299.8145171852223,280.2036867665654,295.0223999023437,371686
2018-02-07,298.8315409926429,304.72953193328715,296.52148854114387,302.5915222167969,76692
2018-02-08,308.61238330531063,311.65965457961005,299.8145349522992,304.6803894042969,105098
2018-02-09,303.25500624489194,303.25500624489194,285.0941048144348,289.6404724121094,251394
2018-02-12,293.91654228681085,297.7993982395912,290.5251855686239,294.85040283203125,38656
2018-02-14,292.6631899118931,308.16998289179,292.6631899118931,297.28326416015625,125428
2018-02-15,308.12083369142283,308.41572118629307,293.1792473109543,295.3664245605469,183518
2018-02-16,299.5687973927973,301.04329516503424,294.9241234105043,297.750244140625,26600
2018-02-19,301.7805204277334,302.24745068547054,294.3097263001344,297.3324584960937,95284
2018-02-20,301.2890093886171,301.2890093886171,289.9107909171078,292.0242614746094,215312
2018-02-21,294.4080275315505,294.4080275315505,285.3398610844635,287.52703857421875,162412
2018-02-22,287.2812611022006,287.2812611022006,275.2395315949227,278.3114013671875,315962
2018-02-23,280.89180114583706,283.59504682615574,275.7310593925015,279.6876220703125,342072
2018-02-26,279.6630434782609,295.7596422021854,279.6384745181231,286.5931701660156,338740
2018-02-27,288.9032195446604,288.9032195446604,285.31528143676064,287.30584716796875,52554
2018-02-28,289.24729020196224,289.24729020196224,280.1791236172946,283.3984375,336426
2018-03-01,282.120534390222,312.6917899353892,282.120534390222,297.8730773925781,440010
2018-03-05,295.3910091208706,325.3724592978641,292.9335132047236,320.0151062011719,778230
2018-03-06,320.9490031064449,356.3369483187941,304.75409717965795,320.6295166015625,1350134
2018-03-07,317.55759814062964,341.5919192808916,312.2002752475476,332.40087890625,435562
2018-03-08,334.7109616771124,350.8812976695225,329.4273451748672,344.6392517089844,470170
2018-03-09,344.540918395545,348.9644109284407,335.4973216621334,343.5824890136719,452558
2018-03-12,345.2782086687059,350.4143816159085,331.7619798596106,334.293212890625,667862
2018-03-13,336.13628221247126,339.1344150416089,329.5501815730417,331.8110656738281,487994
2018-03-14,331.7619776698013,331.7619776698013,314.0434365658495,316.6483764648437,199052
2018-03-15,318.9829878080748,318.9829878080748,301.3135851801309,303.8448181152344,562866
2018-03-16,304.8524108133655,309.6445285165986,291.6310689454649,299.1510314941406,1892098
2018-03-19,299.3475644338135,306.4251645036494,287.62532119179707,291.1886901855469,195774
2018-03-20,287.0355713224551,301.78054930134834,282.39089725935685,299.052734375,1174830
2018-03-21,301.23989510981124,301.3381709584708,295.6613607566768,298.56121826171875,80040
2018-03-22,296.3740347589671,299.8145293581591,292.93354015977513,295.9071044921875,39048
2018-03-23,285.06952185606207,300.7974954757069,285.06952185606207,295.2435607910156,70820
2018-03-26,295.2435661921495,300.79750097844345,295.2435661921495,298.24169921875,38186
2018-03-27,298.2417232394051,298.2417232394051,290.0828481173258,292.54034423828125,320106
2018-03-28,293.203810028701,298.4382879416995,283.5950077083457,290.672607421875,465496
2018-04-02,299.76540063003944,302.00171618836623,290.033691609107,299.5442199707031,61490
2018-04-03,300.1831494938093,300.1831494938093,294.9486707859923,297.65191650390625,68718
2018-04-04,300.5517496780615,300.5517496780615,284.57802626917027,284.99578857421875,101572
2018-04-05,289.24724955082735,291.6064394692535,285.2661184384038,288.9523620605469,71596
2018-04-06,292.93349533997105,292.93349533997105,284.1356484972157,286.54400634765625,57318
2018-04-09,288.0185065986294,289.7387536516929,285.19238644002513,285.8313293457031,26758
2018-04-10,288.0431276430962,288.7558075508407,280.6460699770724,282.538330078125,69920
2018-04-11,287.6498967181217,293.6707617070956,285.1432628854692,289.07525634765625,307812
2018-04-12,289.07527443547053,293.42503047569306,285.09411280666205,286.4949035644531,207050
2018-04-13,286.49491248741504,291.4344737374604,283.1772926927788,284.0128173828125,41372
2018-04-16,280.6705769706053,285.0940692160009,278.1885123215453,281.874755859375,156068
2018-04-17,282.1696803772708,290.37772306521043,278.7046169966717,287.92022705078125,147722
2018-04-18,300.79747809617606,300.79747809617606,293.4987277595098,296.791748046875,200264
2018-04-19,312.10198982202024,316.23059507270125,304.8523766726111,308.0225524902344,352282
2018-04-20,309.6444769537412,314.06796948165174,308.096242569481,311.6104736328125,145390
2018-04-23,319.47453063377964,321.1702091422752,296.3740645725679,299.986572265625,360658
2018-04-24,298.83151601894906,300.7975128348632,292.4420263672281,299.470458984375,219804
2018-04-25,299.3230179767219,299.3230179767219,290.59890702584045,295.0223999023437,150784
2018-04-26,294.8995541180363,302.2229050447944,294.8995541180363,300.134033203125,210622
2018-04-27,300.37972201179343,313.9942246713087,300.37972201179343,308.63690185546875,171402
2018-04-30,308.14547561241375,309.9148609980471,304.3609252055888,307.48193359375,341642
2018-05-02,302.44401027296306,308.6614869376804,299.8145016432883,305.3930053710937,50698
2018-05-03,307.2115838331103,312.1020071096136,302.81265978040165,306.1302795410156,28644
2018-05-04,307.67851801655576,313.748521508284,304.23802340614697,308.46490478515625,140792
2018-05-07,308.66150564684807,309.05469901735256,302.2720158802732,304.5083312988281,94354
2018-05-08,306.6955554958693,313.8222951668471,302.2720619069866,306.03204345703125,154064
2018-05-09,308.1699890457048,308.3174328014832,302.29656778424254,304.3608703613281,88826
2018-05-10,304.9507000210697,304.9507000210697,294.89953487435565,297.9714050292969,104592
2018-05-11,305.196400794593,312.10195779809675,293.96562730608656,304.287109375,357722
2018-05-14,312.1019943622196,324.3894744552204,304.8278121469093,319.86767578125,349324
2018-05-15,319.4744667174371,343.5579265161362,319.42532879897226,330.9263916015625,713456
2018-05-16,329.08329183933904,338.5938196036234,325.7902411147449,336.4557800292969,173978
2018-05-17,338.9870293944384,344.00032760619865,335.202479273858,337.6354064941406,163374
2018-05-18,335.59565608646983,345.7696957786365,335.22703167732413,342.91900634765625,142088
2018-05-21,343.95112193454685,351.42191550874435,339.72424096428307,350.2914733886719,200972
2018-05-22,352.8964290292806,353.14217863166874,347.46536881625025,351.4710693359375,271656
2018-05-23,352.8963774458545,353.8302377979177,344.68833592612907,350.68463134765625,115708
2018-05-24,349.4559186662946,351.8888456187805,336.2591776191056,339.7488098144531,199570
2018-05-25,331.2704654201244,350.9304336943158,331.2704654201244,346.3594970703125,173440
2018-05-28,351.2990082136113,359.7773683278957,348.2271386069865,354.3954467773437,207050
2018-05-29,355.8454028957175,355.8454028957175,342.13256390618375,348.6449279785156,102180
2018-05-30,346.50695764253175,351.2253382577456,341.8622839126832,344.811279296875,304622
2018-05-31,342.6732316011286,344.9341158118584,328.9849615465289,341.8376770019531,1599014
2018-06-01,334.2440477592161,344.98332401098605,334.2440477592161,337.31591796875,87374
2018-06-04,332.2534719089126,338.8641424015212,320.45749065770866,322.8166809082031,57698
2018-06-05,320.58036776747764,324.1191681680302,306.3023213584157,319.0567321777344,278410
2018-06-06,315.9356415227452,329.30442414447515,313.74846434771183,326.7977905273437,147642
2018-06-07,319.9659881315293,328.4197806072545,314.78067742653263,318.0982971191406,86904
2018-06-08,317.48395536711666,317.48395536711666,313.15876784657115,314.6824035644531,453520
2018-06-11,322.4725719114753,326.8469262319652,309.7673312145805,315.24755859375,549862
2018-06-12,317.262722774579,322.7183517089336,315.8127941843064,320.0151062011719,122092
2018-06-13,319.8676780789131,321.3421757006648,309.64450056784784,313.72393798828125,305912
2018-06-14,312.10198134066803,321.04727247490234,309.7182223015736,318.3194580078125,1045308
2018-06-15,319.47449054495,320.6541006633778,313.40448722408854,316.7221069335937,94374
2018-06-18,316.5009330754105,319.1058729775214,308.6615144087538,318.34405517578125,88288
2018-06-19,317.75425223275283,317.75425223275283,304.7295226362054,308.46490478515625,244054
2018-06-20,308.4649265080342,317.3365122343335,308.4649265080342,310.6029663085937,451686
2018-06-21,312.10201448539584,320.7032511050721,309.275893881788,313.5273742675781,680152
2018-06-22,313.6502195832729,314.31373148919204,306.86750677341985,310.4554748535156,128342
2018-06-25,313.576445153558,317.0169390659011,312.10194776255383,314.95263671875,417382
2018-06-26,313.8222284574048,319.4990380233332,312.10198131629136,315.9356689453125,117032
2018-06-27,315.93567564011425,316.47634275230166,306.17942864683835,313.8222351074219,125792
2018-06-28,309.76738913648546,321.9319950565616,305.2210212673661,318.6635131835937,330276
2018-06-29,324.3894790256423,329.3044711320914,318.0982951291336,327.63336181640625,112272
2018-07-02,329.27989665396007,336.25919132792046,319.47448156614536,322.5954895019531,85258
2018-07-03,317.0170197741047,324.36493964303423,314.6578293476256,317.4593811035156,26534
2018-07-04,315.4441687749281,323.77508590342234,314.5594762477272,319.0075378417969,130078
2018-07-05,316.5254967430523,320.6786711395048,307.7030797704212,313.3061828613281,416836
2018-07-06,317.0169888544458,321.9319809297085,313.62563232302216,315.763671875,103284
2018-07-09,318.12288386818994,324.3894991935193,315.1001515353026,319.5973815917969,49898
2018-07-10,323.8734218602816,324.3894900492499,318.0000000937344,320.03973388671875,191812
2018-07-11,322.8658391155399,329.9188406936322,320.45748101638463,321.90740966796875,46728
2018-07-12,323.8979836678988,324.315746002424,321.6370992715305,322.4972229003906,48142
2018-07-13,322.49717686311345,324.3894365769883,315.0509527967417,317.9016418457031,52654
2018-07-16,319.4745146198037,321.93201088610994,314.608660013024,318.49151611328125,168158
2018-07-17,318.9092238715996,325.8639491138681,317.0169640700527,320.801513671875,50888
2018-07-18,320.8015068854089,320.8015068854089,307.18697418958106,314.4120178222656,456250
2018-07-19,312.1019904046176,318.9584102093155,309.6936323374363,317.5330505371094,43490
2018-07-20,321.9319871869836,324.41405223348806,312.2494466107738,316.03399658203125,73526
2018-07-23,312.1020292474308,319.47451812729133,312.1020292474308,319.1304626464844,95564
2018-07-24,321.440470521002,321.440470521002,307.43274359462805,311.8070983886719,86944
2018-07-25,313.9942644666773,313.9942644666773,305.29475227805807,306.4989013671875,145822
2018-07-26,306.2285565361444,309.5216070250812,290.96751307478854,300.33056640625,869068
2018-07-27,301.09242367717223,310.1360217302904,297.77480379336964,307.7030944824219,270176
2018-07-30,305.2455582340306,310.6274802282372,299.81449832155806,302.71435546875,90134
2018-07-31,297.8730664858744,314.5594693355282,297.8730664858744,308.8826599121094,1492376
2018-08-01,311.19272085842,319.9659693076874,310.79949751159285,319.3270263671875,149176
2018-08-02,318.589764768774,319.57276309882343,315.17383957210643,318.7863464355469,114092
2018-08-03,318.0000093495469,319.4990760368421,315.05101389962834,319.2533264160156,25018
2018-08-06,319.47451605142334,319.47451605142334,315.93571541233774,317.4593811035156,54242
2018-08-07,321.9319849864081,321.9319849864081,312.10200071201393,318.0982971191406,14902
2018-08-08,314.6823323765386,318.4914508082734,310.13596521608105,316.1568298339844,72214
2018-08-09,317.0169571269026,318.49145460191147,310.750342858115,314.7560729980469,135134
2018-08-10,316.5255191002363,318.9830153665425,313.65026046815154,318.49151611328125,72682
2018-08-13,312.2003224536658,318.4915067099176,312.10201660616923,315.1984558105469,65258
2018-08-14,311.11893318484704,319.4744179623232,309.15293676661736,318.8846130371094,98522
2018-08-16,313.57651920331926,316.1323212843469,306.1057246582898,312.7655334472656,53290
2018-08-17,309.6936454558437,312.9375582959099,306.00740131854013,307.53106689453125,74116
2018-08-20,306.4497480896478,308.169995272188,296.61976418941856,304.6311950683594,104016
2018-08-21,304.7295224022924,305.71252086165464,297.0867153804975,299.2984619140625,97406
2018-08-23,298.8315667134443,304.729558161736,296.37407027665614,300.6009521484375,258284
2018-08-24,297.6027281281385,300.7974725258807,296.86547942096723,298.21710205078125,740960
2018-08-27,298.8315206718684,298.8560896327038,291.5081704190687,293.3021545410156,1872906
2018-08-28,298.70865330375307,298.8315281097193,296.2265882229829,298.6595153808594,104240
2018-08-29,298.8314908845383,302.2719850230116,296.5214388203892,298.3891296386719,67750
2018-08-30,296.86550852407095,300.797502014456,291.4590174747915,299.249267578125,49224
2018-08-31,296.37399432369165,314.5103253788118,296.37399432369165,308.2682800292969,125220
2018-09-03,310.57835577919184,310.57835577919184,297.79937660800624,300.5271911621094,50288
2018-09-04,297.97139086257005,319.1549944444004,297.8239471018893,309.349609375,243226
2018-09-05,309.9393775274749,309.9393775274749,298.95438261937454,301.2644348144531,88924
2018-09-06,299.81453002070936,305.1964525839423,292.9335408071193,297.2587280273437,69500
2018-09-07,297.25876053667696,298.4383708160776,293.94114037444007,297.5782470703125,25320
2018-09-10,297.57819937684445,299.8145147576678,294.8995227124601,297.4307556152344,39756
2018-09-11,297.7022090189286,298.6894490158452,292.74133406005745,295.0860290527344,136102
2018-09-12,296.1720484973224,302.4163545710791,283.93027651840214,287.4349670410156,74444
2018-09-14,287.7804725843576,306.0444133830218,285.31237247643,299.3064880371094,293562
2018-09-17,305.0572001026889,305.0572001026889,294.2222336526941,295.9745788574219,30578
2018-09-18,298.64011568885627,298.91160067748376,290.2485752480124,293.7532653808594,25970
2018-09-19,294.2222137983459,298.6401191066328,286.79323834868376,295.01202392578125,37792
2018-09-21,298.6400804005821,313.44867942871014,278.8952816964114,309.59844970703125,215508
2018-09-24,310.9312526611463,310.9312526611463,287.8545174674461,290.5694274902344,42468
2018-09-25,290.569407006875,293.1609118459422,274.0084329327744,289.6068420410156,57852
2018-09-26,286.4723671787785,291.2358124334085,279.46298698207386,281.21533203125,66696
2018-09-27,278.870624788732,278.870624788732,269.56586971973223,273.0212097167969,39838
2018-09-28,274.97103316533065,277.3404032964437,265.59225254486864,270.8739929199219,76832
2018-10-01,266.5548130580357,279.38893368675593,257.20070757416033,259.1505126953125,592060
2018-10-03,265.5429116356057,265.5429116356057,249.77174502954733,255.25091552734372,110038
2018-10-04,254.4611449939431,271.4910373359237,246.0202388203175,268.18377685546875,246322
2018-10-05,262.1122208463344,266.5548008606791,260.13774083995906,265.3948059082031,32112
2018-10-08,268.50463288888574,268.50463288888574,251.74622612419836,256.2875366210937,28200
2018-10-09,253.81942266127683,257.8424077846448,241.3801920163921,253.37515258789065,137540
2018-10-10,252.70877826175243,261.61861370278774,251.82025317676204,257.2994384765625,36254
2018-10-11,250.88239634393588,262.70460284657537,249.27813114350735,255.67051696777344,28998
2018-10-12,252.53600465746857,269.0229102743058,252.53600465746857,266.2833251953125,24262
2018-10-15,270.50380759702693,270.50380759702693,256.1888250782062,259.3726806640625,211342
2018-10-16,254.21431143096012,271.046742136575,254.21431143096012,266.7769470214844,23844
2018-10-17,266.77694377951747,280.1787091423719,266.77694377951747,278.37701416015625,43964
2018-10-19,275.859523791837,275.859523791837,264.7037238898914,267.7888488769531,59276
2018-10-22,266.5794768865927,270.5037619403772,266.5794768865927,269.0475769042969,7490
2018-10-23,262.16162403465245,271.49105601065423,261.6186539739032,264.7284545898437,48720
2018-10-24,264.1114083319941,270.6025242031004,262.9760882142364,264.3088684082031,53820
2018-10-25,258.6568986124026,273.959119713518,258.6568986124026,264.5556640625,1891638
2018-10-26,268.8748803054235,278.89536252630785,265.6169694981194,269.0970153808594,2031612
2018-10-29,269.51649557857803,269.51649557857803,263.5930561153126,266.8756408691406,36210
2018-10-30,266.87570550497094,278.7472622788571,266.5548404050638,273.0953063964844,110588
2018-10-31,269.6399467056348,276.42722225200083,269.6399467056348,273.1693420410156,44690
2018-11-01,271.9846165869264,285.5591664165824,271.9846165869264,282.0050964355469,246060
2018-11-02,285.80597134752566,291.72941116819976,281.4127414292565,283.1404113769531,526334
2018-11-05,285.41111924639705,291.1864798633208,279.0680835200845,288.00262451171875,75406
2018-11-06,298.1217895134887,303.921824211696,294.7404746125241,296.91241455078125,235144
2018-11-07,299.6273594498404,301.0588695940341,297.18393426559453,297.6282043457031,3842
2018-11-09,301.1082048370976,302.5397149113634,291.70474971167226,294.9873046875,89380
2018-11-12,291.2357936515021,296.14731857007314,289.8536637072653,293.60516357421875,96780
2018-11-13,290.49541163425897,298.64014280157465,290.1251965811992,296.9618225097656,60086
2018-11-14,298.39331083907456,300.3677909769675,292.71668044263225,296.813720703125,68504
2018-11-15,299.6273527679781,299.6273527679781,293.75326246639685,296.6903076171875,27490
2018-11-16,297.159257784357,303.452913161019,294.22221258294627,299.7507629394531,49494
2018-11-19,297.1592652911441,310.9806264674764,297.1592652911441,309.8453063964844,85412
2018-11-20,308.512508048936,308.512508048936,298.64010779137,300.7133178710937,30772
2018-11-21,301.1082416128134,301.1082416128134,296.1720409306362,297.7763061523437,12602
2018-11-22,299.1090535147584,299.1090535147584,293.50644827884446,294.6664733886719,51902
2018-11-26,299.0844332811312,307.1057599769312,289.0639210601416,297.9244079589844,68382
2018-11-27,297.652915693858,303.5763568021935,295.1848152320516,298.8376159667969,48564
2018-11-28,301.0588927123202,301.0588927123202,294.04948169342845,295.9252319335937,97362
2018-11-29,296.17201625625165,297.6528763375329,293.85199610327595,296.3694763183594,32690
2018-11-30,295.18478144388195,311.6223226123626,295.18478144388195,303.35418701171875,141776
2018-12-03,301.1082489434666,315.9662013072744,301.1082489434666,308.9074401855469,212212
2018-12-04,304.06995763424914,310.980638489573,304.06995763424914,309.3763732910156,129338
2018-12-05,305.5508300509458,309.4257356344076,297.2580187181714,299.47930908203125,118844
2018-12-06,300.1209727890127,304.7363079344158,294.8886126173164,296.6903076171875,45066
2018-12-07,297.08520155514566,303.1073719174066,294.2222114207455,298.98565673828125,23468
2018-12-10,296.0733226625832,296.0733226625832,291.8775519159179,293.3830871582031,56782
2018-12-11,292.0996485521384,295.4069087312154,287.92855333298314,293.2596435546875,38662
2018-12-12,293.7039058579143,308.5125061532713,293.7039058579143,307.3031311035156,30402
2018-12-13,308.46316252690355,310.4869925574868,299.4298920590185,305.6248474121094,51534
2018-12-14,303.08268948615046,309.42569463340993,301.7252344436636,304.0946044921875,12168
2018-12-17,307.03165802624454,307.03165802624454,297.1592574466225,298.4426574707031,65470
2018-12-18,298.6401205638699,303.47759087133545,295.18478032594084,298.393310546875,27700
2018-12-19,296.6903359766292,301.00951157353427,295.45628580608485,297.7763061523437,40006
2018-12-20,296.1720090047362,302.07077420971547,292.6919939245655,295.7030639648437,32146
2018-12-21,294.2222103871832,294.71583041304143,284.1276748327466,289.5574951171875,138406
2018-12-24,289.8536751026339,291.3838850781671,280.9685149470038,283.4366149902344,27140
2018-12-26,281.04253170515705,281.2646667282281,272.6756969042596,277.537841796875,30696
2018-12-27,277.98212093615933,282.4740509799841,277.98212093615933,280.0059509277344,40102
2018-12-28,278.99402385645504,283.6340336769498,272.5769639983505,274.69952392578125,36814
2018-12-31,277.4144741045668,279.8825744079882,274.69956377080325,278.2042541503906,31794
2019-01-01,277.0195662866405,285.75664682514054,276.6740262407226,284.5472717285156,13334
2019-01-02,285.26300630854644,285.26300630854644,281.3633963084408,283.5846862792969,48842
2019-01-03,281.93110136449786,289.2613469973757,280.45024122628604,285.164306640625,723718
2019-01-04,285.16430922112835,290.89028975609216,284.2264190738364,288.00262451171875,28374
2019-01-07,289.7549582088695,291.2358183019301,287.78047808478857,289.5081481933594,13586
2019-01-08,287.3115318395077,288.2740969216449,282.0544966078249,284.5472717285156,259552
2019-01-09,284.1276835291752,286.15154377404457,283.36257849131204,283.90557861328125,71862
2019-01-10,286.2502719903728,287.28686201855066,272.47826088357385,280.5242614746094,2565750
2019-01-11,280.3761757986886,281.24001084736415,275.489325472054,276.4272155761719,878478
2019-01-14,276.4271938875786,276.52592391103025,272.5029089487185,274.69952392578125,228540
2019-01-15,275.4399833827888,286.4723792680869,275.4399833827888,284.9421691894531,111476
2019-01-16,282.3753473044791,287.1634678783221,279.16681693712354,283.4859924316406,30480
2019-01-17,281.8817148430367,287.38559028225154,277.4144595537932,278.7225646972656,90942
2019-01-18,277.43911962993275,287.1140898691879,277.43911962993275,285.0162048339844,14326
2019-01-21,287.2868727971217,290.00178310706013,283.1404522724903,286.3736877441406,11676
2019-01-22,283.0170235535059,297.1098990845211,283.0170235535059,295.7030639648437,39914
2019-01-23,293.40774993043874,299.6273500885859,293.40774993043874,298.0477600097656,35998
2019-01-24,300.1209785824347,306.0444189491933,291.72943806286,303.675048828125,156838
2019-01-25,302.14482659077424,307.0316772346874,294.2222306556112,297.6035461425781,203458
2019-01-28,298.64012413936905,301.108224338868,293.03754873777706,299.38055419921875,72062
2019-01-29,296.1719978380503,298.3686128476506,293.25962780804,294.3209228515625,40510
2019-01-30,295.70308019917326,300.12098560167533,282.8689591043648,294.6418151855469,718716
2019-01-31,299.33121635209807,303.08271675578465,293.92607067096446,297.6035461425781,54102
2019-02-01,294.22223693702773,313.35001466507606,294.22223693702773,307.9695739746094,233046
2019-02-04,304.069936609874,305.89633673527624,291.28516586023414,293.4817810058594,83072
2019-02-05,291.2358013530775,293.6792263900644,279.586381350224,282.4493713378906,430108
2019-02-06,279.43831567195923,285.90475680693805,274.40341495066025,282.2026062011719,452180
2019-02-07,279.8332239626812,287.2375248599667,276.9702035131888,282.6715393066406,37214
2019-02-08,288.7677052532049,292.12431528863294,284.81874518136624,288.9404602050781,365824
2019-02-11,291.23580706787226,296.09795213459995,284.32512690016006,295.2094421386719,329418
2019-02-12,291.2604765756673,295.16008664837625,285.3123615686003,286.6451416015625,153092
2019-02-14,286.2996370874008,288.7677374071198,283.9796167612294,286.81793212890625,256872
2019-02-15,286.3983832796701,300.5159058534679,286.20092319168407,296.2214050292969,158112
2019-02-18,295.43159842210844,298.6894786842645,285.2136574134528,287.5090026855469,94294
2019-02-19,288.74302291791395,298.61542284584897,283.85617290231664,294.3209228515625,41810
2019-02-20,296.0486467594015,300.61463255769155,294.1975714357704,296.5422668457031,132442
2019-02-21,292.71666245698816,295.99924753581087,289.21197247884027,290.5694274902344,29034
2019-02-22,291.23582276522336,296.0979680940163,288.81707252488576,292.840087890625,102182
2019-02-25,295.8758297585101,299.6273295767355,291.2357898686556,294.197509765625,107168
2019-02-26,291.2358372242652,291.2358372242652,283.8315362778856,285.7813415527344,88118
2019-02-27,285.3617568768001,291.68011801840095,284.8187868387776,288.7430725097656,153780
2019-02-28,289.384748249314,316.2870404106574,289.384748249314,307.7720947265625,138346
2019-03-01,313.4486866943456,318.3355365381721,298.81284226435633,304.2179870605469,48088
2019-03-05,303.6504080149644,315.91685510324857,303.47762290792235,311.2027893066406,98530
2019-03-06,305.08189137975,317.8913387736729,305.08189137975,313.49810791015625,40144
2019-03-07,313.4981066687461,317.34836746789813,307.6733956405381,308.8087158203125,28954
2019-03-08,303.0827046554682,316.3857707632938,303.0827046554682,306.1925048828125,87396
2019-03-11,307.4265291650148,315.9167991682975,307.4265291650148,315.2997741699219,23064
2019-03-12,315.9168280691299,323.0496437285136,308.51252741125967,310.61041259765625,64302
2019-03-13,311.9678836907944,315.4232241747114,308.0189231377464,309.54913330078125,39362
2019-03-14,312.7823572430781,333.34161428214884,310.4623369786649,327.5662536621094,80078
2019-03-15,330.1824705218916,336.5254762480872,323.5926246372667,335.31610107421875,116398
2019-03-18,330.774780770804,341.6097468060566,328.4054105756574,334.6990661621094,104220
2019-03-19,339.610565594835,339.610565594835,331.3671054333953,335.143310546875,41136
2019-03-20,338.6233424662932,339.561232579788,331.76201195980207,336.4267272949219,452160
2019-03-22,335.66159826577115,335.66159826577115,322.06237336166765,325.8138732910156,42288
2019-03-25,321.3466336769681,341.0914345173348,321.3466336769681,326.3321838378906,837426
2019-03-26,328.94840625298707,335.6616267364455,318.40960033663555,320.3594055175781,204832
2019-03-27,323.1483975983084,324.82668779431026,309.7466003677777,311.52362060546875,324244
2019-03-28,310.0180463472333,331.71265216872456,310.0180463472333,321.6427917480469,137560
2019-04-01,321.34664108050697,329.24456159861467,321.12450604030005,325.41900634765625,206652
2019-04-02,322.8274727257667,327.29472759947186,322.3338527368894,325.91259765625,27780
2019-04-03,323.4692214817418,329.73820231180844,323.4692214817418,328.9977722167969,64588
2019-04-04,329.73818381244,336.5007843264441,317.0274678945203,323.02496337890625,141540
2019-04-05,319.3968240727977,328.2079594006986,318.8785290836682,321.6921691894531,26918
2019-04-08,325.1721719527787,325.1721719527787,315.9167970395118,319.2734069824219,28330
2019-04-09,313.4980591013223,320.97641437092284,313.4980591013223,320.1125793457031,17448
2019-04-10,320.1866147976005,327.7636695036831,318.48361982650255,324.65386962890625,100816
2019-04-11,323.8147173995725,330.94753236792644,317.0767924024126,320.5815124511719,66704
2019-04-12,317.59514461311034,323.56793502375825,306.61209876371504,309.6231689453125,65948
2019-04-15,315.8674569282031,318.0887469765641,311.22741677591256,312.8070068359375,86884
2019-04-16,310.9805885100912,323.3210880541424,304.61287869409165,309.1788635253906,40724
2019-04-18,309.0061241246326,310.3142291933628,300.1209640060329,302.6137390136719,522234
2019-04-22,305.4027418236774,305.4027418236774,296.24609559611486,299.3558959960937,54232
2019-04-23,303.5516226742541,303.5516226742541,296.4188077038717,297.2085876464844,15120
2019-04-24,296.1720146790143,300.44183994190684,294.00007452009805,295.6043395996094,296476
2019-04-25,295.6537469207582,299.0350323486281,292.7167014789343,295.9252319335937,524510
2019-04-26,301.10823537873404,318.8785574666593,291.7788042313024,300.7626953125,1571636
2019-04-30,295.6784018836494,306.04442265085584,292.3711416132388,296.270751953125,1420108
2019-05-02,296.2707720824587,303.08272302380766,293.2843766841626,298.5414123535156,739380
2019-05-03,300.78735356451085,302.66313378314226,294.222213183828,295.28350830078125,53174
2019-05-06,295.6784051392712,301.1082256009273,292.4945498429376,295.94989013671875,39484
2019-05-07,295.7031030196465,310.83257052912336,295.7031030196465,306.291259765625,419038
2019-05-08,305.05714580415145,306.0443857582102,296.1719862176228,300.5652160644531,99808
2019-05-09,302.0954353016574,302.0954353016574,293.2349504138254,294.0987854003906,674592
2019-05-10,296.0979132852348,296.0979132852348,284.2263595803648,287.4595642089844,266964
2019-05-13,287.0400123185932,288.81703215786087,279.58636282900085,283.5599975585937,83876
2019-05-14,278.9447090223998,298.39335319241667,278.9447090223998,295.3082275390625,51690
2019-05-15,296.1719916877886,299.3311716503942,289.3847168782768,293.1115417480469,15428
2019-05-16,300.1210319723236,308.5125739847076,296.1473960450368,304.3168029785156,246816
2019-05-17,306.04443997869186,306.04443997869186,292.7166982376843,296.24609375,274694
2019-05-20,301.10824930597124,308.01893043758366,294.02481319733994,296.8631286621094,325414
2019-05-21,298.6401281812514,307.25380401971785,298.6401281812514,304.2920837402344,396400
2019-05-22,308.51251065140696,315.9414858822579,302.19418045890114,305.1312255859375,125056
2019-05-23,310.98061257745104,319.8657729368068,303.1567473122884,305.6248474121094,84474
2019-05-24,306.0444264597707,309.0308216923316,297.1839406680824,304.0699462890625,239788
2019-05-27,306.04441832876574,312.9057487909551,301.84864807748426,303.946533203125,82616
2019-05-28,304.06998383962826,313.4487658087077,300.12102301054216,307.3525695800781,959916
2019-05-29,309.49974722613416,309.49974722613416,298.6401069725856,302.5643920898437,55592
2019-05-30,305.9950306542377,313.4240051576801,305.9950306542377,310.6350402832031,188098
2019-05-31,312.8317220561782,323.32114863399875,310.9065917153304,321.54412841796875,783740
2019-06-03,324.0121991943855,334.6743797730532,322.33387904395835,327.81304931640625,97224
2019-06-04,330.4539091284309,335.66159400986106,326.9245141401462,329.5653991699219,171600
2019-06-06,332.6258387894293,332.6258387894293,318.9772632984107,322.4079284667969,79768
2019-06-07,321.8402225364658,323.37043240216474,316.015512878158,319.52020263671875,85418
2019-06-10,324.7773190794407,326.9986093123492,318.3849333835465,320.4828186035156,78980
2019-06-11,317.3976680641989,325.1228333117436,317.3976680641989,320.6555480957031,98094
2019-06-12,318.38494873046875,322.70412439154103,317.24962858233687,318.38494873046875,79654
2019-06-13,315.4232037282437,324.8019844337784,315.4232037282437,316.9781188964844,58812
2019-06-14,317.39771078130843,323.09901666784083,317.39771078130843,319.9151611328125,27342
2019-06-17,322.33385402766817,324.7032239581328,315.9167941465661,316.4350891113281,309334
2019-06-18,315.44786123230693,318.3602313413529,311.9678461889042,313.0784912109375,68152
2019-06-19,316.41043341017155,323.3211137030614,313.4980632354694,320.8283386230469,247814
2019-06-20,321.05046814923446,327.27006825484403,318.7797980150563,325.1228332519531,78676
2019-06-21,325.7892622137404,327.541607522739,321.34668136537124,324.4564819335937,263878
2019-06-24,325.2956152691807,325.2956152691807,320.8530347875075,321.2479248046875,21546
2019-06-25,318.95261187297024,323.8641073374421,315.89216149401966,318.8538818359375,18112
2019-06-26,316.50917025162664,320.8283455276364,315.25044519682467,315.9908752441406,39928
2019-06-27,317.1755577786604,319.84111810561893,315.91683267410986,316.5585327148437,23170
2019-06-28,316.41043054987614,316.48448560361487,312.905740484291,313.79425048828125,76588
2019-07-01,315.9168026571912,334.7730928414272,314.36188759284323,323.6419677734375,110168
2019-07-02,323.3211170639627,327.17134724153203,319.6436418442413,323.3951721191406,60254
2019-07-03,323.3951891315551,325.7892343325768,321.0998438383957,323.0989990234375,88222
2019-07-04,323.4198566470501,324.38242175191584,321.3466464507648,322.7041015625,416562
2019-07-05,325.7891971183363,325.7891971183363,315.4231772100256,317.6938171386719,17046
2019-07-08,315.91680633594603,319.32279645552524,296.14733096508934,301.5277709960937,353936
2019-07-09,306.0444430918768,313.44874413442216,303.5763427443616,310.85723876953125,35922
2019-07-10,313.4487085570059,324.530483885168,311.5235784531812,320.3840637207031,915270
2019-07-11,320.35938369998155,327.5168737826468,316.4597736036736,321.5193786621094,34608
2019-07-12,321.5194305381413,324.9500961569243,317.3977148767828,320.63092041015625,42654
2019-07-15,320.6308900207474,324.7773103959185,310.48700425398306,312.2393493652344,21406
2019-07-16,309.2529102165876,324.11085921483084,309.2529102165876,321.1491394042969,118714
2019-07-17,318.0887384078326,328.2572983040262,318.0887384078326,325.8138732910156,51552
2019-07-18,325.8138948281303,326.0607048431699,318.952594486935,323.3457946777344,15018
2019-07-19,323.34576475093775,331.0709295579559,313.49804003666475,323.07427978515625,99152
2019-07-22,322.7781619532427,330.2318126386592,316.18831622502705,324.1849670410156,34966
2019-07-23,325.76456880937417,332.6999247158721,317.15089262603533,330.79949951171875,62426
2019-07-24,330.7747693002405,339.5859048926278,326.356894144318,336.4761047363281,48810
2019-07-25,336.476088189398,345.53400322260666,335.66160313053217,340.696533203125,139634
2019-07-26,338.77143513465097,342.0540205266123,332.4037545506688,335.6863098144531,234070
2019-07-29,334.00801480630946,334.03268978287286,330.7254294626115,331.3177795410156,279092
2019-07-30,332.576523065962,334.1807882978201,327.19605223707447,333.0948181152344,35006
2019-07-31,331.6385883317321,331.6385883317321,314.9048882379381,317.5951232910156,216392
2019-08-01,314.5840518312061,325.6164780253261,314.5840518312061,319.7177124023437,570644
2019-08-02,315.86750338086586,318.3602787760996,309.4751172759704,313.3253479003906,460290
2019-08-05,309.5738123690415,312.9304225311778,302.3669418889799,308.6852722167969,490942
2019-08-06,312.9550966571013,316.8300018120744,304.5635562104597,309.228271484375,63078
2019-08-07,304.6622731255339,319.8657632545927,304.6622731255339,313.1278381347656,117646
2019-08-08,316.4104559028785,323.3211366870287,309.45042516439804,319.1253662109375,119398
2019-08-09,317.5951697289944,320.359430110106,310.98064864309214,316.53387451171875,58944
2019-08-13,313.6954899323885,327.1466340718969,313.6954899323885,321.1491394042969,37430
2019-08-14,316.435093820741,329.24453879967643,316.435093820741,319.7670288085937,112060
2019-08-16,315.9415206625292,321.3466664697997,311.375535002244,314.238525390625,227112
2019-08-19,316.4104734212688,320.85305417133344,303.0827311710749,313.3253479003906,1058410
2019-08-20,307.5252577004823,311.967837667263,304.5635377226285,310.3388977050781,82280
2019-08-21,312.9057680208827,322.531359188902,308.43848237626,316.4598083496094,383212
2019-08-22,318.1874602865138,318.1874602865138,306.0690945375715,311.79510498046875,40450
2019-08-23,309.77120717525946,315.49721692315364,305.10649241765395,308.2409973144531,130890
2019-08-26,320.3594345490529,320.3594345490529,305.1065619006076,314.3619384765625,628814
2019-08-27,316.90405769226555,352.93831970400294,314.4359575544753,343.8310241699219,146274
2019-08-28,344.5467947661148,345.53403486573114,323.3211326243627,337.5373840332031,533464
2019-08-29,342.9671778759407,342.9671778759407,335.0692576939816,338.25311279296875,153740
2019-08-30,333.68713922610226,348.00212005089065,333.563734218992,343.5595397949219,163104
2019-09-03,340.59782168703026,343.0165718923099,332.23095612864853,338.2778015136719,35278
2019-09-04,334.6990799589298,339.4131455668797,328.60288419085225,330.79949951171875,74936
2019-09-05,331.0709620963911,331.219042080628,319.5202412750959,322.5313415527344,139348
2019-09-06,323.6172317408481,344.0531100108378,318.6810321711087,337.315185546875,57848
2019-09-09,341.5850826287996,347.6319283834279,336.6488820127765,343.1646728515625,215106
2019-09-11,343.1646850546434,345.5340554089548,338.12975422162003,344.0038452148437,41930
2019-09-12,344.52211865845294,345.53403373160296,338.6233530569709,343.584228515625,21778
2019-09-13,345.534020477947,359.5775163358644,340.5978201854049,344.5961303710937,267426
2019-09-16,347.36040610770266,363.3043263612361,344.62082108536896,356.3936462402344,266616
2019-09-17,355.30315733631306,360.8547753150132,339.59010681096765,344.5221252441406,216688
2019-09-18,342.0189297465433,361.7965582203963,340.5318909215584,360.7308349609375,78000
2019-09-19,359.3677607723304,360.25997812760863,347.12446687179244,353.2956848144531,27104
2019-09-20,353.29562518621003,363.1844389850955,347.5209459034309,355.2039794921875,374228
2019-09-23,362.78792907267103,380.4093336631339,352.18037301267816,361.7965698242188,141658
2019-09-24,366.7285656750223,367.79428899130806,344.49734615762685,352.4034423828125,679104
2019-09-25,357.8559342958375,360.953932150996,351.9573342780618,355.7245178222656,238782
2019-09-26,356.88935031465905,360.8547875403775,351.932553782511,354.43572998046875,147886
2019-09-27,346.97570262975626,350.1480640124948,338.549149851605,340.92840576171875,2301170
2019-09-30,341.8702745485773,348.9584877808486,336.5417180945374,345.7117919921875,432292
2019-10-01,348.46276565721206,348.46276565721206,337.285196508031,344.6460266113281,291192
2019-10-03,346.48006423321544,346.9509659363836,339.71402512624934,344.8195495605469,218330
2019-10-04,346.8765896793513,351.43684820328764,342.46505924351567,349.4293518066406,86500
2019-10-07,350.94120282787424,356.5919631105553,347.00054344025864,355.15447998046875,161052
2019-10-09,355.15444939827006,355.89796883176257,348.4627744968372,353.8904724121094,92914
2019-10-10,353.7169313782065,353.7169313782065,344.02640177171054,345.9595642089844,49044
2019-10-11,345.3895622594188,347.91754654031115,341.05236547021934,344.4973449707031,326844
2019-10-14,349.4541620409262,349.9498417033956,341.52328744141585,344.0760498046875,58128
2019-10-15,345.3400176813753,345.3400176813753,338.6978982799074,344.299072265625,78272
2019-10-16,344.4973665671633,347.3970805007427,341.0523868507145,344.7204284667969,324800
2019-10-17,344.2990269116408,348.83450720635574,343.6298715748577,347.29791259765625,48926
2019-10-18,348.859323564535,364.3245343382412,345.2408682538572,357.4841613769531,132826
2019-10-22,359.3677494489113,366.8029442650957,352.7504381640613,363.6058044433594,290242
2019-10-23,366.3072419123575,369.2813196545417,356.8893290621074,359.2685852050781,121776
2019-10-24,361.9452904116699,364.2997687747406,359.5164479987376,363.9280090332031,71408
2019-10-25,364.3245241005695,364.3245241005695,355.7988285062149,358.3268127441406,31274
2019-10-27,369.2813044013054,369.2813044013054,359.36771233684084,363.5314331054688,7162
2019-10-29,361.4000085158959,367.7942878866376,361.4000085158959,362.8127136230469,60638
2019-10-30,366.3072501886009,366.3072501886009,352.9486779773602,356.19537353515625,42192
2019-10-31,359.3677107493083,361.8461087544759,349.47889665791297,356.8893127441406,230800
2019-11-01,361.84610912552535,361.84610912552535,353.4195558993145,355.947509765625,190256
2019-11-04,357.97984145356094,362.2674521799816,355.0305415497703,356.5423583984375,96486
2019-11-05,354.4109404251872,359.3677367947703,346.2074484843041,349.5780639648437,295666
2019-11-06,351.3872993024811,354.6339948050492,344.2742785103805,346.9757385253906,278610
2019-11-07,350.8668239226405,358.10376487775886,347.2483685720236,354.6835632324219,51688
2019-11-08,357.3850060955917,371.75971507863215,354.4109283749626,362.7135620117188,91280
2019-11-11,364.3245354996421,370.7683708214045,356.39366125747307,367.918212890625,52446
2019-11-13,369.2813129164716,369.2813129164716,350.71810529694085,359.51641845703125,135366
2019-11-14,357.7320086924897,357.7320086924897,350.96596938287234,352.82476806640625,22228
2019-11-15,349.9498175362023,361.350448985682,349.9498175362023,353.61785888671875,73768
2019-11-18,355.2040007271452,364.9936731432306,353.0478064990796,363.6305541992188,155340
2019-11-19,361.4991191368711,366.307217213316,358.4754857377453,364.6962585449219,22996
2019-11-20,359.3677135295979,364.324509578282,349.5036772911637,351.2385559082031,147500
2019-11-21,353.0725981787144,360.7308545949911,351.2385774773,357.4593811035156,28828
2019-11-22,356.4432047878128,359.0455228084903,350.0985116643663,354.212646484375,263538
2019-11-25,351.93253062045693,395.05665761197776,351.93253062045693,384.4986877441406,295946
2019-11-26,381.0289489215328,381.6733264088488,369.9504907104517,377.1130676269531,119558
2019-11-27,378.6991983206532,378.6991983206532,369.6034901484044,372.1809997558594,120028
2019-11-28,372.75109959383815,372.75109959383815,363.63058186392425,368.3395385742188,685236
2019-11-29,370.2726984936172,378.6992525423341,368.7856595438437,373.0484924316406,311646
2019-12-02,373.8415836736963,384.64739357648574,369.7770046495598,372.8997802734375,682778
2019-12-03,372.7510605854536,375.5268542542181,365.8115461596606,370.1487426757813,88730
2019-12-04,368.6369162142293,387.62143841309705,366.3072160962644,380.4588623046875,453934
2019-12-05,382.6398568730295,382.6398568730295,371.8836039632044,374.38677978515625,46990
2019-12-06,376.22082303262783,378.748776935642,370.79312526616326,372.7262878417969,62298
2019-12-09,373.4946176384942,377.4600548529706,368.8600249956289,374.9568786621094,19160
2019-12-10,372.751083162233,377.43526173413096,368.5625842221998,373.2219848632813,38764
2019-12-11,376.7660937988916,384.1269548306091,372.4288968160881,378.7736206054688,85592
2019-12-12,382.16899930854095,382.16899930854095,372.8006420877507,373.5689697265625,18456
2019-12-13,376.2208610485966,383.8543398960643,374.33728439583655,379.1205749511719,29392
2019-12-16,376.7660759430606,396.0232477863964,375.0064193013517,389.0093688964844,419896
2019-12-17,386.6301087195381,386.6301087195381,380.6819532007759,383.2842712402344,72596
2019-12-18,383.1603443825861,391.80995975998127,375.2790263616498,384.4739074707031,80290
2019-12-19,383.1851163504663,383.1851163504663,378.35224015434426,380.3101806640625,59832
2019-12-20,381.6485379163484,387.6214714187636,372.3297669048837,380.1614990234375,233752
2019-12-23,383.903876951106,387.6214742101548,375.2294833466588,377.9804992675781,38540
2019-12-24,376.7908829281248,390.9920861783878,376.7908829281248,387.10101318359375,62760
2019-12-26,388.6128564997677,404.9702854085589,387.1753733728953,400.0134887695313,152530
2019-12-27,400.06300529572695,432.2326244212963,392.1569396369987,418.2296752929688,389584
2019-12-30,420.3362921154232,420.3362921154232,404.5241011005664,415.8008117675781,65576
2019-12-31,416.370896719824,418.8492949145849,403.9789057460197,412.75244140625,75210
2020-01-01,413.6446736671393,424.25223042594536,412.1824126285634,418.2792663574219,36198
2020-01-02,421.2533134248591,428.267192157228,413.942039021712,415.7512817382813,45840
2020-01-03,417.3374522622096,427.84586600902793,414.412930471664,424.7974243164063,64582
2020-01-06,424.3017782467107,431.216515379896,422.4182016370466,427.6723937988281,75026
2020-01-07,426.2844596685425,428.2424001561687,420.83198402161935,425.3922424316406,824964
2020-01-08,421.82334768527465,430.200345187393,418.0313865710397,422.9138488769531,201450
2020-01-09,431.2412738473419,433.2239923477894,423.3351777760306,430.9438781738281,764578
2020-01-10,431.1917326476215,438.0073277246515,430.94389282663855,437.4125061035156,107676
2020-01-13,438.6764584133402,439.5438977378863,429.0354838697507,430.8447265625,156966
2020-01-14,431.712184507649,435.9750172705872,418.35361228268,424.72308349609375,96552
2020-01-15,424.3265292670905,429.63030720958034,413.8924794000572,425.8135681152344,104694
2020-01-16,426.2844947976157,445.6160009570424,419.24583778622696,433.967529296875,134410
2020-01-17,434.0170484575296,441.0557048737,428.8124126239636,433.2735290527344,26240
2020-01-20,431.2908638372782,441.1549012591207,427.7219944571669,436.66900634765625,31768
2020-01-21,441.0309529208489,445.12030988808345,427.8458868007732,443.9554748535156,42478
2020-01-22,446.1116664400267,446.1116664400267,437.8090326479484,441.4027099609375,57376
2020-01-23,445.61599811241206,445.61599811241206,433.7196867056291,436.1485290527344,58502
2020-01-24,436.1485503764987,437.3877495419577,416.37091959421895,422.4677734375,171962
2020-01-27,424.30171285314094,424.30171285314094,401.6987365129836,405.8624267578125,169344
2020-01-28,405.4411644595862,419.3449722035,399.1708049604271,413.99163818359375,874568
2020-01-29,420.83199409588735,427.5236689136665,410.6705619651857,419.81585693359375,266656
2020-01-30,430.5969167979802,436.0989487959935,421.8233809668125,433.050537109375,278220
2020-01-31,437.6851032868147,437.6851032868147,422.3190351080024,435.3058471679688,226576
2020-02-03,416.7674395562023,425.2435796398833,406.9777665653152,410.5962219238281,664196
2020-02-04,410.4227251238558,434.7853905343915,410.274027288718,427.4245300292969,504194
2020-02-05,434.6862542510976,438.6021051457857,421.4763801111857,436.3219909667969,57998
2020-02-06,442.14623403091474,445.5416274261232,433.71968024333006,438.92431640625,97108
2020-02-07,435.2066801768357,442.14619443933645,428.8867654020582,432.2078247070313,54578
2020-02-10,440.1635217693107,440.1635217693107,424.6487550370026,434.884521484375,73090
2020-02-11,446.1116813542153,452.9768323490569,434.2897338998824,438.0816650390625,299194
2020-02-12,437.1894226074219,443.1375780170467,434.7853885642517,437.1894226074219,687876
2020-02-13,438.6764908868776,442.64192809263466,435.1571774683221,440.3370056152344,1300454
2020-02-14,438.6764765527782,441.1796526563421,425.3179043516089,430.3986206054688,1154778
2020-02-17,430.2250996688997,433.6452706357198,416.8665288701444,427.721923828125,51196
2020-02-18,431.2413047663333,431.2413047663333,419.0723751481294,423.6821899414063,60842
2020-02-19,432.2326514289594,433.6453263188878,419.6175983840689,429.5559692382813,208840
2020-02-20,427.5732354788552,434.5375584629784,420.7080847251007,424.0291442871094,846872
2020-02-24,431.1421190467991,433.6948811417442,424.5248083499471,429.2337646484375,94596
2020-02-25,429.258560510132,485.2703588215002,429.258560510132,462.8904113769531,561364
2020-02-26,462.469103138031,465.393625109375,447.7226338793425,455.70306396484375,238886
2020-02-27,453.150336699272,453.150336699272,432.3565695779368,438.3790893554688,131532
2020-02-28,429.87817546539975,437.1894502859413,419.7911067128506,424.52484130859375,77884
2020-03-02,416.7674179886385,428.3663331854846,389.2324211785808,400.9056701660156,264990
2020-03-03,397.1137388833024,428.2424129072856,397.1137388833024,413.8429260253906,169738
2020-03-04,418.3536009365056,433.7196692173488,406.2094501984199,428.39111328125,284766
2020-03-05,436.19808830116,440.0643834875978,416.6682981552132,421.9720764160156,94116
2020-03-06,416.34612542156304,420.3115625963548,406.4820883477148,415.0325622558594,234208
2020-03-09,402.4918471196805,411.26538235028255,389.2324174270063,402.4422912597656,468308
2020-03-11,404.4745892295803,413.39682281552695,396.6180789790645,407.42388916015625,486734
2020-03-12,399.5177255820054,399.5177255820054,370.7930890132677,378.9718017578125,210328
2020-03-13,343.0102626148669,380.6571320263353,322.1917206642536,372.4288330078125,592180
2020-03-16,339.6644909998917,350.0985419145253,322.78660442966003,330.197021484375,1322100
2020-03-17,327.7929251331594,334.5837419464037,302.93461045791554,321.02691650390625,899430
2020-03-18,320.878152084451,321.69603546260265,258.3234156167064,275.2508544921875,797462
2020-03-19,267.54308302884124,330.2961127271048,239.41326373863885,320.8286437988281,766902
2020-03-20,318.7220107184516,330.0978645856958,300.97668553482634,321.2004089355469,222318
2020-03-23,304.84296965727094,323.38139975099006,262.7102014932579,289.8238830566406,142262
2020-03-24,309.3040883983838,309.3040883983838,252.89575268676296,270.2693176269531,382200
2020-03-25,258.2491301559256,297.40782743484715,258.2491301559256,268.2122802734375,191402
2020-03-26,279.513756219335,306.8256918051192,261.297529767254,281.96734619140625,457628
2020-03-27,295.8216161509614,317.2349835943577,265.88258272657527,282.4630432128906,152716
2020-03-30,273.14423478068915,295.42503862726323,263.30500692124986,266.9234619140625,467644
2020-03-31,268.18743758695337,288.98120255206794,268.18743758695337,282.6860656738281,135878
2020-04-01,285.0158113084799,291.2861712588209,248.8559731969137,255.02719116210935,149184
2020-04-03,255.27502042153773,259.11653771914337,240.404630882419,253.8127593994141,93268
2020-04-07,262.6358404685771,266.3534377022771,248.58333502674432,250.86346435546875,1436052
2020-04-08,249.7233840678577,290.31955665118164,248.63289799066604,267.6669921875,197840
2020-04-09,267.66699702850383,277.580589511041,258.22430623966386,274.978271484375,213428
2020-04-13,275.102209850938,275.102209850938,239.09108576701007,242.31300354003903,1612064
2020-04-15,242.6352129884372,267.2209139905112,239.9089746402525,264.3459777832031,2234688
2020-04-16,261.7188484736144,264.1476907977452,251.0617362725108,256.7372741699219,421706
2020-04-17,266.10562218312003,268.53446469911984,258.7943469559636,263.8998718261719,176944
2020-04-20,265.11424530274434,282.51261894706505,260.5540167843047,278.249755859375,348078
2020-04-21,276.58923920604184,279.86071272950585,267.6670056832663,273.4912414550781,427046
2020-04-22,275.201358476734,278.57197417757146,264.1972637662733,269.55059814453125,62638
2020-04-23,273.6151696695569,274.60652897995385,255.5724181187784,266.6260986328125,106006
2020-04-24,264.1476957311275,286.50283568754656,260.55401829387023,272.8964233398437,350212
2020-04-27,278.5719449806335,279.53852628534645,263.25543270131953,268.3113708496094,1260442
2020-04-28,268.1626920511671,274.978287274279,258.4225747762204,263.4537353515625,188376
2020-04-29,267.6669882558836,270.14538629528994,263.4537115888929,265.7338256835937,161706
2020-04-30,267.6669964667176,274.4578133537795,265.461216093206,268.6583557128906,230184
2020-05-04,268.6583259642744,282.0416743056681,261.7188120094777,268.98052978515625,318066
2020-05-05,275.0774353667793,275.0774353667793,252.7966284370864,255.2998046875,451150
2020-05-06,258.2491154813885,269.60019235170296,253.11882772426785,264.8912353515625,155242
2020-05-07,260.25658641111653,269.9471172285047,260.25658641111653,268.4105224609375,63866
2020-05-08,265.18863847241835,269.996737594565,256.0929281142186,261.17364501953125,48088
2020-05-11,264.69292395976487,265.70906115639923,256.26637020074617,259.2404479980469,57340
2020-05-12,255.52289568393135,260.18229715392346,253.936714529005,257.18341064453125,123632
2020-05-13,264.6681614836542,270.1454156960727,260.57880427357605,264.7673034667969,89244
2020-05-14,265.68424101792925,265.68424101792925,254.308389199688,257.5550842285156,123530
2020-05-15,260.2318324166236,267.86531160239923,256.9107725045293,260.1326904296875,96260
2020-05-18,259.7361245031522,259.7361245031522,230.5158044457709,240.10720825195312,864388
2020-05-19,243.87437730181077,247.83981433110847,241.32163023958867,245.95623779296875,238720
2020-05-20,245.41098086540188,253.78796334899408,240.6028825402401,242.73431396484372,70120
2020-05-21,242.85824723750056,247.22022204689952,240.40462695287476,241.7677459716797,558646
2020-05-22,242.3873380063448,246.6006148428559,235.74523401888032,242.16427612304688,659080
2020-05-26,245.36140330432343,246.6006023109109,238.05012916545724,245.9810028076172,152770
2020-05-27,245.46056596086376,248.6081196012911,232.44897529519375,242.0899353027344,386886
2020-05-28,243.30434605192423,246.2288528031613,237.92621911528417,243.40347290039065,777158
2020-05-29,243.50260848903417,277.0849020770893,243.50260848903417,260.3804931640625,282102
2020-06-01,269.64972823034776,312.4516536888868,269.64972823034776,281.74432373046875,510990
2020-06-02,279.81115279276804,307.27181655901484,279.09241127423303,294.607177734375,617352
2020-06-03,302.36457887254755,309.30409379749125,297.9034621350837,299.6878967285156,158630
2020-06-04,297.383001793064,302.3645760526631,286.2797659151504,293.3432006835937,143384
2020-06-05,299.81179688967705,349.45412141657783,295.17720468591784,312.10467529296875,966906
2020-06-08,319.7133552677351,332.1053457819884,302.8602481683506,305.2642822265625,240332
2020-06-09,309.3040640083348,310.1715032904094,287.49416205902907,289.9230041503906,109476
2020-06-10,290.1708631480018,304.81818994386424,289.9725791974246,297.38299560546875,217534
2020-06-11,299.39049367205087,310.79112505360246,296.01987827089056,301.8193359375,191948
2020-06-12,287.9898854714446,307.32139241358976,286.9737482085962,297.3334350585937,467334
2020-06-15,292.6740805113928,298.0026372062045,290.6169976857942,292.1288146972656,140354
2020-06-16,294.83020907023115,299.34091141489506,286.62671804593555,291.13739013671875,110722
2020-06-17,293.93803462927224,293.93803462927224,278.3736814023233,281.1495056152344,103524
2020-06-18,282.5374044504098,288.46078240150683,278.32412736650014,283.38006591796875,103362
2020-06-19,284.81748553475427,304.694255610536,283.3800328497264,299.7622375488281,453946
2020-06-22,302.36455656618944,307.3213525754712,296.5155433260133,299.14263916015625,120126
2020-06-23,301.76973423923204,305.3634113369695,295.9454989428989,298.8204345703125,68964
2020-06-24,301.3732188098975,301.3732188098975,292.5749052673388,296.8377380371094,110942
2020-06-25,295.44981820188207,299.88615665272766,287.9898463061732,289.9725646972656,84964
2020-06-26,291.4348219746672,301.8440933997913,288.5350782110539,297.50689697265625,146382
2020-06-29,300.3818702891536,302.3645889049236,287.49419928664867,289.99737548828125,62510
2020-06-30,287.64286221126656,301.8440946741969,282.5373684462596,289.9477844238281,249972
2020-07-01,292.45099491277153,296.2429563551437,277.9771430120743,282.0912780761719,229156
2020-07-02,282.56218325719044,284.44575990858027,270.29411171018194,272.6485900878906,810274
2020-07-03,274.11085424956326,282.0417288752287,274.11085424956326,279.31549072265625,120412
2020-07-06,280.0590074524217,289.947822704395,278.72066632178354,289.08038330078125,128074
2020-07-07,289.9725677876314,292.94664540596614,286.0071309631852,290.3195495605469,253780
2020-07-08,292.45095734601495,293.5910143492995,287.98984104751645,290.8647766113281,97848
2020-07-09,291.4595879983813,294.45844335473146,283.0330352841424,290.4434509277344,225054
2020-07-10,290.4434643460305,299.8861545671624,286.50280552036344,297.20947265625,414430
2020-07-13,300.8527556459685,300.8527556459685,291.7074604774205,293.9380187988281,493158
2020-07-14,296.31727110025173,296.31727110025173,282.2647659598651,284.7431640625,187494
2020-07-15,285.065347385881,293.93802499747653,285.0405694547862,288.6342468261719,116854
2020-07-16,289.9725578419551,291.45959660011897,282.9834877801373,287.69244384765625,70384
2020-07-17,287.07285579281654,292.30226958308793,287.07285579281654,290.0221252441406,45004
2020-07-20,286.00713253882265,293.93800623140703,286.00713253882265,290.0221252441406,143138
2020-07-21,292.9466567531028,294.90459731178925,289.476899397313,290.12127685546875,82012
2020-07-22,291.0878706197479,292.40143377646103,287.3950512252211,288.0394287109375,74990
2020-07-23,287.4941739408526,292.20313023815964,287.4941739408526,290.04693603515625,176000
2020-07-24,290.0469272786184,296.71379363200555,286.5028060708263,291.5339660644531,89542
2020-07-27,289.9973584716946,296.91209528922366,287.4941824169444,292.0296630859375,926948
2020-07-28,293.49187886430315,294.929361804905,287.98984740949544,289.3529663085937,29656
2020-07-29,288.2128995095513,298.32474484773616,287.44460220688154,294.9293518066406,193436
2020-07-30,302.364578780418,310.2954529779371,300.1587983434561,304.4216613769531,334666
2020-07-31,302.4884826932193,312.10467925073044,297.15992687355174,305.8343200683594,234052
2020-08-03,307.3213479003836,308.9570845077868,295.1524199334915,300.3570556640625,343414
2020-08-04,304.34727992508004,306.4291403336502,292.5501112816922,295.7224426269531,213068
2020-08-05,299.73749901290086,309.7254260948786,297.45735440509435,300.8031921386719,141102
2020-08-06,302.31500119589435,312.0303092882244,302.31500119589435,306.40435791015625,140040
2020-08-07,310.8902722208349,316.4170819827204,295.1772217861442,298.3991394042969,139406
2020-08-10,297.65561569213867,302.2158743063919,295.49942141857,297.40777587890625,85426
2020-08-11,298.89477637945544,302.76107091866254,298.67171452541123,300.48095703125,300138
2020-08-12,301.6210247303851,301.6210247303851,292.9714099999948,296.4907531738281,169182
2020-08-13,297.4821387230449,299.6631109183523,290.5921798414554,296.7633972167969,631598
2020-08-14,297.2590872140652,330.5935431224045,293.96280549480946,313.2943115234375,922974
2020-08-17,315.74791548066287,329.13126511642093,310.19629772912737,313.4429931640625,417754
2020-08-18,316.78885334162004,325.66153120977214,314.8557208520665,320.3081970214844,249892
2020-08-19,323.0344218251047,327.0494147377787,315.0787697921344,319.5398864746094,233118
2020-08-20,314.7813432300878,323.1583410852774,313.0712424544564,321.7456359863281,323240
2020-08-21,324.6453918981498,352.4282301511292,321.67131400657905,343.9768981933594,1064608
2020-08-24,353.91524255509955,365.8115532292205,344.00165032666536,359.4916381835937,706120
2020-08-25,334.58375493619855,336.1451578941211,318.2263269170955,322.73699951171875,23971936
2020-08-26,325.16584563318315,327.1237862727574,319.98598731584104,322.1422119140625,1014318
2020-08-27,323.6788185342119,326.8511804651979,317.5076007058683,319.7381591796875,1175454
2020-08-28,323.65402923212764,324.67016645039394,319.21769037260106,322.4643859863281,843250
2020-08-31,322.687449492306,324.5462481644967,303.03373943012247,319.6390075683594,2080298
2020-09-01,319.6638178947909,326.1572091982477,317.0366915507245,323.1335754394531,692920
2020-09-02,322.8361464627303,328.1399247104895,322.2661330237966,326.5785217285156,560616
2020-09-03,328.1398826068752,332.17968329339124,326.77676375918804,328.9825439453125,488364
2020-09-04,321.5473848910835,327.14855870911424,318.6972269932389,321.7704467773437,167860
2020-09-07,324.57101736598617,326.1571982410354,313.0216879775287,315.1283264160156,248294
2020-09-08,315.74794152954274,320.45689827134913,310.54330513070414,312.1294860839844,268234
2020-09-09,312.1294987089717,316.6401716688584,305.73521877306626,308.7836608886719,364960
2020-09-10,309.7997592463544,312.6994728913472,301.1501439174196,304.5951232910156,352222
2020-09-11,304.892540588109,309.7997812242552,302.364586474873,303.5542297363281,163914
2020-09-14,308.26316469010976,322.9848250534614,306.2556380461229,316.590576171875,469818
2020-09-15,317.2349652463126,320.7047226786941,309.0810292294392,312.92254638671875,308090
2020-09-16,314.2608851407511,317.87934038575906,309.1801689377658,314.1617431640625,333350
2020-09-17,312.2781804113628,316.36753753579734,311.3611851577406,312.72430419921875,125780
2020-09-18,314.23608720492695,319.14329707283,311.7824671440346,315.8470458984375,548578
2020-09-21,314.75656646152714,315.8470677031942,287.19679101148864,295.5489807128906,708754
2020-09-22,297.77952643885186,299.8118007432902,268.65834927982974,291.6330871582031,842712
2020-09-23,296.0198720514322,296.0198720514322,281.2981814390021,281.86822509765625,682376
2020-09-24,279.4889423322807,279.4889423322807,268.5096568742365,271.805908203125,775388
2020-09-25,273.1442662107718,276.7131657563009,271.63244932279963,274.50738525390625,128600
2020-09-28,276.09358165017227,297.40780788169366,275.5979019703695,280.3564147949219,954438
2020-09-29,289.9725723846039,296.88730900762863,278.7206391660829,283.107421875,514658
2020-09-30,281.05034347593687,295.6976701407052,277.7045060536043,288.83251953125,687488
2020-10-01,291.9552976876634,300.3818512711783,288.0890026824744,297.38299560546875,798758
2020-10-05,299.2417756865278,303.3559102486002,295.10283294175485,298.7708740234375,295656
2020-10-06,298.77088526413576,301.24928331692826,294.45846660150033,298.5726013183594,152464
2020-10-07,298.89484136961977,298.89484136961977,287.4942089459029,287.5685729980469,1111342
2020-10-08,287.5685459648103,299.3657149652196,283.05784323408574,286.9737243652344,417536
2020-10-09,285.04060009064915,288.9812596825523,278.37370219985394,279.7864074707031,180632
2020-10-12,283.0330326702842,286.47801171065464,278.39844082180605,280.0093994140625,330458
2020-10-13,280.009469382299,281.34778034409976,275.9696678014768,279.7864074707031,176124
2020-10-14,279.81113218412105,293.417543156871,278.47279122298664,284.9166259765625,369186
2020-10-15,283.5287819522796,296.8129915594061,274.4826276329979,279.1420288085937,1155296
2020-10-16,280.5546491952636,283.47917089090106,278.07625123417466,280.1581115722656,110990
2020-10-19,282.5126157595387,288.9812289853639,280.05899550039555,283.9005126953125,389538
2020-10-20,282.11605883147485,284.14833310713834,278.20017785674906,282.438232421875,261284
2020-10-21,280.55467249088616,290.3691231809566,277.0849150572533,281.3477478027344,277120
2020-10-22,282.7604177572889,285.48665540193053,275.07738439511706,276.8865966796875,222398
2020-10-23,277.5806053648604,282.51262395738803,277.5806053648604,279.5633239746094,259236
2020-10-26,280.926410132978,282.51259088587256,277.58057287069727,280.802490234375,239868
2020-10-27,281.4964479817094,281.4964479817094,275.8456886200166,277.9027709960937,258004
2020-10-28,278.3240859414822,289.10511687510154,278.3240859414822,285.7840576171875,287796
2020-10-29,285.61061006220064,291.4596236701097,280.4059739252344,287.0232849121094,270936
2020-10-30,288.38638940173377,291.7322267501429,278.57193923051005,285.610595703125,361446
2020-11-02,286.50280353057923,287.0480389789984,278.07625048556224,279.8359069824219,138002
2020-11-03,281.2486118780868,286.92411898876634,273.6894981195529,275.1021728515625,143302
2020-11-04,275.10219059280627,278.0762683289447,272.6237924793575,273.39208984375,160558
2020-11-05,277.5310481087994,283.38006192743745,271.65722610455583,272.5990295410156,250084
2020-11-06,273.9621172910448,276.53965722720085,272.8468382060247,273.540771484375,245122
2020-11-09,275.54830949812623,279.0676226556407,275.07740781409416,278.0762634277344,133908
2020-11-10,282.53739446688746,309.3040949953294,282.53739446688746,299.0682983398437,3449534
2020-11-11,301.3732309635201,301.3732309635201,292.9466768082901,296.961669921875,1344096
2020-11-12,299.8366422341678,302.3645964306401,293.6158382192484,298.91961669921875,1758780
2020-11-13,298.8948603197693,309.3041340622488,294.8055027780809,308.3127746582031,588916
2020-11-14,311.7824757007734,312.22859945277264,298.6965218527968,303.6285400390625,45666
2020-11-17,303.85160994571334,315.74792093869394,303.85160994571334,313.81475830078125,587412
2020-11-18,312.798606562927,328.6355758860397,312.798606562927,325.3392944335937,466762
2020-11-19,322.9848536812997,329.5278312304403,317.28453760318,321.6217346191406,375184
2020-11-20,324.17447680236864,332.5514746194573,315.5000833099505,325.8349914550781,822346
2020-11-23,326.15719055563244,330.6183071437794,320.3577329402648,324.5214538574219,299430
2020-11-24,324.52144224249685,330.122615707478,319.24244236724337,323.4557189941406,668278
2020-11-25,325.09145537869296,328.1398970373145,321.8943461438972,325.6614990234375,422138
2020-11-26,327.2229518796147,327.2477298127636,322.7866127060416,325.8598327636719,412750
2020-11-27,327.6442213240055,343.158987024275,324.76928564455625,338.3261108398437,1486508
2020-12-01,335.6742227817678,346.43047588372906,332.4523054622884,341.64715576171875,465212
2020-12-02,349.52851984863554,390.0998873955231,349.52851984863554,380.6571960449219,5155626
2020-12-03,382.6399010439973,396.54370878240354,371.7597269835033,374.83294677734375,1469834
2020-12-04,377.2121879764919,378.5009428772237,367.3233735812593,369.6282958984375,483954
2020-12-07,370.7683882097445,374.139003869965,358.1781126582871,363.3579711914063,371362
2020-12-08,364.8202143595041,379.69060353176656,364.8202143595041,374.8577270507813,567976
2020-12-09,379.29409238817743,379.64107421056497,371.8093111625384,376.3943481445313,746420
2020-12-10,373.0484891954733,379.1949289027715,360.80522615165495,376.1712951660156,500568
2020-12-11,378.6992488189431,383.7551872492399,376.171294730737,379.64105224609375,402710
2020-12-14,383.3834329436696,388.3154515325347,377.2122152246315,382.540771484375,716054
2020-12-15,379.19494758050286,388.11718164122055,377.60876658559806,382.3673095703125,194082
2020-12-16,383.16032612845015,386.6300832861464,379.1948893767974,382.39202880859375,185740
2020-12-17,384.1021601487124,388.4641348732808,379.2444755366982,383.6560363769531,309502
2020-12-18,383.9038900650879,385.390929019504,377.80703640275885,383.4825744628906,729308
2020-12-21,381.6733118401757,389.9015815263456,347.7936215205914,356.4432067871094,921596
2020-12-22,358.872070274731,384.1517326835864,354.68357113856524,361.4000244140625,538618
2020-12-23,363.333155803427,381.57415948466434,359.9873184205169,364.5475769042969,136636
2020-12-24,364.32451065905485,370.7435676119194,361.8708905569011,368.2899475097656,91092
2020-12-28,366.8524899841726,380.9298038817467,361.84613771460647,365.7124328613281,445236
2020-12-29,370.1239925483879,379.5914615531746,366.3072532767304,374.8577270507813,493062
2020-12-30,375.675600598292,380.0871311167905,369.9752849000303,378.2283325195313,441336
2020-12-31,381.57417166881805,386.0352883218141,375.7747139691465,383.92864990234375,280522
2021-01-01,386.1344338052002,391.5869097639386,380.4341180301556,389.3315734863281,161204
2021-01-04,390.1990250384234,394.0405423112311,378.7736152003979,383.457763671875,184432
2021-01-05,377.4600733101088,386.6053693839609,376.22087411999024,378.6249084472656,253416
2021-01-06,379.1949062149676,385.14306160657486,376.2208285191639,380.3597412109375,454192
2021-01-07,386.6053422020526,392.5782758276946,369.6530924223526,373.29632568359375,224482
2021-01-08,377.9557516333815,406.2094930669588,374.2381540763318,391.8843383789063,1436754
2021-01-11,395.5523538141019,423.2112717518299,393.12351146983,407.7212829589844,1147864
2021-01-12,407.9195638237602,413.6446575874046,402.7892614221431,406.1103210449219,1010714
2021-01-13,405.96165153169153,410.0014529616749,387.6958677126809,392.1817626953125,829942
2021-01-14,394.1644161214746,399.022070053964,380.68192521918553,383.30902099609375,317312
2021-01-15,385.88657159594186,393.2474016115371,382.26811653862535,386.2583312988281,337072
2021-01-18,379.442780150467,387.9188902443053,367.3729925176464,373.445068359375,488226
2021-01-19,378.2035641887361,390.59555515166977,371.83409293534186,386.8531799316406,264092
2021-01-20,387.6214723618318,392.7021885916385,384.15171493659807,386.8035888671875,211944
2021-01-21,391.56213533305765,391.56213533305765,374.90728137607545,378.9470825195313,44352
2021-01-22,376.71653055146913,388.0180204172363,361.97006109896097,365.11761474609375,170052
2021-01-25,373.59376281712736,373.59376281712736,354.43573200916563,361.7222290039063,187314
2021-01-27,369.08302521751335,371.2640276013708,361.3504354090778,363.58099365234375,237782
2021-01-28,357.880718049541,370.272709671755,347.4714450868812,357.68243408203125,250372
2021-01-29,364.2997412902721,384.746525532233,353.4443455548051,371.5366516113281,416566
2021-02-01,371.5366555062427,410.7449318523692,366.8029211556191,399.9886779785156,545506
2021-02-02,399.9887031349747,426.1605828343007,388.414565053384,422.0464477539063,297600
2021-02-03,422.31905277058746,424.1034873708813,406.4820822409136,408.0187072753906,280620
2021-02-04,404.8711523891306,414.9582519252188,396.5685178349332,401.0544128417969,149640
2021-02-05,403.95416320758585,408.91096003140086,396.5685238385466,397.9564208984375,43226
2021-02-08,402.987572800097,404.9950694182502,395.5523777299846,396.9154968261719,83372
2021-02-09,399.5177503435266,413.14893909594224,396.5684507263186,398.7742309570313,272910
2021-02-10,410.4227407547432,410.4227407547432,390.2733513443969,400.4347839355469,212808
2021-02-11,400.4347563562592,408.0186785075045,398.3033401078853,404.2514953613281,184224
2021-02-12,400.0134758871293,415.8752246211914,400.0134758871293,404.3011169433594,95726
2021-02-15,408.9357394030857,421.9473311113657,404.62332010042127,415.3547973632813,410210
2021-02-16,418.6509932099811,431.7865030853726,412.876343813318,418.2544555664063,1190374
2021-02-17,416.1230684508872,428.7628995950178,407.02735892519433,418.87408447265625,664830
2021-02-18,420.683313242069,423.8060888989688,406.48207956512886,412.7276611328125,350098
2021-02-19,414.809479798363,414.809479798363,393.6439841303739,399.6664733886719,115956
2021-02-22,401.6739776661919,415.5282294305597,372.7758611730561,381.7476806640625,525120
2021-02-23,396.54370189845497,400.68261468546666,387.6958326513991,392.1321411132813,286338
2021-02-24,394.0653216905005,401.5005164393779,387.07625072810976,389.1580810546875,140314
2021-02-25,394.0653429314586,406.4077789814325,392.9996195251208,396.6428833007813,600908
2021-02-26,395.05670260709246,408.3656898342712,374.485996009609,403.2849731445313,447034
2021-03-01,410.5714280606453,415.8752061082736,407.4734303989329,410.7449340820313,248232
2021-03-02,415.825647543632,416.3708830269951,405.465931328669,409.4561462402344,144702
2021-03-03,415.3547442893088,415.3547442893088,407.076888571388,411.0175476074219,348866
2021-03-04,408.78700437722233,409.7287775390912,394.4866286382325,395.7010498046875,256128
2021-03-05,395.7010706947588,398.9725746375456,391.116033791469,395.6019287109375,178926
2021-03-08,392.10735929473486,399.1212380540708,389.6289611824441,393.6687622070313,83458
2021-03-09,398.5263948311927,398.5263948311927,393.07391928001965,395.9736328125,62014
2021-03-10,399.02209303243865,399.02209303243865,390.6203174451405,394.5857543945313,147570
2021-03-12,396.5436845006505,397.5350437119021,393.8670025287183,396.3702087402344,436632
2021-03-15,398.0307427325602,398.0307427325602,387.5471064606536,393.0987243652344,120056
2021-03-16,395.0814560965177,397.1385387305492,390.12465963271626,393.8670349121094,106094
2021-03-17,395.05664857192863,395.05664857192863,381.7228549815616,385.9857177734375,77714
2021-03-18,387.918889589844,391.2399493606983,378.6001180380166,380.7067565917969,68802
2021-03-19,386.0848652091609,386.0848652091609,323.57964744600906,369.6282958984375,700192
2021-03-22,366.8276848109596,384.1764709472487,364.3492867914897,381.5245971679688,255430
2021-03-23,381.6732983875909,389.1084925120245,376.7165023046351,385.66351318359375,114734
2021-03-24,384.895251017279,408.3161146496891,374.9816579453594,381.9211730957031,468026
2021-03-25,383.8543044306661,394.065292357496,372.2553893842509,381.5989379882813,192776
2021-03-26,381.177601701907,391.4381751847111,374.4611493611866,386.4317932128906,208508
2021-03-30,388.11715427441953,404.47458223234526,372.7510855866712,391.5621337890625,1141772
2021-03-31,392.0826038277834,393.3218029549256,380.0128164309726,386.9523315429688,431938
2021-04-01,383.4577014595008,387.3240262905471,377.336070900144,380.6075439453125,184866
2021-04-05,372.9741830029132,375.5765013350265,350.24725141679085,363.18450927734375,362424
2021-04-06,355.8979960781203,366.2329048933193,348.9584808342572,360.8052368164063,279968
2021-04-07,357.5337142754178,375.3781811154885,350.29680371405385,368.1908264160156,1151824
2021-04-08,368.19079862632736,395.42839853414034,368.166020697252,387.1505432128906,401878
2021-04-09,386.1096906117752,395.05670273459816,360.1856495445857,371.36322021484375,238462
2021-04-12,361.8956857890026,364.9936834767385,355.1544549220428,356.7901916503906,321608
2021-04-13,356.963729410201,364.8946041959239,347.5705935350832,356.1706237792969,308904
2021-04-15,355.8979954370063,361.3504716902195,353.4195971400912,357.955078125,280712
2021-04-16,359.76423884785856,362.5648406210523,348.1901325719198,354.5843811035156,314574
2021-04-19,348.9584680117476,348.9584680117476,338.0535158863805,340.4575500488281,405634
2021-04-20,342.26677569031165,344.0016543505812,339.54053779560246,341.2258605957031,114398
2021-04-22,341.22590375741834,342.489880890433,333.51806053157696,337.88006591796875,141760
2021-04-23,340.06102134962435,349.4541568650725,332.9232524681157,336.44256591796875,187324
2021-04-26,336.07078112657393,403.7310490082514,336.021225266309,384.7960815429688,947962
2021-04-27,388.61281907441287,396.5436929330744,369.4795979919451,375.6260070800781,775286
2021-04-28,373.6433054822274,373.6433054822274,364.3245343284135,367.2738342285156,123400
2021-04-29,369.28132676460143,371.7845028616921,351.9325396011638,355.5509948730469,156026
2021-04-30,351.9821068671912,359.3925236750203,341.02759871918977,355.3527526855469,522846
2021-05-03,352.47779322783634,374.238142348038,352.13084166982725,370.272705078125,318920
2021-05-04,371.7597081185896,387.8692954703951,369.8513537184672,380.6323852539063,534354
2021-05-05,375.22945509507474,383.9782120875496,367.0011858827856,370.7435607910156,200504
2021-05-06,375.7003640910554,384.1269174081406,369.28130713108754,375.5516662597656,172974
2021-05-07,376.4686689008088,382.4168243014799,373.5689552445348,378.1539916992188,113880
2021-05-10,385.1431047686157,385.1431047686157,364.3989226171887,366.5798950195313,90500
2021-05-11,364.051923352676,378.872726668555,362.3666004487169,372.0819396972656,218724
2021-05-12,371.2640566308431,392.7765654717542,369.3061159689956,371.14013671875,277400
2021-05-14,376.7165503315154,391.5869404761805,359.4669038144812,361.5239562988281,209438
2021-05-17,370.2726928582757,370.2726928582757,351.5607863584097,354.0391845703125,330810
2021-05-18,354.9066223588487,359.86341876050864,351.04032721633087,356.86456298828125,481128
2021-05-19,356.88933092507705,363.30838813624223,355.1544522330801,358.97119140625,340222
2021-05-20,356.3936624413672,363.7297150889661,354.0144062115897,356.2449645996094,297256
2021-05-21,359.8634167956681,366.7781537890064,354.41094078361255,363.1596984863281,1123006
2021-05-24,376.1712535752302,376.1712535752302,357.16192311493523,360.2846984863281,258140
2021-05-25,362.3170426134479,391.6116975354304,361.35046125478783,382.16900634765625,708584
2021-05-26,389.10850002589416,403.9788885619156,384.1517038472204,398.997314453125,1099946
2021-05-27,401.302229018033,402.69015622896535,378.0796497208064,381.2272033691406,555660
2021-05-28,382.0698667113039,387.6214848208968,375.0312096573853,379.6658325195313,229112
2021-05-31,389.6042223490959,405.96165153169153,382.7390709906823,392.1817626953125,1130914
2021-06-01,393.07394638881885,398.03074268628194,389.10850935084846,391.8347473144531,137942
2021-06-02,401.4013598557144,403.805424222723,392.8756641363879,400.0630187988281,723012
2021-06-03,403.4832166420168,434.1905756055366,400.0134592507464,427.17669677734375,3084064
2021-06-04,437.41247886831087,438.6268999662888,426.90406506215817,434.2897033691406,837936
2021-06-07,439.1721355857189,440.6096185599565,415.3547363149448,421.3524475097656,420402
2021-06-08,423.756487495665,431.1420951280743,423.756487495665,430.2498779296875,254678
2021-06-09,430.2498811349969,431.1916844510153,411.9097364322378,416.71783447265625,198030
2021-06-10,417.85791572626897,425.8879315454506,412.23196419378513,413.4959411621094,170302
2021-06-11,419.84063114900647,425.7887864899605,412.1575971669408,414.4129333496094,242388
2021-06-14,417.882698456271,418.32882221674873,404.2019530174713,406.2838134765625,144446
2021-06-15,409.8278617337015,413.2976187178468,403.2353295146015,406.1598510742188,214632
2021-06-16,408.9356628669969,410.7696834057827,397.1137167147581,401.30218505859375,132586
2021-06-17,401.0048125458101,411.4140845649226,395.0071012458747,403.43365478515625,196488
2021-06-18,408.7869959311879,408.7869959311879,391.09122713185934,396.2463073730469,168668
2021-06-21,404.4497783315294,404.4497783315294,394.7096620258994,401.4013366699219,124422
2021-06-22,401.40135224629086,411.4884507164096,400.45957911587885,406.9281921386719,280496
2021-06-23,410.9184340816194,417.68447347534976,402.4423240808868,404.99505615234375,236170
2021-06-24,408.44001620540325,408.44001620540325,397.2128604545143,399.7408447265625,86982
2021-06-25,398.0307299416296,407.1512469384828,398.0307299416296,403.3840637207031,63654
2021-06-28,401.5252855657772,407.94434294231706,398.99733150815007,406.7546997070313,73682
2021-06-29,407.74600307717895,409.43132572043737,400.50909344081526,405.8624267578125,167346
2021-06-30,403.4832095109266,409.133969264107,399.6664703972088,404.0532531738281,562528
2021-07-01,406.4572702065356,420.8319785431081,404.5736937856231,408.6134643554688,1132098
2021-07-02,410.6706057232871,417.362281254083,404.9702895303869,409.8527221679688,273502
2021-07-05,415.37949459617687,425.29308635264886,411.2405821394023,419.5679931640625,640848
2021-07-06,420.3363721379597,422.8147705585844,411.6867555992018,415.3547973632813,253010
2021-07-07,416.3708829260471,421.8481367042381,411.9345442536179,420.1876220703125,127430
2021-07-08,422.2199019102159,423.63260700512507,415.0077693594049,421.8233642578125,335078
2021-07-09,421.3276756642651,426.2844718485506,415.0077605293012,420.7824401855469,142492
2021-07-12,424.7974151941348,432.7035108275791,419.04754396283806,427.2262573242188,309410
2021-07-13,431.2412975553144,437.6107689866176,426.5571187897125,429.927734375,680032
2021-07-14,430.1012162616911,433.0009299636803,424.79743822836656,425.887939453125,183798
2021-07-15,427.9698173886231,430.7456112977336,422.7651811186274,426.3836364746094,607598
2021-07-16,429.7046827319107,443.6084902826815,426.53232100290967,434.1409912109375,469536
2021-07-19,433.5214043399431,438.6269288738847,429.9277269226084,433.3231506347656,488356
2021-07-20,436.19806974265975,436.7928913430856,409.1835301960973,415.1564636230469,527090
2021-07-22,419.1962528208371,433.7196593636077,419.1962528208371,427.0279846191406,899776
2021-07-23,427.622817681883,439.6430485640603,424.2026161746792,435.35540771484375,958776
2021-07-26,438.5525353731647,441.0061554958227,422.26947227041313,424.5000305175781,161492
2021-07-27,427.4988981972681,433.719671433915,409.4561477640639,411.3645324707031,468878
2021-07-28,414.834296427171,415.72651371464985,399.0221040531988,403.85498046875,405012
2021-07-29,408.1177968703037,419.34495219553145,405.5402870882836,413.4711608886719,549548
2021-07-30,416.3709139520576,433.1992444417303,414.28905333152017,428.09375,510648
2021-08-02,432.1831027701725,455.25698463156914,430.7951755347533,444.4759521484375,1454190
2021-08-03,448.2430848279234,449.43272804537753,441.6753297088891,444.8972473144531,262192
2021-08-04,447.1030307522236,453.0511863719871,423.9052298859227,428.1928405761719,660378
2021-08-05,424.47526416486687,435.504136584938,412.7524583740664,433.149658203125,1340126
2021-08-06,434.5127494725172,444.0793904887423,430.91907217225247,438.2303466796875,368106
2021-08-09,436.2229013037707,444.6246780262822,423.806131229065,430.2251892089844,371064
2021-08-10,426.3340358379408,435.5536950688368,412.4054503960692,416.44525146484375,409548
2021-08-11,418.7997433794801,424.078713436535,408.3408847371929,417.5357360839844,381580
2021-08-12,423.8060640853551,432.8026610560883,417.8579087999466,426.6809997558594,811908
2021-08-13,420.6833012105069,442.6666803429987,420.3363194243564,428.39111328125,325504
2021-08-16,423.2112755257027,425.2931360888024,417.7092435589748,420.7080993652344,85792
2021-08-17,417.83315658476624,420.807234410502,410.4227399515312,415.8999938964844,216396
2021-08-18,411.5875580121292,416.7674160622891,408.9356841618449,411.9345397949219,117694
2021-08-20,406.4820544898825,411.33970857360816,399.02208247695927,401.10394287109375,330808
2021-08-23,400.01344307862087,413.0745886290155,393.2722125211041,398.278564453125,295592
2021-08-24,400.2860792701211,413.79334919148135,398.2785828188241,411.4140930175781,314200
2021-08-25,414.8342669738252,423.8060555810647,413.3224199993488,421.228515625,211794
2021-08-26,423.31042430846674,431.2165208366677,416.9161446734476,426.7801818847656,457830
2021-08-27,423.31041400902654,430.1755649449728,418.84929723375575,423.8308715820313,224186
2021-08-30,423.8060711855727,438.8499354120689,423.8060711855727,431.4891052246094,385174
2021-08-31,431.2412601759454,434.71101744172887,418.99796777304726,427.6475830078125,164760
2021-09-01,433.71969459797873,458.7515169719192,426.28449983344194,446.6569213867188,827644
2021-09-02,449.5813868281973,456.0252214795386,438.6764358797736,445.4424743652344,283470
2021-09-03,446.1117076097928,446.1860716626156,432.0096148017948,434.24017333984375,146858
2021-09-06,441.1548344881071,441.6505140774196,423.8308267908597,431.8856201171875,397022
2021-09-07,433.71966039387394,441.1548545720546,424.3017477681784,431.1421203613281,467824
2021-09-08,431.14212465309294,438.1807812626128,426.7801500759159,432.1334838867188,803494
2021-09-09,427.72199200933295,435.900706424072,427.72199200933295,432.8522644042969,51418
2021-09-13,432.8522237937402,433.694885190007,419.3449542851465,422.9634094238281,125090
2021-09-14,424.3017603538282,428.4158952036785,414.8838474487782,418.3288269042969,350866
2021-09-15,421.3277015227325,431.241294499738,420.1132803322724,424.52484130859375,616258
2021-09-16,429.6114904714879,438.94115509282966,426.2369347943111,430.05810546875,1190418
2021-09-17,431.69577579532086,436.1372702269083,421.0013686379573,422.31646728515625,981622
2021-09-20,419.3637114401975,433.7056103503987,410.53030625437503,418.42083740234375,1376328
2021-09-21,419.1900240302442,429.5370130684745,419.1900240302442,424.1278076171875,284720
2021-09-22,426.2617422499048,456.0620939059297,423.33380156614703,451.1987609863281,2215684
2021-09-23,456.6575636168688,475.9124078451418,451.5957154734923,458.39447021484375,3888706
2021-09-24,464.0022012356537,473.82812414514734,453.5807614218048,469.2129211425781,2198230
2021-09-27,476.21017558953577,511.1468250691876,474.1755255860279,487.5497131347656,3916662
2021-09-28,491.8175518546299,497.25159480178087,472.2401252229972,481.54498291015625,780006
2021-09-29,479.5103248917301,482.8352667082083,463.8037132595248,465.7391357421875,503648
2021-09-30,468.9648055226802,485.6142907085192,467.7986088627413,475.6394958496094,1152118
2021-10-01,473.62965290296455,479.6591822310553,466.78125373143104,477.1778869628906,243952
2021-10-04,478.84037664855634,488.1452339757313,469.2377457133624,474.8951110839844,370656
2021-10-05,475.9124146608665,479.13809838901625,469.46104720456697,476.6816101074219,245412
2021-10-06,478.8900189742232,483.7533519691682,469.8829044291113,473.7289123535156,288488
2021-10-07,476.1109610187858,495.41542055248016,473.6544725791657,491.6686706542969,908526
2021-10-08,497.25157025317134,501.172028880847,478.3937262715141,479.8576965332031,329908
2021-10-11,484.7954712891407,489.5595459868972,480.3787536901333,485.5646667480469,257070
2021-10-12,487.2768013393608,489.0385150103466,477.3764266645313,479.6343994140625,252606
2021-10-13,481.2224235711981,488.9392460091021,477.0290283950768,486.4827575683594,170590
2021-10-14,486.53240654045874,489.1873804612464,481.4209138649798,485.1676940917969,599134
2021-10-18,487.8226541846303,492.7107937919404,483.8525817192416,486.234619140625,239404
2021-10-19,482.8600920509247,489.90697715001136,469.0144513964568,477.5749206542969,541338
2021-10-20,476.9297567047783,480.7261505749486,464.87066777783866,466.6075744628906,403562
2021-10-21,471.2972084425363,473.9273752525807,444.2014471393638,450.92578125,289986
2021-10-22,452.93563611957353,465.98724293629743,441.6953566423117,456.955322265625,482990
2021-10-25,465.4413621192936,483.35630120855205,452.8363704854248,476.1109313964844,520004
2021-10-26,471.99197998470527,483.85258363778246,466.6075812978717,472.413818359375,148064
2021-10-27,474.7958659996252,486.2594384196883,467.60010947284746,475.1680603027344,408968
2021-10-28,479.3614573431372,479.6592006710638,460.0073535074042,473.2574768066406,719284
2021-10-29,471.4213078388888,480.5028427280287,458.419314195731,478.4185485839844,236978
2021-11-01,473.282253912636,485.34134256263087,466.5827568527224,477.10345458984375,239304
2021-11-02,487.2768133125161,528.5159316372427,486.3339089244112,501.6186828613281,2589188
2021-11-03,508.6159002050636,524.5209660272159,498.74033323232624,506.0849609375,737564
2021-11-04,511.0476010827791,513.5785101575456,493.5792459308942,508.3181762695313,67536
2021-11-08,530.9972233051598,559.7802503628226,515.8613211455266,546.1827392578125,3073082
2021-11-09,545.88497559266,550.6490505366779,532.9822398059245,540.6742553710938,451320
2021-11-10,536.9522849916993,543.279587795437,523.0321945920779,530.1287231445312,200880
2021-11-11,527.0271482393149,550.847584317928,507.003106276431,539.6321411132812,288928
2021-11-12,541.8900258802216,571.1941459576668,532.1385843620724,537.3493041992188,726236
2021-11-15,540.9223774808341,560.7727399571951,537.3493364664887,556.380859375,272090
2021-11-16,570.6978960805399,593.0295528836914,521.1216058618442,532.4114990234375,1435140
2021-11-17,532.4859572155701,555.3138733683346,521.3697424515681,538.2177734375,828266
2021-11-18,542.8578068651474,559.0606775589343,531.0468168095983,536.8282470703125,507524
2021-11-22,539.433581500696,543.3292028852547,488.7407079771807,499.2117919921875,849048
2021-11-23,490.8002069626784,528.3918304990008,490.3039479060933,519.4591674804688,331516
2021-11-24,525.339787853791,525.339787853791,506.8045255231829,513.8513793945312,536552
2021-11-25,518.0448531671906,521.0720213660937,501.7179177153531,519.5336303710938,274040
2021-11-26,514.1243980156625,516.1590480928816,467.0542372049285,480.5524597167969,1601458
2021-11-29,480.5524423876777,483.1081886291504,442.8863983969204,464.49847412109375,718464
2021-11-30,467.9722756400144,478.6666519151895,465.739109955624,470.3791198730469,853420
2021-12-01,472.8356394778356,486.3338923435893,468.46856568606967,482.4878845214844,304852
2021-12-02,482.487884752212,495.7628149832449,478.1208109583578,492.28900146484375,415712
2021-12-03,490.30393865488367,515.6131500631823,482.0164065084342,492.3137817382813,603994
2021-12-06,489.3114187643442,512.9829509985228,478.4681707380548,493.4551696777344,427950
2021-12-07,500.2043324726392,521.0720201751365,489.9317637313366,510.30322265625,609682
2021-12-08,513.6281002354716,538.4410519376682,510.30318893877535,529.6820678710938,474188
2021-12-09,525.5383396892533,526.0345987446728,501.2464528686189,505.8120422363281,359220
2021-12-10,508.6655463449813,516.7297562260602,494.5966138373834,510.8987121582031,294292
2021-12-13,515.1168997607339,544.6443135716816,512.4370887445449,524.4465942382812,642666
2021-12-14,524.0495678516346,524.0495678516346,503.0330087566178,507.5737609863281,729128
2021-12-15,510.4024107994809,525.98495640969,506.680468085824,510.0550537109375,192436
2021-12-16,515.3650275946526,523.5533019859013,500.12986857854,502.5367431640625,243190
2021-12-17,505.0180321728071,525.4391041080416,495.7875957090185,506.5316162109375,392896
2021-12-20,497.7478553694801,518.4666718816195,474.94474467132335,502.1149291992188,735764
2021-12-21,509.1618004262524,509.1618004262524,471.4461115057893,475.5154418945313,504190
2021-12-22,478.2696430656432,484.4728809782974,472.7115358380554,476.28460693359375,351506
2021-12-23,477.89746063768337,508.1692624018565,477.4260084867851,503.0578002929688,391816
2021-12-24,496.2838350804997,505.7127566160516,487.9466894648086,496.0357055664063,354040
2021-12-27,493.281521908734,497.2515945196694,487.351219888299,494.2244262695313,112686
2021-12-28,494.7702711564616,516.6056692817216,493.7777530598588,510.3775939941406,262914
2021-12-29,506.18425153313945,509.5340002565205,489.385894124921,492.2641906738281,311986
2021-12-30,493.2815233840551,500.22915047397134,486.9294132454103,490.0062255859375,128330
2021-12-31,491.54460740273737,498.6162991296319,483.2570749000356,488.9888610839844,299660
2022-01-03,491.2964933153609,497.54934566003794,480.0562129435061,484.4729309082031,341642
2022-01-04,484.84509484490206,499.4102859366722,483.7285119755049,486.0112915039063,468302
2022-01-05,486.4827458800623,490.2791397690201,479.9321202918846,486.4083251953125,306026
2022-01-06,485.83760496204377,485.83760496204377,465.2428545984842,479.23736572265625,675876
2022-01-07,476.43349190628095,481.3216616916697,469.0888640701989,473.6792602539063,619124
2022-01-10,473.4311460375346,480.8254181909276,455.0943676043316,470.7017211914063,1246682
2022-01-11,471.9423727400821,496.25906702427136,468.9648183379365,491.6686706542969,985962
2022-01-12,497.0034763470023,513.1318966977537,488.3189423119823,501.0231628417969,677908
2022-01-13,503.0578958218581,520.0547410622648,495.341072259673,515.3899536132812,765724
2022-01-14,513.0326029884385,513.0326029884385,494.273987659134,506.9533996582031,328120
2022-01-17,511.6430885798376,514.2980624233059,497.6485770923549,501.7923583984375,483006
2022-01-18,505.6879901361857,508.66554454326814,487.94672846065214,491.0979614257813,451158
2022-01-19,491.79269857221135,498.7155180963397,482.8600360350773,494.1251220703125,342580
2022-01-20,494.1251594888131,501.5442386046051,477.8974819263006,480.5276489257813,427694
2022-01-21,473.4311956111374,485.2669633857148,460.9999108408339,474.4733276367188,634626
2022-01-24,476.855297941877,476.9545255131287,444.8713984804507,455.0447082519531,755516
2022-01-25,455.4417502381052,475.1680477831498,444.1022428845151,471.2475891113281,469474
2022-01-27,466.48352949836425,471.0987328281044,452.3649527870797,468.2700500488281,639158
2022-01-28,468.2700069034575,480.5276109580992,467.5008114675811,473.1829833984375,178852
2022-01-31,472.4386407013226,499.0877591600772,472.4386407013226,494.2244262695313,404460
2022-02-01,494.22440362568506,499.6336091367013,473.23262142574254,495.043212890625,419576
2022-02-02,495.04320340624025,505.4646433328063,488.8896094326741,502.090087890625,335604
2022-02-03,497.2515494185117,499.9313603035321,482.8848444029118,487.0286254882813,212958
2022-02-04,481.8675680570416,497.747858662423,478.517819257469,495.2169494628906,211400
2022-02-07,486.3338951155142,493.281522188593,477.8230398352926,481.54498291015625,184304
2022-02-08,498.49224620826624,498.49224620826624,464.6225639746036,467.9226989746094,363720
2022-02-09,472.4882178097854,495.14245500278565,469.4610497946732,484.5721435546875,365870
2022-02-10,486.8301696351634,491.86721153862834,484.05113083347663,485.2917785644531,244226
2022-02-11,480.8750236052352,486.35868009726966,474.05146160877285,481.0238952636719,181812
2022-02-14,476.40869517009696,479.01405522180846,453.779294265217,462.2156982421875,409068
2022-02-15,462.2156935008395,475.1184288626751,451.59573766424455,470.2550659179688,323488
2022-02-16,470.25507648911446,488.3189185174517,460.528410959548,482.0412292480469,179508
2022-02-17,488.7655335393795,490.80018345823936,476.1109282024885,485.1180114746094,340812
2022-02-18,483.8525989510647,492.48751898650687,477.4012309650505,482.8848876953125,233100
2022-02-21,482.8600507014151,491.29645446495465,466.4835022192499,484.42327880859375,1221454
2022-02-22,476.43351993008616,488.7903830401091,468.7166973549354,476.16058349609375,360688
2022-02-23,478.6914541613015,488.3188915784456,466.4834939875395,471.6942138671875,187780
2022-02-24,454.0770224926968,478.88997454147807,442.21641929768015,470.3791198730469,577870
2022-02-25,476.9545643319354,483.85257729314753,460.7269175095028,471.2227783203125,251974
2022-02-28,462.2653541556952,481.37132960925857,457.1290845585549,475.9372863769531,329542
2022-03-02,471.4460892563599,477.6245203786744,463.357072940653,471.1483459472656,218100
2022-03-03,477.8974620596648,483.8525706211559,469.5106720531987,472.9100646972656,127606
2022-03-04,473.9026204420645,478.6418886575996,458.2952661226472,466.0368957519531,446442
2022-03-07,461.8186540075295,463.0096878282532,444.8962327310064,447.1542053222656,386276
2022-03-08,448.1467227891728,455.5161877523549,439.28851098602,444.077392578125,429466
2022-03-09,444.5240480117892,454.94548815496256,439.2140700714653,446.06243896484375,392638
2022-03-10,456.5583413104645,475.7883801428346,452.9108492863471,460.9254150390625,235958
2022-03-11,463.9774136170664,482.363805708924,461.2479887905241,473.7537231445313,423090
2022-03-14,478.8651579062919,481.3712599543905,465.7142935879503,471.4708862304688,211336
2022-03-15,475.2921200068069,480.8750344939658,467.1038454256402,474.175537109375,374508
2022-03-16,477.9470781118472,501.6434477083225,469.014415227312,491.9415893554688,480622
2022-03-17,501.2216401795467,507.8466863771116,482.3886031862378,500.2043151855469,890952
2022-03-21,508.2684691355188,518.590681086143,496.6560261249372,513.1069946289062,354334
2022-03-22,512.1393525084449,512.1393525084449,496.8297725457671,502.0156555175781,277130
2022-03-23,507.9955890813765,514.6454724727464,501.2712547167436,504.8195190429688,211980
2022-03-24,504.81951688456417,515.8116669201389,501.3953173355853,510.3775939941406,463224
2022-03-25,510.6505490960627,529.8309729926781,505.7375725138417,515.4890747070312,252826
2022-03-28,517.5982092906274,519.0869864985582,501.4449826424276,515.3154296875,195228
2022-03-29,513.6281031685098,532.3867189938884,512.7844870372159,525.0916748046875,341194
2022-03-30,530.8979315291434,540.4260806199709,526.034568831193,532.709228515625,2113208
2022-03-31,527.8707762256065,550.8475966036275,509.11221874242256,545.8601684570312,659186
2022-04-01,543.403671248367,548.5895541992008,529.2851252085189,532.9326171875,233850
2022-04-04,529.5084353077168,544.6939509524817,524.0744226444409,534.96728515625,209262
2022-04-05,537.7958838979172,540.7486614587903,527.5233462595385,533.4784545898438,241758
2022-04-06,532.9822095876765,532.9822095876765,513.6529441883114,523.578125,493398
2022-04-07,523.5533338723757,538.16813967182,511.7671806216942,531.9401245117188,584708
2022-04-08,538.391482261659,548.3662775475017,531.3445670537674,544.1729125976562,151644
2022-04-11,546.902400664566,550.8227993446502,533.0071449682467,546.8775634765625,214842
2022-04-12,544.3961488260926,546.4060221028373,525.0172097253615,531.1460571289062,348450
2022-04-13,533.8258305102083,539.6320976841881,521.3201268067845,528.2181396484375,229228
2022-04-18,527.5729823997701,530.8731171883394,498.8396016621673,505.1917114257813,577440
2022-04-19,511.0971860944034,512.6355769686394,474.1010512502155,490.2791137695313,418752
2022-04-20,492.8348585046062,525.5383425505024,492.6859868450196,518.3177490234375,478218
2022-04-21,521.1216470170256,527.0271421759402,501.2216700543311,503.0826416015625,301772
2022-04-22,498.492243567608,512.1393682048496,496.87940156502486,505.762451171875,366278
2022-04-25,505.7624515970617,515.1169231042078,485.0684419809791,502.1149291992188,281452
2022-04-26,502.7600724983769,525.0421177787917,502.7600724983769,520.4517211914062,233956
2022-04-27,518.3176990874388,540.9223212384804,511.4197473069163,521.8411865234375,638770
2022-04-28,526.0346204230494,550.8475742165895,514.620661678021,540.723876953125,371052
2022-04-29,536.9523158922981,558.291455987833,521.5682846606334,539.16064453125,807670
2022-05-02,528.5159271926049,564.966132869464,528.5159271926049,540.0291137695312,521034
2022-05-04,539.4335955096068,573.253662394377,527.8707352383052,537.5230102539062,1522956
2022-05-05,541.9148654384697,554.8176003298619,535.4634979927737,548.8873291015625,346238
2022-05-06,534.8680176263069,564.6931738192309,518.5906968803854,521.2705078125,612918
2022-05-09,518.5906858390131,530.8979340022842,511.4445436983554,525.0420532226562,235680
2022-05-10,527.6723198242373,534.0492370778285,497.2516130762925,504.7203063964844,586438
2022-05-11,501.717893546031,525.538327660976,501.717893546031,523.6029052734375,624248
2022-05-12,521.0968656969244,527.3744945300043,489.3114477263054,512.6604614257812,346294
2022-05-13,527.0022736274607,533.4288646685392,499.8073140494538,506.159423828125,722826
2022-05-16,501.71797267558526,516.8290387191299,501.22171355325526,512.5860595703125,713588
2022-05-17,515.5387121034194,519.5583983716778,506.4819842630199,508.9136657714844,1155110
2022-05-18,511.5934865229147,539.9298672568141,510.7498097582261,530.3024291992188,270266
2022-05-19,516.6056739293609,526.4067902214886,504.199197610212,506.75494384765625,144880
2022-05-20,511.1468022631639,546.7533877606222,507.2015369062929,543.1058959960938,338422
2022-05-23,543.3540927613474,560.3509666878368,530.4265191639594,547.373779296875,230388
2022-05-24,552.9070832328538,564.9661429034758,537.7711808237767,560.0780029296875,330496
2022-05-25,566.3308402808669,574.2958227802501,534.9921277079601,546.5301513671875,624304
2022-05-26,535.9845938780098,558.2914132238676,529.2850969193235,548.1181030273438,189618
2022-05-27,551.8401040479122,583.873652304756,550.8475858751641,555.0161743164062,599594
2022-05-30,561.7652647806689,585.8338295703,557.1500312184738,563.7254638671875,511206
2022-05-31,566.5293381834084,594.8657187639938,566.5293381834084,579.084716796875,1016176
2022-06-01,583.0299040655921,586.7270701531241,557.2988857059112,569.1842651367188,161168
2022-06-02,561.2689854811558,576.851531764944,559.5320788063689,569.3580322265625,154958
2022-06-03,569.3580416265526,583.104393305417,565.9090048254343,568.2662353515625,677522
2022-06-06,564.2465885352068,568.1422102981355,547.3737793793607,550.4505615234375,443024
2022-06-07,547.3737720758221,570.6979491271038,537.2500746016932,555.7853393554688,496350
2022-06-08,565.7352694401665,570.4745672006454,550.8226620099301,560.9959716796875,312298
2022-06-09,556.5545266180131,556.5545266180131,542.014112168239,548.2421875,374776
2022-06-10,538.4906956740675,561.6163558309723,538.4906956740675,555.6116333007812,334992
2022-06-13,549.7309082470747,566.678165243511,538.4410159765977,551.34375,411042
2022-06-14,540.9223507377912,560.772712232756,540.9223507377912,556.2071533203125,103606
2022-06-15,558.7876956314891,565.6857086080038,513.6281216506139,531.7415771484375,453496
2022-06-16,541.1705105918013,550.3264661131929,491.1972166691239,528.7391967773438,941958
2022-06-17,518.3426366929232,548.3663126334898,511.8664311222753,538.2426147460938,968100
2022-06-20,536.6793668016911,544.8676417585046,519.8810087787164,538.1185302734375,343478
2022-06-21,533.5033027234401,561.6163287470155,533.5033027234401,548.1429443359375,399344
2022-06-22,549.6565163878313,560.3013094489067,541.5923067560307,553.25439453125,595734
2022-06-23,550.3016639190232,567.224085139507,542.0389387520792,565.4623413085938,117444
2022-06-24,568.2910011913591,570.1519724257246,549.4083221686002,558.9861450195312,290346
2022-06-27,564.2465561557348,584.4939502122478,560.3013208256233,562.9314575195312,416164
2022-06-28,563.8247499290673,610.8452964306882,542.3367081407263,590.2257080078125,873050
2022-06-29,584.5932290265615,617.8177520645386,571.7401060180016,600.1509399414062,558032
2022-06-30,600.523065016406,600.9697102776463,562.3607319095001,587.4218139648438,819006
2022-07-01,587.4218044692354,602.4584776907744,577.0500389421337,589.2827758789062,345002
2022-07-04,580.6230714901665,589.0594750930151,576.1567401710114,584.6179809570312,244618
2022-07-05,579.6306021219859,592.6077891054001,579.6306021219859,584.5435791015625,235104
2022-07-06,581.6404328121979,588.5632221977118,568.4647310518371,586.5781860351562,473350
2022-07-07,595.5109186651641,629.5046669389673,590.7468434315434,612.3837280273438,1417516
2022-07-08,614.8897299099688,620.2245140882058,598.6620244811672,605.0389404296875,306728
2022-07-11,610.3738342621613,633.1769754491166,605.6097591860747,627.2466430664062,912870
2022-07-12,624.293938206181,624.293938206181,603.4014425329465,611.5648803710938,345866
2022-07-13,608.9098645989709,617.1229762461102,603.8728230409896,607.8428955078125,144944
2022-07-14,607.9174429778628,614.8402337093504,593.128896460141,604.989501953125,206258
2022-07-15,605.8330813071765,608.8850260463897,596.5033867997086,598.6124877929688,49772
2022-07-18,603.4510299712944,621.2915193315622,600.920120826424,616.0064086914062,183980
2022-07-19,615.3860558404584,628.6361481720708,611.1430167546123,619.2816772460938,284542
2022-07-20,617.84250374304,620.5223146701547,593.10400275706,597.3222045898438,468760
2022-07-21,593.5258230162061,610.894889743269,591.5159496349613,600.4734497070312,478302
2022-07-22,598.0417995051743,619.8275850257008,598.0417995051743,617.1973876953125,320652
2022-07-25,614.393551015206,625.7826721654054,607.4459242029017,616.6763305664062,375776
2022-07-26,616.1304572120368,625.2864125936155,588.9602738076715,600.9201049804688,191018
2022-07-27,591.540775605316,607.4459020667064,591.3670970570371,602.7066040039062,156106
2022-07-28,602.4585348806761,634.7153757103664,598.2651698042173,615.3861083984375,365632
2022-07-29,615.8078565642452,624.7901330975254,615.4108250997426,622.308837890625,135654
2022-08-01,622.3088493209784,627.7676988764256,603.5999073487084,620.07568359375,400314
2022-08-02,617.3214481821702,635.1619981618662,611.4160136900914,629.8519897460938,547014
2022-08-03,631.3904114939987,632.7054495094262,614.4927666650274,626.9736938476562,143308
2022-08-04,626.4030279298019,639.6779584088054,618.3388178257343,635.7078857421875,270868
2022-08-05,635.7078693592771,652.9777092454021,621.4404210813074,645.2112426757812,164478
2022-08-08,645.2111962345696,656.2033459714917,640.1741549154659,648.7594604492188,229042
2022-08-10,649.1069022747619,655.0620114699432,620.8201335976507,626.99853515625,349462
2022-08-11,637.692939344279,637.692939344279,608.9099117318524,631.5889282226562,496202
2022-08-12,660.5208075309204,694.2664235430185,640.1741861118612,651.2655639648438,3120210
2022-08-16,651.5881106892457,679.8748755858846,651.4640459309271,677.1702880859375,912904
2022-08-17,679.8252325012526,679.8252325012526,660.2477781351702,662.7787475585938,397798
2022-08-18,663.0021397405799,691.2889076786137,663.0021397405799,679.5523681640625,708940
2022-08-19,679.8749130672849,704.638252308574,665.4834003089263,689.7008666992188,456350
2022-08-22,682.8028984777609,707.169207839186,656.550780330697,691.9092407226562,854770
2022-08-23,684.8375190306375,686.9466200856231,652.258098853806,658.2876586914062,859214
2022-08-24,662.9028758630097,699.2290147843531,662.9028758630097,679.7012329101562,993520
2022-08-25,682.1577102225099,717.5657829961095,675.8304070362651,705.953369140625,1422340
2022-08-26,699.1794110815456,705.1592964872591,683.8698309919106,693.5964965820312,423244
2022-08-29,663.0021218414629,709.5760237488327,663.0021218414629,705.1841430664062,509432
2022-08-30,707.318098353293,712.1069500625791,687.3188329887187,697.9884033203125,376846
2022-09-01,694.762704455685,719.0545619265033,683.075779017191,689.0557250976562,766090
2022-09-02,692.5046699634337,703.6953358187486,676.0537308504972,689.6264038085938,844736
2022-09-05,688.5842857233912,699.7004402496165,677.3936196436659,689.3286743164062,321674
2022-09-06,690.4204483822621,702.206601589147,680.3960391492805,697.1943969726562,541938
2022-09-07,690.4948330586939,698.0131695507666,680.8673956689585,687.9390869140625,513482
2022-09-08,688.2865328578212,699.7253293167048,678.5847038232624,691.9588623046875,482528
2022-09-09,693.1497743526946,698.2115920388901,684.7629849421612,692.7279663085938,254140
2022-09-12,692.0071923782814,706.398610594029,688.0054025771543,701.2037963867188,326900
2022-09-13,701.228589257142,712.7616637728449,701.228589257142,707.51708984375,529834
2022-09-14,704.9072849561418,709.4310078640758,696.9534650976804,703.5402221679688,157294
2022-09-15,702.9188442244453,702.9188442244453,661.7081021117783,684.799072265625,1246058
2022-09-16,674.1359603978831,688.403161774575,661.1613033484388,672.1972045898438,521028
2022-09-19,671.1035092600148,683.0342383135261,667.1514795341695,679.0076293945312,156010
2022-09-20,681.5677652502551,694.3932623493379,679.0076175489535,692.4296875,144294
2022-09-21,694.9899176894355,723.3005220991527,691.1372860425157,709.505615234375,589182
2022-09-22,703.0679578240778,717.757631826904,690.490956446486,710.5991821289062,320674
2022-09-23,711.8669354319338,713.7311121134071,683.6060290773657,692.5540771484375,177574
2022-09-26,679.5544574246982,684.4758954050855,656.786624702371,666.95263671875,210734
2022-09-27,662.6526581928993,684.9730786962035,656.8115713708688,664.64111328125,866688
2022-09-28,664.6410393691716,677.7896729055507,659.2473676783956,663.6716918945312,597466
2022-09-29,667.0024050050391,675.1799022987645,646.8941771578418,659.322021484375,170850
2022-09-30,649.7773754697065,728.6693646092006,646.9935505849315,695.5118408203125,1049616
2022-10-03,700.2344115766763,704.9072929329673,685.0476230222687,690.3170166015625,242120
2022-10-04,697.4505958135906,698.5442217976141,678.5602731899866,683.5065307617188,402826
2022-10-06,686.0169977178758,717.8073988100023,683.5811281256443,704.8079223632812,622382
2022-10-07,710.8726679642988,729.7629906095038,692.5291583117306,721.6351928710938,387120
2022-10-10,721.3120826476774,733.1931139264077,709.5056305712595,714.7750244140625,270996
2022-10-11,713.8553451004702,713.8553451004702,683.0342925961323,692.7777099609375,913488
2022-10-12,691.9823442182944,698.0719876929167,681.5429554046564,692.0320434570312,667626
2022-10-13,691.9823376252908,696.9285951476842,686.5389663546034,694.3436279296875,158460
2022-10-14,700.3089698958657,700.6818051948343,671.6752310716494,676.9943237304688,365836
2022-10-17,672.5949054154197,698.4448204794269,665.138199146956,670.4075927734375,345108
2022-10-18,673.9371189684442,715.8438343791929,668.6677251019419,707.6165771484375,314196
2022-10-19,707.3928794376446,707.3928794376446,676.5967063241561,682.0151977539062,288638
2022-10-20,682.0151781857102,696.4812367116036,670.6064420109903,691.8829345703125,904886
2022-10-21,688.7510817358028,725.2143621617207,679.7781545212556,711.4443359375,1370674
2022-10-24,713.8553831813151,713.8553831813151,700.9801242311021,706.5975341796875,21504
2022-10-25,705.8021391731422,708.1634295279633,685.5198735364933,687.6077270507812,208046
2022-10-27,687.5083489093302,743.1850915541928,687.4834689475159,728.1473999023438,2003606
2022-10-28,730.7572492363568,731.8011760272706,693.9708298870436,711.3698120117188,537500
2022-10-31,714.7749703481801,720.8149143532924,704.4101611300795,709.8038330078125,302674
2022-11-01,710.8975286698366,740.6745931709227,710.4004149294801,725.9103393554688,698264
2022-11-02,729.5641578314413,740.42608158599,713.7062164076169,723.027099609375,233806
2022-11-03,721.312008894752,777.8338146776745,715.0980873846319,762.025634765625,568284
2022-11-04,760.086869652464,779.7228613799148,746.6647993577508,765.6296997070312,1002252
2022-11-07,765.5302959539553,790.4108634443127,750.7909217951106,768.4881591796875,318214
2022-11-09,807.3126933765959,807.3126933765959,754.7926159350811,761.6279296875,1348958
2022-11-10,758.3967151974758,774.900927896824,751.9591164901569,760.0869140625,314676
2022-11-11,759.8134672954117,769.0100714329485,749.6723956035265,754.89208984375,144550
2022-11-14,754.1215679087342,760.8077236543046,736.3746310913317,752.6053466796875,236640
2022-11-15,750.6417888152034,753.5995914582626,737.2197170946666,749.8961181640625,216672
2022-11-16,746.6399690045922,749.5481329745888,728.2716403021847,734.3115844726562,404562
2022-11-17,735.7283494529861,744.6763969463332,716.3906124557975,735.9520263671875,303048
2022-11-18,736.7226229572746,750.4926504087808,717.8322992917034,739.7550048828125,691448
2022-11-21,740.6994716426789,740.6994716426789,716.4402968889009,728.0230712890625,257726
2022-11-22,718.3293490496103,724.791827622375,701.452361973099,711.4443359375,575674
2022-11-23,713.3582138795705,721.8091474237884,703.6644959906147,715.470947265625,492768
2022-11-24,711.22063395482,725.2889776714777,706.8957685050318,718.5779418945312,257132
2022-11-25,714.352468233404,722.2565890999015,710.4501373806646,717.95654296875,184398
2022-11-28,718.3293422839469,724.0461501983174,710.0275672379489,719.3484497070312,331110
2022-11-29,715.8437827765943,721.3120338950265,714.7749761032438,718.4039306640625,219386
2022-11-30,722.0080012410085,731.6520198417895,715.9183579839654,725.0155029296875,331720
2022-12-01,728.6444583788084,744.850354032213,715.8686596396014,719.6964111328125,618182
2022-12-02,723.201107506557,745.6209254867268,717.8322547354037,741.8179931640625,322714
2022-12-05,745.6706343167982,750.4180949617478,717.9068431689691,720.6160888671875,396820
2022-12-06,721.3120096348634,732.7207452660193,719.2986747903877,725.8109130859375,320558
2022-12-07,728.4704626796652,735.7283109074571,724.2449960291832,730.3843383789062,350588
2022-12-08,735.231262053285,735.231262053285,702.8691679290883,717.3600463867188,542636
2022-12-09,717.3599816811181,719.3235566122846,697.1025974848841,712.7864990234375,228964
2022-12-12,703.4159945881365,707.3929048048892,686.2655692783904,698.072021484375,633578
2022-12-13,695.984134322488,698.2708454502531,676.3481410744257,694.9650268554688,541570
2022-12-14,694.9649626700434,726.7802399310468,693.6972984435452,710.10205078125,345822
2022-12-15,711.8668868746869,714.7004109641146,686.6383641729478,694.0701904296875,266664
2022-12-16,688.0054343118518,701.8997394382975,684.078223525673,694.9650268554688,520936
2022-12-19,708.3871028157571,718.3044979820451,692.1066272949037,697.4257202148438,384472
2022-12-20,691.012977052355,703.3662413278346,691.012977052355,698.966796875,153080
2022-12-21,702.1482657192734,704.4101574705211,681.7417834527779,687.906005859375,171694
2022-12-22,688.5025060663414,697.6991099379858,668.1457233911572,673.3654174804688,184580
2022-12-23,664.4670693575141,682.5371410349474,628.2274668484448,650.7218627929688,313358
2022-12-26,651.6912353595264,670.2833014342757,650.7467677966313,657.979736328125,103812
2022-12-27,661.2855703778217,690.9881171397649,657.4826380282201,686.4395141601562,276448
2022-12-28,681.5429191186533,698.4447858218147,677.0688955795812,687.2846069335938,188212
2022-12-29,688.3533501426149,692.3551398985558,679.1567462380209,688.8504638671875,299558
2022-12-30,689.7950056440801,715.1975053326736,687.0857600650176,707.144287109375,191250
2023-01-02,710.8726043427872,715.4460261954986,703.8633131777906,708.8095703125,223220
2023-01-03,712.314245926127,717.807316002142,703.7887336782553,711.4691162109375,207306
2023-01-04,714.1039443938454,714.3028020422519,688.0054709649022,697.0529174804688,183152
2023-01-05,698.4448611986079,706.3986816820084,691.112432940473,703.4656982421875,330528
2023-01-06,704.260986328125,712.0160089446767,698.0968247159515,704.260986328125,1213884
2023-01-09,710.8726982262043,717.335177300988,704.9322128882867,714.3027954101562,392860
2023-01-10,711.8668823242188,717.5836903875767,704.9321698596253,711.8668823242188,88634
2023-01-11,706.8958036261148,716.5398232101829,702.6952164079404,710.7733154296875,545068
2023-01-12,715.6449517242362,720.3178331719247,697.0528850944814,703.2916870117188,168246
2023-01-13,702.9685720423468,715.8438308589459,698.4945480994784,714.5016479492188,118298
2023-01-16,715.8437772621099,724.195312269966,715.8188973022678,721.2623291015625,318324
2023-01-17,724.2450367592481,724.2450367592481,706.4235209030055,711.19580078125,121362
2023-01-18,708.8842156907632,710.6738130748748,686.0418628874647,699.8118896484375,428252
2023-01-19,700.8807120112847,704.062252255659,682.1394865915297,696.2824096679688,260496
2023-01-20,695.8100875650108,701.2038202674829,689.5464664879164,693.5233764648438,154508
2023-01-23,696.9285811249822,702.8194274700029,687.5083000574854,695.7603759765625,204214
2023-01-24,695.9095222583846,695.9095222583846,661.6583741496829,680.9464111328125,556034
2023-01-25,676.0995535798874,687.0608749299888,672.4954790330148,681.7666015625,251052
2023-01-27,676.6215558827304,685.9673192483356,658.6757605066261,674.409423828125,363026
2023-01-30,668.2700150458188,685.8926725943728,666.5549362585527,680.2007446289062,183468
2023-01-31,676.0746490740574,695.9591975762356,658.8745267562387,680.3746948242188,399848
2023-02-01,687.4833896411809,699.9361125068518,673.6884840147143,680.1758422851562,235576
2023-02-02,679.1816467062044,693.7471035491382,672.3712127470399,679.5296020507812,270052
2023-02-03,679.5544934657308,694.8656211761305,666.1324222707237,691.1372680664062,208618
2023-02-06,690.9881009893542,708.3870819495178,680.051598671537,701.154052734375,243104
2023-02-07,695.9591619318181,724.7917557832792,692.8770813449636,717.7078857421875,265452
2023-02-08,715.8437573748802,719.8952463326992,681.8411667630079,691.4354858398438,511662
2023-02-09,683.0591510329305,686.8869025147209,676.0497988315507,678.6348266601562,419416
2023-02-10,675.5776212800122,694.4679447595122,669.1151421949202,688.179443359375,211342
2023-02-13,683.5810944237894,689.9192946336974,659.2971002659234,669.7116088867188,168124
2023-02-14,663.6468526460816,667.723161100813,641.8235470030263,647.4160766601562,3718144
2023-02-15,650.895894842168,670.1093539598534,644.6819727913534,653.0335083007812,411718
2023-02-16,654.6987696861154,677.5660008216972,651.7409673232307,666.1323852539062,1037536
2023-02-17,666.1075963745897,666.1075963745897,642.5195713923528,646.2479248046875,819192
2023-02-20,648.4848845386391,654.6242271924541,632.8258014700556,645.0299682617188,361900
2023-02-21,645.2536273273304,645.9247187322837,638.2940350449093,641.599853515625,156724
2023-02-22,638.3189743516422,649.5785529377122,636.3056392667658,646.9190063476562,283196
2023-02-23,646.2478572512136,654.8230692032008,633.7703146054675,640.033935546875,987812
2023-02-24,643.2402772899242,661.1612512684906,636.4795427969773,653.6548461914062,465886
2023-02-27,656.1901055196722,672.0977444413612,651.0946899275687,657.8057250976562,944760
2023-02-28,657.8057389861129,702.4216959662782,649.0813688076681,687.5579833984375,1293952
2023-03-01,684.0284388950893,710.2511860983712,678.2867514902459,695.9591674804688,530574
2023-03-02,697.4008850032958,702.918835436279,688.9996505761546,691.8829345703125,677634
2023-03-03,695.3627651153627,695.9841573272963,684.0285468965596,686.4644165039062,167074
2023-03-06,688.4528329493949,692.4794421202041,681.0707060224396,683.8296508789062,260396
2023-03-08,684.0036581398838,684.7742087459069,652.4866941021276,658.3526000976562,532904
2023-03-09,663.6468462288069,668.5931036934852,641.7738415590934,644.1351318359375,627730
2023-03-10,643.2651322440016,665.5855496647673,637.3494670365683,654.9224243164062,402452
2023-03-13,654.9224486904677,665.5855744356753,650.6224635419896,658.7005615234375,218392
2023-03-14,662.0063135126198,662.0063135126198,638.0454565953374,641.848388671875,222744
2023-03-15,642.2709208441281,661.1363620865042,607.4729607364741,612.7920532226562,384850
2023-03-16,609.0140499169155,618.434391996285,589.7757718461825,609.4365844726562,805626
2023-03-17,610.008211287738,644.2593574752643,610.008211287738,623.47998046875,1008646
2023-03-20,631.3344736117106,647.8635060901274,612.518729979613,643.6131591796875,698112
2023-03-21,646.1484983342991,663.522600210141,646.123618372827,657.88037109375,427060
2023-03-22,666.0330159103194,672.1723584884267,657.5075030971018,666.7786865234375,375970
2023-03-23,666.0330353382184,670.7058561037995,629.0477597121444,644.9057006835938,295276
2023-03-24,635.6345189784271,661.0618998437004,631.3344728339758,637.200439453125,340290
2023-03-27,648.7334488400239,673.589136535044,647.2421075783227,654.7236938476562,1090486
2023-03-28,658.5265843663193,665.6353355236861,635.0877187453402,641.102783203125,288668
2023-03-29,636.3056261241222,670.954431648529,627.8546920271611,666.4804077148438,279126
2023-03-31,666.1572884633428,666.3809653721711,634.9882207005418,646.7200927734375,11189650
2023-04-03,644.1600407445139,662.3046931609405,632.6269649906749,656.5133056640625,324754
2023-04-05,655.1959408734883,660.6144930370054,639.4125788683796,644.2345581054688,322566
2023-04-06,644.2344830434213,653.1825297517803,634.3667881154904,637.1257934570312,796760
2023-04-10,640.4812968176749,644.5327855687624,627.2829039414069,641.2020874023438,224564
2023-04-11,643.7126336970824,651.0698810923833,635.3859780393956,639.810302734375,299634
2023-04-12,643.0166033543998,645.8998872328308,637.2997955163049,638.2443237304688,208166
2023-04-13,640.5807220372462,647.4906148233661,635.3362087453019,646.3472290039062,252762
2023-04-17,641.8235555138452,665.6353164618549,641.8235555138452,663.5225830078125,1266424
2023-04-18,658.6756893725561,673.7133796393636,658.6756893725561,671.3272094726562,545556
2023-04-19,672.8434635180565,678.5602716676374,664.1936720942984,676.8203735351562,693130
2023-04-20,674.0862664938081,687.8562935347447,666.6544399674705,686.6632690429688,230000
2023-04-21,682.5371328012808,685.2463782832608,663.19939709154,671.9237670898438,202090
2023-04-24,671.92383518198,680.0516331344102,666.1573276223776,675.7515869140625,193838
2023-04-25,678.013422574709,693.4736473064082,671.8492002398643,681.1452026367188,307508
2023-04-26,676.074636850153,693.3244580907731,675.6769216141698,690.86376953125,402620
2023-04-27,694.3187963759046,711.7177787792242,691.0378575449886,702.4466552734375,411524
2023-04-28,707.8651434386637,720.1687095054968,703.4408793386763,718.6773681640625,270760
2023-05-02,718.8265029722803,722.9276915265827,712.364024038228,720.7652587890625,256556
2023-05-03,720.7403719386884,727.1780315326995,709.928147671601,714.2778930664062,210070
2023-05-04,712.1403224077956,721.7345813134434,700.1598325610214,719.373291015625,181068
2023-05-05,721.7345864278525,728.271644382597,716.2166359346256,719.1744384765625,194276
2023-05-08,716.0923782721718,730.7075350954456,716.0923782721718,724.2450561523438,1499614
2023-05-09,724.2698417057719,738.0896279983373,723.3750733803986,727.0039672851562,156408
2023-05-10,727.0039262690918,734.2120751171634,718.7270314829121,728.5947265625,172684
2023-05-11,727.9236432404973,744.1295383485785,713.8553007151119,738.2884521484375,468378
2023-05-12,733.2427419944822,745.6457051198341,725.139764030158,727.4513549804688,153638
2023-05-15,732.3479280990156,751.834822866701,729.7878409171245,735.10693359375,391250
2023-05-16,735.2312265062922,747.6341901312886,730.4589467061033,736.8965454101562,276336
2023-05-17,736.7225843781679,748.156200734914,716.8380341925223,728.0479736328125,251376
2023-05-18,731.5525429921688,742.1659088469042,707.3182489839289,718.9258422851562,440906
2023-05-19,713.3582237222693,715.1975203047277,697.9476976348892,703.3413696289062,411610
2023-05-22,704.6836030127404,715.3963676483947,695.9592326446701,709.60498046875,97564
2023-05-23,709.6049913491768,711.6680255284292,699.439039532445,703.6148071289062,147354
2023-05-24,704.8575926350445,719.0253343969506,696.3071997935995,707.0946044921875,132860
2023-05-25,719.8206663753679,735.7283054112876,691.0377698581851,696.7545776367188,599354
2023-05-26,701.6760511729792,740.2023664162706,700.2841084136379,735.3306274414062,1036236
2023-05-29,740.1774600287184,755.5382863396533,723.7975869864623,727.5259399414062,1012808
2023-05-30,727.1779583712868,748.6532463438772,727.1779583712868,745.0242919921875,449342
2023-05-31,745.6706058493405,748.553889798423,725.2889426227919,729.3155517578125,453182
2023-06-01,730.707516401491,758.0984720076266,725.4132428046748,740.7988891601562,1328720
2023-06-02,744.5272228193683,759.1672588463954,738.4624594751344,742.14111328125,477010
2023-06-05,747.0625549771734,755.3394502266391,739.4566904593171,752.5805053710938,619062
2023-06-06,755.6128970705358,766.5493995281357,752.7793729796535,760.7083129882812,375114
2023-06-07,762.32386281558,817.6774614547013,762.32386281558,806.1195678710938,1289008
2023-06-08,806.1196957954446,811.5133681871598,796.202300129479,800.3283081054688,419238
2023-06-09,802.2421544395554,807.3872693616232,774.006070559625,777.0384521484375,309978
2023-06-12,782.3576541299198,798.3895727745261,778.2812849175613,790.7340087890625,773040
2023-06-13,790.7340343618515,794.3878084531514,776.9888264156918,780.66748046875,505978
2023-06-14,782.9292628725814,789.8640359759411,768.786401200575,778.430419921875,164944
2023-06-15,778.6292808245929,784.5946457474158,770.5263025312931,774.4783325195312,97410
2023-06-16,775.5222597318613,789.416563513006,775.5222597318613,785.936767578125,124724
2023-06-19,788.1987064112063,792.3744132368707,773.0118575413618,778.8280639648438,67784
2023-06-20,778.8032595134498,786.433943350608,773.8569413487969,780.6177368164062,366620
2023-06-21,788.9195453147071,800.353161913471,774.4783661635702,780.518310546875,234166
2023-06-22,782.1339024923401,790.2865800879039,766.5493986447856,768.9603881835938,112242
2023-06-23,772.440238570886,780.4686382924356,756.1597621988623,758.9933471679688,197120
2023-06-26,762.1996692561386,775.4477630399746,753.6493368938853,759.83837890625,319486
2023-06-27,767.543581193945,769.9545705915704,753.6243970790289,757.4521484375,98880
2023-06-28,760.1117711629805,774.7766261600378,756.6319750619838,765.3811645507812,167514
2023-06-30,768.090454686052,787.8259072713112,761.7771342380357,777.1627807617188,248388
2023-07-03,781.2639417522054,791.2310965136738,775.6465928991498,788.7952270507812,130724
2023-07-04,789.3918045180262,796.2022997296029,784.2466890195993,788.0496215820312,131424
2023-07-05,790.3859758419161,792.8964245312758,774.354057540265,779.0518188476562,127898
2023-07-06,779.697960088598,789.2673988331951,772.0175776809995,779.9962768554688,227404
2023-07-07,787.428201518872,819.0943239861128,785.4148665032192,802.6150512695312,856348
2023-07-10,810.5439726853743,812.7561046087767,780.4934706482762,784.2466430664062,171248
2023-07-11,785.4397188224807,792.2999127916573,776.2679944802491,782.2581787109375,108660
2023-07-12,786.1854462972045,789.4912650843414,773.0368110353646,782.7305297851562,145266
2023-07-13,782.7553028108739,846.5847207897183,782.7553028108739,834.107177734375,1205150
2023-07-14,840.1222678679576,856.2535853654251,835.8719208786878,847.77783203125,641998
2023-07-17,847.777829615862,862.0449704427966,823.816909658313,831.7459106445312,219190
2023-07-18,836.1453191327358,844.795110432744,817.7521105667957,821.6793212890625,134136
2023-07-19,824.5874027167686,825.7307885731697,811.3144903493346,813.40234375,64518
2023-07-20,817.4538950998123,825.1839778095957,797.9172996758302,813.94921875,160574
2023-07-21,816.1862348851928,835.1511374343307,806.5670955280962,816.1365356445312,453674
2023-07-24,819.6411900268706,819.6411900268706,803.3607144213181,810.5191040039062,81284
2023-07-25,810.2953712930345,830.1302210459141,802.6149885192469,821.5053100585938,252720
2023-07-26,820.2377296707564,839.1529331038731,811.3393809517007,822.0770263671875,485166
2023-07-27,824.7117082752701,851.4315722413917,824.7117082752701,844.6708374023438,593910
2023-07-28,838.1338000752176,860.2304824529408,837.2389710333211,843.87548828125,560500
2023-07-31,845.0685106165126,872.0618120122125,838.7054909089217,860.379638671875,259002
2023-08-01,864.9530333587095,873.4537269151775,845.9136134005237,860.5535888671875,258422
2023-08-02,859.658835069252,879.3693467774636,844.9939793944209,856.477294921875,375366
2023-08-03,854.5385018268151,862.8154575674625,830.1799290580461,837.33837890625,1081690
2023-08-04,837.6366119257467,852.3263465148452,835.6730370195855,845.2921752929688,609062
2023-08-07,847.0321504579763,853.4946293582511,842.6078258435293,844.9691162109375,87178
2023-08-08,844.0991358850182,893.6862317651894,831.7209915437779,840.2962036132812,769836
2023-08-09,864.9778964425606,879.3196155199993,832.3175484189816,837.6863403320312,676198
2023-08-10,855.0356850281231,863.4369198838614,821.2816478837601,826.2279663085938,267804
2023-08-11,830.1799263744822,857.5211814347197,826.2775957433594,850.08935546875,446354
2023-08-14,850.5615739381824,862.0697686794637,847.4546131917688,853.6188354492188,286290
2023-08-16,858.1674874518009,874.9201964863911,854.364555143007,870.520751953125,355706
2023-08-17,867.4385362825257,882.2774289404146,861.572630966351,869.55126953125,118988
2023-08-18,869.7999207712293,877.4057855651249,858.4905827419905,872.3849487304688,263212
2023-08-21,869.2282796088595,876.4364290483195,864.9779327352176,873.6028442382812,178516
2023-08-22,874.845635361905,878.375130909084,864.6548033172883,874.2242431640625,409932
2023-08-23,874.398142509042,886.5774284956609,871.4403401854223,876.6600341796875,455896
2023-08-24,876.4115296292982,884.8624632672438,866.6432324347539,874.945068359375,89160
2023-08-25,874.4727660711516,877.1074931607809,861.8709449250356,868.1842651367188,69880
2023-08-28,868.184296015373,889.8336243902918,868.184296015373,884.315673828125,306980
2023-08-29,885.807027062697,889.3614026072671,867.4883970195519,873.00634765625,139168
2023-08-30,874.3981748009783,892.2942691565131,868.2340130692236,881.8797607421875,374866
2023-08-31,884.5890310195622,894.9290212091787,874.0751238382475,894.7301635742188,385588
2023-09-01,896.9920532433712,924.6315653173672,892.3440518661107,919.4864501953124,379084
2023-09-04,929.5281287192072,937.9542431498728,909.7181580159186,919.28759765625,391130
2023-09-05,921.922354942233,945.6843564425296,917.2245934645532,920.480712890625,1049140
2023-09-06,924.6067618758332,927.3408876984732,889.8833760648718,894.60595703125,548894
2023-09-07,899.0799034189453,904.722132265214,892.8659816316822,900.5215454101562,414512
2023-09-08,904.7470408843916,924.0847782354648,904.7470408843916,915.5592651367188,413570
2023-09-11,918.7159317157358,945.0132618706924,917.19977115084,927.63916015625,567004
2023-09-12,936.5622963344214,939.520098846422,910.6875016131966,928.8321533203124,896102
2023-09-13,927.1172044397664,928.8322227164005,892.6174957948242,897.1909790039062,691638
2023-09-14,904.1505296244322,917.8459772824856,892.3191978807909,904.3742065429688,313916
2023-09-15,911.7268217583546,942.1343319427502,899.7881597227059,922.7682495117188,2321382
2023-09-18,929.2235595053704,940.589013508076,902.3054366200796,916.4374389648438,284840
2023-09-20,917.1353691644308,921.023566982954,900.6605167687998,911.97607421875,490346
2023-09-21,909.184551121032,952.1039911159849,889.2202519934675,903.078125,1117484
2023-09-22,911.8763973419188,922.7682556961988,902.9036893585184,912.9979858398438,301262
2023-09-25,910.7049060775724,910.729854606287,879.1010835030917,890.4415893554688,406018
2023-09-26,894.7783359725023,918.182123818497,879.8238233935747,912.9231567382812,471484
2023-09-27,912.9231956830344,939.6419137938428,908.6611350761962,919.5779418945312,481538
2023-09-28,923.1919009325584,935.5792098954684,908.8106569784334,922.0703125,215420
2023-09-29,917.2350805629494,920.2259831674098,895.5011396238144,904.4240112304688,380270
2023-10-03,911.6769763567496,919.2040690908966,898.7662345829103,906.692138671875,404698
2023-10-04,898.4671737366605,912.2003653120382,890.7905113845967,903.4270629882812,166916
2023-10-05,906.5176715184735,907.6641476633006,862.3769099660235,881.9673461914062,544048
2023-10-06,887.2263576753355,904.6982387803048,879.6244799102758,897.7942504882812,225586
2023-10-09,897.2209876124867,904.2495968957412,888.3230641129372,897.4951171875,151270
2023-10-10,914.717696936147,939.6418848635624,907.464733909242,929.7220458984376,604726
2023-10-11,942.1342829227298,967.556954049216,939.9409422633724,959.2322998046876,1128982
2023-10-12,967.0335418204576,981.1656050373042,947.119140031919,966.884033203125,337198
2023-10-13,962.0736477967872,1026.8765359903532,928.1518039062048,1004.245361328125,1957870
2023-10-16,1006.9372434475074,1009.005963320644,953.773935726168,959.5563354492188,873514
2023-10-17,964.591050675584,967.0585210154666,944.6018026693836,949.5368041992188,650814
2023-10-18,947.6674437022914,953.9982238289632,924.2387074832612,935.3549194335938,889476
2023-10-19,935.2551694262098,951.6054604518414,915.2161474015614,933.0618896484376,944612
2023-10-20,932.8126572181824,946.4212269591836,917.8082477998012,925.4600219726562,405644
2023-10-23,928.4010831170737,930.8436657864512,869.9788089825265,898.1680908203125,332032
2023-10-25,884.8335907649911,900.8847429207724,872.4711696207398,894.1552124023438,478736
2023-10-26,884.7588634049778,884.8086996124067,861.4049107429686,870.6766967773438,663654
2023-10-27,875.2378226402737,918.3815561740222,875.2378226402737,900.5109252929688,347728
2023-10-30,897.2707584866534,924.7621497291886,880.9952517252015,912.7237548828124,323628
2023-10-31,912.7237683983838,932.1396865920084,902.2556093943608,904.9224853515624,481616
2023-11-01,907.3401605899188,949.611609873393,907.3401605899188,944.527099609375,739786
2023-11-02,932.4636913430696,991.9826633117906,932.4636913430696,985.8014526367188,831164
2023-11-03,984.5053914388678,1003.6471793209076,978.598371260248,999.260498046875,464310
2023-11-06,1009.2301971814168,1040.75935550332,1005.1177062068296,1020.919677734375,385732
2023-11-07,1026.8765009276358,1036.8461756939237,1002.72498814633,1025.8048095703125,317330
2023-11-08,1025.8795479618843,1056.7855401745358,1009.429584364828,1043.226806640625,525928
2023-11-09,1056.2371759158482,1058.7295946817076,1020.745157030037,1028.9451904296875,561470
2023-11-10,1026.90147091156,1026.90147091156,1003.0489748547692,1012.046630859375,345268
2023-11-13,1001.9524152249808,1062.917006919246,997.6903544918308,1051.9254150390625,578046
2023-11-15,1059.4026918063405,1180.4595308429073,1053.969267087651,1110.6468505859375,3304890
2023-11-16,1117.9245541508046,1129.0657148515802,1097.7609104264848,1104.83935546875,1077928
2023-11-17,1106.6339194723648,1145.5156517781506,1102.9949637755146,1139.38427734375,1369666
2023-11-20,1145.5156558842857,1164.183847955428,1126.5732734110034,1143.9205322265625,585152
2023-11-21,1146.014128569483,1152.3448477844076,1104.565253895664,1121.5634765625,300076
2023-11-22,1128.0686585756655,1128.0686585756655,1085.1491615954096,1107.7803955078125,710876
2023-11-23,1108.976809093779,1146.4877124586792,1097.461907127427,1131.732666015625,658370
2023-11-24,1128.6419832722845,1215.3034356821788,1128.6419832722845,1178.291015625,1047620
2023-11-28,1178.565182660106,1197.4826170851454,1165.629553378171,1191.3262939453125,471498
2023-11-29,1205.333755432115,1205.8821362589756,1147.5345866611608,1156.4573974609375,402914
2023-11-30,1158.9747303826955,1193.8685932329272,1121.289309824391,1181.929931640625,1082412
2023-12-01,1181.9050141503935,1193.3451922881184,1162.5140442516004,1175.5992431640625,302318
2023-12-04,1181.3815765133502,1203.5890526215662,1172.1596268453034,1182.17919921875,659190
2023-12-05,1188.7591852080911,1188.7591852080911,1136.543009654869,1138.3624267578125,739870
2023-12-06,1146.5127137561003,1152.943105948849,1115.631667393003,1120.3922119140625,525164
2023-12-07,1129.0157327748173,1141.5277228714947,1120.3920617481608,1125.800537109375,524844
2023-12-08,1126.573259482007,1128.517297400175,1074.9302950133097,1101.175537109375,961110
2023-12-11,1107.5561441706295,1120.441875803624,1088.4142955730642,1103.21923828125,192004
2023-12-12,1116.6036132204483,1160.968667495725,1102.7706889941685,1119.4449462890625,1095308
2023-12-13,1131.6577089089876,1152.4694040737952,1118.6473569278303,1137.514892578125,632252
2023-12-14,1155.2361640555453,1190.3543221352422,1148.9054443681712,1177.0947265625,828290
2023-12-15,1181.4065442673805,1202.6668285463977,1127.5702966805125,1144.9425048828125,1002460
2023-12-18,1148.9053825779586,1148.9053825779586,1110.0485982254108,1136.9417724609375,524336
2023-12-19,1136.5430675257574,1157.4793871907054,1117.3264926361148,1122.809814453125,377444
2023-12-20,1127.5703335108567,1151.6969002781575,1087.9159236576586,1100.527587890625,525482
2023-12-21,1096.6643015149025,1117.102136224953,1067.7522426567823,1093.7730712890625,479890
2023-12-22,1098.683127009949,1163.9096522904335,1098.5585060731885,1145.764892578125,1247186
2023-12-26,1158.8999726605218,1158.9746965415363,1120.6163970540913,1148.9302978515625,681960
2023-12-27,1148.9550940143272,1154.66283005023,1104.6648878776534,1114.086181640625,696816
2023-12-28,1125.4516574726806,1125.4516574726806,1105.163393712103,1119.2705078125,397680
2023-12-29,1122.8346549347048,1131.5581206223217,1107.2570376353883,1118.9215087890625,240550
2024-01-01,1116.603654321758,1129.0158516205463,1105.6370112882407,1123.63232421875,204124
2024-01-02,1129.265106834462,1136.4931216463983,1110.6218621375242,1114.2857666015625,248304
2024-01-03,1114.2858128601104,1146.0142581027303,1112.6657405074204,1141.752197265625,393998
2024-01-04,1156.4822686482344,1189.3821952563303,1145.540574972386,1178.664794921875,575628
2024-01-05,1181.4065230378062,1295.0608214566332,1180.9080392728115,1240.6513671875,2386358
2024-01-08,1243.716974383159,1295.0608013817418,1230.5321033434525,1262.95849609375,2009666
2024-01-09,1256.179046197453,1333.1698368118691,1251.1942087125426,1316.246337890625,1420362
2024-01-10,1294.3629517852237,1300.768394942029,1274.0745658337353,1282.1749267578125,816130
2024-01-11,1281.601750420778,1295.0358634490276,1193.8935569519622,1219.01708984375,2677020
2024-01-12,1235.741251769584,1258.5967810440866,1218.8675276670197,1247.0318603515625,1355224
2024-01-15,1255.2069759417454,1275.2210489458578,1213.0352038624344,1236.688232421875,961808
2024-01-16,1247.5802049407243,1250.9449702522218,1204.0874977661852,1219.6900634765625,684998
2024-01-17,1166.451929734022,1214.455937336179,1160.8190392375884,1205.5081787109375,1179580
2024-01-18,1189.6314520286362,1251.194194255972,1171.436795418938,1240.3521728515625,1642920
2024-01-19,1246.2093654115076,1282.7731968727346,1241.2245279498616,1277.838134765625,1060822
2024-01-23,1256.328633433826,1269.46360737229,1166.950471725026,1194.49169921875,1462166
2024-01-24,1190.354297296016,1205.7325703201627,1141.2286972960153,1179.93603515625,1409360
2024-01-25,1179.9360319836433,1218.7429204536236,1134.050576620361,1144.618408203125,781826
2024-01-29,1148.5066972120242,1186.1172763028308,1131.6081447482088,1173.705078125,766850
2024-01-30,1178.7645058850003,1217.297324315777,1162.4641115087595,1179.0386962890625,741764
2024-01-31,1181.4065246525315,1217.2973557812163,1151.8464130079071,1208.2249755859375,765592
2024-02-01,1207.8760034926925,1220.986028542546,1154.4883460633375,1171.68603515625,652714
2024-02-02,1181.3565569693476,1251.1941770454423,1174.2531637331333,1235.6912841796875,1936028
2024-02-05,1235.6913395806364,1335.761954044041,1235.6913395806364,1323.5989990234375,2110766
2024-02-06,1325.966840764405,1360.8607049950474,1268.641206671207,1322.1285400390625,1927868
2024-02-07,1346.1304091415327,1394.7575229615074,1328.6087541289137,1376.5628662109375,1466904
2024-02-08,1375.9647623113806,1413.8245799627755,1359.9633847580576,1399.0943603515625,1180362
2024-02-09,1402.9575721264082,1413.0768166367236,1378.855955726122,1401.81103515625,617962
2024-02-12,1385.336265349759,1390.7696896507773,1308.5448178231002,1323.399658203125,376156
2024-02-13,1350.7913475951868,1365.8455331460386,1217.7958530933477,1278.4613037109375,2115384
2024-02-14,1268.616157898184,1316.6201659508722,1246.2093383349477,1285.614501953125,603192
2024-02-15,1307.024440931605,1379.304587359936,1307.024440931605,1367.9141845703125,1830654
2024-02-16,1360.8357551354377,1370.8303791488966,1336.6095167276535,1362.381103515625,1110118
2024-02-19,1352.984630969634,1403.206871048644,1329.481169776486,1388.626220703125,734056
2024-02-20,1390.7696814930578,1440.6180571738123,1386.682139027263,1409.0390625,1084122
2024-02-21,1409.03909394894,1466.5392452601152,1400.7643364213284,1443.6837158203125,1279380
2024-02-22,1441.8892138156712,1441.9389891712262,1382.4200773412144,1398.8450927734375,944594
2024-02-23,1412.6531011317304,1460.5574399056186,1412.6531011317304,1450.787109375,1613018
2024-02-26,1448.120279199146,1449.5658334309487,1358.9166342023157,1427.90673828125,3093092
2024-02-27,1433.041065946826,1437.627091969532,1398.2219283714644,1409.861572265625,780994
2024-02-28,1414.2731549792618,1419.233165765313,1358.368249818176,1387.853515625,701986
2024-02-29,1390.6200912312495,1404.004428581443,1337.1327605855993,1376.1640625,1403934
2024-03-01,1405.549750388814,1412.8775593607638,1328.4592820096614,1366.6431884765625,1384326
2024-03-04,1363.353103530786,1383.3423512790623,1333.6434223204071,1346.803466796875,868380
2024-03-05,1333.4690415735784,1397.848172189503,1326.3905963355735,1372.7744140625,1396726
2024-03-06,1371.677673162233,1401.7113182814362,1336.684139205694,1349.5450439453125,1904400
2024-03-07,1359.614420247292,1399.3684990794538,1359.614420247292,1386.7568359375,556528
2024-03-11,1396.4523280403528,1413.6002420539303,1364.125729885193,1379.254638671875,568952
2024-03-12,1410.709144724207,1465.0438785669414,1336.5596799617597,1398.521240234375,815928
2024-03-13,1412.079825262363,1481.2943417696792,1254.5839107473394,1290.7987060546875,2215416
2024-03-14,1271.6321453917162,1359.838827491148,1211.7144183103085,1319.411865234375,3037130
2024-03-15,1329.5558544089745,1414.5722836382647,1312.1338714146143,1358.3931884765625,4686880
2024-03-18,1354.4053701353898,1368.337967357343,1298.550238603234,1313.1807861328125,953798
2024-03-19,1313.0061665482483,1343.862261265818,1257.8240410640944,1312.906494140625,1375174
2024-03-20,1325.5181781063493,1326.0414886797157,1269.1396177350794,1277.838134765625,980624
2024-03-21,1287.134874039486,1293.6649378120233,1261.2634957112668,1275.1712646484375,813968
2024-03-22,1283.9945330158937,1297.6031644243474,1263.0083173914884,1270.0369873046875,776426
2024-03-26,1276.2181094287228,1367.989019145739,1270.9840299019,1347.2022705078125,1022052
2024-03-27,1369.8333688184998,1381.7969790265215,1347.45149673438,1359.8387451171875,1033238
2024-03-28,1378.3823524729532,1409.0890014860925,1347.401634745523,1387.1806640625,1046010
2024-04-01,1387.1806934573942,1429.0283826333937,1386.2833983093983,1418.7347412109375,595084
2024-04-02,1414.248307745208,1459.136672451582,1412.1297517898215,1444.954833984375,377774
2024-04-03,1455.2237357439562,1460.55748789556,1415.6939473117372,1429.4521484375,741732
2024-04-04,1434.6862557905793,1446.1014859899317,1406.2227824810743,1420.9530029296875,633736
2024-04-05,1420.6786812345213,1455.5725435806323,1395.5052519705412,1420.6287841796875,857360
2024-04-08,1443.0357858476334,1495.42635689419,1427.5328919680298,1444.4066162109375,1159370
2024-04-09,1455.5725752288822,1473.019506781283,1433.2404785017816,1449.8150634765625,451942
2024-04-10,1463.3490327730465,1532.8126744734134,1460.058991146058,1509.6331787109375,1177758
2024-04-12,1534.756788733791,1565.2390222871302,1472.9945772228243,1493.8062744140625,1662022
2024-04-15,1470.5271171215768,1535.9780602677276,1465.542279436419,1497.220947265625,1060756
2024-04-16,1492.460399030148,1583.60820454476,1485.481626289192,1559.705810546875,1969024
2024-04-18,1562.0986141378316,1627.549559507998,1545.299734908053,1573.28955078125,2038720
2024-04-19,1545.29965567085,1570.0244988416382,1502.928536079875,1556.1666259765625,1156106
2024-04-22,1577.7010500287154,1615.860004978441,1535.3299317814983,1542.9068603515625,955620
2024-04-23,1559.7556362371324,1617.0812668434828,1557.7617012595204,1578.423828125,1314666
2024-04-24,1596.144953920735,1622.539643918654,1578.3988838916564,1590.0634765625,650534
2024-04-25,1604.9682472716086,1604.9682472716086,1522.8679907362653,1576.6295166015625,872252
2024-04-26,1595.147990553146,1595.147990553146,1525.3602659664457,1540.8631591796875,650284
2024-04-29,1552.2784732299417,1552.2784732299417,1505.520670858774,1516.8114013671875,483790
2024-04-30,1518.9049373308665,1596.144970183183,1517.534107016062,1571.0462646484375,1132720
2024-05-02,1576.7041726581824,1576.7041726581824,1533.8595167452952,1561.9989013671875,569648
2024-05-03,1575.2087277582218,1583.159519623176,1518.8800612276273,1527.00537109375,758292
2024-05-06,1531.367079201027,1557.76177029691,1502.9036074541066,1548.7890625,517780
2024-05-07,1549.2875528535046,1561.5253537130154,1452.382356914924,1483.01416015625,742936
2024-05-08,1507.9133048485944,1518.8052231851566,1444.207058902072,1461.753662109375,1157738
2024-05-09,1473.4680922533337,1473.667558776705,1398.2718903453726,1408.8397216796875,893286
2024-05-10,1408.8396911097173,1437.3279885939876,1383.292399055096,1424.6416015625,972258
2024-05-13,1423.8192357394082,1505.3213332304977,1413.22645548445,1494.379638671875,677292
2024-05-14,1494.454251552426,1530.7189436139467,1470.4523081670186,1489.045654296875,712638
2024-05-15,1494.5789779881077,1527.578579544123,1445.5779985788788,1467.087646484375,1122580
2024-05-16,1474.515054712068,1505.2714802962223,1463.0998245709943,1488.1734619140625,1113590
2024-05-17,1490.34182878533,1527.3542481472537,1451.2358019611434,1515.5152587890625,1245594
2024-05-21,1560.2542719659398,1580.1686751546774,1461.0310486371504,1567.357666015625,2020844
2024-05-22,1579.695055094982,1653.4457039645797,1568.0554104741038,1605.6162109375,2433796
2024-05-23,1611.09956084543,1616.7574003718958,1576.70418036946,1597.83984375,1389660
2024-05-24,1597.8398553161746,1622.7640442472946,1561.7247298950103,1599.6094970703125,1107176
2024-05-27,1614.7882637862965,1632.434662132461,1557.7617696046643,1591.409423828125,1940668
2024-05-28,1585.1783590177838,1593.3534440131666,1513.4465945334805,1538.6697998046875,2253592
2024-05-29,1537.3488165763797,1554.5215572345023,1512.449577878451,1545.9974365234375,1686530
2024-05-30,1553.748882627047,1567.731375996229,1503.9753537732877,1529.4228515625,1822964
2024-05-31,1545.2996400645677,1644.4979072816154,1507.938306977872,1545.1251220703125,24658804
2024-06-03,1607.610159796759,1689.7603095118277,1575.2087147155842,1666.38134765625,1519068
2024-06-04,1677.397854309865,1706.5342057750115,1530.3451449424324,1623.9105224609375,1691780
2024-06-05,1624.0601688067784,1646.6664570986795,1485.4816768091466,1604.9931640625,1251028
2024-06-06,1619.5737316952564,1680.762613063552,1576.380162692518,1598.986328125,724864
2024-06-07,1609.803359118432,1634.90206438567,1580.2931457233778,1608.2830810546875,527140
2024-06-10,1615.0873430186682,1671.9144902730288,1615.0873430186682,1659.2530517578125,779878
2024-06-11,1678.993008224096,1711.643695128956,1673.2604448743878,1698.0849609375,593806
2024-06-12,1694.8946149264316,1734.2249333758275,1667.9265958825868,1699.25634765625,841084
2024-06-13,1729.564138476696,1752.2203228502726,1675.678116751878,1711.1202392578125,519548
2024-06-14,1712.2916885734703,1792.0490889145929,1695.9413971635136,1775.3997802734375,757440
2024-06-18,1779.088592234178,1966.518491556131,1749.7029980501925,1896.5064697265625,1133502
2024-06-19,1862.3353613120528,1869.314134079282,1799.8503721768402,1824.301025390625,948696
2024-06-20,1841.897579592313,1849.374836343026,1791.8746832499855,1830.2579345703125,569760
2024-06-21,1819.4656808666189,1844.3898682757504,1759.6476310847029,1793.49462890625,812962
2024-06-24,1786.8150849461408,1823.9521260476856,1763.1620542490105,1794.3670654296875,364318
2024-06-25,1806.9536974443972,1868.267198719828,1793.5445332438894,1846.8323974609373,413534
2024-06-26,1844.3400811738609,1862.7342055984725,1809.496113778675,1821.0609130859373,406688
2024-06-27,1814.480886502879,1840.37709349632,1762.1400916999112,1774.726806640625,448446
2024-06-28,1787.064329791708,1806.5051969777264,1741.7272548863923,1788.7093505859375,591950
2024-07-01,1788.8589304320171,1805.5581369578745,1755.061706018762,1780.284912109375,626770
2024-07-02,1787.9116056779185,1793.743841095109,1754.164280824476,1783.9736328125,287648
2024-07-03,1793.5196502975953,1834.4202678376444,1778.2411714751445,1822.85546875,952164
2024-07-04,1834.3455166646104,1874.298941430202,1830.955802749656,1859.7681884765625,427046
2024-07-05,1858.8459192468856,1879.2837531672728,1835.716321734112,1871.35791015625,431772
2024-07-08,1863.855692551718,1896.730671573123,1848.253126813468,1873.60107421875,533488
2024-07-09,1869.3141853672453,2031.8198985485049,1859.0205439332133,2006.72119140625,1184862
2024-07-10,2031.1967396585867,2031.1967396585867,1913.1807072359425,1992.9381103515625,757172
2024-07-11,1988.9502213806488,2040.7925329153825,1949.5700039648411,1960.785888671875,1121012
2024-07-12,1969.0107840111336,1969.0107840111336,1912.682121076132,1945.50732421875,830250
2024-07-15,1949.5700225122323,2013.8744287776576,1899.7465940907928,1988.2025146484373,1153836
2024-07-16,2023.8440635808283,2043.2849302014324,1992.9131219636608,2032.093994140625,624238
2024-07-18,2026.336469600102,2062.2273000579635,2001.4122817821424,2041.4405517578125,577772
2024-07-19,2036.8046799868223,2036.8046799868223,1949.619917475078,1974.91796875,383838
2024-07-22,1969.0107904516688,1969.0107904516688,1797.5323823718272,1855.85498046875,1052886
2024-07-23,1853.362638343126,1907.1241610805523,1787.0642975955102,1885.016357421875,594452
2024-07-24,1879.333637103462,1881.7761588017204,1769.118831148955,1777.244140625,734750
2024-07-25,1769.5425917472205,1769.5425917472205,1710.6217150329037,1744.8177490234375,1120652
2024-07-26,1758.027587907885,1791.052136769839,1740.2067936163396,1762.76318359375,634448
2024-07-29,1829.435447121581,1831.5041060997144,1772.109813219951,1808.5738525390625,583704
2024-07-30,1808.9477308661565,1939.1517908643884,1807.028641343528,1844.01611328125,1185886
2024-07-31,1862.5596153326485,1871.6818924543293,1784.6964765855548,1793.145751953125,738010
2024-08-01,1793.2952585451253,1804.8351084711376,1744.593421381369,1797.98095703125,949472
2024-08-02,1784.0734012967678,1793.370074867113,1712.291738880804,1730.91015625,719368
2024-08-05,1644.497995456626,1687.342652144029,1553.7739472077303,1670.76806640625,2104614
2024-08-06,1653.9690691548535,1717.7749886400318,1607.360838905915,1618.47705078125,982506
2024-08-07,1639.9617074989933,1663.8889284773193,1600.4070933392818,1630.1416015625,461584
2024-08-08,1634.5282507906022,1658.9539550567624,1617.0563706438622,1647.5885009765625,610052
2024-08-09,1656.959982977164,1689.8599104369994,1651.800627490909,1676.3509521484375,459606
2024-08-12,1675.9523428854543,1706.7585427151623,1650.0311866739553,1659.60205078125,530716
2024-08-13,1680.3887564792112,1721.7629085966169,1651.8505611934104,1709.1512451171875,530164
2024-08-14,1699.804754102611,1703.9172453186557,1651.3771031900926,1677.47265625,303134
2024-08-16,1685.8222131008854,1700.128794660149,1668.5996962073134,1682.233154296875,327018
2024-08-19,1687.9657548909324,1744.6932335090553,1682.8812446647344,1740.156982421875,187004
2024-08-20,1747.2207119006443,1795.1188104005462,1731.2961977158184,1787.2314453125,384552
2024-08-21,1766.1902713256875,1789.577661088514,1731.346172040228,1751.4888916015625,405714
2024-08-22,1753.9598968264263,1852.0274727255944,1745.5233643244994,1842.0684814453125,707120
2024-08-23,1842.0684046672104,1865.7303770893632,1773.153991625628,1778.8199462890625,847008
2024-08-26,1783.562364613009,1811.0931278815049,1760.8488206993904,1803.4803466796875,505482
2024-08-27,1803.480375513091,1829.5635115232103,1794.1453827896726,1824.9459228515625,328990
2024-08-28,1824.9459258519785,1852.62647361367,1792.123606321166,1836.1279296875,437252
2024-08-29,1811.3426821591704,1837.950000170346,1797.6147163993862,1818.2066650390625,298172
2024-08-30,1812.091549239216,1915.8999098957615,1798.7879506647917,1881.6798095703125,2094294
2024-09-02,1888.9680889301808,1904.0188826436336,1832.059430859874,1855.39697265625,325222
2024-09-03,1847.0354098206185,1865.1313648492664,1807.09950906774,1815.935302734375,372218
2024-09-04,1818.730868235474,1827.0174945337292,1789.777340130758,1809.3209228515625,348322
2024-09-05,1802.1075547864832,1818.0819153829289,1782.1645883542983,1793.59619140625,787150
2024-09-06,1824.5464630088777,1892.9117080486265,1792.747526728719,1800.485107421875,1477830
2024-09-09,1814.662287296447,1834.280822546211,1728.5256404844706,1746.097412109375,495350
2024-09-10,1759.625705913258,1803.1059677844064,1759.201460081097,1780.0679931640625,392166
2024-09-11,1790.6259977368177,1801.6083707365972,1712.2767747337837,1717.093994140625,382846
2024-09-12,1732.244655652342,1743.6512740232347,1669.3206285187923,1679.4044189453125,476524
2024-09-13,1694.28063244311,1697.1760096961202,1642.5635909056325,1668.7216796875,1086434
2024-09-16,1686.7676063986607,1772.1555776931532,1645.1594633542602,1763.2947998046875,716332
2024-09-17,1774.6266369986463,1786.8320225086793,1736.837314613159,1743.551513671875,502892
2024-09-18,1757.1047718263007,1779.6435466759797,1677.9318011962514,1720.089111328125,457888
2024-09-19,1742.2036580585172,1774.6515771914123,1684.1468183734903,1763.0701904296875,526008
2024-09-20,1817.0834619207228,1946.875137772203,1719.2904749040435,1841.094970703125,1296237
2024-09-23,1877.8859169495493,1886.971309993095,1786.782143385068,1801.40869140625,477663
2024-09-24,1798.6130928634989,1862.9597628674665,1766.2151427993767,1817.432861328125,555747
2024-09-25,1816.9836488817211,1817.9320777642847,1783.4375169934438,1789.2281494140625,297607
2024-09-26,1802.007768888391,1824.8710972410356,1777.1476454285237,1810.194580078125,362455
2024-09-27,1787.1315779414213,1964.8463382059872,1698.8732119519443,1855.57177734375,1288402
2024-09-30,1807.6486546985284,1866.9533691030824,1748.2938497940595,1842.6923828125,1349743
2024-10-01,1847.03547708662,1847.884090633584,1730.672193280282,1750.3406982421875,876644
2024-10-03,1689.138775329216,1714.947326166236,1637.7213044040373,1655.8922119140625,1478637
2024-10-04,1677.3078514939468,1685.3948471172816,1557.5001478158078,1669.6202392578125,1828038
2024-10-07,1677.357824302414,1707.2597816700895,1652.3479173473677,1671.06787109375,708402
2024-10-08,1642.6635390999954,1708.4079934459903,1637.371983330814,1653.7457275390625,1238984
2024-10-09,1682.299844230161,1753.934867270822,1655.5427415779857,1725.979736328125,1134548
2024-10-10,1712.251708764824,1732.119843346422,1656.0418808875647,1665.3270263671875,493406
2024-10-11,1664.827872948253,1664.827872948253,1619.4507541865887,1626.339599609375,410264
2024-10-14,1632.379933837234,1643.661874484581,1600.4312134196248,1612.561767578125,337036
2024-10-15,1612.561765095015,1667.323844226559,1593.5422437508155,1653.0966796875,848755
2024-10-16,1653.0967316954182,1682.2498911989012,1638.0707999245408,1675.2611083984375,249539
2024-10-17,1675.2610491077935,1680.0534058940957,1607.4199872170518,1620.9981689453125,244018
2024-10-18,1599.4328032050505,1627.6875013498743,1596.1880113134048,1608.21875,297435
2024-10-21,1597.286257967444,1627.3879677582806,1560.195765492983,1569.6805419921875,398951
2024-10-22,1566.2860800785236,1602.428021597702,1488.7604881789352,1581.3118896484375,1257228
2024-10-23,1534.537033516053,1577.2684973827108,1508.0295298280782,1563.3907470703125,783120
2024-10-24,1563.3907113938162,1566.0863359659568,1510.57545785782,1521.158447265625,712236
2024-10-25,1521.2582343006018,1532.3903908905522,1451.7697921136762,1480.22412109375,828963
2024-10-28,1425.71162452794,1493.2532395186458,1335.905818497504,1461.504150390625,2617068
2024-10-29,1458.6087906402436,1546.6175553500602,1427.4088685135855,1515.8170166015625,1216356
2024-10-30,1517.564223486237,1600.7307852732235,1489.8087238068076,1563.889892578125,1048699
2024-10-31,1558.4985348595485,1607.4200135322696,1509.4272721832976,1519.7108154296875,830897
2024-11-01,1556.5017674288804,1557.5001649705282,1527.4982700941323,1547.7158203125,42893
2024-11-04,1550.5113505239503,1551.0105492845828,1471.1887162093556,1494.0020751953125,900261
2024-11-05,1492.4545229729683,1517.015077829897,1461.2546001682574,1498.3450927734375,614202
2024-11-06,1507.480454067936,1544.4710094086615,1492.604306504424,1509.6768798828125,478473
2024-11-07,1517.3645728697911,1552.4581475787566,1508.1792427230612,1512.921630859375,293710
2024-11-08,1503.586668721973,1513.1214138106932,1469.6411529606537,1474.5333251953125,298399
2024-11-11,1463.6507671268027,1482.2209366594748,1435.9952045196474,1460.006591796875,570537
2024-11-12,1468.6927251936168,1516.515869053197,1448.6748061043902,1490.657470703125,448658
2024-11-13,1468.6428001477675,1477.628378122839,1430.703693141911,1443.682861328125,361711
2024-11-14,1457.510545554906,1459.607155900557,1389.8691158787428,1395.709716796875,638027
2024-11-18,1417.9740545062548,1481.1226966097722,1404.0464580807327,1459.45751953125,990291
2024-11-19,1461.0550088956154,1497.49651971631,1448.525070808756,1478.9761962890625,355739
2024-11-21,1457.7103352413633,1542.3743710816343,1457.7103352413633,1531.7913818359375,745805
2024-11-22,1522.5562252184734,1635.175514758283,1512.5722499711392,1624.7421875,943118
2024-11-25,1646.4074547226764,1688.2901813165167,1631.8307536467987,1668.0726318359375,1953750
2024-11-26,1672.3657694235987,1686.2933657012716,1634.7261108121406,1641.365478515625,453361
2024-11-27,1658.1386300163686,1690.8859951535578,1647.4058568054977,1682.4495849609375,521726
2024-11-28,1698.7234239697011,1724.9313590597062,1672.4656421281531,1689.2386474609375,956353
2024-11-29,1688.0406628464034,1707.3097843704584,1648.6039595002949,1653.595947265625,821179
2024-12-02,1653.5958678870547,1721.8363129883903,1648.454096360648,1714.997314453125,1296140
2024-12-03,1722.2357315854608,1757.0798296023322,1693.282203344314,1742.702880859375,848890
2024-12-04,1742.702904744981,1806.65031588324,1737.211718279156,1759.52587890625,829615
2024-12-05,1777.646804429157,1815.086711851844,1735.4145401064875,1802.1075439453125,391675
2024-12-06,1797.16555739962,1797.16555739962,1742.3035389397794,1768.511474609375,414738
2024-12-09,1767.163624344725,1807.09952545986,1758.727213984032,1794.2701416015625,695470
2024-12-10,1790.126764612428,1898.9520949764856,1786.3328052627012,1860.66357421875,1382873
2024-12-11,1857.119264884525,1876.9874005740528,1834.6553199308464,1865.1064453125,244866
2024-12-12,1856.0210419766204,1887.869948136958,1812.0915498588304,1842.89208984375,359511
2024-12-13,1816.2349079168528,1846.985479001192,1755.1828740162623,1772.4552001953125,701301
2024-12-16,1778.145960510116,1829.0642333826688,1765.6659916688045,1821.626220703125,329657
2024-12-17,1817.083449694952,1854.02415718875,1762.1715872041702,1768.760986328125,521347
2024-12-18,1777.147589806155,1792.7725354060758,1702.866789767408,1712.2017822265625,332903
2024-12-19,1687.3417801518517,1722.1359094051236,1663.4800550103623,1670.21923828125,553084
2024-12-20,1682.249921765427,1685.045483686288,1572.925388828885,1588.50048828125,761397
2024-12-23,1612.012616090742,1672.3158508485178,1603.5262371461376,1652.347900390625,679110
2024-12-24,1660.4349083198233,1715.8459712532365,1660.4349083198233,1693.8812255859375,953537
2024-12-26,1683.2483218231298,1737.361542837899,1658.5379821501372,1727.227783203125,259301
2024-12-27,1721.3371227007378,1732.2196799352123,1684.5961674557482,1693.631591796875,266727
2024-12-30,1693.5318064921737,1755.931651978252,1647.3559208324752,1666.5750732421875,1035431
