date,open,high,low,close,volume
2015-01-01,172.92603048571502,175.05435391418376,171.81753057942822,172.54913330078125,31215
2015-01-02,172.5934758443786,175.58643168081025,170.7755347494337,171.4628143310547,223655
2015-01-05,172.90384074143248,174.12319355274562,167.58304760932745,168.7358856201172,108339
2015-01-06,169.82220558648078,169.82220558648078,160.9985453668777,162.6834716796875,154428
2015-01-07,161.22028100752794,164.05804583128906,160.06744280662338,160.8433837890625,118375
2015-01-08,161.39762144600735,164.94482720437847,160.28912152589044,161.48631286621094,103355
2015-01-09,162.28442904768102,165.38822278408824,162.28442904768102,164.70095825195312,55119
2015-01-12,169.37877635151486,169.37877635151486,163.01598449855376,163.4593963623047,52059
2015-01-13,166.1863912680299,166.1863912680299,163.2155964312428,164.14674377441406,61968
2015-01-14,163.88062663782705,165.60989091457844,163.88062663782705,164.9669647216797,49815
2015-01-15,164.61229606882156,167.25051646187308,163.6811488465726,166.7849578857422,305239
2015-01-16,165.98677592849478,171.15239224196782,165.21083517551935,170.48728942871094,89617
2015-01-19,169.57832679302268,174.69960515617922,168.5363418604278,173.01467895507812,162224
2015-01-20,176.4066957337176,176.4066957337176,171.19674091802526,174.7882843017578,95133
2015-01-21,176.87226396393066,176.87226396393066,168.49200132996447,171.41844177246094,52813
2015-01-22,174.69957007473752,174.69957007473752,168.97970481157012,171.6622772216797,66322
2015-01-23,174.18971518116487,174.18971518116487,168.1816423014561,169.42315673828125,316802
2015-01-27,170.70903310855047,173.81282687643665,167.6495624983568,172.8373565673828,228226
2015-01-28,178.2467740728317,180.02037643288267,165.38817575619723,170.95285034179688,157035
2015-01-29,166.27505360974885,170.7090538365426,158.29384718752237,169.84442138671875,269417
2015-01-30,170.59817126223956,171.59581813339483,164.0358484553202,169.2458038330078,129242
2015-02-02,168.46986891078768,171.99489831820114,164.23539829880102,170.8863983154297,101137
2015-02-03,169.7557000052225,176.02980144669792,167.60520024131512,175.43121337890625,114093
2015-02-04,175.58642282873114,185.56292173388763,173.36942307202972,184.27706909179688,233397
2015-02-05,186.22802758323328,190.6620271660489,182.126571955132,185.09735107421875,180946
2015-02-06,182.23738981524008,186.6713885431542,175.1429948575753,184.1661834716797,120233
2015-02-09,184.41005715138704,185.7846010127172,177.33782353170972,184.4987335205078,106988
2015-02-10,184.4544327649051,189.30966793183623,179.62137421224904,185.3634033203125,77382
2015-02-11,180.50814814053984,197.73424858987448,180.50814814053984,193.41110229492188,135842
2015-02-12,191.3271402203872,197.13568419060277,188.8440961130061,192.3691253662109,142284
2015-02-13,190.66201006061783,199.0866115191445,190.66201006061783,198.24415588378903,201948
2015-02-16,214.6056325571973,214.6056325571973,197.7564277644433,200.41683959960935,113722
2015-02-18,200.41686300015184,209.72826040544865,196.4262598164549,204.0083923339844,1306455
2015-02-19,203.74235114953177,203.96404212529703,194.807836468857,197.7564392089844,109515
2015-02-20,199.5300640031521,203.45415257061663,192.9234015732133,198.2663726806641,61579
2015-02-23,201.70268210951008,201.70268210951008,192.87902139019417,198.73190307617188,63568
2015-02-24,197.0913504500538,203.38762973122303,195.14037966124576,198.5323944091797,79628
2015-02-25,196.4262441272094,202.58950871902664,192.10309728809,196.04934692382807,63613
2015-02-26,195.09598455885563,197.5346898160248,188.64451595960588,192.21388244628903,68586
2015-02-27,192.25820293623383,199.2639357537808,190.92801249244908,197.4016571044922,88146
2015-03-02,199.55217997019284,199.55217997019284,192.4356078507193,194.8743133544922,143613
2015-03-03,195.20687243522983,197.2465193837395,191.7040050777867,192.2582550048828,172071
2015-03-04,193.3668338537373,194.65268689312416,188.44508264936883,191.06114196777344,167762
2015-03-05,194.6304651614493,194.6304651614493,186.3167154320581,190.63987731933597,41319
2015-03-09,190.662045167313,190.662045167313,186.22804516586345,186.6936187744141,69135
2015-03-10,189.5535243654832,189.5535243654832,184.23273096164112,185.762451171875,79286
2015-03-11,186.20589259989188,189.775260368257,184.4101128899732,187.84646606445312,49297
2015-03-12,188.2233041935132,193.23372987995427,186.22801057744724,191.70399475097656,80157
2015-03-13,197.20218218577085,200.4168440521832,188.6889032150838,196.7144470214844,119231
2015-03-16,195.0960170418865,198.00029624652365,193.32241429000723,195.8941345214844,56953
2015-03-17,196.8696454410625,197.2021894225535,193.58848368137856,196.4484100341797,50139
2015-03-18,197.31299686779136,199.52999632580065,195.09599740978211,199.0644378662109,50206
2015-03-19,198.19986812625223,210.61505998223004,195.31776491566995,203.6315155029297,181206
2015-03-20,202.67816865920472,204.1857272803985,195.1181989404276,198.3106689453125,42922
2015-03-23,199.04227737106788,199.04227737106788,190.7950435307589,195.84979248046875,37028
2015-03-24,196.86961486679544,197.77858531469815,191.6153215442847,192.5242919921875,32762
2015-03-25,193.30026417396363,193.30026417396363,187.5582352608542,189.13229370117188,42768
2015-03-26,188.4450137981545,197.22433594802288,185.11951435062767,192.87901306152344,64097
2015-03-27,191.99222085733803,194.65261743101004,185.8067804056865,188.7110595703125,78991
2015-03-30,189.33184094394664,195.09603152162484,188.88842894682392,192.5686492919922,41208
2015-03-31,195.0960152622394,199.53001458399544,189.1322807618807,198.5767059326172,86148
2015-04-01,198.3328446946443,200.1064474868541,192.94553654986385,198.9092712402344,144197
2015-04-06,197.53475788552652,200.4168609912516,195.4286108203792,197.77862548828125,127708
2015-04-07,198.2219692236663,207.3338497163404,197.7785723346408,205.3607177734375,48926
2015-04-08,206.1588561962825,223.89485384520927,203.96401806763257,222.6976776123047,222479
2015-04-09,222.6976971896582,230.30200564733096,218.3301971608689,227.3755645751953,519510
2015-04-10,228.35106036273143,231.4548543517618,227.0430309628552,229.41522216796875,82351
2015-04-13,229.68123052058536,237.13036248192293,218.175011174888,221.4118194580078,369993
2015-04-15,219.54954915820247,232.341651762181,210.61503478479776,213.82969665527344,62333
2015-04-16,213.8296966050289,218.15284338517927,199.97343225225129,202.4786529541016,123939
2015-04-17,203.9640000501573,211.96738091163732,198.5988690534897,202.2569122314453,58679
2015-04-20,207.9546584988022,212.1226295321774,195.5616284812006,198.7762756347656,54028
2015-04-21,206.0036499373745,206.0036499373745,197.31300450864217,199.1531219482422,34971
2015-04-22,195.5837530233628,204.82863320546804,195.5837530233628,202.78900146484372,37717
2015-04-23,209.50650495992008,210.1716078394736,199.99558039077573,207.4668731689453,42322
2015-04-24,205.24989237502763,207.51123034443944,195.18470195608737,196.5149078369141,66799
2015-04-27,191.14974696249269,194.8299669221627,182.0600575684821,191.8148498535156,389604
2015-04-28,191.37145490498733,198.19982160269404,185.80677920271677,190.44032287597656,167275
2015-04-29,190.24077678061377,203.9639936995282,188.44499761081173,198.17762756347656,40091
2015-04-30,201.72486214686828,201.74702372492337,191.7927013952257,195.62811279296875,34208
2015-05-04,196.8474208314009,201.03755215853127,195.5393917694651,199.90689086914065,21388
2015-05-05,200.1064756963392,202.98857876060305,190.8172400991716,192.50216674804688,2010421
2015-05-06,190.6619867755745,194.6304119531119,183.4567389798829,186.73789978027344,1092286
2015-05-07,186.22802666582896,192.879026007288,180.1312772694915,183.0798797607422,214826
2015-05-08,183.4567661886913,190.17427994108075,181.46147251718503,188.7110595703125,60608
2015-05-11,190.6398778345595,190.6842160290369,184.14405419624595,185.40774536132807,42857
2015-05-12,185.31901926175277,185.31901926175277,179.13359471396708,181.61663818359372,56088
2015-05-13,183.9001468434274,185.31902889986472,178.6680305365571,181.6388092041016,78035
2015-05-14,180.9959116707579,184.12188199858895,177.53738235103458,183.19073486328125,83213
2015-05-15,186.18367549549671,186.18367549549671,180.1534413241408,180.7520294189453,30575
2015-05-18,182.61433071394464,182.68083048701703,174.61094846149624,180.13128662109375,144477
2015-05-19,180.30862907405225,182.6808200293277,177.8920999276024,179.5770263671875,128631
2015-05-20,178.46852329117183,181.6610083135592,174.92131771074145,177.27134704589844,119008
2015-05-21,176.9166217524489,178.64587127100538,174.8991514516403,176.69491577148438,185393
2015-05-22,177.42652370004228,182.6143020397181,174.78828882595866,179.11143493652344,144026
2015-05-25,182.5478078917608,184.8978222653122,177.36002896524755,182.65866088867188,37639
2015-05-26,182.6807910634648,185.34120239202676,180.95154174188704,184.56524658203125,713913
2015-05-27,182.9246998964255,184.23272913897048,179.71003825195805,180.4194793701172,15028
2015-05-28,180.90723547922903,184.0110291969032,178.49070628954195,179.08929443359375,200759
2015-05-29,177.3600494159549,177.3600494159549,167.1618431540764,170.75338745117188,1004301
2015-06-01,170.753387109262,173.8128429677019,167.18401943524984,170.57601928710938,121311
2015-06-02,172.88167532830352,172.88167532830352,160.06741285792995,164.94480895996094,196471
2015-06-03,164.50144810441338,167.42788941406585,159.18063888913892,163.2599334716797,81913
2015-06-04,163.5702639269473,172.92601238024957,161.79667629057798,171.90618896484375,182911
2015-06-05,169.17929576346552,178.11380983906452,169.0241045734433,174.21188354492188,409426
2015-06-08,173.8128645463659,173.8128645463659,159.62406848237418,170.73123168945312,1361166
2015-06-09,173.72418972559385,173.72418972559385,166.27507097233598,171.97276306152344,48342
2015-06-10,171.5071506468645,175.14303279695497,168.60288626355683,172.8373565673828,85739
2015-06-11,171.61799184719013,178.246814310221,169.99958026799055,171.21893310546875,1199037
2015-06-12,170.73116646611211,172.3717544992339,165.52122671441774,167.89341735839844,116873
2015-06-15,168.0708134410315,172.90387234602846,167.13968123846016,170.57601928710938,51562
2015-06-16,171.1745668826614,173.81278646142718,170.70899341523605,172.8151397705078,51864
2015-06-17,174.69965341315057,174.78832980744298,166.76278535411376,171.6401824951172,258733
2015-06-18,171.13023800509953,171.59581153874325,167.29484185172325,170.04391479492188,75077
2015-06-19,166.49673237356072,173.81283521751814,163.1934090625733,173.45811462402344,114326
2015-06-22,175.9854945841616,175.9854945841616,168.7580682279474,170.19912719726562,68095
2015-06-23,174.6996088854245,174.72177046085207,169.46747743083793,172.8816680908203,76177
2015-06-24,172.9259908179868,172.9259908179868,169.82218277137525,170.4429473876953,20402
2015-06-25,171.5958141937828,171.7066671846976,168.15946168537178,170.50949096679688,78917
2015-06-26,172.8595102931859,172.8595102931859,168.62504018173277,171.4406280517578,89788
2015-06-29,168.93541012843733,172.92601238024957,165.34386659830724,171.90618896484375,102175
2015-06-30,172.48265623905644,174.65531814562763,168.62506763769733,172.2831268310547,63497
2015-07-01,172.03918399146556,174.25618332017035,169.64483193325907,172.8151397705078,68348
2015-07-02,172.94820899295323,173.08123861712406,170.08828256319302,172.30528259277344,66962
2015-07-03,172.72644866716993,172.92597798832816,168.93537653017606,172.03916931152344,55315
2015-07-06,171.39625122787592,171.39625122787592,168.49198763113898,169.8665313720703,46177
2015-07-07,171.5958157580723,172.48262465848367,164.0136846072567,165.0334930419922,130622
2015-07-08,163.1711852575394,167.16178702149938,163.1711852575394,164.7895965576172,69237
2015-07-09,163.1712223565202,167.16182502779267,161.8853696814948,165.65426635742188,69948
2015-07-10,162.8830364222814,168.49205144451935,162.8830364222814,164.9226837158203,60973
2015-07-13,164.08017567126905,168.5363514443685,163.61460215087243,165.54339599609375,95584
2015-07-14,163.17120311417173,166.6962318005168,163.17120311417173,164.12451171875,173977
2015-07-15,165.8094562345713,170.70902939198618,164.27972096277884,168.86891174316406,85042
2015-07-16,167.6274187599197,170.7090512769345,167.16184513468852,169.37884521484375,56682
2015-07-17,169.37879721594558,170.35428238737683,165.72075413431057,167.9599151611328,34568
2015-07-20,168.4920291566371,172.90385212364592,164.10236776793425,165.7207794189453,111035
2015-07-21,166.91796147752865,167.78259383122906,163.61462325621127,164.3905792236328,72479
2015-07-22,164.12453254362114,169.33448816597593,162.7500034721425,166.7184295654297,80199
2015-07-23,166.76279742034947,167.716106315455,164.1910765548336,166.00901794433594,78971
2015-07-24,165.85379523978827,166.67408937810555,164.0580308088699,165.29954528808594,55993
2015-07-27,165.29957153674297,168.35902754616674,162.30661530828854,166.3859100341797,64275
2015-07-28,166.5188542249996,167.60517722813177,164.05798749475093,165.4103546142578,55726
2015-07-29,165.45475037175171,168.0486475803426,164.27973556427108,167.2061767578125,27808
2015-07-30,167.20615641910786,168.49202407682552,165.2330242597599,167.5830535888672,27731
2015-07-31,167.60519371110533,168.51416408270495,163.61459171298526,164.81178283691406,72871
2015-08-03,168.06169384470414,168.06169384470414,164.77854456630087,166.9081573486328,44886
2015-08-04,165.2443548924168,192.06412749058927,165.04470468905032,180.8614959716797,550902
2015-08-05,183.412597641332,189.5574044207501,180.57311449204795,181.48263549804688,199364
2015-08-06,182.791463538148,185.0098060675593,177.93330302696,182.05941772460935,129957
2015-08-07,183.23514761469988,184.5661441315684,181.8819460086075,182.21470642089844,74222
2015-08-10,184.98763423986333,189.00282887109103,181.88194561895995,186.0746154785156,123479
2015-08-11,185.9193191986021,186.98412537272148,178.19948571930965,182.1037750244141,229742
2015-08-12,181.90411001339083,181.90411001339083,173.0307409948005,181.83755493164065,1611504
2015-08-13,181.90414881311264,185.09856775704176,178.35479443096915,183.3682556152344,64028
2015-08-14,183.23514936195332,185.85279241859715,180.15165075011905,185.0098114013672,53222
2015-08-17,183.23514674380257,187.6718318671408,176.4026438309306,186.3408203125,199137
2015-08-18,186.340804590408,188.55914696490936,185.49783870044465,186.6070098876953,54853
2015-08-19,187.02852060660595,192.72966278852047,185.8528091562262,191.4873962402344,137102
2015-08-20,196.65615473667071,200.18331939061872,186.36304114313413,193.0846099853516,97997
2015-08-21,190.2007018280389,196.9444580815105,187.0284588408933,194.8370361328125,82053
2015-08-24,184.1224784628729,196.7226630583532,179.21993777204133,185.9858856201172,1762430
2015-08-25,184.41088015866512,189.42434156791023,180.12947970538193,184.8101806640625,321519
2015-08-26,183.2351590850357,188.5591755739848,179.26431419868936,187.5830993652344,65895
2015-08-27,189.55737848451037,203.6438571281593,187.00629103444575,201.02621459960935,166522
2015-08-28,201.42555808554533,205.08583243588464,191.19900101194236,193.1511383056641,46088
2015-08-31,195.36949585220887,198.098059289216,186.78450504251344,191.6648712158203,33786
2015-09-01,188.44825173500493,188.5591718772041,181.1942730172869,183.9228363037109,145966
2015-09-02,183.9228387654572,184.56615453708423,181.0833552988284,182.7693023681641,42848
2015-09-03,182.1481587648832,192.95149174489697,182.1481587648832,191.37646484375,60028
2015-09-04,191.6648619292864,193.08458860906185,179.73016746552747,183.30169677734372,39968
2015-09-07,183.70101928710935,186.3408528117783,180.59534517675849,183.70101928710935,54639
2015-09-08,182.7914731296613,186.7844929009448,182.3478076093185,182.9689483642578,25477
2015-09-09,187.25034281559363,189.84581085402655,181.615756275874,185.6309509277344,63706
2015-09-10,184.9876496785687,192.7962143624245,183.23516251459952,191.3321075439453,41188
2015-09-11,189.91238403320312,193.83884927749727,187.67186606237308,189.91238403320312,31235
2015-09-14,188.5591717868811,194.1050284531924,188.44825164473508,193.04022216796875,45679
2015-09-15,192.24160531441447,192.99584115688455,186.851034284152,191.55392456054688,25537
2015-09-16,190.84408095333427,194.10504005390527,187.2281713590427,191.22119140625,44659
2015-09-18,192.92930468659372,192.92930468659372,187.80493847212543,189.95672607421875,33613
2015-09-21,190.48913346779972,192.08633536812468,187.67184009623816,189.71270751953125,30955
2015-09-22,191.2877102903065,192.10850118293325,187.67181642466528,190.2894592285156,30655
2015-09-23,189.46873689474208,189.890227515168,187.05074342830423,188.58140563964844,22075
2015-09-24,187.25033707699615,188.958459005078,186.8288465840547,188.47042846679688,16335
2015-09-28,188.40388283637355,188.55916802345885,184.1224827789609,187.53872680664065,32375
2015-09-29,185.4535005674913,188.58136437115417,183.7009984038339,188.2042388916016,18973
2015-09-30,188.581353070197,188.581353070197,186.6292007826142,188.1820526123047,54613
2015-10-01,188.55914774749016,190.4225547480412,184.4330333208484,188.09329223632807,42275
2015-10-05,185.91934432154036,189.89018925038064,184.74363290207432,188.44825744628903,119742
2015-10-06,190.31163794079853,190.31163794079853,184.92106705785483,188.42605590820312,105124
2015-10-07,187.9158685684017,187.982423666952,185.14294005014065,187.09507751464844,22922
2015-10-08,185.03203711511,188.5592019167251,184.36653119999173,187.87152099609372,27299
2015-10-09,188.55915908127903,190.68877150822755,184.3443143165292,186.27426147460935,113735
2015-10-12,186.78446652364912,188.53696839987217,183.36822294211504,186.45172119140625,35275
2015-10-13,187.3834511282844,188.803192885624,184.25558727042664,188.44825744628903,123115
2015-10-14,188.4038831711115,189.912354953393,185.9193352174307,189.29122924804688,30853
2015-10-15,188.1376666255819,193.41733259285655,186.34081462138377,191.1102600097656,50735
2015-10-16,192.9958144194545,194.7704911688453,187.69397421244136,191.44297790527344,41231
2015-10-19,194.19378170277403,196.5452348378745,191.9310737184308,196.41212463378903,175759
2015-10-20,199.6508619173307,199.6508619173307,184.61049557208,196.67828369140625,153946
2015-10-21,197.8761939925588,197.8761939925588,190.7775009702005,194.17156982421875,40473
2015-10-23,188.78101053858973,193.83882154721744,187.69401421612187,191.9976043701172,117891
2015-10-26,191.59831490781883,193.21770693959124,186.78450386272965,188.60354614257807,34875
2015-10-27,186.34086286463003,188.53703092688656,181.01684551849,186.0968475341797,114855
2015-10-28,184.14468162563517,186.34083430722157,182.32563938492345,185.1207427978516,42859
2015-10-29,183.2129162296792,186.45169926489905,182.3699504547915,185.9636688232422,29835
2015-10-30,182.835836118923,186.56265021175503,182.41434563976912,183.85626220703125,27095
2015-11-02,185.03201870848764,185.475684259731,182.6805807560278,184.12249755859372,211675
2015-11-03,185.87498771684383,187.9602353981862,184.122500487302,186.2964782714844,26093
2015-11-04,186.5183022793904,193.8388209621148,184.2334045442049,190.42257690429688,55726
2015-11-05,191.17682310162735,194.30468699689013,185.03201545798905,187.38345336914065,15697
2015-11-06,186.3186545916547,188.55917226584012,183.23515587029735,187.4278259277344,36417
2015-11-09,184.21009495643008,190.845289263806,183.07833165445527,189.00341796875,41495
2015-11-10,189.42504056155417,192.6205942087637,184.8536367067256,190.04640197753903,41655
2015-11-13,187.6053447979401,187.6053447979401,182.7676412336199,184.32102966308597,30166
2015-11-16,182.85639481202816,184.14349834521883,181.2364277190934,183.21145629882807,28162
2015-11-17,182.85639464129653,186.40700950598108,181.96874844984643,185.80784606933597,27146
2015-11-18,184.34319833468865,187.1836899030976,182.85637382639945,185.0977020263672,26513
2015-11-19,185.3196373856321,188.60395228833207,183.4333704656851,186.45138549804688,27835
2015-11-20,188.1823441396508,188.1823441396508,183.3446400931404,186.36265563964844,34795
2015-11-23,187.91602906444933,187.91602906444933,183.4111889888997,184.6317138671875,205144
2015-11-24,184.63169276133908,185.8522175001047,182.45694314758825,183.92156982421875,18964
2015-11-26,184.2100676139148,185.38619650084925,181.9909371977741,183.92156982421875,39702
2015-11-27,183.27800009223824,186.2738317566072,182.43473486538085,185.0089263916016,543166
2015-11-30,185.05332953402976,185.47496972309344,181.63587236827476,183.89938354492188,81802
2015-12-01,183.7662154657665,185.0755017093848,180.68162201484208,182.6788482666016,73488
2015-12-02,181.7912255477433,184.18787929849523,177.53048770270598,182.05751037597656,134913
2015-12-03,183.6997005070164,183.6997005070164,179.90498316685438,181.6359100341797,72968
2015-12-04,182.61229743735367,186.89521826388463,179.9049629385673,185.164306640625,38873
2015-12-07,184.2100742458076,191.3778675539283,182.92297073239848,188.8702392578125,167055
2015-12-08,188.1823107244833,191.289087341414,187.07274549708785,190.0019989013672,102779
2015-12-09,189.0699580984352,189.11433890188243,184.27663568338716,188.4707946777344,37022
2015-12-10,188.6039685372764,189.95763583317023,187.29466699924583,189.2475128173828,55911
2015-12-11,189.00341796875,189.9576429853719,187.3834507185808,189.00341796875,69464
2015-12-14,187.71633503018583,189.89108520677956,185.0755637337267,189.4250640869141,201077
2015-12-15,186.40702530832093,190.84528674070165,186.40702530832093,189.75791931152344,93719
2015-12-16,189.5137939453125,190.84526318099185,187.73848658163195,189.5137939453125,102388
2015-12-17,189.33630361894552,190.2461479325892,188.62618049368973,189.9132843017578,73677
2015-12-18,189.46937229904364,190.84523719976923,188.9145897640104,190.31265258789065,72871
2015-12-21,188.71489195860465,191.28908384103488,188.71489195860465,190.26829528808597,51415
2015-12-22,190.82312254833303,191.46666690718345,188.91465730398292,190.3571014404297,75731
2015-12-23,190.5567861135165,192.17675319053936,187.38343069054247,190.80088806152344,76859
2015-12-24,189.7357302828833,192.1767802049768,188.60398199222556,191.93267822265625,33546
2015-12-28,193.06437814545563,197.5026386741254,192.22111285885163,194.70654296875,61182
2015-12-29,191.73291467951,197.5026445075303,191.28907657398167,193.1087646484375,23615
2015-12-30,189.7357209012494,193.8189208067029,189.7357209012494,192.06581115722656,47493
2015-12-31,194.2183663728254,195.28355093760928,191.7329507711067,194.107421875,40908
2016-01-01,194.37367847226813,195.74954354961287,188.71489287862488,191.33346557617188,20144
2016-01-04,191.2891085117836,191.68855083389772,188.6483526099669,190.1351623535156,103002
2016-01-05,190.8452572026089,191.71072045588195,182.90077769198777,187.36122131347656,55524
2016-01-06,187.64975217969084,190.5790062269871,186.40704427001316,188.04920959472656,184868
2016-01-07,187.6941151182172,190.8008918721676,182.92297540032783,188.2266998291016,40688
2016-01-08,190.2904803696862,192.1767472633772,185.29743687991288,191.8216857910156,60748
2016-01-11,187.31684741129013,195.23914433766848,184.1878728685236,190.86746215820312,38039
2016-01-12,190.88964398390365,191.37786291481672,188.8480518027521,189.5137939453125,37015
2016-01-13,193.9520842757504,193.9520842757504,183.38901514523883,185.9410095214844,48422
2016-01-14,183.0783160553229,188.1601214177237,174.86753600635214,185.91880798339844,75671
2016-01-15,187.2724562057072,187.3168370063982,183.07829747183973,185.89659118652344,48144
2016-01-18,179.77181267825884,184.6760796212173,179.77181267825884,181.746826171875,35122
2016-01-19,179.39452442415055,181.9687159793476,178.21838063832456,181.08106994628903,28626
2016-01-20,179.30579195542413,189.7357022604725,167.47781860447762,180.0159149169922,139739
2016-01-21,179.77182575403717,184.63171224663589,169.5638187427011,172.20457458496094,25131
2016-01-22,172.98129826542308,175.31138875361,169.9854654878335,173.9799041748047,32899
2016-01-25,176.86476011178812,178.83978885591333,173.60264277678414,176.95352172851562,47182
2016-01-27,175.31137099333787,184.6317169524243,175.31137099333787,181.2808380126953,27586
2016-01-28,179.28362501342482,184.6317310267093,178.64008067123382,182.23507690429688,14477
2016-01-29,183.3446054199156,188.825852764136,179.77180783686794,187.5831451416016,32231
2016-02-01,185.07552288449207,190.37924718900595,176.0214776654874,185.4084014892578,95988
2016-02-02,181.524932760768,187.7163035748323,179.83838686886727,181.81341552734372,4486
2016-02-03,183.72188407190208,185.96321284561785,180.1934666326751,183.27806091308597,7013
2016-02-04,182.39041367654104,187.2503005677316,175.75520406014175,177.10887145996094,42684
2016-02-05,175.3113449642281,181.6580554357288,173.9798607180018,176.1102294921875,25719
2016-02-08,172.62620050316713,179.2392110984148,172.62620050316713,175.28915405273438,8004
2016-02-09,173.55823087366855,182.85637727137683,168.74271086146686,180.79258728027344,85957
2016-02-10,181.01449115214527,185.075492068463,174.4236644289394,181.6580352783203,48184
2016-02-11,179.28363420319752,180.681682512933,158.00216861289994,170.54025268554688,265684
2016-02-12,168.2101275947024,173.93547663675113,155.78299169571295,170.02981567382812,66542
2016-02-15,170.87307849596303,174.82313525150872,166.56796028992517,169.3418731689453,22679
2016-02-16,168.65396245595542,171.3169160351349,164.6817074396868,167.69973754882812,39935
2016-02-17,166.43486512625452,167.25593273587867,158.66790686061825,161.2642822265625,48882
2016-02-18,161.02013701900822,163.2392673565011,158.4681431506677,159.93276977539062,48264
2016-02-19,161.0867740573431,161.33087607492018,155.33922500463788,158.75668334960938,45797
2016-02-22,161.8856075016766,161.8856075016766,155.33917572305822,157.09228515625,60751
2016-02-23,154.69564071437705,157.55833086425778,154.02991351851267,157.24765014648438,37855
2016-02-24,154.22962793862413,157.55832397006932,153.20882421044791,155.7608184814453,24475
2016-02-25,160.66511125080436,160.66511125080436,149.61383790939036,153.0312957763672,29177
2016-02-26,154.89534386700342,155.3391820118815,151.7885671495091,152.60964965820312,11202
2016-02-29,155.78295817052805,156.64842122306084,147.81628258225982,151.744140625,38295
2016-03-01,152.010471981403,156.2712098389226,152.010471981403,154.540283203125,90293
2016-03-02,156.22682318713058,158.44595364250816,152.27676616073717,154.40713500976562,89102
2016-03-03,153.56388236696858,156.80381671198012,152.78718062349228,155.16165161132812,44653
2016-03-04,155.33920752673552,161.08675593275862,153.25321907128267,155.2726287841797,21768
2016-03-08,159.28922542942263,163.3280442251415,154.22961802061428,162.2406768798828,91106
2016-03-09,159.77746704053772,166.43485961937958,158.55694205786116,164.21572875976562,81293
2016-03-10,163.32801359046726,166.3238452839787,163.32801359046726,164.83702087402344,355333
2016-03-11,164.21570829475948,184.1878835422985,162.90642185273185,177.17543029785156,85639
2016-03-14,178.86200579457804,190.84530690858315,172.73719774888872,184.87583923339844,160575
2016-03-15,189.51377588776265,189.51377588776265,175.91049673740065,177.28636169433594,24004
2016-03-16,177.08666272384525,181.9687468323076,175.3335381846798,179.0616912841797,52384
2016-03-17,177.64060891254746,179.35039753145526,174.08779161431227,177.90707397460938,24566
2016-03-18,179.41696936221254,179.41696936221254,175.93077303073596,176.88558959960938,16091
2016-03-21,177.64056485796405,179.86107135398458,174.82052341507077,178.9950714111328,10739
2016-03-22,179.86106546499235,183.39167007571535,176.30824916417603,179.23931884765625,361657
2016-03-23,181.1933443637575,181.1933443637575,176.5524722760557,179.305908203125,100571
2016-03-28,181.193401535165,181.193401535165,176.9966413790236,179.0839080810547,8991
2016-03-29,177.66275605371993,182.0815568451904,176.97438948174812,180.7936553955078,29724
2016-03-30,181.3043736733361,188.2767656772829,178.63976919672993,184.2354431152344,447426
2016-03-31,181.5930440820168,185.96743640616896,179.92766445906284,182.9253387451172,40255
2016-04-01,182.48126126529743,184.3020777313867,177.88481177880055,181.1267547607422,56126
2016-04-04,178.97290644720488,182.52570843421944,176.730187863529,181.77073669433597,685986
2016-04-05,181.3932087490897,186.8334461274866,179.41695574897818,184.7905731201172,298735
2016-04-06,185.16808185830297,188.69868653828087,182.9697720231852,186.41156005859372,43799
2016-04-07,186.1450928214991,190.07538709546617,183.28062830083508,187.14431762695312,87815
2016-04-08,184.3242925712177,187.6106439305916,182.17039107060907,185.1236724853516,22033
2016-04-11,185.61215209960935,186.52256021584364,182.08154795299765,185.61215209960935,66171
2016-04-12,185.58999545655377,190.963613621782,183.43609380505129,189.098388671875,77548
2016-04-13,193.1397329034745,194.87173306624317,188.74312753098351,192.16270446777344,45944
2016-04-18,194.5164324468821,201.31117732955863,194.29437575984835,194.91612243652344,79499
2016-04-20,196.0929804046469,196.8035286181673,192.31810737354715,193.228515625,24197
2016-04-21,194.0722960437578,196.09295728761077,188.74307212980804,190.6305084228516,71617
2016-04-22,196.69248896542248,196.69248896542248,189.4758439342046,191.69635009765625,22417
2016-04-25,192.74000392950035,192.74000392950035,187.87708948675544,191.58534240722656,66642
2016-04-26,192.7399990325666,193.78363219644277,189.4980561531045,193.18409729003903,59011
2016-04-27,190.7415419633478,197.1587924059773,190.7415419633478,195.7154693603516,16102
2016-04-28,193.62823789494905,198.9574633264634,193.1841395403501,195.87095642089844,36331
2016-04-29,198.9574453976568,198.9574453976568,193.20633382397693,196.60369873046875,12819
2016-05-02,193.8058213037504,198.18021347712988,191.89618847798613,193.9612579345703,22504
2016-05-03,192.09604439566283,195.40459202901383,191.8517911215004,193.672607421875,12013
2016-05-04,192.54017746994347,194.4276141171135,188.74310754235628,190.5861358642578,11562
2016-05-05,189.6313069341175,193.0286715965577,188.9873486125232,191.27447509765625,21882
2016-05-06,188.7430951719637,193.0286714553982,188.7430951719637,191.34109497070312,28839
2016-05-09,191.3410619561351,195.40458086787476,191.3410619561351,193.9612579345703,36248
2016-05-10,198.95745996805223,198.95745996805223,191.8518412380853,195.3158264160156,34455
2016-05-11,194.02792149884527,195.3158232492139,192.29593646734983,194.69407653808597,19862
2016-05-12,191.9628370128873,195.31580859214245,188.25459883539085,189.63131713867188,186917
2016-05-13,189.409260455997,190.98582375017577,184.3020922834425,189.63131713867188,20328
2016-05-16,186.5225900491482,191.4077013078724,186.5225900491482,190.87478637695312,24344
2016-05-17,191.8518373608838,191.8518373608838,189.1872172145679,190.16424560546875,54528
2016-05-18,191.85182021289785,193.1619184756021,187.85490540944903,190.6971435546875,109182
2016-05-19,193.1840860063051,196.95894356249315,188.7874818907079,190.0975799560547,15275
2016-05-20,192.29590872152085,192.29590872152085,188.7430923973799,188.8985290527344,28882
2016-05-23,186.9889104042905,192.7400219214016,186.9889104042905,189.098388671875,44173
2016-05-24,187.63284739579984,191.3632971701361,185.14587585998444,186.2339324951172,23142
2016-05-25,186.0784859157181,187.61064076446672,183.8801761301756,184.435302734375,24599
2016-05-26,185.19027648274587,186.0340797733284,181.19337693271535,182.08157348632807,119533
2016-05-27,181.63745746624284,187.41076461830568,179.86104947377288,184.6351318359375,260211
2016-05-30,188.74312753098351,195.4046480846773,187.69949412971312,192.16270446777344,58015
2016-05-31,195.3602333739537,199.04627522895703,189.6535297479766,197.33648681640625,56222
2016-06-01,199.84565002363604,203.13200177706705,194.29438322232184,200.55621337890625,1286604
2016-06-02,203.3762206720384,206.2406853011853,197.7583498602717,205.13043212890625,98737
2016-06-03,202.3104067942572,209.30499630637485,202.3104067942572,206.4849548339844,100208
2016-06-06,205.17487304021424,207.7062530845168,202.73230964969687,204.4643096923828,49631
2016-06-07,204.53090625341184,207.10669432917672,201.02249824354465,202.13275146484372,84071
2016-06-08,202.06615804070424,203.7981581126355,199.84565130593083,200.15652465820312,23213
2016-06-09,203.1541897516749,203.1541897516749,197.33645860666667,199.9122467041016,61115
2016-06-10,201.3999910830132,201.79968103701853,193.47276683851248,198.9574279785156,52211
2016-06-13,198.0692406160551,201.97733904992745,195.47125559697412,197.71397399902344,8742
2016-06-14,197.18100393759192,201.62201645447303,197.1587922491479,200.9114532470703,21279
2016-06-15,202.7767042273936,205.37470411526613,198.9574377858447,203.99798583984372,24257
2016-06-16,205.6189290647117,206.5071255373796,198.1358188179676,204.8861541748047,27882
2016-06-17,206.95123869821535,206.95123869821535,202.44360621423664,204.9527740478516,22315
2016-06-20,203.15418284559385,207.57298392746543,202.0661262836417,203.86474609375,26757
2016-06-21,205.61894466098997,205.61894466098997,199.8456219744244,203.1319732666016,21902
2016-06-22,200.3341366271743,203.39843114792745,198.51332023079732,200.40074157714844,11017
2016-06-23,198.957435076842,207.79505281950316,197.6251251434418,204.93060302734372,37513
2016-06-24,201.955110129172,206.285094507922,195.4046043375447,204.7973480224609,65868
2016-06-27,201.17795269133563,207.32875427425472,201.17795269133563,206.19630432128903,37075
2016-06-28,205.61895899939236,207.61740888322197,202.11055079816785,206.77362060546875,37222
2016-06-29,203.90918453449328,208.727676272861,203.90918453449328,207.1733245849609,124411
2016-06-30,207.83945442620973,209.17176431655477,206.0630462586741,208.74986267089844,27608
2016-07-01,210.0600111374585,223.38305299396703,210.0600111374585,215.1893768310547,325033
2016-07-04,216.2329535134661,219.8301778361209,207.88384343124403,211.9029693603516,165084
2016-07-05,213.1686972793852,213.1686972793852,208.7276689488548,209.50485229492188,21564
2016-07-07,211.8363839735538,214.2567355665964,206.0630607867201,207.2621307373047,47351
2016-07-08,207.39538922846543,207.83948757648952,200.95591047640207,204.7085723876953,168231
2016-07-11,205.61894798463533,207.48417279588315,202.7322865946923,205.4413146972656,25839
2016-07-12,203.2651927760419,207.68399345790127,202.42138958350893,203.1763610839844,225935
2016-07-13,202.06618412701928,205.79663471832976,200.7782972827993,204.6641845703125,92451
2016-07-14,207.59520235686543,212.72456685342055,203.8425410218821,208.3501739501953,130535
2016-07-15,208.35018427311616,215.38919732157652,206.0630576893696,214.87847900390625,44099
2016-07-18,219.63034562027545,222.9388934815899,211.65871330549388,219.5859222412109,1053250
2016-07-19,221.60658363774215,222.60582355001424,215.87768443849663,219.5859222412109,128291
2016-07-20,217.6319068827866,231.33244003536643,217.6319068827866,230.710693359375,296906
2016-07-21,230.7106835327559,230.9327402100875,224.27122059542424,225.67013549804688,48168
2016-07-22,226.42510961775363,227.69079956321104,220.3187165702492,221.56219482421875,27231
2016-07-25,225.9366154074656,233.10885380623105,222.07292534310292,230.59967041015625,83346
2016-07-26,232.6869309995565,234.2856908486808,227.89063639341023,230.8439178466797,50386
2016-07-27,230.86614709605416,234.4189639946977,228.71226032181272,230.17779541015625,98055
2016-07-28,230.1777545407608,230.9327261153261,228.9120646865231,230.199951171875,252879
2016-07-29,230.1999546976395,230.266574709548,224.27121034220164,227.37991333007807,28933
2016-08-01,224.7152905850723,224.7152905850723,216.14413883660703,219.80796813964844,378593
2016-08-02,215.83330931354752,218.47570265934044,214.3011542633532,215.34478759765625,89911
2016-08-03,215.34477856490048,219.8302151801471,213.1908919665699,215.03392028808597,67586
2016-08-04,215.45577089660603,222.05068468266387,212.72454640884823,213.3907012939453,29715
2016-08-05,212.7689748545386,215.3891863249609,212.7689748545386,215.1005096435547,23744
2016-08-08,215.38921738218252,215.83331572536997,213.301935592794,214.96731567382807,21351
2016-08-09,217.609684501239,218.05378276349705,213.1908683919015,214.45655822753903,17964
2016-08-10,213.23528516495617,215.3225666567137,208.72765223623776,210.0377655029297,37319
2016-08-11,208.7498800748193,213.1686967011437,208.7498800748193,212.94664001464844,16579
2016-08-12,212.72461602198743,215.81112312125728,209.23841887261696,210.7261657714844,10219
2016-08-16,209.1717721998811,214.0568835506358,208.8386871853549,212.76898193359372,43191
2016-08-17,208.9719156288036,215.65563147585445,206.50714086954747,215.01168823242188,58635
2016-08-18,215.01172780481693,218.0538263564301,213.32413600032896,215.38922119140625,126273
2016-08-19,215.3669694594104,215.38918114928217,210.9703649780267,211.76974487304688,21468
2016-08-22,216.63269893237216,221.60662755482247,213.8570654232697,215.5890655517578,267326
2016-08-23,216.7214434091817,223.5828065560822,214.27889576995327,221.0736389160156,128433
2016-08-24,221.05147622328164,222.4948145224624,218.9419980031585,221.6954345703125,55339
2016-08-25,222.0507136530566,222.47260025693555,218.4978971748597,219.18624877929688,12542
2016-08-26,221.1403148999709,221.1403148999709,211.6587383387701,212.94664001464844,68655
2016-08-29,215.0560904441309,215.63342871896876,207.55078322387317,210.25979614257807,39939
2016-08-30,208.74985303456825,212.94661243077343,208.72764134528612,210.25979614257807,15602
2016-08-31,212.2582841975837,212.88001580172403,209.39381925685268,211.03700256347656,13617
2016-09-01,211.08141109479607,214.07908595369491,210.94817106188455,212.5913543701172,61137
2016-09-02,215.1449048687608,215.16711655781415,209.482625801404,212.68014526367188,86926
2016-09-06,214.4787705673721,214.4787705673721,209.83789778344877,210.8815460205078,14151
2016-09-07,211.39226770419108,212.94661918126636,208.86088798440744,211.43667602539065,15797
2016-09-08,209.63807257191928,213.16869250023373,209.63807257191928,211.03700256347656,12933
2016-09-09,213.96806628248987,215.3891928659529,206.75142008609512,208.039306640625,37235
2016-09-12,207.17331834829704,207.17331834829704,200.3341651039099,202.6878967285156,340479
2016-09-14,205.39690298308605,205.39690298308605,198.2246649520781,200.02328491210935,29897
2016-09-15,201.1779760646328,202.6879195498652,195.6267088222268,197.2476806640625,137155
2016-09-16,199.1794894458257,199.1794894458257,193.18412447921503,194.24996948242188,82264
2016-09-19,191.8518071172023,195.4046083209316,191.8518071172023,193.33953857421875,1086019
2016-09-20,195.2935885725967,195.4046169091996,191.05242056104348,192.2292938232422,326411
2016-09-21,193.42836203463403,194.2943619703196,187.05551928610765,187.7660675048828,50884
2016-09-22,188.74311489613663,194.27218501848975,188.74311489613663,193.0509033203125,824442
2016-09-23,195.40461803275147,195.40461803275147,190.96360501328715,191.89622497558597,23702
2016-09-26,196.7369591532818,196.7369591532818,185.6344248443967,187.16656494140625,44153
2016-09-27,188.831901012439,201.59982754626796,184.30207168582868,194.93829345703125,334942
2016-09-28,195.42683449154447,195.42683449154447,188.9873564209529,190.36407470703125,72317
2016-09-29,191.8518365202815,201.2001584496817,185.6788229651521,196.8479766845703,93411
2016-09-30,199.20168767644364,199.20168767644364,191.18566158982108,195.20477294921875,166893
2016-10-03,191.9184044612763,196.71469869613523,191.9184044612763,194.18331909179688,169042
2016-10-04,197.02560248137632,197.02560248137632,188.83192750327376,191.14126586914065,37662
2016-10-05,188.7874929176396,196.27060352056992,187.63283142470223,193.18409729003903,52193
2016-10-06,191.2078388085921,194.80506320374437,189.25379749588,189.91995239257807,62611
2016-10-07,190.9858097827242,193.18410452183028,188.98734496112755,192.4735412597656,35937
2016-10-10,192.76223617550093,193.98350278012128,184.9904478790181,186.67803955078125,96324
2016-10-13,190.07542177780044,190.5195200991716,185.7676334253185,187.5662384033203,29033
2016-10-14,186.1673212166789,188.7209128871906,185.6344062490968,186.67803955078125,34964
2016-10-17,187.4108182867976,190.4085085737069,186.58924159025875,187.16656494140625,20653
2016-10-18,187.43302190182635,188.4544586283201,184.94605010738172,186.52261352539065,84399
2016-10-19,187.67722172832373,187.67722172832373,184.52411085005983,185.5455322265625,36251
2016-10-20,187.41077678740467,194.0723109564117,177.64055478256984,190.8303680419922,658964
2016-10-21,192.93984591729884,197.6251119447652,188.743086472026,194.27215576171875,38166
2016-10-24,196.27059795297143,197.6251043762868,187.8992910725646,189.91995239257807,96695
2016-10-25,192.2737140906723,194.18334738728944,187.52182748256487,193.29515075683597,36864
2016-10-26,191.87403133988025,196.2928481429689,189.6313279869266,194.20556640625,448699
2016-10-27,194.93831565648696,194.93831565648696,190.9636124631119,192.74002075195312,245542
2016-10-28,194.0501153749083,204.2422398572621,191.8740171445416,198.86862182617188,215799
2016-11-01,194.7384767925995,201.17795515992,191.05243512431315,200.5340118408203,117244
2016-11-02,199.82341932029595,199.82341932029595,194.07230849702552,195.00491333007807,30099
2016-11-03,195.4046356529063,197.4031007271363,191.23008725463632,192.8510589599609,46511
2016-11-04,193.1619281524888,193.87249148908916,186.52260479964949,187.6994781494141,26366
2016-11-07,188.87632224879735,195.40461676625597,188.87632224879735,192.29591369628903,26402
2016-11-08,192.74000933403985,193.62820589645665,188.43222137113983,189.78672790527344,10915
2016-11-09,182.525686679966,187.85491161349032,177.0410401368147,187.0777282714844,91168
2016-11-10,187.432977739936,193.4727499017552,187.432977739936,189.3648223876953,12022
2016-11-11,189.0095622324753,190.0976037890804,184.54633755201212,185.6788024902344,13275
2016-11-15,184.08000655519305,184.08000655519305,171.4231239916325,175.59767150878906,298526
2016-11-16,175.59769063192374,180.5716335869884,171.42314266014594,177.70718383789062,85946
2016-11-17,180.7492425091092,181.61524233017064,173.99890732464968,177.19644165039062,114448
2016-11-18,180.30514992100575,185.58996564583796,178.0846436678476,183.90237426757807,62342
2016-11-21,184.27986962471127,188.7430942341749,177.64056193665397,186.6114044189453,39697
2016-11-22,186.9666919620993,188.49884688872456,179.86107407893593,181.4376373291016,95919
2016-11-23,183.41388635611384,183.41388635611384,177.68497181001644,179.4613800048828,27119
2016-11-24,181.17199025924,184.571036682904,178.90595428805477,181.59408569335935,64588
2016-11-25,179.95012897759747,183.0381636900792,175.06259885116938,179.57244873046875,53722
2016-11-28,181.2830982152086,182.1717345759228,177.9951195745988,178.95040893554688,147611
2016-11-29,180.54996568111983,182.34946114389203,178.2172763333728,178.81710815429688,11922
2016-11-30,179.1059598724528,180.90545565759828,174.39615002050343,178.52833557128906,289999
2016-12-01,180.4166864931013,180.48332443339052,175.50693322482914,175.9956817626953,9246
2016-12-02,176.8176488526609,179.55022577350752,174.2183628549427,176.39553833007812,24644
2016-12-05,175.50693127857613,177.75076012215678,174.3961282021212,176.1734161376953,16126
2016-12-06,175.52914365158458,178.17286046891067,174.61828450160093,175.92904663085938,42444
2016-12-07,176.7732376392171,176.839875574865,171.06370895528934,172.24114990234375,16795
2016-12-08,171.6635379591714,177.68409379818607,171.6635379591714,175.4846954345703,9428
2016-12-09,176.61769674942133,176.61769674942133,172.39663691790602,172.90760803222656,16117
2016-12-12,173.50746734218984,174.88486730124143,171.50802793891347,171.8412628173828,12439
2016-12-13,171.5080130559256,179.39471680220532,169.73072537044683,177.17311096191406,33839
2016-12-14,174.50720278123677,179.0392754902476,174.24060583769784,176.7732391357422,134415
2016-12-15,176.83988474803863,177.6618832376632,172.84100575252646,175.44027709960938,17904
2016-12-16,175.95121469864745,177.75072496900935,173.30749847568015,177.55076599121094,37606
2016-12-19,175.57356348521174,177.17311490462373,174.1739409269971,174.66270446777344,4713
2016-12-20,175.1959446534691,175.1959446534691,170.3528433217847,173.01876831054688,36308
2016-12-21,173.41859485488763,177.10646122019207,171.10812835442027,174.55162048339844,19313
2016-12-22,173.28532071368264,175.48470411992378,169.73074493303676,171.08592224121094,12355
2016-12-23,171.5080328233597,174.28504044379224,163.08814933410355,171.08592224121094,68622
2016-12-26,173.0631310326533,173.0631310326533,167.53133921850065,169.24197387695312,8786
2016-12-27,171.0415048159077,171.0637275076872,166.6205149801809,168.9976348876953,8211
2016-12-28,169.6418842535784,171.01928425143936,167.9978873056923,169.4419403076172,7999
2016-12-29,170.15283824418597,173.06313651115266,168.4644111532017,172.28558349609375,10702
2016-12-30,171.06371208294172,177.7285302732372,170.26393631070312,175.46249389648438,19151
2017-01-02,175.06258125624333,177.66185214847783,173.28529364356302,176.97315979003906,7439
2017-01-03,176.81765051235993,177.3952595842334,173.72961603462315,174.57382202148438,10535
2017-01-04,175.95124430282962,177.7285321859483,172.06343364998338,173.64077758789062,18395
2017-01-05,174.19619073142513,176.83989250935068,174.19619073142513,176.2622833251953,15182
2017-01-06,177.4841205182654,177.4841205182654,173.28528348759158,173.66294860839844,10726
2017-01-09,174.1739210913789,175.95120861400386,173.39636815826185,173.88511657714844,8786
2017-01-10,175.0626192602385,175.92904810115076,174.21839804455246,175.12925720214844,7506
2017-01-11,174.6404913158268,175.95123825969029,170.61938985969,173.15200805664062,49633
2017-01-12,174.61823737842576,175.0403478688287,171.3080516434815,172.52993774414062,12351
2017-01-13,172.61884118662832,175.92904280919726,171.9523563239567,173.1075897216797,33993
2017-01-16,174.50719970094363,175.06260120154516,170.61938919673275,170.88597106933594,34711
2017-01-17,169.9973471167078,173.10758972085245,168.9309743496845,171.46360778808594,21397
2017-01-18,171.50803001759482,174.44055122209582,171.50803001759482,173.81849670410156,38426
2017-01-19,174.17395737176628,177.68410284339134,171.64132400775733,172.72991943359375,29322
2017-01-20,175.062586074465,175.062586074465,167.9534354280797,168.8420867919922,84902
2017-01-23,171.06371620250263,172.39667083292375,168.39779187542965,168.6421661376953,38066
2017-01-24,170.6194046244829,170.6194046244829,166.7093710775537,168.7310333251953,498779
2017-01-25,168.8864904194478,175.06255841795974,168.6421162295026,173.0853271484375,550664
2017-01-27,172.84099960145124,178.61716631509012,169.08647993791325,172.1745147705078,144884
2017-01-30,172.17452625724434,173.0409550886521,169.9973503662336,171.50804138183594,579435
2017-01-31,173.21861611071407,177.28416189041016,169.77512467388922,171.21917724609375,106675
2017-02-01,171.55247923233745,189.72523266634204,170.44167607994922,183.8379669189453,595755
2017-02-02,183.57137903244887,184.2822942904733,178.17287664986077,179.95016479492188,135851
2017-02-03,180.3722357285716,183.0381598261429,176.83986784315854,182.08287048339844,83819
2017-02-06,183.06036331956244,186.6149387469738,181.72740883395497,185.6152191162109,138826
2017-02-07,195.5013419369276,199.96677591202084,190.43607624569847,197.43414306640625,728275
2017-02-08,199.50026190274997,200.3888982535001,195.6346741908885,199.944580078125,1178477
2017-02-09,199.5002586264816,200.8332281969458,195.9901285258108,199.900146484375,342426
2017-02-10,199.9446293667986,199.9446293667986,196.4789286650622,198.34507751464844,25902
2017-02-13,198.16729767519917,199.72243393045696,196.21228861088497,197.6563415527344,237948
2017-02-14,197.41194689238876,200.12231638801276,196.2122832990072,199.944580078125,248868
2017-02-15,199.94454767718423,199.94454767718423,191.50244344817983,199.6113128662109,88822
2017-02-16,199.94460271730128,200.07790873136835,197.76742683859536,199.63357543945312,69673
2017-02-17,199.6335389626956,199.6335389626956,195.63466059597783,196.47886657714844,15804
2017-02-20,197.14536276554145,199.47805199229023,194.81267353879255,195.81239318847656,32888
2017-02-21,196.16784685880825,197.7007603354972,194.34612883708368,195.1459045410156,21048
2017-02-22,199.4780661083469,199.4780661083469,193.27977370922568,193.94625854492188,25364
2017-02-23,195.50138665604683,199.9445989618958,191.5913682639891,199.4780731201172,84486
2017-02-27,199.47807557601917,200.8110302444461,196.478901206154,199.92239379882807,470513
2017-02-28,199.87794214486797,200.1000936994407,197.9229180672504,199.944580078125,511324
2017-03-01,199.8112847041951,199.9445756339761,198.278371213682,199.6779937744141,78775
2017-03-02,198.21170090933128,200.0334186499556,198.21170090933128,199.85568237304688,128446
2017-03-03,200.34448378181816,200.34448378181816,195.52360633858143,196.25672912597656,20368
2017-03-06,198.61165558618427,199.9446103138797,193.25758385100616,199.32257080078125,162677
2017-03-07,200.38888502307847,200.38888502307847,195.50135528418664,196.58995056152344,32526
2017-03-08,205.2764304605053,211.0081662011504,200.0334431753864,207.7646331787109,1262946
2017-03-09,207.76465718980148,219.93906020664448,205.7207723827949,217.93960571289065,2439872
2017-03-10,218.6060608578147,223.049272374469,211.2747588420894,220.2056121826172,243979
2017-03-14,223.04928332669692,227.4924950615231,220.38335929904707,225.7818603515625,225188
2017-03-15,225.82629579443892,225.82629579443892,222.4050262967456,223.4936065673828,93113
2017-03-16,225.33754012715835,250.59720282680212,224.4711114362074,239.1781463623047,780559
2017-03-17,239.0004194523532,252.2411944370769,235.60137261780736,244.0212554931641,470655
2017-03-20,244.4655804432768,252.99656193130247,243.4880834474463,246.2650909423828,327684
2017-03-21,246.5761432459552,248.59779044409916,239.0448957438728,241.4664459228516,438697
2017-03-22,239.40027414868413,250.0639841695404,236.40111559253003,243.97679138183597,258031
2017-03-23,244.4211858897263,254.57394304807437,244.4211858897263,247.2648468017578,392324
2017-03-24,247.79798609756125,252.59665558678785,247.79798609756125,251.04153442382807,280222
2017-03-27,251.04153124521187,257.4397671939878,247.5091784066339,250.4861297607422,219077
2017-03-28,251.06374725939375,262.7271630569645,249.26423685516377,250.90823364257807,815999
2017-03-29,251.04148540045145,258.572730565114,246.70935762595948,248.9531707763672,576050
2017-03-30,250.57497347448157,257.173137843568,247.30921778735453,248.61996459960935,167306
2017-03-31,250.99710283818752,251.10818614916988,241.0665290417408,243.3325653076172,202366
2017-04-03,243.4880551384229,253.7074475581285,242.1550856693385,250.7971343994141,175913
2017-04-05,252.28565077221623,253.4186765447612,248.9088112115894,250.1084899902344,103888
2017-04-06,248.8643556181432,253.1964841837608,248.8643556181432,250.4861297607422,103626
2017-04-07,251.46364421952305,252.9521123778004,245.28757483153464,246.62054443359372,52639
2017-04-10,244.8210268782924,253.7518807681581,244.8210268782924,248.57554626464844,95166
2017-04-11,248.4200501992416,252.72997136386704,247.93130168900635,251.6858062744141,71873
2017-04-12,250.77493659912716,255.48474544888896,247.6646942842489,251.952392578125,117057
2017-04-13,251.01927235516297,256.3733271083671,251.01927235516297,254.1961669921875,70442
2017-04-17,253.2631662272041,257.03990880769675,249.28649475825327,250.1529235839844,333813
2017-04-18,251.0415350963592,252.9299061990168,248.81992912439955,251.15261840820312,266488
2017-04-19,252.1745363095046,252.1745363095046,245.06538583585908,246.4205780029297,37839
2017-04-20,248.2867583461779,257.6175007167801,246.30952655662276,252.5966644287109,210804
2017-04-21,254.7738356905465,254.7738356905465,251.0415388077741,252.330078125,30631
2017-04-24,252.1967784092328,254.79604966521003,249.9529647255344,250.7749481201172,116813
2017-04-25,254.15179564189964,254.35175465728463,247.95351815188877,248.9310302734375,60408
2017-04-26,249.26425476950712,253.2631486520232,241.77743820127375,243.3547821044922,90559
2017-04-27,245.26533131440567,246.0651220474592,234.86821751322205,237.2231292724609,233031
2017-04-28,237.22313740760964,249.55305287060563,233.93515894639543,245.5319366455078,127091
2017-05-02,250.59722110422663,251.9301907361764,245.73189852046295,248.13124084472656,45566
2017-05-03,247.8868766487404,250.3750646321648,238.2006614005696,241.2886962890625,84542
2017-05-04,242.5994033751112,244.57663488872845,238.62273272762715,241.26644897460935,307164
2017-05-05,242.3550671324728,244.37672926961537,235.9568458352581,243.11041259765625,203342
2017-05-08,244.37676421821783,266.14852501353533,244.37676421821783,260.4389953613281,264348
2017-05-09,264.2822648263855,267.481367233106,256.17341045062875,265.104248046875,237948
2017-05-10,263.2160012086298,266.5484107807456,259.9280068899618,262.2607116699219,71482
2017-05-11,260.28343039972424,268.814381623549,259.92795777698274,262.7271728515625,65148
2017-05-12,262.1495581394708,271.0359817962353,259.1281765067676,264.90435791015625,200437
2017-05-15,270.5694564134794,272.8133002105185,266.59278521552807,271.3692321777344,109711
2017-05-16,272.8133034351601,272.8133034351601,267.2814958899604,269.7696838378906,125968
2017-05-17,267.925724178158,271.102619247968,260.03903568803986,260.7055053710937,125388
2017-05-18,260.7055181985347,265.70413146475573,253.2853400419866,256.0623474121094,63628
2017-05-19,257.9285318649765,261.46086985899063,251.39700457389608,253.26315307617188,35242
2017-05-22,253.2853755631223,255.48477414579497,243.48810665092492,245.55419921875,62331
2017-05-23,243.9323739697331,245.70966157818148,236.46778108047812,241.99957275390625,208635
2017-05-24,243.48804741943573,247.9090360680765,238.82266949176883,240.55552673339844,66244
2017-05-25,244.1546179510105,257.2621209096158,240.62226408320507,254.351806640625,134146
2017-05-26,256.3734284948721,266.1485205967565,251.9524384622266,260.79443359375,102622
2017-05-29,258.172842774621,265.3930607541831,247.2869666272375,248.9531707763672,198097
2017-05-30,248.88660293898283,257.17318064911143,248.86438024826367,253.28536987304688,40013
2017-05-31,257.9285790822092,273.2576577952198,256.0179999165785,269.5253601074219,376333
2017-06-01,273.70192328629764,277.70080191304714,269.0587524223606,276.5233459472656,423119
2017-06-02,276.5233554446468,277.6563962048566,268.2811935335526,271.7247009277344,126557
2017-06-05,272.81326365504964,273.25756672429026,265.7041132226361,266.6816101074219,81157
2017-06-06,265.237547083546,277.4563775069,263.0381491702552,272.679931640625,280848
2017-06-07,275.03484745335555,275.23477628544725,268.85877915782567,270.2806091308594,107326
2017-06-08,273.0799243090413,276.8566672160864,269.50314044020604,275.634765625,149191
2017-06-09,277.1676832340951,287.9202420295066,275.9679893186182,284.0102233886719,355704
2017-06-12,284.2767767670694,287.8757978873846,278.0784994439787,285.4764404296875,248677
2017-06-13,285.2320869764668,295.3848286682153,281.25541543465,293.5631103515625,346426
2017-06-14,295.47372668756867,307.3371199383473,294.1407868848686,304.24908447265625,683315
2017-06-15,303.47143844281806,311.0249227633885,302.2051218486009,308.7366638183594,486779
2017-06-16,306.60390258749584,312.8021792378854,305.2709330628786,309.13653564453125,166648
2017-06-19,308.0258055190151,317.3343265049033,308.0258055190151,314.64617919921875,259191
2017-06-20,318.2672664146682,323.91014042347166,311.49135197483224,315.6235656738281,294715
2017-06-21,312.135748474777,315.33485162691926,302.5828241338569,304.626708984375,210093
2017-06-22,304.3156820888555,308.2479381618638,299.02824869933545,306.8927307128906,147777
2017-06-23,302.67164613702454,310.5805725121523,299.9168464784198,305.8485412597656,59491
2017-06-27,300.38343047525206,313.69085970888494,300.3612228509114,302.2273864746094,102079
2017-06-28,299.02817525919244,309.1142609056589,299.02817525919244,305.9818115234375,59528
2017-06-29,309.1143109786292,311.3359169029005,301.69416286044145,303.471435546875,571664
2017-06-30,302.13843660204697,307.42586903563097,298.806028039505,305.2264709472656,1356981
2017-07-03,308.75888652173467,308.75888652173467,301.4053608406617,302.78277587890625,60446
2017-07-04,302.58279140681907,306.026298580184,302.1384581804307,303.67138671875,97302
2017-07-05,306.5595136695014,306.5817514272684,300.56119490274256,302.4051208496094,85933
2017-07-06,302.4051185719882,304.3601428955756,300.1835123493737,301.4498291015625,146653
2017-07-07,299.9390875513969,305.2487279396452,299.9390875513969,302.2051086425781,68226
2017-07-10,306.58160985117144,306.58160985117144,297.69515886498823,300.538818359375,31435
2017-07-11,300.2278672124865,302.9826668115239,295.7180327989459,298.3839416503906,55064
2017-07-12,299.91681454199073,299.91681454199073,296.3622697083739,298.2506103515625,135415
2017-07-13,301.22767592924646,302.1385200576859,298.60618167457847,300.6056213378906,68153
2017-07-14,300.62776336201506,303.071535809442,295.94017745609005,296.6510925292969,46833
2017-07-17,296.8066418705527,297.5620024097098,282.72167483605136,285.1210021972656,104248
2017-07-18,286.58718403508936,294.87378983688234,273.1908973818487,281.0998229980469,228691
2017-07-19,281.1220848368101,293.2520574261944,281.1220848368101,286.8538513183594,56748
2017-07-20,285.6985928784216,293.18542425182875,283.4325716723597,284.5655822753906,82373
2017-07-21,288.29780358211576,288.29780358211576,279.03370191905856,281.8329162597656,50028
2017-07-24,284.6766542427776,288.7422161052707,279.9224150134362,285.7430419921875,52222
2017-07-25,286.142927702171,287.0760094427366,281.2998278857306,283.76580810546875,376873
2017-07-26,284.165657216089,286.54277648856,282.5883135743134,283.9656982421875,37699
2017-07-27,282.58834703974844,287.09821190563804,280.144574486574,282.3661804199219,27846
2017-07-28,282.3662546303796,283.4770578889908,277.70087491771943,279.7669677734375,25131
2017-07-31,280.67818434511946,283.3898306576601,276.94410857678406,277.6998291015625,93506
2017-08-01,276.0773583045799,279.58916272010435,274.9882437186098,276.6552429199219,30159
2017-08-02,279.16679983512466,279.16679983512466,272.987786101094,274.1435852050781,42251
2017-08-03,275.61048763780286,285.39023659650326,269.3870384339207,276.41064453125,538859
2017-08-04,279.5224004642799,284.50114778975137,269.60931207921885,273.2767028808594,130904
2017-08-07,274.27695103615366,287.1684278055857,274.27695103615366,285.0791320800781,71457
2017-08-08,283.6343445433397,293.12513755909305,278.52222699372123,290.7913513183594,97453
2017-08-09,284.9457247093,291.6137196942514,282.27851465659006,289.3465881347656,192908
2017-08-10,284.9679324290622,294.6809973935907,281.9451105588939,287.45733642578125,298988
2017-08-11,280.94490133683763,287.4350593225902,277.8331466521667,285.34576416015625,99479
2017-08-14,284.9457343286505,291.1691844659704,282.3452089614919,289.7022399902344,110064
2017-08-16,295.1255166248698,300.94891807691937,288.879848626918,295.6811828613281,92979
2017-08-17,298.28175659093233,300.0598767780346,293.3918808561596,294.3476257324219,23635
2017-08-18,296.6813990298108,299.5708514482326,289.3910530639686,293.52520751953125,28475
2017-08-21,297.5705085187669,298.2817626373912,289.4355677996534,293.2140808105469,37335
2017-08-22,293.21402297502675,295.1699789521445,284.4122662982303,286.41265869140625,2923019
2017-08-23,284.9679675538357,289.8356248135028,282.7008659451807,287.3684387207031,200419
2017-08-24,289.7911825392544,296.50364523173187,284.50122809754265,291.1025695800781,341986
2017-08-28,290.8135379081776,297.83714422290103,284.63452492555683,297.0369873046875,31944
2017-08-29,300.03764568382536,300.9489540970379,294.2809584614561,298.7040405273437,133435
2017-08-30,300.92674015000574,304.50525928538315,298.5040504683942,302.2603454589844,99082
2017-08-31,303.30494531753567,308.9505412353678,298.5262213525912,305.1497802734375,33575
2017-09-01,302.5047562412087,310.3063316692781,301.6379145269788,309.3283386230469,58939
2017-09-04,311.17321484123613,313.35141344743806,299.54865909747105,302.4158935546875,52371
2017-09-05,303.59395154894645,305.4165384416455,297.1704459238748,299.14862060546875,30124
2017-09-06,302.2825190416433,309.37284133123524,302.2825190416433,307.6836242675781,123139
2017-09-07,310.2619172972548,312.9513458698499,304.54966639362306,311.5510559082031,140375
2017-09-08,313.3514662976813,317.84126397160753,310.72872215553554,314.4627990722656,310486
2017-09-11,315.15173136199473,325.64270447929465,303.7049834320221,324.5313720703125,371966
2017-09-12,324.9536745326852,326.73182450685374,321.84194976141725,322.3531494140625,255388
2017-09-13,325.842780614539,325.842780614539,314.7294547519359,315.88525390625,269513
2017-09-14,314.28492404653343,320.93070102024626,311.8844530158147,316.1519470214844,27151
2017-09-15,317.7300296884961,321.84196591073805,314.262692836504,319.4859313964844,27844
2017-09-18,321.79753573200964,329.8436031239604,321.79753573200964,326.6429748535156,135824
2017-09-19,326.73183122440054,331.6216759235498,324.5758510916988,329.5101623535156,80337
2017-09-20,331.6216650679351,331.6216650679351,326.7318205288546,328.132080078125,29606
2017-09-21,330.28813895460434,330.732653898117,323.6201133336584,325.24267578125,30746
2017-09-22,321.3973767720919,328.9544607479627,312.0177367124905,325.953857421875,125828
2017-09-25,326.73182526012687,328.04318185278373,317.8411658092517,325.9761047363281,66742
2017-09-26,323.6201286017208,326.0206299972448,314.88505532438444,322.90887451171875,92675
2017-09-27,322.7310531446783,328.4433038039687,313.8403925167913,317.9967956542969,106553
2017-09-28,320.01942911752275,324.4647597459662,312.5068095025954,320.1972351074219,76391
2017-09-29,324.2868980738862,329.0656216495593,320.41945265009434,328.3988342285156,63482
2017-10-03,328.3988387726872,330.732624925456,320.0638451601943,323.131103515625,59022
2017-10-04,326.0650617062892,326.0650617062892,320.7528893930036,321.953125,68166
2017-10-05,318.28572029403813,328.06547102423093,316.5965032293136,321.6641845703125,113802
2017-10-06,322.3309364792945,325.3982248858054,317.84117027572995,322.2642517089844,142959
2017-10-09,322.286480987053,328.50993026301774,320.8861913338918,325.7093811035156,18957
2017-10-10,326.376215972455,328.0432147868533,322.7310428198914,325.42047119140625,56191
2017-10-11,326.642897049498,326.642897049498,316.50753641149186,319.1302795410156,36884
2017-10-12,322.2642551023439,323.17556339480785,317.4410951432642,320.1304931640625,691884
2017-10-13,320.13051931475223,324.50919488295966,319.7082225929411,322.7977294921875,111164
2017-10-16,322.79772044819447,327.17636574689834,319.019177827164,324.5091857910156,28466
2017-10-17,326.28731993492045,339.1787957955525,325.5982840966456,332.55523681640625,170642
2017-10-18,333.3998491549623,336.80053151734194,327.776501734486,328.598876953125,30191
2017-10-19,329.3990439825023,333.3998592968742,327.176378856793,329.4657287597656,6055
2017-10-23,326.7319346231941,335.1780518698645,326.7319346231941,333.4221496582031,103646
2017-10-24,333.3776240782878,337.4006577613532,328.08770016459226,332.355224609375,217328
2017-10-25,335.55583878255624,336.889443883918,326.24288157676324,328.4432983398437,17999
2017-10-26,331.8439637458131,335.6002579586104,328.08766953301574,333.3998413085937,48846
2017-10-27,333.39987385491554,340.6013176177788,333.3776254969728,336.4671325683594,236942
2017-10-30,336.467092973712,339.80109041551947,332.8663865894162,333.5109558105469,53639
2017-10-31,336.08926844166115,340.0678351708884,332.0662351478668,338.6008605957031,77279
2017-11-01,338.6008704036247,340.0900632308178,332.06624476650626,332.7330322265625,38548
2017-11-02,337.33391947873207,339.62326910882626,334.889012249332,337.4006042480469,118811
2017-11-03,335.08914790088886,338.7343218971304,333.933348524126,336.53387451171875,9493
2017-11-06,336.51154010925626,348.51392417744853,336.51154010925626,342.6683349609375,112446
2017-11-07,342.66834217983063,344.9576616825965,336.42264422087646,340.4678955078125,75099
2017-11-08,343.86860273102053,343.86860273102053,335.6225118069796,338.48974609375,25379
2017-11-09,341.8459525421896,344.0463993150221,338.28968254236514,341.7570495605469,139948
2017-11-10,344.06863984553974,344.06863984553974,336.31153011561315,341.37921142578125,19651
2017-11-13,343.3795828064712,346.7357982033224,337.86735723673945,344.8465270996094,100824
2017-11-14,344.95761942196185,359.62721186021304,339.445424460192,354.18170166015625,294646
2017-11-15,354.51517833364926,356.9601160036568,342.3794231179316,351.7368469238281,94988
2017-11-16,359.6272822235172,362.2722741236772,347.44709105639595,353.0037536621094,1549324
2017-11-17,359.182736226502,359.182736226502,344.5131421872736,348.8473205566406,71086
2017-11-20,351.07074803141313,355.45078885096285,347.78016863325,349.2698059082031,138895
2017-11-21,346.8685383765198,354.2946194128035,344.62293986618533,351.5376281738281,36631
2017-11-22,354.7392909679102,357.8520377353967,351.87114300909536,355.7843017578125,52911
2017-11-23,358.4746056115016,361.9430781054558,355.7398693303387,357.91876220703125,27684
2017-11-24,360.1643376620696,360.6979255383018,354.42801166291616,356.36236572265625,32695
2017-11-27,354.1167582371694,357.07386780509256,351.5821402819141,354.8504943847656,53642
2017-11-28,352.62704663572566,368.5908632224729,352.62704663572566,362.4098815917969,79117
2017-11-29,368.6353608951031,374.8608240490783,362.4099278975574,370.8587341308594,103962
2017-11-30,370.85870319616185,377.9735090196814,370.5474587130332,375.7946166992188,101706
2017-12-01,377.5288628592559,378.15138199901617,372.1927432670307,373.2599792480469,261291
2017-12-04,380.1968780899147,380.1968780899147,369.5246996227834,370.5474548339844,25873
2017-12-05,369.0800752556297,374.8608521329671,364.72225976829634,370.9477233886719,87328
2017-12-06,370.8142270410981,371.3033642533904,364.5443142655524,367.3679809570313,28422
2017-12-07,366.8567045685952,371.3034514061624,364.8111937857705,366.4120178222656,37828
2017-12-08,371.30342751245854,371.30342751245854,365.0779944030493,366.87890625,25904
2017-12-11,368.1907725444081,373.08217647528375,362.4767010637992,365.1002807617188,53204
2017-12-12,367.3013544765873,367.3013544765873,362.56555871323735,363.032470703125,27933
2017-12-13,363.2993258455808,366.4120428128901,356.251224389787,362.1431884765625,55939
2017-12-14,363.0325210906865,370.8143283560421,356.2289885172028,364.6778259277344,47604
2017-12-15,367.256926615962,375.3055278871285,367.2347013246045,373.7269592285156,31477
2017-12-18,375.2610303885085,375.7279423872408,316.60843351616853,371.74810791015625,300117
2017-12-19,370.4363403320313,375.2388426883329,368.54646685921085,370.4363403320313,64622
2017-12-20,373.9715372588055,374.8608806561202,366.8567297674199,370.7921142578125,527799
2017-12-21,370.6142023539168,373.4823806510095,367.7905349512254,368.9022216796875,23242
2017-12-22,371.0589327927236,375.3055621203176,366.21197929225343,373.3934631347656,73177
2017-12-26,373.5267882603582,376.6839854435162,371.837033071294,373.7046508789063,14131
2017-12-27,376.194920621561,377.0620387495308,369.5247997334461,372.9487915039063,23255
2017-12-28,371.3033681057826,373.5267410257617,369.0799951858035,369.9471130371094,25691
2017-12-29,367.6570995143,379.7522708572047,367.6570995143,375.5945434570313,42282
2018-01-01,377.9735554678811,379.2853602038453,369.96940547191895,371.5480041503906,25044
2018-01-02,377.9290876011974,377.9290876011974,367.7904960596584,368.9244079589844,36544
2018-01-03,368.6353542837972,373.48233680098974,359.7641169448606,363.92181396484375,39284
2018-01-04,364.3220721804577,365.1669649723712,360.1865998555744,360.63128662109375,72284
2018-01-05,361.0759435984831,369.0133882604232,356.6291965644872,366.6121520996094,83242
2018-01-08,366.4120194879562,368.1685110344404,358.1410751575109,365.0335388183594,76468
2018-01-09,367.3013388419896,385.977666860372,361.831837394387,377.5510864257813,382486
2018-01-10,382.26465164154257,382.26465164154257,371.3034227394646,372.1483154296875,74797
2018-01-11,369.6137434446517,377.52896348049256,369.6137434446517,375.9058837890625,42466
2018-01-12,377.9735601628975,377.9735601628975,370.8587533766808,371.8592834472656,30059
2018-01-15,373.5267082998576,380.1968264754038,369.07996284949337,373.5934143066406,37068
2018-01-16,377.9291524719262,377.9291524719262,367.3903531477552,369.0801086425781,85535
2018-01-17,371.2589883634562,380.6416499693111,364.6333485285277,374.1271667480469,65011
2018-01-18,374.8830590251196,378.84066831206434,371.32565572469554,372.3706665039063,36968
2018-01-19,371.3034743547125,373.9715346847261,371.3034743547125,372.4151611328125,37068
2018-01-22,371.30347273095447,377.9735933703854,371.30347273095447,375.5723571777344,36006
2018-01-23,373.0820620836325,377.88456337130384,367.5014043830391,369.2801208496094,31168
2018-01-24,366.90122471186754,371.7259226299237,355.33966962988126,364.6111450195313,27375
2018-01-25,364.6110673296251,365.500410571872,357.5184863668308,360.8535461425781,43548
2018-01-29,360.6312942439909,364.1219919421597,351.29311322216404,356.4068603515625,138442
2018-01-30,355.7842751317389,355.7842751317389,336.44091666793935,344.2894287109375,193642
2018-01-31,344.2894372879411,361.9652361734803,339.7537294121741,355.1839599609375,43746
2018-02-01,353.51644591271565,365.4114991240164,347.535581373196,352.7160339355469,55962
2018-02-02,350.40371045086766,359.2749477462445,342.6441295915439,347.9135131835937,52366
2018-02-05,342.3995558160203,360.1865410288378,325.72425717900404,354.3168334960937,149751
2018-02-06,334.8401296461371,357.96320691308307,327.7253227225699,344.51177978515625,539833
2018-02-07,351.3597295542973,355.8064755425272,341.2433643372184,342.97760009765625,40322
2018-02-08,345.0231699599785,355.2951441070133,342.3995905809645,353.4942321777344,38426
2018-02-09,353.9611716589777,355.6509271130192,340.19846887938183,353.58319091796875,76282
2018-02-12,362.4099625619436,362.4099625619436,343.0666014981067,348.9363098144531,60899
2018-02-14,350.27036610668364,358.29674244315135,344.2672452844829,347.7357177734375,83906
2018-02-15,349.9812414745072,355.7397923741782,341.5102103292681,342.9998474121094,79019
2018-02-16,345.06765803701376,349.0252679037804,335.86288884203185,339.7315673828125,60575
2018-02-19,344.60075525331683,346.80187329019685,337.9528600912935,343.6669311523437,35817
2018-02-20,345.9124733930894,349.0696704624171,337.8860988388825,340.1761779785156,66031
2018-02-21,342.3995732952957,346.84631982550354,334.57328613330066,338.41973876953125,23333
2018-02-22,341.4657336941696,341.51021442626967,330.548955779655,337.9750366210937,66337
2018-02-23,340.17620287476115,351.2930692932406,337.1968681995222,347.4688720703125,220713
2018-02-26,349.38102422139764,380.1969802431871,346.5573264495673,362.7657165527344,255637
2018-02-27,369.0800078218206,395.40475857072505,368.2128899408276,388.3566589355469,1122615
2018-02-28,384.71039737673647,422.44103941259,378.8629144376796,403.1199340820313,942975
2018-03-01,409.54547917913845,412.2135392980451,387.73417666854976,389.9575500488281,229302
2018-03-05,389.09043047484624,402.430670703608,380.2191622789189,384.2212524414063,151724
2018-03-06,384.6659407967118,393.44827840200713,377.97359483960383,378.640625,102459
2018-03-07,378.6405958194959,385.8887846067912,374.4161622651842,376.3727416992188,77193
2018-03-08,376.1948964849927,378.2403771738866,369.0800892649137,376.0837097167969,132873
2018-03-09,377.9958010092053,385.9555008527553,376.1948890270386,384.7548828125,80191
2018-03-12,388.2011597108028,394.87128107180285,382.8650686532901,384.354736328125,172737
2018-03-13,386.2668133763285,393.0925717199808,385.5553325987465,387.6452941894531,57906
2018-03-14,387.6452134604425,395.7382943113504,383.48751643769214,388.66796875,92015
2018-03-15,388.31220633971134,389.9797362075973,383.30961673605344,386.42236328125,36075
2018-03-16,388.1787986327335,395.27134888224685,378.9517765191237,380.0190124511719,103171
2018-03-19,384.1990361173862,384.5102806527372,371.3034521681187,375.0609436035156,79715
2018-03-20,377.3065749543742,389.93533487575286,368.92444382441937,373.4378967285156,95264
2018-03-21,373.52679407633866,381.5309437563471,368.6353608951031,370.8587341308594,92759
2018-03-22,369.07999846125927,380.19686315981295,366.85662552154855,374.5494995117188,76182
2018-03-23,373.5046984240655,388.57917901958336,368.2130574300244,383.687744140625,134895
2018-03-26,377.9735457256312,392.3365406441437,377.9735457256312,385.6441955566406,107282
2018-03-27,392.1809877322525,399.09567766615646,381.6199624443136,390.7580261230469,118026
2018-03-28,386.8670558671105,402.3417381017949,386.8670558671105,397.1612854003906,198371
2018-04-02,408.6561590302865,412.6582192791432,399.3179782410433,410.1902770996094,195819
2018-04-03,415.3262231557942,415.77087970282827,399.317924021129,401.1188659667969,121584
2018-04-04,403.76466657203616,411.2129727670852,400.20726344760976,402.3417053222656,77057
2018-04-05,407.76679444204245,409.100794351295,400.69643810955967,406.3660583496094,127599
2018-04-06,407.7667730531485,411.3241461664666,406.4549683463793,409.6566162109375,180124
2018-04-09,409.65661956676325,415.32623955586456,406.8996583970003,413.1250915527344,735806
2018-04-10,413.5698457565399,421.5517414967989,411.3242166523128,418.038818359375,704188
2018-04-11,421.9964147443621,430.8899090790554,416.4602060772139,422.1965026855469,431128
2018-04-12,422.4187925298509,426.8433138443149,414.4368980575858,417.0827026367188,64999
2018-04-13,417.99428054174007,425.1090873289499,416.23781921286695,423.0413513183594,52662
2018-04-16,422.4410087557882,430.88984521537606,417.5718309792803,421.7962341308594,100757
2018-04-17,424.5532564232369,424.6421877411273,415.1484001400351,418.2388916015625,95535
2018-04-18,421.55163588877537,422.2186659120437,409.1007405084711,410.3903198242188,74295
2018-04-19,413.4808531493495,416.14888304612606,402.9197996966553,412.9472351074219,55753
2018-04-20,413.9700010998501,413.9700010998501,403.0532221094679,410.41259765625,82593
2018-04-23,407.0997675218458,417.5496346024412,407.0997675218458,414.2812805175781,26393
2018-04-24,417.97202807021336,422.4409997721966,405.5878381017604,407.3442993164063,28299
2018-04-25,404.4540100341597,406.6551584089421,394.9824164973068,396.6944274902344,126579
2018-04-26,396.96120504409953,407.9002102737596,392.7368012816831,402.7197570800781,44957
2018-04-27,403.2310532001271,409.9901342924594,399.317924796484,401.7636413574219,39717
2018-04-30,403.675804578192,424.55328476592376,403.34230457473086,422.530029296875,81037
2018-05-02,419.77301171386927,422.441041733256,413.7031853686325,416.6158142089844,44404
2018-05-03,415.3261946254564,424.66437350527417,413.63643954994455,419.795166015625,203866
2018-05-04,422.88571323917023,424.6644300110827,417.14941723999,422.3965759277344,220444
2018-05-07,422.3965898043506,429.06671006618,420.6623537112458,426.8878173828125,64186
2018-05-08,429.111229896489,434.4250651119322,421.55173545258185,431.9571228027344,156691
2018-05-09,433.44669836887226,433.557885120292,422.8856759004146,428.399658203125,79435
2018-05-10,429.0667205512877,430.44520124943625,422.4855314466863,427.0212097167969,41779
2018-05-11,430.4452183755819,430.4452183755819,423.41937239031387,426.9767761230469,458859
2018-05-14,426.976741662333,431.2455956406452,423.3304069001266,428.1995849609375,38959
2018-05-15,427.77715898955046,431.3345624794241,422.3298820685161,429.1556396484375,61082
2018-05-16,424.66443618011806,431.2900755832887,417.4384425391223,428.4441528320313,88206
2018-05-17,426.88781420137593,428.2218141186544,421.9963806499156,423.4193420410156,46804
2018-05-18,424.6644233599412,426.88779667268585,411.3241533270431,414.5702819824219,27955
2018-05-21,421.1070787893387,421.1070787893387,407.9891502885318,408.6784057617188,22773
2018-05-22,413.5253440478941,415.32628626722646,404.6763306183193,412.4358825683594,35662
2018-05-23,415.3040465827544,415.3040465827544,399.34019615201686,401.9637756347656,32253
2018-05-24,398.1173041091802,433.5578933165347,393.6038517017805,426.5987243652344,139559
2018-05-25,426.44315549947095,431.3345893725757,417.9943179146932,425.9317626953125,128546
2018-05-28,428.6664992320424,431.312303922731,410.3014132718752,429.24456787109375,86915
2018-05-29,432.6240654324736,432.6240654324736,419.328276969044,426.9322204589844,78639
2018-05-30,426.8877816994633,453.1235738070488,426.59873232263,450.4332885742188,338608
2018-05-31,451.3449232041429,466.46385034124114,432.8464552124057,460.2828674316406,146091
2018-06-01,464.2404625358788,470.46592598952486,438.0046691536322,446.0087890625,147628
2018-06-04,448.7213382982862,457.65928241650425,438.09360869519287,442.4291687011719,46051
2018-06-05,445.1194547560257,446.4312595298754,424.6644376827405,428.8443603515625,58748
2018-06-06,426.8877852561308,459.77147205342055,426.8877852561308,456.56982421875,96348
2018-06-07,456.88106728855627,466.4638156300258,445.1194264345738,447.9208984375,101704
2018-06-08,449.5662246399565,458.0150620414856,440.8950740133721,449.9664306640625,945846
2018-06-11,451.7895626917828,454.0796420441972,442.4958633888448,445.2083740234375,42955
2018-06-12,448.6100507893188,451.0557669943478,442.0511188717691,447.14263916015625,55231
2018-06-13,455.34695410206257,455.34695410206257,442.6959698501845,448.232177734375,42377
2018-06-14,450.0553222755258,457.0811976033327,438.44931844405545,447.5651550292969,49633
2018-06-15,448.72134153049416,452.5233136642023,442.4514273346928,445.8976440429688,19948
2018-06-18,442.473604833726,453.5682453479373,441.1173496183944,450.8779602050781,22071
2018-06-19,450.8780407105634,453.56832633378025,442.8961151644365,444.7637634277344,155239
2018-06-20,446.89812484476,447.56512472878416,439.5609753383514,441.9844665527344,38886
2018-06-21,443.7854017444071,454.8800428193032,438.8939986381828,451.54498291015625,47691
2018-06-22,452.1230924894816,453.523798384716,446.9426097211245,451.6784057617188,581108
2018-06-25,451.7895828627451,451.7895828627451,442.4514325639386,443.2962951660156,22842
2018-06-26,443.1184028352715,473.4674420464064,440.2280296366606,456.6365051269531,119817
2018-06-27,464.6629165703959,464.6629165703959,445.1194386612232,449.3438720703125,48039
2018-06-28,452.9457045043204,452.9457045043204,440.22801461412826,442.6070251464844,32884
2018-06-29,443.3407555800112,449.2326888597169,442.4958628602332,448.1210021972656,50899
2018-07-02,452.23423977284153,457.5703296138671,436.0035967340357,439.2497253417969,229202
2018-07-03,438.3159637759682,442.0067492178159,432.2461373864183,436.0925903320313,67984
2018-07-04,439.7833672086669,442.4514273520011,433.9358843086826,436.1148071289063,576093
2018-07-05,438.0046875317899,438.0046875317899,426.9322709325524,432.1349792480469,47931
2018-07-06,436.1370400654152,442.0067483585119,430.5119004381614,440.7839050292969,34544
2018-07-09,451.3449643915389,451.3449643915389,442.0734891810714,445.5419616699219,57679
2018-07-10,452.2342141620466,461.1277067789123,447.3427811601992,460.5051574707031,240699
2018-07-11,460.2384420918618,470.9106229908218,454.0129781037739,459.3268432617188,141391
2018-07-12,462.46180098248726,480.2487886885164,457.3257986323129,475.5352478027344,177908
2018-07-13,478.0253754695068,481.87179797221125,459.4824278530381,466.6639404296875,69417
2018-07-16,466.4638248650192,475.26838671332087,458.9932930221747,461.2388916015625,46115
2018-07-17,464.9075266656649,480.248797822612,464.7741146052738,474.3790893554688,47928
2018-07-18,479.2705083756736,489.1422767863106,469.576572446028,473.6898193359375,170235
2018-07-19,475.8020309579383,476.6913742917589,464.2404771489754,466.5083312988281,28033
2018-07-20,469.9990820438746,487.8082966552551,460.6831258819163,464.7519226074219,170966
2018-07-23,464.7518550331055,484.6510283460405,464.7073742974451,478.5145263671875,133477
2018-07-24,478.5145897755162,497.9913645409294,478.5145897755162,486.4298095703125,66808
2018-07-25,489.1422744071571,493.0331779031457,484.6733022641369,485.9850769042969,117513
2018-07-26,486.051791140667,494.03371635089735,486.051791140667,492.1882934570313,158224
2018-07-27,495.812340089319,500.25908645222125,487.1411907129453,497.3687133789063,52402
2018-07-30,497.36875064362624,519.8247973336304,489.142257193326,494.27825927734375,196497
2018-07-31,494.0336593703594,504.6169073937359,484.2507931326998,496.3014831542969,58468
2018-08-01,494.5228424073001,503.68313001299975,483.3614946046556,487.8527221679688,479639
2018-08-02,485.1402280129794,491.43236774962816,475.8020472961275,484.2508544921875,90191
2018-08-03,489.14223766633376,489.14223766633376,471.7999081501268,474.3568115234375,58675
2018-08-06,474.3568281476829,481.5827914935685,469.7099633978573,474.3123474121094,337382
2018-08-07,480.1820597793279,480.1820597793279,464.2849463058347,467.5088195800781,252086
2018-08-08,471.35528946825167,491.3656504096795,471.1551713837499,483.4726867675781,393759
2018-08-09,486.91890024306144,500.0367974069452,484.6955268201512,489.78704833984375,75084
2018-08-10,488.697614953073,496.2571091497656,483.7839859442302,490.5207824707031,36542
2018-08-13,490.52070907956215,500.1034572983204,488.4752286380761,497.3464660644531,170495
2018-08-14,502.79550526977016,511.4916325546112,489.2954024254309,509.2008361816406,78442
2018-08-16,510.646447051341,531.4637324262568,496.5235713806123,501.0606689453125,292086
2018-08-17,505.0862274488599,516.9182764582325,499.57051909905823,501.3052978515625,31977
2018-08-20,511.0912279861523,519.9875050860483,493.0095640867708,497.4577026367188,38715
2018-08-21,501.750137436131,506.1760435836894,494.23277269211206,498.0137023925781,48091
2018-08-23,495.5227812629356,515.9842322364898,494.6554219314285,499.1702575683594,95428
2018-08-24,504.8639114550499,507.0879810180083,496.8572549952249,500.2378540039063,38573
2018-08-27,497.3020356568203,506.8210271795165,495.96758800747386,500.215576171875,203208
2018-08-28,500.2155732755728,507.110194285716,497.52444574530296,500.8382873535156,27499
2018-08-29,509.28968440131246,509.3119468118355,490.4518540335592,495.3003234863281,484642
2018-08-30,500.3267783840776,505.75349808735376,490.6743026722534,501.2608947753906,61442
2018-08-31,501.30530498937713,513.6266445575354,489.7401634177928,492.1421508789063,87082
2018-09-03,492.45356550229866,511.09124742945176,492.45356550229866,503.8852844238281,80593
2018-09-04,502.0393373387555,513.6934396031115,498.2584071860642,509.2008361816406,64368
2018-09-05,501.7501416890701,511.0912142941946,494.1883123899114,500.704833984375,41844
2018-09-06,500.7048844547127,504.84165119905225,490.4074320897665,492.3201293945313,58119
2018-09-07,495.9675505909711,506.1982447437757,491.9864703563004,494.4774169921875,69111
2018-09-10,494.4774548744789,499.0368151679213,484.8472417729847,489.0729675292969,43157
2018-09-11,491.29703197122825,491.5194449384636,473.7268902135774,475.5950927734375,48388
2018-09-12,473.34883708243103,495.14473683330016,464.9196170841117,489.8514404296875,90011
2018-09-14,489.2953729845281,496.3901444901046,480.6215086356474,487.271484375,55788
2018-09-17,493.2987037014568,499.5261161485548,484.84725201038265,490.2962341308594,73379
2018-09-18,485.4032704664753,495.9453679395685,480.4436089442211,486.4041137695313,48533
2018-09-19,483.4238376573073,489.4955639446624,473.0819210955103,477.4855651855469,30948
2018-09-21,479.8653071995804,484.2467189197393,465.275402852928,477.01849365234375,79079
2018-09-24,477.0184501123762,478.1972115672375,421.527913750472,450.1961669921875,212622
2018-09-25,444.8139491898592,451.4416619619203,430.3797320077349,448.5948486328125,67715
2018-09-26,444.8140455081208,462.6066025019057,432.4926732439549,440.1879577636719,120917
2018-09-27,437.9193109523149,438.3196421750249,423.46286211486887,426.687744140625,173535
2018-09-28,426.6877443299205,449.2620693495641,404.82515277970725,437.9637756347656,667557
2018-10-01,428.155730743834,443.8799032817472,414.5666685412467,424.6639404296875,565066
2018-10-03,427.822114102743,427.822114102743,403.0237158082878,409.4290466308594,309913
2018-10-04,400.3325606093751,404.802961578383,374.8447230590217,390.4132080078125,610788
2018-10-05,376.3125981885101,382.5399796667773,370.0629542995871,374.6222839355469,196257
2018-10-08,368.3949279488995,372.4872298981499,362.9682085661608,368.4394226074219,133871
2018-10-09,370.9748555076163,382.8736328678799,366.9937748891117,377.8250122070313,118833
2018-10-10,374.0662934502685,400.24360217702105,374.0662934502685,397.6636962890625,62846
2018-10-11,389.7237704488269,393.6603562130943,382.5400097239564,385.9428405761719,539473
2018-10-12,391.88115124041127,397.9528477454445,387.7443843543725,394.9948425292969,62097
2018-10-15,400.26583220435936,431.02473313539576,392.7929618702164,420.2602233886719,194622
2018-10-16,420.28249033872254,430.5799118641432,418.147380196504,422.8623962402344,46773
2018-10-17,428.00001672284014,434.5832656187207,414.7890242710961,427.6664123535156,55984
2018-10-19,431.4695948200261,431.4695948200261,401.6670399981652,404.7807312011719,228093
2018-10-22,407.8944115868964,407.8944115868964,393.6603443761081,396.1735534667969,293213
2018-10-23,392.325919159551,396.35149435003433,382.8291598951366,387.1216125488281,201968
2018-10-24,394.83909658068,400.3103103796586,379.0259671349174,390.9692077636719,306779
2018-10-25,384.3415080279667,397.99729566411975,384.3415080279667,391.436279296875,325146
2018-10-26,390.5243963095008,391.39178566746864,379.02595187971656,387.32171630859375,203408
2018-10-29,388.7451552178009,393.104334614046,382.5845002226965,386.9659118652344,528546
2018-10-30,388.9230782097508,408.3169561790044,383.5408236802844,404.4248352050781,266568
2018-10-31,400.399294333757,444.3691579895647,400.35482984031904,436.5181884765625,472266
2018-11-01,433.67139411597554,455.3560709092786,428.0222614225479,446.4820556640625,161282
2018-11-02,453.2431690409174,475.5060927819881,440.9885263071863,451.9976806640625,276826
2018-11-05,451.9976335958997,451.9976335958997,422.5731849178569,425.4867248535156,104251
2018-11-06,423.5963621967492,432.5149024239885,418.63670058883065,430.1573791503906,24539
2018-11-07,440.34358894957074,440.34358894957074,427.9555214803433,431.4695739746094,3064
2018-11-09,431.46951416852914,433.22652508918696,422.639934745618,431.15814208984375,36184
2018-11-12,431.1582166340619,433.2488322388019,418.7256540786892,424.2858276367188,24542
2018-11-13,421.23880589054914,431.4250352187025,418.7478291703942,427.2437744140625,59484
2018-11-14,430.8245319548417,462.606506860186,427.59964976597234,455.044677734375,254222
2018-11-15,455.0447189879688,471.50282626347325,449.6846961295648,467.01019287109375,367371
2018-11-16,467.03245458743714,475.06134257358553,453.421130781435,463.5628967285156,91959
2018-11-19,459.4929110240881,462.1617764734156,447.8832422472455,457.9582824707031,71664
2018-11-20,458.2919713383324,469.12633577941017,455.6000592742949,465.5890502929688,170537
2018-11-21,465.5890468553046,466.94612224145806,461.16185017319833,462.2964477539063,67926
2018-11-22,461.8514257741572,472.75253421561706,459.1817530161978,468.926025390625,203973
2018-11-26,466.3009529218104,480.93958802873857,459.9159938621233,470.4166564941406,198482
2018-11-27,476.957302812195,486.9462927287578,468.1918954376185,484.45458984375,175968
2018-11-28,489.1042945318016,494.7550736545647,471.8404641086857,476.556884765625,80142
2018-11-29,476.5346623130424,480.3166642839937,469.41555362999975,474.6436462402344,35819
2018-11-30,470.7504027360092,476.7571225575166,454.3319748745577,462.00726318359375,492377
2018-12-03,461.3843274895939,466.7458826694244,456.0005034069768,462.60791015625,44608
2018-12-04,461.8514612565762,467.1017919325565,453.3975169899906,465.3442687988281,32371
2018-12-05,460.7168682849308,473.8649648631365,460.7168682849308,467.8582153320313,235579
2018-12-06,465.1886093976036,469.838253815662,459.204098116678,466.5456848144531,87557
2018-12-07,467.4800241039442,470.3053984569249,464.2096640023742,470.0161743164063,50268
2018-12-10,466.7458882193,473.4200414069621,462.0739749530034,467.07958984375,89246
2018-12-11,456.5121204462422,468.03618573202334,456.5121204462422,459.0260620117188,100362
2018-12-12,457.4020715026512,476.0896935613961,457.4020715026512,474.5323791503906,132526
2018-12-13,480.45011075752575,480.45011075752575,464.5211179279004,470.3053894042969,46673
2018-12-14,470.7503710187303,477.0018069576209,465.6557713343356,475.844970703125,40524
2018-12-17,472.57467333958056,474.5769132836471,464.9661313774623,471.8627624511719,39295
2018-12-18,469.4154928239574,476.0896450342699,465.8781776686545,474.9550476074219,39753
2018-12-19,479.7382932180966,482.3189515098187,472.5747063759472,480.3167114257813,32733
2018-12-20,477.4467878709669,484.54362773737137,472.9751137055103,481.6960144042969,29764
2018-12-21,482.4301040002807,487.5469420466874,478.31437069791286,483.6536865234375,32366
2018-12-24,483.6537439734244,483.6537439734244,472.5301554428426,477.9362182617188,59468
2018-12-26,474.7549037965098,491.1510936608204,462.07399998317146,480.3612060546875,264822
2018-12-27,485.6560246435384,500.450422770895,474.3544649896508,497.5137939453125,334277
2018-12-28,502.2525139429772,519.2493942855928,498.33701819725405,516.9134521484375,282244
2018-12-31,516.1345835063997,521.9188852474608,499.6716799517747,501.6739196777344,78444
2019-01-01,507.0133088393371,507.0133088393371,498.8485876356647,502.25238037109375,11962
2019-01-02,503.6317161557168,511.1957501756483,498.9152953979572,507.7029724121094,83004
2019-01-03,509.01540655483166,511.46263169675854,501.3623890041417,509.39361572265625,57053
2019-01-04,509.3714030233222,527.2358869117517,506.3902675007505,524.5439453125,110862
2019-01-07,525.9234014227476,532.152598821732,504.1656578071743,507.0800476074219,1380872
2019-01-08,510.35044998752574,514.5329004825395,505.6117898222578,510.7063903808594,30677
2019-01-09,511.685206788779,532.9535182838961,507.8364281564622,522.0746459960938,109695
2019-01-10,531.707667037534,538.3818203388587,522.7865874150023,527.2360229492188,206928
2019-01-11,528.592903340798,533.8432329200112,519.0488410876244,522.5194091796875,39275
2019-01-14,518.3592909629529,520.5617998807761,497.53593786759575,502.4303283691406,117344
2019-01-15,502.4525959811068,511.68516797308223,502.4525959811068,506.1011352539063,33791
2019-01-16,507.2357443878898,509.3492382231273,498.38138142665815,504.4103698730469,31975
2019-01-17,505.2557504681135,507.6807072225701,492.9753257752757,494.73284912109375,136444
2019-01-18,498.33685482776656,498.33685482776656,487.21326701238456,489.03753662109375,57657
2019-01-21,489.0376038729314,495.2668018363116,477.8695068936135,480.4501953125,25915
2019-01-22,476.9795817348023,480.0719417011485,462.4744092914227,464.8548583984375,283533
2019-01-23,470.30536241059787,477.3354849267768,461.0282838200298,470.8615417480469,413755
2019-01-24,470.8615874912378,475.1997988146521,467.1908095423981,469.5712585449219,28011
2019-01-25,475.1997858160525,475.1997858160525,453.93147681171286,458.3586730957031,87697
2019-01-28,456.2896800521796,487.21324686526543,454.2651714626722,482.4968566894531,103993
2019-01-29,489.3935199730397,494.28791111197006,467.7247907293975,484.1431884765625,54875
2019-01-30,484.9884928546715,510.7952497844923,480.583565870655,501.1622009277344,607219
2019-01-31,498.33690568366535,508.1256880998894,495.177799179787,503.3202819824219,46648
2019-02-01,502.7863022047526,513.8654128366368,489.88295209437314,492.5081176757813,83171
2019-02-04,493.9542044325678,510.9510503489575,492.5526213960597,502.8975830078125,54611
2019-02-05,507.2357262328621,522.3637936262978,501.91864883105234,507.5694580078125,56826
2019-02-06,513.3759979948978,531.2626944765597,508.5483533522678,521.25146484375,157955
2019-02-07,516.067976477803,529.2605838539013,512.1969886874375,515.5562744140625,546615
2019-02-08,515.311469253953,515.311469253953,486.679362928,493.04205322265625,78859
2019-02-11,489.4380343919949,520.5840834452068,486.9686000596064,508.3258666992188,381077
2019-02-12,508.12559594998953,513.3536576688962,500.2278311225738,511.6851196289063,184648
2019-02-14,519.2492295591492,519.2492295591492,498.67056170810577,502.1856384277344,79079
2019-02-15,505.4559642482213,510.3280860665393,498.9152740791408,507.5694580078125,142233
2019-02-18,504.5661077863468,511.6851862456805,487.34678452294526,489.8829650878906,325115
2019-02-19,487.8584497757044,500.5393524305427,487.8584497757044,499.2490234375,68277
2019-02-20,494.2433598162054,501.2289749487593,480.1163981242702,488.7260437011719,471924
2019-02-21,484.5436475124236,489.882994394676,472.0852217449453,477.7582702636719,81079
2019-02-22,476.5346262970465,493.8874109102932,470.3276378528457,491.7516784667969,119297
2019-02-25,496.95752677546864,498.3368407627677,485.2332522721088,489.3934631347656,59295
2019-02-26,489.4380010414852,499.160006256325,478.3144128518755,489.5492248535156,78988
2019-02-27,498.31458778290136,498.31458778290136,481.1175050997824,484.4323425292969,220817
2019-02-28,489.4380377719812,489.4380377719812,476.0897309427089,480.8061218261719,216666
2019-03-01,480.5391419489941,488.5481316714327,480.5391419489941,482.5413818359375,75635
2019-03-05,482.7638860621949,498.336910751341,482.3189304297813,492.619384765625,403286
2019-03-06,493.8874366252446,522.808765936261,493.8874366252446,518.7152709960938,199086
2019-03-07,522.7198045560855,548.504235811027,518.8042798336099,533.7098999023438,289071
2019-03-08,537.8034121965961,540.5397714961149,528.8155262004635,533.91015625,220991
2019-03-11,538.3818260961609,544.5888152864746,525.6119677021618,539.1382446289062,225777
2019-03-12,541.6743567386238,562.7201578220363,541.0514310080994,554.9114379882812,218402
2019-03-13,556.1796146865565,576.2020764701202,531.8189407800198,538.3151245117188,157911
2019-03-14,542.6309378796001,549.3941054618003,508.37032545798655,514.5327758789062,107415
2019-03-15,513.464939235628,549.5053770239978,500.5615890112144,513.7096557617188,1521288
2019-03-18,508.12564491321353,510.8175266567536,499.5159684854499,505.4782104492188,63317
2019-03-19,511.68512656053065,511.68512656053065,491.23998315611465,498.6482849121094,165273
2019-03-20,501.89642192726575,505.2557370853743,492.5748647530983,494.62158203125,75699
2019-03-22,495.2223129124365,515.2002656368678,495.2223129124365,509.9054565429688,170446
2019-03-25,509.4604508461422,515.6674395007697,487.25778248599886,489.5269775390625,190775
2019-03-26,490.35016108659454,496.2011492833314,474.7326296691236,494.1099243164063,131217
2019-03-27,498.33686169081096,513.4649292582075,488.5925877674605,506.5683288574219,689419
2019-03-28,508.0144478265972,518.3594105842197,507.28029813434506,510.7063903808594,78395
2019-04-01,520.5842296863601,538.3819770021777,518.737720644266,533.26513671875,123659
2019-04-02,536.1350004550982,537.358583400056,525.033617969728,531.7300415039062,115813
2019-04-03,531.5296653394171,533.5096664487064,516.5795676589076,519.3381958007812,42697
2019-04-04,522.7866620166279,524.5664244144201,517.5808072148798,519.2938232421875,27697
2019-04-05,521.0289240239297,533.9322722840466,516.0677875509725,519.6051025390625,77728
2019-04-08,526.3682884801595,533.0424406133624,521.0289426338688,530.2837524414062,55715
2019-04-09,533.4651222497833,534.3772418822522,522.8754459054541,533.5540771484375,39735
2019-04-10,533.932352430072,534.9779648892664,527.9923491101406,530.7510375976562,26195
2019-04-11,533.9101122794872,534.3550075001378,527.6808549984844,533.798828125,81384
2019-04-12,529.9724269310578,544.2996009005042,527.0135592938319,541.4297485351562,62959
2019-04-15,537.9367483194919,549.5052902751776,531.9300599274625,533.6653442382812,40286
2019-04-16,534.5774345508927,556.0904567671212,533.9545089170729,548.1259765625,107862
2019-04-18,551.7300027236447,559.7390210916632,541.4963274387146,554.5999145507812,94464
2019-04-22,547.414089837992,550.5954646646493,539.7165942433851,541.0736694335938,18079
2019-04-23,545.0558561013717,555.7344870108268,533.5985982810687,545.078125,70495
2019-04-24,552.9982979518896,553.954895297453,547.3252791975527,549.1050415039062,118313
2019-04-25,551.7300608831722,551.7300608831722,537.4919050880051,539.5831298828125,20417
2019-04-26,541.4519892170842,550.8180247625411,540.5176004830861,542.4530639648438,18331
2019-04-30,546.8358216152337,551.7302135409609,538.3819048431639,548.4154052734375,28244
2019-05-02,551.7301653158272,551.7301653158272,539.6944558424952,540.7845458984375,14917
2019-05-03,540.2061277034168,545.9903698375493,521.1402647959835,527.8811645507812,38213
2019-05-06,518.4704767184196,532.1747811869154,516.579491148316,524.2992553710938,40028
2019-05-07,531.2404388724982,542.8089819379021,516.6240135214857,522.8532104492188,81497
2019-05-08,533.2871642792636,533.2871642792636,518.0256052768372,519.8275756835938,14679
2019-05-09,516.0011424959496,520.0723687090584,511.7964235628485,515.9566650390625,35651
2019-05-10,515.2447480344224,522.1858258410671,506.83531076063457,516.957763671875,21173
2019-05-13,513.0200393328939,538.3817839543507,509.9054105297001,522.141357421875,71693
2019-05-14,525.9234173896226,527.4807318739806,513.3314691440975,515.9566650390625,31673
2019-05-15,521.0289462969284,521.0289462969284,507.70291083636806,516.3792724609375,54444
2019-05-16,514.1769247921021,522.3861239275045,511.2625347794073,518.359375,16299
2019-05-17,513.9099856899892,524.5886201653955,513.9099856899892,521.4517822265625,31877
2019-05-20,533.9324423848594,566.6358091580058,525.9456902557957,563.365478515625,334611
2019-05-21,567.3031691297516,567.3031691297516,516.5796145163685,522.5863647460938,373368
2019-05-22,525.4784974158111,538.0926550707289,514.844341093309,531.0625610351562,223446
2019-05-23,546.835696096138,556.1350446554079,529.4829108419785,550.906982421875,461497
2019-05-24,551.7300367233863,556.1127251799919,540.161494156229,549.0603637695312,69399
2019-05-27,567.3031492073235,572.153062889312,547.302958280954,569.4611206054688,277917
2019-05-28,569.4610310510931,582.2976939525048,557.0693840506667,577.04736328125,463224
2019-05-29,568.0595403811186,584.9451618417631,555.9126085562516,575.8015747070312,655013
2019-05-30,560.0951251133176,568.6380563969886,558.4710641363691,561.585693359375,46751
2019-05-31,560.6288895023602,593.9551721012798,560.1839943145118,589.6614990234375,377231
2019-06-03,592.2200011527187,600.5182153047502,589.5503277678222,594.9564208984375,105582
2019-06-04,602.4537809329231,602.4537809329231,579.5391381071684,586.3023071289062,34946
2019-06-06,587.3255943584252,587.3255943584252,560.6735197249277,567.5478515625,56246
2019-06-07,568.6379707250422,599.7172705098527,568.6379707250422,592.3311767578125,227448
2019-06-10,593.1097621609217,600.518063191665,583.3432512433506,596.75830078125,64424
2019-06-11,601.1634530110414,614.0223274261834,594.044343591862,610.5517578125,414855
2019-06-12,610.4626629282005,610.4626629282005,592.2422351819226,594.8673706054688,104166
2019-06-13,598.1376816960991,598.1376816960991,578.4266281603266,583.5657348632812,29231
2019-06-14,583.7660276147162,604.1889636093999,582.9206542608945,599.4948120117188,96106
2019-06-17,604.2335319207187,604.2335319207187,567.570164433048,572.664794921875,59802
2019-06-18,575.6236505365919,595.7796037280887,560.8737302892162,579.5169067382812,90211
2019-06-19,586.4801541137248,593.2433217146693,565.0783529353391,570.0394897460938,41948
2019-06-20,572.7537054719598,580.2065459874678,560.028325037278,567.5478515625,141724
2019-06-21,568.2153416205848,586.880726434321,565.0784436473843,577.6258544921875,44355
2019-06-24,576.646816788359,593.109747802109,576.646816788359,588.1263427734375,59166
2019-06-25,587.5479898939261,596.2243510665547,580.6513301241091,593.9996337890625,49191
2019-06-26,597.5593407071217,600.6739093274502,583.1431528822181,588.8384399414062,68133
2019-06-27,593.9996348479382,596.6693076555516,584.67807909452,587.7482299804688,72926
2019-06-28,591.775045260823,595.7795855110097,586.3467435786272,589.9508056640625,41028
2019-07-01,595.2901751619596,599.3391326748372,590.8852169281545,592.1978149414062,29042
2019-07-02,598.4492100033885,600.6294503492264,591.7750565910683,598.7384643554688,97808
2019-07-03,598.7384080033203,600.6738712731847,587.6370285820957,590.4624633789062,107713
2019-07-04,598.8941212526325,598.8941212526325,585.1008598194627,588.615966796875,28931
2019-07-05,591.6636658829685,593.9551294028029,580.5845574457351,582.6758422851562,36793
2019-07-08,580.651448110517,583.6103757982261,570.8627263101072,573.977294921875,27439
2019-07-09,570.0617507556761,586.4356685452246,568.4376901420275,575.0228271484375,109695
2019-07-10,576.1798854307331,593.6438979331516,573.2654951377403,587.1699829101562,53902
2019-07-11,595.3345770620449,598.004250208833,578.426687365271,584.6559448242188,20253
2019-07-12,582.0307582776488,582.3866986096606,565.6123617083389,567.7925415039062,44617
2019-07-15,573.8660579271854,576.1575219639451,560.1840804142563,571.5968627929688,34008
2019-07-16,578.8714925346412,582.8537624933394,571.329699538012,580.6735229492188,23366
2019-07-17,584.9896397878317,586.1465364192306,573.0874244806977,575.4901123046875,29262
2019-07-18,572.6424133134066,582.4311941792047,572.6424133134066,577.8482666015625,43275
2019-07-19,574.9784481775281,578.8717043275213,561.8971268253374,568.7047729492188,42413
2019-07-22,558.4042112703689,564.1662440593094,545.7455783949736,551.9302978515625,41486
2019-07-23,548.2150888986591,551.7301357851126,539.7389044142201,547.5921630859375,288555
2019-07-24,547.5921835456664,550.8847829145978,525.0558106733856,531.0625610351562,46177
2019-07-25,528.013576275102,551.959583626113,528.013576275102,536.247802734375,71975
2019-07-26,534.1113537423022,543.0132076256884,526.5448141631599,540.1201171875,232533
2019-07-29,540.7877776627654,564.8228329328005,540.4984867118898,552.9388427734375,223128
2019-07-30,558.5914752450767,564.8450375183969,550.8691215083642,552.738525390625,42777
2019-07-31,551.9151003374312,556.2992588538688,541.2328869997641,554.1405639648438,73002
2019-08-01,556.3658724479969,557.701186473827,540.9879375594544,549.1331176757812,58864
2019-08-02,551.4699798666453,551.915084653392,539.4525128418627,542.7462158203125,116762
2019-08-05,540.7877845989248,548.7994899148829,535.0460956590821,541.96728515625,108899
2019-08-06,536.7820379469578,551.4033675013652,535.112939983233,545.5948486328125,139575
2019-08-07,545.2164450651775,545.2386610629586,535.6914567556698,538.829345703125,87984
2019-08-08,537.4495101467595,549.6895583527307,531.885851871318,544.9493408203125,128555
2019-08-09,551.4698354147483,551.4698354147483,538.5844385603549,544.5932006835938,136246
2019-08-13,544.5931838356449,544.5931838356449,535.0904137336906,536.5592651367188,55148
2019-08-14,545.238743870577,546.9746104390915,534.1114250311598,538.0950317382812,32586
2019-08-16,549.6896411019973,549.6896411019973,534.6677614969392,538.673583984375,115342
2019-08-19,539.0073766155897,546.5739764402455,534.7344795772669,544.3930053710938,96562
2019-08-20,547.4641684889831,565.2678773588971,538.562314054026,552.9388427734375,111995
2019-08-21,543.5028563416487,562.5973878589201,543.5028563416487,556.61083984375,122639
2019-08-22,563.0201224265936,563.0201224265936,547.4863716123083,551.6034545898438,54597
2019-08-23,547.9537394427665,555.8319068034709,547.1525749967255,550.2459716796875,54595
2019-08-26,558.8140112012724,563.042355397924,547.4196193871518,553.0055541992188,73553
2019-08-27,561.7072240576891,579.5109349664282,561.284395582738,571.8998413085938,137959
2019-08-28,570.163883278118,582.3149478326889,565.3568965919314,580.2229614257812,39515
2019-08-29,585.7422255044426,587.1665248011498,568.8954929253254,574.1920776367188,293615
2019-08-30,571.966477876497,589.3028639301718,571.9442015099635,586.1204223632812,204166
2019-09-03,579.510817911902,591.572836860532,576.1726227907905,578.6651611328125,69822
2019-09-04,578.6206451330562,586.1649690005135,570.1638956965959,580.445556640625,52939
2019-09-05,582.670917159853,588.3681125132491,576.1948338476396,585.2301635742188,38388
2019-09-06,591.0832635774045,591.0832635774045,577.1741166784835,580.2007446289062,47402
2019-09-09,580.846112469652,589.2806459619865,572.4116393468805,574.9708862304688,244728
2019-09-11,579.2883601329906,582.1591744494173,571.7217595359369,574.2810668945312,55219
2019-09-12,576.9071386488695,609.3321787385778,574.3923837853746,593.1085205078125,94117
2019-09-13,598.494070025116,608.5309324995851,588.8800359715325,599.4287719726562,74091
2019-09-16,664.8574168576575,697.7386045963922,612.6146237850178,622.6013793945312,298078
2019-09-17,627.580846297226,639.6539729064632,613.6717003488982,631.558837890625,120874
2019-09-18,625.9118170942996,650.948282533724,624.7712549281464,647.2484130859375,136053
2019-09-19,650.0859661130639,650.0859661130639,634.8693331671783,640.5999145507812,163960
2019-09-20,640.5997950082976,705.2217245418364,529.2709645609311,672.7855834960938,7319226
2019-09-23,681.5484134730905,697.6830246882477,643.7433020026139,687.3345947265625,389322
2019-09-24,683.773842882892,687.0842077720039,649.3347589281825,653.424072265625,590195
2019-09-25,653.424109180036,667.4723483461713,635.9264134608813,657.429931640625,111685
2019-09-26,658.1809279983645,666.971519785595,640.9335880545092,644.1604614257812,254501
2019-09-27,648.6113412686075,653.6186935202122,629.4445527495379,645.5235595703125,128951
2019-09-30,650.6143911348761,666.4152177196544,630.3626980568281,638.6246948242188,240168
2019-10-01,645.0228540433588,645.0228540433588,618.1782034056761,637.7622680664062,360447
2019-10-03,636.9555542059344,657.6245806501429,629.3333545423511,642.2688598632812,97651
2019-10-04,648.1386688392797,656.3728967998034,640.4051460753849,653.6466674804688,88879
2019-10-07,656.5119600914376,667.0829124648884,647.0815095468382,662.0199584960938,108007
2019-10-09,665.9144158785552,667.555682995727,653.1458322116681,662.3536987304688,215091
2019-10-10,666.5264665575087,666.6655580194137,641.4900034146059,647.2761840820312,107473
2019-10-11,645.6072133784767,659.6276234191123,640.5442590226169,654.0361938476562,54231
2019-10-14,661.296688336083,661.6305320414307,645.384658982655,647.8883056640625,122199
2019-10-15,647.6656331222825,656.4840560232458,640.0990937577272,650.6978149414062,111889
2019-10-16,655.9277344924608,655.9277344924608,642.6583838794202,644.8282470703125,80655
2019-10-17,644.2719333242258,654.8428860807844,644.2719333242258,652.4505004882812,93717
2019-10-18,656.5118102826461,656.5118102826461,643.4093839146278,648.221923828125,684182
2019-10-22,651.7827984204001,672.0901526943035,632.0318100170148,634.4519653320312,194511
2019-10-23,634.8137982245366,642.602922360927,628.6937721173729,631.7815551757812,1036970
2019-10-24,637.4842716465315,637.4842716465315,628.7493378488405,631.1417236328125,291669
2019-10-25,653.7300596126423,659.2937181531016,623.1299376401163,625.2440795898438,432023
2019-10-27,637.0391640497071,637.0391640497071,630.4740340729957,633.3392944335938,17118
2019-10-29,639.8207647378042,639.8207647378042,623.3523151330963,624.82666015625,476798
2019-10-30,631.4198179694295,634.2573082121918,615.3408675792804,619.5413818359375,174929
2019-10-31,625.5800504039368,629.4203297151328,617.7881303245571,621.65625,200638
2019-11-01,630.5893875194507,630.5893875194507,618.9015028475544,621.461669921875,142664
2019-11-04,618.4004479840361,627.8064468877326,573.819500171781,606.378662109375,285077
2019-11-05,606.0448232376216,611.0817571905143,587.2328819480103,589.9322509765625,545006
2019-11-06,592.7427224030434,596.0821173417506,580.0252295795543,584.366455078125,234186
2019-11-07,588.1233119382977,617.2317184243068,585.78568701893,606.9074096679688,461395
2019-11-08,610.552839395355,620.7101648397892,607.2690650717184,614.4209594726562,994339
2019-11-11,606.6846890023006,626.136712212921,606.6846890023006,614.921875,380135
2019-11-13,617.7325599609576,618.4839479736399,597.7518108100144,602.232177734375,242631
2019-11-14,603.8741745018378,613.558458234034,593.8559874355269,604.1802978515625,220012
2019-11-15,602.2043906521616,610.8590019877827,602.2043906521616,605.2655029296875,132858
2019-11-18,605.2654116239462,608.8831496156305,593.8558130379696,597.1395874023438,292574
2019-11-19,597.1395340474104,605.5437008016869,585.28467181468,596.10986328125,166865
2019-11-20,603.874081095488,604.9594328394741,593.1324082711326,603.4844970703125,149525
2019-11-21,604.9872109801942,604.9872109801942,589.9599327508131,591.657470703125,80154
2019-11-22,592.7983267016126,605.9889229303518,580.5260398061009,603.67919921875,116005
2019-11-25,601.6478817332631,612.2504746127298,599.0598743556158,611.6939086914062,228846
2019-11-26,611.6938645066675,615.8959489873827,593.3550308019876,603.8184814453125,978988
2019-11-27,601.0911939294441,610.5528730646789,591.6574155541391,606.6846923828125,142417
2019-11-28,606.044809005235,647.8429352503588,601.8148837052721,631.6746826171875,159084
2019-11-29,633.9286504274961,638.9377428096591,618.3448074607671,631.1179809570312,432044
2019-12-02,625.6358347545707,632.3146251449155,612.222633622052,616.5081787109375,1153329
2019-12-03,617.7882455038884,631.9806740087695,615.3393196447627,628.6968994140625,990712
2019-12-04,626.1367441016652,655.0781674547766,625.8584611848083,651.1265258789062,377057
2019-12-05,654.8833789228722,667.8792159646829,637.9915808447812,666.4599609375,506501
2019-12-06,670.1053405538446,670.1053405538446,638.3810929752186,641.0247802734375,305992
2019-12-09,641.35880830182,648.5941644208085,632.1754716892577,644.2251586914062,90053
2019-12-10,648.1488570668829,655.6347156418537,634.4852145299801,644.3642578125,41589
2019-12-11,645.6166405540652,661.3952479601936,642.6111483877074,656.6366577148438,196223
2019-12-12,651.3213798700593,659.5307263180578,641.2753540029007,648.8168334960938,72782
2019-12-13,653.9093579839654,655.3842936846848,641.2753255801811,650.5142822265625,118147
2019-12-16,646.1730948375063,655.467731904978,630.4778904820229,635.5426635742188,80815
2019-12-17,639.3274188898836,642.8337961406833,628.9474286125854,637.43505859375,216403
2019-12-18,638.9377178033036,640.0508494002191,625.0235728418588,629.392578125,44830
2019-12-19,630.7842037778944,638.9379316895363,625.6359684187738,635.5150146484375,60611
2019-12-20,637.2680283935192,642.8336864478401,627.3054642415317,632.1754150390625,68606
2019-12-23,631.7024736500109,637.2402922414834,628.8918037946612,632.036376953125,65274
2019-12-24,631.5633263114797,644.5034832838977,624.4671111975732,635.2644653320312,46227
2019-12-26,637.4350287607105,648.4272047792416,631.7024485678535,639.9395751953125,73587
2019-12-27,644.4754789444464,652.2952398057851,633.2606428535233,648.0374755859375,55962
2019-12-30,651.1822066187808,653.9650357873493,641.2196419605511,651.1265258789062,91998
2019-12-31,650.3473322747908,667.3225895350229,633.9008004575279,655.0224609375,205583
2020-01-01,654.2432855303895,655.9129829468675,643.3902523232825,649.428955078125,21393
2020-01-02,646.2286593110053,656.1633824439422,641.4700099079075,644.7537841796875,61754
2020-01-03,645.6165304121337,651.3491100277106,637.2680431374996,639.5499267578125,68074
2020-01-06,639.549846388655,640.0507917969355,628.9194768295756,637.4071044921875,89082
2020-01-07,642.8337078186572,645.616536938332,635.0695662617588,638.3255004882812,120376
2020-01-08,634.4852191297693,642.6667246462138,631.7023900159272,634.3182373046875,50821
2020-01-09,636.6001340867531,640.6630767550988,626.1367447156814,628.056884765625,293642
2020-01-10,631.7579376566612,633.9285803504005,621.2110286072574,627.333251953125,96307
2020-01-13,631.5910740718107,631.6467548146045,616.1742117479254,623.9382934570312,128542
2020-01-14,627.3611936848106,633.3164361870283,620.5711024096299,626.9993896484375,105779
2020-01-15,631.702300384636,634.5964301741367,626.1366429466545,631.2013549804688,128812
2020-01-16,631.8692749250104,633.3720508726237,618.3447745265171,628.4185791015625,218984
2020-01-17,623.3539388451467,626.8880957900451,617.8995813872701,622.9642944335938,387946
2020-01-20,627.7506709350353,627.7506709350353,612.2225105554004,613.5025634765625,157032
2020-01-21,617.2039590679406,617.3987209092787,602.5384226108132,609.0502319335938,205386
2020-01-22,612.2226751203976,615.5342301684921,598.8928734164568,605.5438842773438,126392
2020-01-23,612.7791402957057,616.9533838864546,607.2691025211639,611.8886108398438,140801
2020-01-24,615.0054605254923,620.0701736501026,607.6031224604728,615.3115234375,254741
2020-01-27,620.5153252868289,648.3992941292254,616.3410820703774,639.1602783203125,435576
2020-01-28,642.8338364819126,695.7076003384234,642.8338364819126,684.2144775390625,754604
2020-01-29,680.1235793298964,692.9245925521478,654.549393253258,661.1168212890625,249358
2020-01-30,665.8199266833723,671.2186034074975,660.0872862891938,669.4932250976562,141020
2020-01-31,669.604481140817,692.9246251694829,665.0963342459602,680.8749389648438,249279
2020-02-03,637.6296937718816,663.8995844866482,624.4669382450156,649.2897338867188,80520
2020-02-04,656.2747007537448,675.4762202880779,650.5420611043745,659.9480590820312,117553
2020-02-05,666.7660262101269,673.0552319852987,653.965012490731,664.8458862304688,78218
2020-02-06,673.2499823004588,673.2499823004588,659.5306593786895,666.4877319335938,34890
2020-02-07,667.8790622990736,673.5560207103895,662.3134049563624,667.7677612304688,147459
2020-02-10,670.1054660468789,671.8864646925422,658.4175831711854,666.9052124023438,117407
2020-02-11,668.435736525352,684.5761454389205,667.8791707007463,677.8416748046875,189029
2020-02-12,691.8114997987719,704.0559479160287,668.463575580709,673.8344116210938,272069
2020-02-13,678.9548749320036,678.9548749320036,657.3044863277231,666.9887084960938,115656
2020-02-14,664.1222408926933,673.9456019061417,659.5305736036245,666.5711059570312,118321
2020-02-17,668.2138193578495,676.0931476717597,659.8611488816832,667.2114868164062,181166
2020-02-18,664.8729210218045,666.4320986599804,647.7220878449335,656.9935302734375,139283
2020-02-19,655.712711484117,667.6570189735049,653.5409807632604,665.7915649414062,119583
2020-02-20,667.1837302293338,672.6686754807497,660.1675222544977,665.3461303710938,135790
2020-02-24,665.3460329081224,669.2996544354478,657.0769253896278,667.2114868164062,127925
2020-02-25,662.6454980473001,666.9610452784481,657.1049043316158,658.9424438476562,123205
2020-02-26,657.0770584304784,664.2881866506626,652.1489576831226,654.4598999023438,127676
2020-02-27,654.8496427932864,657.5781580477125,647.6663088756429,650.5618896484375,126881
2020-02-28,645.2717126103624,645.2717126103624,626.4504117990674,637.253173828125,300159
2020-03-02,637.5874958541795,658.190754054891,632.0468415954131,640.4273681640625,130556
2020-03-03,640.6500098317302,651.5084815023604,625.6708511203609,638.9237670898438,61777
2020-03-04,650.9517172391988,650.9517172391988,618.6547205869078,626.0885620117188,50616
2020-03-05,631.684762490479,631.684762490479,619.2114658191363,623.3320922851562,78325
2020-03-06,590.3113168809475,628.6779598141712,590.3113168809475,624.0004272460938,72325
2020-03-09,615.3136308029686,626.4505258172384,606.9609595422663,623.9168701171875,73777
2020-03-11,623.944725184239,643.1558691067993,620.882079051657,640.0653686523438,233111
2020-03-12,618.1534603704466,623.6662592772195,551.2763862292312,572.40869140625,206471
2020-03-13,515.1372299927801,628.7057061604486,474.5988893660461,609.578125,266584
2020-03-16,604.1767419510298,609.7452504933698,561.9122448826876,582.5155029296875,193919
2020-03-17,574.0793671283803,590.2278677738962,545.7637823451298,555.480712890625,208499
2020-03-18,567.3971154784557,567.9817541166675,518.4225723898512,554.7845458984375,149095
2020-03-19,529.00272283135,562.3577652517414,498.3484020739329,518.1163940429688,407340
2020-03-20,520.0932818106286,556.6779813703971,501.7173992496768,519.0074462890625,110641
2020-03-23,497.3181744512528,497.40170720816,415.2113957207813,419.7218322753906,313431
2020-03-24,444.919101928125,453.13256246755526,422.0049330929176,446.506103515625,164664
2020-03-25,432.9469799129343,469.0026829673062,424.4829202972632,463.4342346191406,139240
2020-03-26,478.8865998108095,542.9237452541735,464.68705886467217,530.8959350585938,176213
2020-03-27,556.2880695328973,562.8309958563264,499.489900597598,505.89361572265625,121713
2020-03-30,487.2393260982419,523.4342384886271,478.9701867712068,489.4667053222656,100684
2020-03-31,505.55956046531406,536.7985501537956,491.1651272982532,521.6802368164062,107363
2020-04-01,521.6800954685856,537.8007372410669,512.8540829189761,529.8935546875,62015
2020-04-03,532.12094709065,567.9817220575475,508.92832878814687,543.146484375,171418
2020-04-07,561.8565808304394,561.8565808304394,534.8496053008184,542.2835083007812,105189
2020-04-08,535.6847596749493,549.0490334088014,530.1163122858442,532.0374145507812,105265
2020-04-09,532.3436658305504,547.3228248451393,532.3436658305504,540.3344116210938,50732
2020-04-13,540.139578776413,540.3344986257218,498.8773849908733,512.6314697265625,341962
2020-04-15,512.6314759028954,530.1163787275324,502.85883742586645,506.2555847167969,154757
2020-04-16,517.8656986209127,517.8656986209127,490.0513175761786,499.5455017089844,466814
2020-04-17,509.5130672771309,514.5246700289416,499.2114393984089,501.3552856445313,194533
2020-04-20,512.1859669720592,512.2973238449283,495.0351354829085,500.1024169921875,263365
2020-04-21,495.5919802344711,500.1024169575662,476.1024127303142,479.4434814453125,320426
2020-04-22,489.4667272651759,491.1094074322294,473.3182271670629,482.1998901367188,203262
2020-04-23,487.23929821296286,506.67318687249815,475.0165372941973,502.1627502441406,221619
2020-04-24,502.1627433537482,505.6151688217207,488.9376801494602,499.5177307128906,92183
2020-04-27,511.74045622535465,528.4457990561154,498.376181960746,525.1882934570312,201674
2020-04-28,528.4457192892778,542.8958265723934,517.8656704268134,523.2392578125,224335
2020-04-29,522.8774047648025,531.3971425615714,522.3205599469944,527.4713745117188,117207
2020-04-30,537.299629353972,543.480569515263,495.8146673541953,523.4898681640625,472604
2020-05-04,512.2972695546113,535.6847480827482,507.898220381022,517.9492797851562,205111
2020-05-05,518.9794637070144,529.2254440679742,490.6360579311969,504.7242431640625,87678
2020-05-06,506.1720939580029,523.7127068877284,503.1651256993252,512.798583984375,83160
2020-05-07,522.3205600161866,528.390204784016,505.08622498705085,512.1581420898438,62503
2020-05-08,525.6059508419062,532.9005812889287,507.03515305169697,509.54095458984375,78940
2020-05-11,509.5131489131445,512.2695187839712,487.2393553363103,490.302001953125,191631
2020-05-12,501.1604393482475,506.1720425332994,483.3692601256187,486.8216857910156,115663
2020-05-13,509.5131173486606,512.6593267493992,482.78456671230106,497.9585876464844,203567
2020-05-14,490.023508805246,501.1604039862051,485.3181826755954,493.3088989257813,452168
2020-05-15,488.8541887520596,492.7799265615403,477.2161261054903,481.3089294433594,232826
2020-05-18,483.898217782045,485.0119073031935,444.557129405324,455.7775573730469,225511
2020-05-19,461.0675614416431,461.0675614416431,451.04435621123866,452.77056884765625,113884
2020-05-20,456.6128535504487,463.8239815741441,428.8262921886631,455.2485656738281,452403
2020-05-21,457.1696919517477,481.67086263235984,452.046701773889,474.6267700195313,344245
2020-05-22,478.83091050912407,478.88658894000656,459.9538681082661,468.1673278808594,121269
2020-05-26,459.3970339768558,467.7497051247433,441.0489815622065,452.2694091796875,310561
2020-05-27,452.269402543984,459.3970272365757,449.2067565013604,452.77056884765625,329594
2020-05-28,456.612889058927,483.8982861840212,456.612889058927,469.53167724609375,309614
2020-05-29,466.9144196746449,503.3877489214788,466.9144196746449,488.6870422363281,360949
2020-06-01,497.8192066905826,532.90041743823,491.1370713100784,517.6985473632812,432444
2020-06-02,522.3204499155016,530.1162757225534,509.8471527928256,526.7752075195312,152650
2020-06-03,529.9492226719523,550.1626978591769,526.2462294952586,533.7357788085938,185834
2020-06-04,533.9029567956172,541.6987844282366,514.023608416744,516.919189453125,114997
2020-06-05,521.1790410630665,523.4342747680071,503.944705206972,509.0955200195313,202250
2020-06-08,514.3576050982996,517.8657391128187,498.9051934735918,502.7195739746094,647086
2020-06-09,508.3994178603736,508.8727601039732,490.0235396549284,492.8912963867188,145783
2020-06-10,493.9214780952553,502.83099524974807,491.6940988066321,500.2138366699219,150355
2020-06-11,501.1603905576824,501.1603905576824,487.239271954498,488.9654846191406,90746
2020-06-12,473.3182167497509,492.75210696501387,473.3182167497509,485.6244812011719,167240
2020-06-15,487.239350868391,494.6453992490823,472.70570673493154,474.2370300292969,159365
2020-06-16,479.44346390487146,490.85878159681965,474.4875394501172,486.9330139160156,281711
2020-06-17,486.68243187731,501.1047169306607,480.8355620079052,491.9167785644531,327155
2020-06-18,492.2509591303526,506.1720801226402,485.45746417042267,497.5409851074219,646767
2020-06-19,512.2973285851424,515.0815525402625,491.8054281911535,504.41796875,1576204
2020-06-22,510.6267557301423,514.4968146517979,495.5919475055495,499.0444030761719,252172
2020-06-23,501.1603908870715,506.701014221237,495.59194344213785,500.6035461425781,202719
2020-06-24,503.94469183006174,525.1047953632175,498.3762435318628,520.4829711914062,455087
2020-06-25,515.6384464523875,540.1396195914914,515.6384464523875,536.158203125,534270
2020-06-26,540.1395616694102,548.4922334347663,526.2184420604834,536.380859375,316703
2020-06-29,531.7868916796513,533.4574260383002,518.1163400937351,531.9818115234375,183550
2020-06-30,534.5709851073545,535.2948952370148,524.2415047604446,531.5361938476562,160046
2020-07-01,526.8309972509364,539.8611410797881,526.2184438174879,531.9818115234375,296456
2020-07-02,537.3553655788547,554.0607099747862,534.7382070411313,546.1256713867188,334273
2020-07-03,548.4366213111914,553.7544410146368,539.332184319025,546.5711669921875,1427034
2020-07-06,555.6754860012869,555.6754860012869,537.3552590268757,542.9237060546875,133475
2020-07-07,544.5108153386984,554.8959463591244,538.4690252826325,542.9794921875,1379768
2020-07-08,545.7079881151998,555.2857059462838,531.6755121839349,536.9376831054688,438556
2020-07-09,541.8101451347347,544.2324443348672,531.7869381077562,533.8194580078125,71855
2020-07-10,532.3437193178868,538.2184437075363,508.3993942818846,513.049072265625,262508
2020-07-13,518.7566864316831,525.6615367946431,512.3529721483743,519.3970336914062,168042
2020-07-14,513.4109462595,521.6801144166479,506.1998193100258,509.2067565917969,108620
2020-07-15,513.9678245926086,523.378537111359,508.3993770980304,517.3924560546875,177121
2020-07-16,517.3924813691674,536.742837359582,509.6523027200864,526.0792236328125,128417
2020-07-17,523.9909995377864,549.6894194801372,523.9909995377864,539.7218627929688,344366
2020-07-20,542.3668413904805,549.6058222602103,532.3436371093161,539.0814819335938,158519
2020-07-21,546.2648508777168,546.2648508777168,529.0305169940576,537.5223999023438,123271
2020-07-22,542.3112847247919,542.3112847247919,520.093141897906,523.3507080078125,116055
2020-07-23,518.0048978677281,526.0512916184229,511.4898270268082,515.33203125,242837
2020-07-24,515.0814651562882,519.5640770478583,511.26711523779727,515.861083984375,107071
2020-07-27,517.865739498664,517.865739498664,509.513068230025,510.7938232421875,85087
2020-07-28,512.854073627194,515.0814523580699,510.7937603854369,512.4642944335938,83815
2020-07-29,512.9098280236267,523.3785210770169,512.4643401534041,520.0652465820312,82673
2020-07-30,523.4343413495046,528.445945588396,517.865892195181,524.3253173828125,107658
2020-07-31,525.1047416797084,539.3042833884409,520.7335464654252,537.076904296875,165134
2020-08-03,529.0025722459392,536.9654633355702,517.8656785321937,525.0490112304688,294115
2020-08-04,520.6499858259206,529.253225521279,520.6499858259206,525.5502319335938,148391
2020-08-05,529.0026568012414,535.6847940975554,521.2068299555417,529.114013671875,318051
2020-08-06,536.7984604192144,609.188338418436,523.9910311554677,602.0050048828125,1427887
2020-08-07,598.6082981855288,598.6082981855288,565.197609217577,584.1025390625,488629
2020-08-10,584.6870857013237,591.8425646303402,576.6685457804467,582.3204956054688,105749
2020-08-11,589.559581846416,617.4853861931415,583.0166551245369,606.9053344726562,1142181
2020-08-12,611.6942163239446,611.6942163239446,592.4273613742187,596.07470703125,224284
2020-08-13,600.8356037989375,601.3924485468114,593.3460540243385,596.0189208984375,130789
2020-08-14,601.33687757565,601.33687757565,569.1512349295095,582.9609985351562,266675
2020-08-17,593.0398758057572,600.2788587301845,576.7243703210047,589.2255249023438,113943
2020-08-18,593.8749749835926,623.1093812488765,585.1882341857817,615.0629272460938,394476
2020-08-19,626.3114324706083,642.5991444935252,595.8241162113071,627.258056640625,623836
2020-08-20,627.2579397573663,656.5201435446553,613.1419011326079,632.937744140625,349535
2020-08-21,635.3600865091305,694.9424790254906,635.3600865091305,689.8195190429688,1215560
2020-08-24,695.9448232399168,703.1002426551869,657.1048985040397,659.0260009765625,420103
2020-08-25,662.6454888222607,667.9355143867969,647.0259802026671,650.3113403320312,120625
2020-08-26,645.9401786609761,667.3229957854855,645.9401786609761,658.6083984375,85491
2020-08-27,666.8217427231291,667.0723107663043,640.6778344189154,644.26953125,112947
2020-08-28,650.3948106288238,689.3739408133262,634.1071026588711,655.1279907226562,565724
2020-08-31,657.077002699826,658.8310395375902,599.1650868297712,624.8078002929688,281196
2020-09-01,618.6546621233517,627.2579009204777,612.5293702336608,619.4899291992188,152599
2020-09-02,617.0677213009038,650.9517514992673,615.8705291512903,649.1697998046875,212894
2020-09-03,656.2416741382099,715.4899273066895,650.5061615222146,699.3414306640625,529628
2020-09-04,685.141875480072,694.2741648063727,672.056025039543,678.431884765625,133192
2020-09-07,668.2139387905777,699.3415388267193,659.4992814499263,689.958740234375,210597
2020-09-08,692.7151028194165,732.0840175469494,690.5155779743477,704.8264770507812,562200
2020-09-09,693.8566344823835,696.0561592886343,658.4969907987613,665.0399169921875,215628
2020-09-10,667.7405784725166,687.7034881069563,653.8194589008086,669.1326904296875,186709
2020-09-11,669.1327921084854,673.754616592912,654.8497454261275,660.6687622070312,133150
2020-09-14,671.4714589052614,709.4204689458376,662.6733592476935,676.9006958007812,323498
2020-09-15,683.9726443910126,704.408835964809,662.645476990487,669.35546875,804906
2020-09-16,673.7266424586512,675.9540215325009,658.1906975871593,660.0560913085938,251127
2020-09-17,649.837946328432,663.2022191318024,640.3715864260447,645.5223999023438,206993
2020-09-18,650.2555543728616,658.1905910389233,622.02348084482,627.2021484375,481612
2020-09-21,630.9054115142192,640.2325629764266,597.4946592877621,613.7545776367188,199071
2020-09-22,612.5294781583772,615.2858479100933,593.3461259320708,596.6871948242188,156184
2020-09-23,605.6244495365522,618.0978072508071,596.7149342070206,612.2230834960938,148053
2020-09-24,596.380988705889,625.8659735074843,595.9355611380853,605.847412109375,189759
2020-09-25,608.8821279238709,620.8542913634311,604.148947029161,612.6129760742188,449743
2020-09-28,614.0606751094659,642.0142670070394,613.2810562753879,631.796142578125,140435
2020-09-29,635.916838666354,659.8611611429542,635.916838666354,643.4620361328125,184927
2020-09-30,649.8379830350186,690.4876484413969,640.4551251390478,682.0236206054688,346072
2020-10-01,683.8054731054865,696.0003478711766,668.5200981694042,672.6685791015625,222410
2020-10-05,673.7823983544087,675.9540689350949,662.6455022041637,665.4575805664062,74833
2020-10-06,666.5154567392586,668.7985442597122,659.8611744200117,662.4783325195312,542899
2020-10-07,661.114184491373,665.4575861104598,641.6524099694572,647.332275390625,121655
2020-10-08,653.179129121333,657.2719021324805,619.1837421293935,634.6918334960938,186535
2020-10-09,627.2300842996283,634.2463523272271,612.5850552715591,623.9168701171875,268346
2020-10-12,629.2068657447436,664.8727824398317,629.2068657447436,656.1024780273438,411390
2020-10-13,653.7360157082139,658.1629200496545,638.1443603722503,649.7266845703125,127127
2020-10-14,649.281059256057,649.281059256057,634.803097997241,640.8726806640625,136138
2020-10-15,643.3229856722927,647.9726643206255,637.5875320764518,639.3972778320312,90463
2020-10-16,639.3971370360651,646.524701182085,636.2787824060417,639.647705078125,48520
2020-10-19,640.3716644868343,640.5108756788392,617.0398324539086,627.7590942382812,172659
2020-10-20,634.6918685984034,645.9401824739285,623.666389328779,643.5178833007812,127925
2020-10-21,645.9401231300761,648.6686383710703,634.7475189343138,640.4830322265625,190383
2020-10-22,639.2857326140819,645.9400755519315,618.960899733488,642.2091674804688,140339
2020-10-23,642.5989737196884,645.4109911553498,632.0189242771862,638.0050048828125,50209
2020-10-26,640.371658677991,642.5154747625043,630.515458036235,639.0630493164062,62046
2020-10-27,642.8775058436579,648.1396771437371,633.1327217985009,641.7359619140625,132940
2020-10-28,644.3530476981505,645.2440234503596,620.8820660862789,624.0839233398438,111660
2020-10-29,607.712642881268,637.0305542547515,599.6941029143353,628.0374755859375,84986
2020-10-30,631.1837077393243,635.360043379872,623.6663035863387,625.8101196289062,102858
2020-11-02,628.1211337086429,628.928546607532,607.6848806243477,621.0213623046875,170008
2020-11-03,624.0840066687609,632.0190452697062,617.1512403959747,624.05615234375,96174
2020-11-04,626.4506015636181,634.8032738342719,622.3299136571777,628.3717041015625,68830
2020-11-05,628.3716714325205,642.0422230890645,627.2022732068142,639.480712890625,95610
2020-11-06,641.7080758556474,655.963326265361,639.8426216906429,649.2811889648438,139390
2020-11-09,665.3461226388025,695.4435947312651,641.4853603468599,668.4644775390625,1389468
2020-11-10,684.863548028528,711.6478059591157,679.3508089072508,707.2765502929688,505553
2020-11-11,704.4089376662914,723.898508001516,669.3277110628873,681.4390869140625,1533363
2020-11-12,685.3957278905268,721.7038685897508,682.6928584720781,717.2175903320312,381182
2020-11-13,724.4346774229551,724.4346774229551,707.7714258563232,712.9264526367188,154519
2020-11-14,718.360166531661,727.0261970654136,714.0689669226574,719.0010375976562,20485
2020-11-17,724.6018799355755,862.7845111053375,723.9331317984606,823.0211181640625,2090246
2020-11-18,818.9249741723869,887.9465647514463,765.2012008735902,776.6258544921875,1652470
2020-11-19,776.6258379129672,815.2746285177276,776.3193107282386,808.1411743164062,453802
2020-11-20,819.2314897374137,823.6898914153707,777.6569303730311,785.2919311523438,261615
2020-11-23,783.0069650562456,794.1529690938744,764.0587581922767,780.4434204101562,170149
2020-11-24,783.0069161497773,791.3664186558659,777.099570661371,783.8986206054688,142046
2020-11-25,788.3569998489917,813.65840253666,786.2671242810366,809.3950805664062,337580
2020-11-26,824.8045171436489,838.9042249770201,816.4450137409718,834.0557250976562,462586
2020-11-27,836.5356997289381,846.12125154469,808.2248360867839,818.925048828125,328485
2020-12-01,818.9250788583955,822.9933222902753,789.1373322389436,795.7970581054688,298415
2020-12-02,800.6734917880656,819.2315415699696,797.4968320147806,815.1075439453125,254072
2020-12-03,822.0179124730319,822.4358875905201,808.6705858154279,819.0642700195312,181818
2020-12-04,822.380260013295,852.669550152255,810.9834829871628,844.5050659179688,407463
2020-12-07,835.8389606587441,846.9292699552544,803.6269998104756,809.3950805664062,338332
2020-12-08,813.4633603781467,818.1167802264399,789.5551482855687,793.26123046875,237377
2020-12-09,796.9393854357322,796.9393854357322,776.3192801568174,790.168212890625,247139
2020-12-10,793.2333573347753,816.4448839032103,784.1214758865253,808.5033569335938,1370323
2020-12-11,811.4292848829361,821.4606886346271,804.1843821733817,818.33984375,1148229
2020-12-14,824.4700520877844,834.3900067615207,818.4790755299106,822.5751953125,218663
2020-12-15,827.9811764556533,835.9505213193396,816.4450133881878,820.3182983398438,209388
2020-12-16,824.3864073440457,835.8946914315619,817.6152348820464,833.3868408203125,131134
2020-12-17,835.3932090530366,841.4956948231608,808.0854983429832,814.7174072265625,247423
2020-12-18,820.4853578826504,841.5234393305949,813.658430790271,838.7369384765625,377148
2020-12-21,835.9504376886879,866.6020075564085,813.8256330001075,831.5477905273438,1570922
2020-12-22,822.017992257703,859.3571668483793,822.017992257703,852.363037109375,268350
2020-12-23,858.2145849561573,894.4112171478695,855.4837779730431,886.1910400390625,324844
2020-12-24,885.5502620364451,910.935298308075,876.6334588127555,884.1012573242188,296115
2020-12-28,891.1510835475389,903.9411715893624,885.7174065656463,897.1978149414062,118279
2020-12-29,899.5662713689866,905.5851251939148,887.1384657011401,893.2130737304688,129761
2020-12-30,891.6804809989766,972.4890026687945,889.4790970319118,956.9124755859376,763646
2020-12-31,964.1294880000182,1019.8595022263926,946.8531835898422,993.5828247070312,961142
2021-01-01,961.3430718063588,988.622904074322,959.2253189853848,973.241455078125,353491
2021-01-04,980.8485921501144,1004.8403778118972,969.702588169815,1000.5213012695312,229240
2021-01-05,994.2238071112472,999.6017903693984,980.848602197873,989.4867553710938,157754
2021-01-06,993.945252918079,1002.0261066663252,948.5531589574648,962.1791381835938,249007
2021-01-07,973.7708999616204,990.2112559717606,953.5408904719034,959.8662719726562,190616
2021-01-08,969.4237987492494,994.7809541602188,961.3429470248744,982.3531494140624,948497
2021-01-11,989.208073642613,1018.744983548652,975.8328691568596,996.6201782226562,579836
2021-01-12,1001.4686949476296,1001.4686949476296,957.4419794261796,963.6001586914062,1430266
2021-01-13,969.6468209278996,977.9785071679356,955.77007034733,959.6154174804688,363377
2021-01-14,966.915993343148,966.915993343148,939.6082862414124,947.2432861328124,571951
2021-01-15,946.853264767129,955.1291967776466,931.2209823422296,944.373291015625,139818
2021-01-18,930.6915713573716,936.2366962262148,896.1389591254174,898.8975830078125,351756
2021-01-19,900.068036644775,928.4624727267244,900.068036644775,918.0687866210938,141196
2021-01-20,919.5456023950504,962.4855963240234,919.5456023950504,945.2092895507812,191274
2021-01-21,947.689284237748,957.6371175446312,926.2332253546972,946.21240234375,198924
2021-01-22,952.4263765641626,952.9836768185104,920.1029618119908,925.6759643554688,1313253
2021-01-25,937.7135126125962,947.4105722768312,911.5482805821056,923.14013671875,155176
2021-01-27,934.5090235577488,939.0510563613768,905.6130451633608,923.97607421875,186949
2021-01-28,940.7229009056276,965.2162305555232,925.6757967625052,943.620849609375,300252
2021-01-29,958.5565418232142,972.3775982421104,945.40423351939,956.773193359375,170659
2021-02-01,957.7484063308382,970.2597823372726,950.1969773652294,960.3119506835938,176682
2021-02-02,975.247644679617,1005.3697304186558,964.3524144585684,1002.9733276367188,285996
2021-02-03,1047.1114389861154,1170.3305227451876,1031.7021144764803,1083.7818603515625,1886111
2021-02-04,1103.4547319370486,1161.9712579247214,1061.7965384363004,1149.2091064453125,1518132
2021-02-05,1163.9495479968311,1200.9820705667346,1104.039781600812,1115.603759765625,682650
2021-02-08,1137.923657364646,1162.528436528898,1118.3067632703746,1152.859375,382090
2021-02-09,1153.6394929069793,1158.5994400662903,1125.746547763015,1131.263916015625,137219
2021-02-10,1131.403230882922,1164.200247745984,1113.792522067814,1130.8179931640625,410526
2021-02-11,1139.1218722719782,1147.7043922681378,1120.2016026885383,1134.050537109375,259445
2021-02-12,1145.252133410763,1153.6395738432795,1113.848364428236,1124.9664306640625,190170
2021-02-15,1128.5330566208002,1142.3262354675865,1120.7308544448404,1128.0594482421875,87429
2021-02-16,1128.1152507596082,1154.1690369347075,1119.6164221142549,1122.3472900390625,218718
2021-02-17,1125.7467162721869,1154.587003425454,1123.0717235216837,1147.230712890625,230780
2021-02-18,1152.9708353022293,1163.3366436642684,1139.177654748567,1153.416748046875,251039
2021-02-19,1153.4724772086392,1159.1848049835298,1128.5332900938731,1131.905029296875,232255
2021-02-22,1141.072345822396,1161.413802131925,1134.8864106571102,1155.590087890625,206830
2021-02-23,1159.1843538246308,1184.2628562464297,1137.9233809598538,1151.939453125,746392
2021-02-24,1164.2003981080975,1184.151818491723,1152.5250310978834,1170.1357421875,130828
2021-02-25,1173.117006724796,1187.0495098701767,1159.1845035794154,1179.665283203125,354225
2021-02-26,1175.3462610588265,1200.982068020445,1159.18455666998,1185.767822265625,486024
2021-03-01,1198.6693834878065,1237.2067885005083,1194.0995944806227,1224.3331298828125,207567
2021-03-02,1237.4576374183484,1237.4576374183484,1212.1840467485777,1223.497314453125,162435
2021-03-03,1232.4975304300767,1236.76085262874,1217.8405840383157,1229.014404296875,217688
2021-03-04,1230.101321241338,1239.9376463183514,1218.5373412267836,1234.6153564453125,180922
2021-03-05,1229.961771252442,1250.5818764231683,1215.4719676189588,1234.002197265625,216775
2021-03-08,1242.779785143233,1301.21261324623,1241.1078845750928,1289.5650634765625,560762
2021-03-09,1309.2934468486108,1320.8016703396315,1294.1068973709798,1308.8475341796875,327525
2021-03-10,1317.0678873032946,1411.0844801477574,1299.624439285032,1394.142578125,879510
2021-03-12,1409.5795094126015,1465.6996799309882,1365.3856582279575,1395.0618896484375,997818
2021-03-15,1419.4441158929628,1445.6372279440668,1388.7090309405253,1416.2674560546875,976940
2021-03-16,1427.2185599313043,1427.2463765684788,1368.841234795903,1378.37109375,596726
2021-03-17,1381.5192976594712,1407.0158967830184,1360.8713784595643,1368.45068359375,552245
2021-03-18,1282.2734713851114,1338.2635151033262,1263.213756621685,1275.25146484375,558149
2021-03-19,1275.251468069266,1309.209650389187,1221.9735458933246,1241.8505859375,2230925
2021-03-22,1242.4079362223877,1285.5058191774704,1234.2713289588698,1267.2635498046875,234175
2021-03-23,1272.873862187491,1276.5891974536542,1233.528437530443,1239.1014404296875,246803
2021-03-24,1240.9220470712216,1241.4793473917623,1151.7539957846668,1170.5906982421875,366205
2021-03-25,1170.739079591724,1181.4764209389484,1098.9959915526445,1126.7867431640625,426046
2021-03-26,1146.552390747365,1217.7010566022325,1118.3158445073134,1197.749755859375,671541
2021-03-30,1229.775755775226,1229.775755775226,1148.6699528710617,1182.7025146484375,920627
2021-03-31,1187.4207296289503,1259.498208210933,1183.036587194127,1201.427490234375,536707
2021-04-01,1225.3173251944268,1259.4612736354916,1214.9515176910345,1252.3277587890625,339390
2021-04-05,1240.9218795218826,1248.3525494591393,1208.3384402237689,1216.1033935546875,273354
2021-04-06,1216.400589779114,1238.4325730898636,1152.8683659390929,1156.657958984375,785863
2021-04-07,1160.6706337157973,1194.5544399468768,1153.2028346846855,1175.086181640625,208451
2021-04-08,1188.9069801834837,1206.7034557314794,1177.8724856504043,1184.96875,301119
2021-04-09,1177.7610490437175,1203.3597282097314,1170.479017534536,1186.4549560546875,277551
2021-04-12,1162.7882148319388,1162.7882148319388,1118.7243709126526,1125.672119140625,296525
2021-04-13,1129.4614881850289,1137.8952476312468,1048.6158479559456,1070.647705078125,1242449
2021-04-15,1074.4748244910118,1148.0384535536743,1074.4748244910118,1133.66015625,1560475
2021-04-16,1142.8369426337051,1259.4984510820093,1140.60774183533,1246.9034423828125,1495071
2021-04-19,1203.3967743941564,1268.0807200798242,1151.753627854858,1248.5380859375,1193351
2021-04-20,1259.498421952214,1272.9851348472157,1214.2455984150545,1239.77001953125,254095
2021-04-22,1211.199106381249,1245.3059271401496,1206.183404560345,1231.8192138671875,173534
2021-04-23,1239.2126005000464,1299.6239107568,1219.3726915677007,1258.08642578125,431599
2021-04-26,1266.929185996053,1277.14635685086,1237.2065071457057,1246.086181640625,171954
2021-04-27,1252.0675798535578,1283.4992818537935,1222.344907334779,1248.9095458984375,469241
2021-04-28,1258.7551858867348,1263.213586781257,1226.246012697511,1231.9676513671875,437162
2021-04-29,1239.1754594965164,1249.7641619271562,1208.2266773488109,1212.64794921875,225797
2021-04-30,1218.629758640685,1218.629758640685,1164.2001063111545,1173.4141845703125,332089
2021-05-03,1173.4143366172066,1199.3101739670594,1157.475524800826,1183.55712890625,295010
2021-05-04,1192.3995530112295,1223.0139353896122,1162.8997710523863,1169.1787109375,330595
2021-05-05,1171.8166443493426,1187.0123884977363,1157.6983715258566,1167.655517578125,146349
2021-05-06,1175.49445278412,1188.8696540956175,1166.6147810583943,1176.7576904296875,167727
2021-05-07,1188.9071750065316,1192.622509928427,1166.615165475159,1173.0054931640625,154970
2021-05-10,1176.349352499739,1197.0809707611893,1159.1845526923994,1162.2310791015625,232213
2021-05-11,1162.1566554514527,1243.8940161289845,1156.9551870447006,1225.3916015625,593618
2021-05-12,1240.178684061476,1252.0677547295309,1222.3450780593937,1236.9835205078125,278758
2021-05-14,1242.4449180234683,1277.6292063798244,1223.831117384591,1248.760986328125,435563
2021-05-17,1262.0991650059796,1321.1729852108515,1255.7830961790437,1311.1787109375,645406
2021-05-18,1324.1454199068444,1352.3448372969435,1318.943950805078,1336.368896484375,794171
2021-05-19,1374.6740052195198,1471.2727190998105,1319.3526406589274,1349.2982177734375,1961691
2021-05-20,1348.2577304825338,1356.05993275655,1309.581123398286,1316.6402587890625,404738
2021-05-21,1322.5847380995003,1332.170227924076,1294.4224560351895,1302.59619140625,428426
2021-05-24,1303.785177035631,1347.4403588394482,1303.785177035631,1330.6470947265625,346515
2021-05-25,1344.2080926118526,1358.437872870042,1315.2284819916963,1349.1495361328125,492946
2021-05-26,1349.818199984891,1385.8198167312453,1349.818199984891,1374.933837890625,286585
2021-05-27,1386.4887166795045,1425.945524665295,1368.8036259254532,1410.0067138671875,678339
2021-05-28,1424.4593895395494,1426.391315295711,1386.5629738553987,1399.34375,234818
2021-05-31,1407.294546086157,1409.7466428347038,1382.8475950352172,1393.399169921875,182073
2021-06-01,1393.250299586842,1393.250299586842,1370.1780988140572,1381.5469970703125,188721
2021-06-02,1383.5906836480538,1415.542563023385,1383.5906836480538,1403.09619140625,235031
2021-06-03,1409.5979028423542,1418.960497362711,1388.1232211539827,1405.882568359375,251099
2021-06-04,1415.5423663150596,1430.4037034942205,1408.1116977254792,1410.1922607421875,273765
2021-06-07,1412.5704080026337,1417.9947730717074,1399.7896310432675,1415.171142578125,230726
2021-06-08,1416.9545657652818,1437.79757173724,1409.449516208363,1433.2276611328125,354830
2021-06-09,1428.1747387162368,1478.703293467904,1428.1747387162368,1444.29931640625,829210
2021-06-10,1456.4109846245155,1478.7029894912173,1450.6893458536888,1467.5941162109375,387027
2021-06-11,1474.9136196126296,1508.4258902759975,1427.4315937045278,1437.7230224609375,703406
2021-06-14,1446.379813118078,1453.0674156446964,1404.3965305898626,1447.903076171875,356014
2021-06-15,1456.4112309107784,1460.12656568351,1442.032933717062,1449.500732421875,364698
2021-06-16,1453.2160668902825,1466.0711010128643,1428.1746863389385,1456.2254638671875,334611
2021-06-17,1461.6128617956283,1478.5547660510408,1446.8630294877707,1466.8143310546875,397878
2021-06-18,1469.7865173364148,1478.0717627143356,1428.9178325773132,1471.6070556640625,645383
2021-06-21,1460.1266036116133,1503.2987464154348,1454.9251347946763,1476.325439453125,242286
2021-06-22,1496.3137380535914,1496.3137380535914,1465.3278262612148,1482.8270263671875,224970
2021-06-23,1489.9607752576385,1489.9607752576385,1467.817282917238,1470.78955078125,287339
2021-06-24,1478.7031006061331,1478.7031006061331,1421.2640546051343,1433.524658203125,459725
2021-06-25,1448.9805878922796,1449.017717052309,1401.498560250746,1426.7257080078125,282122
2021-06-28,1430.4038750871805,1462.950183225462,1427.431607294791,1446.04541015625,274010
2021-06-29,1453.4389471030354,1467.2599439287944,1424.533594512422,1431.4442138671875,312577
2021-06-30,1444.484851784878,1489.4775261283423,1428.1745099619227,1478.36865234375,717215
2021-07-01,1489.1061128427712,1515.1134551329394,1467.6314304035654,1504.1160888671875,284730
2021-07-02,1503.9676699491772,1526.4083184618976,1476.9572317633615,1516.451171875,389255
2021-07-05,1523.1385818973229,1534.4332235178897,1498.022943637804,1518.903076171875,212322
2021-07-06,1522.9899703898598,1541.8639192724063,1506.9769018262757,1537.405517578125,191638
2021-07-07,1539.6346896541113,1549.4431973866165,1498.6917499034798,1509.1689453125,241605
2021-07-08,1519.3861247261088,1530.4949996613525,1498.022950212904,1509.61474609375,171357
2021-07-09,1516.7481924744698,1521.3552314793133,1494.53044361185,1511.1380615234375,101409
2021-07-12,1514.370422883878,1523.1757177412626,1495.050682454545,1509.61474609375,160495
2021-07-13,1527.0025437878023,1585.704831359207,1501.0694595092514,1520.31494140625,789193
2021-07-14,1530.3462896645838,1560.4404992938216,1520.3148864548375,1558.917236328125,310417
2021-07-15,1567.7224693235876,1571.5121829527518,1541.863766251456,1561.8150634765625,191138
2021-07-16,1571.549553778225,1573.8158839080331,1527.151301151452,1549.07177734375,206342
2021-07-19,1553.0099102975655,1567.3882072625615,1524.0302995312472,1528.154296875,215542
2021-07-20,1528.4886157626072,1537.2939101650425,1467.557129864438,1509.7633056640625,295229
2021-07-22,1524.0301525291943,1545.5419626345465,1506.3080560313356,1522.1724853515625,241654
2021-07-23,1535.919285044684,1535.919285044684,1487.842832340396,1495.385009765625,231503
2021-07-26,1500.99508727865,1574.8559830195072,1496.3880484659544,1524.4759521484375,598085
2021-07-27,1524.8848400351171,1541.8638709115346,1497.2798553671046,1508.2772216796875,282969
2021-07-28,1512.141119604693,1518.0485255625313,1461.092400125486,1509.5775146484375,332150
2021-07-29,1521.8012062726175,1554.496154063631,1514.4447946428822,1540.00634765625,303982
2021-07-30,1541.8636933600787,1555.9819633233758,1530.7548199111106,1546.87939453125,421227
2021-08-02,1549.6661537265654,1666.8849673206032,1540.0062831926668,1619.6630859375,945785
2021-08-03,1644.7043222272766,1691.7404327342738,1628.3568504532134,1650.314453125,778166
2021-08-04,1671.9006743191292,1704.892896002449,1657.2622308933794,1664.1727294921875,754246
2021-08-05,1675.6158365979304,1675.6158365979304,1584.775909314517,1627.3907470703125,431373
2021-08-06,1648.8654653856927,1685.3128729580956,1605.0245179058568,1668.3709716796875,584493
2021-08-09,1648.865473593581,1651.7634829198669,1583.9957565270138,1597.8538818359375,549069
2021-08-10,1593.878572569956,1606.5107104411395,1525.85081898734,1534.916259765625,447241
2021-08-11,1534.4330263131756,1552.786801470041,1448.9803396177683,1461.05517578125,719242
2021-08-12,1482.4185766698056,1497.27991578429,1449.7978889367578,1479.4091796875,724014
2021-08-13,1494.3075409277485,1525.7763758718772,1483.1986665469958,1512.772705078125,410395
2021-08-16,1524.067461857482,1543.3500736292388,1511.3981943966642,1516.2652587890625,350047
2021-08-17,1522.5439522058211,1545.5790242011265,1516.0792465219909,1526.705078125,411633
2021-08-18,1528.0428150294874,1541.975319345155,1516.6737947544004,1539.0030517578125,273831
2021-08-20,1523.2871478764955,1541.7523119996129,1513.1071071388965,1531.7952880859375,227186
2021-08-23,1542.0545490392226,1550.0092477842186,1460.8350916534037,1500.9058837890625,373318
2021-08-24,1493.5460424241485,1493.5460424241485,1453.4009521847736,1466.4852294921875,669274
2021-08-25,1468.2694248044409,1493.7689658047263,1466.0391421338518,1472.3582763671875,444583
2021-08-26,1472.3582060908473,1482.952048270496,1447.899392237253,1465.6673583984375,280474
2021-08-27,1463.8087930699642,1492.0590389494253,1452.7689427515097,1473.510498046875,579737
2021-08-30,1471.1315673299707,1515.5886318746616,1467.5259920920832,1491.315673828125,464073
2021-08-31,1509.157914768752,1524.026465653173,1494.289363884331,1517.409912109375,490675
2021-09-01,1526.554267186857,1605.8036001651435,1518.079144230196,1568.855224609375,964239
2021-09-02,1572.3494255709816,1584.2071203800156,1550.0837440205796,1567.2197265625,621370
2021-09-03,1574.3937337122372,1590.93499711684,1553.7636186795305,1561.4208984375,369247
2021-09-06,1576.3639303396935,1601.045629841993,1565.658524506933,1573.9105224609375,395050
2021-09-07,1576.066334771362,1587.9611750337872,1524.7698361396524,1544.5078125,334693
2021-09-08,1544.5078152265537,1570.5649255223138,1531.981109953302,1541.6085205078125,226590
2021-09-09,1535.512601965965,1561.7184255715938,1521.0900577373832,1523.6549072265625,368291
2021-09-13,1532.204289650903,1597.6259187092633,1505.4408959452107,1587.6639404296875,953861
2021-09-14,1603.573319414957,1603.573319414957,1559.711091392017,1566.4390869140625,350374
2021-09-15,1573.8362144428515,1588.6304719443667,1553.763669431063,1579.114501953125,292609
2021-09-16,1589.4482016790907,1602.3838902613718,1570.3420882445712,1581.6422119140625,200105
2021-09-17,1589.448272118686,1597.6259760444602,1543.9133298047152,1576.6241455078125,499590
2021-09-20,1565.9558244551451,1595.0237929765567,1515.179626484654,1534.4344482421875,504043
2021-09-21,1524.026540551541,1553.763643781815,1422.1769619878526,1541.7200927734375,520457
2021-09-22,1549.823487524005,1616.1743984952034,1536.2930814787817,1583.500732421875,808223
2021-09-23,1595.6556892602955,1598.3692482447566,1546.366466409887,1568.4462890625,602962
2021-09-24,1582.0138714632085,1619.1852500220243,1559.711044327919,1579.5234375,705117
2021-09-27,1588.7047882533184,1593.1653538731218,1512.4663117349623,1564.729248046875,733281
2021-09-28,1561.3836178443296,1569.4126107006225,1527.9293801093006,1564.2086181640625,461979
2021-09-29,1553.6147743129102,1604.465264008138,1517.7072500547129,1593.42529296875,1216902
2021-09-30,1604.9487865931817,1656.3568586818635,1583.7983660554646,1606.1011962890625,881290
2021-10-01,1601.3427697209388,1642.9747080238044,1590.9347851452223,1635.3917236328125,417885
2021-10-04,1647.5470036197169,1795.3775226654598,1633.9794509122034,1750.0284423828125,2284289
2021-10-05,1753.7457137897886,1809.3540742405728,1743.6351467989502,1758.4664306640625,764709
2021-10-06,1761.923386586304,1768.8000917871152,1665.277799980304,1669.7755126953125,788583
2021-10-07,1682.376696316553,1684.0865556345652,1645.2053154876412,1663.679443359375,688113
2021-10-08,1675.648721515264,1695.0149869688912,1642.975053158443,1672.2288818359375,512390
2021-10-11,1678.65955710015,1709.140089359276,1676.4292742519217,1688.06396484375,263459
2021-10-12,1688.3241389583534,1706.1292548044655,1666.6160280750191,1693.230712890625,402095
2021-10-13,1680.1464833199095,1740.2525602189703,1679.4402028546783,1723.599853515625,432859
2021-10-14,1742.5943732352628,1806.5291497276828,1728.9525245583377,1738.3568115234375,900653
2021-10-18,1761.8491034266774,1791.2144933897746,1721.629597990793,1771.402099609375,689838
2021-10-19,1772.3312711175697,1806.4546439071864,1658.47529395406,1672.0428466796875,830931
2021-10-20,1709.883305257512,1731.4427034542373,1598.8524529446072,1626.582275390625,1384583
2021-10-21,1626.5823622161145,1635.5406401586858,1543.9874872877529,1611.044677734375,671047
2021-10-22,1605.9523622586785,1639.2578952963274,1585.2850987085749,1630.002197265625,438301
2021-10-25,1634.0536969256332,1656.4308169864871,1550.046386756117,1589.0391845703125,478271
2021-10-26,1601.231461061549,1618.813571907529,1559.3765120821508,1582.3856201171875,340202
2021-10-27,1598.8526086050376,1617.8100123133224,1587.2179183210917,1604.576904296875,311322
2021-10-28,1613.9813401597091,1642.7891600266776,1601.3802179790723,1627.8463134765625,499869
2021-10-29,1620.7464580192154,1640.7447088058923,1585.0247861349994,1624.129150390625,212023
2021-11-01,1624.3892618794823,1682.3766131044706,1624.3892618794823,1661.7093505859375,734149
2021-11-02,1661.4863047228998,1665.2405897063848,1636.2840620010704,1655.35302734375,480137
2021-11-03,1654.8695320491554,1683.8632030958386,1640.7444102571817,1673.67822265625,583818
2021-11-04,1686.7629932486072,1686.7629932486072,1673.455590309702,1678.6224365234375,37889
2021-11-08,1689.0672543854812,1689.0672543854812,1648.9221699942768,1684.606689453125,470218
2021-11-09,1684.6067936676668,1716.537030483857,1674.942235716352,1709.25146484375,432533
2021-11-10,1712.1136774683248,1722.4845161715598,1678.6594371356828,1710.0321044921875,318103
2021-11-11,1708.3964673031894,1715.2360247927688,1601.4544653023906,1654.572265625,754206
2021-11-12,1747.0548333302131,1747.0548333302131,1665.2777985785865,1706.3521728515625,1633037
2021-11-15,1710.626816659089,1757.3884586133652,1709.8833890986111,1716.7972412109375,476978
2021-11-16,1717.3177706039196,1743.337736825191,1717.3177706039196,1736.12646484375,332450
2021-11-17,1731.6262868466629,1755.1684194561058,1695.9226520663192,1704.7369384765625,794397
2021-11-18,1704.7368821109822,1719.7250183920653,1675.0954763922712,1714.4066162109375,347001
2021-11-22,1713.7744718641543,1718.2374262179674,1636.4165963980645,1657.2808837890625,955342
2021-11-23,1617.8210737283778,1673.6080073052185,1595.8038790362089,1656.6488037109375,1091674
2021-11-24,1636.416367723647,1649.0614032924204,1614.7338024251612,1624.73828125,347150
2021-11-25,1631.9537516996547,1643.8549641094971,1599.2254175725875,1635.338134765625,323783
2021-11-26,1606.6636015761326,1647.9830973017374,1566.4970115367291,1592.8284912109375,359049
2021-11-29,1561.4018156702125,1596.250002384655,1532.31815724662,1573.8236083984375,348566
2021-11-30,1580.6295384082955,1641.6975770895906,1576.910410082629,1634.7056884765625,519005
2021-12-01,1632.697275613577,1655.0120447563593,1617.5604723045378,1646.904296875,282925
2021-12-02,1629.7221733134854,1672.045905747644,1629.7221733134854,1661.22314453125,220834
2021-12-03,1669.8886731890557,1681.0460585333033,1642.143999179436,1658.359375,164363
2021-12-06,1666.1696166014815,1668.1408031901326,1634.9661033632117,1637.94140625,117786
2021-12-07,1650.586503801765,1655.0122912205788,1629.7222157592307,1641.139892578125,209978
2021-12-08,1655.7558842256483,1677.996319416553,1652.780581648423,1658.5823974609375,201185
2021-12-09,1666.169521414119,1666.169521414119,1629.722063133185,1654.268310546875,169682
2021-12-10,1654.2683849824348,1706.6709306532507,1640.1356964416675,1693.5423583984375,534671
2021-12-13,1710.0551303686343,1738.2833373557362,1654.0079173449014,1661.5205078125,605186
2021-12-14,1660.2190484636287,1683.3892686458955,1631.172677585978,1672.3433837890625,321513
2021-12-15,1675.0955022289172,1694.4349707271197,1647.7599073324195,1685.17431640625,338529
2021-12-16,1680.8229871379,1717.1959918483292,1670.7068848063318,1693.5423583984375,266441
2021-12-17,1684.7652763194226,1691.980410104375,1652.1485665263244,1666.98779296875,359778
2021-12-20,1662.450306555403,1662.450306555403,1532.280819464935,1559.8023681640625,822107
2021-12-21,1594.1299255091712,1594.1299255091712,1543.810073903281,1565.7529296875,341985
2021-12-22,1580.6295788790658,1603.6138409463292,1566.4968908796764,1598.593017578125,218638
2021-12-23,1602.7212995287066,1619.1969665507938,1590.2993858192865,1607.7049560546875,204270
2021-12-24,1607.407334290794,1610.6057605809344,1573.0425628106034,1575.8319091796875,184249
2021-12-27,1568.7282602938124,1599.2251112525826,1556.7898830949775,1588.476806640625,191615
2021-12-28,1598.035243860215,1707.45196011864,1591.824226386747,1663.1199951171875,1262714
2021-12-29,1651.292970827981,1718.2372804561426,1651.292970827981,1692.984375,669650
2021-12-30,1692.9844082158932,1713.7743601047182,1681.0460303110517,1689.4884033203125,270897
2021-12-31,1692.2033623065615,1721.2125628032454,1681.0459775001443,1697.2613525390625,249965
2022-01-03,1710.79909035902,1753.5319005464985,1701.6128914956353,1734.713134765625,351857
2022-01-04,1747.2095503652704,1817.9101649315471,1711.617414963362,1782.6900634765625,1102866
2022-01-05,1784.9958285788944,1835.7619355902536,1761.4909835023543,1799.53759765625,855319
2022-01-06,1795.5580739456443,1821.5175182540188,1763.6107358959046,1797.1572265625,658261
2022-01-07,1794.1075693714088,1822.7820255892063,1781.5741548854924,1812.331298828125,503758
2022-01-10,1812.3314314356755,1838.3281654901969,1809.7280413227984,1825.2740478515625,617341
2022-01-11,1836.5427848155368,1868.7877009254876,1812.14532654096,1824.3441162109373,826099
2022-01-12,1843.460291264199,1855.1012113655177,1818.802543070719,1848.85302734375,400623
2022-01-13,1852.12594023312,1878.122671920552,1832.9724290038016,1847.25390625,546853
2022-01-14,1852.125999602448,1866.2215208807715,1822.372971496384,1835.6875,437658
2022-01-17,1843.7951729184413,1878.1227783671948,1827.9145422019624,1833.604736328125,570971
2022-01-18,1840.9686377660123,1843.2372819752336,1792.6199664711476,1808.3519287109373,391171
2022-01-19,1808.3519186276865,1822.3729847988636,1771.9416260040366,1778.74755859375,357985
2022-01-20,1784.2519699157458,1822.3730385799172,1773.2805403977643,1817.7984619140625,357829
2022-01-21,1818.467731067645,1818.467731067645,1753.2341983098802,1768.036376953125,374775
2022-01-24,1768.8174665463764,1768.8174665463764,1599.3740009027383,1615.8125,911899
2022-01-25,1614.1017431361408,1620.05234864079,1519.3011349771198,1571.108642578125,1029425
2022-01-27,1569.472226538954,1569.509393610867,1524.8426845520644,1542.508544921875,756723
2022-01-28,1556.0833510342295,1596.2127714176197,1556.0833510342295,1562.257080078125,698841
2022-01-31,1596.5477362514655,1620.7964087641371,1580.1835687467335,1606.254638671875,475515
2022-02-01,1633.069227564627,1635.6354502906136,1586.431334725589,1622.9532470703125,447141
2022-02-02,1636.8628301085755,1665.648909669873,1617.8209401131676,1651.367431640625,445653
2022-02-03,1662.4505733294825,1662.4505733294825,1614.1390660122656,1624.701416015625,473409
2022-02-04,1614.8456495884411,1635.6727698963532,1591.4151392420408,1621.986328125,446479
2022-02-07,1606.663701495853,1620.2756891982249,1540.463206387922,1569.472412109375,523653
2022-02-08,1548.0128926391085,1587.881901440842,1543.4383161914732,1577.0220947265625,456690
2022-02-09,1577.022251272018,1602.944530874151,1562.666317089834,1587.658935546875,527630
2022-02-10,1599.597233055709,1606.6635774937602,1564.3771331511552,1579.1048583984375,384173
2022-02-11,1570.6251389583963,1570.6251389583963,1532.280948181778,1542.5828857421875,482233
2022-02-14,1510.709928879566,1516.1769991029798,1462.3612605500869,1469.9854736328125,705135
2022-02-15,1472.7750537355937,1487.6515694298923,1424.538000022987,1443.542724609375,916633
2022-02-16,1463.848969266597,1471.547516791618,1413.2688219545396,1417.35986328125,824757
2022-02-17,1431.864619317891,1437.7780584523086,1388.9086807383544,1395.8634033203125,742549
2022-02-18,1380.0197372228122,1393.1854757556282,1342.6424974167685,1349.4857177734375,977249
2022-02-21,1338.8864572354776,1371.9123716067788,1326.2785855500972,1354.76708984375,805282
2022-02-22,1315.4929002078677,1385.301013873306,1304.335514854717,1372.3583984375,715697
2022-02-23,1383.5157015131235,1435.5834967313594,1369.903716404859,1424.05419921875,815189
2022-02-24,1354.5067265998362,1388.7598790808393,1312.926817648182,1326.39013671875,969541
2022-02-25,1376.0776499511103,1429.5214821460286,1353.7628772492003,1421.1534423828125,676169
2022-02-28,1413.2687647861144,1449.641888263865,1380.5404354963307,1444.323486328125,539669
2022-03-02,1432.6082607602957,1449.7905855551012,1402.1114078572984,1417.694580078125,540459
2022-03-03,1443.0217618846366,1443.0217618846366,1383.5528769176049,1390.1729736328125,487639
2022-03-04,1390.1731962770236,1398.3924468178482,1359.713506799482,1375.18505859375,464069
2022-03-07,1349.894798179475,1378.3089629123845,1327.7659845547348,1359.75048828125,378529
2022-03-08,1357.481897483989,1396.160833741067,1350.7874662087256,1362.8746337890625,299338
2022-03-09,1371.614507175329,1379.6849671021364,1358.4116018052844,1372.953369140625,485571
2022-03-10,1402.1115386319166,1447.1501635775455,1401.1074222956568,1440.269775390625,1105682
2022-03-11,1450.088329284782,1464.592931706456,1411.297767202713,1454.7000732421875,443561
2022-03-14,1454.6999260347604,1476.4939945370168,1422.8642107182725,1467.90283203125,440585
2022-03-15,1480.2131698364242,1480.2131698364242,1430.4140141054838,1465.1878662109375,483435
2022-03-16,1469.0929234989876,1524.3591487555484,1469.0929234989876,1516.8465576171875,459045
2022-03-17,1523.317940397698,1561.1414306507045,1500.8543789553055,1509.9290771484375,635598
2022-03-21,1509.9291893638615,1527.0371825649102,1486.1639311171523,1502.1190185546875,424203
2022-03-22,1491.296270559685,1511.4538996335643,1472.0311355191063,1502.2677001953125,310031
2022-03-23,1510.1894977751765,1521.3840518539373,1484.9738757902696,1490.106201171875,295385
2022-03-24,1480.2130536851596,1529.1939246485415,1478.093198994222,1514.614990234375,306141
2022-03-25,1524.842666034176,1532.355257084583,1428.1824933083485,1455.7412109375,846971
2022-03-28,1454.1794780959342,1496.5775498358155,1443.840250771803,1487.94921875,452783
2022-03-29,1502.0815988959116,1502.0815988959116,1461.6546012948008,1492.411865234375,313331
2022-03-30,1501.7840291596565,1503.6807604068867,1484.1925036212594,1496.3541259765625,446207
2022-03-31,1495.0897225884132,1562.0340385252075,1480.9570336684233,1504.7222900390625,479870
2022-04-01,1512.9415416723607,1512.9415416723607,1469.7996491369638,1473.295654296875,554067
2022-04-04,1492.7839566505515,1498.6229404031596,1469.539401798784,1473.1097412109375,511042
2022-04-05,1484.3042045673171,1530.4957327403274,1475.006383190674,1521.56982421875,678131
2022-04-06,1524.0986996637116,1539.719037727615,1498.80862851263,1528.0037841796875,450138
2022-04-07,1527.855245837949,1554.5958055581148,1521.1236470652366,1547.9757080078125,492802
2022-04-08,1551.9924167977845,1573.154283454139,1522.5369657246863,1532.57861328125,517487
2022-04-11,1544.145158213411,1562.0341440789507,1529.3058096315822,1552.0296630859375,263195
2022-04-12,1553.8518030486248,1588.8116090530698,1518.6317064894456,1583.9395751953125,771571
2022-04-13,1599.2254100914813,1599.7089452695266,1581.410758635756,1587.10107421875,500426
2022-04-18,1582.117351321568,1582.117351321568,1523.3922848485763,1562.666259765625,376111
2022-04-19,1564.2654239831068,1588.0678460313518,1533.024745044785,1553.814697265625,494963
2022-04-20,1548.3848407540047,1625.2591796105762,1547.1946469763875,1602.4237060546875,862005
2022-04-21,1609.601995089528,1616.33359491417,1570.9973845022764,1576.8736572265625,297359
2022-04-22,1570.6622346535337,1637.1602979060356,1566.2737358444876,1606.589111328125,581814
2022-04-25,1595.5061015395618,1637.9041657762775,1576.910459330476,1623.6971435546875,321879
2022-04-26,1630.4660356570512,1647.5740278195112,1592.2706320161494,1595.5062255859375,342946
2022-04-27,1595.5061114572402,1617.077056553865,1579.6254813381186,1594.9482421875,353547
2022-04-28,1606.514743813847,1628.0113552532318,1588.291013923737,1610.0850830078125,299371
2022-04-29,1612.6140789948067,1620.5730380073494,1574.6789692029547,1601.7542724609375,594314
2022-05-02,1594.0185352437215,1602.2006182524387,1498.8460091247025,1536.706787109375,769586
2022-05-04,1554.2611432633394,1554.2611432633394,1493.639341847088,1501.97021484375,526429
2022-05-05,1512.5324637342246,1530.0495355651724,1495.833551784911,1507.32568359375,236275
2022-05-06,1476.6427596614349,1480.9569243792482,1383.51576059538,1432.3851318359375,654898
2022-05-09,1422.1947412858572,1429.707332444949,1385.5613254865225,1393.743408203125,710063
2022-05-10,1394.6730184482046,1401.367448936756,1367.5605507564983,1375.9285888671875,509463
2022-05-11,1383.5158036652826,1386.9746416005985,1330.4438883325545,1362.948974609375,488819
2022-05-12,1361.1269413855632,1361.1269413855632,1297.9760796842213,1326.9481201171875,776419
2022-05-13,1327.0591386082074,1342.2703955856157,1274.7310586739077,1286.0372314453125,879363
2022-05-16,1300.9509828629034,1300.9509828629034,1256.098323104202,1273.9873046875,502094
2022-05-17,1281.6116642318766,1323.265902883638,1281.6116642318766,1303.740478515625,469623
2022-05-18,1317.3153746947282,1320.290677630233,1294.2567769445664,1300.69091796875,432931
2022-05-19,1264.987144919528,1283.0992511399045,1229.2090583789536,1238.9532470703125,501267
2022-05-20,1254.1273365548484,1272.5741902795814,1242.1889579089795,1252.37939453125,351407
2022-05-23,1253.346098520334,1290.5373774081777,1246.316922597459,1265.1729736328125,277957
2022-05-24,1279.3801347181782,1289.0127012246253,1234.7505951349858,1246.131103515625,281773
2022-05-25,1248.5857711618637,1253.346304066369,1220.6551403496032,1223.7420654296875,388754
2022-05-26,1234.7507151824286,1249.478440463696,1197.373472147539,1236.4986572265625,494375
2022-05-27,1258.7018205994336,1279.3801499731337,1238.6185275475298,1256.544677734375,291909
2022-05-30,1279.38002437454,1285.8141642023363,1252.267557203065,1263.57373046875,488234
2022-05-31,1269.896503441871,1307.6456600092597,1264.5037667893864,1286.7813720703125,592895
2022-06-01,1275.0661234240183,1361.4242444753977,1275.0661234240183,1346.5477294921875,913307
2022-06-02,1348.5560507962573,1348.5560507962573,1310.7325607872272,1313.484619140625,280189
2022-06-03,1331.2990850999768,1338.8117965837964,1294.2565930297842,1298.7567138671875,288937
2022-06-06,1304.4844635530046,1304.4844635530046,1266.437726425073,1273.950439453125,159845
2022-06-07,1271.941908265644,1280.2356129942289,1234.8249585398116,1240.03173828125,295201
2022-06-08,1236.2010723673625,1257.065357790996,1222.4774648103562,1251.8214111328125,354206
2022-06-09,1245.9081182748268,1263.0161103466603,1217.7915294307172,1250.14794921875,280725
2022-06-10,1242.188806573429,1246.2798475531615,1210.5762171845845,1225.7874755859375,469815
2022-06-13,1206.4853586768245,1219.5394762916,1191.2740979748803,1216.8245849609375,312870
2022-06-14,1217.0475367924378,1245.5360346009927,1201.2784090060336,1215.67138671875,399882
2022-06-15,1227.312315586651,1247.0236952006185,1213.2539624546914,1236.90771484375,222866
2022-06-16,1260.0408140012598,1260.0408140012598,1201.3529142027908,1215.56005859375,273626
2022-06-17,1208.716717613419,1228.800010767611,1197.968412434489,1214.29541015625,264661
2022-06-20,1214.295421065681,1225.0808934120532,1176.3974785044911,1195.8114013671875,311081
2022-06-21,1202.0968047863946,1257.0655788188935,1202.0968047863946,1253.4952392578125,235519
2022-06-22,1255.577876240452,1257.58622999491,1214.8534160958047,1233.7093505859375,345027
2022-06-23,1233.7092556978598,1255.5777796704042,1216.1550176309895,1235.2713623046875,277459
2022-06-24,1244.643546025947,1260.3755083411552,1234.7506882189562,1240.7012939453125,147394
2022-06-27,1254.834095715621,1274.1735660704558,1245.945353397147,1261.788818359375,578599
2022-06-28,1250.3710215518106,1260.0407558053344,1201.6504374282868,1214.3326416015625,1010930
2022-06-29,1207.2292198152998,1244.4205081645082,1193.9891453760602,1240.961669921875,456558
2022-06-30,1234.7505356199033,1262.6811635830509,1213.551505339682,1231.4033203125,272050
2022-07-01,1228.0561963540647,1238.4325887919367,1219.79977974113,1233.002685546875,167082
2022-07-04,1234.750736982577,1291.8765299985732,1233.337419640599,1286.7813720703125,331011
2022-07-05,1286.781386288951,1290.5376821304892,1257.8093489813589,1261.900390625,407741
2022-07-06,1269.561622216724,1272.2766343231349,1241.1847457047322,1265.4705810546875,241333
2022-07-07,1276.2189086214262,1285.0704826268252,1257.0653973890196,1265.0615234375,273570
2022-07-08,1275.2520176142314,1280.8307104606304,1260.040757573307,1265.0244140625,353535
2022-07-11,1269.1155479757,1284.5870997175289,1257.437459219735,1275.6240234375,349299
2022-07-12,1275.6239835388835,1294.2567942079377,1251.858726811471,1278.413330078125,269274
2022-07-13,1284.62429594185,1328.324060748371,1257.21436422979,1318.951904296875,514901
2022-07-14,1325.4975275047398,1325.4975275047398,1301.695102768403,1312.331787109375,233758
2022-07-15,1320.2906219978372,1333.7166517154994,1308.5382001108762,1329.6256103515625,178765
2022-07-18,1338.8863495444532,1342.6054782931878,1315.641794864862,1320.8857421875,389217
2022-07-19,1310.695251460165,1333.6795146110717,1303.1826601219173,1323.5262451171875,256506
2022-07-20,1338.1425230935422,1339.6301745922565,1307.6828344442883,1311.253173828125,595793
2022-07-21,1312.8525359587736,1329.105081249725,1299.8355844690973,1305.11669921875,418611
2022-07-22,1312.85240132203,1318.0591813839303,1300.9511897519722,1303.703369140625,154963
2022-07-25,1311.364821427382,1314.5632479982733,1274.285155532407,1308.9473876953125,288102
2022-07-26,1309.133203125,1312.8151644718648,1288.3432510554792,1301.6949462890625,206242
2022-07-27,1301.6949942052102,1338.1052869704838,1285.3308285637731,1334.2745361328125,313963
2022-07-28,1346.3245104447092,1365.626811478802,1327.8404903158607,1332.7125244140625,590915
2022-07-29,1344.6511213995475,1364.9203749236178,1338.9236383925104,1350.415771484375,220782
2022-08-01,1360.866373331261,1409.549792761347,1342.642642501365,1403.004150390625,514419
2022-08-02,1402.1113581610844,1416.9878712450218,1383.5157168061628,1406.2767333984375,298097
2022-08-03,1395.0451989216324,1408.3968953931178,1381.8422918137362,1401.81396484375,443615
2022-08-04,1419.9634267434294,1471.8824424395657,1414.4219004196964,1460.27880859375,831253
2022-08-05,1473.0725095142784,1489.1019296237876,1456.559554258909,1483.3372802734375,420241
2022-08-08,1487.614409878414,1498.4370508876807,1460.4647685989894,1467.38232421875,259034
2022-08-10,1475.7500388013389,1485.2709825805318,1437.071106332755,1445.4019775390625,261749
2022-08-11,1461.6176173218182,1509.2224659267015,1458.04727788953,1471.9195556640625,569733
2022-08-12,1480.6594940781636,1494.234314057418,1467.5310421895156,1476.9031982421875,299563
2022-08-16,1486.9076635131837,1495.8335724487304,1389.4664909667968,1487.6514892578125,1209075
2022-08-17,1496.5772467361455,1513.685237131241,1487.279425869246,1498.2508544921875,420322
2022-08-18,1503.9784452623503,1525.586558308593,1490.5895822445275,1517.99951171875,297855
2022-08-19,1526.1514073292274,1546.2519380599051,1511.262125306503,1528.9803466796875,387833
2022-08-22,1525.4070187547422,1541.040765652668,1500.169636008945,1514.872802734375,306155
2022-08-23,1492.6505260652536,1559.6522953150657,1492.6505260652536,1535.941162109375,429425
2022-08-24,1541.040706796027,1576.2910339161338,1527.9008667945193,1568.1019287109375,418837
2022-08-25,1577.2215845279638,1600.597805598371,1549.2297830000975,1560.13623046875,376441
2022-08-26,1577.3707245311955,1591.664461421413,1561.1414291864842,1569.8516845703125,184631
2022-08-29,1488.965367575133,1555.5205051794803,1488.965367575133,1536.8717041015625,236127
2022-08-30,1555.6322003718255,1570.0748529874595,1544.0186083907022,1557.716796875,285423
2022-09-01,1551.1655859127934,1636.704572463795,1548.4855632134156,1623.60205078125,675946
2022-09-02,1635.513290445677,1730.8790967266411,1626.4308038548015,1723.0250244140625,1983606
2022-09-05,1726.9706569018651,1777.0358693931466,1703.33392089297,1716.064208984375,1263122
2022-09-06,1725.6306503942958,1745.619463771057,1713.495909337093,1741.673828125,488777
2022-09-07,1741.3014151161815,1834.061587393864,1727.6405482493988,1816.045654296875,987490
2022-09-08,1828.4782545103244,1886.0998251678936,1816.0458007923887,1839.86865234375,1767601
2022-09-09,1857.4380405871127,1976.4033866481725,1846.1966804725205,1931.251708984375,2296721
2022-09-12,1923.7696951686876,1928.534314032005,1879.7719138895245,1900.0213623046875,804802
2022-09-13,1920.7175396677776,1920.7175396677776,1805.0277603223951,1820.8104248046875,1367605
2022-09-14,1794.1586309272786,1820.8104237005543,1765.1245286010694,1795.75927734375,1429754
2022-09-15,1808.3033452301413,1889.4127352370845,1795.7218531500787,1865.2176513671875,1494030
2022-09-16,1865.2175768451464,1867.86040012841,1720.0842783964492,1741.152587890625,1513987
2022-09-19,1749.4905537473348,1785.0759118407648,1708.582229118408,1767.8043212890625,898226
2022-09-20,1786.7138713042002,1848.8766247433252,1786.7138713042002,1800.0770263671875,809874
2022-09-21,1797.173712717167,1807.52181319028,1748.523027476078,1753.62255859375,597117
2022-09-22,1753.213069607616,1823.862765763556,1734.6014658962824,1744.0933837890625,928105
2022-09-23,1749.1927450258338,1752.4684354289282,1697.5642098074825,1724.1416015625,493713
2022-09-26,1697.3782091689975,1715.9898123397102,1630.525354813656,1644.2607421875,855434
2022-09-27,1652.8593727245816,1666.7063578042576,1586.750978732166,1609.1593017578125,1457861
2022-09-28,1599.1088016424037,1640.79878902228,1590.547464948322,1626.840087890625,568399
2022-09-29,1660.1550605036998,1666.7435197873078,1597.1734416536544,1604.80419921875,771123
2022-09-30,1596.1311260801392,1668.9768941641669,1584.9641639107351,1661.97900390625,653037
2022-10-03,1654.199371361873,1680.1438989931466,1625.9469321220806,1638.2305908203125,545531
2022-10-04,1654.1992935861851,1715.0220371206697,1654.1992935861851,1669.8702392578125,924778
2022-10-06,1686.695281283687,1704.7857362312673,1670.279749535462,1674.969970703125,560618
2022-10-07,1678.7665831926956,1689.9335449434232,1643.888487792306,1686.9556884765625,438609
2022-10-10,1675.0443089122923,1675.0443089122923,1628.8875324000423,1637.7467041015625,521439
2022-10-11,1640.8732065329607,1682.488796470905,1608.0423895474137,1619.2093505859375,642579
2022-10-12,1628.8874946730327,1643.0695119261586,1608.0424993115862,1636.0343017578125,310543
2022-10-13,1636.2950178943097,1636.2950178943097,1591.8876824674492,1602.3101806640625,386613
2022-10-14,1630.2275489174858,1638.7516875510992,1596.8755796920425,1600.597900390625,312313
2022-10-17,1594.679285216407,1608.042439911566,1558.1633457106054,1599.369384765625,364358
2022-10-18,1611.7649851676767,1629.6693248568106,1602.8686137870477,1616.045654296875,404554
2022-10-19,1615.7104828054337,1618.986173456707,1528.4220632549764,1531.69775390625,1021875
2022-10-20,1512.0064649426288,1535.64319820798,1495.62825606585,1518.818359375,990182
2022-10-21,1526.1513095347211,1547.6290490085105,1485.83853257369,1491.1614990234375,770671
2022-10-24,1507.5399243663635,1507.8377584981547,1493.4323042970757,1501.286376953125,73621
2022-10-25,1501.5841844873062,1509.7732901042425,1475.0067902057542,1478.98974609375,356346
2022-10-27,1480.7392068420518,1486.6205221443868,1445.1910433796545,1458.55419921875,896929
2022-10-28,1465.1053453689278,1482.2280196288289,1443.5158865194874,1452.85888671875,418497
2022-10-31,1463.8770343010174,1522.280271158879,1461.1598128524658,1512.118408203125,602083
2022-11-01,1520.195681087059,1546.1775264548412,1504.413018048576,1538.844482421875,658429
2022-11-02,1544.6886044339703,1563.374604814274,1527.8264441571876,1541.077880859375,571235
2022-11-03,1533.5959713238028,1552.7659209653502,1529.6503360197871,1545.17236328125,302038
2022-11-04,1545.5075016154788,1570.298132393083,1536.238899156615,1553.919921875,411186
2022-11-07,1561.699738028527,1579.3807623537218,1547.8527527089368,1561.1785888671875,342287
2022-11-09,1570.8192595159423,1577.3705193976016,1550.1231816575994,1557.7911376953125,239662
2022-11-10,1554.9995124509803,1565.9803587986294,1522.7642385930972,1536.9090576171875,272445
2022-11-11,1548.8947128719024,1573.9831765282504,1523.9179672949408,1535.0477294921875,417557
2022-11-14,1485.019700518735,1511.26205893121,1401.5653269144334,1475.7510986328125,1932129
2022-11-15,1482.637503793695,1483.2703710014705,1436.8157611373945,1442.064208984375,916235
2022-11-16,1442.0643277917286,1450.2162348653092,1414.519152899523,1431.3441162109375,903711
2022-11-17,1426.2441410452134,1430.6737261849094,1396.800613375536,1403.4263916015625,393545
2022-11-18,1407.9710182246697,1433.0015656043356,1390.4645002731988,1402.0113525390625,535897
2022-11-21,1401.2663505771732,1420.6352634506482,1392.2150600998789,1407.5240478515625,209767
2022-11-22,1404.3205095153344,1420.635140912954,1393.0716903551254,1413.8187255859375,275798
2022-11-23,1424.5462997441289,1426.2596793322905,1403.985502186781,1412.701416015625,252957
2022-11-24,1422.0877995142628,1422.0877995142628,1393.81661516517,1395.939697265625,390425
2022-11-25,1400.5213910498614,1417.208502932465,1397.3180950968692,1410.9508056640625,347990
2022-11-28,1418.4000782939474,1422.1248684155178,1400.5955330129702,1412.365966796875,339601
2022-11-29,1415.4203617215303,1421.156563226866,1399.440986545842,1402.04833984375,246705
2022-11-30,1409.088143605955,1409.4606226288486,1395.6788987817906,1403.9852294921875,384270
2022-12-01,1411.397532301975,1436.9869151439143,1402.0111089776638,1433.4483642578125,1103027
2022-12-02,1442.9837695800784,1508.5400791944546,1437.76906313348,1503.5860595703125,2190511
2022-12-05,1513.6431317673894,1525.3017750312429,1490.6612218986652,1520.236083984375,716983
2022-12-06,1521.2045432457744,1529.9578015137165,1509.508676033563,1515.8408203125,379999
2022-12-07,1522.6944197624186,1534.6137498584064,1487.3461321965665,1491.0709228515625,856929
2022-12-08,1496.6209316494492,1542.9945767441125,1487.159938842044,1538.748291015625,634794
2022-12-09,1549.4757647431352,1564.412151751585,1520.6458594109156,1536.5880126953125,774150
2022-12-12,1528.653902404107,1541.9886998576994,1503.32532897246,1522.8060302734375,400515
2022-12-13,1531.0751544382777,1594.2103542138009,1526.754421653431,1564.03955078125,1559089
2022-12-14,1575.1767621615752,1599.7231571056377,1571.3774029006786,1590.6346435546875,1229059
2022-12-15,1594.1728847838497,1595.8490402716889,1546.5327967795545,1554.91357421875,532742
2022-12-16,1541.6165227748666,1562.9222784521687,1523.439494487457,1528.207275390625,402103
2022-12-19,1529.5107935890974,1534.2412290924915,1501.0905931640548,1510.8868408203125,301067
2022-12-20,1511.5201487110792,1521.8005473552796,1479.598739166471,1495.540771484375,479129
2022-12-21,1501.090507611106,1515.915221670018,1456.3930235135049,1461.90576171875,323666
2022-12-22,1470.919692132699,1470.919692132699,1429.0902484881044,1464.6993408203125,531510
2022-12-23,1453.4504434725395,1453.4504434725395,1401.6386330539149,1411.174072265625,500850
2022-12-26,1411.1741704050858,1468.275259933475,1397.5414607891182,1460.229736328125,441563
2022-12-27,1470.919805342089,1487.7558103244758,1450.098201674925,1469.8023681640625,392262
2022-12-28,1471.2177363880062,1480.3806963707004,1452.295752968714,1470.4727783203125,244874
2022-12-29,1466.82239347504,1469.057267614413,1451.9232325458877,1463.9915771484375,285570
2022-12-30,1475.128761923949,1485.6698458011365,1458.627892272979,1463.023193359375,276357
2023-01-02,1471.292296277528,1485.44650064678,1458.6280081576708,1462.42724609375,299626
2023-01-03,1463.8428251440466,1507.4228787170373,1456.3932433366977,1495.540771484375,729917
2023-01-04,1498.110637489223,1518.9322392219165,1481.7960077059022,1501.1649169921875,818081
2023-01-05,1509.8437782014887,1509.8437782014887,1469.0200999496662,1497.4029541015625,423503
2023-01-06,1490.6611592973584,1556.9624302506145,1490.6611592973584,1534.7999267578125,1272623
2023-01-09,1545.3411753720404,1564.4120547780285,1534.7999694554442,1559.0111083984375,436418
2023-01-10,1560.6497750270676,1560.6497750270676,1536.252400704076,1554.91357421875,312221
2023-01-11,1554.727630306683,1572.9791046442556,1531.6339280836323,1538.0032958984375,308805
2023-01-12,1542.063214529073,1552.4554039204022,1528.5795218777516,1537.4072265625,199670
2023-01-13,1545.0429007841117,1545.0429007841117,1501.1276021845028,1525.301513671875,416631
2023-01-16,1526.3448117375349,1533.0494351301547,1452.6684017343098,1471.85107421875,630481
2023-01-17,1471.2921294674006,1491.5177887596983,1446.373258771548,1481.6470947265625,858290
2023-01-18,1489.4693414700712,1521.576988542372,1481.7217283773698,1512.82373046875,579853
2023-01-19,1502.9528580595318,1518.2244980051182,1490.69827395082,1495.987548828125,453882
2023-01-20,1495.9129780029384,1512.1158154815869,1479.4866773607275,1486.2657470703125,486143
2023-01-23,1490.2141123142817,1511.1846083988935,1460.1177589863237,1506.7894287109375,503265
2023-01-24,1508.428392267777,1529.920506658281,1492.151105937532,1497.216796875,217023
2023-01-25,1493.6410241084684,1501.4258606785734,1460.1179088541635,1473.787841796875,334011
2023-01-27,1475.0169960410412,1475.0169960410412,1445.144225580691,1462.576171875,650003
2023-01-30,1462.6134665732905,1489.6555431473214,1451.3646475367605,1468.0517578125,336989
2023-01-31,1488.4635278856863,1535.3586651743065,1479.9710781789336,1529.175537109375,661494
2023-02-01,1542.882719948198,1554.0570917924938,1469.802376586381,1492.7098388671875,422703
2023-02-02,1497.8498105203578,1541.131820645009,1487.1968144099387,1517.0697021484375,323599
2023-02-03,1518.187336035914,1537.407230156927,1496.0992805709743,1529.994873046875,320897
2023-02-06,1538.3385471407337,1574.0965375827457,1518.4481407074247,1558.564208984375,654241
2023-02-07,1571.8616711000716,1586.7236102023553,1534.6509878589245,1545.452880859375,554729
2023-02-08,1534.61366915461,1544.1491084800018,1477.251896084268,1515.281982421875,1265370
2023-02-09,1515.28186608634,1524.4448256623357,1497.663681317182,1512.4510498046875,386402
2023-02-10,1512.2650001701666,1519.6773577953238,1432.5544804567637,1446.447998046875,1332869
2023-02-13,1434.0444105362608,1442.946684503555,1411.8074586961354,1417.3572998046875,721781
2023-02-14,1415.4203053560473,1432.8895960062996,1408.0451721072136,1423.5030517578125,350381
2023-02-15,1424.3225876965,1426.5946855305676,1409.6468896580764,1416.686767578125,346178
2023-02-16,1425.8497299526198,1446.67133202501,1421.3799815828622,1436.130126953125,370339
2023-02-17,1428.8297286600553,1438.290721394866,1416.1654401369997,1425.4774169921875,251777
2023-02-20,1425.4773524943278,1447.4536168782226,1411.6956273722244,1415.4576416015625,549353
2023-02-21,1426.5948932261715,1463.7683543484995,1416.3517184053574,1448.533935546875,516297
2023-02-22,1448.012306614091,1448.012306614091,1378.172484751675,1383.312744140625,914845
2023-02-23,1380.4072617463248,1413.5578948535624,1343.7180779141572,1398.2862548828125,863269
2023-02-24,1405.2888800407206,1428.5314736389807,1387.8568135923458,1390.724853515625,598299
2023-02-27,1393.0715621037969,1398.8822106797477,1361.7833238105566,1395.49267578125,454809
2023-02-28,1393.07154761757,1413.7813570701835,1387.149106895142,1406.853271484375,589235
2023-03-01,1416.9102011154482,1439.2589424579633,1410.8015208985578,1417.6923828125,262027
2023-03-02,1422.8699741596067,1433.2621639276215,1413.4089820186596,1420.486083984375,278946
2023-03-03,1428.0846527612637,1434.0443174571897,1416.2025470238234,1431.2135009765625,255547
2023-03-06,1439.9667502232403,1445.2931277648004,1430.1332792815374,1432.8896484375,278530
2023-03-08,1432.8897678673115,1448.1986334930314,1419.7039844543954,1443.170166015625,307607
2023-03-09,1451.2528382959456,1451.7371095648882,1422.1250248412423,1431.95849609375,292511
2023-03-10,1424.4342876461976,1433.671816282159,1406.1455911428343,1419.10791015625,793229
2023-03-13,1425.8126942964248,1429.574708753731,1382.1208497212938,1403.2777099609375,1016645
2023-03-14,1414.4270740055906,1418.7478066179594,1363.9685315734937,1380.854248046875,596155
2023-03-15,1389.5951542482871,1404.4943160164962,1335.958171882735,1340.7259521484375,533464
2023-03-16,1340.9743794374378,1347.7783062759188,1320.0658389067185,1325.0322265625,258800
2023-03-17,1336.0078379183171,1348.8707319655375,1316.4402000582552,1328.508544921875,223456
2023-03-20,1328.508747013986,1378.4209447989974,1290.2675606513403,1309.4378662109375,377501
2023-03-21,1315.9932477605414,1330.9917122078728,1310.4805097063747,1325.5286865234375,185674
2023-03-22,1330.2965794020106,1345.8412749869042,1325.7274059876,1338.44140625,282029
2023-03-23,1335.9582074394243,1342.513814541977,1320.661710033674,1327.3663330078125,142923
2023-03-24,1321.059021595794,1344.847968259241,1316.1919377926083,1324.585205078125,469411
2023-03-27,1321.0092417817125,1336.9016803279026,1308.2953636945708,1313.4107666015625,288500
2023-03-28,1319.7182407598718,1321.4067640946107,1289.0756525992213,1292.5521240234375,437021
2023-03-29,1292.5519945427409,1338.838699475618,1292.5519945427409,1333.673583984375,390104
2023-03-31,1345.8411210734137,1355.227664949438,1323.2937733230076,1328.0118408203125,407833
2023-04-03,1330.9919103977195,1341.222717611851,1318.0793023117717,1327.2174072265625,211331
2023-04-05,1336.9514647336528,1346.2385847595392,1318.1289053162163,1321.5556640625,381875
2023-04-06,1328.5086760465538,1394.5616307808311,1328.5086760465538,1389.346923828125,807435
2023-04-10,1398.4851670261185,1404.9414715120158,1377.6760495291485,1394.7603759765625,466538
2023-04-11,1399.5278450406347,1437.272385928885,1393.766787668345,1428.730224609375,457896
2023-04-12,1426.8431125185484,1440.2026462416952,1411.497023818,1420.23779296875,286684
2023-04-13,1421.4296638143553,1448.645367422287,1417.4565542365922,1439.6065673828125,214959
2023-04-17,1440.25238720551,1454.1582723233564,1423.4163819377102,1444.5731201171875,238001
2023-04-18,1445.765094891224,1459.96889020736,1435.186665403356,1440.997314453125,244777
2023-04-19,1445.218524478001,1452.2707693165842,1419.6913454321084,1423.2174072265625,260649
2023-04-20,1430.319515993698,1430.6671388483423,1405.4875799521408,1409.0633544921875,151865
2023-04-21,1410.4539161392406,1412.7880937927737,1387.608535807408,1392.8232421875,193525
2023-04-24,1399.130548508443,1412.3411866843687,1380.6556127602926,1384.5294189453125,230164
2023-04-25,1389.595293029775,1397.9388487031963,1375.8384232064757,1381.00341796875,285483
2023-04-26,1380.9537687234874,1390.88654380961,1374.249145540355,1381.3013916015625,197615
2023-04-27,1382.64210023339,1390.638031568663,1374.5965777793815,1387.2608642578125,232524
2023-04-28,1397.7896274388763,1441.1958015142943,1390.5883662564763,1437.76904296875,367467
2023-05-02,1450.135367121767,1484.9497903040212,1440.2523049771444,1473.527099609375,581047
2023-05-03,1473.4775067373987,1492.200885220337,1460.1179724283252,1476.75537109375,550274
2023-05-04,1479.983490749593,1487.0854492001092,1461.1112180487592,1480.033203125,239799
2023-05-05,1480.9768170134116,1513.9039918227045,1478.096287887993,1496.2733154296875,571178
2023-05-08,1505.3120706710886,1540.3251029978162,1499.9483478519485,1533.22314453125,563133
2023-05-09,1544.546542199232,1554.479317390224,1529.8459864166853,1537.8419189453125,521655
2023-05-10,1548.171888373781,1554.4791757956025,1519.565449929553,1528.802978515625,308902
2023-05-11,1534.6137286929209,1559.3463625509205,1529.7466447209138,1536.8983154296875,291682
2023-05-12,1536.8982975918943,1576.6293969027458,1531.6338784333293,1562.922119140625,425278
2023-05-15,1570.3717995511631,1589.244072917053,1540.7224890657444,1584.92333984375,933148
2023-05-16,1637.9145699621768,1727.9551980732865,1599.2264604875077,1675.1624755859375,6040726
2023-05-17,1680.6254551153377,1713.800946387056,1651.025738434353,1708.2882080078125,1209502
2023-05-18,1714.39672780233,1717.1779529174075,1657.5315987949814,1672.877685546875,729612
2023-05-19,1678.638986411897,1687.3798769711982,1634.090514483982,1641.04345703125,546011
2023-05-22,1642.8310772293878,1677.5957855945285,1623.2635613065952,1666.173095703125,456249
2023-05-23,1677.447109129038,1710.4238739953887,1666.7693758854546,1701.6829833984375,685664
2023-05-24,1701.434460643029,1708.437114758627,1690.458818207906,1702.8250732421875,408146
2023-05-25,1702.2790453403131,1745.734936407981,1694.5314322615134,1740.1724853515625,653551
2023-05-26,1753.0850596158623,1767.9346308593074,1736.2987670141238,1764.408447265625,544317
2023-05-29,1777.9666957268105,1804.7851877852595,1759.044711163472,1780.3505859375,499586
2023-05-30,1780.3009130296273,1792.865897726235,1761.428640421983,1777.867431640625,330644
2023-05-31,1777.9664916032634,1813.2278382244451,1775.1852664684816,1809.105712890625,443608
2023-06-01,1808.758258470716,1824.650697864198,1789.786683194684,1796.938232421875,376713
2023-06-02,1807.7648989555423,1867.361543976055,1805.7783441215256,1853.7039794921875,853520
2023-06-05,1867.361705509164,1882.161564552766,1842.529767935904,1872.1790771484373,612285
2023-06-06,1877.2447450345524,1902.027091177148,1863.3885725392684,1897.60693359375,685189
2023-06-07,1906.4470867146576,1917.025516014104,1886.283626834894,1910.37060546875,297211
2023-06-08,1910.072577144478,1944.5889692691635,1905.106189788408,1938.7783203125,920008
2023-06-09,1943.7942745381451,1982.830127169652,1935.0535056503425,1974.486572265625,653794
2023-06-12,1983.0287395283915,2005.42719478528,1947.8171020177977,1954.1243896484373,733895
2023-06-13,1956.7068642308727,1997.4809520554,1942.5526605676264,1993.4581298828125,743387
2023-06-14,2003.440589213949,2010.4432436404263,1951.0949168156703,1955.4156494140625,701708
2023-06-15,1955.4157837279624,1969.470684668331,1934.258924379593,1956.806396484375,577166
2023-06-16,1961.722923903268,1982.5817499295813,1941.9566787998244,1946.9727783203125,339650
2023-06-19,1946.972773060757,1991.17361856854,1946.972773060757,1956.8558349609373,477269
2023-06-20,1959.736324635071,1999.318405066689,1959.736324635071,1976.6717529296875,430834
2023-06-21,1986.008606167641,1999.6661714989464,1963.858591143776,1972.00341796875,431397
2023-06-22,1981.538840424455,1981.538840424455,1933.7622183638289,1938.57958984375,264561
2023-06-23,1948.9593666075705,1958.74312520921,1914.442975329163,1947.3204345703125,489311
2023-06-26,1947.121917591387,1966.4908287005464,1920.9986710314645,1929.64013671875,422277
2023-06-27,1929.6400570816404,1966.6893545330731,1929.6400570816404,1941.4600830078125,542165
2023-06-28,1960.531011617698,1972.847554572688,1946.8237347811,1968.17919921875,972263
2023-06-30,1971.6557713325185,1993.4581632259665,1954.8197667724016,1969.2222900390625,719579
2023-07-03,1979.1052257365757,1979.1052257365757,1936.9902395939257,1951.4920654296875,371387
2023-07-04,1958.74311678286,1960.630368173714,1895.0740569629288,1911.463134765625,455401
2023-07-05,1910.0725618738725,1910.0725618738725,1851.5189039138088,1856.5845947265625,1206128
2023-07-06,1856.584666157593,1865.8717865465733,1820.6776602288364,1829.6668701171875,541865
2023-07-07,1827.630525390645,1829.5673679366996,1771.0634225747615,1775.3841552734375,709460
2023-07-10,1786.8566371030136,1802.7987906107755,1764.1106777363923,1773.6461181640625,372301
2023-07-11,1782.9331837501757,1797.832346845581,1760.832758491991,1767.2890625,344369
2023-07-12,1780.499434339332,1833.788669324908,1763.3156869886477,1827.1834716796875,982273
2023-07-13,1854.399109911575,1854.399109911575,1807.764786581768,1833.739013671875,751133
2023-07-14,1842.5298322796048,1848.340481624725,1825.7434176439372,1837.4144287109373,288190
2023-07-17,1851.4195892912649,1851.4195892912649,1817.9461852878248,1823.5582275390625,366563
2023-07-18,1831.603695445508,1844.913638089682,1822.713910391027,1827.6802978515625,302525
2023-07-19,1832.596926209719,1901.7787260209077,1827.6802512490328,1895.86865234375,1143323
2023-07-20,1896.1170432897345,1903.3680175708348,1865.8717917843771,1876.003173828125,418305
2023-07-21,1874.3643492996912,1925.96506677133,1843.3740186420528,1909.4766845703125,753246
2023-07-24,1911.0161931335524,1935.4012042011168,1871.334805601696,1878.0394287109373,605108
2023-07-25,1882.260794909972,1896.067375914131,1837.165973779341,1874.3145751953125,353977
2023-07-26,1874.3145408685243,1908.0859740373269,1865.6233632147887,1880.820556640625,419532
2023-07-27,1890.654090905541,1920.5021295754448,1877.592588213593,1887.9722900390625,765508
2023-07-28,1893.1868872348437,1915.1880077871176,1879.2810024387848,1896.4150390625,419161
2023-07-31,1860.458414272584,1976.6221659259968,1860.458414272584,1956.1109619140625,910329
2023-08-01,1976.6222834153448,2027.329149788769,1967.782089154151,1987.1510009765625,1252369
2023-08-02,1986.5052012078388,1995.8917459243207,1938.877595654621,1967.0369873046875,828024
2023-08-03,1956.756489549424,1992.017837457548,1956.756489549424,1983.32666015625,491092
2023-08-04,1991.7791080879529,2046.47099572891,1991.7791080879529,2014.30224609375,1141954
2023-08-07,2026.5332773191312,2026.5332773191312,1974.3771527870013,1979.5479736328125,562434
2023-08-08,1988.7958644031416,1993.4694861299024,1947.776949699827,1954.4891357421875,441489
2023-08-09,1969.3058762068065,1988.6966377260076,1944.4459255411643,1966.2232666015625,626620
2023-08-10,1953.9920544078104,1978.8022357552436,1952.301626375889,1963.0908203125,386802
2023-08-11,1987.8015719079635,1987.8015719079635,1925.4528668064097,1963.239990234375,1151206
2023-08-14,1920.23218909894,1990.5858432992525,1889.356084531354,1978.304931640625,900596
2023-08-16,1976.8134368002025,2023.500495289375,1955.7322479546951,2011.020751953125,1096560
2023-08-17,2020.5172290209057,2043.4877975038744,1960.50533671457,1980.5423583984373,1034879
2023-08-18,1976.2666421141585,1976.2666421141585,1909.244191530028,1929.2315673828125,1046930
2023-08-21,1930.0270312008963,1988.795926553251,1924.1600589402703,1970.1011962890625,816060
2023-08-22,1974.824633034861,2013.6559229681695,1969.305797040832,1997.844970703125,715291
2023-08-23,2005.7007421543617,2040.5046717405803,1999.137739709684,2006.7945556640625,1078815
2023-08-24,2028.571918481636,2039.1126343829264,1972.4381999782413,1982.1832275390625,909899
2023-08-25,1978.8519939852924,2006.2973541471908,1952.6496313070527,1973.0347900390625,1196631
2023-08-28,1973.134181667908,2028.5718687678125,1969.902388249528,1977.5592041015625,1558725
2023-08-29,1988.0502817837369,1998.740060715424,1945.0425665469495,1951.40673828125,1260238
2023-08-30,1966.919183687511,1993.8176973173,1955.0858235730675,1961.8477783203125,1260010
2023-08-31,1984.719048829292,2007.6896190041991,1901.6868134717636,1943.103515625,17916345
2023-09-01,1931.1208422014915,1945.5893811031608,1894.4275331264453,1900.3939208984373,780141
2023-09-04,1916.3542036085637,1918.740783177557,1874.092286984752,1882.1966552734373,541381
2023-09-05,1885.3785041216784,1912.2272486423983,1881.9975268306648,1903.72509765625,634880
2023-09-06,1909.2441595244104,1916.9009755679128,1877.6720230322744,1887.665771484375,402247
2023-09-07,1888.361768475625,1901.7363727835937,1874.4401967227768,1890.1517333984373,353912
2023-09-08,1890.15174308331,1905.7139744775905,1882.5445742020884,1898.6041259765625,838017
2023-09-11,1899.94639567832,1917.1991751818389,1889.704048625616,1904.8189697265625,711167
2023-09-12,1918.193683723751,1924.1600715424877,1856.8890246089404,1894.6761474609373,488266
2023-09-13,1894.626409442877,1899.3000311219416,1862.9050914520813,1890.4996337890625,396559
2023-09-14,1891.3450133125737,1919.1881575674377,1883.837259789261,1897.3114013671875,444154
2023-09-15,1897.3112657024592,1919.1880203384412,1894.427487404968,1915.8568115234373,364216
2023-09-18,1914.2161394574605,1914.2161394574605,1878.0200281795155,1892.041015625,342835
2023-09-20,1899.1013488062893,1903.2777718513732,1865.7392473543048,1882.0970458984373,307241
2023-09-21,1882.3953716901208,1889.0577895857823,1870.263764917388,1882.5445556640625,221982
2023-09-22,1879.412308092584,1886.025079379836,1823.378002443416,1830.736572265625,391026
2023-09-25,1834.1172797379645,1866.3855665648557,1800.1089178571356,1857.535400390625,622618
2023-09-26,1863.5018121063376,1914.2161090206512,1846.5970464682332,1909.0452880859373,707542
2023-09-27,1912.1775683567844,1928.7840876393927,1900.3939764400025,1917.3485107421875,438394
2023-09-28,1917.199241383,1921.5248481741792,1879.412119405534,1887.864501953125,403244
2023-09-29,1899.3001016800504,1909.144665751393,1882.395336377139,1901.736328125,349688
2023-10-03,1908.24970743893,1908.24970743893,1874.98714384457,1878.8155517578125,321425
2023-10-04,1879.412112312661,1892.886252995204,1841.3266225403092,1857.9827880859373,291689
2023-10-05,1854.6020999949085,1876.180488756343,1844.608351208701,1847.2435302734373,153879
2023-10-06,1859.4744383789327,1884.384156121299,1846.2490181889616,1878.8155517578125,318424
2023-10-09,1869.4183709014333,1871.8049502502424,1841.9233647908636,1851.07177734375,345097
2023-10-10,1851.6188515458637,1903.77497829102,1851.6188515458637,1900.841552734375,285755
2023-10-11,1909.194324352149,1937.2860668634728,1901.3386775378049,1923.8616943359373,493856
2023-10-12,1928.1374798607733,1942.456833539816,1912.6248972861683,1916.701904296875,375205
2023-10-13,1916.2049318006216,1933.0599292211336,1904.3219243432663,1926.298095703125,363379
2023-10-16,1938.8773112214565,1955.9809086397192,1917.5971692802616,1938.5291748046875,774044
2023-10-17,1952.84847849355,1959.461249438577,1934.501884037664,1956.1796875,517358
2023-10-18,1960.9529218567843,1968.560091089559,1937.1371375115432,1952.401123046875,474993
2023-10-19,1944.0479859440884,1944.0479859440884,1829.6922220650245,1833.5206298828125,2077841
2023-10-20,1844.6580019630896,1873.445774626892,1815.273493408382,1832.22802734375,2374492
2023-10-23,1828.6979228130272,1835.7084772707335,1795.5844208437152,1813.2349853515625,724200
2023-10-25,1819.698481196818,1848.08859124183,1796.6284972968397,1809.0584716796875,442617
2023-10-26,1813.7819417322085,1813.7819417322085,1763.0676440193013,1771.8680419921875,675909
2023-10-27,1788.5880181331293,1826.2576683570785,1787.0453540684473,1818.2459716796875,252287
2023-10-30,1821.2814789759573,1836.5086350186305,1791.1257862203663,1815.26025390625,822819
2023-10-31,1824.2673030174635,1846.162491597051,1812.473782557572,1841.9327392578125,792115
2023-11-01,1845.714560199137,1846.2121780880057,1811.329115482799,1815.31005859375,704496
2023-11-02,1820.2862702389232,1848.849488978503,1818.2957986476283,1833.47314453125,308915
2023-11-03,1843.077213445053,1858.0554394322348,1831.432881621505,1842.52978515625,209124
2023-11-06,1848.1528998738568,1861.0909654087843,1839.195777580446,1846.560546875,512282
2023-11-07,1846.5605071464197,1867.908266224256,1835.6129134677867,1863.2803955078125,191970
2023-11-08,1875.0241908482144,1885.9717843191968,1861.7875065105304,1880.99560546875,212578
2023-11-09,1885.8722867798035,1895.9241437692303,1866.5148781404632,1890.2015380859373,184803
2023-11-10,1880.9955673634704,1892.9383963626035,1867.1120772474735,1882.339111328125,137779
2023-11-13,1887.962289412827,1887.962289412827,1853.6764651194092,1864.325439453125,364407
2023-11-15,1880.0004081756451,1888.9575302897697,1866.465225723162,1874.526611328125,222223
2023-11-16,1875.22309589994,1889.85313388398,1866.7635922760087,1883.8319091796875,167444
2023-11-17,1883.78233989368,1918.3169729909375,1877.611805141786,1902.293701171875,279642
2023-11-20,1908.862196189502,1908.862196189502,1879.0051232564024,1883.1353759765625,351051
2023-11-21,1877.164098893311,1935.7337036229176,1877.164098893311,1932.15087890625,379527
2023-11-22,1940.6599050968064,1964.4958742391489,1921.850046583916,1938.66943359375,517972
2023-11-23,1954.4441612759056,1957.3800583634736,1940.7098582986007,1944.6409912109373,171925
2023-11-24,1954.593185867006,1954.593185867006,1915.8288023321952,1924.4873046875,184033
2023-11-28,1925.731364114648,1936.7785781205864,1904.9807230437784,1923.3428955078125,247010
2023-11-29,1935.7336756718369,1950.6622130163496,1931.7527323799663,1936.4801025390625,354178
2023-11-30,1935.584263624159,1973.7515311184795,1920.80503673254,1940.4111328125,1441205
2023-12-01,1949.517573034888,1975.5430128418625,1935.2857743494733,1969.024169921875,790565
2023-12-04,1989.4762904015336,2005.847870108741,1953.7971125927809,1981.514404296875,584918
2023-12-05,1989.4763433184496,1993.7559058090292,1943.446688051577,1961.6097412109373,397445
2023-12-06,1962.6050402837932,1984.997846270804,1950.662210424054,1956.98193359375,319651
2023-12-07,1959.1713839496576,1994.402632303122,1946.9797460140765,1960.21630859375,987794
2023-12-08,1964.5954547756,1969.9199419687573,1909.111059332976,1919.56103515625,253175
2023-12-11,1931.802577449209,1945.686068833364,1900.900455995767,1941.3070068359373,313475
2023-12-12,1944.4419657862568,1959.470002234955,1905.8765781091136,1919.262451171875,234803
2023-12-13,1924.7362778169577,1925.73151364333,1889.5547156524517,1911.8480224609373,269358
2023-12-14,1923.790714655512,1948.4726099780933,1902.442956303589,1940.659912109375,421435
2023-12-15,1952.4037126435576,1967.232749465016,1940.9585016353249,1951.15966796875,395548
2023-12-18,1958.6240162785564,1964.5954309623328,1923.2433356816864,1932.05126953125,370832
2023-12-19,1930.7573552184424,1940.7097127195689,1893.9336324642768,1899.7557373046875,483766
2023-12-20,1910.852714477212,1948.5223647851728,1843.92310768107,1856.11474609375,786084
2023-12-21,1841.1861367673391,1880.0003310018935,1814.8621997858097,1875.1734619140625,400698
2023-12-22,1875.1734238299805,1932.747786477508,1868.8038908641304,1924.6864013671875,763251
2023-12-26,1935.73343870419,1936.7286744053235,1907.369221221892,1912.843017578125,299801
2023-12-27,1912.8431287824656,1923.4424139134771,1882.587937411363,1897.5662841796875,445050
2023-12-28,1909.8076868460244,1912.046967392544,1869.202139162386,1880.5478515625,844215
2023-12-29,1884.9765428930705,1902.8907867009243,1873.2825226296104,1898.4620361328125,340623
2024-01-01,1899.905020906292,1904.8313892062845,1884.031059505215,1895.874267578125,238462
2024-01-02,1893.9337408212723,1897.964494435334,1859.100487574428,1890.6494140625,279468
2024-01-03,1888.957500758717,1888.957500758717,1844.61969839146,1852.2332763671875,450711
2024-01-04,1857.060093996168,1863.47943745921,1831.2337749503797,1844.470458984375,448704
2024-01-05,1851.2380877884088,1861.538754023476,1826.755311399464,1832.37841796875,391876
2024-01-08,1832.3285035952888,1835.8616390812413,1794.4100460546117,1799.43603515625,972370
2024-01-09,1813.5185546875,1826.5064299611013,1801.3767270015492,1813.5185546875,562377
2024-01-10,1819.1914625104653,1821.1819340222685,1796.251229741435,1802.3221435546875,307426
2024-01-11,1810.2841081480797,1820.28627652437,1795.8035001646565,1803.715576171875,533209
2024-01-12,1813.269752430936,1814.3147985790968,1796.8981727013495,1803.2178955078125,265406
2024-01-15,1811.329071633182,1815.1607049869656,1779.7303364549657,1794.1612548828125,719547
2024-01-16,1806.2534373098863,1811.428614758614,1774.7542006468095,1785.602294921875,298260
2024-01-17,1780.5264804850444,1794.6587788518111,1762.5624274762556,1766.2447509765625,319628
2024-01-18,1766.5435867124756,1789.4340106529753,1731.710332889976,1782.865478515625,876994
2024-01-19,1798.341360672042,1850.1434349751576,1793.0168732015743,1841.9327392578125,623395
2024-01-23,1826.2077391243452,1830.03949384427,1756.591048979818,1765.9462890625,1306351
2024-01-24,1771.320597713895,1825.511134520972,1763.7567089882953,1819.1416015625,489460
2024-01-25,1820.783888760417,1824.267214046376,1777.9887495329244,1791.4742431640625,512718
2024-01-29,1801.376819868311,1866.067147653637,1801.376819868311,1859.846923828125,1046879
2024-01-30,1880.9458148734948,1880.9458148734948,1854.3730681280451,1867.5101318359373,773114
2024-01-31,1833.224275986141,1875.024178044457,1798.4905235494589,1821.6795654296875,1742853
2024-02-01,1825.2623757085496,1895.924114353756,1811.329075130622,1880.1993408203125,1028119
2024-02-02,1880.8959732597848,1933.7429646188896,1880.8959732597848,1893.3861083984373,829998
2024-02-05,1900.90029197124,1910.703339859836,1851.1385042233017,1865.8680419921875,814203
2024-02-06,1884.92664198866,1895.874234901052,1865.867975154892,1879.75146484375,387406
2024-02-07,1885.971878752574,1903.8861235111733,1877.3133757147496,1885.324951171875,265200
2024-02-08,1893.9336798089985,1901.895566008931,1860.6927806265307,1864.5244140625,479678
2024-02-09,1870.0480708415728,1871.9887320588164,1826.8051238659875,1843.62451171875,358812
2024-02-12,1843.624335160087,1945.6858054156169,1824.8144775058795,1929.1649169921875,1545736
2024-02-13,1934.6885985245813,1938.6198528556872,1865.7188299890777,1890.6494140625,484655
2024-02-14,1871.043174029701,1945.6360434626777,1871.043174029701,1941.0579833984373,609990
2024-02-15,1945.6361951150943,1956.6335993938596,1935.3355287954853,1945.934814453125,397001
2024-02-16,1945.9347944248689,1974.348825058894,1938.9183334520808,1959.4202880859373,360551
2024-02-19,1960.7637143157383,1964.3963490586632,1939.1670258991144,1957.330078125,421390
2024-02-20,1957.3302353167849,1975.493289001332,1935.6341673704092,1942.7003173828125,329238
2024-02-21,1956.6336056882933,1960.6145489348612,1913.589656834774,1921.302734375,649882
2024-02-22,1933.7431010536443,1960.564656458866,1915.928356473415,1955.78759765625,305171
2024-02-23,1971.561991540284,2085.0188653593614,1958.623926981968,2066.009765625,2917191
2024-02-26,2084.023592667383,2114.328471672998,2032.3211457332352,2074.51904296875,2331714
2024-02-27,2084.919392542571,2124.380638032124,2065.114297196598,2085.267822265625,1057268
2024-02-28,2093.9758337114977,2106.6650884072305,2029.484514191812,2042.67138671875,639894
2024-02-29,2042.721420645628,2080.042762070336,2021.821469447792,2059.242431640625,2050782
2024-03-01,2076.559636902061,2096.165734890298,2056.207112013428,2063.72119140625,388318
2024-03-04,2104.924001032862,2109.302941952749,2061.681048283271,2087.109375,763233
2024-03-05,2095.9664638216445,2133.586423306246,2078.052220541118,2096.712890625,803395
2024-03-06,2100.942809154585,2100.942809154585,2037.894644461362,2083.028564453125,477261
2024-03-07,2070.1399410166864,2123.8328551846507,2070.1399410166864,2090.24365234375,415811
2024-03-11,2090.2438075897635,2114.826081121382,2067.40319655703,2090.990234375,801434
2024-03-12,2091.985470626187,2099.6487370277537,2025.8521060327607,2034.610107421875,479940
2024-03-13,2039.288031622349,2073.325048505739,1966.1878868161048,1991.6162109375,1066781
2024-03-14,1972.80609817102,2036.003569344615,1966.1380671308768,2006.0469970703125,563858
2024-03-15,2005.4000529600696,2047.5979519206944,1947.4773804229224,2020.527587890625,514531
2024-03-18,2025.553563491771,2040.233290828218,1935.1861086488595,1961.2115478515625,1769550
2024-03-19,1970.46720343561,2012.366602463134,1869.649777575272,1942.4512939453125,2131586
2024-03-20,1942.4513609060089,1955.6382344974036,1886.8176585887163,1895.7747802734373,1106750
2024-03-21,1905.4783811151983,1940.7097516741076,1892.9384347098212,1933.2454833984373,390508
2024-03-22,1930.7573326708416,1947.4275312905515,1902.9405423755377,1929.66259765625,519482
2024-03-26,1916.624981503987,1989.4761869789584,1916.624981503987,1983.4052734375,456184
2024-03-27,2000.2248978006892,2009.1820197246848,1978.23009010744,1988.58056640625,327476
2024-03-28,2000.4238538724103,2002.4641357517064,1972.557252922944,1981.76318359375,379847
2024-04-01,1988.6799818147308,2028.0914138091653,1985.495276082674,2020.0299072265625,445828
2024-04-02,2040.2331967238963,2051.1807894868048,2027.2951325495496,2041.925048828125,490877
2024-04-03,2041.9251861128944,2055.3110586592934,2018.7362655038212,2047.9464111328125,290457
2024-04-04,2084.0237556818183,2089.9951704545456,2041.2784268625437,2052.673828125,379027
2024-04-05,2052.6737823840763,2058.09776875294,2026.250224008072,2032.570068359375,301755
2024-04-08,2048.842027522686,2048.842027522686,1991.5662816622464,2015.1534423828125,670678
2024-04-09,2033.1671803214583,2033.366178880108,1980.519183752109,1987.53564453125,173393
2024-04-10,1998.3837089682413,2005.10155072902,1980.5192746591515,1985.7442626953125,180200
2024-04-12,1980.6685999191352,2012.914264922426,1950.7120259071075,1954.8919677734373,413279
2024-04-15,1930.8071712621647,1967.431774080441,1926.8262282500436,1960.1666259765625,570103
2024-04-16,1935.7335047831527,1994.20360422069,1935.7335047831527,1977.8817138671875,423415
2024-04-18,1980.5192231034707,1998.4334673325477,1965.6404966309296,1977.9813232421875,500791
2024-04-19,1965.5906315142188,1968.028910537563,1929.0157172316128,1934.3900146484373,494224
2024-04-22,1940.6102944578945,1971.5621032808083,1940.6102944578945,1952.35400390625,332780
2024-04-23,1958.6738499601847,1968.8750168329716,1944.6907384805256,1949.268798828125,507115
2024-04-24,1956.6335207776704,1985.594857341891,1948.6716346300504,1979.3746337890625,165710
2024-04-25,1996.4430519975872,2023.0157997571907,1976.538335626724,2001.0709228515625,689666
2024-04-26,2007.34080168774,2033.4657414829428,1976.04068431908,2030.0322265625,351693
2024-04-29,2047.1997626770208,2079.0473039534745,2031.2261816600585,2045.7069091796875,639029
2024-04-30,2013.362011969472,2139.15971918428,2013.362011969472,2108.009033203125,1100749
2024-05-02,2109.8998371291173,2131.795024118193,2045.557941645395,2053.07177734375,463442
2024-05-03,2069.045555339628,2073.9719242815754,2034.361609702008,2059.640625,298394
2024-05-06,2053.8678634217576,2106.615355468525,2050.185539930967,2099.44970703125,445527
2024-05-07,2104.426099075344,2120.847489775151,2021.3737201618148,2058.744873046875,386392
2024-05-08,2050.7824967699185,2117.861276474812,2040.5813322568235,2079.2958984375,614527
2024-05-09,2087.905167423592,2097.95714657875,2050.4844456999585,2062.178466796875,295120
2024-05-10,2055.4105599463005,2154.5857017329904,2050.1855724437137,2148.365478515625,1055032
2024-05-13,2164.538149618089,2217.385265479163,2109.1035665766058,2204.99462890625,1447510
2024-05-14,2215.3449694863984,2232.6124069427688,2190.0660786231742,2201.013671875,733542
2024-05-15,2203.5018926158464,2226.8401237530898,2171.2065391931155,2201.959228515625,532249
2024-05-16,2199.5208499605915,2268.1423073283645,2199.371418809425,2262.220703125,763037
2024-05-17,2279.089767846966,2340.794381648936,2255.6021079829707,2292.02783203125,1246909
2024-05-21,2189.5188460660547,2194.395404486748,2051.2308748157006,2068.299072265625,2005808
2024-05-22,2076.310468565176,2114.875851744038,2068.398393385909,2095.4189453125,996545
2024-05-23,2104.9237698365714,2123.2858222119867,2081.5357279494983,2095.17041015625,561757
2024-05-24,2108.705887112328,2154.984356760729,2102.28666411144,2138.761962890625,891219
2024-05-27,2156.626087757422,2191.8575795495376,2130.0035311006272,2163.891357421875,1501537
2024-05-28,2165.334507385898,2188.5235503989948,2130.79987330798,2138.413330078125,428424
2024-05-29,2132.6906782535666,2134.780770604594,2096.4641926706654,2103.978271484375,287874
2024-05-30,2104.92371469673,2112.8856010880177,2078.599776411032,2091.537841796875,325338
2024-05-31,2109.899963882768,2123.733644756849,2060.138172281759,2086.8603515625,1720844
2024-06-03,2137.766594736574,2168.668716314649,2108.655946274728,2135.776123046875,756841
2024-06-04,2131.844750333752,2131.844750333752,1922.1983188927704,2002.5137939453125,871166
2024-06-05,2010.3765081419624,2117.56336545086,1976.588298098148,2106.2177734375,636073
2024-06-06,2117.811680002561,2173.5946874964857,2100.4448662826617,2139.06005859375,465552
2024-06-07,2144.73294829654,2159.6614838995324,2134.581592681999,2148.514892578125,408587
2024-06-10,2169.6141001930755,2174.5902793219584,2104.575341787573,2150.455810546875,1119452
2024-06-11,2140.801935553225,2218.927942910647,2139.756889407088,2184.393310546875,664660
2024-06-12,2196.4854850667343,2247.0435140162845,2189.568644617733,2215.8427734375,706912
2024-06-13,2229.825460302037,2238.235152898045,2211.612599422,2225.5458984375,292695
2024-06-14,2239.280408818431,2281.030499400684,2231.766330406679,2258.6376953125,658492
2024-06-18,2259.284977182771,2286.852961350485,2240.275875451071,2246.4462890625,360927
2024-06-19,2235.4983382337164,2240.225707718819,2188.8218819823137,2194.0966796875,193812
2024-06-20,2210.5677892901062,2234.2046383565475,2188.573224997925,2201.013671875,314667
2024-06-21,2236.792068395672,2289.9375536083985,2217.832781133692,2262.8173828125,842534
2024-06-24,2262.121295397466,2381.9974059273104,2232.662459779982,2373.040283203125,2101515
2024-06-25,2380.603803392618,2403.4942245790853,2359.803474375032,2374.0849609375,895010
2024-06-26,2382.99227799085,2441.313187571436,2378.6133380740857,2394.537109375,1008811
2024-06-27,2373.935609264145,2428.3749499146934,2356.2203663619,2406.23095703125,451988
2024-06-28,2401.205197997504,2401.205197997504,2357.8130659411336,2369.457275390625,333399
2024-07-01,2368.661107564782,2378.314845836252,2351.791910037075,2366.81982421875,221539
2024-07-02,2359.8036675790577,2442.3086169846515,2359.8036675790577,2405.236083984375,713240
2024-07-03,2409.117428536793,2413.4468014334525,2361.296542997597,2388.66552734375,310243
2024-07-04,2387.670252163182,2387.670252163182,2342.1382153202085,2358.260986328125,322610
2024-07-05,2357.713359070617,2421.8562509530057,2357.713359070617,2394.785888671875,722122
2024-07-08,2402.49891284113,2402.6979113800903,2296.854743421473,2319.346923828125,871732
2024-07-09,2328.8516076589594,2336.7636831151267,2292.0776960394974,2324.373046875,336505
2024-07-10,2327.8564211010653,2357.91249217947,2281.478337923196,2338.306396484375,305366
2024-07-11,2336.962820588388,2342.9342353219763,2301.5325722889206,2327.30908203125,248612
2024-07-12,2327.3089679484024,2335.2708538695683,2274.113666233105,2291.381103515625,214191
2024-07-15,2289.042525527077,2289.042525527077,2231.8164623889006,2251.82080078125,526725
2024-07-16,2253.114153077558,2274.11372492762,2238.3350477414324,2256.05029296875,210636
2024-07-18,2266.101862081397,2266.101862081397,2221.4158766665323,2238.981689453125,194539
2024-07-19,2244.903567099486,2304.866524904776,2208.9258896073097,2261.275390625,821041
2024-07-22,2260.18047989696,2303.871233902564,2215.942297611163,2249.431884765625,875601
2024-07-23,2263.1663091511987,2263.1663091511987,2167.673478519321,2225.894775390625,413108
2024-07-24,2225.3470945817776,2225.3470945817776,2184.094622126103,2189.07080078125,234746
2024-07-25,2165.6330200068987,2186.5329710271862,2153.690190852449,2163.891357421875,281751
2024-07-26,2173.594892193219,2226.889815549222,2173.594892193219,2204.99462890625,260079
2024-07-29,2222.261876821869,2229.377958438085,2177.5758874737544,2192.255615234375,534045
2024-07-30,2198.4759004048683,2203.4520794460745,2178.571184240044,2183.54736328125,382126
2024-07-31,2199.4710254854367,2199.4710254854367,2169.564142357888,2178.322265625,502783
2024-08-01,2194.4947697420075,2198.475712634964,2147.619069986462,2158.46728515625,330769
2024-08-02,2139.756710816228,2160.1092318654764,2115.920864888906,2120.2998046875,210897
2024-08-05,2090.244006147636,2111.691386409594,2053.3206604728502,2095.468994140625,471373
2024-08-06,2099.947596322716,2138.2641756868984,2070.836948364214,2080.789306640625,380127
2024-08-07,2101.340915699622,2126.321433191636,2088.004852251838,2114.876220703125,227045
2024-08-08,2114.875922928853,2121.3947655456104,2065.114136506997,2072.27978515625,183709
2024-08-09,2065.2138047494955,2087.755797325841,2005.4000389043351,2021.672119140625,632306
2024-08-12,2020.3285454483723,2020.3285454483723,1906.4238639815196,1928.6673583984373,1768080
2024-08-13,1931.7526583289389,1949.6669024556368,1894.431316398318,1901.2486572265625,601770
2024-08-14,1917.8192374482728,1917.8192374482728,1850.1432083115408,1854.0743408203125,810952
2024-08-16,1871.3129212217184,1904.3449068579544,1855.021163726711,1882.77197265625,816779
2024-08-19,1897.4195940231928,1902.8502609824188,1864.3378591794544,1876.0460205078125,1593840
2024-08-20,1876.0958152616136,1903.74700366365,1876.0958152616136,1889.99609375,816174
2024-08-21,1892.1881372740213,1902.052909509568,1873.2060438255728,1883.5191650390625,673857
2024-08-22,1901.255888510761,1954.017296170751,1888.302178745223,1948.9852294921875,1036936
2024-08-23,1962.985368809644,1964.978247356659,1924.7719469977649,1939.4195556640625,903580
2024-08-26,1960.992499597108,1985.9034815533723,1949.085098876276,1966.9212646484373,783184
2024-08-27,1972.899810966289,1972.899810966289,1943.056504588535,1946.1953125,280917
2024-08-28,1948.0387481761304,1974.693498311021,1939.120665476848,1951.127685546875,708790
2024-08-29,1951.4762505239623,1954.9637876309216,1905.5404289565745,1923.9248046875,281376
2024-08-30,1938.074315753389,1938.074315753389,1907.1846994097616,1912.515625,441021
2024-09-02,1927.761177572792,1930.8002442380573,1903.1989262653276,1909.67578125,420363
2024-09-03,1913.5619883582667,1936.7789502456135,1909.7257215160992,1919.19189453125,330865
2024-09-04,1903.946253198844,1936.579637886669,1903.946253198844,1928.9071044921875,256231
2024-09-05,1940.0670816505856,1940.0670816505856,1910.024416074477,1926.216552734375,368394
2024-09-06,1928.060050374679,1932.992497572556,1889.2487908002104,1892.736328125,312986
2024-09-09,1903.1989822155876,1916.451672997318,1870.8147063401916,1909.7257080078125,484580
2024-09-10,1919.092118515028,1945.0494095456525,1910.174035911381,1935.1348876953125,352805
2024-09-11,1945.0494383185007,1953.0209524099696,1907.4837268167123,1916.2523193359373,335566
2024-09-12,1923.12767911838,1941.462184945913,1919.7896320853813,1932.7930908203125,510533
2024-09-13,1933.0421831945937,1949.0849516713183,1923.127661779058,1927.561767578125,286166
2024-09-16,1927.5619101493564,1936.5797342577123,1890.7933981478157,1897.369873046875,505775
2024-09-17,1903.198943664336,1909.625928092084,1893.7327709078904,1902.3021240234373,196810
2024-09-18,1902.302191045605,1913.11353282648,1868.3236361761456,1889.6474609375,273488
2024-09-19,1893.1350024924468,1913.1135369705075,1873.305836597081,1901.604736328125,308606
2024-09-20,1916.152579847337,1935.08492463002,1896.2237958655653,1921.03515625,518567
2024-09-23,1940.0672493908708,1974.6935138574,1932.4444646847776,1965.3768310546875,1140689
2024-09-24,1979.426497106029,2008.7715832817591,1966.9211363255783,2001.7965087890625,1238922
2024-09-25,2024.7644469415056,2030.6932115054085,1992.928263273036,2017.739501953125,661747
2024-09-26,2022.5724050029305,2022.67202459916,1992.878467187576,2001.3980712890625,317884
2024-09-27,1979.077816547424,2019.2841154668208,1979.077816547424,1997.711181640625,368524
2024-09-30,2002.842831631141,2006.3303689001505,1965.7254706966835,1982.4656982421875,827247
2024-10-01,1982.9140461786208,1994.5723363888296,1951.5262107742865,1967.46923828125,558479
2024-10-03,1938.0743567540997,1964.9782167193237,1900.7577551973363,1912.1170654296875,492776
2024-10-04,1914.1597435243543,1918.1455004083195,1871.3627276370355,1886.408935546875,544086
2024-10-07,1891.0921744712457,1900.7577080150315,1842.5157618509536,1880.779052734375,603553
2024-10-08,1878.2879993587628,1899.1633531376935,1873.8040227024687,1892.3377685546875,313473
2024-10-09,1892.337805145569,1915.604637918216,1888.252428440191,1894.9783935546875,340800
2024-10-10,1898.2166876152853,1908.181079676258,1884.2166681153608,1892.6864013671875,269728
2024-10-11,1892.188140221644,1897.220206756215,1875.29854470336,1890.6934814453125,316306
2024-10-14,1888.252363999137,1907.1847096012395,1877.5905127616868,1898.6153564453125,551594
2024-10-15,1900.109984328832,1910.7220864125395,1886.408944971748,1897.718505859375,289324
2024-10-16,1897.7186552768735,1900.3093731412464,1875.3486415468017,1887.8538818359373,183555
2024-10-17,1877.2915212723128,1883.867995905054,1841.6189479569337,1856.1171875,528719
2024-10-18,1859.9037135387969,1872.3093334322923,1836.7862501712289,1865.0352783203125,313813
2024-10-21,1868.1740216795968,1891.2416136334996,1828.3164534259931,1843.46240234375,639520
2024-10-22,1854.7719268326264,1861.0992913423463,1774.3094624900248,1783.775634765625,540604
2024-10-23,1783.7756969834547,1802.5585519846336,1760.259755679386,1786.7650146484375,819053
2024-10-24,1802.608421859104,1803.554990465034,1767.135088274037,1785.5692138671875,591028
2024-10-25,1794.5372159280637,1814.466000898022,1746.957241812288,1792.8931884765625,993364
2024-10-28,1795.5335156669555,1807.7398955126423,1784.3235749923458,1788.857421875,362060
2024-10-29,1797.5763685084817,1800.0175959644475,1733.8042578740344,1753.6334228515625,640667
2024-10-30,1760.0107560073054,1763.647662085431,1727.1780086176675,1740.6798095703125,684713
2024-10-31,1743.71875823469,1768.6796092619124,1733.804236684917,1764.046142578125,514160
2024-11-01,1777.448377294931,1777.7472360876145,1767.7330946375444,1771.9180908203125,47682
2024-11-04,1773.6119012013958,1797.576312559116,1722.8433727354277,1744.5657958984375,351188
2024-11-05,1749.697332822867,1782.9784258258328,1749.697332822867,1763.4482421875,1166407
2024-11-06,1763.7969969044452,1807.3912117391333,1762.2525891316884,1799.220458984375,730575
2024-11-07,1808.5372272696495,1811.47667438423,1772.7152851138028,1783.9749755859375,499968
2024-11-08,1738.786455095419,1791.4981146515154,1738.786455095419,1782.4305419921875,969790
2024-11-11,1781.6333381347915,1782.4305381707663,1703.911078417502,1707.448486328125,806463
2024-11-12,1718.857647727912,1745.5123967578954,1705.7544477094075,1736.44482421875,686585
2024-11-13,1736.444813866435,1748.352213773273,1715.1708610572118,1723.939453125,573401
2024-11-14,1721.3466483038808,1737.5528377795113,1709.279294642576,1726.4827880859375,342533
2024-11-18,1722.643020904124,1731.070189897193,1690.9287091866288,1711.47314453125,504872
2024-11-19,1711.3734666732837,1754.905805602111,1711.3235527825543,1724.488037109375,390428
2024-11-21,1720.349223722138,1725.485363144099,1699.8047877754932,1709.2791748046875,238429
2024-11-22,1714.3155488004954,1762.4354636201406,1708.9302049493938,1756.8505859375,268430
2024-11-25,1773.405809048975,1805.1201228879067,1767.7711392075084,1777.8936767578125,1046427
2024-11-26,1787.168623704577,1814.9934274062527,1779.53922437233,1798.33837890625,561727
2024-11-27,1804.8707459026705,1804.8707459026705,1778.2427802791606,1785.822265625,544003
2024-11-28,1795.147049353681,1845.012245169061,1788.1160080472323,1803.57421875,1094202
2024-11-29,1803.5742867685533,1810.056762469028,1777.3950579781767,1785.6727294921875,461910
2024-12-02,1785.173935572846,1814.3450739055309,1766.4744879236891,1811.403076171875,538271
2024-12-03,1823.8195025170016,1849.6994899601343,1817.6860591992584,1840.7237548828125,624695
2024-12-04,1852.7412915311584,1853.8383014559288,1826.41244463068,1831.548583984375,449981
2024-12-05,1832.994677621096,1839.876098966856,1803.624126089032,1820.279052734375,351982
2024-12-06,1829.504121148963,1845.0122457489,1820.3289738125295,1839.4273681640625,233858
2024-12-09,1844.014921265624,1853.7885482359827,1827.0607548721591,1845.560791015625,305785
2024-12-10,1854.8855465906247,1861.966379927164,1835.53782659665,1842.169921875,256183
2024-12-11,1842.1200658558976,1858.725200648564,1837.931438043875,1847.6551513671875,252022
2024-12-12,1849.6994082124831,1851.9932557717905,1819.880120388649,1828.4569091796875,510479
2024-12-13,1818.0850057827336,1833.9919542569808,1783.678021306867,1829.2547607421875,497357
2024-12-16,1840.025663234621,1850.9960059422533,1818.3842176805897,1847.3060302734373,361951
2024-12-17,1845.012178328916,1859.4730845914935,1815.093061923582,1823.869384765625,404973
2024-12-18,1825.066188075377,1837.68210711168,1792.2050723472223,1797.44091796875,353983
2024-12-19,1794.1997141554814,1794.1997141554814,1759.194248230453,1777.494873046875,226679
2024-12-20,1775.200836490593,1790.8086659461785,1723.0917108127092,1729.9232177734375,292728
2024-12-23,1730.322219455812,1741.9408339231636,1712.5203696730505,1716.7589111328125,216433
2024-12-24,1723.34106510186,1743.2372283549091,1685.443518531333,1688.93408203125,234613
2024-12-26,1703.1957118738528,1703.1957118738528,1648.643113489043,1666.9935302734375,429557
2024-12-27,1674.473272682175,1675.6201965322523,1645.5514591575873,1649.640380859375,484231
2024-12-30,1660.5109896361882,1669.1874848495197,1630.5918727058065,1656.2225341796875,367378
