date,open,high,low,close,volume
2015-01-01,265.7535076877322,267.5197304957664,262.2210357784133,264.7196044921875,16445
2015-01-02,264.0733803823224,266.87350594918223,257.5253891827085,259.8085632324219,339757
2015-01-05,259.7655024660658,264.20261938884335,259.7655024660658,261.2301940917969,27915
2015-01-06,259.33470473061675,266.83043594943143,258.55929060635054,261.4886474609375,102491
2015-01-07,259.6793934221844,265.3658088709262,259.3778361079987,261.05792236328125,64535
2015-01-08,261.919418491891,262.78099552640384,260.1531960884376,261.18707275390625,158401
2015-01-09,260.19630297306315,262.9964287500912,258.51621698954705,261.74713134765625,524959
2015-01-12,261.962443004299,262.78095156746093,256.83607628245164,257.95611572265625,37950
2015-01-13,258.2146150607236,260.9285771170964,254.46675017657017,256.017578125,22819
2015-01-14,254.85449078445265,258.946981931117,254.1652396349444,255.8022308349609,32213
2015-01-15,255.97455556056772,260.6270665308999,251.02048735378204,254.68218994140625,50571
2015-01-16,254.16528228397544,256.7500139682192,253.1313790929777,253.64833068847656,18087
2015-01-19,253.77745134791135,256.31911357969466,252.48508606935832,253.6913146972656,16430
2015-01-20,254.596018362462,267.9504626420497,254.596018362462,260.32550048828125,145913
2015-01-21,262.78101188753857,266.1842519030527,260.196280623071,261.7040405273437,50913
2015-01-22,260.3686009163181,266.22731447153257,255.19913849939516,258.6454467773437,47633
2015-01-23,265.3657601785203,265.3657601785203,251.06357433882064,254.03602600097656,720969
2015-01-27,258.3008458272718,258.3008458272718,240.63851242145552,249.8143310546875,2722275
2015-01-28,250.7189129469038,255.62991248068715,247.48799912026843,252.31283569335935,101587
2015-01-29,248.52196089598183,255.8022726662264,247.61728903440988,249.21121215820312,608907
2015-01-30,249.8573421620615,254.03599607411044,246.75565955243525,249.77117919921875,227712
2015-02-02,250.71896536624436,252.39905142465813,242.01703038182444,243.7832794189453,68283
2015-02-03,244.68789233462056,245.7648636917272,230.4718704208134,233.2289276123047,611948
2015-02-04,236.502909610146,244.68789190995068,233.4873898154811,237.36448669433597,123628
2015-02-05,238.65684355155236,246.7556625867105,237.01985241038923,240.33692932128903,240136
2015-02-06,241.15546936486157,241.15546936486157,232.7981857344241,234.34901428222656,99397
2015-02-09,236.54599717624532,236.54599717624532,229.69647457607445,234.65054321289065,47569
2015-02-10,236.93370176945305,240.20768422205967,232.1088647656804,236.7183074951172,57510
2015-02-11,241.97395267869928,242.10318399513596,230.2995662866146,235.3397979736328,603563
2015-02-12,240.37999994164483,245.2909997050626,236.76136576931123,243.30935668945312,109025
2015-02-13,246.368010653538,248.09116505211287,241.28468414314264,246.4541473388672,657681
2015-02-16,248.95277697389963,250.37437429235015,242.8786410957881,247.7896423339844,113149
2015-02-18,247.91882384556664,252.4421038636005,243.09398656768104,245.1186981201172,76585
2015-02-19,248.1342177793563,252.872892077226,244.68790919908747,247.1864776611328,114951
2015-02-20,247.27262766658157,255.88839866541716,246.3679822290024,253.605224609375,158311
2015-02-23,250.84822151152764,260.54096597714505,246.06647809245723,248.7804412841797,74746
2015-02-24,249.8572704662836,256.7498848239742,246.4109632874383,250.3742218017578,74352
2015-02-25,251.58056089242493,254.1652926824156,242.10321099579247,243.35250854492188,71396
2015-02-26,242.1032002117577,247.27266356147496,237.27836249337156,244.55870056152344,75094
2015-02-27,243.82631757949605,249.7711942688981,243.05090345361688,249.1681060791016,112964
2015-03-02,242.792432480305,245.54948990176445,236.93371832626397,240.55235290527344,84933
2015-03-03,241.24159880537343,245.37715855330936,238.69993572923207,244.817138671875,72421
2015-03-04,243.8262946537854,251.58048776998356,236.9336785504982,249.9434967041016,2736356
2015-03-05,250.76201566950076,253.3036787456421,243.39554165185,244.817138671875,52733
2015-03-09,244.81713721388093,248.0911460969757,241.71545427477707,245.76487731933597,46014
2015-03-10,244.6878794059216,248.9957646067301,241.4569655053152,243.6539764404297,119357
2015-03-11,242.10317318334896,243.6970961302162,235.5551817460751,240.5954132080078,71707
2015-03-12,240.37999924623605,243.7832391435436,236.93369101331515,239.9922790527344,54192
2015-03-13,238.69991861814404,241.24158151208755,233.57355078695963,234.99514770507807,66512
2015-03-16,236.072144644601,242.87859903081383,234.34899030412947,241.2416076660156,101726
2015-03-17,242.10321134647,243.783297529698,238.65690228815723,242.6201629638672,46074
2015-03-18,243.82635229652143,249.5558355282314,238.82921495756764,245.5925750732422,186909
2015-03-19,246.41103676951408,248.13419087279735,241.5000370578586,244.4724884033203,52513
2015-03-20,245.54947945589203,248.47883640829536,238.9153251076796,240.2938537597656,70231
2015-03-23,241.24157564107884,241.24157564107884,230.9026509707469,231.93655395507807,134300
2015-03-24,233.48740686176643,235.8136756762123,223.1484810966697,228.23178100585935,1053471
2015-03-25,229.179518362192,232.36736428528093,219.70216985849237,224.0100555419922,49597
2015-03-26,223.2777252664736,233.40125732771304,223.2346569239383,230.64422607421875,77367
2015-03-27,232.2066994353117,232.5539191081973,225.9566393587185,228.34381103515625,29360
2015-03-30,227.43239027806192,235.1147492173673,224.09034413032265,233.335205078125,87913
2015-03-31,231.7726557624165,234.7240625600352,228.77782995104425,233.03135681152344,63751
2015-04-01,233.07478415651565,235.54876761060004,231.03483195784375,232.944580078125,42173
2015-04-06,237.32828457669743,237.32828457669743,230.5574076054077,231.77268981933597,34191
2015-04-07,232.64074235317509,233.29178920677535,227.95321030548573,230.25357055664065,126692
2015-04-08,232.64069618866824,234.29000925893817,230.4705404406396,232.2066650390625,1204223
2015-04-09,233.07476849866657,233.07476849866657,227.60598564432536,229.8195343017578,1146480
2015-04-10,230.03657599445535,234.37688874906772,227.60601144833916,230.5574188232422,826149
2015-04-13,230.8178415832633,233.89947972854463,226.73796323071707,227.56260681152344,152267
2015-04-15,229.602500109033,229.9931387775168,226.1302505799739,227.17193603515625,834961
2015-04-16,227.17192425206304,227.9965675777445,223.3524287752807,224.6111297607422,553300
2015-04-17,224.82816066298372,226.34726985665256,223.0920358702194,223.9600982666016,115844
2015-04-20,225.13196730849631,225.52257945661768,219.57636052997168,222.2239532470703,109953
2015-04-21,223.4392450173914,223.4392450173914,220.8350579507757,222.18055725097656,62740
2015-04-22,222.22398814461133,223.04865807208225,218.83854987345356,221.4861297607422,195924
2015-04-23,222.8316280172708,240.1928759659117,218.49130278452955,220.05381774902344,235140
2015-04-24,221.0955049391482,221.18231648299863,217.23262965827723,219.7934112548828,76032
2015-04-27,221.35594366112971,221.35594366112971,212.71872419484149,214.4548492431641,401965
2015-04-28,216.147538150612,223.09203736830236,207.9443510988315,209.24644470214844,331405
2015-04-29,210.07112743573416,212.63190919130943,207.5971439838158,208.42181396484372,727125
2015-04-30,209.4634610702114,210.0711021048696,197.52760299607107,199.48074340820312,566295
2015-05-04,200.5224153927761,203.3870239760749,200.1317899599584,202.7359771728516,196505
2015-05-05,203.95125794190628,204.2550850797082,201.86791348309055,203.9078521728516,65860
2015-05-06,204.86272727949688,204.86272727949688,195.7914778096693,199.22032165527344,170930
2015-05-07,199.22034216657812,205.47038946778568,199.22034216657812,202.77940368652344,152699
2015-05-08,203.99469771103816,214.4114482324529,202.0849627645621,212.41490173339844,119870
2015-05-11,212.76211991411856,218.7083399762299,210.93918340130648,214.23782348632807,165476
2015-05-12,216.58158888985295,222.22399501323596,214.0642129945766,218.14410400390625,156490
2015-05-13,219.83679274901883,223.43924624608155,214.4982145313321,221.65972900390625,53730
2015-05-14,222.13714519175363,224.8281437159292,220.1840049471172,222.2673492431641,80998
2015-05-15,220.61806325811943,223.7430933322831,219.6197967529297,219.6197967529297,464557
2015-05-18,219.6198124754086,223.0920624750198,216.7552035766128,221.4427490234375,171153
2015-05-19,219.61982406311895,219.61982406311895,213.6301977959945,215.14930725097656,67400
2015-05-20,215.27951261719173,216.1475751680675,208.76904348562343,209.94093322753903,69052
2015-05-21,211.1561798253176,211.1561798253176,206.5988522031884,208.20477294921875,160957
2015-05-22,206.16483100472487,207.4669246742284,204.0380806603188,205.55718994140625,97499
2015-05-25,204.8627377972332,204.94954934029528,198.0050497539484,198.7863006591797,66279
2015-05-26,202.04151413959005,202.04151413959005,197.35398269731184,199.6543426513672,783566
2015-05-27,201.99812935807864,201.99812935807864,197.0501760448357,199.69776916503903,58419
2015-05-28,198.0050600851032,201.47731005944556,198.0050600851032,199.914794921875,33920
2015-05-29,203.5172432242996,211.37321121849777,197.3106018686833,206.25164794921875,66319
2015-06-01,206.1648148756761,217.4496257951868,206.1648148756761,214.41140747070312,149121
2015-06-02,215.27946492982684,216.88538559144683,205.73077898535877,206.81585693359372,41325
2015-06-03,205.2967573692591,212.2846623305213,195.79147674905863,208.72560119628903,64423
2015-06-04,208.76902759927543,210.89577803796865,207.42352809868757,209.42007446289065,40128
2015-06-05,211.5468105839512,211.5468105839512,205.16655969969136,206.6856689453125,11029
2015-06-08,202.2585245768229,210.76553813088685,199.69774333108217,201.82449340820312,21702
2015-06-09,207.38008747494624,208.248149813888,201.4338684005435,205.34014892578125,40519
2015-06-10,203.21342750052355,209.63708441628884,203.1266159561557,207.81414794921875,29597
2015-06-11,204.99293650787905,211.63362201108964,199.91477926545124,203.8210601806641,49942
2015-06-12,202.25857049960973,205.7308206369421,200.088414163777,203.38705444335935,451969
2015-06-15,209.72389157619472,209.72389157619472,199.9581890901555,205.03634643554688,133634
2015-06-16,206.8592724178241,207.07628801766532,199.8279616847342,201.9547119140625,124391
2015-06-17,203.34362813533204,205.7307998637084,203.12661252366144,204.90614318847656,57616
2015-06-18,205.7307936025144,212.6318871944951,204.8627311822506,208.5085906982422,133530
2015-06-19,205.0797372754936,215.4530800674024,205.0797372754936,214.6718292236328,254188
2015-06-22,215.27948591440017,215.71351713600177,210.4183309342294,214.9322662353516,146382
2015-06-23,215.2794548954124,215.97390739902968,212.0242212024374,212.7186737060547,197231
2015-06-24,213.36977461634095,221.39935309761367,208.3350092438317,217.62327575683597,209548
2015-06-25,217.84027200602304,220.097239703552,212.6753030105964,216.4079742431641,64363
2015-06-26,213.76037634776944,216.7985948948443,212.84890813453063,214.0207977294922,21642
2015-06-29,206.6422618044794,222.1805738298385,206.6422618044794,221.0086975097656,111518
2015-06-30,217.01559876918537,220.48784834949237,214.4548173528252,216.9287872314453,702361
2015-07-01,219.44617671993723,220.48784894773948,213.10931856956708,220.05381774902344,32731
2015-07-02,217.88367713434775,219.92362921053163,214.6718486862646,218.10069274902344,230381
2015-07-03,214.7586777610132,216.79863012953467,214.49826958254997,215.4965362548828,71638
2015-07-06,215.27950002510943,215.27950002510943,211.1127973755069,212.5885009765625,43123
2015-07-07,212.67528786693268,215.1058652345281,212.5016780361575,212.89230346679688,179788
2015-07-08,210.93914714936625,214.8454276521323,210.50511598239223,212.37144470214844,33709
2015-07-09,210.93914317322236,213.49992436098293,203.6474250037379,206.8592529296875,69984
2015-07-10,204.9929411614506,210.4183314446309,203.3870335849783,207.5103302001953,36200
2015-07-13,209.20306839582136,213.7603966492573,208.33500587135737,212.2412872314453,36691
2015-07-14,212.2412621985297,214.3246067132889,210.07110614333004,212.28466796875,29416
2015-07-15,211.8072559692133,214.1944279114893,210.8523818940697,212.2412872314453,198393
2015-07-16,213.99533246755576,217.67885600567791,212.41667569909868,216.45101928710935,51569
2015-07-17,215.0039164592512,217.94197254879117,214.0830455910348,216.14405822753903,68401
2015-07-20,215.74937934391448,216.23174851893077,213.5129501742322,214.60923767089844,22865
2015-07-21,214.8723341721755,216.71410238947436,213.11827430138223,213.7760467529297,29274
2015-07-22,213.1182774783612,216.53868892443063,212.5482133648213,216.1001739501953,33911
2015-07-23,217.50345267194191,217.50345267194191,214.0391866465939,216.45101928710935,55290
2015-07-24,216.23174397017905,216.80180810348705,215.26700564044117,215.7055206298828,48364
2015-07-27,215.74937580629748,215.74937580629748,204.65495187491544,206.4090118408203,487168
2015-07-28,205.22503205146825,208.6892980784178,198.95427253619556,200.4452209472656,118309
2015-07-29,200.92754940640265,206.89134184129816,199.3050387871828,205.2688446044922,224713
2015-07-30,206.1020223407845,210.48717175229055,205.70736157023177,209.3908843994141,122822
2015-07-31,210.5749148630512,214.8723566429436,208.7331464531452,213.42526245117188,266886
2015-08-03,215.7493610563644,220.7922831135762,201.9799939418517,207.1106109619141,90721
2015-08-04,210.22406503408715,216.6263860012966,206.58439629026995,207.4175720214844,111741
2015-08-05,209.5663077565478,211.75888267214765,207.15447534938804,209.0839385986328,573781
2015-08-06,209.74170101129644,209.74170101129644,203.4709424064765,204.611083984375,58674
2015-08-07,204.65497928170595,207.72458463311196,201.93618061749373,202.2869873046875,44172
2015-08-10,202.5939743849574,205.9266917915833,198.20882342424403,199.4805145263672,85600
2015-08-11,199.08584759767965,201.54153473792323,191.3241252788997,193.12203979492188,71277
2015-08-12,191.1925153309776,196.7178062945483,188.86839148381893,192.3326568603516,63106
2015-08-13,201.67301568777216,201.67301568777216,185.05330234771813,187.3774261474609,52348
2015-08-14,194.4375681200184,194.4375681200184,186.8512632005913,190.6663360595703,30309
2015-08-17,192.9466072634552,198.12107910528127,192.9466072634552,197.2440490722656,57977
2015-08-18,197.41943586059125,200.7521387749574,193.91131626027803,194.7006378173828,64868
2015-08-19,194.7006418435381,194.74449601593173,189.4384623342533,193.6482086181641,56504
2015-08-20,194.26217539247497,194.26217539247497,187.6844493633844,190.9733123779297,104345
2015-08-21,189.4384850988855,191.19254514609744,185.0533349808557,188.12294006347656,55122
2015-08-24,186.80737589792764,191.1048172205479,168.3458931151002,174.7920684814453,128668
2015-08-25,175.40599409696108,180.7120280948772,163.7414928130301,165.01318359375,428105
2015-08-26,166.63569828293723,168.038951621444,160.80345419600067,163.1714324951172,116840
2015-08-27,166.6357169932278,167.5127470826658,163.7415150215988,164.6623992919922,224482
2015-08-28,167.51272309901057,167.86352973159217,162.82060743934446,165.14474487304688,882485
2015-08-31,166.4602898188506,166.4602898188506,163.34683077063204,165.14474487304688,245186
2015-09-01,163.74150881847072,165.32016559613731,160.4965002869662,161.6804962158203,53101
2015-09-02,165.4516643980585,165.4516643980585,161.28577289889412,163.52220153808594,45905
2015-09-03,169.9684238379057,169.9684238379057,159.61946672538124,161.85589599609375,35849
2015-09-04,161.41737124744665,161.5489203920933,152.69092558227754,153.91876220703125,622809
2015-09-07,153.0417369256261,155.9797928155601,151.06841940079713,151.9893035888672,23317
2015-09-08,154.3572827902088,154.3572827902088,150.23524439218076,151.90159606933594,39990
2015-09-09,152.20852782711725,155.67279293712272,150.05980744615786,151.24378967285156,244830
2015-09-10,150.84919982549002,150.84919982549002,147.34107889931585,148.21810913085938,53719
2015-09-11,149.09510972836628,149.13896390771092,146.46401955668924,147.2971954345703,76353
2015-09-14,146.46399943268145,151.55077574215574,145.98163029100104,149.27049255371094,795694
2015-09-15,149.09509306254532,153.39253450961735,148.5688697340644,149.88441467285156,127696
2015-09-16,151.55077574215574,151.85772819055978,148.48117096362648,149.27049255371094,90601
2015-09-18,153.48025849987516,153.48025849987516,142.42967453491755,144.00833129882812,222718
2015-09-21,147.29716150993838,147.29716150993838,143.13126969758054,144.13986206054688,202584
2015-09-22,145.4554504225484,145.4554504225484,142.0788791152981,142.6051025390625,88391
2015-09-23,142.07889957361476,142.29815713468517,140.32483908505162,141.46498107910156,180412
2015-09-24,139.4916063173756,142.07884180964874,138.8776880724587,141.28952026367188,45262
2015-09-28,140.36864580694157,142.95588147619338,138.57073173765983,139.84242248535156,104944
2015-09-29,139.31622621869772,141.6403504552445,133.04545344773092,134.9310760498047,489456
2015-09-30,134.49257595419,136.37818538304634,133.17703075756896,135.76426696777344,774829
2015-10-01,136.8166748963231,147.3848886785798,135.5011299453969,139.71087646484375,545971
2015-10-05,141.99114384214496,143.39439711797806,137.34289580357986,138.13221740722656,1148955
2015-10-06,140.2809556878278,144.05218762949738,138.57074974405228,140.5440673828125,460061
2015-10-07,140.5440594567852,143.65751867661683,139.05311111250998,140.98257446289062,79234
2015-10-08,143.65753326416632,143.8767907894833,141.20184630413272,142.6927947998047,190303
2015-10-09,141.8157474041606,146.77097490148657,141.8157474041606,145.3677215576172,335414
2015-10-12,148.21806652222395,170.67003934837908,146.9902299040001,162.38209533691406,1305185
2015-10-13,164.70623615140812,172.77490944920245,162.3820986293679,168.95982360839844,768872
2015-10-14,168.74059076750436,174.0904798852057,163.74152172940012,170.97702026367188,897768
2015-10-15,173.1257083842978,173.1257083842978,165.7148079144795,166.8988037109375,122870
2015-10-16,169.2668173539011,169.2668173539011,163.5661214326557,166.63572692871094,81231
2015-10-19,169.70529288986887,169.70529288986887,163.1275683592538,167.11805725097656,91521
2015-10-20,166.32872025620728,175.36213117827143,166.10946277451842,170.6261749267578,202236
2015-10-21,169.26678275129646,173.4326750728957,168.56515610485985,171.10855102539062,147148
2015-10-23,168.52130877185698,172.6872012625825,167.5127296270687,168.12664794921875,55071
2015-10-26,168.389779571548,171.459384928321,167.51274946961283,170.4508056640625,128772
2015-10-27,170.62618120058843,171.0208420056569,163.1275723746266,168.52130126953125,471801
2015-10-28,165.8902373486308,170.62620789771438,164.1800313374689,167.95126342773438,126445
2015-10-29,166.24107644336755,169.96845477894792,163.12761656892846,164.35545349121094,113440
2015-10-30,163.3029623771825,166.54797028447285,162.46978666053437,164.22384643554688,72134
2015-11-02,165.71480628249984,166.28488377912714,159.79485412334063,165.23243713378906,67615
2015-11-03,166.63571277463168,168.30206454941128,161.37353237122227,164.0923309326172,313004
2015-11-04,164.09231867252487,165.75867032280365,159.180945309994,161.3296661376953,510397
2015-11-05,161.37352547161407,165.49556393489488,156.37445697859624,157.73385620117188,302317
2015-11-06,156.98840889700588,159.31253361988777,156.98840889700588,158.39166259765625,28503
2015-11-09,156.9883703057241,162.03129281554484,155.49742197930374,161.3296661376953,748993
2015-11-10,159.79488165886232,170.49464621010233,159.7071866782494,167.86355590820312,668846
2015-11-13,169.1790585731377,169.1790585731377,164.8816175122209,166.02175903320312,23811
2015-11-16,165.75866208886964,169.7052969005094,165.75866208886964,166.8988037109375,71909
2015-11-17,167.688157692692,168.3897844711386,163.69766793629344,164.3115997314453,39463
2015-11-18,165.75864085861042,167.81966634923575,162.25052147535942,162.99600219726562,25601
2015-11-19,164.8377790327266,168.21434974658897,164.0484574182104,165.14474487304688,56772
2015-11-20,165.3201501327195,168.2582058991849,161.54891856726724,163.302978515625,42543
2015-11-23,166.241061717521,166.241061717521,163.12760211887613,163.47840881347656,29526
2015-11-24,162.25054346648562,168.38975321927157,162.25054346648562,166.76724243164062,39657
2015-11-26,166.59187496386298,173.65197037530208,166.59187496386298,169.0037078857422,175665
2015-11-27,169.3106619039332,170.88931874570756,166.67957162844834,168.03897094726562,389042
2015-11-30,168.74059345561787,173.2134525192076,167.60046498041308,170.8893280029297,101395
2015-12-01,170.31920640319066,174.52895266145745,169.57373900669842,170.7138671875,211581
2015-12-02,173.21343282432048,178.91412808182977,168.03896094354783,171.94174194335938,295049
2015-12-03,175.36214306639653,175.36214306639653,168.38975735250258,171.634765625,40401
2015-12-04,170.14382435876172,172.51180274294168,168.38976431382602,171.28396606445312,164304
2015-12-07,169.2667999267578,171.10856838773577,168.38976987532382,169.2667999267578,19519
2015-12-08,169.26677802792392,171.28394956173446,165.75865827604986,166.28488159179688,25761
2015-12-09,165.18860142041808,166.98650216624193,158.83013409103648,160.80345153808594,134582
2015-12-10,161.1542588631241,162.25054633838346,157.03222063263206,161.54891967773438,24114
2015-12-11,164.8816364283126,164.8816364283126,160.05797153280346,160.7157440185547,26046
2015-12-14,160.05793997745386,164.31153989968283,158.78624943219776,163.3468017578125,16716
2015-12-15,163.08373416982897,164.88164843832593,160.05798319146,160.8911590576172,38015
2015-12-16,163.39067570555187,163.39067570555187,159.9264102206562,161.4173583984375,18968
2015-12-17,162.6890367867956,164.35538814485403,161.85586110776643,163.7853240966797,17884
2015-12-18,164.04846611965135,168.47747034859643,161.19811858588875,164.6185302734375,42221
2015-12-21,165.4955696935291,169.17909327011438,164.18002460314742,167.46888732910156,17838
2015-12-22,167.46886335613078,170.93312892174694,167.46886335613078,167.99508666992188,18282
2015-12-23,170.05611950491215,170.05611950491215,166.6357076998296,166.85496520996094,13267
2015-12-24,166.89878891358728,168.91596031495362,165.75864739260507,166.02175903320312,14761
2015-12-28,165.36400576101033,168.3897565220325,165.27629740985557,165.80252075195312,15493
2015-12-29,171.76631591284436,171.76631591284436,165.32014062056217,166.37257385253906,16123
2015-12-30,165.53944039692396,168.3459341933948,165.01321695527778,165.71484375,9840
2015-12-31,163.78533102696636,167.95122298079815,163.78533102696636,165.1008758544922,40429
2016-01-01,166.02177851518834,167.07421181866533,165.5394093478902,166.5918426513672,16613
2016-01-04,166.5918436370531,167.51272780144996,163.56609285324825,165.67095947265625,61656
2016-01-05,165.05701430547754,167.4249922126893,162.4697789368126,162.99600219726562,273556
2016-01-06,162.77677604610233,164.88164272796098,162.4698101880573,162.9083251953125,27831
2016-01-07,164.48698736711756,164.48698736711756,153.9626268430567,155.84823608398438,50854
2016-01-08,157.90926350019555,160.4964994764751,156.242898372356,159.13710021972656,57176
2016-01-11,157.07603576037667,160.0579315988423,155.6727827879151,156.94447326660156,397962
2016-01-12,158.91783843420745,161.1104135047192,153.26099742877042,154.3134307861328,31078
2016-01-13,156.98837714971498,157.6900038581523,148.21807675028955,150.8491668701172,138175
2016-01-14,150.8491744110245,158.65473680374444,145.7185430679153,150.4545135498047,54278
2016-01-15,151.06844991466548,153.48028293217104,142.38585640461298,146.99026489257812,38500
2016-01-18,148.04266368278118,150.71760780517192,142.95588710916226,143.74520874023438,144315
2016-01-19,143.83291570490056,146.0254906394265,141.90345243900083,144.70994567871094,31785
2016-01-20,144.7099515876925,153.3925433299877,141.81574987945547,146.1132049560547,102390
2016-01-21,146.11319103039338,150.71759814207704,143.21898959799503,145.14845275878906,94019
2016-01-22,148.21808097116332,149.88443274154105,136.11506339880984,145.5431365966797,386420
2016-01-25,144.70998105556166,145.58701124377717,138.70231891331784,144.40301513671875,48924
2016-01-27,144.7099382638135,157.86538719688747,143.83290833494192,150.2352294921875,186931
2016-01-28,150.23525621907177,153.39255649524512,145.06077068873844,146.20091247558594,47737
2016-01-29,149.8844271905542,150.71761642730257,145.76238871458253,148.34962463378906,42686
2016-02-01,150.41061922841405,150.41061922841405,145.71850417940192,147.56027221679688,21203
2016-02-02,149.09510273066704,149.09510273066704,145.6308368437024,146.8148193359375,14242
2016-02-03,144.7099622938368,149.53362770363137,142.12272625052128,147.9988250732422,35511
2016-02-04,146.46401538903118,149.66516965384886,145.58698535676152,146.7271270751953,22230
2016-02-05,144.7099252051797,149.88439596561165,144.7099252051797,147.56027221679688,15378
2016-02-08,149.09509756181362,150.71760838824665,145.5869776191827,148.7881317138672,18393
2016-02-09,147.34104202430603,152.2524154447493,140.32480192791053,151.1561279296875,60076
2016-02-10,150.62991715269249,150.62991715269249,143.96448315133867,144.5784149169922,29321
2016-02-11,146.46399396178293,146.46399396178293,138.57072482611798,139.36004638671875,27908
2016-02-12,135.0626025989743,144.4906738842923,127.60784855942052,142.95587158203125,125247
2016-02-15,146.4640486677723,150.5860880795431,141.33341646027483,148.21810913085938,28768
2016-02-16,150.71760367376817,151.72618277275976,147.34103298163953,148.2619171142578,18112
2016-02-17,148.96357986804745,151.72621955318726,145.58700835739356,151.28770446777344,13854
2016-02-18,149.9721434091491,153.173297842401,145.80625053667276,147.12179565429688,26634
2016-02-19,145.8501005756285,149.9721391506544,145.8501005756285,146.55172729492188,31930
2016-02-22,148.17424918677466,149.0951335706063,144.75383676959297,145.2362060546875,182855
2016-02-23,147.16562283582454,148.1742018880032,144.27142143153577,146.9463653564453,30796
2016-02-24,145.1923284358317,149.57747871548585,145.1923284358317,148.13037109375,130035
2016-02-25,146.507868172207,150.84916411412445,145.2361773140072,149.31436157226562,30362
2016-02-26,149.6651564767857,151.72618222412572,148.39346571844226,149.13894653320312,32448
2016-02-29,150.41065603947416,154.26958296973595,146.72713244560305,149.79673767089844,265909
2016-03-01,150.84915202572742,153.39253353831143,148.7881262817122,150.8052978515625,64665
2016-03-02,152.60323620260704,153.74337800014442,147.16565230175618,147.86727905273438,61444
2016-03-03,149.09511116860668,150.8053171202338,146.37631261197714,148.96356201171875,154293
2016-03-04,151.11226626570163,154.62038614008858,148.3496138351727,151.55078125,132926
2016-03-08,151.63848379564308,160.62804142301874,151.3753854978478,152.77862548828125,141844
2016-03-09,152.64709338859166,154.79581448254578,150.23526058503924,150.98072814941406,26504
2016-03-10,152.38397196461338,153.8310662015265,149.97213931481377,151.5946502685547,82479
2016-03-11,150.8930093240037,152.99787590334824,149.09509520533862,150.6737518310547,17962
2016-03-14,151.4192432046054,152.99790007977776,150.32295556662706,150.98072814941406,224669
2016-03-15,152.69092386365858,152.734764656437,149.40206146035533,150.62989807128906,100620
2016-03-16,150.36679288939342,152.82247959961506,150.36679288939342,151.1561279296875,87226
2016-03-17,154.22569908813722,154.22569908813722,150.2352107335481,151.24378967285156,37092
2016-03-18,149.09510251996522,153.48025259408186,149.09510251996522,152.73477172851562,44554
2016-03-21,152.34013708649078,156.90069127107486,152.34013708649078,156.37448120117188,36112
2016-03-22,156.15519065242458,164.8377821035124,156.15519065242458,161.54891967773438,153752
2016-03-23,161.37352428111956,164.88164437418737,157.60229250458843,161.11041259765625,311573
2016-03-28,160.49649656557972,165.75867678084464,156.06749220791517,162.68907165527344,65261
2016-03-29,162.68904934375715,164.3992550026938,161.3296502980946,163.03985595703125,100428
2016-03-30,162.29442450577508,166.24106000013776,162.25057032379868,163.65382385253906,34108
2016-03-31,164.00460217258532,170.9331334889424,162.82060637612733,166.8988037109375,108887
2016-04-01,165.80252712800922,173.9589089496878,165.01319208450843,168.784423828125,573749
2016-04-04,171.41549650787186,175.230582042224,167.81968183762328,170.6261749267578,219580
2016-04-05,171.06470363113766,172.5995061262448,165.5832661486122,168.95982360839844,104369
2016-04-06,169.74914904058238,172.33638470961264,168.65286160604285,169.57374572753906,61144
2016-04-07,170.01225872093016,171.02083779599187,165.7148039981461,167.11805725097656,56746
2016-04-08,164.13615066717986,170.58232618711395,164.13615066717986,168.6090087890625,51884
2016-04-11,168.08280560325338,176.32689619460513,168.08280560325338,173.34498596191406,109934
2016-04-12,180.71202836718857,184.8779207332689,178.03708427669605,182.7730407714844,1142174
2016-04-13,190.97328071464045,194.70065817979415,185.9303582617854,192.7273406982422,465514
2016-04-18,192.4203634452914,195.1391616117241,186.14960472848733,193.34124755859372,215419
2016-04-20,193.9113452113983,196.45472694838864,189.74545256405528,195.6654052734375,328818
2016-04-21,194.04289600698792,197.3317586511741,190.66632500599016,193.86749267578125,174052
2016-04-22,192.15726093136172,194.74449652031132,187.7721113289337,192.77117919921875,65754
2016-04-25,194.17446113549445,195.40231131979516,187.9475553796329,192.990478515625,174579
2016-04-26,193.82367545587988,196.36705769939215,189.04386351139289,195.18307495117188,258499
2016-04-27,195.57769392542335,207.32989080833443,195.18303309398533,200.0505523681641,633845
2016-04-28,201.36610283950907,203.47096958570492,188.21065221974365,194.6129608154297,142933
2016-04-29,195.7531452299981,198.1211241814152,193.03435953852636,196.54248046875,85073
2016-05-02,196.4547362593165,203.2955735019725,191.54336249986684,200.1382598876953,81978
2016-05-03,201.7169034476337,203.909478485108,197.77026838018,200.92758178710935,74685
2016-05-04,201.1029709988921,202.5500650690921,190.31549989517129,194.0428771972656,129418
2016-05-05,195.13915228736772,201.58532739005096,193.9113157832444,195.57766723632807,82381
2016-05-06,196.80549192021095,198.1648908568248,194.5690765207647,195.4022521972656,195885
2016-05-09,201.1906970894422,206.1020709414391,195.66541823396716,204.172607421875,136380
2016-05-10,203.47094208545707,206.1020318538035,195.2707069544782,197.8579559326172,198999
2016-05-11,196.10388783113265,202.5061952919752,194.700634660792,199.17349243164065,168819
2016-05-12,200.5328945387963,201.7168903350332,196.54241893592663,199.8751220703125,84664
2016-05-13,201.71690759361223,204.34799769265936,196.454727395518,197.2440490722656,152174
2016-05-16,197.3317412058016,200.1382344042455,195.62153545850103,198.1649169921875,59175
2016-05-17,199.787472435866,201.54153274982025,196.893270241358,199.9190216064453,65543
2016-05-18,199.4366193039903,200.13824598982077,196.45472261723089,197.55101013183597,111822
2016-05-19,197.3317336399649,199.0857934945424,193.3850989671656,196.10389709472656,74763
2016-05-20,196.2792943140066,197.3317275176177,193.38509296726536,194.7006378173828,79888
2016-05-23,196.0162066138455,200.7521632998714,194.5691124548976,198.47189331054688,114166
2016-05-24,199.7874738175068,199.7874738175068,196.41090233682684,197.37564086914065,47917
2016-05-25,198.6473149751362,200.79603601471936,197.77028488694572,199.96286010742188,46517
2016-05-26,201.2345250887713,205.22501415153425,200.75215592603465,203.9533233642578,118456
2016-05-27,204.0848785209128,213.51295103003187,200.13824351709556,206.9790802001953,248079
2016-05-30,207.15450677191424,208.29464857745324,203.86564389963863,206.54058837890625,58018
2016-05-31,207.15447813363812,207.461443978914,201.4976374518432,202.2431182861328,113531
2016-06-01,202.4185631038877,205.48816865629635,201.27842122222373,203.29559326171875,73112
2016-06-02,203.4709876517476,207.06681649338776,201.05915482397904,205.44430541992188,89333
2016-06-03,207.59297150410043,217.85421850194305,204.74262437234336,205.9704742431641,394395
2016-06-06,208.47004639258557,210.3118149051865,204.34800771179243,207.72457885742188,146983
2016-06-07,208.6454471352137,213.5129666730228,206.58443451166997,211.23269653320312,169729
2016-06-08,213.99532229774164,227.72083659215093,212.41666560430792,220.39764404296875,749730
2016-06-09,221.84474725008883,223.64266151917727,212.72364013325367,214.7846527099609,240975
2016-06-10,215.7493438969857,217.85421019179577,212.50433611648123,214.91616821289065,290485
2016-06-13,215.74938852344903,229.7818690778197,213.11829841950453,226.0106506347656,819636
2016-06-14,228.02780004304492,232.41295004387277,220.1345300415549,223.90576171875,262627
2016-06-15,226.09829937707636,226.84378015118463,218.42430107125827,219.25747680664065,258678
2016-06-16,220.39765410924576,220.39765410924576,210.48721187370867,212.24127197265625,238029
2016-06-17,215.26703818459004,219.25752786827616,206.1020761961796,207.24221801757807,543925
2016-06-20,205.22503812076707,209.61018850796293,202.15543284972995,204.2602996826172,492346
2016-06-21,205.9266578860242,216.45101845891384,205.7950953494132,213.9076232910156,566139
2016-06-22,213.5567763403448,216.01246268727095,208.20688870534184,209.3908843994141,278416
2016-06-23,209.61016193134287,213.90760341295243,206.10204206638315,209.0839385986328,285753
2016-06-24,199.96282497889783,215.74936379302133,199.08579504477984,212.9867248535156,422289
2016-06-27,212.2412871098849,226.5368672299473,211.4081111799453,224.9143829345703,934873
2016-06-28,225.3967243395507,231.9306089611636,223.33569835546365,224.82666015625,322424
2016-06-29,226.36144510158624,231.5359166742956,222.37095598242115,228.3347625732422,585157
2016-06-30,230.17654068365565,240.0869692566264,229.0802531528035,231.9744415283203,786166
2016-07-01,233.9916485764637,236.79815594545607,232.4130049094291,234.29861450195312,535125
2016-07-04,231.5359400899195,232.10600428641652,216.23176793848967,219.43292236328125,1528990
2016-07-05,212.59206403052752,212.6797723824144,188.561447679254,193.6043701171875,5743264
2016-07-07,195.66538897794825,207.4175850618928,195.66538897794825,199.8751220703125,3139029
2016-07-08,201.80460359945752,210.4871950419727,201.80460359945752,208.952392578125,3577661
2016-07-11,210.9257223476241,215.26701832237055,210.9257223476241,213.33755493164065,726587
2016-07-12,213.3375339283852,219.25748605178333,212.67976147022983,217.85423278808597,712148
2016-07-13,219.25747094908587,219.8713891912605,208.8646614731336,210.18020629882807,770694
2016-07-14,212.8114126583975,220.30351040233973,210.09106294568457,217.85073852539065,468906
2016-07-15,218.51965587643244,221.3291888653003,216.78042052096316,218.2966766357422,395461
2016-07-18,218.51964771607288,220.2142844382053,207.41528466629305,211.74107360839844,171109
2016-07-19,212.45461557085807,214.7736050934496,209.64508261157115,213.16815185546875,123679
2016-07-20,209.600512543259,215.79933349017665,209.600512543259,211.2505645751953,138506
2016-07-21,212.1424637123797,212.49922506824524,207.6382801443176,208.5301971435547,209352
2016-07-22,210.22484670717975,211.11676376033677,206.12203642840228,207.14773559570312,170463
2016-07-25,207.01393082380247,214.2830485675942,206.96933225411112,209.42210388183597,315879
2016-07-26,207.90586555125145,213.61412911080023,201.1718892394137,206.2558135986328,960291
2016-07-27,205.1409073755848,212.2762432843008,202.59893851427543,211.69650268554688,595885
2016-07-28,212.2762226225228,221.0170109818352,212.2762226225228,218.56423950195312,707673
2016-07-29,215.26419519315493,230.91732924065423,215.26419519315493,227.43885803222656,856245
2016-08-01,229.04425620682184,233.2362766557883,221.7305537292169,230.4713287353516,549523
2016-08-02,230.5605373806424,231.8092156982557,217.3155648957976,220.74945068359372,799339
2016-08-03,221.19542038806708,223.87117144114853,216.735835299598,217.71694946289065,421328
2016-08-04,218.51967588603463,226.54692928592985,216.4682639619244,225.0752716064453,367794
2016-08-05,225.65498466910267,230.91728914443465,224.76306773365167,228.3753204345703,382232
2016-08-08,229.22264477231985,232.34435394237087,227.4388109608621,231.72000122070312,378616
2016-08-09,230.1591796875,234.0390242284113,223.6481962283323,230.1591796875,324029
2016-08-10,228.9105124910845,236.268828380284,226.63613483117337,234.8863677978516,432907
2016-08-11,235.33229663338295,238.0080475280908,229.4456392211966,231.40786743164065,199414
2016-08-12,233.5038389447827,235.19850286937867,227.43881477185755,229.8915863037109,154043
2016-08-16,228.41997321958155,236.1796356059717,228.41997321958155,235.24313354492188,150810
2016-08-17,235.91204157463716,246.7042424931473,233.0578963465672,241.6649169921875,748505
2016-08-18,242.69061597122268,245.32175473365564,240.9067820092426,243.00279235839844,269629
2016-08-19,244.6082456208994,244.6528305847665,239.07834914399848,241.3973388671875,99103
2016-08-22,239.92566326699657,248.66643862475308,237.695870857452,245.6339263916016,324875
2016-08-23,247.46242461562068,247.46242461562068,239.4797552206066,240.32708740234372,201856
2016-08-24,239.03374349468496,245.18796502889072,239.03374349468496,240.9959716796875,127403
2016-08-25,242.15549972239396,245.1434275384893,240.5946447518076,242.37847900390625,94534
2016-08-26,244.07309171358963,244.07309171358963,236.3580147879265,238.4540252685547,105300
2016-08-29,239.03376889538964,239.9256859435068,233.1025259692404,235.5552978515625,75981
2016-08-30,237.69589117029608,242.868999114861,232.4781710422405,241.1743621826172,118713
2016-08-31,241.70951545250773,243.0473909992928,237.24993029655735,240.05946350097656,89652
2016-09-01,240.8175957458748,241.9770769858812,234.0390209403096,235.7336578369141,50042
2016-09-02,238.14187882342063,239.74731880423263,235.4661273759665,237.9188995361328,50022
2016-09-06,238.8553640651991,250.67326443161195,236.89316297735837,242.64601135253903,322168
2016-09-07,245.23257874466248,245.23257874466248,234.5741601978255,235.6890563964844,121329
2016-09-08,235.68908778281772,240.7730260133802,234.61877640191543,238.09727478027344,163328
2016-09-09,239.5689115846897,239.5689115846897,228.3307519436346,229.44564819335935,119111
2016-09-12,224.76310265764627,228.77672949081847,220.4372994047308,224.1387634277344,91467
2016-09-14,224.004972330223,234.48499816675545,222.2211381452813,226.3685607910156,205157
2016-09-15,224.62929682674243,228.06316903353863,223.8711619500148,225.6103973388672,98797
2016-09-16,227.61722181636583,233.1471046435786,224.31713154928516,225.52122497558597,472157
2016-09-19,226.9037098355145,228.50917698266048,225.2982699075189,226.5023498535156,63487
2016-09-20,226.36855024545736,228.77672356102704,221.19542862820543,222.4441070556641,191029
2016-09-21,222.08734803152788,226.36855264320715,220.97245170606843,223.5590057373047,97008
2016-09-22,223.8711899279045,228.19699326476365,220.61569798832065,222.89007568359372,151947
2016-09-23,224.58469941867983,226.10095557041296,217.6723427888152,219.4561767578125,273356
2016-09-26,219.41158118355548,226.725297834426,217.1817886918527,218.16290283203125,275625
2016-09-27,220.08051056126408,221.64136524609572,217.62773891367144,218.2966766357422,412282
2016-09-28,220.30350819723665,222.71168147585843,217.62775708552928,219.94674682617188,140618
2016-09-29,221.6860034111122,222.97928051619107,205.1409380748958,213.34657287597656,257022
2016-09-30,213.16815650753855,220.74945077663517,211.3843225618688,219.4115753173828,100965
2016-10-03,222.08738467188795,222.39956113834967,217.62779863429984,220.7049102783203,73000
2016-10-04,222.8008744187232,231.1849025762608,221.1062239142122,227.6618194580078,337624
2016-10-05,227.43882177243083,231.00648956493956,225.11983226347112,227.34962463378903,171437
2016-10-06,229.31187046883636,236.35800945790288,228.8659119604252,229.8024139404297,546996
2016-10-07,229.8024382468008,243.8501327475865,228.6875418578496,240.683837890625,1254002
2016-10-10,243.448759486952,243.49334444992505,232.79034029828,234.30661010742188,194297
2016-10-13,236.17962361733467,241.8879145045564,229.222681524862,238.7662048339844,858821
2016-10-14,235.02009718470453,241.57569167713876,233.59302473709783,236.0904083251953,235450
2016-10-17,238.40942822130748,238.4986253744935,229.2672780123029,229.8470458984375,152834
2016-10-18,231.8092401161252,235.9120640654409,230.38216736603948,233.2363128662109,256966
2016-10-19,233.3254927264233,245.0541958367458,232.03220218830683,241.21896362304688,761439
2016-10-20,245.27722817880132,250.6287313390661,239.3905692586796,240.8176422119141,783262
2016-10-21,242.6014454033809,249.02325925760067,239.92569416731425,246.7042694091797,299927
2016-10-24,248.80022998523648,257.2288283534173,244.4744275791448,251.20838928222656,614244
2016-10-25,251.43142113902843,253.75041100682225,246.16911577463244,249.15704345703125,235463
2016-10-26,249.15709513734916,255.62349535312865,240.37170457276943,245.50022888183597,1177984
2016-10-27,247.4177168032438,254.15170502717743,239.07828921446205,251.56512451171875,505160
2016-10-28,252.94767786095204,257.76402443070657,248.13133129119748,255.1328582763672,359779
2016-11-01,257.45186509314203,262.1344298612664,251.9219954127516,253.5274353027344,309147
2016-11-02,251.25304923225656,251.25304923225656,241.9770899390681,243.71633911132807,265081
2016-11-03,246.1690967238953,248.8002628120451,237.51749077021543,240.23785400390625,251195
2016-11-04,238.23103468904327,242.6014225185256,227.3496364678331,229.7132110595703,223419
2016-11-07,235.37690498391024,237.16073909097912,231.00651686542116,234.2620086669922,133012
2016-11-08,233.6822744529282,238.85538261804328,233.1471187622596,237.0715484619141,271365
2016-11-09,221.1954116150828,236.2242182109852,205.1409059333429,226.1455535888672,199152
2016-11-10,232.74574356327105,239.033747296663,228.3753286470826,229.5794219970703,184033
2016-11-11,228.33073999472364,236.35799257266316,219.4115704636797,221.4629821777344,525023
2016-11-15,218.8318425074965,224.71848657171049,206.74636437407707,211.5181121826172,187005
2016-11-16,214.06007567787532,221.0616294303351,209.6004907679196,218.9210205078125,1356483
2016-11-17,216.7358408144312,218.6980555813713,211.6073178321967,214.59524536132807,68932
2016-11-18,215.75473826380755,216.7358525049851,212.09788636671107,215.35337829589844,74950
2016-11-21,220.9278707430706,220.9278707430706,204.2936216849953,205.5868988037109,593265
2016-11-22,207.90583216183063,218.5196376915937,204.24896747499977,216.9141845703125,134941
2016-11-23,218.2075006563611,226.54693051072329,216.20068729553776,225.11985778808597,126975
2016-11-24,224.76307705965908,225.20903554588853,220.30349219736425,220.74945068359372,122271
2016-11-25,223.20224509744853,225.2536570650143,219.8575561099743,221.1508331298828,198861
2016-11-28,218.43046557840432,223.02384624624912,218.43046557840432,219.76834106445312,52318
2016-11-29,220.83868646222905,231.7200590985273,218.38591435883404,229.2227020263672,271510
2016-11-30,229.31187851474263,238.14185184727253,226.19016884633268,235.5552978515625,325015
2016-12-01,235.46608774949996,240.81758974380676,231.89841975329537,238.008056640625,237398
2016-12-02,238.49861181770572,238.49861181770572,225.3428354354782,227.7510223388672,96637
2016-12-05,230.11460510187592,230.11460510187592,222.08735143553145,224.1387634277344,163997
2016-12-06,225.20904765189803,230.1145912641176,225.20904765189803,227.6618194580078,64903
2016-12-07,228.33075241037088,232.79033741838597,224.76308440395883,231.3186798095703,114287
2016-12-08,234.57422185827184,242.60147659866897,234.21746042475135,240.8176422119141,221716
2016-12-09,242.42302980860632,254.10714795707537,242.42302980860632,253.30442810058597,698573
2016-12-12,251.47601877824712,253.2598528473416,243.4041532841061,251.8773651123047,152170
2016-12-13,253.7503961100813,254.1071574797633,247.28399761518472,248.6664581298828,98731
2016-12-14,249.73677442491595,253.7504011567449,247.95294032188085,249.55838012695312,194383
2016-12-15,245.27717468396355,253.2152305299061,244.3852576851128,245.2325897216797,90760
2016-12-16,245.23258933582164,251.5205932801672,245.23258933582164,248.22048950195312,254592
2016-12-19,248.3543425362865,253.21527469639204,244.38530031145092,248.97866821289065,140676
2016-12-20,250.7179321852801,252.5017665982395,248.35435703193943,249.46925354003903,83253
2016-12-21,249.11242899531405,254.0625851096553,248.8002797933364,251.2530517578125,138603
2016-12-22,253.30441691978973,258.4329394454545,245.3217492313142,247.77452087402344,318768
2016-12-23,247.77451206333328,250.80705139816428,243.62710378606027,245.72311401367188,216581
2016-12-26,244.3852711651392,247.0164373445399,240.81760297294736,243.62713623046875,83650
2016-12-27,240.9513860731966,244.7866457269999,238.36483206709332,241.48654174804688,69119
2016-12-28,240.8621761661408,252.2341179729764,239.925674199119,248.4880828857422,141822
2016-12-29,248.844836071617,257.3180473357043,248.04211623779585,255.8463897705078,274303
2016-12-30,258.4329690476951,267.35213967919447,257.8086162158307,260.8411560058594,864704
2017-01-02,264.72095634846414,271.1427696758132,260.6627448610408,269.6711120605469,372164
2017-01-03,270.5630452457449,273.5955578020026,264.9439514435056,267.8426818847656,300801
2017-01-04,270.1170862728533,272.92661955978616,266.6832001580917,270.5184326171875,398793
2017-01-05,272.03467762127474,280.8646502379394,271.14276064546726,279.1700134277344,689523
2017-01-06,280.9092879345079,283.4066448059569,277.6983810861103,279.6159973144531,168511
2017-01-09,278.27808642566856,296.91914510458463,278.23350146614297,293.975830078125,1016641
2017-01-10,292.7272012811705,304.7234698698292,292.7272012811705,302.40447998046875,953568
2017-01-11,304.14373255667334,304.99106469339154,292.1920488032616,299.193603515625,417696
2017-01-12,299.19357179032346,303.25178329678334,286.8405157621986,292.2366027832031,262290
2017-01-13,294.3326271294495,296.9637933202357,289.8730418699124,293.5299072265625,237080
2017-01-16,294.2433801818896,294.33257731581404,288.9810759100719,290.0067749023437,91351
2017-01-17,292.90549902429046,295.84884107059,287.9999561662678,289.9175720214844,442518
2017-01-18,293.3960901461124,296.91914574978534,289.4270488504892,294.510986328125,248715
2017-01-19,295.7596728243892,298.7921850798782,292.5487662871643,294.6893615722656,242775
2017-01-20,295.9827148695382,296.1164969996535,284.96753250418465,289.3379211425781,290881
2017-01-23,289.4270601227329,291.6568525736014,282.29172427995366,285.10125732421875,363197
2017-01-24,283.22823554143986,293.8866546949709,280.9538580543728,292.2366027832031,272534
2017-01-25,292.54879725082776,309.8519828639068,290.76496312124954,298.4354553222656,904004
2017-01-27,299.6395260176648,301.4679449737821,292.5487750041436,296.4286193847656,145682
2017-01-30,296.5624175906645,303.16259828268727,283.27285905825084,286.5283508300781,256502
2017-01-31,288.0892152574264,293.4407177080287,273.68475993838484,279.7052001953125,245693
2017-02-01,279.7052176797529,294.2880682130516,276.58350772176266,291.3001403808594,508993
2017-02-02,290.76491413191843,297.72185517747846,283.8079730863584,294.3771667480469,567263
2017-02-03,296.1164662514806,305.0356369217059,296.1164662514806,301.1557922363281,509197
2017-02-06,301.4678977972032,303.2517315119796,295.2690647506984,297.2312927246094,88997
2017-02-07,297.72188485773216,304.6788538159849,295.3583102424684,300.2192687988281,242067
2017-02-08,297.2759538860275,305.214037727011,297.2759538860275,303.96533203125,217720
2017-02-09,306.8193801023953,308.60321370764177,301.46787928665583,304.41119384765625,268180
2017-02-10,306.8194555300759,312.97367753728577,302.53826471266404,311.5912170410156,326052
2017-02-13,314.66834002346405,317.9684441604752,309.85199315742983,315.24810791015625,345876
2017-02-14,317.43328901939594,317.43328901939594,310.8331079528919,312.5723571777344,65038
2017-02-15,312.4831288897223,319.6630499094117,303.4301767112431,306.1505126953125,196599
2017-02-16,307.7113380971881,309.94113040224016,303.7869090841253,307.2207946777344,88046
2017-02-17,312.170985305266,312.170985305266,303.2963992639278,304.54510498046875,110397
2017-02-20,305.8382908706349,305.8382908706349,296.16098733694946,297.32049560546875,124000
2017-02-21,299.1043370399163,305.526122370848,297.05291184404666,297.98944091796875,108625
2017-02-22,298.83681259144254,302.3598960137762,294.3326421373043,298.0787048339844,156764
2017-02-23,298.8367334131187,300.97735565499545,295.44746022871794,297.27587890625,119933
2017-02-27,297.00838009456146,300.397654024798,291.92444198005825,294.1096496582031,147995
2017-02-28,295.4920623238817,300.174626116096,291.65683048648765,294.86773681640625,119656
2017-03-01,293.93122732481186,299.1935592365375,293.93122732481186,295.2245178222656,76941
2017-03-02,294.9123914601967,297.81112211175605,291.65689940304486,293.3961486816406,116663
2017-03-03,292.59333562011057,293.52986472048354,283.1836229727677,288.49053955078125,108049
2017-03-06,287.6878674913902,290.22983682726914,280.9539038580096,283.3620910644531,148995
2017-03-07,281.9349780809092,294.7785778442101,281.9349780809092,289.6500549316406,250321
2017-03-08,291.12175724993523,291.56771583249304,284.12020205994656,287.73248291015625,84559
2017-03-09,290.6312151949167,290.6312151949167,283.3620957055835,284.566162109375,72607
2017-03-10,285.45804212559653,289.8730424287085,279.61599631200033,281.756591796875,100045
2017-03-14,284.96747667303964,294.82314846843934,282.51470496458626,283.4958190917969,180431
2017-03-15,284.0756041310572,285.7256562550834,279.036277821856,281.5782470703125,92361
2017-03-16,288.44593255651097,293.44067285748866,283.6295865309465,285.36883544921875,317813
2017-03-17,288.9365539550781,291.1217345074135,282.1579785859129,288.9365539550781,222443
2017-03-20,292.5042003097731,292.9947437876642,287.3310652143015,289.6500549316406,74758
2017-03-21,290.7649466591771,298.7921997878047,288.133780579357,295.4920959472656,223708
2017-03-22,294.3771912426777,295.22452326962974,282.06874768586226,283.5404052734375,164053
2017-03-23,285.2350390132427,288.9811012129205,280.9538484014505,281.8903503417969,147248
2017-03-24,284.5214612519732,287.19721167127074,281.84571083267565,282.5146484375,357862
2017-03-27,285.2351166846489,285.2351166846489,279.25928762922894,280.55255126953125,428550
2017-03-28,280.5525228607647,285.4134821157082,280.50793789184445,282.6931457519531,278955
2017-03-29,282.87145185868354,285.32422344178906,278.5902614376483,280.017333984375,277230
2017-03-30,280.9538513028252,283.1836437734825,276.4942663615105,277.6537475585937,212968
2017-03-31,282.8269748991464,288.8474165384506,276.7173360880214,278.1444091796875,541001
2017-04-03,280.9093294337834,285.4135003484971,273.3280333307764,275.5132141113281,300587
2017-04-05,275.60235358625465,281.75657545551644,275.4239592982165,280.3741149902344,678224
2017-04-06,280.8646419510821,283.2282164234059,276.94021281714805,277.9659118652344,297629
2017-04-07,278.23357054550434,294.6002287500561,278.23357054550434,287.73248291015625,1025137
2017-04-10,288.98108600416174,293.4406706647198,287.1972521399385,291.7906188964844,239031
2017-04-11,294.3326111323517,303.11799905998004,291.6568601220576,300.2192687988281,322257
2017-04-12,301.1112504211179,309.1830901467402,297.0084258810329,307.31005859375,486606
2017-04-13,305.0355873154718,308.0680994063581,295.3582832682135,300.84356689453125,227524
2017-04-17,300.88819567085096,303.96529288992883,292.99472503209324,300.5760192871094,155952
2017-04-18,301.46798416474763,316.541377929155,301.42339919676203,308.4249267578125,392321
2017-04-19,310.1195931982632,313.0629088036286,301.02202769579674,310.5655517578125,199147
2017-04-20,308.6924548622863,328.2254301820061,308.51406058866,326.57537841796875,657196
2017-04-21,329.9646977115255,343.38803737583135,322.07122699295314,326.8875732421875,755298
2017-04-24,328.2254320591995,337.01081931222166,325.54968125436903,327.1551208496094,299328
2017-04-25,329.5187404634152,330.90120090027267,323.4091036822089,327.9578857421875,159897
2017-04-26,325.68352113915785,332.9080550379301,317.5224851801825,320.1090393066406,207231
2017-04-27,321.9820327178807,325.9956591645025,317.5224477771899,322.6509704589844,119755
2017-04-28,324.61319777683167,331.793118622812,307.7559449747105,311.36822509765625,686874
2017-05-02,314.8467468728284,323.8551153291672,311.3682755098482,320.8671875,216177
2017-05-03,325.41600163225763,331.7932042814714,324.6578665549881,331.0796813964844,231142
2017-05-04,334.4688767719061,364.7940549325589,334.4242918093286,356.0086669921875,1535538
2017-05-05,353.64511510801043,356.7668248252312,348.73957126666346,352.1288452148437,311154
2017-05-08,350.8801290940186,362.7426410771415,349.98821212773026,357.3465270996094,331617
2017-05-09,356.67762277549053,360.7804466484496,355.2059650871324,358.9966125488281,147787
2017-05-10,362.2075899114794,371.8848972304,361.181890548273,366.1766052246094,485085
2017-05-11,369.9671373855103,373.1780438268885,357.25732093687805,361.9844970703125,150523
2017-05-12,359.7547158618554,369.5211903673021,352.30720370675687,356.2762451171875,211097
2017-05-15,361.672376465753,365.68600333158753,353.19916419343576,359.2196044921875,169463
2017-05-16,358.55059814453125,363.0101826985677,356.0978266398112,361.2263488769531,238241
2017-05-17,363.0102495961672,379.4661305208029,357.8371414478126,372.5983581542969,558518
2017-05-18,374.6051785533937,388.8758520220945,362.11833926828064,372.7321472167969,999827
2017-05-19,374.6497646291247,383.52435060639766,362.1183403399941,364.1697387695313,248662
2017-05-22,365.77518250391046,370.6361140265486,351.4153127570638,353.555908203125,140598
2017-05-23,352.6194046571648,356.67761627215066,338.7054934899812,342.22857666015625,331710
2017-05-24,342.22859746704614,354.71543669590045,335.3608250035165,339.4190368652344,264805
2017-05-25,340.71231933670265,349.0517493506847,337.7243917206793,339.2406616210937,182382
2017-05-26,340.80154471150723,346.9557675350075,339.463669001218,341.3367004394531,164983
2017-05-29,341.1136397178308,346.0191828177548,336.3864636718718,342.0947265625,109503
2017-05-30,343.4772522429774,350.166629939663,337.05543876650023,348.6503601074219,143170
2017-05-31,350.25583515446607,371.4834499799466,346.1083991116644,367.02386474609375,453459
2017-06-01,368.0942075983227,379.86749729198567,367.4698547244801,376.7012023925781,203060
2017-06-02,377.7269444365314,378.8864259402926,368.4063985562802,372.64300537109375,223352
2017-06-05,375.94300171582216,381.5174827614305,369.43201874221,371.7955932617188,202630
2017-06-06,372.82131861874615,376.38898673949967,356.14245926656423,361.00341796875,218149
2017-06-07,361.2264338388824,377.7269005697943,360.73589031021817,375.6308898925781,284312
2017-06-08,377.7268901473273,381.74051707923513,371.1267090809088,379.7337036132813,207033
2017-06-09,379.9566115667266,384.77295753712383,373.4456288758936,383.3013000488281,208999
2017-06-12,382.1865215917368,392.4435694290879,379.1540085445244,383.7919616699219,360162
2017-06-13,386.1108594974661,387.98389062015127,382.632388680563,386.4676208496094,219436
2017-06-14,389.8123436615925,389.8123436615925,363.277810889964,382.2310485839844,292386
2017-06-15,382.2310280206063,388.87582070704383,371.1266774534647,384.0148620605469,164368
2017-06-16,383.61350850766325,396.6355021977888,381.2945188555894,386.5568237304688,251767
2017-06-19,387.98386646810656,390.61503231227226,381.78503288630304,384.4161987304688,77702
2017-06-20,386.2000941962143,387.0474263067062,374.6497571657348,376.3444213867188,53401
2017-06-21,378.1727739781015,387.4041195414429,372.5537082712733,384.8175659179688,185536
2017-06-22,383.5243067627853,387.9393067631783,378.7971575903444,381.6512756347656,93618
2017-06-23,378.1728424348067,380.9377908304005,370.3685679741827,379.1093444824219,478508
2017-06-27,379.06476637363033,382.6324347630292,367.469844108084,370.6361389160156,85953
2017-06-28,370.14559129083887,375.85385520667495,361.5831818075101,365.7305908203125,173919
2017-06-29,367.0238397413499,375.4078539659743,364.4372859257626,369.7887878417969,173165
2017-06-30,366.265714446991,377.2808949563303,362.1183057973288,374.2483825683594,148955
2017-07-03,376.388968184794,398.6868928402913,376.3443832231415,383.2121276855469,166116
2017-07-04,386.5568796847549,389.3218282386418,378.17286408518703,381.6067504882813,214544
2017-07-05,381.6958183747123,382.9444964931737,379.0646528379452,380.4471130371094,51489
2017-07-06,380.8485889691248,383.47975521383097,375.8538479322573,376.8795471191406,45655
2017-07-07,378.2174788387703,379.8675311072533,363.9914157901498,365.4630737304688,126986
2017-07-10,371.92937410733424,371.92937410733424,363.63455722713104,370.7252807617188,13820
2017-07-11,373.6240368164612,375.2295037950458,367.469814779756,368.4955139160156,75243
2017-07-12,368.8076888423263,371.6618342022838,363.54538385285537,365.2400207519531,111409
2017-07-13,367.0459061663684,382.757090734694,362.9826673527185,379.0550231933594,295817
2017-07-14,381.8993564575683,382.84743460120194,371.3349233012837,379.8677368164063,106850
2017-07-17,380.1836900566737,384.65326364948913,374.7660384559767,382.757080078125,104849
2017-07-18,377.47490596879175,385.7368476173127,377.47490596879175,381.2221374511719,47134
2017-07-19,384.6081128039284,388.2650164717127,379.32589718499554,386.0979614257813,50932
2017-07-20,385.6013850762769,390.0709591723687,380.5900678035958,388.3102111816406,140780
2017-07-21,384.6983921459247,393.1409045684926,384.6983921459247,391.1995849609375,109907
2017-07-24,394.4050024773007,401.8091369214641,393.0054535844208,399.1003112792969,168658
2017-07-25,401.8091667967103,408.12976043171466,399.1454770282893,403.6601867675781,396489
2017-07-26,404.5180076092147,404.5180076092147,397.7459427496854,400.0935974121094,72914
2017-07-27,400.9062517185697,404.4277200401121,389.3486050336089,391.8316955566406,76721
2017-07-28,390.6578559758205,399.055233220678,380.5449219749082,394.4050598144531,126215
2017-07-31,406.23360723801113,408.039491268903,399.10037082710886,405.9175720214844,304314
2017-08-01,406.369039643976,412.6444976212894,392.1477030191722,403.25390625,263165
2017-08-02,405.42089365400096,412.6444285075244,400.6804489063762,407.3622131347656,196715
2017-08-03,410.838620923036,422.57686723512273,407.2268528270093,413.0056762695313,395263
2017-08-04,406.3239181709185,412.6445124535772,400.2290593983547,404.427734375,87943
2017-08-07,405.646646118164,410.8385620117188,399.1003173828125,401.8091430664063,118450
2017-08-08,404.3825747703265,405.3306528353293,382.7119670618952,395.8497619628906,710568
2017-08-09,390.5675173370243,393.59237828683024,377.520023097546,382.4410400390625,151867
2017-08-10,380.5900470862228,388.1747542572476,348.49047050724147,361.6282653808594,191419
2017-08-11,367.4973357872596,379.1452802310678,356.70716957421484,366.8201293945313,196381
2017-08-14,371.5606238299413,385.556224484532,371.5606238299413,384.0663757324219,133257
2017-08-16,391.8767698734647,407.2267815966188,389.3033800440514,405.4660339355469,293277
2017-08-17,407.226796270726,409.7550225645792,399.77752560723707,401.8994445800781,139537
2017-08-18,399.1906500261232,405.0146091931052,391.9671142737594,399.82269287109375,114554
2017-08-21,403.615061134151,406.278750971483,391.9671152165678,395.2628479003906,73826
2017-08-22,397.2944380841959,401.80914760788,376.12043939587767,379.5967712402344,90445
2017-08-23,382.8474111700201,386.1883076199243,374.76606918086446,380.4546203613281,68221
2017-08-24,386.2785919542983,391.65110809040254,375.8044863818394,386.0528564453125,81718
2017-08-28,386.05282134859135,401.35769848867926,383.9760658769648,399.1906433105469,142725
2017-08-29,399.14552406968266,402.6218564897594,389.4388969862347,393.5021362304688,131153
2017-08-30,397.2042079539204,399.3261273128314,390.3870064013475,395.89495849609375,69863
2017-08-31,399.461521594596,403.02815339456646,391.8768145657344,399.82269287109375,77258
2017-09-01,399.9130631620264,403.6151313996321,394.1342390513186,395.8046875,34410
2017-09-04,399.822680047206,399.822680047206,384.2469315807472,387.4975280761719,50868
2017-09-05,387.0009336253448,399.6872572741372,387.0009336253448,397.5653381347656,58455
2017-09-06,397.2944861436163,401.7640601349734,390.9287559674202,396.5721435546875,34380
2017-09-07,400.8159216924192,401.31255629282646,385.42077263621786,387.4975280761719,248529
2017-09-08,391.5156406208859,395.4885797464882,377.83607539419967,379.1453247070313,113718
2017-09-11,385.5561883877686,387.81354312071807,381.9444208150495,383.7954406738281,286472
2017-09-12,387.362069725094,392.418549806052,382.1701538721352,390.296630859375,184356
2017-09-13,389.1680438145642,389.619514863073,379.2808168299797,381.0415649414063,186029
2017-09-14,385.10478611423343,385.10478611423343,377.4297786535746,379.6871337890625,131507
2017-09-15,383.20858951351374,383.20858951351374,373.9082976876079,378.8293151855469,134129
2017-09-18,379.7774280559184,384.3372743419297,377.4297732375781,379.1905212402344,101607
2017-09-19,379.7774491064319,383.7503887969736,377.6103935984642,380.7706909179688,113036
2017-09-20,381.8992685670321,396.3914743165007,379.5967503035885,389.3033752441406,343064
2017-09-21,391.87680253251256,402.7121058283424,386.5042869594231,401.1770935058594,503216
2017-09-22,402.5314855597913,403.0732562076301,389.75486326329406,395.0370788574219,340629
2017-09-25,396.3012238895144,396.3012238895144,372.0572265592847,379.2356262207031,296213
2017-09-26,382.7571348838071,390.0258350222165,378.1521248527188,379.8677368164063,130895
2017-09-27,381.9444463014315,383.7051941328632,369.1678231714992,374.2694396972656,290323
2017-09-28,372.9150137842476,387.2717848328599,368.1294326199103,382.4410400390625,314164
2017-09-29,381.7638775090042,391.4253682078879,376.84286000146,390.1612548828125,179850
2017-10-03,390.2515152980379,398.648864270626,388.6713669119142,396.4366455078125,94847
2017-10-04,400.003315818405,410.7483203710293,395.4886057075879,406.143310546875,382161
2017-10-05,404.518044441016,415.3533492028288,404.4729083600837,414.360107421875,178021
2017-10-06,412.6445343530201,428.8974919424169,412.6445343530201,415.0824890136719,383634
2017-10-09,408.3103921744351,422.48656534494165,408.3103921744351,410.4774475097656,141180
2017-10-10,410.8385362634489,437.02384956375664,410.8385362634489,429.0779724121094,312504
2017-10-11,433.412085180014,440.6356199330143,423.7505964256369,427.0463562011719,476648
2017-10-12,429.8003939942867,437.9268720319938,416.7528710115046,437.3851013183594,145718
2017-10-13,437.9268655644908,444.2474595004732,430.7484657149555,434.4956970214844,347781
2017-10-16,437.92688870852106,438.0623245031864,433.4121785156497,436.3918762207031,263173
2017-10-17,431.60621403670376,435.5340166839316,427.6784113894759,434.7213745117188,72278
2017-10-18,430.703335598494,434.1345041889871,426.1886255817384,430.47760009765625,35239
2017-10-19,432.9606773818562,433.41214836974143,425.3759702965063,427.1818542480469,18862
2017-10-23,427.99451245328487,455.8954150324733,427.5881775268157,451.2904052734375,855155
2017-10-24,456.7983564998669,479.73307800016966,455.9857142034962,469.2138366699219,938713
2017-10-25,494.8121207722361,494.8121207722361,441.1773818054892,460.13916015625,1113227
2017-10-26,465.918056300429,468.7623455490704,437.9268552436203,440.63568115234375,278403
2017-10-27,449.4844732224209,477.6562719273316,439.281240628822,449.8908081054688,967628
2017-10-30,453.2317091896208,469.52979987456496,451.4709614178509,468.4462585449219,420248
2017-10-31,471.33570295442144,486.32451744067447,462.5320188475141,465.2408447265625,513386
2017-11-01,468.4914184007612,470.1618941095261,458.6945200851564,461.0873107910156,148220
2017-11-02,461.6742393288401,463.5704506191848,449.6651216014836,458.15277099609375,228402
2017-11-03,460.4552593553235,467.7239310452729,456.1662850841555,462.8480224609375,137451
2017-11-06,463.1189258222899,473.9542286987448,461.8547851088901,465.466552734375,192020
2017-11-07,467.7240029121943,469.6201592578943,448.8525187305262,461.2228088378906,163625
2017-11-08,462.0353921144781,464.8344900258036,450.1616838058527,454.7666931152344,94118
2017-11-09,455.9857336030042,460.2295722449175,446.0533710888794,452.5997009277344,147996
2017-11-10,454.1347163245341,473.0513633465434,449.6651421424427,464.42822265625,312900
2017-11-13,462.3063094047024,466.73074730090974,447.9043733140919,451.2452697753906,168908
2017-11-14,454.4055397200965,455.9405520687637,448.3106815122264,451.42584228515625,153170
2017-11-15,451.5160937664541,459.2813997498925,446.9562481159957,450.0262451171875,136206
2017-11-16,451.47104152841456,469.800754792226,447.0917669144678,467.7239990234375,209344
2017-11-17,471.6968796970026,471.74201577063263,455.9856682896702,459.1911010742188,129122
2017-11-20,461.8548001373927,465.4214318058554,453.2768517477441,455.3536071777344,74115
2017-11-21,458.6041566226044,465.8728549932866,456.4371017101743,460.8615112304688,109861
2017-11-22,460.5004181672266,462.30630216003925,454.27012390314354,459.8232116699219,93467
2017-11-23,456.888648236339,464.7893906712559,453.27688026609127,455.0376281738281,74261
2017-11-24,455.0827911755583,457.7464812334507,451.9676300946744,454.8570556640625,85061
2017-11-27,452.3739354924661,455.9857034405098,451.4709935054552,452.5545349121094,75901
2017-11-28,455.0375892284853,457.79155104785445,451.47095764088215,452.2835998535156,115827
2017-11-29,457.70125242162015,462.3062617115072,449.6650748678332,459.1911010742188,155306
2017-11-30,459.5071096467774,472.2385954560429,455.985641883942,468.4010925292969,741137
2017-12-01,469.8909858082515,473.5930255459228,457.159471978524,460.5906677246094,101417
2017-12-04,463.660651845746,469.48463794959247,455.0827040511315,466.2792053222656,116324
2017-12-05,461.2226877068125,468.9880207129783,452.3738685654953,456.6177062988281,124592
2017-12-06,459.5974787743664,464.1121887819732,448.6267389670026,453.1414489746094,108249
2017-12-07,448.8073006139316,469.52983009920473,448.8073006139316,466.2340698242188,214709
2017-12-08,465.9181148573238,470.432825272608,460.5004623589828,467.7239990234375,168101
2017-12-11,469.4846533030647,475.3989117431564,464.6087449842959,467.4078979492188,148246
2017-12-12,470.3425371890588,470.7488170237141,461.5839882576168,464.42822265625,69786
2017-12-13,467.7239521470822,467.7239521470822,451.2903968602139,455.0376281738281,187541
2017-12-14,457.2046739235408,459.5523285664324,448.8524606662783,452.148193359375,196330
2017-12-15,454.1798691707541,464.3379676363027,450.6132369094969,460.9519348144531,168294
2017-12-18,466.50498991018407,491.2004306957169,446.9562742543747,479.2815856933594,321324
2017-12-19,480.36512705132833,484.6089653238346,469.5749595097954,472.5546569824219,111291
2017-12-20,475.805289607672,481.9904201551061,468.3108821608759,480.0039367675781,80586
2017-12-21,477.7013862419974,490.1619730502964,475.8955024984411,484.4283142089844,439319
2017-12-22,483.1643126189804,492.1034617671258,483.0740404502978,485.8280029296875,103282
2017-12-26,492.28397343503656,505.1508965171759,490.7940971389387,499.8235168457031,305274
2017-12-27,502.03570968921184,510.0719148564154,500.2298258414089,504.4285278320313,232910
2017-12-28,505.6476110097879,518.6951362804086,493.9544989829433,510.2525939941406,194646
2017-12-29,517.3857870748138,528.1308193569766,510.65885787856286,523.0291748046875,238584
2018-01-01,523.7965976009693,529.8011835493328,492.5548285064526,502.848388671875,200142
2018-01-02,503.75130932215137,511.1553888318235,479.9587571305583,489.9814453125,733758
2018-01-03,497.5660731825459,518.920669025124,497.5660731825459,513.2772827148438,223908
2018-01-04,516.482779389693,523.7063147657726,512.8710117016532,520.275146484375,756413
2018-01-05,524.609392013343,525.1059991763104,510.7943880651831,514.5415649414062,76157
2018-01-08,516.6634004704572,526.7763614434493,516.6634004704572,521.8101806640625,139886
2018-01-09,526.4151658546671,528.9433923356734,516.7536758021605,519.778564453125,160414
2018-01-10,522.803361961169,522.803361961169,501.1327562840221,515.2186279296875,632062
2018-01-11,511.96807481257946,520.9974941214433,505.6926173706787,516.3021850585938,138809
2018-01-12,516.3022261194493,522.1713491369746,507.45340551526766,519.1013793945312,80869
2018-01-15,509.07874880707135,522.8034798530911,505.6475798233696,519.1917114257812,258548
2018-01-16,521.9003580591936,521.9003580591936,498.28840805061947,508.4013671875,196549
2018-01-17,507.4534410712285,508.3112470561354,496.6632723607282,501.3134460449219,124612
2018-01-18,501.8099969806376,510.1170740797508,498.01762970591153,501.8551330566406,97177
2018-01-19,505.60240407655,520.8169553385496,501.0425578170268,518.604736328125,160592
2018-01-22,515.4443929073326,521.6747144405895,515.4443929073326,519.3270874023438,105514
2018-01-23,519.327041601891,523.7062876524363,507.45333389770553,518.1983642578125,147723
2018-01-24,520.9974395795548,520.9974395795548,507.2727126446479,512.1486206054688,125645
2018-01-25,513.7740766993223,518.2436513062078,486.2343414808173,493.0966796875,277980
2018-01-29,497.430780534988,514.6769510611507,474.04456018790194,481.313232421875,336995
2018-01-30,482.1709974647469,483.4351382291729,471.3808302258327,478.0174865722656,235042
2018-01-31,477.1595901195564,506.5503337564488,471.6516122472897,500.771484375,291288
2018-02-01,501.1328008266095,508.76267160918354,479.55246537716175,495.7151489257813,249101
2018-02-02,485.82786823031495,504.654239522879,469.3491788959425,496.2568359375,164736
2018-02-05,494.81211823299793,501.13271098414936,470.4326890499853,498.2432861328125,259201
2018-02-06,474.0896801923406,496.5278216805139,465.01512422723465,491.4713134765625,240555
2018-02-07,496.4826720474773,510.6588734802745,484.74442521071177,489.8009338378906,130067
2018-02-08,484.970048484538,496.1214134653009,484.970048484538,492.780517578125,101544
2018-02-09,487.58865326703216,492.0130908689365,474.0445240096146,483.11907958984375,136201
2018-02-12,486.6856680686613,489.0784860693222,474.04448188505967,475.4440307617188,245763
2018-02-14,478.55928526608096,490.1620685341806,471.11001337278816,482.4419250488281,105858
2018-02-15,476.8435821288728,486.1439275300556,474.0444843609352,475.71490478515625,85782
2018-02-16,478.4689977824429,478.5141338611391,466.23408933935485,474.1800231933594,94481
2018-02-19,474.9474935912498,474.9474935912498,459.146008538309,466.7307434082031,128289
2018-02-20,466.8210045244952,475.8504243412165,457.8367207846164,461.49365234375,90077
2018-02-21,463.9316010600152,465.5568856815028,452.3739541712935,458.5591125488281,46571
2018-02-22,453.2769217775156,472.6450403139563,453.2769217775156,469.8007507324219,49311
2018-02-23,470.4327230885614,505.647456678684,466.8209555408565,498.7399291992188,347630
2018-02-26,496.9339958988596,510.16211526843904,484.4282740557833,490.6134033203125,196316
2018-02-27,491.20046544684976,504.74459592792095,485.7828132544213,493.3223571777344,180634
2018-02-28,493.3222074318719,509.2591515048238,481.13249369904366,504.5187072753906,229374
2018-03-01,504.51885536862767,504.51885536862767,493.4578155864967,497.2501831054688,124226
2018-03-05,497.25011956413687,502.9386425600808,488.0852371570269,499.2366027832031,107166
2018-03-06,503.8415992186128,522.803379834367,493.0062960096103,513.909423828125,207488
2018-03-07,515.941008854589,519.1013054136289,481.8549531106589,486.5953979492188,146711
2018-03-08,487.9950032243413,491.4713077965271,469.574964821412,472.599853515625,84096
2018-03-09,472.5999060860572,491.2004908647604,457.7916339493264,460.7713317871094,118959
2018-03-12,464.7442165543896,471.29054546464425,452.82537220589256,456.88861083984375,114679
2018-03-13,457.7915896461123,467.3627527106021,453.2768796890501,455.082763671875,114688
2018-03-14,458.96536818957065,458.96536818957065,442.53184173324985,452.4642028808594,1069562
2018-03-15,454.63121063096185,499.2365590014967,454.63121063096185,484.78948974609375,220724
2018-03-16,484.9701075284652,488.8076108810718,463.525235852134,474.4508666992188,226319
2018-03-19,474.49603964459465,480.8166338929527,457.8367480677521,461.2679443359375,193263
2018-03-20,455.9856626600399,473.9542286390444,455.9856626600399,469.9812622070313,74662
2018-03-21,469.98133848976767,476.7534038858738,464.56368617288274,473.3222351074219,73807
2018-03-22,483.1300911431776,483.1300911431776,461.8796377898725,472.3232116699219,110207
2018-03-23,458.6103189147,472.7318730946071,458.6103189147,472.18701171875,122243
2018-03-26,465.8754253050668,476.22823470543625,464.1045427196853,470.4615173339844,360843
2018-03-27,469.5080087583232,479.86081874370575,464.0591730667373,468.826904296875,500935
2018-03-28,472.0507542043688,481.3137853092111,464.5586056594613,476.9093322753906,397478
2018-04-02,476.8638618538487,488.5788794621327,473.4129440511378,485.58203125,143834
2018-04-03,489.3054133410702,489.3054133410702,481.3137990834814,486.4902038574219,92568
2018-04-04,486.8533920803055,494.4363874880765,476.773069356702,481.631591796875,80007
2018-04-05,488.8059731634128,492.2114955031487,482.2219633065903,484.4015197753906,61754
2018-04-06,484.4015347271006,495.2992065506266,483.35715233930927,489.6687316894531,87550
2018-04-09,493.7099363222171,493.7099363222171,478.6347911826951,482.312744140625,44776
2018-04-10,481.3137863041111,486.17230895675664,479.9969733502368,482.403564453125,111041
2018-04-11,481.3137046882374,487.0803655824778,476.8184052285804,481.086669921875,132359
2018-04-12,484.8555449898067,484.8555449898067,471.687526482844,476.6368408203125,346506
2018-04-13,481.3137783414157,486.3993357147879,477.5904297746701,480.9505004882813,281759
2018-04-16,480.9505124645374,487.2166953024229,471.3242588293709,484.0382080078125,292672
2018-04-17,484.17444439053617,489.4870366240869,477.6358309603377,481.2229919433594,102106
2018-04-18,483.1300945886617,485.6274775964039,467.8733658452306,472.6864929199219,151656
2018-04-19,478.58943411981454,486.7172923314436,474.1395291644076,478.99810791015625,200787
2018-04-20,483.49333801563336,488.9875691554527,476.6822939344312,481.3137817382813,336594
2018-04-23,484.9463828752168,492.0752541599717,478.58940781880005,480.36029052734375,75643
2018-04-24,484.3106618345178,486.7626489503627,416.4272513698917,427.234130859375,2429620
2018-04-25,429.0504255437816,443.1719806446209,426.8254731618276,437.4507141113281,709879
2018-04-26,444.0800982994625,444.0800982994625,431.36614865489713,436.0430603027344,186822
2018-04-27,437.6777514315154,442.2638438601918,431.3661721428976,438.63128662109375,340515
2018-04-30,439.03993919705255,439.8118354017199,418.6975974689672,431.8202209472656,465848
2018-05-02,426.8254811784863,426.8254811784863,403.213858815421,410.4789733886719,436454
2018-05-03,409.4799565454357,421.830655112009,400.4893840783552,416.15478515625,287672
2018-05-04,415.8823933436651,427.370349664702,409.8432449750789,413.7482604980469,316116
2018-05-07,413.20334032046406,419.4694953231413,410.9783881715163,413.3849792480469,318447
2018-05-08,413.3849596686655,415.5644881253827,401.3066921259192,403.2591857910156,209137
2018-05-09,403.2591800749852,413.15791902070384,391.7258294526585,406.2106323242188,163247
2018-05-10,407.8453556865599,413.20337188909264,404.0765832220621,408.98052978515625,106521
2018-05-11,412.2952628336942,413.20340217914287,403.4409042155697,408.6173095703125,183801
2018-05-14,408.6627713267538,412.4769682781573,402.3057948838932,405.7567138671875,141572
2018-05-15,409.5708056000599,418.6521981854271,400.26237820005855,411.2962646484375,190489
2018-05-16,412.11357757601536,412.5676471977228,403.0776087325629,408.7534790039063,1184577
2018-05-17,412.2952170389729,417.5170176953034,407.48209012838703,413.6120300292969,51314
2018-05-18,415.83690558587296,416.3817946113028,402.3056379777691,408.7080078125,87460
2018-05-21,409.7978388055717,412.2044022884022,397.0384933589163,405.7112121582031,49062
2018-05-22,405.9382598186231,406.5739684029052,396.1757625187345,400.1715698242188,44754
2018-05-23,400.4439789665746,400.4439789665746,391.54419845272776,393.9961853027344,75454
2018-05-24,393.9507920380669,393.9507920380669,374.33500658501606,379.8746337890625,133224
2018-05-25,380.05630642308887,390.3636932751359,376.8778187946999,385.3689270019531,88614
2018-05-28,390.49987277759215,405.9382398408923,387.7754550605392,403.44085693359375,68044
2018-05-29,406.61934950435005,424.9637734543288,398.80934640542216,419.923583984375,94606
2018-05-30,415.1558002432996,426.8253936771,411.8410979416273,417.7893981933594,73711
2018-05-31,420.468457094364,421.7398464541832,408.1177582113852,409.525390625,453716
2018-06-01,408.6626687298406,425.41784923344846,401.5791935575411,416.9721374511719,133600
2018-06-04,416.0186262756462,418.56140527520864,404.3036346400273,409.2984008789063,69432
2018-06-05,410.478914208381,410.478914208381,383.2347384865858,391.5896301269531,167191
2018-06-06,391.5896890253164,398.67316469271367,387.5938538137458,395.9033508300781,77941
2018-06-07,397.765012880924,414.5655899089996,396.85687358210913,406.9372253417969,317457
2018-06-08,407.57287115077605,415.7461241368013,402.9867791720791,410.34271240234375,208025
2018-06-11,407.8453489352231,421.3766184236579,405.6658202448395,416.9721374511719,54092
2018-06-12,416.97209601801154,420.7862916328369,402.16943857392914,403.8948974609375,395186
2018-06-13,405.9382638040693,407.7091465103758,394.1324529999241,396.67523193359375,72608
2018-06-14,395.948743406068,398.4915224156513,383.9612932998323,385.550537109375,130072
2018-06-15,389.1830359637028,390.4544529918404,379.4205397420696,381.41845703125,123726
2018-06-18,378.83023831541874,383.1893228344373,377.0139600277128,380.8281555175781,71761
2018-06-19,380.5103834159361,381.9634119026105,367.0699322711779,372.5187683105469,131680
2018-06-20,372.51873610593015,376.8777934748952,366.02551821565663,372.3370971679688,194961
2018-06-21,373.2452220775463,379.5113771973201,365.9801082658179,367.79638671875,90640
2018-06-22,367.7963675734956,371.7921744191067,364.3454497782424,366.9336242675781,56656
2018-06-25,365.07200709399024,370.33920407085526,357.26200338943545,360.1680603027344,78496
2018-06-26,355.99056723900054,367.2514878026985,355.99056723900054,364.345458984375,64356
2018-06-27,365.0719701181893,365.0719701181893,358.71499551414126,363.1194763183594,46327
2018-06-28,363.1194992272861,363.4373535203836,348.2260204724546,351.1320495605469,88087
2018-06-29,351.1320847910478,361.8027224773874,350.7234386996741,357.44366455078125,137024
2018-07-02,363.255770225309,372.33716448094174,358.44264235551003,369.65814208984375,184445
2018-07-03,374.1533079816349,389.5916726313625,366.6157645618619,384.6423034667969,202409
2018-07-04,386.36777828621786,397.76491252517263,381.5546245883263,394.58642578125,143372
2018-07-05,396.8567990531791,399.5812164379835,391.3171448279021,392.8609924316406,85409
2018-07-06,393.13349823089584,396.8568749113505,383.2347853835009,388.04791259765625,56638
2018-07-09,390.4998461703914,393.67833329038297,382.7806631646976,385.005615234375,35713
2018-07-10,385.0510670314325,389.7279789301275,385.0510670314325,388.6836242675781,71224
2018-07-11,391.407961275166,391.407961275166,358.7603487791765,373.6084289550781,200680
2018-07-12,369.703500846276,378.3762197535854,356.8987316488565,363.5281372070313,280003
2018-07-13,364.0730225978587,371.4289561225908,359.0328608070629,361.6210632324219,160609
2018-07-16,361.6210783216503,381.1460731623666,356.94413878145804,366.8882751464844,92940
2018-07-17,366.7974256193229,366.7974256193229,358.26092248941325,361.84808349609375,70785
2018-07-18,362.7562055564399,364.4816644509356,354.21967511614065,357.034912109375,31634
2018-07-19,357.9971132891851,360.10458440450947,353.2323595112936,357.8138427734375,101374
2018-07-20,351.857851705831,360.929181352492,351.857851705831,355.1565246582031,42878
2018-07-23,355.5230659057445,380.0798025717053,355.5230659057445,368.2595825195313,106884
2018-07-24,371.0084871354881,378.8886434751225,365.1441944977904,369.7256774902344,104103
2018-07-25,368.35118298182346,380.6753817568979,365.739732435218,377.6974182128906,84015
2018-07-26,379.9881916743759,384.111526162442,367.5265529622568,370.1838073730469,562469
2018-07-27,370.41286854630863,379.34675962442,368.3970050152181,374.6278381347656,211256
2018-07-30,381.0877178237688,397.9933998362293,380.3088601876091,393.3202819824219,465140
2018-07-31,393.91578935365726,398.3140285454595,385.806561185372,389.517578125,67504
2018-08-01,392.4040225709456,396.7564314611079,386.9062429202144,391.7626037597656,93435
2018-08-02,391.2128368803975,394.9238268523336,384.8445644500698,387.0436706542969,343210
2018-08-03,389.42600428669886,392.8163124504546,385.11939964226855,386.90618896484375,67488
2018-08-06,389.3802207454317,408.6682514739061,389.0136797637237,394.64892578125,226263
2018-08-07,392.2665562927371,392.2665562927371,385.3485006038773,390.4797668457031,381469
2018-08-08,389.9757625575187,403.17042543362606,384.98193587541135,400.0550231933594,58090
2018-08-09,402.5290710998557,406.8356761543177,396.3440692664286,400.7423095703125,97517
2018-08-10,403.1704594592158,404.8197819717435,396.8021876074977,400.1008605957031,42787
2018-08-13,400.3757936362912,400.3757936362912,383.286840397909,384.9819946289063,85277
2018-08-14,386.6770962704559,398.4973147107383,383.6991328513114,391.94580078125,98292
2018-08-16,387.1810974209352,403.1704834616641,384.7987487528194,386.5855102539063,158461
2018-08-17,389.471802860218,391.30439579773343,370.4128474953166,376.0480651855469,136912
2018-08-20,373.5741292726991,380.7670351018002,372.6578326867599,378.5221252441406,325530
2018-08-21,377.9723286003038,396.7564079610461,376.9185931556242,382.9661560058594,279139
2018-08-23,382.9660800131813,389.4259582530618,380.3087981628199,383.1493225097656,50630
2018-08-24,382.6454041244519,387.5475957375443,380.7669796190957,385.8066101074219,119667
2018-08-27,384.93616612224207,389.0595003816642,380.4463188546124,386.9978332519531,33392
2018-08-28,397.6726726432808,402.11671616752335,386.0815277544879,388.5555114746094,202572
2018-08-29,390.6630072441225,395.10705073521547,385.165228400663,385.8982543945313,53931
2018-08-30,388.7845796251293,394.00748067043895,381.225133775057,383.5617065429688,47253
2018-08-31,386.2190128946392,386.4022833979998,378.93444381492407,385.1194458007813,159879
2018-09-03,383.0119353406499,386.5396824429964,379.4383845987619,382.0498352050781,52186
2018-09-04,383.01191487705785,386.1731488047236,371.6956481630606,373.6656799316406,97119
2018-09-05,371.5124551624568,376.46045104344057,362.8076377551727,367.2974853515625,152526
2018-09-06,369.67982773286775,378.4762516105996,363.81550786351386,374.8110656738281,55577
2018-09-07,378.1556014382515,378.1556014382515,370.2754454308508,372.5203552246094,74369
2018-09-10,370.1838018798828,384.6612760156673,365.1441709136963,366.51861572265625,175055
2018-09-11,369.2675114995903,378.4762806879546,361.0666461507531,365.9230346679688,90899
2018-09-12,364.6859773698409,373.1159156701817,357.4014096014405,364.7317810058594,93347
2018-09-14,367.43485688890087,374.6735928659032,365.3731899861577,373.1159057617188,60645
2018-09-17,372.841057568661,382.0498545991224,366.61025226462,378.0181274414063,95980
2018-09-18,379.30094394334736,381.8665629349751,367.5265284317866,371.8789367675781,166841
2018-09-19,374.123781499793,374.123781499793,358.2718661274918,361.3872680664063,49011
2018-09-21,363.5406308057832,373.6656957904134,355.06488831062626,366.2895202636719,244176
2018-09-24,361.9829987620615,373.8948558163969,357.03500219366106,369.8173522949219,90482
2018-09-25,367.526554223103,369.8172956132207,356.4393603023033,363.31158447265625,156545
2018-09-26,363.31150207578406,367.5264708703012,359.64631668283795,365.6938781738281,91048
2018-09-27,370.18382776752287,370.18382776752287,361.9371583370583,362.2120361328125,242410
2018-09-28,360.1045421366187,379.34676957903343,360.1045421366187,370.1380004882813,162612
2018-10-01,371.05430215527474,371.05430215527474,354.6525714050441,360.70013427734375,108536
2018-10-03,357.447283490066,363.7697239817534,357.447283490066,359.6005859375,43480
2018-10-04,354.0569554618475,359.8296400830168,337.83852448957094,349.24639892578125,142856
2018-10-05,351.49140017740024,356.9433484614975,335.73108662806635,340.72491455078125,121482
2018-10-08,345.62706479513827,348.2384875539603,310.71616115760787,337.01385498046875,175593
2018-10-09,339.02969731209555,346.6349469043774,330.78302899909863,334.4940185546875,102709
2018-10-10,335.36448652615303,361.02078604181503,334.44819011487937,345.35211181640625,109756
2018-10-11,333.53189630760687,356.3018678981596,333.25701856733764,347.00146484375,310625
2018-10-12,344.39005093187615,354.6525551272453,344.39005093187615,346.085205078125,230155
2018-10-15,348.5133970614003,350.94157731704723,339.12135745957335,348.8341064453125,101633
2018-10-16,350.0252468550521,355.9811738303344,346.7265740145737,354.3776550292969,41719
2018-10-17,357.3556400554767,360.9291908634014,352.7741574906629,352.9574279785156,64384
2018-10-19,352.7741545149423,356.34770529272345,347.2763754835407,353.9195251464844,68404
2018-10-22,354.8816013391641,356.25604600424714,339.5336359124043,342.19091796875,41577
2018-10-23,340.358343220247,346.3600740590257,334.2191455371154,343.70281982421875,117797
2018-10-24,343.33631714037125,356.4393461877187,339.1213475568324,355.9353942871094,56897
2018-10-25,350.25433014532433,362.1203807691242,341.8702229300282,352.1785583496094,69655
2018-10-26,353.6446981588687,366.4270194643596,344.52753543743034,357.080810546875,218011
2018-10-29,358.2719202459589,363.7696990732626,353.278093292565,362.9450378417969,118918
2018-10-30,366.4727331591382,383.79072842988296,362.9907902817368,379.0718078613281,135254
2018-10-31,380.263057689014,389.4260229345324,371.1000924434956,386.1273498535156,102518
2018-11-01,386.4480683653355,394.0075148715928,377.9723253128652,384.5696716308594,151167
2018-11-02,385.9440886124688,392.12908985328943,383.2868064495967,389.1969299316406,62551
2018-11-05,385.6233965046596,397.6726901647161,384.8903425098757,393.9617004394531,120501
2018-11-06,393.2285980739961,399.82594339976464,380.26300948770734,382.6453857421875,45607
2018-11-07,388.00578946142014,391.25863106369127,384.84455514461433,387.5934448242188,5656
2018-11-09,384.8445242161093,401.3378609682283,384.8445242161093,392.49560546875,35940
2018-11-12,397.0770323519115,397.0770323519115,381.2709201756161,383.7449035644531,135082
2018-11-13,381.72911386372607,386.310596200153,375.773186826371,382.9202880859375,21764
2018-11-14,382.9203176215942,391.4418922025294,380.5837726350521,389.4718322753906,195512
2018-11-15,387.0436557510106,389.7467417491588,381.36263393910366,385.57757568359375,28790
2018-11-16,384.8445094917501,389.42599174760426,383.9282130405793,389.0594787597656,34000
2018-11-19,394.00747505424977,394.00747505424977,374.76524952834455,378.9343872070313,102588
2018-11-20,376.46046380266665,376.5062674474176,364.7318505416582,367.1142272949219,100401
2018-11-21,366.5185817732928,383.5158698177698,360.19614183033326,374.3529052734375,501647
2018-11-22,376.5978712919653,376.68950653697794,363.0824975655505,365.78558349609375,60549
2018-11-26,368.3512121513065,368.3512121513065,361.93713631782606,364.91510009765625,99383
2018-11-27,366.5185814558288,375.5899107542309,362.8991992786931,373.3450012207031,275687
2018-11-28,373.8489688977953,375.4982913988492,367.3432582091498,369.5881958007813,27839
2018-11-29,371.8331084097396,373.8489718944304,366.243722131838,371.92474365234375,69120
2018-11-30,371.1001067420917,373.8489964216628,369.9089323995384,372.5203552246094,78488
2018-12-03,374.719475286792,389.1969492043663,368.2595680041557,382.1872863769531,208551
2018-12-04,384.8445200278881,387.6850446969143,373.8489623128056,374.7652587890625,56739
2018-12-05,373.20755597244994,390.3423118320267,367.0225545525763,374.5820007324219,196075
2018-12-06,377.60580797688885,378.9344211758416,371.14590062193184,374.0322570800781,75115
2018-12-07,372.3370756723377,379.30093442752633,372.3370756723377,376.0480651855469,130022
2018-12-10,375.6815123910387,375.6815123910387,368.5802155104764,372.0163269042969,24809
2018-12-11,372.0163968250608,375.1317994817044,365.9230304007288,372.4287414550781,27434
2018-12-12,372.841024514244,383.47006905806506,371.1000668303856,377.3308715820313,59350
2018-12-13,377.55990046526335,397.6726165667428,373.8489114267997,392.22064208984375,91383
2018-12-14,392.2207165271975,413.341368216365,389.3802196688696,403.1704711914063,262584
2018-12-17,406.42326940432656,409.4012327949615,398.6347497672812,405.32373046875,79481
2018-12-18,404.08673389451104,410.7756867850565,404.08673389451104,408.7140197753906,204203
2018-12-19,408.943075343146,412.3333832350038,405.91930838468153,409.8135681152344,79388
2018-12-20,409.9052005156215,418.7474551912538,407.5228242807661,408.4849243164063,218797
2018-12-21,408.5307559143373,411.4170839844047,406.60652787991,408.4849243164063,84096
2018-12-24,410.13434786138055,411.41715745904565,405.0947167566484,407.9352416992188,190212
2018-12-26,407.7519010371386,415.0822722917388,391.2127620792057,408.1642456054688,140745
2018-12-27,408.66823449829593,410.6840979613501,405.9651486678119,408.2558898925781,50297
2018-12-28,410.2259158672852,414.1201756280594,410.2259158672852,412.1501159667969,56288
2018-12-31,414.1660188784009,416.8232731414066,411.55456825523225,412.5625,86090
2019-01-01,414.1660251017489,416.9149146488844,409.5845425231898,413.2955322265625,39632
2019-01-02,412.2417420417413,415.99856284953154,411.4170808798231,412.3791809082031,134328
2019-01-03,412.4250763363885,415.9528235916792,411.6920223298931,413.3871765136719,45711
2019-01-04,411.6919759988525,432.4919162049871,411.6919759988525,430.2469787597656,269242
2019-01-07,430.2470191250121,434.78269807735967,419.02238677211926,425.43646240234375,172409
2019-01-08,427.910506733193,432.4461860305083,412.3334647321988,415.265625,59074
2019-01-09,415.99864157928863,424.245310685486,412.3792589529745,417.4647216796875,58964
2019-01-10,418.7932918475879,426.8567175888055,418.74748820919234,422.9166259765625,148242
2019-01-11,425.4364503767047,425.4364503767047,419.9386714204872,423.0082702636719,71367
2019-01-14,427.6356161777043,430.9800930325186,411.41715586373937,416.7774963378906,498829
2019-01-15,420.1219516606638,421.7712742005709,411.6920125467709,418.1977233886719,188333
2019-01-16,417.3730958037324,419.5722020221424,415.08235433389854,416.9149475097656,61566
2019-01-17,416.96071471049646,422.8250347312372,414.57836616061456,415.54046630859375,71598
2019-01-18,418.0144937650852,418.0144937650852,411.7378568579617,414.0744018554688,24073
2019-01-21,415.9985722640521,415.9985722640521,394.0074583117674,403.307861328125,111613
2019-01-22,401.3379121236416,402.2542087266636,376.7353427398699,399.9176635742188,96917
2019-01-23,399.13876655650193,404.040958492467,392.4039815949912,397.85595703125,37834
2019-01-24,400.4215538440874,411.78362437884135,398.3140831670096,406.7898254394531,218705
2019-01-25,401.38373658899263,414.16608604945327,398.5890429900712,403.4454040527344,98745
2019-01-28,401.9792851988601,411.4171279510063,395.1986687373881,398.4515380859375,57137
2019-01-29,400.7422967578703,409.5845527629183,398.49735905299207,406.1942443847656,88606
2019-01-30,404.8198347908869,415.99866471971785,403.67446401798014,410.5008850097656,141954
2019-01-31,413.26830171053786,419.63336590565655,408.7481852909127,414.9748840332031,158045
2019-02-01,416.0356202107279,428.9502514367816,414.4674037297567,421.33984375,215902
2019-02-04,423.415436155659,427.1053310241179,416.7736141317675,423.3693237304688,100770
2019-02-05,425.9061528567069,425.9983777128049,416.0356722109906,418.2034912109375,18553
2019-02-06,420.7403680825382,421.57058899508286,409.578427820168,411.93072509765625,43678
2019-02-07,413.2682438127324,423.7383266021602,412.6686415000335,415.2054443359375,190030
2019-02-08,418.0651123064548,424.33792250896494,415.9895463811391,419.63330078125,122953
2019-02-11,418.1573519913805,423.4154637826813,418.1573519913805,423.13873291015625,58960
2019-02-12,422.4929547417118,424.29178971798046,417.1426185405825,420.4173889160156,35295
2019-02-14,413.2221581195295,419.63333426496,404.1357853800103,409.9934997558594,43482
2019-02-15,412.5302558307862,419.6332865318943,408.6558549744264,413.5910949707031,86992
2019-02-18,414.8364864468053,419.2643495043362,413.4988881525164,414.8825988769531,42205
2019-02-19,413.2682469822908,416.9120296170195,410.5469381131476,412.9915161132813,26051
2019-02-20,412.9453953965296,415.38994536258,407.8717894417709,412.2535400390625,103320
2019-02-21,412.3458344329192,413.3144207699127,404.8276777575969,410.5931396484375,145882
2019-02-22,411.14658170077286,415.5744446561991,399.5695186822808,406.8109436035156,83944
2019-02-25,410.5008449798326,413.4527724291183,405.5656044716519,407.22607421875,148941
2019-02-26,405.79618048223057,409.6705813352415,393.2966729390196,401.5066833496094,71321
2019-02-27,403.9512418246691,405.8884422932196,396.6637049683737,402.1985473632813,83714
2019-02-28,402.98269316425,415.1132182448494,400.3536371516992,407.5950622558594,102497
2019-03-01,407.82572624217386,412.99158583185255,402.7982321103578,406.30364990234375,90559
2019-03-05,405.05825277924384,428.0278448578787,405.05825277924384,426.6902465820313,471819
2019-03-06,424.33790808250944,428.9502766486237,414.37520324036814,425.72161865234375,104995
2019-03-07,426.090599787959,441.7726528126634,424.3379053743541,435.1769714355469,259721
2019-03-08,436.3300769611781,444.6323405820039,432.22505757688185,443.4331359863281,225338
2019-03-11,446.7540102087256,457.4547109640736,440.204469334573,452.42724609375,219216
2019-03-12,453.8571045640445,464.004316251452,440.15836315571113,445.50872802734375,387219
2019-03-13,444.0327275395185,447.39975096282353,440.7118165412143,442.6951293945313,147839
2019-03-14,444.6323630454117,449.2447319566711,437.6676972500761,445.3703308105469,55961
2019-03-15,446.2467161781223,450.6284668796129,438.35957617610615,442.3262023925781,104235
2019-03-18,445.554808270984,445.554808270984,434.0238867318798,435.73046875,125810
2019-03-19,437.2525372770519,439.09748469172297,430.6107153235705,435.1769714355469,61441
2019-03-20,435.4075996789632,438.1289084376224,429.4576328718372,433.6087646484375,45547
2019-03-22,433.5626818571792,439.46650849043306,432.87082651379006,435.82275390625,45490
2019-03-25,437.25254334865866,446.4772805501072,430.6568618799558,442.879638671875,88024
2019-03-26,445.5548024772162,449.060191318856,431.21034752976425,444.9552001953125,310225
2019-03-27,444.586230327535,459.115191734949,444.586230327535,455.8403930664063,357820
2019-03-28,462.15936269840887,463.08183647625,447.9071315700971,457.3624877929688,221015
2019-04-01,470.4616317277003,471.93759541835567,456.6245249121797,457.6392517089844,121471
2019-04-02,461.3290718147673,469.400716144129,449.5213923619613,454.1799011230469,183923
2019-04-03,454.1338132720816,460.03766775971343,431.2103632367633,434.11614990234375,192681
2019-04-04,433.1475388805994,436.5145905958736,418.0189749819861,419.81781005859375,272605
2019-04-05,415.1132298483455,427.9817512343113,415.1132298483455,420.7403259277344,88576
2019-04-08,424.1534149913773,429.8727634481341,420.648026035084,421.9394836425781,66695
2019-04-09,423.7844558015377,423.7844558015377,400.5381330580508,406.8109436035156,678521
2019-04-10,408.7481124131693,408.8864778413277,385.2711448951732,394.5420227050781,988066
2019-04-11,397.1710726019635,406.6725693763331,394.86488816425225,401.32220458984375,182964
2019-04-12,402.1985344404392,405.3810799759199,399.431113331904,401.1376953125,61328
2019-04-15,402.3830631855511,411.8845316012407,398.6931681656072,407.8717651367188,204983
2019-04-16,413.2682761647994,413.2682761647994,402.2908432095053,405.7039794921875,87263
2019-04-18,405.703981487549,408.6097965899581,404.0896522758405,405.7501220703125,84538
2019-04-22,408.51747534788495,408.51747534788495,397.12491975478446,398.093505859375,33727
2019-04-23,398.50865968069655,402.9365224164829,389.4684281986059,393.1121826171875,105731
2019-04-24,408.6559091244104,417.7422820343724,400.44589761883583,403.3516845703125,1127429
2019-04-25,402.93654731956696,407.2721854697186,396.6637366975742,399.8923950195313,166011
2019-04-26,402.98276708725376,402.98276708725376,395.0955976027822,398.8777465820313,123863
2019-04-30,401.9217671353595,401.9217671353595,391.1749269506382,400.6764221191406,378083
2019-05-02,398.5086701958418,406.48806270716153,393.1583335696193,396.2947387695313,213448
2019-05-03,395.741248447323,399.9384928520072,388.5920767096383,393.9424133300781,74204
2019-05-06,392.2358135276992,395.4644713544505,388.453665871744,392.6047973632813,31538
2019-05-07,389.5144983935573,393.8501358056718,385.1788609814427,387.3466796875,25233
2019-05-08,386.9777443625573,387.4389812449918,381.5351547801631,386.2397766113281,32299
2019-05-09,384.48701583792393,384.48701583792393,378.721555378792,380.84326171875,62321
2019-05-10,379.2750829994429,387.34672844638567,379.2750829994429,381.3967895507813,266542
2019-05-13,381.90419549097805,383.4724123853044,370.2810186935274,381.073974609375,179471
2019-05-14,377.199486390442,377.199486390442,370.4192991353779,374.15533447265625,95940
2019-05-15,375.0316867496292,376.3231725035629,369.6352379061588,370.788330078125,128954
2019-05-16,370.1425925083656,372.49488931223885,363.82364168505495,368.8972473144531,82992
2019-05-17,365.34570516180605,373.32512535276055,363.08566144117685,370.2348327636719,54431
2019-05-20,374.524369024246,380.0592119162299,366.2221046862701,378.1681518554688,201257
2019-05-21,384.25643248013273,384.25643248013273,369.9119768096514,373.9708557128906,237758
2019-05-22,375.40075322118327,381.9041827537869,371.7569701685414,375.2623596191406,202248
2019-05-23,378.2142334738361,379.5979440841062,371.01894956109714,373.3712463378906,470538
2019-05-24,372.5410198021148,379.04444830846927,372.5410198021148,377.75299072265625,152951
2019-05-27,380.7971670961027,392.00524610250017,377.7530148669984,389.3761901855469,293387
2019-05-28,387.4389551949184,403.812863420418,386.6548469171675,401.1376953125,373983
2019-05-29,404.0435313318613,404.6892742636063,397.72458006311865,400.2613830566406,48270
2019-05-30,397.032729966703,404.9660105183527,392.0513769255123,403.1671752929688,117423
2019-05-31,403.8128499705069,404.96594206065686,392.9737843230975,402.5675048828125,71640
2019-06-03,402.3830957995592,406.8109589217137,396.3870159061552,403.074951171875,69405
2019-06-04,401.3683151428737,406.3496675253375,396.986565039025,398.8315124511719,287967
2019-06-06,398.9698882541093,402.567530171039,392.0513352786045,394.7726440429688,54700
2019-06-07,397.9551805563764,399.8001281047617,387.43898516091326,391.4517517089844,56978
2019-06-10,389.7912259233103,402.198507661136,388.3614030397667,399.1082153320313,62775
2019-06-11,396.7098939853659,398.4164763502776,391.45180958604703,393.61962890625,135612
2019-06-12,392.9738887024485,393.8963626195904,387.90028215816807,391.4979248046875,649951
2019-06-13,390.75984093452377,393.89624569143,380.4281248688381,391.95904541015625,120513
2019-06-14,390.2064242040525,391.774640952064,384.21034439949847,387.9924926757813,31699
2019-06-17,391.128884398486,394.8187795343207,372.8177741565728,374.7088623046875,84766
2019-06-18,376.3693330772591,380.9355899230548,370.1887469841957,379.6441040039063,104725
2019-06-19,380.75104319189126,382.227006833386,372.6793978183503,376.4154052734375,66642
2019-06-20,374.1091951724929,379.9207963330725,373.37122747829056,374.293701171875,66178
2019-06-21,374.5243524048045,380.7971628100317,373.60187863040846,379.4134521484375,26772
2019-06-24,378.2142127130522,378.4909435592503,371.2956600414721,374.2014465332031,36659
2019-06-25,375.8158400194498,385.5018154227947,371.5724546886033,384.2103576660156,178222
2019-06-26,383.749092499695,383.749092499695,374.8472261525712,377.0150451660156,82761
2019-06-27,374.3398397829333,379.7824574771516,374.3398397829333,378.7677307128906,89432
2019-06-28,377.2917323599237,391.1288374586984,374.80104218147926,385.73236083984375,398238
2019-07-01,387.4389820690347,389.3300420303722,379.4134490369386,384.02581787109375,89018
2019-07-02,385.1327963833278,387.1161093451484,381.0277768737855,383.887451171875,26084
2019-07-03,383.88742938439066,390.2063799380704,378.2142216893826,384.5792846679688,142590
2019-07-04,387.7157012932413,392.973812866915,385.9630068192381,390.3447570800781,56383
2019-07-05,391.1289533416214,391.8208088015418,379.3212980863162,382.5960693359375,114682
2019-07-08,380.38209812971417,383.74912205588055,372.6794358427301,374.5243835449219,81855
2019-07-09,373.60189245435214,378.21426149699846,368.66665194838725,370.7422180175781,41124
2019-07-10,372.2311564930261,376.7909824802689,361.9947996894678,365.29833984375,144306
2019-07-11,365.29830725875854,368.6018755173425,362.9253452073796,367.299072265625,47900
2019-07-12,364.92609098583495,371.7658437279605,364.92609098583495,371.0213928222656,19215
2019-07-15,369.5325187786791,370.37003327462855,359.2030975980066,367.6248168945313,99904
2019-07-16,369.43940666873584,369.43940666873584,348.7340494939767,357.6676025390625,884456
2019-07-17,352.5959406405142,356.73702342033766,350.78133087778,352.6424865722656,389078
2019-07-18,353.34040295493025,358.2259364178629,340.45189471101656,350.0368347167969,301724
2019-07-19,349.8972321554771,354.8758287715277,343.4762513941219,349.8041687011719,103466
2019-07-22,348.2222455904889,355.2015795208249,339.75398140855145,353.154296875,102050
2019-07-23,344.03466790371215,370.649173659401,335.1011142043764,355.7134094238281,939475
2019-07-24,360.3662764938608,377.0701604501351,349.85075802935927,358.1794128417969,173366
2019-07-25,356.4113346505012,362.5996719874821,355.66688369228683,357.20233154296875,71589
2019-07-26,355.8994844597609,359.6683131212322,350.8278241829354,355.2945861816406,18826
2019-07-29,356.41125731685906,357.4348984615333,323.8875555049855,346.3144836425781,344061
2019-07-30,348.96670247317354,352.92165843453614,334.0774565009848,337.4740600585937,154010
2019-07-31,332.0767180361274,349.4319896029206,332.0767180361274,347.1986083984375,130282
2019-08-01,341.52203244962794,352.6889653907602,333.1468327437788,349.8041687011719,195614
2019-08-02,347.2916677940624,356.9231259004304,337.7997622875466,349.0132141113281,85496
2019-08-05,346.54719432289625,350.6882772185044,326.6793510489603,337.4740600585937,522448
2019-08-06,335.0080384668687,343.8485283708555,331.3787903966076,335.6594543457031,178002
2019-08-07,335.93859924744896,340.9637138888056,328.4939765494446,333.23992919921875,112874
2019-08-08,332.4489221519922,340.5914779779682,327.7960331085773,339.0560302734375,100057
2019-08-09,336.869166909446,343.8950180088766,328.3078397057462,332.40240478515625,239790
2019-08-13,334.63582021782867,335.65946159281964,321.84037402790113,329.1454162597656,124776
2019-08-14,328.5870331419002,331.05305867925085,314.58181994475257,320.8632202148437,532261
2019-08-16,321.9799134811786,321.9799134811786,313.2324879854744,319.14166259765625,380355
2019-08-19,316.5826034477938,332.96075127755614,313.6047428974827,329.7502746582031,169050
2019-08-20,333.8913200734346,336.86918054279806,321.18893814436586,329.98291015625,129464
2019-08-21,333.3330008016238,338.7303410298694,321.32852368879685,331.7510070800781,183334
2019-08-22,334.63582040998983,336.9622651731308,325.7022668397318,332.91424560546875,82539
2019-08-23,330.3086107184056,336.8691730325125,326.63281694588915,335.0545349121094,90208
2019-08-26,335.8921078509394,348.6410081738746,331.332253374424,347.1055603027344,153646
2019-08-27,348.96670393819034,360.8315718720888,344.4999414873747,358.3190002441406,160583
2019-08-28,358.31897042766576,362.92534189593727,350.4556050593089,359.7613830566406,144995
2019-08-29,359.20300042135426,360.5988670033025,347.4777154531931,359.5752258300781,81756
2019-08-30,356.5974475182695,360.87808295756446,350.6882724240482,358.1794128417969,93925
2019-09-03,355.94604311491315,357.20232894688013,346.73332767879447,353.6195983886719,162029
2019-09-04,351.38621713127696,355.4807541696649,350.17644883424146,353.6195983886719,156795
2019-09-05,351.94455508561265,360.1336288259377,351.94455508561265,354.96893310546875,44545
2019-09-06,352.87510645939574,357.202287467928,352.87510645939574,355.480712890625,58615
2019-09-09,353.85221068376643,359.15651553684324,349.3389026454791,355.2480773925781,402390
2019-09-11,353.61956145795045,356.13213285948075,349.5715423772541,353.47998046875,295102
2019-09-12,353.47999154408825,374.0922846319478,352.31676926600386,370.3234558105469,288301
2019-09-13,374.0922896171279,376.8840231217333,366.8337938647465,371.9054260253906,123277
2019-09-16,367.5781977779071,376.8839749368415,365.6705248199168,373.8130798339844,62075
2019-09-17,374.185348311445,378.6521105022924,361.06419532723135,370.1373291015625,91003
2019-09-18,371.3005116100911,373.0686036046292,362.9718296266644,370.5560607910156,56253
2019-09-19,370.3699681016611,371.0679014586365,364.1816313496079,366.92681884765625,24235
2019-09-20,368.3226746485707,399.21786836155087,361.9947570924086,389.12109375,226994
2019-09-23,399.2178745082952,406.5229158871358,382.7931820876917,385.30572509765625,257054
2019-09-24,386.189814799581,402.7540894723555,384.70088453260536,388.3766784667969,624606
2019-09-25,392.0524310340416,394.3323580923392,380.2806270858306,383.9564208984375,100221
2019-09-26,383.9564168890639,391.0288140501749,381.8626167794642,385.7710266113281,46370
2019-09-27,386.2363085291744,387.12036880791953,378.32639714728185,381.8626098632813,53734
2019-09-30,385.9106547655077,391.68022053083627,372.2311486915019,386.5620422363281,211100
2019-10-01,389.9120615025448,392.3315692346235,382.5605032542495,384.9800109863281,81134
2019-10-03,387.02731639832496,388.5162466160511,382.18832868944224,383.9564208984375,54915
2019-10-04,384.8404372028336,390.8426753626378,373.2547606511152,379.9083862304688,98133
2019-10-07,378.7451856893408,385.9106465079212,374.65064882114433,379.9549255371094,53611
2019-10-09,379.1639284669444,382.3744047740291,372.7429190548145,375.8138427734375,117727
2019-10-10,375.7673299236656,379.3966063105206,372.184627868358,375.441650390625,32295
2019-10-11,376.09302122308105,377.8145958742254,372.510290927236,376.79095458984375,45251
2019-10-14,373.1616897656367,384.793912015189,372.9290453206457,378.6986389160156,93129
2019-10-15,381.07160089533227,381.8625976880978,372.556819888456,378.6986389160156,328308
2019-10-16,378.5590981209213,383.398114813108,375.1159767505831,379.7223205566406,81093
2019-10-17,378.04724489211634,385.259223102366,375.95344476656,382.8862609863281,105692
2019-10-18,382.56050155632994,392.4246309439612,380.6528002149561,389.3071899414063,295109
2019-10-22,390.74961130744254,392.70383036107336,385.3522714440626,389.26068115234375,347440
2019-10-23,395.4955613142129,426.94907930149225,393.6344057315578,418.0620727539063,789642
2019-10-24,420.574697799942,439.698062491569,420.574697799942,436.6271667480469,508229
2019-10-25,436.44095747182894,448.7245949265764,429.9734308575909,445.56060791015625,351323
2019-10-27,446.6773623511905,449.46909586588544,435.6965552196498,439.6980285644531,17297
2019-10-29,439.2327396453373,449.46909586588544,436.11529820746495,439.6980285644531,313370
2019-10-30,440.1633807601565,440.1633807601565,432.7187569840862,437.8834533691406,149693
2019-10-31,440.1168296972559,445.6072336341041,437.37161352934,442.396728515625,276696
2019-11-01,445.5606794662469,464.3583640812328,440.0237580962514,443.8856506347656,260899
2019-11-04,444.7231696436428,451.79556731435423,424.4365829240335,433.7888793945313,331155
2019-11-05,436.3479767007253,441.0939297256718,425.3206227777868,428.5311279296875,76355
2019-11-06,429.6943350534682,439.6980472393367,426.4838300156195,436.5340881347656,103672
2019-11-07,443.79259072648455,443.79259072648455,432.6256560297444,436.6736755371094,82685
2019-11-08,438.6744030868112,441.0939112332883,434.34722166273696,437.0924377441406,72309
2019-11-11,438.76748626083855,447.56145890392094,437.4181369265297,442.9085693359375,293578
2019-11-13,446.6773550397425,446.6773550397425,434.0214909671535,442.4432373046875,101730
2019-11-14,446.3981881321795,446.3981881321795,437.464635450055,443.0015563964844,140098
2019-11-15,440.3029292365272,446.6773935534936,440.1168306952703,443.4668884277344,55004
2019-11-18,446.5842404822218,446.6773039336703,436.8131744586728,440.58203125,66726
2019-11-19,439.2327239876645,444.3043843848264,438.5813081645312,442.3036193847656,43968
2019-11-20,442.303611591447,442.303611591447,434.8124717523102,436.9527893066406,68751
2019-11-21,436.440969692131,439.18618544530864,428.9963476078302,432.5325317382813,141900
2019-11-22,431.2297568889426,436.3944808386821,426.2046423316409,434.5333251953125,50670
2019-11-25,434.5798813778501,442.9550825178943,432.99788758069263,440.954345703125,35969
2019-11-26,444.8161691197434,444.8161691197434,437.4646104981879,442.0709533691406,86065
2019-11-27,442.07101315301855,444.81622927487314,436.48754583994486,441.1869812011719,58344
2019-11-28,441.14038706656544,443.88560288846566,438.30213618546605,441.4660949707031,47317
2019-11-29,441.65223450084414,443.7460345742688,437.6972788065975,441.931396484375,104634
2019-12-02,438.3487124574008,455.98317518379633,438.3487124574008,447.0496215820313,471095
2019-12-03,451.3302541915604,458.7748769411119,447.65446034937656,453.8893432617188,203106
2019-12-04,453.8893089741776,453.8893089741776,444.4904677830762,446.5377502441406,157261
2019-12-05,449.93436805569394,459.6123715336624,442.0244567248286,455.9831237792969,137611
2019-12-06,458.7283534788019,464.3583380007818,448.8642227833577,461.65966796875,164706
2019-12-09,464.8236400654964,491.3451090181824,454.0754771653167,473.9898376464844,511159
2019-12-10,475.9440802742152,485.4825037884881,466.4521742955403,472.593994140625,361214
2019-12-11,473.61762754392345,476.2232342712073,466.3125854419891,473.8967895507813,98484
2019-12-12,477.2468330342717,479.2475981535161,469.1973686197927,474.8738708496094,207891
2019-12-13,477.0607381378063,483.9004623382096,472.45436660787897,477.7120971679688,242105
2019-12-16,481.015745860366,481.015745860366,472.96622419521,474.3620910644531,126911
2019-12-17,475.5253008550794,477.2003296941928,468.35983975657393,473.8967895507813,165132
2019-12-18,474.5947083357326,488.3672492964706,470.9189144311864,479.38720703125,210269
2019-12-19,479.3871980619148,479.85248698295015,473.6641216139943,475.478759765625,103583
2019-12-20,472.54740607375527,481.9927936746821,471.1050218110129,477.5260314941406,115155
2019-12-23,478.8752960282025,482.4580545087998,470.5931879832864,479.2940673828125,113886
2019-12-24,479.2941565850306,486.50613561924257,472.0356600134178,481.294921875,108305
2019-12-26,482.0393175974227,490.4145180962197,479.34061916195833,488.2742004394531,221760
2019-12-27,490.41458012445537,492.275736026256,481.7602165406768,487.71588134765625,118585
2019-12-30,485.2963654568661,494.1368553357544,481.1552825224252,488.8325500488281,92298
2019-12-31,488.7394479641236,497.7660635412781,481.66702295200025,495.160400390625,112432
2020-01-01,495.9979020969334,497.8590574518937,489.99566471759545,491.9964294433594,47203
2020-01-02,493.1597600309238,505.4433994355432,492.7875061588576,496.7424621582031,200561
2020-01-03,495.16047178334617,504.8385045435522,493.20628093655785,501.58148193359375,69188
2020-01-06,502.04674520663656,503.4426119681008,489.4839443534584,492.740966796875,140603
2020-01-07,495.4862309137862,500.2321556445494,493.34591303124535,496.6029357910156,61744
2020-01-08,491.3450533157832,496.2305865163663,487.71577736188095,491.5776977539063,101126
2020-01-09,494.9744179911588,503.442654337538,490.1819189876121,494.648681640625,188197
2020-01-10,493.2062793716759,501.4884452727643,492.13609208404125,499.0689086914063,130352
2020-01-13,502.3258495129776,511.7247187062629,499.0688274435926,506.74609375,272841
2020-01-14,504.9315292626406,522.0076672464448,502.46553198728833,519.262451171875,177853
2020-01-15,518.7040536624278,539.7350878132077,517.6338665449945,532.6627197265625,455544
2020-01-16,539.0837617882619,555.648036915863,532.2905545323205,543.2713623046875,325962
2020-01-17,545.3186685872591,554.6244479146868,543.1318331645015,545.6443481445312,216816
2020-01-20,549.0409300185656,562.069019883413,536.6642560065536,559.9752197265625,264829
2020-01-21,551.693001903375,558.2536205450634,540.7587132311728,551.646484375,441459
2020-01-22,551.6465000448928,558.5327983787754,548.5756047114438,553.3681030273438,321505
2020-01-23,556.1131738074546,576.0275579819063,551.6464125041804,570.0718383789062,1151686
2020-01-24,572.9102986957868,575.0971340104587,553.1820361371292,566.3031616210938,308523
2020-01-27,562.0690574673116,567.6525249255961,554.8570786670274,561.5572509765625,155986
2020-01-28,564.8607277042058,580.680550391144,562.8134451733627,572.3518676757812,423283
2020-01-29,574.4922521118328,580.6806179550605,569.7928450088094,575.190185546875,405868
2020-01-30,574.1665740684937,586.0314424953548,559.5564894303337,577.7027587890625,281357
2020-01-31,581.425033176705,596.9191772011555,569.5136479772957,587.985595703125,717405
2020-02-03,569.0948616584006,593.7086566682686,563.0461057519057,585.9383544921875,320154
2020-02-04,589.4280578825276,597.4310050124168,571.9797224557631,576.7256469726562,307825
2020-02-05,579.4708631060605,586.2640703392875,569.5136683295935,576.7256469726562,135142
2020-02-06,581.6111849695436,586.2640744492999,576.027717593836,584.9612426757812,44729
2020-02-07,582.6813904170095,584.2633274510232,570.118588430392,576.5860595703125,184254
2020-02-10,579.4708376077493,579.4708376077493,569.5136432694263,571.840087890625,107882
2020-02-11,572.3984401664416,575.9811991389134,562.0690482570632,565.9309692382812,91983
2020-02-12,567.5129406317131,576.4000055010991,561.8829553884165,573.98046875,243669
2020-02-13,577.8888387704848,586.2640393323759,576.0276830900646,580.86669921875,193945
2020-02-14,582.5418313958784,592.7316719148739,581.6577709311301,589.2420043945312,228021
2020-02-17,593.7087394107458,594.5462822952474,573.8874401912666,583.2862548828125,285111
2020-02-18,580.5874853593076,585.0542472336838,562.394644770092,580.4478759765625,179790
2020-02-19,580.447958530366,583.2862097335263,572.5380464702328,576.7256469726562,49910
2020-02-20,581.3320410662606,583.4723589340164,559.882231256111,576.5860595703125,201592
2020-02-24,576.0276048513521,585.3333819894999,568.6295006669333,581.3319091796875,139972
2020-02-25,577.4699885636288,583.3791911211914,575.1900618067095,577.0046997070312,114040
2020-02-26,576.9582020849856,578.7263225202357,563.7439867421573,569.69970703125,210506
2020-02-27,569.6998222901459,576.9583188123852,559.696109504286,571.8866577148438,69179
2020-02-28,562.0691050847888,576.0277749130535,538.4324014564048,572.770751953125,711231
2020-03-02,568.5829910530699,578.8193460474788,562.068946965719,572.6309814453125,322847
2020-03-03,567.7920794999667,588.9161505721656,561.3710698238244,576.2603149414062,162529
2020-03-04,576.3999206814298,585.2404099139795,567.6524665110903,575.5623779296875,126717
2020-03-05,571.0491975237115,578.7264658234546,563.9767708294074,575.7020874023438,150578
2020-03-06,560.4870569033778,581.6111865587864,560.4870569033778,575.6089477539062,146256
2020-03-09,572.770628515787,576.0276507737972,542.1545965713073,560.90576171875,499247
2020-03-11,565.7913502162279,586.2640635464203,562.3016831713087,578.9124755859375,239980
2020-03-12,561.6502606282284,567.8851437007175,516.5172340498019,536.524658203125,353897
2020-03-13,501.5813954933619,585.1007465982399,437.3715322483861,557.5090942382812,679271
2020-03-16,533.2212877721374,554.624585536115,502.51220837164783,529.7781372070312,245192
2020-03-17,519.2623971669314,538.1996321222045,510.1427463540575,530.0105590820312,378631
2020-03-18,526.9862121808965,536.8037968982103,506.2343379940421,512.562255859375,493888
2020-03-19,479.2475503262001,502.2328325460971,472.0820901559058,487.7623596191406,261794
2020-03-20,489.2512773038678,525.7764558757685,442.0244540548496,515.5401000976562,492663
2020-03-23,455.9831369281532,501.48841555710726,412.4321058219549,464.35833740234375,162588
2020-03-24,467.1500697472283,487.57626443540994,433.04439802416425,448.53851318359375,161436
2020-03-25,448.5384874486355,524.845864981391,437.6507161240041,463.7999572753906,106549
2020-03-26,473.66404513371344,511.8177304981186,448.5849649797146,508.1419372558594,272721
2020-03-27,511.8178712490466,515.0283765282937,456.2158388724456,485.3894348144531,233858
2020-03-30,480.3642726464026,501.58143516774646,464.54445001588,496.0910034179688,178188
2020-03-31,501.95378881285313,519.262516648618,472.5474903503843,508.2817077636719,307605
2020-04-01,511.771343532369,511.817861069236,487.3436728904282,497.6730651855469,53432
2020-04-03,497.673026388432,506.187836496164,467.0570205837295,476.6885070800781,100346
2020-04-07,483.8074443317104,485.1567367685808,465.1958590328428,469.8952941894531,193228
2020-04-08,466.21950515667055,484.4122908545884,460.7291014943026,475.6183471679688,269731
2020-04-09,486.69221208083474,507.16492463490425,483.9004785507344,491.4847106933594,106822
2020-04-13,499.720280244841,499.720280244841,471.0119493405507,473.6175842285156,86713
2020-04-15,477.3863994892239,504.32663748665806,476.4558217124418,491.85687255859375,214723
2020-04-16,499.72021135868624,529.498696951755,484.9240036104487,523.8687133789062,830826
2020-04-17,536.0128445927925,541.5963117239673,500.88353055915024,506.1878356933594,232151
2020-04-20,516.4707096336803,525.7764881856384,503.4426196609388,506.1878356933594,74485
2020-04-21,497.8591586993781,497.8591586993781,482.5046238983692,484.04010009765625,147203
2020-04-22,486.73874804151626,510.8872553507487,472.73356232819737,502.5120544433594,130993
2020-04-23,512.6554209932328,533.4072981460931,506.0948009354476,520.7514038085938,258565
2020-04-24,520.0999970468042,520.0999970468042,490.97286412148486,516.377685546875,120153
2020-04-27,525.7765005216818,541.2706448934099,520.425677728762,527.498046875,168480
2020-04-28,524.473693378164,539.7351939965647,522.566020000356,524.845947265625,136080
2020-04-29,536.6177027835872,546.528322121417,526.7535441774846,531.4064331054688,131003
2020-04-30,534.2446844928346,572.3053386786128,530.5223733469575,552.995849609375,699405
2020-05-04,539.7351661894407,541.3171599326927,524.0549517529512,529.6849365234375,162118
2020-05-05,534.1517306678861,575.0041244259592,532.3370923487063,567.2337646484375,1229436
2020-05-06,581.4249876984607,587.8925146525685,558.3466700301402,563.79052734375,810310
2020-05-07,569.4671672176187,571.281805513928,550.9021264285494,565.837890625,174102
2020-05-08,573.2825664183524,584.2633754755741,563.4649798629122,566.2567138671875,179458
2020-05-11,571.9795980472828,585.9847808773737,567.6523890834485,575.6553344726562,133210
2020-05-12,572.3054055606617,574.5388152283781,558.8120260799632,561.603759765625,120865
2020-05-13,578.8194176362823,581.6111511618593,562.0690164828208,571.514404296875,159742
2020-05-14,570.4442763507659,576.0277439822579,559.2773410877819,572.9568481445312,205034
2020-05-15,577.3770135146694,589.055753669375,560.4404860148201,582.402099609375,368353
2020-05-18,585.3333723512415,588.7765211952516,567.6523960799003,577.4234619140625,178470
2020-05-19,579.7501241537965,579.7501241537965,549.0410485565649,564.3025512695312,302025
2020-05-20,562.8135072589116,572.1658038723934,555.5550109379094,566.5823364257812,107125
2020-05-21,571.1885932278706,579.5172751822123,567.6989267775562,572.3052978515625,151771
2020-05-22,572.3053599573152,612.4132413261957,568.58304867304,605.3873901367188,1032511
2020-05-26,614.1813488952566,618.6481109821752,579.1450719550016,605.1082153320312,537898
2020-05-27,638.376384401387,650.3808609963415,607.2020274371794,614.7396850585938,1536578
2020-05-28,628.1401034843407,637.2597558494083,607.9000334831786,611.4362182617188,743152
2020-05-29,609.5284212299281,612.1340275488767,596.7329772728112,599.5712280273438,410397
2020-06-01,614.1348043441501,622.3703948046215,598.7802712973356,605.6199951171875,587092
2020-06-02,608.5978737935011,611.7152866663783,573.3289528835313,595.8024291992188,6441136
2020-06-03,602.0838306648602,609.3888436036652,582.5416970575,590.0328369140625,776872
2020-06-04,589.9863503538623,602.456116124691,584.8681722356506,593.8016967773438,330493
2020-06-05,599.2455058963154,625.348198351858,595.6162302402704,618.5549926757812,1275141
2020-06-08,623.3941073058653,626.278875842418,604.8755858804927,607.5277099609375,407343
2020-06-09,608.5979791726055,614.553700770547,599.2456821366573,612.087646484375,264719
2020-06-10,612.3202335011524,631.769333545831,612.3202335011524,625.0226440429688,558399
2020-06-11,632.6999284655792,632.6999284655792,618.8342952218724,625.6275024414062,283257
2020-06-12,605.9457963973492,630.8852716914839,600.9206532330091,626.4650268554688,323658
2020-06-15,630.4665329500073,643.959912622,611.0640062787774,616.9266357421875,565128
2020-06-16,623.4871192252234,639.5861036307004,621.0210653628349,630.3268432617188,882670
2020-06-17,632.6998360104687,676.0182189863813,631.2573950571712,671.5048828125,1657155
2020-06-18,674.6689604212535,695.1416737030019,673.2730936065888,688.9533081054688,984822
2020-06-19,696.0722954644098,696.677193841421,655.3595108032226,670.01611328125,725117
2020-06-22,679.3217490134385,690.395646819279,662.5248321953691,681.648193359375,384585
2020-06-23,679.1822055319419,689.5581710407416,664.2929602733025,680.90380859375,537065
2020-06-24,685.8358006282464,698.8638891069376,665.8748965638027,683.0440673828125,646018
2020-06-25,683.0441123866023,707.2391354411685,672.9473658695546,698.9569702148438,436629
2020-06-26,702.4932619642733,715.4282603739116,692.5825848564789,704.7731323242188,508010
2020-06-29,707.2390933368188,707.2390933368188,691.4192715121794,701.37646484375,317233
2020-06-30,697.0029004520034,709.1004140780061,672.807873199998,703.2843017578125,530102
2020-07-01,703.4703800413048,711.8920987386851,693.4201500069405,699.980712890625,287294
2020-07-02,699.9806211303112,713.2878720941986,694.2110275045951,700.166748046875,487198
2020-07-03,703.191194758739,709.7982749595299,693.2805176595866,697.2354736328125,392553
2020-07-06,702.5397784310766,706.1224805323752,695.1416729616506,697.6077270507812,359190
2020-07-07,701.6092657054107,704.4475171294954,685.6963484787885,701.888427734375,182325
2020-07-08,701.8883577319833,724.8271249232854,688.9998769648083,694.0249633789062,577939
2020-07-09,694.211062283523,708.9606981932839,694.211062283523,704.2612915039062,233654
2020-07-10,704.2613651371936,708.1698037976416,689.9770166496877,697.0028686523438,217419
2020-07-13,699.79457001332,720.7325724405803,694.2111026993839,698.63134765625,628123
2020-07-14,700.7251817172257,718.4061623980057,695.5604855621707,714.9630126953125,355489
2020-07-15,723.9895708688972,725.3854376507782,700.1202261795478,704.1682739257812,386356
2020-07-16,713.9076330437238,735.6558125934,706.768568255926,730.644287109375,381219
2020-07-17,734.6157752568413,744.1660406217247,728.1385647988577,734.2847900390625,556156
2020-07-20,740.9983903306962,760.2407800233699,734.8048402930284,752.8180541992188,596238
2020-07-21,761.8482719083673,777.970282010552,757.9241203875422,762.9829711914062,688836
2020-07-22,767.8054126197377,774.8026771500768,756.8840540690809,768.8455200195312,352350
2020-07-23,775.3699180318481,782.9345025980124,744.16600669642,755.8438110351562,470743
2020-07-24,753.8580915419723,774.3297705468293,748.8938331781022,756.0328979492188,682161
2020-07-27,779.1521607803859,784.8255988443208,726.861984833759,748.0427856445312,1262347
2020-07-28,749.6503424770169,763.077492045741,729.982433530746,732.8191528320312,425674
2020-07-29,736.6013681855675,745.0642580918278,732.8190761794798,737.8778686523438,436969
2020-07-30,745.1116038416734,751.7306155509269,726.200141815235,729.2732543945312,384336
2020-07-31,734.7574933641931,741.2347030884519,728.0912152091383,737.6414794921875,372085
2020-08-03,737.6415571974098,749.1775606378183,735.6558767593044,737.499755859375,421776
2020-08-04,744.1660796313585,745.9626917271866,735.088600347567,738.4453735351562,401713
2020-08-05,744.9224155946092,745.017007524779,733.5755393244302,736.9323120117188,162694
2020-08-06,738.587041809516,760.5716138986262,734.7102156231662,755.2764282226562,514926
2020-08-07,762.8410409267441,762.8410409267441,741.32925452317,745.9625854492188,201697
2020-08-10,754.0473111518957,764.732276078732,740.7620200931069,749.224853515625,389037
2020-08-11,755.2291698749917,755.2291698749917,734.7102241445323,736.5068359375,354111
2020-08-12,737.5470712568206,739.4382175933765,709.5581285610749,724.2617797851562,522306
2020-08-13,730.2660390870778,732.1571851459402,704.0263875203619,707.194091796875,467972
2020-08-14,712.9620781850557,737.1687251283405,702.6080417669168,711.1654663085938,663611
2020-08-17,714.7587048281541,718.6355313197306,686.0605276008212,688.6135864257812,464744
2020-08-18,692.0649784505273,703.5063899327002,684.5949278377352,689.9374389648438,573103
2020-08-19,696.6037113569479,735.6558686786091,691.4975935533324,729.5096435546875,764463
2020-08-20,728.0912597221346,741.2347484049959,711.4491968709086,718.919189453125,634421
2020-08-21,728.6586530817913,758.3496733532221,720.763140291139,752.6289672851562,897959
2020-08-24,756.4584386203815,762.1318769100343,741.3292698479738,752.1088256835938,295727
2020-08-25,759.2951859439255,780.4287212719039,747.0972700832073,761.6591186523438,819794
2020-08-26,767.8053426726951,778.2066465758967,753.1489599000021,761.091796875,1725950
2020-08-27,764.0229509536729,765.7722378427326,747.0026376898535,758.30224609375,252797
2020-08-28,764.0230973324789,784.8257064182642,758.3496584909011,768.0890502929688,779095
2020-08-31,770.6421174786847,773.4788369295266,695.9418386065178,718.682861328125,599365
2020-09-01,720.5266268544624,735.6085277649869,693.6723305373379,699.9131469726562,683232
2020-09-02,706.6267239590833,718.6355131557734,700.7641595459623,716.31884765625,303451
2020-09-03,720.4322117815029,733.4338426970733,711.8274614203659,724.7345581054688,331273
2020-09-04,718.1627563392428,718.1627563392428,699.7713483373553,703.4591064453125,552385
2020-09-07,709.1325809841247,709.1325809841247,688.5190982753829,695.8472900390625,192192
2020-09-08,699.62949280584,699.62949280584,684.5948588696939,689.6063842773438,177648
2020-09-09,682.7038068260861,689.7956053734484,658.1189051952298,666.6763305664062,654089
2020-09-10,675.517385073867,693.2468791070222,667.6218157698505,689.3699951171875,381256
2020-09-11,691.5449019908426,718.0682750888495,674.6664443041157,707.4778442382812,646199
2020-09-14,718.8247217453497,754.5673753509096,711.1182774707069,747.3810424804688,748822
2020-09-15,753.6217496634205,772.5332113864674,732.8191417680689,763.5975341796875,717115
2020-09-16,765.914245196456,793.2885992063036,753.621794347624,778.4903564453125,991785
2020-09-17,778.2066031113899,789.4589452453026,757.403996466857,773.2896118164062,443071
2020-09-18,775.3699245924597,776.3627647825294,754.5673168594914,766.0087280273438,2139318
2020-09-21,764.7796514212247,774.4245103454589,747.0501525580045,756.4586181640625,805895
2020-09-22,750.7850235102196,765.9141927497202,692.3013517540551,756.978515625,483101
2020-09-23,762.9829346211184,765.0158820973029,738.8708212933655,744.6387939453125,409220
2020-09-24,728.6112886374422,765.9141563115518,714.6168192993274,752.0142211914062,309637
2020-09-25,758.349667791101,764.9214127391635,729.8879390054202,746.5772705078125,540689
2020-09-28,749.8393606025039,763.077382101161,747.7118214330768,758.0658569335938,392308
2020-09-29,763.739409630203,765.8669491197375,733.7647306127875,750.0758666992188,572853
2020-09-30,755.5128919742854,756.4584650556048,724.5453735610715,730.7861328125,263981
2020-10-01,741.3293583494332,758.2551410194793,738.0198522853733,749.650390625,218081
2020-10-05,749.6502205352181,757.8767167134233,720.4793182173645,724.1197509765625,388886
2020-10-06,732.2044546911937,732.5827069895039,704.4991763793093,709.1325073242188,508674
2020-10-07,711.0710298932048,713.8604823110921,676.6048760106602,681.1436157226562,559928
2020-10-08,685.1622907895545,696.0837069922118,682.7983578821751,693.057861328125,543867
2020-10-09,696.3201000398627,700.66971350264,678.968797877832,684.0276489257812,269783
2020-10-12,684.5003056151174,691.6393700955484,671.8296045551195,673.058837890625,228446
2020-10-13,675.0919017228878,688.8499782846285,666.6290112431889,678.7796020507812,551169
2020-10-14,684.5003789502745,697.7384021331864,673.2953032711034,679.4415283203125,565796
2020-10-15,685.5404695051823,692.1594809348875,668.520154400226,671.9241943359375,270669
2020-10-16,677.8339832088636,678.0703764592974,662.8939413240807,666.0616455078125,264856
2020-10-19,666.6290244548597,669.4184765962826,644.8808435151976,659.206298828125,473418
2020-10-20,661.712008667383,668.0473596432996,653.390977372286,657.0787353515625,787881
2020-10-21,655.2820876719333,680.8125586201904,655.2820876719333,674.5244750976562,663583
2020-10-22,677.077553744729,689.3227359744315,668.189201927984,681.2380981445312,365473
2020-10-23,687.2424604544061,702.1825026508329,679.1578226635635,697.5964965820312,898093
2020-10-26,701.5679995725219,704.1683256956868,686.1078441759647,689.89013671875,161474
2020-10-27,686.1077613867084,687.9516403214652,664.7851012922981,670.0330200195312,361655
2020-10-28,671.4986787671875,690.0791533051503,670.2221206087902,685.6349487304688,389815
2020-10-29,682.7037830573906,692.9159610674092,668.5674535691712,673.5789794921875,283519
2020-10-30,677.7867058529479,690.268280829769,675.4227733843528,687.0060424804688,450891
2020-11-02,685.5404621837367,694.7125323238694,661.901135901539,678.1177368164062,362121
2020-11-03,688.3771813816592,704.4991903645101,685.5404622276138,693.4359741210938,590379
2020-11-04,694.9962076954718,709.1798037708895,687.4316231219157,703.931884765625,465877
2020-11-05,706.3903735292256,714.4750119997898,701.9461684120752,704.1210327148438,206158
2020-11-06,707.8087579170289,723.2689132859379,706.3431311019614,719.3920288085938,658429
2020-11-09,721.7086171209911,727.0038030181915,716.9334848490731,721.1412963867188,343168
2020-11-10,723.4579351123641,724.7344933889143,675.0919070533029,679.914306640625,410696
2020-11-11,680.8125542092776,690.0318908808615,664.312293956983,678.3067626953125,501687
2020-11-12,678.306811609889,706.7685953481796,668.7092796773347,687.4788818359375,680316
2020-11-13,689.3227195523508,711.0236315253418,680.8125625208403,708.943359375,252996
2020-11-14,715.7988502306163,716.4607629557686,704.7356332088499,707.5250854492188,32131
2020-11-17,713.3404088478837,749.8395094243679,706.3431444388434,746.5772705078125,606981
2020-11-18,747.0027279606478,753.5272052521665,721.6613811370279,729.8878784179688,376204
2020-11-19,730.9280789697902,742.2749572979112,708.6598417934945,717.5955200195312,246879
2020-11-20,723.3633602688625,747.0026857678449,713.9076300692694,731.447998046875,331277
2020-11-23,737.4525774450359,747.6174895611629,733.7648188013435,743.5042114257812,254355
2020-11-24,749.5086050595536,785.9131725307067,723.5053425801586,775.2281494140625,517391
2020-11-25,781.9890023230856,781.9890023230856,747.9483686064822,752.6289672851562,386533
2020-11-26,756.1747593576401,761.1862848456616,734.7575072639709,757.9713134765625,222687
2020-11-27,761.1862741298318,791.9646641063553,750.5013106443132,783.265380859375,794817
2020-12-01,784.8256506504966,790.4518219779204,766.1033153462935,778.25390625,430006
2020-12-02,781.4216330885051,785.7712462641329,757.4985874829465,762.321044921875,362233
2020-12-03,762.3209952152832,763.0301749941898,743.2204082940931,749.0357055664062,365421
2020-12-04,752.8652864946447,754.2836460932732,733.0082521138457,748.4210815429688,267765
2020-12-07,749.3666195435064,763.9284671599778,741.3292488607054,744.0241088867188,246071
2020-12-08,752.1560732428002,755.040059422438,737.5942255925801,741.8493041992188,320862
2020-12-09,746.86083984375,754.567283177015,729.6041319264812,746.86083984375,332839
2020-12-10,749.6503448587241,761.1863482632423,744.071498176393,756.600341796875,350916
2020-12-11,760.4299382172057,761.6591717686669,737.5470564612789,748.7520751953125,660268
2020-12-14,751.7306141371138,768.5145366540115,744.2132964531022,757.404052734375,534451
2020-12-15,750.1703909185777,755.5129019840963,740.4309995945895,744.2605590820312,504704
2020-12-16,747.002652414595,759.767887614085,735.6557766817151,755.985595703125,592456
2020-12-17,761.517261471146,764.2121793932689,747.0972719144495,759.4843139648438,400839
2020-12-18,761.1390369507163,761.1863040605027,731.6844134039652,740.1000366210938,668141
2020-12-21,740.1001251943096,745.0643842931613,718.3992095909737,728.0440673828125,400942
2020-12-22,723.3633596091846,735.3721484943555,705.8229916475751,727.3347778320312,470874
2020-12-23,727.9967393883738,749.8394545114342,726.9093072580896,748.2792358398438,171452
2020-12-24,754.0946003859802,763.2666716449148,743.220508969756,758.4442138671875,313900
2020-12-28,764.9686624904484,817.7788987377894,755.9384506378063,803.5480346679688,1586535
2020-12-29,813.8547580674618,832.9553457455747,797.1181030793828,805.5809936523438,2232681
2020-12-30,770.7366347093468,770.8784937640421,750.0758849166837,759.5316162109375,7149481
2020-12-31,762.037294085426,773.0059176605297,760.2406823230164,770.2637329101562,1028864
2021-01-01,769.6019328146126,786.7167820307225,766.8597478688894,769.3655395507812,829636
2021-01-04,778.2066204136015,779.8141061417858,762.3210047108604,777.2610473632812,656435
2021-01-05,773.4787983157848,783.1236555097956,768.7509328004071,776.8355712890625,612164
2021-01-06,781.7525876900539,781.7525876900539,764.0230914467053,771.3040161132812,564177
2021-01-07,777.2610512269546,780.9488092268148,764.9686015116865,768.561767578125,676453
2021-01-08,771.540332978287,777.2610383235518,765.9141618516751,772.8168334960938,448087
2021-01-11,778.2066965915197,778.2066965915197,763.3611867056385,770.0274658203125,319772
2021-01-12,766.056125494767,772.1550262606228,765.9142664342189,769.6492919921875,554270
2021-01-13,771.5403689023693,773.0059956389222,766.0087317368491,770.1220092773438,654994
2021-01-14,774.4244324079452,790.120924069881,766.0088080425273,777.639404296875,603181
2021-01-15,772.1077362451146,791.350184280031,770.0274637936095,786.3859252929688,536230
2021-01-18,791.1137578368632,791.1137578368632,765.1577646783369,779.0103759765625,495068
2021-01-19,779.0102844406761,796.0305982544372,774.4715456329787,790.7354125976562,654792
2021-01-20,795.2269695373569,802.6970200415972,786.9532049910408,800.5221557617188,442625
2021-01-21,802.7915208427528,808.2285658896855,796.1725094812696,805.9591674804688,335247
2021-01-22,803.6897354576165,814.1383049482864,781.0905190061792,787.9459228515625,579693
2021-01-25,795.8889189770134,799.4820853460402,786.10220240547,794.2814331054688,205489
2021-01-27,794.281413240067,797.2126667988863,767.8999003578838,779.3413696289062,413788
2021-01-28,766.3868993026819,788.9861165808456,759.5314952065135,782.7453002929688,242855
2021-01-29,791.4446833244214,805.1554932505912,779.1995001580639,798.9147338867188,289228
2021-02-01,804.68269367413,804.68269367413,773.9988355865714,786.2440185546875,451439
2021-02-02,804.6826386145159,805.6282116328643,733.2918757292093,746.4353637695312,1031538
2021-02-03,750.7849935273878,754.2363582075977,738.5398111205419,741.9439086914062,727193
2021-02-04,744.8278910050403,751.6832955068842,722.0395462399579,725.8218383789062,1413621
2021-02-05,737.4524726287032,737.4524726287032,711.8274073781043,713.8604125976562,1002631
2021-02-08,719.5810618053025,745.1115331177114,701.6624416933985,729.7459716796875,806110
2021-02-09,736.2705485685897,741.3293417824613,724.4508843182316,728.1858520507812,290852
2021-02-10,733.7608856308307,735.5715470886781,725.422152404675,732.1884155273438,134306
2021-02-11,732.1884340320128,737.8587844023833,721.4195670553493,723.8973388671875,473014
2021-02-12,729.4247901183121,731.7595889977779,716.6545919421488,720.704833984375,197769
2021-02-15,727.8999215399082,740.4795078234685,720.7047976724556,737.6681518554688,384968
2021-02-16,741.384879479453,749.771251080376,737.7158019146576,746.0068969726562,571802
2021-02-17,746.9598764932184,746.9598764932184,730.0441607312316,742.4807739257812,257648
2021-02-18,745.8163083015003,747.0075559560621,727.2805413296301,738.3829345703125,300299
2021-02-19,741.9090098420378,751.9154897435682,727.6140385541372,732.2837524414062,327435
2021-02-22,727.1374466048331,730.4729394791672,712.937753673259,720.5140991210938,277268
2021-02-23,717.6552111667547,726.4704436359139,708.554090899441,723.3255615234375,280077
2021-02-24,726.9469271775254,733.8085250187705,713.7955652455313,726.51806640625,124483
2021-02-25,733.7608764750677,750.0094819540088,728.4717488137518,742.4807739257812,356962
2021-02-26,738.5734366065988,741.3847922888935,729.996454762135,735.094970703125,457579
2021-03-01,738.5735916091215,750.009569801779,735.8098736126722,747.3411865234375,364847
2021-03-02,752.1060758190206,754.5838474927642,738.8117413329925,745.387451171875,248205
2021-03-03,747.3887272225201,749.0564738245467,735.7145010083335,740.193603515625,467743
2021-03-04,738.6688158323481,751.7249016439964,736.4769318006439,749.0565185546875,560820
2021-03-05,749.0565448170671,759.5871627260644,740.2889502164645,748.4370727539062,725316
2021-03-08,750.5812601583532,750.7718714065174,731.9025211659842,737.0010375976562,284039
2021-03-09,735.905172270536,743.1479348377577,729.3771001389417,740.2889404296875,288259
2021-03-10,743.1001885734264,744.1961595371378,731.9024621024578,737.1915893554688,387888
2021-03-12,738.4782912521586,740.2889528411258,726.422841362789,736.3340454101562,253348
2021-03-15,732.8556263917612,738.4306426757778,725.5175285124269,733.760986328125,214469
2021-03-16,738.3827746669955,744.2913733873407,732.283622896298,742.5759887695312,288256
2021-03-17,730.2825111419208,739.9078278896361,717.607646678488,725.8987426757812,134314
2021-03-18,729.0911625303052,737.763479875583,705.2185724868322,712.4136962890625,195267
2021-03-19,705.218542703151,724.8979753032451,691.0188487794665,718.322265625,635037
2021-03-22,722.8491441976854,723.7068658555128,708.3159214567299,721.46728515625,198640
2021-03-23,722.3724577022763,728.9004704980734,714.9390852061621,720.7999877929688,281181
2021-03-24,714.7486689874896,719.5136601140729,708.077681410273,717.1311645507812,336452
2021-03-25,721.3242884651894,721.657814535164,707.1722317154426,717.464599609375,234697
2021-03-26,724.2785593221851,725.1362808826746,709.0782279241853,717.464599609375,273296
2021-03-30,721.2289453728994,736.7151643889543,719.5135604382447,733.5226440429688,281205
2021-03-31,733.5226965387573,741.4325696459173,717.6076156084521,738.1447143554688,255983
2021-04-01,738.1446212055106,738.4782054197735,711.174788271829,713.7002563476562,600863
2021-04-05,713.747968797652,718.1793752501302,684.252664722639,704.1703491210938,489510
2021-04-06,704.2655624653654,708.8875797643824,695.4979687283247,698.1187133789062,505920
2021-04-07,695.6886667427214,711.8896356942641,695.6886667427214,709.2212524414062,290173
2021-04-08,713.5573324670607,733.6179309819388,708.9829531876949,723.5161743164062,576043
2021-04-09,734.7615610321056,740.9084106273253,726.7087151696171,733.856201171875,324371
2021-04-12,733.8085936271525,733.8085936271525,705.8857587756576,721.3243408203125,337626
2021-04-13,710.031233813987,719.4183001448055,698.1663956511898,706.6004638671875,261979
2021-04-15,704.2179315571132,705.2185678917906,691.4953724932878,699.5482177734375,228824
2021-04-16,699.5005502485972,713.7955206215249,698.3093027175199,711.3177490234375,382354
2021-04-19,697.1180779417764,710.9365497533358,689.065232735556,698.4046020507812,363241
2021-04-20,708.9828454559749,711.1747291352767,693.4012938776054,702.6453857421875,195272
2021-04-22,700.4535775681974,703.2172952224357,688.0646027268551,699.5482177734375,271051
2021-04-23,698.5476203215055,713.7003136605194,692.4007708286456,701.2160034179688,344707
2021-04-26,704.2656212983503,709.6500840240885,689.9706492828223,691.400146484375,267099
2021-04-27,691.8766138023526,700.5965695982347,689.970617621079,691.161865234375,186625
2021-04-28,697.4516387924973,697.4516387924973,685.3486094109395,687.2069091796875,423072
2021-04-29,691.8765947633476,702.3595734718832,684.2526102480491,699.1670532226562,436698
2021-04-30,685.3485906145982,709.9835676483243,677.5816330173941,707.029296875,753450
2021-05-03,701.4066493280781,704.6468663551178,692.8296658444467,695.5933837890625,462866
2021-05-04,697.5947225070652,700.3584407125182,686.2540200084924,690.78076171875,462485
2021-05-05,695.6885733288187,703.789056716894,690.8759448315333,696.5939331054688,490471
2021-05-06,692.8772103943733,700.3105834414014,686.6827231607858,695.5455932617188,452576
2021-05-07,695.6886248741597,699.8818398522856,691.7813558640248,695.0691528320312,95974
2021-05-10,697.7375901878954,709.5070935913919,691.1142416836168,699.8818359375,219630
2021-05-11,699.5006380929981,733.8085712964694,699.5006380929981,723.3732299804688,985040
2021-05-12,724.4691388997885,743.3384889080228,721.4195334658631,734.999755859375,836073
2021-05-14,744.2438412941666,754.7268198795687,724.4214934205014,733.5702514648438,445572
2021-05-17,738.3829247265901,739.2406462929956,726.2798370843161,736.0957641601562,420912
2021-05-18,740.479475064515,742.1472216299755,729.5199976343451,737.1439819335938,449400
2021-05-19,738.4782106806211,741.3372048246941,729.5200057626383,738.859375,169336
2021-05-20,768.1163940429688,781.4583661479335,755.2985592088512,768.1163940429688,2621052
2021-05-21,770.7849121415171,798.6124704788313,756.2516899758821,795.3722534179688,961832
2021-05-24,799.565460560541,803.3298149461605,772.071486762531,781.5537719726562,328843
2021-05-25,781.5536234963637,810.0482864875975,781.5059852304347,805.42626953125,781121
2021-05-26,810.0483224260436,812.38317922396,789.2253388161157,794.8003540039062,257646
2021-05-27,800.4230919217863,803.2820860948613,768.1164344994846,781.8872680664062,407189
2021-05-28,785.2704138538105,794.9910058527539,770.9754427278309,772.9290771484375,299768
2021-05-31,779.3141279152143,785.2703655177457,758.3005332867599,763.5896606445312,421558
2021-06-01,767.1633622437724,770.403578593093,752.8683927609692,761.7312622070312,275247
2021-06-02,753.3450065787091,763.7803475251263,749.151791624682,754.6315307617188,351488
2021-06-03,755.3462191366216,777.074620863764,753.0114204844048,772.4049072265625,359567
2021-06-04,783.8409288682277,813.7650921547977,781.5537101861303,793.0850219726562,991173
2021-06-07,799.374825654806,823.8192511345708,796.8970537652475,819.4354248046875,811360
2021-06-08,827.0118026985274,827.0118026985274,796.4205846190933,813.1456909179688,358711
2021-06-09,816.2428673917052,820.6266353569096,797.2781820573219,805.6646118164062,314724
2021-06-10,810.0484058655841,824.2957394608508,808.2376861623876,816.8623657226562,282075
2021-06-11,820.531346479894,821.2937333102449,805.2833772073292,809.6195068359375,149017
2021-06-14,812.6692288188319,813.7652000339583,793.9427906049974,802.23388671875,170412
2021-06-15,806.045773459588,818.0535843019246,802.5196688908131,811.1443481445312,253759
2021-06-16,805.5215841776231,840.5442617505632,803.8061993583476,825.1533203125,700588
2021-06-17,821.5319103369445,856.2686989040583,817.7199183551791,842.974365234375,1298917
2021-06-18,846.0717269322657,854.8393213486063,812.1926550940353,836.0652465820312,636484
2021-06-21,819.5783400901232,878.6642204222019,813.0979648482693,873.6133422851562,875253
2021-06-22,879.617252191974,881.523248404741,854.8393014260029,874.4234008789062,475636
2021-06-23,879.4266347671456,881.4756039480494,839.5913258330872,848.7877807617188,364072
2021-06-24,850.0743554879552,874.1851972110057,841.1161495514583,865.4176025390625,374863
2021-06-25,871.9933228121816,911.0662476595036,868.1813301441503,885.6688232421875,1725411
2021-06-28,887.0505861920238,893.1021587972599,867.2282380973612,872.755615234375,322824
2021-06-29,875.328760281259,880.1413890828428,852.0755832304219,856.3640747070312,341182
2021-06-30,857.6982477240033,867.0376170103876,844.6898010336351,858.5559692382812,392766
2021-07-01,855.6493099675072,873.1844980516894,848.168298243933,871.087890625,395102
2021-07-02,874.8999208416082,879.9507992928756,862.5585834357146,866.2276611328125,241305
2021-07-05,869.3249233494428,870.7067822990863,858.651332444929,863.892822265625,249141
2021-07-06,871.993203076735,876.2816942394074,860.6048649114724,867.7047119140625,228576
2021-07-07,862.4632585609961,869.6107441291812,854.0292488570924,856.6976318359375,170946
2021-07-08,857.507732384537,863.7498586967096,847.1677256193162,853.6957397460938,278073
2021-07-09,857.6982495505795,866.9423423179016,848.9306558107854,853.1715087890625,279806
2021-07-12,856.8882602455317,862.3679992908847,840.5443196524021,842.2597045898438,366570
2021-07-13,842.4502568880048,845.0710014654279,833.8732746346202,836.3987426757812,400045
2021-07-14,839.5912678805984,858.555952022094,836.8275503156864,849.2642211914062,636337
2021-07-15,853.9175732119166,863.5121526862079,839.5257040004799,841.5885620117188,343897
2021-07-16,842.2122387171802,842.2122387171802,826.0933556842556,828.2521362304688,577351
2021-07-19,825.1338746520295,845.9541248292202,820.2406623080116,834.7284545898438,255113
2021-07-20,839.1419277765068,840.101385758671,818.1298331035124,830.8426513671875,231041
2021-07-22,831.562232163928,847.2013853224122,827.1007291906814,831.7061157226562,347050
2021-07-23,831.8501144597934,846.4338882708767,831.8501144597934,833.7210693359375,354258
2021-07-26,837.6067951315817,882.7013190390094,832.9054277254771,877.136474609375,2195229
2021-07-27,885.100030472857,885.8675851828132,846.7217093683429,851.1351928710938,1235342
2021-07-28,855.5008412554579,857.563641041205,820.8643685889615,836.2156982421875,600291
2021-07-29,839.5257864886449,845.7143025697527,824.5582644623731,829.4514770507812,582410
2021-07-30,827.0048598848559,887.4507157174232,826.9568986955356,880.782470703125,1776678
2021-08-02,882.7013367020002,892.1040131416923,870.0844409107427,876.752685546875,770359
2021-08-03,878.8634881897678,879.8709073320006,845.8101498748644,854.0615234375,610455
2021-08-04,861.4974039555007,861.4974039555007,828.0602558761046,833.76904296875,617915
2021-08-05,835.7358498561987,841.1088496040248,787.0913192513331,807.7196655273438,709861
2021-08-06,810.7900489333302,832.8096238568886,807.0001777577912,823.5028686523438,678138
2021-08-09,823.2150632158035,831.3224960050641,814.9157270912806,816.7866821289062,260041
2021-08-10,816.4987729509963,828.9237659906455,776.3934395287571,793.61572265625,573623
2021-08-11,797.7892979443739,801.1474008220711,753.7021927379001,783.7332153320312,595364
2021-08-12,786.5636968637587,803.8339417458836,782.0542323212916,790.5454711914062,418391
2021-08-13,794.4312297300988,808.2954096422326,792.2724492145279,801.9629516601562,303945
2021-08-16,801.8190903472612,805.9447481793786,783.5893877098705,791.408935546875,547360
2021-08-17,788.7224494466578,796.0623266850062,784.2610048137168,792.7042236328125,224327
2021-08-18,794.2393566894328,819.3771691410224,789.5860086027718,814.2920532226562,617351
2021-08-20,805.8967308958455,811.6534786964316,777.2568754515297,787.8109130859375,575895
2021-08-23,789.106233815285,794.2872718132472,748.5691338288322,762.5292358398438,437060
2021-08-24,765.6475217864796,773.0353604632204,749.4326573619709,752.0711669921875,494276
2021-08-25,752.5508972077616,758.883355466714,740.7495749187818,741.6610717773438,526696
2021-08-26,742.332639383763,751.8312381027966,733.9373821883038,736.6718139648438,468386
2021-08-27,736.6717992546302,751.2076105613481,734.129270834033,735.7123413085938,437541
2021-08-30,739.0704455648075,758.7872946822747,739.0704455648075,754.949462890625,599309
2021-08-31,761.5697883375668,764.6400656530773,747.5137051978405,760.7542724609375,631601
2021-09-01,760.3703857687469,770.3487713532581,757.0602443015327,762.7210693359375,378137
2021-09-02,762.7211644735055,785.8920405128844,762.7211644735055,768.9576416015625,962376
2021-09-03,770.924498232596,775.4819237044128,759.4589634913652,766.8468017578125,390599
2021-09-06,774.1866931521934,774.1866931521934,759.9866677288983,765.3117065429688,202824
2021-09-07,766.2711547017407,769.2934122636728,754.9975232079571,756.6765747070312,226039
2021-09-08,758.0677954695426,761.5218796478623,747.5617764822535,757.1083374023438,317531
2021-09-09,757.1082356723628,796.0622631029237,757.1082356723628,781.382568359375,2171045
2021-09-13,788.1947896784985,805.5609569945593,774.3306091156588,801.1954345703125,954243
2021-09-14,800.6676666412108,802.0588923936433,788.3386552945491,793.6636352539062,258280
2021-09-15,793.6157697131541,802.05898905626,791.6488338119741,797.6454467773438,721095
2021-09-16,797.645454683478,811.077867859046,797.0698032573661,799.7083129882812,813103
2021-09-17,799.5642574914848,803.0183412404681,769.8690808512762,774.8582153320312,609235
2021-09-20,772.3635996942935,781.6223917360117,753.1744419379135,761.329833984375,1206318
2021-09-21,755.0934345080198,775.7697423812074,750.2961445810311,773.6109619140625,480093
2021-09-22,773.4190466273195,792.1284770528324,773.4190466273195,785.5562133789062,376351
2021-09-23,791.4089200789008,799.6602941425347,770.2049213762123,773.4671020507812,730935
2021-09-24,774.8582876300492,794.1913905091772,750.9678176336479,774.6664428710938,2068309
2021-09-27,775.0022016183752,782.2460978260418,761.3299250810037,764.8319702148438,813403
2021-09-28,765.647475604271,773.9468106375319,753.366425051073,766.60693359375,804322
2021-09-29,759.5069314517532,781.9103109493915,756.0529060665797,764.8319702148438,856874
2021-09-30,768.813657696512,775.242037791321,759.410981326523,762.2413940429688,294773
2021-10-01,758.7394769416132,769.4854197019555,756.1489282803566,767.4705810546875,236040
2021-10-04,769.4853731298697,778.1204957709779,765.7914829798871,768.4299926757812,364074
2021-10-05,767.5663285484023,796.3500658689674,766.8946962987898,793.5196533203125,883386
2021-10-06,797.309644736932,829.931218649153,795.5826319478313,822.2555541992188,1275895
2021-10-07,834.7284088487459,839.4297761849188,807.3838575243904,823.0230102539062,1452929
2021-10-08,823.2149592570896,844.1311318244484,810.5501020179238,824.318359375,1623091
2021-10-11,824.942000076077,841.2048253492836,816.3068778312597,822.1596069335938,404050
2021-10-12,806.9042365684901,850.4636563544829,806.9042365684901,818.225830078125,1221391
2021-10-13,825.0859911867468,846.8657014093458,822.0636747973687,834.3447265625,756920
2021-10-14,836.4554780260478,851.9507482492047,825.6136142689897,828.2041625976562,515540
2021-10-18,828.492060303747,841.2048799899366,816.354892047002,822.5913696289062,300400
2021-10-19,822.2554811186845,834.4885702485133,801.6271347428949,807.048095703125,308991
2021-10-20,805.9447584717235,811.413681044916,787.2832877687856,801.627197265625,659487
2021-10-21,800.1878542504171,814.004070841595,791.3608302372013,796.9736938476562,748364
2021-10-22,801.1474253938239,812.6129601400369,786.7555554765696,790.833251953125,220480
2021-10-25,791.5528572009038,792.9920442139963,759.8907429128676,781.1427612304688,400605
2021-10-26,781.7663430272966,783.1575687973242,766.6548799846529,775.1461181640625,292120
2021-10-27,776.1056664144163,783.8772534589565,768.7657886584931,770.732666015625,279588
2021-10-28,770.7326596270773,775.6738921356202,742.6685109445527,764.5921630859375,756578
2021-10-29,753.174592716958,759.8907992762175,746.4583861576986,753.750244140625,611035
2021-11-01,749.4326955025007,762.7212252710087,744.779347160294,752.8867797851562,284657
2021-11-02,753.6543287753145,770.2049808076177,746.9381221535103,751.7354125976562,560428
2021-11-03,755.6690316839602,755.6690316839602,735.9521832101177,742.1886596679688,915885
2021-11-04,744.0597291887391,752.16716154774,736.8637937033548,748.9529418945312,36513
2021-11-08,747.4177511538348,752.8387120543777,740.4616809409141,745.9306030273438,251305
2021-11-09,747.4177907240603,764.1123835431916,744.6833588164109,758.979248046875,585222
2021-11-10,759.7948708309643,762.9610707572209,753.7022769358375,756.436767578125,681698
2021-11-11,758.8354016323085,766.2712015831395,756.0529498393414,762.9610595703125,370305
2021-11-12,765.6473936854661,766.9906581512844,749.7683773706631,758.8352661132812,699888
2021-11-15,759.9866684479566,766.6069521599638,749.9123593144402,763.0569458007812,190631
2021-11-16,762.9610289784307,777.9285506614995,762.8650480400586,768.9576416015625,619466
2021-11-17,771.2123606717865,772.2677996519593,756.4847031852648,762.0015869140625,261838
2021-11-18,761.6657025973102,761.6657025973102,751.5434325061717,758.69140625,356935
2021-11-22,758.6914270955692,760.8981688229798,713.2611134057364,724.8225708007812,710120
2021-11-23,724.390793713511,737.5353800930292,712.7813752782642,730.6752319335938,277297
2021-11-24,730.6752270086571,737.2475494344516,723.6232341443056,726.357666015625,336384
2021-11-25,729.1401264519411,733.0259196805221,717.8664948338179,726.165771484375,312754
2021-11-26,724.1029871221785,729.6678319853435,717.6746066075436,721.4644775390625,449958
2021-11-29,719.5934984059638,732.2103945022825,700.6921641357001,707.1205444335938,857568
2021-11-30,706.3530247519052,713.6928436629814,700.4523343482904,710.1908569335938,331663
2021-12-01,713.6447180634357,735.8082289430621,707.1204165697675,713.8845825195312,557862
2021-12-02,717.6746446697996,721.6564191306729,707.6962572019927,715.9476318359375,502877
2021-12-03,717.674598605113,727.2691788003685,713.8367665270108,719.401611328125,166753
2021-12-06,719.4016450019124,723.1435548774816,707.2165158714417,715.899658203125,747900
2021-12-07,716.7150805315938,729.9555883794822,714.3164356837638,726.6454467773438,360216
2021-12-08,730.435324741106,734.4170986530658,724.4387125608449,727.1251831054688,169662
2021-12-09,732.930019344688,741.0373929249081,725.1104129033342,738.686767578125,269211
2021-12-10,742.5245331906538,742.5245331906538,726.5974960357478,729.6198120117188,130658
2021-12-13,733.025872915112,737.1035691976895,724.3907513755361,727.1251831054688,311082
2021-12-14,726.8854698557421,732.6902385025212,713.8368624608368,717.72265625,270254
2021-12-15,721.704406947529,724.1989746261727,710.9105031368427,715.3719482421875,493062
2021-12-16,717.2428553346073,718.6820424131573,701.5557396026802,709.7590942382812,198988
2021-12-17,705.2014914970961,710.4305482822333,692.7285399468074,698.2454223632812,810467
2021-12-20,698.2454663820089,702.3231623382076,680.5914181120846,688.458984375,518135
2021-12-21,694.647671287342,708.9436205433544,690.1861676538367,706.9766845703125,185182
2021-12-22,712.8773714735983,717.3868362758085,701.4597966084992,704.2422485351562,331213
2021-12-23,710.5265819393344,718.8738779196032,702.563092568074,708.607666015625,145273
2021-12-24,713.357056348598,718.3942110840791,705.201662967343,714.940185546875,117216
2021-12-27,716.6671845059374,724.774616540861,705.5374362636937,718.9698486328125,216448
2021-12-28,721.9442405899804,723.4313888948044,717.2428725959702,720.4570922851562,93506
2021-12-29,722.9516341925265,722.9516341925265,714.7962408406532,718.7780151367188,86606
2021-12-30,714.8441405124397,725.2062747556455,714.8441405124397,721.9441528320312,176223
2021-12-31,723.1915125691414,732.7381319762185,719.78544816901,725.3982543945312,152912
2022-01-03,728.1807186810565,731.5388219479269,722.0881247604734,725.4462280273438,244607
2022-01-04,725.4461997926829,752.1191801228114,725.3982386028719,738.686767578125,861764
2022-01-05,742.6205805903004,749.7685552551458,735.1368190096651,742.524658203125,363756
2022-01-06,741.4690840565518,753.4143471174427,735.8083173489613,745.6427612304688,465855
2022-01-07,750.2002299245861,754.9015389649998,744.1076365182308,746.9380493164062,329214
2022-01-10,747.4178075306777,752.0231943758571,737.8232272029412,741.6130981445312,343075
2022-01-11,727.26920820161,750.2962016011332,725.3982532757642,742.1408081054688,1169211
2022-01-12,742.2367253462941,752.2151125079129,731.3948610745772,742.5725708007812,487434
2022-01-13,748.1374528366462,760.5624469331794,743.5800268655348,756.2928466796875,493780
2022-01-14,754.0859985351562,763.7285393614432,749.912321255261,754.0859985351562,335183
2022-01-17,754.0860095827638,786.5636387164468,751.975190318858,772.4595947265625,965554
2022-01-18,779.0319918213037,783.6373788461898,742.1408173094923,750.7759399414062,378963
2022-01-19,748.3773050416322,760.7543377415903,740.5576982377609,749.9124145507812,501982
2022-01-20,755.2854273876821,757.9718983532549,747.1779947374648,756.2928466796875,163312
2022-01-21,755.0934139988215,760.0826070995112,729.1880490967018,739.59814453125,583737
2022-01-24,740.2218535143227,740.2218535143227,709.9989262483458,722.0880737304688,414108
2022-01-25,722.0881000209537,737.0556806340314,701.507771839063,718.1063842773438,434946
2022-01-27,714.7482555967804,733.8894545906093,705.3455788196605,728.4205322265625,411586
2022-01-28,733.9853773943869,760.7542792883323,732.546190379888,754.9015502929688,465768
2022-01-31,762.6251910530897,762.9610364996979,750.3441399919833,757.4441528320312,223234
2022-02-01,762.7691888491615,769.2455310186356,752.0712076190197,756.2928466796875,494044
2022-02-02,757.9717511106123,765.6474144129983,755.669028695631,761.8575439453125,227248
2022-02-03,767.4704912449309,798.2690701672603,753.1745433669464,787.2832641601562,803416
2022-02-04,782.9177120249682,799.228497692155,754.2779147336161,761.3778686523438,806749
2022-02-07,759.6028815406456,784.5487885957692,754.1339594356583,769.2454223632812,450258
2022-02-08,774.282638500524,781.9103416328306,761.7617227870921,771.7400512695312,453395
2022-02-09,775.8177818576535,777.4968335015359,765.7434719943586,768.2380981445312,219508
2022-02-10,764.6880237953613,778.4562226313992,764.0163914851639,775.002197265625,140942
2022-02-11,775.0021553932313,776.1055554547023,755.1413642114109,757.8758544921875,289484
2022-02-14,744.4373584529403,756.1840234918279,725.2946953230727,736.2195434570312,584919
2022-02-15,733.802506059402,764.4984606936392,729.5485548844856,762.4682006835938,414359
2022-02-16,767.6405782006833,782.5293485350858,762.0814682200108,774.6015625,245992
2022-02-17,775.3749805158326,779.3388439697749,765.7552915867064,774.55322265625,430157
2022-02-18,764.7402097303548,787.0733072959122,764.7402097303548,776.9702758789062,446439
2022-02-21,776.341792906107,776.341792906107,757.0057582135514,760.2929077148438,259292
2022-02-22,754.1053668411304,770.976069221599,731.7238826704281,764.5468139648438,266131
2022-02-23,765.2235374753633,771.1210041795761,758.0208530845874,764.5950927734375,146408
2022-02-24,726.358066280641,750.7698078906252,705.3301304383774,709.4873657226562,416197
2022-02-25,718.3336767223071,739.6033145256594,717.5119188652806,733.367431640625,335928
2022-02-28,732.8357743451714,749.8998499503042,722.5876987296564,748.2079467773438,271221
2022-03-02,737.8147553757387,769.5258399536069,737.8147553757387,760.0028076171875,317907
2022-03-03,757.9725694755178,767.1571860699278,746.9026776731077,755.6522216796875,287460
2022-03-04,751.0598320754071,757.7791152899015,729.935239798696,735.1076049804688,279164
2022-03-07,728.38844726587,749.2713410383487,716.8351547861449,733.899169921875,260450
2022-03-08,738.5881495905705,738.5881495905705,727.1799016555757,733.222412109375,283870
2022-03-09,738.6848953770198,742.8905185661789,727.9534191184174,730.1287231445312,422520
2022-03-10,736.702926082418,749.1263048412733,732.2072743866246,739.8450317382812,393270
2022-03-11,744.9206553582535,759.9060806120535,734.0924653085688,752.3167114257812,650333
2022-03-14,757.9725944278064,760.7763431893254,736.7029552984546,741.4403076171875,394873
2022-03-15,740.6185342631418,755.7490065918716,734.7693949603038,751.7367553710938,341088
2022-03-16,755.6523024365114,775.0850550289117,752.8969407672802,773.2481079101562,495585
2022-03-17,783.1093569346951,827.3405335763771,774.6981705584332,821.2496948242188,1124743
2022-03-21,824.6819371783828,839.0389203357832,813.4186725805346,826.3738403320312,991267
2022-03-22,831.4494946196422,831.9328954886071,797.8531342265811,803.2188720703125,625966
2022-03-23,804.3790248013249,810.8566080768644,791.4238582502462,795.2427368164062,441619
2022-03-24,795.8712609938008,800.3668540004422,775.4717074179658,781.9976196289062,440707
2022-03-25,786.9765995632382,786.9765995632382,764.3050874423465,767.3988647460938,160900
2022-03-28,769.5742065200375,773.4414135879774,754.2020348214177,771.9912109375,256855
2022-03-29,776.051790714773,791.8106477261016,773.2480419849558,781.6109008789062,694681
2022-03-30,788.0884690700098,788.6685265156815,766.7221150180322,770.20263671875,262687
2022-03-31,768.607362186567,780.5957270368081,760.7279046184555,773.0546264648438,276685
2022-04-01,779.1938532927749,779.1938532927749,766.6737592932067,770.5892944335938,377033
2022-04-04,781.1758216122504,783.7861981644666,773.6831079767368,780.5957641601562,481349
2022-04-05,785.0430435437943,807.1828278581328,778.2754310994512,796.6929931640625,984765
2022-04-06,789.4903218058625,818.8811199629935,789.4903218058625,803.6539916992188,498253
2022-04-07,803.4122694979501,811.4850406601047,787.0249677226566,791.2305908203125,594427
2022-04-08,795.6777954734799,819.8478378633183,783.2060299967663,805.5391845703125,549611
2022-04-11,809.7931293100054,821.5881225653967,807.4245122088151,811.9201049804688,246185
2022-04-12,812.0167678952565,824.6335182235014,794.710993937108,800.3667602539062,541765
2022-04-13,805.3458256281579,816.2223448818395,800.511817070966,812.7418823242188,234571
2022-04-18,812.7418925371195,833.6247861630449,804.5240778866284,827.582275390625,737870
2022-04-19,836.28358528299,837.6371314523263,791.8107009789235,804.765869140625,511141
2022-04-20,804.7658068066835,815.0138818359375,799.255024985373,809.6964721679688,268339
2022-04-21,811.9201466051644,826.615545889423,793.1158396366602,811.098388671875,622832
2022-04-22,809.2130442234065,822.2165392328375,799.5450269686465,802.9288330078125,274186
2022-04-25,799.544992067384,805.5875025878449,783.1093634517305,800.0767211914062,402407
2022-04-26,807.0377841866094,820.7663812360078,799.5450704070992,818.397705078125,222419
2022-04-27,812.1617928284104,829.3708520609952,799.399998012384,819.509521484375,255284
2022-04-28,831.4494931125954,890.424399019419,827.4856295978259,869.2998046875,3652818
2022-04-29,879.9346825595981,887.5240530919556,859.3417569964238,864.8525390625,1189484
2022-05-02,863.3539444968364,887.4756594511306,859.1483805768096,879.88623046875,1040924
2022-05-04,889.4577310414778,894.2917404493119,865.0459835319155,876.7442626953125,526256
2022-05-05,883.8984343440796,894.2915523853144,876.8891221767352,882.158203125,478009
2022-05-06,870.1215151718685,897.8687352907942,866.2543084377712,881.19140625,900475
2022-05-09,881.1914949756292,891.4878985365548,851.5106685011444,873.4087524414062,550509
2022-05-10,878.7261689538706,882.6900326821809,845.8065208564692,852.7191772460938,447871
2022-05-11,852.7191444174757,878.5327629720289,849.9153957359007,871.330078125,923598
2022-05-12,871.3301301112457,875.922438702678,835.1233905728043,846.8700561523438,335412
2022-05-13,852.7191838810509,879.3062332650971,850.8339085774933,853.7343139648438,568345
2022-05-16,858.2299340002223,869.4931390968693,847.885143368294,860.0184936523438,239089
2022-05-17,864.514119323097,917.7365427920054,860.0184676721514,911.4523315429688,1475489
2022-05-18,918.7034102958528,924.5042210948794,889.7960128771434,898.6422729492188,1235218
2022-05-19,891.391215827803,891.391215827803,865.4809406619194,878.4844360351562,468053
2022-05-20,886.557176443285,903.4762065280804,880.8530226968535,899.0772705078125,526525
2022-05-23,907.6334464455877,912.7574837796324,893.7598653134725,900.5758056640625,327228
2022-05-24,907.3434114051848,945.0486783682132,902.1226585298232,940.7463989257812,2138218
2022-05-25,946.4989256056532,948.4325291308946,847.9818023910466,866.93115234375,1875393
2022-05-26,877.3242320017578,893.9048460828169,853.299173871236,889.2158813476562,970840
2022-05-27,896.2252348777564,911.1623339274984,889.3609659595976,907.6334838867188,429300
2022-05-30,915.5612561461616,928.0330223096836,912.41915046245,920.153564453125,463901
2022-05-31,919.4284729868572,925.2292835419794,907.923508448973,913.531005859375,202406
2022-06-01,916.528044833672,934.848949514774,913.5309830585546,930.2083129882812,605171
2022-06-02,934.6555549187176,951.284556164098,883.6567646192996,922.473876953125,1843877
2022-06-03,928.1296081269908,937.6525810234872,903.04109285553,914.4493408203124,486455
2022-06-06,918.6549903452913,944.5652641938664,906.9566543291612,933.543701171875,960521
2022-06-07,926.0509792233278,934.8972383291722,906.1832162084936,910.8238525390624,284129
2022-06-08,911.0172459600316,914.5944241140534,885.5903726093793,894.3882446289062,338169
2022-06-09,884.8168855631731,911.4522593297148,884.8168855631731,908.9385986328124,206975
2022-06-10,889.4576602711551,918.1233573823666,889.4576602711551,895.4518432617188,211814
2022-06-13,870.2182672978323,894.291655464712,862.5805685646078,888.4908447265625,262268
2022-06-14,888.4908362819315,916.5280879165082,872.5869351908834,911.887451171875,527328
2022-06-15,916.7697252538336,932.093508816396,916.528024825346,929.144775390625,517593
2022-06-16,936.9274700332146,936.9274700332146,890.0375892764472,896.9019165039062,672812
2022-06-17,888.7808399408573,906.8117162421206,887.4273528916755,892.7930908203125,382105
2022-06-20,897.1920336751284,899.8990668025413,858.2782628179906,874.3271484375,341299
2022-06-21,874.9555622687745,907.8268209617452,874.9555622687745,895.4034423828125,509547
2022-06-22,895.8868077203466,902.557703961702,879.789536012819,895.0166625976562,285339
2022-06-23,895.0166666931332,913.6275992708732,881.7231434233189,891.8262329101562,417477
2022-06-24,892.9380689485547,910.0987999390268,892.9380689485547,901.1558837890624,210922
2022-06-27,912.6608294936228,922.0388180391392,906.6666469896612,914.6427612304688,393321
2022-06-28,908.8903205050462,919.428483403131,900.1407762870588,906.4249877929688,186507
2022-06-29,897.1920341493064,935.8641045867764,897.1920341493064,932.2869262695312,982939
2022-06-30,932.5285842455842,944.0335482803932,913.1442216232796,921.507080078125,862391
2022-07-01,921.3620733490458,937.3143023209864,901.7843377925734,933.2537231445312,366177
2022-07-04,935.3806182658484,966.7050160624937,933.9304157569088,949.4475708007812,1562173
2022-07-05,952.4930808844604,963.8046729828972,914.5944410802036,918.123291015625,769866
2022-07-06,922.1354958448796,949.979374397707,919.138434028324,946.7889404296876,533968
2022-07-07,945.7738973897532,956.0219732621256,934.9457050096288,941.7133178710938,436681
2022-07-08,952.2996722202292,952.2996722202292,932.1418804270432,942.1482543945312,202317
2022-07-11,942.1483351899896,980.1919616528504,940.7464608063472,959.98583984375,772195
2022-07-12,960.0824170684684,964.8680972886626,942.6316581727916,949.0609130859376,295555
2022-07-13,949.0609886547106,958.2456055425891,933.447116341758,950.8495483398438,313037
2022-07-14,952.0167288395112,961.7440887758072,939.468410773252,943.0189208984376,242755
2022-07-15,945.1590701157244,955.178240228416,934.7507818084983,953.1841430664062,210277
2022-07-18,960.8199663887162,991.6557088977332,951.9680926994037,973.076416015625,736720
2022-07-19,972.7361252880396,980.4693893582996,960.139180591339,973.5629272460938,292328
2022-07-20,977.5511121686314,990.245305835824,965.9755293441156,968.3101196289062,237762
2022-07-21,970.7906649953368,1016.5092634470212,968.8451927207972,1006.58740234375,630355
2022-07-22,1015.2445523965002,1015.2445523965002,984.895235596478,992.3853149414062,320528
2022-07-25,992.3853384305128,1005.1767819729351,986.2084288384048,994.330810546875,255170
2022-07-26,997.8813745984878,1011.061997177109,972.736168393946,974.9734497070312,571571
2022-07-27,974.9733440697388,1041.8003234719938,970.5960317862432,1035.4775390625,2137156
2022-07-28,1045.7885506596333,1045.7885506596333,1012.7155234715816,1030.0302734375,856916
2022-07-29,1043.7944638999236,1043.7944638999236,991.3152828601484,1000.7022094726562,912617
2022-08-01,1010.332328004068,1020.4001224321522,1004.641845826646,1017.2874145507812,650278
2022-08-02,1019.4274015949806,1025.5556863342715,1002.8908884011688,1015.73095703125,939177
2022-08-03,1015.6337535888432,1015.6337535888432,996.5681494895576,1004.6419067382812,472640
2022-08-04,1009.894492877961,1015.1472911573412,984.2142974604568,1010.089111328125,578553
2022-08-05,1010.672765935862,1033.0456953069156,1010.0891480485344,1020.643310546875,608959
2022-08-08,1025.2152250810657,1039.4658335282752,1017.5792699977436,1020.8865966796876,499305
2022-08-10,1029.0088372102696,1061.2550619709332,1014.4664803290868,1046.8585205078125,784266
2022-08-11,1050.554834372081,1055.4185141608405,1034.99105904805,1041.3138427734375,494230
2022-08-12,1040.8275460402615,1052.6948780402934,1037.2770358029948,1046.712646484375,375980
2022-08-16,1048.4150619480151,1058.19098893542,1037.7149643798557,1051.3818359375,393092
2022-08-17,1056.3912506651102,1063.151718078111,1024.3396483374754,1030.5650634765625,324443
2022-08-18,1033.045717218727,1043.1135119008093,1019.6219118144862,1022.2969360351562,267992
2022-08-19,1023.3183699629062,1030.3707066380307,993.6012941922908,1003.4259643554688,291937
2022-08-22,1006.344135327602,1006.344135327602,977.5997373446212,981.2474975585938,328616
2022-08-23,966.9969847967724,1023.318431736812,966.9969847967724,1017.8224487304688,521915
2022-08-24,1020.8864076099184,1033.5806596035138,1016.3145960160188,1029.73828125,430260
2022-08-25,1021.3729256764708,1021.3729256764708,953.2813972980392,982.4148559570312,1339753
2022-08-26,991.0721355809496,1031.1002491918855,988.4457956506418,1010.8187255859376,1106673
2022-08-29,1001.9180433168876,1035.963802070374,984.651979949048,1033.1915283203125,871452
2022-08-30,1036.9366243981826,1043.2594086932936,1017.6764032023524,1024.3883056640625,533580
2022-09-01,1027.2580135819528,1064.1733013560622,1026.2852774746805,1052.1600341796875,1168060
2022-09-02,1052.9868000238675,1058.8719007679929,1012.8614369744593,1016.8983154296876,625345
2022-09-05,1018.4547109167438,1026.2365998253722,999.9727247587512,1003.912353515625,349910
2022-09-06,1011.9372624767516,1020.7891359275044,997.8325911154054,1016.1686401367188,655050
2022-09-07,1017.1900036504426,1029.932940443974,1007.3168280894027,1016.3146362304688,548606
2022-09-08,1024.0964901370198,1036.790623466608,1015.2931819962502,1021.4700317382812,566553
2022-09-09,1026.820194616838,1026.820194616838,1009.554128989722,1015.3419799804688,320630
2022-09-12,1021.3728990841868,1028.1820517447482,1010.186433998979,1017.9683227539062,224877
2022-09-13,1017.9682240394948,1026.9173477429667,1001.1398437419668,1006.8304443359376,285290
2022-09-14,999.9727462412186,1019.9138369979744,974.6816067448452,992.7744750976562,978524
2022-09-15,997.929953041558,1011.2563896379792,993.7958247644395,998.9999389648438,471724
2022-09-16,992.1421202467676,993.7470990648326,965.4405044950774,986.1111450195312,873213
2022-09-19,993.2606910574448,1001.2371973839512,983.436081352215,986.8892822265624,273462
2022-09-20,992.0935756612812,1016.2660440836756,989.807610195504,998.9512939453124,526690
2022-09-21,998.9999418515188,1006.6358962369984,980.6638907178732,1001.6262817382812,298049
2022-09-22,993.2606788926148,1020.4972861533624,993.2606788926148,1016.2172241210938,216641
2022-09-23,1016.509221913146,1027.2093189859158,974.8275038826592,980.9071044921876,354498
2022-09-26,972.736098031949,978.5238896894592,937.0852962906382,943.1162719726562,592820
2022-09-27,947.5422333200512,967.5806330691988,943.4567891018232,958.7286987304688,532011
2022-09-28,949.4390560597576,977.453843792626,944.575375572416,955.4700317382812,505410
2022-09-29,960.0904553065086,973.2223916252906,944.0889358438476,960.8200073242188,214512
2022-09-30,958.1449938556592,968.8450902337428,951.092657606468,967.0941772460938,361237
2022-10-03,955.2267960611553,986.3057245689324,954.2540600162864,961.0145874023438,349283
2022-10-04,966.6565011442678,980.5179905946384,963.0087407625912,971.3256225585938,349882
2022-10-06,971.7633259340728,997.7840155924677,971.325582831955,984.7493286132812,503967
2022-10-07,987.083813362945,989.2238443447252,961.744053531714,970.2554931640624,566761
2022-10-10,954.9350497115788,971.422938626996,944.0403934207563,949.6822509765624,218628
2022-10-11,954.4486786110224,958.1450639377806,929.0116057032188,934.5562133789062,387485
2022-10-12,938.690320639366,950.7035875229432,931.8811680544172,947.2990112304688,151489
2022-10-13,950.3631283351756,956.0049855953924,940.6843926872256,943.4567260742188,372965
2022-10-14,948.6607941803916,951.0440092801852,936.1611601946912,940.5870971679688,284351
2022-10-17,933.826650562306,944.0403795528312,932.0757374667216,940.6358032226562,439603
2022-10-18,937.5229688648618,940.5871110915404,925.0719596211516,936.6961669921876,321219
2022-10-19,936.696233022427,943.894444490994,935.8693717203696,940.4898681640624,203775
2022-10-20,938.982139615038,955.2268442582111,936.5016744496872,953.2813720703124,377336
2022-10-21,958.0477441451908,970.790562448938,949.3903696895424,967.385986328125,268934
2022-10-24,971.7633703762144,978.5725231215932,967.4346828281464,974.53564453125,48218
2022-10-25,974.6815241302388,983.3875236700926,948.0285325562826,953.0381469726562,423662
2022-10-27,955.22683471556,971.7633481474996,950.5090884554758,960.0905151367188,354672
2022-10-28,960.0905178649804,965.829684526696,943.5540043860497,949.1958618164062,295589
2022-10-31,946.8126457765763,952.7463715251952,934.410260677235,936.112548828125,226908
2022-11-01,936.2584861976972,942.6298957100696,928.9629655260268,937.7175903320312,349668
2022-11-02,937.7175539824152,969.9150935501776,933.8266097750194,940.392578125,1095371
2022-11-03,940.3925851358072,979.545211514619,917.4360378894648,957.1236572265624,2245885
2022-11-04,975.6542385374712,981.490654720148,924.099228923826,927.4065551757812,1370009
2022-11-07,927.9902419872084,933.9239084653112,907.6114087611728,920.3056030273438,746667
2022-11-09,924.0992101690556,931.443355175654,912.5236278932372,916.9009399414062,678234
2022-11-10,917.8737151642316,925.0719856993956,899.7808483406318,902.601806640625,538782
2022-11-11,912.4264113030972,932.8538682725696,897.6894364552534,899.5376586914062,575391
2022-11-14,894.9657600337125,915.2473415987424,885.1897749429028,894.8198852539062,637948
2022-11-15,899.1972598268356,900.753613812846,893.4580931826123,895.5494995117188,365723
2022-11-16,899.7808447927416,902.6990529380154,892.4853244295572,900.4131469726562,298014
2022-11-17,902.6018090084256,902.6018090084256,884.5575076947866,891.7071533203125,322795
2022-11-18,895.40353739789,896.0358395812106,865.735087761132,878.9156494140625,563156
2022-11-21,877.5051784460195,878.3806646509212,862.1359605290047,871.376953125,482881
2022-11-22,871.3283512342113,877.7483856695794,863.7896465486795,872.447021484375,279488
2022-11-23,873.4197658815812,891.561258481199,868.0697173441803,878.1375122070312,672710
2022-11-24,884.1684855686601,890.8317040720569,874.9761175951911,876.6784057617188,651040
2022-11-25,877.4080058550247,900.7536734165776,876.7270786769255,895.2576904296875,1029178
2022-11-28,896.2303437673714,903.2826801916289,886.1625493101462,893.60400390625,385944
2022-11-29,893.7012528620405,896.3276520916096,886.6975413735553,893.4580688476562,291117
2022-11-30,896.8626625941113,908.0977524042322,890.5398780964305,904.4013671875,323867
2022-12-01,907.3681825962148,909.362279639946,890.053492646277,893.4580688476562,247057
2022-12-02,893.4094981398408,896.4735812843824,886.1626021971588,889.080810546875,365533
2022-12-05,893.7498614165313,898.808100697272,885.4816050789482,895.889892578125,423257
2022-12-06,894.917208440096,902.1641042304884,880.4721011609973,890.3453369140625,502955
2022-12-07,890.0049083806945,899.7808943313721,882.3202694266135,893.11767578125,316997
2022-12-08,895.8899417852522,943.2622013955652,894.6253967383855,939.90625,2015997
2022-12-09,941.6085108425328,948.223104209769,924.5370047774068,935.1884765625,744536
2022-12-12,933.6806340857238,940.1493522912092,923.1264721410838,927.5037841796876,666942
2022-12-13,931.8811638339058,937.7175803088572,917.0469386267376,919.0896606445312,560069
2022-12-14,919.9165204744164,935.772106665316,910.8214025260604,930.7138671875,395696
2022-12-15,933.8266077015076,946.2776172633083,920.500111946548,939.51708984375,466445
2022-12-16,940.4898106666382,943.9430710840026,909.6541258876108,917.241455078125,684603
2022-12-19,919.2356329449152,919.2356329449152,898.0786223453895,903.9150390625,438819
2022-12-20,904.693150389842,916.7551011444356,891.7557728139114,901.28857421875,365054
2022-12-21,901.5317790361776,905.957716286518,881.055696608861,888.2539672851562,338730
2022-12-22,890.053491374512,894.6253627126224,858.4395695497343,867.7291870117188,417780
2022-12-23,857.8072863957893,865.0541820490809,824.9288188428106,841.7571411132812,1047277
2022-12-26,841.7571931393747,862.1360271015361,829.938484687168,848.7122802734375,412689
2022-12-27,850.0740954221253,866.7078588640048,848.5176820506638,862.57373046875,255358
2022-12-28,852.4572486248243,881.2502725081657,841.4167177530362,873.4683837890625,948721
2022-12-29,874.6842819838414,883.2443474861394,856.0563625808212,860.4822998046875,748766
2022-12-30,865.7351648764443,875.1707173116778,860.8714841748913,862.962890625,442378
2023-01-02,867.2913923807441,875.2192145157371,857.1749736205566,872.98193359375,396209
2023-01-03,877.3593518696969,879.0616400730253,866.9996884838577,875.9974975585938,335419
2023-01-04,877.4078879723392,882.709311143065,862.5736637022968,870.9878540039062,459211
2023-01-05,872.544239718959,885.7734262940183,863.838240168614,878.0402221679688,729644
2023-01-06,878.3805928305638,884.2170087297702,870.4041458940965,877.1646728515625,395416
2023-01-09,883.487451913726,883.487451913726,867.6804922731005,874.5382690429688,302765
2023-01-10,868.8478921964324,880.6666001316711,865.6864998867065,876.97021484375,337509
2023-01-11,878.3806969175104,880.3261691144484,860.8714471450683,866.0755615234375,249798
2023-01-12,865.73507343114,869.6260175813924,850.1712968301308,857.8072509765625,239803
2023-01-13,857.8073201357449,861.8441987655362,846.474980007143,849.1013793945312,341782
2023-01-16,849.1013060459918,858.3909232769871,843.3621397089918,854.5972290039062,236373
2023-01-17,851.1440387686281,862.7682463723161,849.3931257630948,861.4550170898438,122319
2023-01-18,865.9783882341176,865.9783882341176,856.1537765193026,862.6224365234375,186188
2023-01-19,860.8714150757316,863.3032552313128,854.0622626401043,857.85595703125,183919
2023-01-20,856.0077718121345,857.9532440207984,838.012153881993,842.8272094726562,221348
2023-01-23,843.945774629574,846.9612920122273,837.5257404373779,839.9575805664062,182394
2023-01-24,839.4712134423346,847.0585427788338,836.5530052843659,840.103515625,145716
2023-01-25,841.4653379467628,842.6812580522783,820.356953040793,832.1757202148438,448402
2023-01-27,836.455697952897,836.455697952897,815.1527561150568,830.8137817382812,263739
2023-01-30,831.6407131557377,845.3076430360129,825.8529216773014,836.066650390625,240414
2023-01-31,839.5685297220871,874.4897805236988,838.0608005954044,870.6474609375,578144
2023-02-01,874.0033603057499,891.026241558227,870.1124160194695,875.9002075195312,829130
2023-02-02,881.2988910416996,890.0535157871469,838.984871438704,857.3209228515625,1151231
2023-02-03,866.3674039522269,866.3674039522269,842.6326201106284,849.7335815429688,408248
2023-02-06,842.3894849714256,873.4197911339406,842.3894849714256,868.4588012695312,341513
2023-02-07,860.5796557374966,879.8398190056895,860.4823465030056,876.5811767578125,422809
2023-02-08,881.2989480350701,897.7868375794832,877.0188852453991,893.2149658203125,416846
2023-02-09,894.9170715407242,901.7262231720124,887.1351839621093,893.3607177734375,219226
2023-02-10,894.917163370566,906.589995936269,889.5184901831476,899.68359375,239019
2023-02-13,902.6990565849586,904.6445286896676,876.1919991582989,878.1860961914062,316355
2023-02-14,880.2288458831557,895.743937863624,877.2619535332453,883.4874877929688,201109
2023-02-15,883.4876373474849,892.7286310769658,878.4293973266006,888.0595092773438,197364
2023-02-16,889.0807896898458,894.2849040429822,881.7366440562338,889.1780395507812,373857
2023-02-17,892.898789876887,893.5352099875922,884.0373166554647,887.1217041015625,149997
2023-02-20,887.023924358903,895.9342851473679,874.6864327709791,891.2343139648438,281936
2023-02-21,891.0384789314411,893.8780760114084,879.5333117584253,883.5968627929688,164297
2023-02-22,882.6665602607062,885.0655217317726,866.5593158273984,871.3572387695312,421421
2023-02-23,870.0353485465016,880.4145131213007,862.4468346262173,868.028076171875,187125
2023-02-24,868.1259991206323,874.1478762197669,866.167672878751,869.7905883789062,132870
2023-02-27,865.4823078135978,878.2603746085218,859.7541676894083,873.3156127929688,336552
2023-02-28,877.6727946235545,892.9477743863587,873.9519869071153,879.8269653320312,391761
2023-03-01,874.5884819160373,896.9133883636816,874.1967927755952,894.0737915039062,142392
2023-03-02,895.5915779389767,898.5290673197244,883.2051404781408,884.6249389648438,111049
2023-03-03,887.6603300292171,891.0384548050541,879.9249771037697,888.2478637695312,122344
2023-03-06,890.9895329634262,919.825900093602,889.1290990466239,914.5873413085938,768559
2023-03-08,913.461233108204,917.5736701068682,903.2779134844408,909.8383178710938,307023
2023-03-09,912.5801149426889,916.3009232011526,897.4520313420895,901.0260009765624,136665
2023-03-10,901.0259000001736,902.6904892291802,883.303011964732,895.6405029296875,156616
2023-03-13,891.2342556291502,896.227963478086,853.9281060773521,859.6072998046875,220740
2023-03-14,854.3198387322749,869.2520766012344,852.753201615308,862.9364624023438,187442
2023-03-15,869.2520793706001,871.1125132458789,847.0250640929881,854.5156860351562,311374
2023-03-16,849.9136596697736,859.1667638849832,840.1220276459283,843.1574096679688,179044
2023-03-17,844.0386606212934,851.8230198500006,837.9678369564925,840.8074340820312,251589
2023-03-20,840.6604358091076,859.4114323714218,830.526122012127,834.7365112304688,183415
2023-03-21,838.8979416877891,846.3885629131388,823.9657052002037,844.4302368164062,292070
2023-03-22,848.885498046875,853.8302599620997,842.4229854506045,848.885498046875,176788
2023-03-23,853.144848951382,879.7780988434471,852.3125841711267,875.8125,941282
2023-03-24,873.9520436732946,876.9384792805986,859.9500228037732,862.8875122070312,272703
2023-03-27,862.5447917619782,869.3499274415785,852.85105324455,860.3416748046875,208832
2023-03-28,862.5937699137822,862.5937699137822,846.9761060631794,850.1583862304688,213717
2023-03-29,843.3042602986193,849.8646653357656,830.8688763798572,839.779296875,351954
2023-03-31,843.1084179447428,863.4749995021614,843.1084179447428,860.92919921875,177384
2023-04-03,863.6218779057035,864.1114594691421,845.9969416219136,862.1041870117188,279637
2023-04-05,861.6635724832489,881.1489430845273,855.8864859896586,879.2395629882812,379044
2023-04-06,878.3093403660364,905.6769621996822,872.6791522867669,903.8165283203124,811978
2023-04-10,905.7259095601248,916.4967041602991,898.9207137464302,914.3914794921876,534891
2023-04-11,914.538309910968,916.4966360563876,903.620617744905,910.0831298828124,279636
2023-04-12,907.1946212218256,920.4133232040108,903.4248671544776,908.36962890625,342883
2023-04-13,908.22269204594,917.084105861351,905.7258381744574,907.928955078125,204898
2023-04-17,903.7676455340256,914.3915424889598,900.0957834855394,906.6561889648438,179611
2023-04-18,906.6561212280908,913.2654724215776,903.2290502388756,911.5029907226562,170110
2023-04-19,920.413353866847,936.9612348789524,911.062357809492,927.022705078125,785878
2023-04-20,927.3653588170966,934.0726619875996,908.1737857407546,911.2091674804688,317673
2023-04-21,910.5728550429384,927.218629904527,907.782203987526,920.9030151367188,277074
2023-04-24,935.9820637094303,936.863274672018,918.455019705228,921.2946166992188,322038
2023-04-25,920.4133433522954,924.9174698505844,912.9227214930678,918.4550170898438,164275
2023-04-26,912.5800185379989,923.8403943032208,911.796700002658,919.6300048828124,206972
2023-04-27,920.4133393683856,936.5205847600072,919.776859430494,929.6664428710938,335681
2023-04-28,934.0726930490556,934.0726930490556,919.9237736674348,922.8123168945312,276226
2023-05-02,927.3654412937932,933.1425280696706,919.4342432921518,928.3446044921876,203660
2023-05-03,925.4071073004455,931.0863016152152,916.888435355048,922.6165161132812,314317
2023-05-04,924.8684553988248,961.5381239099802,920.609119997647,954.2433471679688,893607
2023-05-05,956.544490790991,959.2861356171876,937.7445466403384,941.0247192382812,163744
2023-05-08,940.9757585949612,963.496510361542,940.290332458086,958.4537963867188,292507
2023-05-09,957.6214746551752,958.4047931521168,936.9611579519096,939.5069580078124,345094
2023-05-10,938.0383339169664,947.3403842011118,933.9747827822254,940.1925048828124,136724
2023-05-11,940.9758058737564,953.1663992865028,939.4581149137322,949.1517944335938,184978
2023-05-12,950.3756806445084,952.9704867640106,943.4725927444356,950.4736328125,306907
2023-05-15,948.8091182636844,956.642423677626,934.415407612891,940.7799682617188,354564
2023-05-16,920.4133795605724,966.4340485386008,920.3154871489484,942.1018676757812,965270
2023-05-17,933.142528474559,983.3735886213008,933.142528474559,959.3351440429688,1311805
2023-05-18,968.196553405556,968.392397996856,901.5645100663348,923.3508911132812,1385832
2023-05-19,925.3091982570264,926.728996810202,898.0884740070084,907.6353149414062,344422
2023-05-22,900.8300388214382,922.3716267062988,889.1779741965512,912.335205078125,389600
2023-05-23,917.1821966328156,919.9238416856956,893.2905902504747,901.7603759765624,367173
2023-05-24,900.7811318992798,905.4811029627946,891.038446819295,902.935302734375,302517
2023-05-25,902.935268457262,913.3633195205398,896.2769116263906,908.1737670898438,245117
2023-05-26,908.6633397965684,920.3154043738776,902.102935196656,917.9164428710938,365098
2023-05-29,920.7071118334218,942.3955998373176,913.2654956869015,929.3727416992188,329241
2023-05-30,930.204974627936,945.8226385230485,929.4216560756612,938.8705444335938,263278
2023-05-31,939.996629824073,944.8924456044068,933.925806303784,939.8497314453124,356528
2023-06-01,939.9966705166772,942.8852139047948,923.5467407353112,926.9248657226562,278264
2023-06-02,928.8340576319348,940.9757035181624,924.1340868823328,933.1913452148438,419656
2023-06-05,939.9966682672798,947.8299738361736,927.1206483330589,940.2904052734376,276457
2023-06-06,940.339323762872,946.6059919386206,926.826884007502,935.7373046875,448092
2023-06-07,937.0590928384069,953.4111286681988,935.786192752743,945.6267700195312,375230
2023-06-08,951.7466065317512,951.7466065317512,929.2258534965348,939.3601684570312,1423245
2023-06-09,939.0173991627818,939.0173991627818,909.6425065925174,912.335205078125,645957
2023-06-12,915.5175370189862,917.1821263116958,901.8092530422314,914.342529296875,856019
2023-06-13,916.4966682939666,931.6736964548176,911.943535940362,916.7904052734376,426509
2023-06-14,917.475882840881,935.9820905089772,915.174873315414,926.5331420898438,450746
2023-06-15,926.8758147994532,930.2049934180894,915.5175461535932,920.0706787109376,269672
2023-06-16,921.3434976398304,924.6236700010766,911.698705594956,917.03515625,465272
2023-06-19,918.4550290067912,928.981032804044,912.188360980286,920.7070922851562,409707
2023-06-20,922.371672243085,927.2185417091392,912.5800409029248,924.819580078125,300459
2023-06-21,928.2467044578304,928.2467044578304,916.496746173554,922.6165161132812,330585
2023-06-22,928.2465980935528,948.6621243677936,926.2882719372374,930.547607421875,2225708
2023-06-23,933.1423660060516,937.3038088764876,896.9133339575478,908.9080810546876,759784
2023-06-26,908.7123793048272,919.9238096939,894.5145131626649,916.888427734375,583323
2023-06-27,920.3154482634054,931.1841350829992,913.0696172080932,919.8258666992188,390876
2023-06-28,924.3789553713672,925.309172312081,914.0487961410876,922.1268920898438,396003
2023-06-30,930.3028351192752,935.1007582028378,919.727885617928,928.6383056640624,497354
2023-07-03,934.121590333738,947.8298736300404,924.7705947521492,944.0601196289062,440000
2023-07-04,948.8091546991456,949.7883179134894,933.1425432696448,936.9613037109376,406496
2023-07-05,936.1778497658152,945.7246903351008,929.0299708307176,941.0247192382812,232384
2023-07-06,939.9476779678664,958.894461018497,936.0799715719806,955.2715454101562,560948
2023-07-07,958.6006999764022,959.5798631020164,937.1570036200992,941.6122436523438,359447
2023-07-10,941.90596071707,943.3747053744293,931.2820051708154,940.6820068359376,292382
2023-07-11,944.7945079308912,947.9277820694948,935.051823042105,944.2559204101562,290711
2023-07-12,945.8716234620084,947.6830514235364,935.1497747837544,939.3112182617188,134151
2023-07-13,942.9340980888422,942.9340980888422,913.8529410549226,915.6644287109376,326072
2023-07-14,916.5020699975834,934.0929727652372,907.879066650832,930.3973999023438,1073070
2023-07-17,930.2989335354516,959.8635182876374,930.2989335354516,946.5101928710938,420915
2023-07-18,950.9940651382634,959.5185437715012,928.3278853474033,944.3912963867188,319680
2023-07-19,944.0956682110937,946.0666403785488,935.0291842109398,937.197265625,216858
2023-07-20,941.878380233354,952.1767224472984,933.551010303445,950.6492309570312,313158
2023-07-21,944.1942051859314,970.7038052468072,940.2029985241672,966.1705932617188,634531
2023-07-24,970.9501515513932,974.6457243180188,946.7072182620489,956.0693359375,577849
2023-07-25,955.9707678950824,958.7794393362262,939.1682421199624,953.2606811523438,401687
2023-07-26,958.2374214640352,985.3876126638268,952.96509468964,978.390625,751121
2023-07-27,982.5788861225716,1009.3841195854044,969.7183047810964,989.9700317382812,1699982
2023-07-28,989.9699824330468,991.8916922272804,962.8198542534058,965.2835693359376,518758
2023-07-31,974.5471586058844,1018.2041175324,967.008166420696,1014.508544921875,1366440
2023-08-01,1016.0854962540058,1034.661885265754,1007.2160611634232,1028.2562255859375,534657
2023-08-02,1024.9055577531644,1024.9055577531644,1006.2798461535076,1012.09423828125,578333
2023-08-03,1007.166715421598,1024.0185023537683,1002.288547578298,1019.0418701171876,402447
2023-08-04,1023.9201554520488,1034.7605035848424,1015.8392167815912,1027.56640625,349206
2023-08-07,1032.789488692591,1036.7314333059214,1019.9781686992668,1031.4591064453125,355982
2023-08-08,1037.7168144374114,1049.5426470805728,1032.7893841694274,1041.166015625,460082
2023-08-09,1046.8820127714282,1054.4702082063682,1043.1864396118262,1047.374755859375,293518
2023-08-10,1044.6153047709174,1063.7337598802185,1038.7517103777286,1059.299072265625,343123
2023-08-11,1063.980106421367,1065.9510786482213,1046.241356379678,1049.6412353515625,264965
2023-08-14,1049.3455307715808,1053.3366768538335,1027.9112104788646,1047.91650390625,187168
2023-08-16,1047.818034383862,1056.4410372532332,1031.8532086194334,1054.6671142578125,200384
2023-08-17,1050.5282838812996,1058.510698001164,1045.896546884193,1054.3717041015625,128462
2023-08-18,1053.9280333303695,1064.3249595266643,1045.4036750322944,1054.4207763671875,299417
2023-08-21,1064.3249070157526,1077.8753398597032,1049.542616640534,1055.701904296875,399610
2023-08-22,1054.4700503315833,1057.6235575028595,1049.542620189847,1052.9918212890625,194268
2023-08-23,1049.5427483342614,1059.0527137286538,1047.57177603692,1052.0557861328125,231392
2023-08-24,1060.6295024849233,1098.8170920052862,1050.2818975826312,1079.5015869140625,798875
2023-08-25,1084.0347595179824,1084.0347595179824,1044.7138382721098,1049.3948974609375,420440
2023-08-28,1049.592072679514,1080.1913454725045,1044.9110134647729,1074.376953125,287196
2023-08-29,1069.5973897155152,1081.1276500746849,1063.1425274862129,1067.9713134765625,246925
2023-08-30,1069.2522917557378,1088.962011419438,1067.2813197893677,1080.191162109375,304541
2023-08-31,1087.9767315030376,1087.9767315030376,1058.5599933930432,1075.1160888671875,383769
2023-09-01,1080.0927092709271,1101.7240799183678,1071.2233348334832,1094.875,388422
2023-09-04,1102.7095725331894,1111.1355264183703,1086.498375056544,1100.1966552734375,278885
2023-09-05,1105.7152785751475,1121.483054383706,1095.860418694799,1116.851318359375,461765
2023-09-06,1118.5267704860391,1124.4396873344233,1103.744478365078,1121.828125,333226
2023-09-07,1129.3177990698366,1136.2162020807227,1115.1760969572404,1125.3758544921875,258597
2023-09-08,1128.3322593776684,1132.3235261925636,1105.567554581819,1107.8834228515625,198395
2023-09-11,1112.909450939074,1115.3731660785843,1085.02014744038,1107.3414306640625,141731
2023-09-12,1107.6862531422175,1122.419220578368,1083.1969503419837,1108.770263671875,545323
2023-09-13,1100.3446177628998,1107.8342885034929,1079.3537144794211,1106.50390625,323399
2023-09-14,1106.5037223729028,1120.3497284118337,1103.7443134697949,1111.43115234375,197143
2023-09-15,1109.6573729849054,1121.48320644478,1103.744456254968,1120.2020263671875,309546
2023-09-18,1123.3556872748538,1125.6222332423674,1089.504262057059,1093.1505126953125,295696
2023-09-20,1092.4112750972192,1095.7619516921925,1071.9131173503397,1075.2637939453125,261860
2023-09-21,1066.3943749470088,1088.962028373008,1066.3943749470088,1071.124755859375,208442
2023-09-22,1066.3945447721198,1090.9331741029916,1055.9484155838804,1085.9564208984375,218737
2023-09-25,1090.933161097114,1103.3995848748818,1082.5072064488745,1098.5706787109375,299533
2023-09-26,1099.8025029781236,1103.2023819512244,1088.2230411412124,1092.5592041015625,180666
2023-09-27,1096.205454262401,1117.4919302537064,1090.9824500401503,1110.44580078125,223986
2023-09-28,1111.6282570912124,1121.630964492664,1102.4631887670355,1107.43994140625,319509
2023-09-29,1056.786067539333,1133.3090924967707,1056.786067539333,1129.662841796875,508222
2023-10-03,1133.2104316397474,1147.1057608689057,1123.109199638969,1129.76123046875,549366
2023-10-04,1124.9817055123606,1138.187123012755,1116.9006473136487,1127.5439453125,970583
2023-10-05,1130.993122925787,1162.873573530223,1130.4510574627548,1149.17529296875,1115758
2023-10-06,1151.786867512779,1156.9606694844942,1140.601624452695,1154.4476318359375,120488
2023-10-09,1143.3116405311837,1167.505250362439,1134.7871623211597,1145.134765625,427576
2023-10-10,1146.0710758982823,1156.9607460310483,1142.3263006882466,1154.792724609375,123438
2023-10-11,1157.9461645138497,1160.705573706172,1126.4599318194855,1132.02783203125,146142
2023-10-12,1133.2596863231358,1139.024876215205,1129.6134358926915,1133.85107421875,166746
2023-10-13,1133.308953945406,1145.824578621715,1128.726419767561,1133.3582763671875,334505
2023-10-16,1133.3583953512327,1149.5202719784015,1131.9293682540365,1137.84228515625,425032
2023-10-17,1142.1784688639254,1147.6479652164946,1135.575759656889,1144.8392333984375,165237
2023-10-18,1144.8392049419715,1158.537486398226,1135.0336659322386,1143.262451171875,149353
2023-10-19,1145.0854620124892,1145.184106855873,1121.5324417728953,1143.213134765625,306719
2023-10-20,1140.3059484858063,1145.4305484129868,1118.5267296164304,1121.23681640625,137952
2023-10-23,1118.5267400448024,1130.2540488679874,1088.962156607495,1094.3330078125,186429
2023-10-25,1101.477601720059,1109.607860833574,1090.8836277236603,1101.921142578125,216057
2023-10-26,1101.9213036304102,1101.9213036304102,1038.702346436085,1057.82080078125,867029
2023-10-27,1059.397630474038,1076.8406875261223,1049.54276879521,1059.052734375,355916
2023-10-30,1064.324849634669,1064.324849634669,1004.2594676184838,1025.69384765625,852518
2023-10-31,1025.8910882351838,1044.6153251962487,1019.8796467442468,1027.862060546875,363055
2023-11-01,1023.9694908040574,1042.0531386304456,1016.233327845499,1033.7257080078125,192224
2023-11-02,1033.7254747769873,1051.6120694459512,1028.0097282490492,1042.5948486328125,188285
2023-11-03,1045.6006995001032,1059.3975042060424,1040.6239468260248,1056.3917236328125,205310
2023-11-06,1061.9598744589866,1086.8434002919464,1059.3976344725415,1083.1478271484375,617168
2023-11-07,1084.1333087595704,1094.875132044571,1071.272786453421,1092.11572265625,447776
2023-11-08,1093.8896212838324,1104.7299688821406,1077.2348813685294,1093.1998291015625,192193
2023-11-09,1093.199732867427,1108.0805482917929,1089.4055153031418,1093.0025634765625,213050
2023-11-10,1093.002660152445,1098.6692054903046,1077.0870348394324,1081.571044921875,220538
2023-11-13,1093.939007024618,1103.6460220579245,1079.1073915599893,1095.417236328125,148581
2023-11-15,1105.321289827299,1105.321289827299,1087.385489237092,1099.0634765625,154847
2023-11-16,1103.744452043323,1109.2631502438198,1093.2490008280129,1103.251708984375,300319
2023-11-17,1103.7444244161568,1113.254389275533,1098.8169939500133,1103.44873046875,266551
2023-11-20,1106.257440845183,1106.257440845183,1093.4953240036084,1096.4517822265625,86630
2023-11-21,1101.8719983483131,1116.7036124611705,1095.1707649623393,1103.301025390625,238747
2023-11-22,1101.921141865718,1110.691990902828,1093.8894072929952,1107.2919921875,164645
2023-11-23,1107.686346545724,1117.5412072801166,1098.4227533956764,1113.451416015625,187066
2023-11-24,1114.4369359911716,1126.4106162074263,1111.2341061550612,1118.5760498046875,275457
2023-11-28,1121.9264700367685,1124.143813500119,1098.028434931768,1107.9326171875,300439
2023-11-29,1110.8892026134852,1125.8685431653485,1100.3445494972043,1123.9962158203125,518123
2023-11-30,1124.4888498384826,1157.9460514612704,1121.0888509550416,1146.26806640625,592289
2023-12-01,1153.0186081040872,1160.4097530278314,1141.6855192210128,1152.6243896484375,184002
2023-12-04,1161.8881823065913,1164.746116229492,1144.3958029716107,1161.001220703125,210202
2023-12-05,1159.9171792124357,1191.4527354866905,1157.995529371413,1188.0528564453125,711331
2023-12-06,1202.2929768647227,1226.8316034850402,1195.3945745384497,1214.7593994140625,1070956
2023-12-07,1220.6723522004104,1233.138775122584,1204.904574983076,1222.5447998046875,259389
2023-12-08,1222.544849852733,1234.764781457547,1201.84964140777,1206.97412109375,203115
2023-12-11,1206.974181871374,1229.8867352320674,1204.2640949147328,1226.191162109375,207410
2023-12-12,1225.8953770296023,1235.7995603817649,1219.785411373628,1224.1707763671875,110215
2023-12-13,1227.915631047698,1242.5993974048567,1222.0027146863126,1235.208251953125,183378
2023-12-14,1240.7270468402785,1240.7270468402785,1216.2869425162,1223.7767333984375,132061
2023-12-15,1234.567670236472,1248.610846688972,1217.2723416439558,1225.3040771484375,426016
2023-12-18,1225.3534633249003,1236.686553683232,1217.075355873008,1221.263671875,101934
2023-12-19,1220.0318167246014,1225.9447334453992,1209.3885185077258,1217.6666259765625,88545
2023-12-20,1216.0899670792992,1228.901287640102,1160.9027400481475,1170.51123046875,159722
2023-12-21,1160.902647970494,1216.0898706244395,1157.9461896140326,1185.490478515625,487071
2023-12-22,1195.887530018061,1214.808817355021,1193.4238144638416,1213.182861328125,154368
2023-12-26,1213.1826855978466,1247.970272005253,1209.5363149266143,1244.865966796875,175434
2023-12-27,1250.581915695895,1253.0949534804456,1199.090264714721,1224.6143798828125,1243304
2023-12-28,1223.9738135917648,1238.214040517735,1212.1479796440185,1221.7564697265625,483996
2023-12-29,1231.8576884399763,1237.0808131584026,1216.7305000856538,1233.4837646484375,211474
2024-01-01,1233.4836924190536,1241.663154812167,1218.0608110031858,1229.541748046875,181841
2024-01-02,1224.072314817828,1237.4749023101035,1209.6842411820226,1212.985595703125,276631
2024-01-03,1207.2204382116493,1233.828562155906,1206.4320012346045,1230.625732421875,150644
2024-01-04,1236.7849319208838,1247.2803818969014,1228.4083009078738,1236.6370849609375,225513
2024-01-05,1240.4313437435906,1250.08915593728,1217.913009732229,1228.3099365234375,174551
2024-01-08,1226.9301950836905,1227.9156811841592,1180.6123483616554,1182.9775390625,275485
2024-01-09,1191.1569810753476,1197.2670669725546,1152.0825541012064,1153.6099853515625,534152
2024-01-10,1153.610029285419,1158.537459890857,1135.822076978947,1149.7174072265625,323653
2024-01-11,1153.1172275758151,1175.7342050836055,1149.7665508748173,1170.7081298828125,216607
2024-01-12,1178.641305424183,1180.2673814520865,1159.079431563608,1163.8096923828125,154008
2024-01-15,1164.893938209174,1201.5046520179508,1164.893938209174,1188.0035400390625,466891
2024-01-16,1187.6092741793314,1195.8380590485774,1163.11996867201,1170.4617919921875,168541
2024-01-17,1164.8445963270922,1165.9779294272316,1142.2769400711877,1145.2333984375,216312
2024-01-18,1140.3060117969922,1151.9839987345076,1110.1501593575206,1135.9698486328125,254243
2024-01-19,1139.2711947970322,1168.4415577808304,1135.969720294789,1165.5343017578125,177261
2024-01-23,1160.2621579050858,1160.2621579050858,1103.5967011904502,1111.4805908203125,292065
2024-01-24,1113.5992194462574,1138.137845775189,1111.874618885168,1133.456787109375,253621
2024-01-25,1138.2364072706764,1138.2364072706764,1108.6718252636458,1112.61376953125,229113
2024-01-29,1118.3789101926147,1129.761323109706,1112.170419754874,1121.039794921875,209061
2024-01-30,1133.1120309434712,1133.2105554994075,1028.896869886208,1035.0068359375,1670646
2024-01-31,1039.934069039777,1061.3683888707317,1019.583759715269,1034.6617431640625,1442725
2024-02-01,1040.6240194709096,1061.3192279745294,1022.9345917503504,1054.962890625,1619314
2024-02-02,1055.0121445287352,1071.962456558979,1048.655687293451,1060.826416015625,548754
2024-02-05,1061.368498036591,1082.0637055191987,1060.826432578324,1075.0174560546875,385786
2024-02-06,1086.449090557438,1095.860530825603,1075.1653229592923,1092.7562255859375,308539
2024-02-07,1093.8895510967063,1095.8112008373034,1066.000246854713,1067.774169921875,318467
2024-02-08,1072.0609381943848,1073.0957466303764,1049.542606793785,1059.34814453125,280684
2024-02-09,1056.933894295528,1076.1508741918103,1049.9861688289698,1071.7161865234375,266059
2024-02-12,1077.7769976361735,1080.043543697969,1057.8209022538088,1064.2265625,135469
2024-02-13,1064.3249810764123,1087.9273248984373,1055.9976717050213,1084.67529296875,172792
2024-02-14,1084.034769430753,1084.034769430753,1066.887286290946,1077.037841796875,295228
2024-02-15,1079.107223072565,1094.8749998480546,1077.1362509756289,1088.6171875,139567
2024-02-16,1091.918599026619,1094.8257349027838,1066.0002664718013,1073.8841552734375,207389
2024-02-19,1073.8840825178847,1093.5938031866435,1066.295888179848,1086.9417724609375,270806
2024-02-20,1096.4519011107554,1107.6864676358225,1065.8033049360693,1079.5015869140625,429406
2024-02-21,1084.0346711416971,1088.6664075262297,1066.2959219775605,1069.69580078125,238135
2024-02-22,1074.179792679427,1086.8432643407464,1065.5567897565418,1082.359375,158278
2024-02-23,1076.1508607297687,1086.202771199563,1060.481607104478,1065.556884765625,119791
2024-02-26,1078.0724629697684,1084.034701949931,1039.7863523288013,1047.1282958984375,465917
2024-02-27,1047.1282206499386,1048.3600781772675,1009.7289539410868,1024.4127197265625,778424
2024-02-28,1024.9056217085092,1041.9545806506023,1024.9056217085092,1033.085205078125,238993
2024-02-29,1034.7603849085365,1067.2814255770909,1023.77219104717,1060.62939453125,474424
2024-03-01,1066.197372693983,1079.1072157819765,1050.675967535475,1071.666748046875,407919
2024-03-04,1064.3251325031472,1081.768190721948,1060.4325099990851,1076.3973388671875,225860
2024-03-05,1079.107213560176,1086.991101878424,1059.6931866959262,1075.2637939453125,634824
2024-03-06,1076.101508802083,1085.4636268393135,1060.3830534800652,1082.7535400390625,154816
2024-03-07,1088.8635706273692,1106.7008442351996,1085.8085879042476,1098.37353515625,558623
2024-03-11,1105.7153356303747,1113.6977484856357,1088.025909351802,1103.0052490234375,532858
2024-03-12,1103.6949847975643,1107.1441857576156,1091.1300384430915,1101.62548828125,467672
2024-03-13,1099.211255435424,1107.3415160225222,1052.3021396229155,1061.1221923828125,358551
2024-03-14,1058.412095381439,1079.7478939895836,1039.49080995216,1070.139404296875,538865
2024-03-15,1074.426018870048,1093.889365692046,1044.3686984613928,1059.24951171875,1215774
2024-03-18,1063.3396371299343,1063.3396371299343,1040.180710834704,1053.2384033203125,185084
2024-03-19,1046.9309471317852,1054.075720079626,1034.0704280048171,1039.4906005859375,594754
2024-03-20,1034.76030667017,1043.1862601439182,1021.7026170859988,1038.85009765625,295678
2024-03-21,1049.2963405988453,1054.9135633330463,1043.6297954394713,1050.5281982421875,703368
2024-03-22,1048.5080986779433,1060.3832566887477,1039.8850935701118,1049.986328125,896943
2024-03-26,1049.049924026246,1052.4991252795028,1024.9055152534484,1047.2760009765625,457979
2024-03-27,1047.2759927127556,1061.8119121653526,1044.6645508804845,1057.18017578125,900124
2024-03-28,1057.1801114137809,1069.2523149698925,1045.6006508599594,1059.44677734375,373298
2024-04-01,1068.513271155916,1105.5183211954864,1059.4468474334028,1098.27490234375,359468
2024-04-02,1101.7733346230082,1118.5265964196014,1094.5300366706683,1116.851318359375,324900
2024-04-03,1120.5470528011476,1131.6337717692395,1102.3155593869517,1128.1845703125,420752
2024-04-04,1128.3814637136536,1137.250837664241,1115.126725206931,1128.4307861328125,325105
2024-04-05,1128.3322605986248,1146.1203327997794,1125.228075626565,1144.5435791015625,520510
2024-04-08,1148.0912498675734,1149.9636974249297,1125.0308522053651,1137.79296875,181426
2024-04-09,1140.1088767253532,1151.7868627824012,1127.5931312564967,1131.239501953125,164829
2024-04-10,1131.2887738553145,1156.7143645567044,1129.4164464156802,1146.8101806640625,204000
2024-04-12,1148.0419609612331,1162.3315091235318,1132.6192000456272,1138.4334716796875,223901
2024-04-15,1125.4250396898065,1135.821965365045,1106.3065867597018,1117.442626953125,193241
2024-04-16,1114.9789766502115,1124.7353129166177,1103.7444112615804,1120.5469970703125,613602
2024-04-18,1120.5469841862705,1136.21611646282,1100.344519748145,1103.6458740234375,531405
2024-04-19,1085.1186018929695,1109.4108556591011,1076.6927688392657,1105.1732177734375,312229
2024-04-22,1107.8833621039803,1117.5411734507684,1074.4754814645617,1077.9246826171875,532890
2024-04-23,1082.0142455805849,1093.3966563688398,1063.4378595704015,1084.0838623046875,257294
2024-04-24,1089.7505969560932,1094.086639634633,1069.252437590676,1071.9625244140625,513398
2024-04-25,1079.501435396564,1125.375738512034,1056.3425133896117,1095.8111572265625,996110
2024-04-26,1095.7619642882394,1181.5977752801484,1092.2142385639638,1167.3082275390625,2181682
2024-04-29,1175.5369594594974,1193.8177730098585,1157.0098947059566,1186.475830078125,467052
2024-04-30,1191.4034687456856,1193.6701350782796,1168.983658159076,1190.3194580078125,409939
2024-05-02,1190.31945325861,1199.6815719277529,1179.1835316523718,1191.2557373046875,254334
2024-05-03,1194.409093485693,1197.3655516378851,1178.6413166740006,1190.565673828125,250533
2024-05-06,1192.2411026295629,1211.6058077802766,1175.734210859812,1204.658203125,339469
2024-05-07,1208.2060010212845,1210.768240911528,1163.908447390393,1183.56884765625,255290
2024-05-08,1179.676229872605,1199.5336793188055,1171.6936959141633,1194.2613525390625,130011
2024-05-09,1195.640958071678,1198.4003671493676,1160.31130700519,1166.3720703125,321293
2024-05-10,1166.0763463443816,1180.020997744706,1153.0186564317994,1163.9083251953125,213447
2024-05-13,1164.8445878360217,1191.945455996335,1156.9606989166575,1186.4267578125,366142
2024-05-14,1195.3945264824024,1221.8055995892464,1178.493417402757,1214.21728515625,317367
2024-05-15,1221.0173227310156,1224.811420295601,1205.4465936598804,1217.518798828125,277176
2024-05-16,1217.5187254976547,1231.8575960349388,1213.4290545176934,1230.576416015625,161486
2024-05-17,1232.8431218190474,1244.6196326970005,1225.9447190590686,1241.9095458984375,335309
2024-05-21,1237.6720826251358,1238.7560933328505,1208.255345041272,1222.741943359375,255905
2024-05-22,1222.00260309019,1224.3677934784675,1206.2841499843894,1221.7069091796875,159853
2024-05-23,1221.7069547496792,1230.872022734147,1206.333397100307,1214.21728515625,121620
2024-05-24,1214.3652036344397,1255.4599244267952,1207.6146481486956,1235.158935546875,722444
2024-05-27,1235.159009173139,1245.6544604510584,1223.0868041569008,1228.359130859375,185319
2024-05-28,1237.770545816267,1280.4913443370694,1231.956153746742,1272.361083984375,1073528
2024-05-29,1279.160910731657,1279.160910731657,1255.5585676245737,1269.158203125,594838
2024-05-30,1266.251114336737,1290.9867913945775,1248.1674684559289,1281.3289794921875,646063
2024-05-31,1288.3260498046875,1294.830234121869,1273.642282591055,1288.3260498046875,474230
2024-06-03,1310.6964847390495,1326.858480490287,1283.9898360646116,1321.783203125,610996
2024-06-04,1321.4383002772413,1321.4383002772413,1227.472227210149,1286.059326171875,981300
2024-06-05,1292.8591575708422,1364.6517913938026,1273.2972837723423,1349.9188232421875,581495
2024-06-06,1350.9043826712748,1374.75309797185,1339.8176641392438,1367.263427734375,565986
2024-06-07,1384.608059236328,1389.5354900521156,1362.779516662668,1371.895263671875,692105
2024-06-10,1384.6080279441376,1429.0534288383535,1366.8692774081985,1418.6072998046875,786180
2024-06-11,1422.007226425507,1461.5745203649742,1414.7147249779623,1445.067626953125,638822
2024-06-12,1443.7863868748063,1468.3742157233553,1429.0040961124903,1453.5426025390625,452009
2024-06-13,1454.5282355850538,1484.043617969134,1449.699449686904,1476.6031494140625,406115
2024-06-14,1471.3307606174387,1512.4748056648457,1460.5889379704922,1486.9014892578125,581505
2024-06-18,1486.9015452328408,1519.9153311244756,1468.9164230679949,1507.941650390625,742181
2024-06-19,1522.576052614936,1571.7518339727046,1522.576052614936,1550.2681884765625,1250531
2024-06-20,1553.126131348484,1663.9439978674563,1531.7411305781634,1619.942138671875,2668159
2024-06-21,1616.197179426817,1616.197179426817,1521.5905152652472,1527.4049072265625,1218564
2024-06-24,1493.1099295179413,1529.4250673546894,1471.675607367381,1509.6168212890625,804153
2024-06-25,1517.6485769026976,1532.4308682361657,1494.982396858047,1503.211181640625,395928
2024-06-26,1505.2806624112643,1553.569480255387,1498.92432532469,1537.3089599609375,746570
2024-06-27,1537.3582851018489,1566.9228675076538,1506.8575390392978,1539.0828857421875,495746
2024-06-28,1538.5902510514777,1590.5746454424884,1533.1700772287184,1577.615478515625,523177
2024-07-01,1573.7228589509814,1585.5978948940815,1557.0681189355578,1574.0184326171875,271474
2024-07-02,1574.7576164253735,1581.7546646454032,1539.3787582807315,1547.6075439453125,226592
2024-07-03,1557.0187962155476,1567.3664008014632,1545.7350279055852,1560.6158447265625,173456
2024-07-04,1568.8938877440037,1575.2502250365926,1544.4537840868438,1556.6246337890625,154335
2024-07-05,1556.624566594111,1573.2299827776883,1542.8769637684286,1569.6329345703125,152813
2024-07-08,1575.7923018679646,1613.7335173913648,1559.334731825306,1592.2991943359375,581775
2024-07-09,1601.4148946772675,1615.0146508253497,1578.748714629528,1587.273193359375,427044
2024-07-10,1587.2732752984289,1601.414977346352,1548.6914688614104,1588.455810546875,380664
2024-07-11,1587.618121975892,1598.3599446262615,1571.8503442281487,1579.882080078125,217731
2024-07-12,1577.6647686142564,1608.0669916464894,1574.2647692886703,1578.748779296875,208668
2024-07-15,1578.8472851861209,1599.0990730253045,1567.267823302569,1574.41259765625,376336
2024-07-16,1577.4675798046997,1586.6326488148084,1552.6333777687769,1561.010009765625,256219
2024-07-18,1568.4011317429242,1579.7342219188863,1553.6681626336122,1570.125732421875,447469
2024-07-19,1577.8125272148773,1585.597770962171,1535.5843526965991,1572.2445068359375,479563
2024-07-22,1572.2445647029565,1621.0753292975678,1477.933471751855,1588.8006591796875,970889
2024-07-23,1606.3423223446807,1606.3423223446807,1512.1298764558403,1561.3548583984375,848432
2024-07-24,1559.580902395296,1614.0782054911483,1557.314236497698,1607.2291259765625,707817
2024-07-25,1595.5513451985696,1622.5043664278244,1572.8851645167997,1603.041015625,768044
2024-07-26,1602.397990854982,1626.483393297127,1584.5935687343713,1607.046875,373711
2024-07-29,1614.4653478923362,1670.3514494024027,1614.4653478923362,1661.7955322265625,859587
2024-07-30,1661.7955390815453,1675.9895956403209,1635.039401366558,1642.2601318359375,313903
2024-07-31,1647.9478160524304,1663.7739702999486,1631.181911450081,1643.9417724609375,267713
2024-08-01,1647.8981915481045,1650.024855019724,1604.6235541650135,1615.9490966796875,175760
2024-08-02,1602.398037639322,1631.181830092568,1587.5610187722912,1621.14208984375,200833
2024-08-05,1592.5066446088777,1616.2458740937304,1568.3223528687697,1596.0675048828125,417897
2024-08-06,1597.2051442940678,1641.864597001387,1583.7529374706382,1590.6768798828125,457049
2024-08-07,1595.9192763225014,1634.0009609101078,1568.817083107283,1608.1845703125,1184519
2024-08-08,1590.5285034319998,1675.841366256011,1590.5285034319998,1622.97216796875,1346743
2024-08-09,1621.1915081957998,1685.4852531822105,1621.1915081957998,1675.297119140625,1325045
2024-08-12,1690.430992842268,1745.2290725811504,1687.4635891099529,1715.2088623046875,1141141
2024-08-13,1718.1266973080756,1720.5500286353638,1686.820564944084,1698.2451171875,284601
2024-08-14,1706.2570963541668,1711.8457307026122,1655.3661721257104,1669.16455078125,365288
2024-08-16,1674.4565087824085,1760.6596146247691,1671.637499278573,1740.629638671875,693778
2024-08-19,1754.675143096201,1754.675143096201,1694.733615003688,1721.934814453125,439781
2024-08-20,1724.7045535888458,1738.4040435241543,1696.3658234104837,1730.490966796875,341506
2024-08-21,1726.0397599566686,1765.209463311764,1716.2473039319043,1742.8055419921875,515976
2024-08-22,1747.800792670752,1769.561753303891,1743.0528984168443,1762.1927490234375,495949
2024-08-23,1759.6704360573572,1761.1541379427345,1726.2871436363705,1729.5018310546875,226283
2024-08-26,1729.5018121563571,1747.2567295597753,1727.1773700434594,1734.645263671875,228484
2024-08-27,1737.9094556438747,1749.2845033046058,1721.0941677975766,1723.6658935546875,379612
2024-08-28,1721.0941781330046,1735.6839132637297,1707.2462939411298,1717.088134765625,289715
2024-08-29,1718.1267740039948,1722.4789903264311,1687.5131068983444,1706.1087646484375,380265
2024-08-30,1714.9617022303892,1754.4775831487498,1709.2246729702829,1739.14599609375,315808
2024-09-02,1739.1459670827826,1754.279775253181,1719.7589524402665,1724.4078369140625,278397
2024-09-03,1727.8204911079797,1746.218371834541,1709.818167654523,1713.3790283203125,393536
2024-09-04,1706.2571269948414,1720.599578207262,1686.9690029505518,1704.872314453125,339834
2024-09-05,1713.8733492305928,1718.4728489369,1699.3331199592592,1701.4102783203125,182090
2024-09-06,1692.4588273555592,1706.2572069051164,1662.7352839463772,1672.7750244140625,259034
2024-09-09,1669.6591465239976,1693.348871069569,1648.9368256748553,1688.4031982421875,168857
2024-09-10,1693.5467209926917,1707.8396667490124,1682.369452431499,1687.8096923828125,231811
2024-09-11,1696.5140900202332,1709.4717280368006,1673.467207489606,1679.1053466796875,340943
2024-09-12,1692.2610275442876,1694.7833692526497,1668.422906124621,1673.9620361328125,285152
2024-09-13,1671.835308189287,1690.9751599306148,1668.4723470326878,1675.98974609375,292163
2024-09-16,1675.98967244869,1693.3489120464917,1633.456885103969,1686.5733642578125,225407
2024-09-17,1692.4092275945304,1724.3088170684778,1686.7712089153256,1696.51416015625,453158
2024-09-18,1696.5142560019488,1723.022991189688,1677.5227989818663,1711.202880859375,510090
2024-09-19,1722.0832458425634,1723.0228753643637,1646.0187750508685,1656.2069091796875,511170
2024-09-20,1672.8243718564809,1672.8243718564809,1589.4403982887964,1641.1226806640625,835610
2024-09-23,1649.7775862897336,1661.1526339332495,1627.6704526269975,1654.278076171875,471706
2024-09-24,1667.6313886907085,1667.680893717053,1640.6280872352645,1644.8319091796875,239688
2024-09-25,1644.8319727242422,1650.865669717014,1608.9263379612687,1626.3350830078125,497911
2024-09-26,1638.99598796052,1639.3421609123825,1594.4849321619542,1616.394287109375,404820
2024-09-27,1616.3943914400215,1663.724459678636,1610.2122999578626,1638.99609375,635096
2024-09-30,1642.8042394009076,1662.6364371907282,1618.323157109999,1656.454345703125,515352
2024-10-01,1656.800474943938,1716.1485516583475,1656.800474943938,1709.224609375,536936
2024-10-03,1709.2246296976375,1720.500788556243,1634.0999033276712,1651.1624755859375,594869
2024-10-04,1636.1275500264962,1659.5206079273282,1596.957843241646,1602.2991943359375,165799
2024-10-07,1607.3437129794745,1620.6475249523935,1540.1320657097046,1549.2320556640625,451674
2024-10-08,1544.1875147665994,1568.9158799239804,1528.855928369023,1557.0462646484375,305749
2024-10-09,1564.5635365327166,1624.5050646607588,1549.627629338601,1593.0506591796875,618039
2024-10-10,1596.9577738928422,1629.1046476317813,1593.050740612927,1610.360595703125,142809
2024-10-11,1605.464330723048,1625.1481332354358,1596.117057134406,1621.14208984375,99503
2024-10-14,1615.2568156425964,1631.3302530303442,1600.073623551272,1608.4317626953125,76656
2024-10-15,1614.5149345886755,1621.2904823816389,1596.661006940912,1613.6741943359375,97546
2024-10-16,1607.492135378161,1616.7405198316465,1582.6153757911495,1610.4100341796875,459314
2024-10-17,1611.250770677006,1611.250770677006,1570.498473143382,1574.5045166015625,109127
2024-10-18,1560.1619419604929,1608.5800288907024,1553.6335574694417,1603.4859619140625,119351
2024-10-21,1597.4524121595643,1611.2507918184,1569.064296847878,1587.808349609375,557751
2024-10-22,1584.0494517245463,1598.985479788281,1543.0498735736514,1549.479248046875,190552
2024-10-23,1549.4793327457749,1603.5849464342673,1544.8304484778307,1585.236572265625,234632
2024-10-24,1593.594795590178,1641.963503672457,1569.8061799261277,1621.9830322265625,440808
2024-10-25,1641.9635119121788,1651.854858369481,1543.346836030465,1580.48876953125,807723
2024-10-28,1580.6866672297394,1621.2905719475011,1567.926806164562,1584.000244140625,262830
2024-10-29,1591.5176325381954,1602.3486085266798,1555.9582905997702,1590.5780029296875,267356
2024-10-30,1591.5176192847955,1629.896091217096,1584.2475039048495,1628.1156005859375,247414
2024-10-31,1628.0661026107668,1658.9765599247107,1618.2737663288883,1650.51953125,384209
2024-11-01,1647.700469085877,1676.3853725573988,1647.700469085877,1673.41796875,60942
2024-11-04,1681.5288515495697,1681.5288515495697,1605.3654859205596,1616.7900390625,444910
2024-11-05,1617.383581344128,1655.761934130398,1617.2846920258291,1651.01416015625,345669
2024-11-06,1654.7233022384914,1713.9229841053998,1649.975407844406,1707.34521484375,330133
2024-11-07,1712.1918953329516,1779.4530443119468,1710.3125155509224,1758.6317138671875,933392
2024-11-08,1758.6317385923137,1765.5556804963203,1722.182154289298,1732.9637451171875,298828
2024-11-11,1733.2110419158782,1741.2230077454094,1688.205419198131,1718.3740234375,359217
2024-11-12,1718.3740460986314,1737.5137760393525,1701.311474623483,1711.6973876953125,344347
2024-11-13,1696.16809906296,1712.142526622121,1657.344565127492,1666.642333984375,225860
2024-11-14,1668.2250800894396,1706.2572588069968,1647.1069588707644,1697.3055419921875,572592
2024-11-18,1696.365839220821,1725.001237596961,1676.6326522458403,1702.3995361328125,362721
2024-11-19,1711.400625710961,1756.406249724017,1705.812111851768,1745.4268798828125,231149
2024-11-21,1746.168686237043,1770.6497668057966,1716.1484762338491,1748.7899169921875,424127
2024-11-22,1748.7898471446783,1795.2791700042935,1748.7898471446783,1786.822021484375,554100
2024-11-25,1805.170501728069,1819.0183850289968,1769.5616589542549,1775.9415283203125,561874
2024-11-26,1790.284113086053,1790.284113086053,1740.9263933586535,1748.394287109375,286755
2024-11-27,1748.394253232872,1753.142147497551,1727.1278598386052,1739.68994140625,175372
2024-11-28,1739.690004568502,1755.6644319634177,1726.4355766136864,1736.673095703125,175365
2024-11-29,1745.8225376050257,1780.640026601318,1736.771932028988,1769.561767578125,382200
2024-12-02,1779.3542887460387,1785.3879857679838,1750.323211852013,1756.5546875,173353
2024-12-03,1765.6052771459651,1768.5726809731011,1739.0470370418916,1758.186767578125,336860
2024-12-04,1760.6595873128256,1789.2949856740613,1730.985549324407,1738.84912109375,398972
2024-12-05,1747.9985622124125,1752.7464564416691,1727.2762412873954,1749.779052734375,537230
2024-12-06,1757.4942939056266,1775.3480998548062,1737.7609874431078,1743.250732421875,306411
2024-12-09,1743.2509360618726,1753.6862342014394,1711.7964058085197,1750.570556640625,343856
2024-12-10,1750.7683398416702,1781.5799085023684,1746.9106905372917,1761.005859375,501681
2024-12-11,1768.1768879474,1775.3481133964365,1747.7512354506623,1749.630615234375,166651
2024-12-12,1751.608987102251,1775.199823228657,1743.0529486398102,1759.2747802734375,467431
2024-12-13,1759.571501213631,1770.155192757854,1723.9131518602312,1758.3350830078125,221661
2024-12-16,1750.7681555811548,1805.0221615643543,1737.563233471751,1799.4830322265625,851025
2024-12-17,1805.1705659100744,1834.8446026099664,1767.0888854785471,1797.4058837890625,1396764
2024-12-18,1824.9533097800331,1861.452400124428,1786.377060955415,1810.95703125,1370818
2024-12-19,1785.3880446895744,1842.312792140564,1768.572755626016,1825.447998046875,881503
2024-12-20,1834.15232653188,1838.603432206288,1799.8292836628432,1819.3153076171875,807363
2024-12-23,1822.0352842608736,1868.425596485596,1796.4166761369188,1842.4608154296875,881011
2024-12-24,1842.4609108217048,1856.111016152547,1826.9810514335109,1835.1907958984373,348224
2024-12-26,1835.1908213587108,1841.1751338734648,1798.444447512769,1825.0028076171875,404252
2024-12-27,1825.002796428479,1844.637093599107,1815.457623628179,1826.0908203125,316960
2024-12-30,1815.21038929968,1870.20624903089,1802.8462067727005,1848.64306640625,669129
