date,open,high,low,close,volume
2015-01-01,2201.189891474009,2207.557846801321,2181.378474900151,2197.2275390625,112464
2015-01-02,2204.020035590739,2206.8502378836324,2186.720458623796,2192.0625,187675
2015-01-05,2196.236604627887,2226.590449944352,2192.062126054732,2207.1328125,160068
2015-01-06,2191.9911259285877,2191.9911259285877,2123.358737544122,2132.83984375,457760
2015-01-07,2132.557381726981,2138.2177861907558,2099.0902057865483,2104.290771484375,378882
2015-01-08,2107.085750958236,2122.4395648973714,2088.512547142704,2111.3310546875,513335
2015-01-09,2121.838115793052,2130.4347862022464,2098.77189789851,2117.168212890625,365342
2015-01-12,2114.1608968356104,2114.1608968356104,2068.877664774874,2078.181884765625,396343
2015-01-13,2087.981536675058,2096.153779542161,2043.0874917581452,2047.0850830078125,387266
2015-01-14,2058.264823424111,2069.373333986692,2039.86850667986,2054.054931640625,503348
2015-01-15,2080.1983938872627,2101.424908110602,2072.167626909373,2087.6630859375,548030
2015-01-16,2087.5569196552105,2101.4249785091038,2045.7407888794653,2050.26904296875,441344
2015-01-19,2051.9319979478955,2066.047596809236,2006.613350873628,2010.3634033203125,494968
2015-01-20,2023.594744587288,2029.255149467252,1979.160531731197,2001.4129638671875,620515
2015-01-21,2005.1276239693648,2047.6514851382576,2005.1276239693648,2034.3140869140625,502824
2015-01-22,2051.861116370156,2058.2644831883235,1989.3491309503888,2008.6298828125,616241
2015-01-23,2030.6698904633445,2048.7832519628105,2017.2264312581865,2025.5755615234373,616170
2015-01-27,2023.5950408633869,2030.4228361527676,1997.4156644606087,2022.0030517578125,563105
2015-01-28,2023.5945481425936,2048.712592359049,2009.832724662508,2027.203125,415685
2015-01-29,2023.59470228848,2051.012287852703,2021.4720505028629,2035.269287109375,544345
2015-01-30,2043.087608029114,2077.969884399302,2021.754855480812,2027.486083984375,447643
2015-02-02,2036.294841555352,2043.971833255224,1988.216821644378,2004.6319580078125,298183
2015-02-03,2021.8257610513915,2023.5946374827577,1974.773647977055,1989.9151611328125,377426
2015-02-04,1959.9150244805007,2026.4247762137743,1945.7640134734215,2002.0142822265625,902976
2015-02-05,1988.9244034811968,2022.0378005635048,1988.9244034811968,2014.6085205078125,475877
2015-02-06,2014.537821757516,2018.606237279348,1960.7993938914285,1964.37255859375,544388
2015-02-09,1945.7637066286488,1956.34155113996,1913.9239368838164,1930.763671875,425252
2015-02-10,1920.9999821392253,1947.179355744806,1903.8064670877295,1924.643798828125,531510
2015-02-11,1925.6699105062048,1956.589839240312,1911.4834854815476,1948.1346435546875,427723
2015-02-12,1968.6531607663103,1994.5848169412748,1963.877194993216,1986.4833984375,471851
2015-02-13,1996.991234605156,2029.3970945891724,1991.7554279765025,2018.571533203125,278795
2015-02-16,2020.056973544034,2024.762115961855,1976.401135844534,1984.679443359375,278310
2015-02-18,1913.9243773554815,1930.1980411925156,1871.96659213163,1884.7379150390625,10612619
2015-02-19,1894.1125653706815,1910.3862258127904,1874.3719768006736,1885.5865478515625,4318965
2015-02-20,1889.1600328128536,1898.6411414088864,1873.275556972964,1881.30615234375,516004
2015-02-23,1881.3056371915616,1884.1005993873416,1860.3268375111725,1873.5225830078125,569905
2015-02-24,1877.096127508659,1889.1598984874404,1868.0394462559343,1875.9993896484373,433596
2015-02-25,1885.6219683582297,1889.15972064408,1850.2444454997265,1857.0015869140625,587341
2015-02-26,1860.8579062924557,1864.4310710411169,1839.6313902510965,1855.3743896484373,1172341
2015-02-27,1870.6927951890016,1895.351000493744,1866.0584773663263,1890.9996337890625,1913808
2015-03-02,1911.801335273522,1914.2777618736168,1851.128883571189,1857.0015869140625,817814
2015-03-03,1852.4027581076548,1870.5867727544803,1838.2871591367964,1865.45703125,438209
2015-03-04,1892.6976803544933,1894.8203319586291,1846.706895598216,1855.3743896484373,456591
2015-03-05,1861.5654979315248,1865.6339135959515,1828.735221492712,1846.3177490234373,428419
2015-03-09,1838.2516819234536,1844.9734119325235,1819.9968437715092,1839.1007080078125,801602
2015-03-10,1832.626617093534,1857.6030115220944,1832.626617093534,1852.1549072265625,605928
2015-03-11,1847.131679014827,1859.4429904484543,1833.9711686614896,1848.617431640625,577880
2015-03-12,1857.178645193445,1873.1691833498496,1851.0936416058776,1869.59619140625,589703
2015-03-13,1891.954731658923,1891.954731658923,1843.239980630833,1846.7069091796875,293111
2015-03-16,1850.279904352401,1870.5865684382425,1839.6312351543943,1861.7421875,212151
2015-03-17,1871.4708801907564,1878.5463844636893,1861.600586278376,1876.0345458984373,503626
2015-03-18,1876.424181122615,1902.53272902566,1868.004398124572,1892.945556640625,547515
2015-03-19,1907.87443395206,1908.6882206392136,1877.8743630630945,1884.0654296875,382445
2015-03-20,1875.0088186968533,1882.084323673068,1841.895420859805,1846.67138671875,307523
2015-03-23,1853.747117708407,1872.178844967052,1841.6126942914684,1865.8817138671875,202857
2015-03-24,1872.0370148557329,1874.301141747005,1838.9944433944363,1843.23974609375,514291
2015-03-25,1858.7000563924253,1858.7000563924253,1833.2636462923167,1836.62451171875,401570
2015-03-26,1832.5912603851243,1852.2611994057047,1822.6147289481692,1842.28466796875,715178
2015-03-27,1833.970847742257,1842.4614535188416,1805.6688284869756,1822.756103515625,584370
2015-03-30,1825.5512414296545,1886.9312515842528,1812.3199079636688,1870.9759521484373,281366
2015-03-31,1874.3019127369769,1881.2005324610932,1854.2781922201384,1867.79248046875,493733
2015-04-01,1867.8979146534548,1889.1244297298972,1859.4427206963696,1879.1480712890625,375681
2015-04-06,1891.9198271085413,1894.8208541971555,1864.396172819083,1891.07080078125,365024
2015-04-07,1891.141013091888,1891.141013091888,1854.9144619991912,1862.5206298828125,359998
2015-04-08,1865.8108952975151,1869.4901237963768,1840.6928494943063,1843.7353515625,1053590
2015-04-09,1853.78246693454,1863.6527626967588,1841.2588565727,1847.839111328125,1041470
2015-04-10,1850.209185150788,1856.8955029709796,1822.296351874861,1828.2044677734373,654704
2015-04-13,1838.9236720200004,1838.9236720200004,1815.3267947424872,1825.9754638671875,420050
2015-04-15,1826.329372059035,1830.43319963325,1775.810333906514,1786.2467041015625,726309
2015-04-16,1780.338701317427,1783.0274280191568,1707.31951738501,1719.418701171875,1443068
2015-04-17,1719.206296762993,1726.423277555227,1685.9160100798022,1705.550537109375,1198446
2015-04-20,1705.904406093318,1717.4729268862889,1628.0030200696342,1638.934814453125,1710612
2015-04-21,1638.6871947718207,1660.444375790488,1622.7673062215763,1647.9561767578125,901340
2015-04-22,1655.668396545026,1712.9799948869693,1655.668396545026,1704.7723388671875,840590
2015-04-23,1707.1071115039056,1717.2959426754876,1669.1116829847504,1691.4349365234375,1012419
2015-04-24,1684.2885557740667,1696.635277469743,1645.4086902874722,1664.724853515625,1960963
2015-04-27,1669.8193275079575,1671.97739127196,1624.2531403794749,1639.3946533203125,2307119
2015-04-28,1633.7346218253454,1676.859803907657,1627.3666653089192,1666.671142578125,711394
2015-04-29,1667.2016465238082,1691.0460691004089,1655.7393604364368,1678.3809814453125,295438
2015-04-30,1669.8902928047892,1671.9421205127403,1645.0551968650536,1647.8145751953125,1052575
2015-05-04,1655.6683729417955,1697.9799325764543,1648.5928670745232,1690.7275390625,1647793
2015-05-05,1690.727209004652,1691.399347382462,1656.269536706109,1668.0147705078125,775073
2015-05-06,1664.8665694399813,1666.8831577559736,1633.380567595494,1646.045654296875,1488751
2015-05-07,1648.663800462945,1678.5930540710112,1631.1871616193844,1665.96337890625,1397408
2015-05-08,1633.734043284729,1637.8378705793248,1592.908415512811,1627.825927734375,1079192
2015-05-11,1634.441433282872,1701.4110099265097,1634.441433282872,1686.97705078125,887873
2015-05-12,1696.7061524350613,1766.824478290055,1687.6140591269916,1745.1025390625,2015463
2015-05-13,1759.5368372349635,1790.102988095981,1755.0084098255045,1771.52978515625,885648
2015-05-14,1768.8760391009853,1803.546009467365,1756.246195085084,1795.4091796875,512485
2015-05-15,1795.7279171458174,1808.145464077105,1781.9660932413185,1789.890625,309635
2015-05-18,1781.6124594192677,1802.838977998528,1773.8294026068722,1783.416748046875,812046
2015-05-19,1783.0274118624673,1846.317774929615,1783.0274118624673,1826.0111083984373,923546
2015-05-20,1832.5560134940847,1835.9168787697977,1822.6503053130357,1825.055908203125,688445
2015-05-21,1825.4806467137548,1850.2449190528948,1799.7965239965042,1841.3297119140625,531936
2015-05-22,1841.1174201345668,1846.707000579816,1824.136206336132,1842.072509765625,138833
2015-05-25,1842.3909533704991,1845.221155793737,1825.551387145712,1831.2117919921875,178329
2015-05-26,1833.1927283417883,1866.8722050413169,1832.0961631364307,1849.43115234375,428351
2015-05-27,1844.230464816089,1884.7377328424543,1835.8106825676025,1844.0889892578125,396976
2015-05-28,1846.990183564891,1888.0989462257028,1834.0421446116943,1870.33935546875,1494418
2015-05-29,1867.9336371334543,1913.924427441664,1856.6128272114331,1908.157958984375,701724
2015-06-01,1916.1361463258183,1958.995133645552,1891.2721690723376,1939.032470703125,510174
2015-06-02,1926.3313310389892,1926.3313310389892,1861.0410593490249,1866.47900390625,822000
2015-06-03,1860.3257905331288,1881.719467250244,1836.928651104585,1843.833251953125,555765
2015-06-04,1843.8692623501397,1853.8864023085805,1814.5333524718485,1823.0478515625,516562
2015-06-05,1824.5141539892916,1858.894434334206,1808.8803698895167,1844.333740234375,335801
2015-06-08,1855.8898310275447,1855.8898310275447,1794.5348499130555,1803.5501708984373,411130
2015-06-09,1796.6811211525992,1810.204188025954,1784.481642747731,1788.7388916015625,531218
2015-06-10,1799.5073680485882,1810.2400163669693,1789.4902296180992,1799.4715576171875,377088
2015-06-11,1811.670994519656,1823.119152462908,1788.7746786331518,1791.77978515625,410240
2015-06-12,1781.6195039836498,1806.37621435478,1777.4695119690937,1791.314697265625,332914
2015-06-15,1785.197339816602,1811.3134532047009,1775.895710390704,1793.103759765625,253983
2015-06-16,1791.851548120285,1827.8417324455932,1788.6317534433997,1819.684814453125,290025
2015-06-17,1835.2829516516776,1837.3936709865504,1799.507455518117,1804.730712890625,530660
2015-06-18,1806.6626975977813,1822.3681067052344,1801.7257486150008,1807.5928955078125,448303
2015-06-19,1813.245343557276,1846.2304232760555,1810.2402365995365,1825.587890625,374245
2015-06-22,1845.5861826792932,1852.4551476546924,1833.9949571327136,1847.1246337890625,271426
2015-06-23,1853.170574041801,1853.170574041801,1797.3608038583027,1801.2244873046875,350911
2015-06-24,1801.2960085477305,1822.4035486677533,1796.0013056458674,1803.80029296875,320799
2015-06-25,1810.2403810740277,1842.438332516056,1808.0938509778923,1826.05322265625,400609
2015-06-26,1824.5502959791693,1836.4278305250496,1803.8005082994064,1816.82275390625,200634
2015-06-29,1794.4989688470496,1828.8434467197203,1788.7748892016043,1814.3543701171875,355916
2015-06-30,1818.8261665539244,1827.412285357484,1790.205770542061,1805.5892333984373,325449
2015-07-01,1806.7340767023168,1813.7817442437831,1789.0608428318185,1803.5142822265625,401143
2015-07-02,1804.158301215624,1837.42951319521,1803.8005462481012,1809.0238037109373,423277
2015-07-03,1817.3946807444183,1849.556807578862,1810.239583576133,1843.6180419921875,271136
2015-07-06,1835.9985933934613,1878.1778714262657,1828.664616159524,1869.9136962890625,307013
2015-07-07,1878.213532223229,1888.2306710617531,1831.705387615797,1834.3885498046875,425371
2015-07-08,1824.2283140394725,1848.0904645707928,1800.616487163992,1824.4786376953125,510583
2015-07-09,1817.466959315786,1867.4452263119697,1817.466959315786,1863.724609375,418181
2015-07-10,1866.7656642617644,1873.7418870392853,1835.9987330378256,1839.9698486328125,401799
2015-07-13,1846.015485400152,1866.765271863952,1824.6218099201076,1860.46875,229719
2015-07-14,1867.4811329265092,1896.029912555844,1854.60195269943,1888.0162353515625,324900
2015-07-15,1895.3501168145383,1911.055525857575,1894.6704172740524,1902.00439453125,145475
2015-07-16,1901.8257326407247,1907.54981310014,1878.9294108030635,1895.600830078125,201208
2015-07-17,1898.2116034015569,1916.1351580205644,1889.8759844813308,1895.6715087890625,180187
2015-07-20,1908.1220705483968,1913.989217511796,1898.963507766844,1904.615966796875,165950
2015-07-21,1904.6157820139144,1928.2992301882005,1902.218928598173,1922.7540283203125,156870
2015-07-22,1921.8596881231845,1946.1154050799105,1910.6620274986435,1939.7474365234373,196253
2015-07-23,1939.032025039326,1953.3422244861108,1913.2736660351136,1944.469970703125,296483
2015-07-24,1931.877034690884,1966.7939582549016,1931.877034690884,1960.7835693359373,336553
2015-07-27,1967.2589035519795,1967.2589035519795,1856.74842073103,1863.9393310546875,453942
2015-07-28,1869.0553477296664,1882.828916413662,1789.5622847073637,1811.313720703125,614008
2015-07-29,1816.4648151937088,1846.7309166846696,1793.2823660051124,1838.7530517578125,412275
2015-07-30,1838.8602724883087,1879.8948313223175,1835.2827233200435,1846.265869140625,1025263
2015-07-31,1860.290085953873,1930.8036274636231,1849.915191531704,1919.49853515625,471113
2015-08-03,1900.3944724341336,1944.756090390051,1862.007432576945,1929.802001953125,861266
2015-08-04,1996.2722593323529,1998.991231396759,1870.0920414535988,1877.390380859375,1657551
2015-08-05,1886.7996508862325,1913.917406863028,1880.6820061596616,1907.5494384765625,404556
2015-08-06,1918.9973675064505,1918.9973675064505,1888.230444761194,1896.88818359375,247050
2015-08-07,1883.9733582742572,1910.0536589311985,1883.9733582742572,1904.580078125,175465
2015-08-10,1906.5480331265685,1953.2706968013197,1905.081202676283,1934.7032470703125,431904
2015-08-11,1938.3882232094893,1945.221204004926,1909.5531350889776,1923.5770263671875,682348
2015-08-12,1906.8340742119656,1929.7303933019407,1876.1029558704008,1885.2257080078125,347945
2015-08-13,1887.1573348183183,1920.4285447023192,1874.0634688947052,1893.596923828125,346709
2015-08-14,1905.402980325728,1947.7611340613748,1889.8048286139908,1940.784912109375,316094
2015-08-17,1944.755948086413,1946.294224528949,1889.6616846564443,1896.2801513671875,191264
2015-08-18,1896.960032124472,1915.20553669224,1885.4404262084036,1889.661865234375,142927
2015-08-19,1882.1847707527868,1938.280682056831,1871.9887537657023,1920.9295654296875,200364
2015-08-20,1896.101058298636,1906.3686942807883,1875.5659610193488,1881.14697265625,239882
2015-08-21,1871.0583570661083,1901.7894718178168,1813.817566027757,1828.16357421875,536661
2015-08-24,1797.3609877596443,1802.333746956763,1717.223873655711,1769.1341552734375,589441
2015-08-25,1770.994010860017,1802.1544975740692,1720.658001261941,1763.3739013671875,588828
2015-08-26,1750.8525856183446,1752.9991151470963,1693.64760861412,1712.0003662109375,1271762
2015-08-27,1730.10281648825,1730.10281648825,1691.6441620687945,1701.33935546875,937972
2015-08-28,1716.8661791403392,1737.9379128950077,1701.3396476729547,1716.2222900390625,318325
2015-08-31,1702.9136012871463,1727.9564483648985,1702.9136012871463,1715.2203369140625,358188
2015-09-01,1695.7589384745372,1713.932825156307,1683.631077206008,1705.6688232421875,367859
2015-09-02,1692.1808597483223,1709.925539641674,1645.9946622334078,1673.3629150390625,493940
2015-09-03,1685.7410184616915,1690.3918319676343,1656.476738736761,1661.6641845703125,260650
2015-09-04,1662.558802719372,1667.1021855798865,1621.0234198560138,1639.1258544921875,424019
2015-09-07,1645.6729378596513,1653.6151684337774,1615.049076078992,1631.7921142578125,257462
2015-09-08,1639.9487779617382,1665.4566373784432,1633.0083664998683,1655.1175537109375,174954
2015-09-09,1675.0090211640954,1695.6157454686986,1669.3565616629862,1677.3702392578125,208014
2015-09-10,1664.991450296709,1691.930326750018,1645.6726840062015,1680.446533203125,222191
2015-09-11,1681.520088347247,1694.2203906015768,1668.640908596378,1676.4757080078125,193787
2015-09-14,1674.2574214211018,1688.388742501925,1659.983033291658,1681.090576171875,116680
2015-09-15,1674.0787264932608,1675.4739360682756,1649.2863746535784,1653.2216796875,330037
2015-09-16,1664.4192746388765,1705.704165401517,1658.5521277606854,1694.578125,399414
2015-09-18,1702.054797413358,1750.494777366068,1699.443081755267,1737.6156005859375,753722
2015-09-21,1708.8522943433506,1751.4251325272796,1708.8522943433506,1734.1812744140625,239281
2015-09-22,1736.0059376775332,1752.8920416078863,1699.55074231071,1709.3173828125,380613
2015-09-23,1702.5918425136838,1721.9464228037868,1702.5918425136838,1717.9036865234375,362950
2015-09-24,1717.2241178591275,1731.4985084018174,1697.6192123875974,1704.1302490234375,391877
2015-09-28,1705.2032258132845,1709.997107394834,1671.2881250933249,1681.090576171875,325138
2015-09-29,1653.5433847088152,1696.1162239083717,1646.8176614992017,1666.6014404296875,460978
2015-09-30,1687.8877304883265,1723.162400912009,1653.1855028797277,1713.288330078125,431516
2015-10-01,1717.2238952840644,1769.2414341750346,1717.2238952840644,1725.8458251953125,541532
2015-10-05,1752.927315449186,1801.58197980364,1742.2662897514022,1790.2054443359375,383373
2015-10-06,1803.0852563498156,1826.6970870877296,1796.645666148566,1811.921875,295211
2015-10-07,1813.817702599964,1828.485656407972,1785.2331153599046,1817.931884765625,202418
2015-10-08,1818.110907329732,1832.9577398079264,1805.4464152853443,1818.540283203125,146872
2015-10-09,1835.2829157919768,1847.4465842397208,1826.6967968876863,1835.1756591796875,147737
2015-10-12,1836.714082772084,1857.82162676966,1820.2573535536355,1826.6611328125,98041
2015-10-13,1828.1277681291544,1834.281223054404,1806.6624714387924,1816.500732421875,178225
2015-10-14,1817.216423291016,1823.8348904296877,1783.6232655620097,1788.77490234375,184215
2015-10-15,1798.755795051604,1845.8721844247016,1788.7744684546287,1834.6029052734373,172463
2015-10-16,1839.1464376301035,1853.1705004807225,1830.8466282304687,1848.87744140625,137066
2015-10-19,1851.02371156366,1874.778600176685,1828.6640320173265,1868.947265625,183298
2015-10-20,1872.4892599949692,1880.2526116691092,1850.7020202025708,1864.76171875,369501
2015-10-21,1902.469206925953,1908.6942828160545,1853.170644594349,1876.639404296875,643276
2015-10-23,1885.547588788688,1891.0927908807523,1851.8113646445347,1857.4996337890625,205893
2015-10-26,1862.4004437198628,1883.937359211901,1858.6083814155304,1875.029296875,197884
2015-10-27,1871.022416982176,1891.808012724645,1850.8092640474288,1874.7073974609373,357084
2015-10-28,1881.7905839563248,1883.7940461309952,1856.926620917358,1878.96435546875,199328
2015-10-29,1871.8457962952336,1887.01457348319,1862.615612408156,1879.394287109375,265627
2015-10-30,1874.6364598983828,1881.5054267247156,1834.353206376527,1847.0177001953125,341083
2015-11-02,1842.58104318473,1849.1636992692831,1812.1718727047,1821.5809326171875,367201
2015-11-03,1829.5227226369116,1858.178924663936,1814.6758944941405,1847.98291015625,226406
2015-11-04,1860.326173471037,1884.7965828158333,1854.60209293728,1875.3876953125,223537
2015-11-05,1873.0979563995656,1902.2549894136484,1864.6907137513333,1888.0162353515625,229100
2015-11-06,1890.3772657582765,1913.9174729635347,1860.397469078444,1888.8389892578125,359043
2015-11-09,1863.9391510715825,1896.0296661560064,1857.5353722278933,1870.41455078125,138190
2015-11-10,1866.049820013079,1911.12694373272,1863.9749111761887,1905.9036865234373,218330
2015-11-13,1892.5237683331843,1896.1013179897689,1868.19643066841,1871.3446044921875,155474
2015-11-16,1871.0586055762628,1892.5239050666216,1846.0157561708445,1868.6973876953125,153495
2015-11-17,1862.5086685872732,1873.4916442112983,1842.4385746141672,1858.8594970703125,196186
2015-11-18,1853.170838885683,1863.5457335435367,1836.8213660508363,1842.3309326171875,165550
2015-11-19,1873.741900238428,1920.285862854872,1847.0533410517176,1852.956298828125,736910
2015-11-20,1860.3259996681093,1888.230889663131,1829.0582476106997,1833.744873046875,747678
2015-11-23,1840.291547057062,1908.2649906692009,1840.291547057062,1886.5491943359373,724326
2015-11-24,1889.661997614476,1908.1221914073972,1881.075877216379,1892.7745361328125,397339
2015-11-26,1867.480789146198,1939.0317772360904,1867.480789146198,1923.7913818359373,1400143
2015-11-27,1923.2905663020845,1942.1799573471108,1902.5049692553036,1935.0606689453125,300797
2015-11-30,1940.7849943505491,1956.4189571589773,1920.5360271460916,1931.2686767578125,604367
2015-12-01,1943.3247489728572,1944.433824175292,1910.5543629670176,1916.4215087890625,439761
2015-12-02,1906.7620716628849,1933.1644891395529,1899.3208393221803,1915.0262451171875,552538
2015-12-03,1917.9601367960968,1920.428611064817,1868.339454337378,1873.0618896484373,395343
2015-12-04,1869.627407120852,1884.903613673792,1862.5795645870053,1873.0618896484373,223767
2015-12-07,1885.1541028092856,1905.4746909816088,1867.0516654412652,1876.8184814453125,667088
2015-12-08,1871.0586758079987,1888.946426054729,1850.0583871443127,1861.6854248046875,231485
2015-12-09,1860.2902051326944,1863.7963089730736,1814.533375186744,1821.974609375,247209
2015-12-10,1836.4280527370936,1841.722756911689,1816.0716533021232,1823.3699951171875,295521
2015-12-11,1824.5503897606636,1834.424462101084,1800.6880628284018,1806.7698974609373,303901
2015-12-14,1802.9420212610908,1828.12793676404,1789.0968337446511,1814.3543701171875,178832
2015-12-15,1817.39552881716,1845.300420795061,1794.4992071942663,1837.2867431640625,203987
2015-12-16,1838.9319203779892,1871.3087408267288,1838.9319203779892,1857.0341796875,241774
2015-12-17,1860.325830427116,1908.2649960573533,1860.325830427116,1899.64306640625,254167
2015-12-18,1896.101263935686,1906.762291734366,1878.7501485958967,1891.199951171875,237868
2015-12-21,1906.83401627013,1935.4544142629277,1887.443626755991,1930.4100341796875,351826
2015-12-22,1930.410202976091,1932.5925434508763,1905.260095914796,1910.6622314453125,299012
2015-12-23,1914.2755895823343,1928.0135228048532,1906.762733775991,1916.279052734375,173603
2015-12-24,1916.386210098789,1933.808773167039,1916.386210098789,1929.301025390625,187156
2015-12-28,1936.88562902482,1941.5364441665488,1920.0711435124135,1938.602783203125,327048
2015-12-29,1936.8852894700576,1959.0660962574875,1932.2702855754865,1954.701416015625,283306
2015-12-30,1954.7733227216145,1955.453022285549,1938.5670910730744,1941.142822265625,196033
2015-12-31,1944.7205721857176,1948.2981225584667,1911.127409122618,1927.65576171875,913225
2016-01-01,1924.00610499251,1928.299164356569,1914.1320335181676,1921.8953857421875,141582
2016-01-04,1897.531907887034,1909.695573963233,1882.5778235850023,1887.3717041015625,254167
2016-01-05,1890.734961704018,1899.8219027418984,1867.5166997603087,1872.3822021484373,290015
2016-01-06,1863.331042559127,1876.782665030477,1840.971355833163,1844.727783203125,307058
2016-01-07,1829.4871176214483,1854.6015839447105,1795.965585006612,1803.156494140625,186980
2016-01-08,1806.7341061566467,1816.2146122675904,1778.0420894864933,1781.369140625,198609
2016-01-11,1770.994812999949,1806.663062544416,1753.142870348657,1792.6748046875,168536
2016-01-12,1788.774666768128,1796.0013862958815,1761.1559160392178,1765.305908203125,228350
2016-01-13,1774.6434118448226,1778.0420838360585,1732.0347627861108,1769.956787109375,237742
2016-01-14,1748.7065576077414,1770.207669490792,1730.1032963565954,1744.091552734375,312029
2016-01-15,1749.422261612556,1756.5415524436546,1724.5224742403166,1737.0797119140625,177133
2016-01-18,1744.4132427453733,1752.9993620697967,1700.874392797091,1742.6602783203125,285797
2016-01-19,1756.5764452779567,1788.0230640150778,1750.7451106594856,1776.4676513671875,232059
2016-01-20,1766.594185891821,1793.7835658285928,1757.113678413868,1780.546630859375,349976
2016-01-21,1777.3981730715932,1817.3592952899155,1761.94308970011,1767.23779296875,462839
2016-01-22,1784.4819165420606,1859.610465554457,1769.134262180825,1854.244140625,342135
2016-01-25,1863.903140308641,1867.480689522285,1783.837658781291,1806.805419921875,235464
2016-01-27,1813.8179837167456,1823.1554248421244,1770.8873805518524,1776.2178955078125,318370
2016-01-28,1778.042310951642,1794.4990405902286,1739.4763926726282,1745.5582275390625,373017
2016-01-29,1752.2837639460336,1849.593111392608,1747.6329495460134,1835.7479248046875,494944
2016-02-01,1831.7054429415189,1831.7054429415189,1793.9622936777823,1814.2470703125,246093
2016-02-02,1818.5401914857723,1825.087037771946,1794.9283627113043,1801.8687744140625,234228
2016-02-03,1788.7745965639826,1819.3984525941617,1768.0248112438403,1777.9346923828125,177259
2016-02-04,1781.7983898693976,1808.987763954344,1768.74033521018,1798.648681640625,247401
2016-02-05,1798.6489116303844,1852.455223867909,1792.352389258058,1849.414306640625,208803
2016-02-08,1846.0155961777443,1850.308655703739,1827.1262041373832,1837.6441650390625,200891
2016-02-09,1815.9640230355776,1857.4635948779985,1799.50729627048,1846.9814453125,120852
2016-02-10,1843.797595858537,1844.8352250766068,1820.9728973919675,1828.557373046875,177476
2016-02-11,1829.4160394316484,1833.4586011382687,1775.144534974974,1786.556884765625,181663
2016-02-12,1815.9285537119529,1815.9285537119529,1755.2176355529266,1781.083251953125,401230
2016-02-15,1797.3613538166014,1817.0020709346272,1777.2554503270248,1794.0343017578125,419156
2016-02-16,1803.800462093828,1836.7139175703517,1791.4937267222217,1797.7186279296875,248550
2016-02-17,1796.645381965401,1820.9727188777165,1744.4131585948417,1806.340576171875,303578
2016-02-18,1814.5331861510365,1880.2170327949316,1803.0850272478751,1873.026123046875,438531
2016-02-19,1872.48941774598,1939.3895937334653,1862.22178075517,1936.3128662109373,724742
2016-02-22,1931.161198891202,1952.4834286140397,1913.5595856704963,1933.7012939453125,273758
2016-02-23,1939.7478373992087,1940.8927234074488,1897.639999088828,1904.07958984375,305417
2016-02-24,1901.1816199958469,1901.8255090978184,1867.481030378219,1875.530517578125,219570
2016-02-25,1874.6357984735096,1890.6275134222828,1856.247230349152,1875.601806640625,293356
2016-02-26,1886.0485500213304,1896.0656900237648,1811.4208220661828,1828.4141845703125,455721
2016-02-29,1821.6882011877428,1835.21126839246,1768.0965796756757,1788.703125,733831
2016-03-01,1798.0759816700254,1918.8898714823376,1793.210480487361,1908.443359375,865407
2016-03-02,1942.6095723185392,2045.6430081984176,1935.5260934758185,2008.2218017578125,1278710
2016-03-03,2008.2217508946444,2038.4878568548047,2003.427869144772,2022.0311279296875,837426
2016-03-04,2007.1845464611424,2042.781171070872,1994.9850653010965,2029.0792236328125,516906
2016-03-08,2032.047982271683,2032.047982271683,2003.7853430816367,2010.2607421875,424372
2016-03-09,1999.850179657681,2024.8572158401864,1996.3084405734696,2015.233642578125,398021
2016-03-10,2032.048192687413,2039.2032919574397,2003.4277956073088,2012.300048828125,345359
2016-03-11,2000.2436258715852,2031.2966839497,2000.2436258715852,2012.979736328125,269758
2016-03-14,2029.186455106447,2029.186455106447,2004.0005368630136,2015.0909423828125,394258
2016-03-15,2017.701840360303,2030.4737602579096,2007.9710118199937,2012.764892578125,334127
2016-03-16,2004.858777524057,2029.150304149127,1976.596135942258,2002.21142578125,368182
2016-03-17,2014.2319650658503,2031.332581595548,2007.0052452890145,2018.5250244140625,247010
2016-03-18,2024.1056358890244,2031.3323548592173,1998.5261601277648,2025.6082763671875,296826
2016-03-21,2035.4062723627692,2048.7241200603985,2015.411427581644,2031.85009765625,237654
2016-03-22,2031.8503941666013,2082.6539098939843,1997.521697387378,2076.775146484375,837215
2016-03-23,2086.5727838205007,2115.3855969106703,2078.7708160201287,2083.9599609375,497247
2016-03-28,2072.0578911599146,2097.459651646989,2055.36530569698,2066.9775390625,453040
2016-03-29,2066.2510527995264,2090.2012757508382,2063.384319126399,2073.39990234375,222145
2016-03-30,2082.907985668859,2125.5466540219704,2082.907985668859,2121.990478515625,493207
2016-03-31,2119.594806825395,2167.0960486027902,2118.941689778841,2137.884033203125,1174177
2016-04-01,2127.2883678443486,2155.1213297270074,2121.4096045989986,2141.767333984375,348132
2016-04-04,2168.5842015148223,2168.5842015148223,2138.102094264614,2165.46337890625,421607
2016-04-05,2148.4440979521864,2186.7281706375943,2140.968689080164,2150.65771484375,544712
2016-04-06,2151.1657901953618,2183.8251898440767,2150.5851432083346,2170.94287109375,400657
2016-04-07,2163.068255793936,2168.1849305092724,2134.47320786962,2154.06884765625,222700
2016-04-08,2153.1982100559208,2153.1982100559208,2091.4355786236474,2116.111572265625,437469
2016-04-11,2121.4092091428533,2164.229306077314,2110.812978687036,2160.27392578125,284077
2016-04-12,2164.012436788471,2224.468667999228,2162.7786723124627,2214.634521484375,375312
2016-04-13,2207.376355030773,2302.1249438807336,2203.7838562717047,2284.742919921875,679366
2016-04-18,2289.7506645413077,2293.2706932274564,2210.0980109896827,2216.84765625,533669
2016-04-20,2220.8393051692647,2234.919065182809,2179.107847637489,2205.6708984375,461629
2016-04-21,2234.7015677256804,2234.7015677256804,2161.653263673578,2167.3505859375,239972
2016-04-22,2155.520380269759,2194.965748339692,2142.4566203893364,2175.15234375,437862
2016-04-25,2170.761130848014,2194.3484717883557,2146.2302608323475,2149.56884765625,306198
2016-04-26,2141.0053187405497,2151.674021670791,2116.2566779094977,2127.832763671875,711690
2016-04-27,2130.046149740826,2151.383732249465,2128.1592683632275,2140.9326171875,612714
2016-04-28,2143.0373788131224,2143.0373788131224,2095.5361293267283,2104.462890625,599466
2016-04-29,2069.880439341914,2115.6036047270964,2069.880439341914,2102.830078125,327927
2016-05-02,2099.6367693497214,2126.5263804197984,2094.556417678291,2107.874267578125,907434
2016-05-03,2148.263007683604,2148.299331347806,2077.174407444768,2094.1572265625,513082
2016-05-04,2095.6449371427184,2115.821225135439,2090.238027201489,2100.68896484375,200370
2016-05-05,2117.78069637554,2141.0051591185206,2087.5526774620653,2100.180908203125,575336
2016-05-06,2108.3459491941194,2108.3459491941194,2046.91005290974,2097.67724609375,565165
2016-05-09,2097.4588125425576,2141.004670242404,2091.6890218350377,2136.39599609375,463156
2016-05-10,2135.1993881379417,2154.758708074221,2127.2159777812058,2146.66650390625,624326
2016-05-11,2126.489791978226,2162.778013684339,2119.268471296426,2149.3876953125,444072
2016-05-12,2154.0323838519266,2160.45546957286,2139.154213870816,2141.730712890625,321613
2016-05-13,2133.1667999966207,2139.480915167328,2099.6365184102947,2113.861572265625,258773
2016-05-16,2111.974458410327,2111.974458410327,2081.8915586930225,2105.15234375,201544
2016-05-17,2116.111268320449,2147.5369029119624,2108.3093008630976,2128.267822265625,337208
2016-05-18,2113.4626637113174,2115.603633666157,2075.360025369131,2089.076904296875,329258
2016-05-19,2090.818385555319,2113.6436398746846,2081.4559187376835,2098.402587890625,270747
2016-05-20,2102.539542109265,2111.974479647208,2083.92375545791,2102.32177734375,210703
2016-05-23,2106.168167742628,2108.1276960722844,2082.217943919228,2095.680908203125,434783
2016-05-24,2093.6127915616044,2109.7973751471677,2087.4801170509254,2104.281494140625,326874
2016-05-25,2133.747638034845,2133.747638034845,2108.454674239162,2124.494140625,207802
2016-05-26,2126.453471959484,2169.3098973054944,2116.329093523861,2149.859375,947812
2016-05-27,2149.7505307321644,2184.5872228116814,2149.7142070735326,2179.107666015625,400079
2016-05-30,2185.276319344608,2255.3125746806268,2179.470204912606,2248.054931640625,505377
2016-05-31,2261.482177001132,2270.917115480276,2227.371245576532,2249.071533203125,454647
2016-06-01,2267.070080607916,2273.493166026032,2228.604569787281,2241.958740234375,668248
2016-06-02,2228.0969051063,2285.432297778416,2220.8392604642595,2282.021240234375,647509
2016-06-03,2284.669990034017,2330.5382643247967,2250.377622396812,2283.39990234375,471630
2016-06-06,2259.087366310036,2289.0614788166004,2245.551927806938,2259.486572265625,295814
2016-06-07,2265.1109333142786,2284.8516916561657,2257.127524065173,2271.425048828125,186770
2016-06-08,2271.279743398592,2307.5679642549367,2256.474220164635,2300.745849609375,279323
2016-06-09,2297.044431585456,2298.459636792792,2230.999868149665,2240.217041015625,231424
2016-06-10,2220.839611500244,2260.067222428683,2219.4244060090705,2227.734375,424043
2016-06-13,2206.324057980756,2220.113583343136,2189.631474647349,2203.74755859375,466997
2016-06-14,2206.3237927779114,2206.3237927779114,2175.3336880999627,2181.502685546875,271185
2016-06-15,2189.087176708889,2241.741426707812,2189.087176708889,2223.742431640625,490270
2016-06-16,2217.210707402058,2220.803206498424,2186.293066596882,2192.353271484375,213164
2016-06-17,2201.17134506127,2217.210813309596,2189.087435563034,2199.35693359375,189376
2016-06-20,2191.808530064412,2244.063567867272,2182.409916341752,2210.42431640625,310714
2016-06-21,2210.4244028294206,2230.9998956441887,2202.7314060541435,2215.795166015625,256751
2016-06-22,2220.1137929840656,2234.6290842098524,2194.71203333894,2231.435791015625,269664
2016-06-23,2230.9998143083917,2236.987370739115,2203.4934138232866,2223.306640625,147872
2016-06-24,2177.293225761136,2232.741555701756,2144.30726882857,2219.931884765625,272500
2016-06-27,2193.986274929221,2237.85870734445,2193.986274929221,2215.033447265625,241872
2016-06-28,2224.541185171645,2231.0004193489617,2187.0916602823995,2192.099365234375,258231
2016-06-29,2202.658835114424,2296.6090099908706,2202.658835114424,2290.911865234375,482345
2016-06-30,2289.8227039667568,2341.3156459246934,2278.8635920952224,2306.660400390625,779661
2016-07-01,2314.244982190937,2320.9946267684118,2293.415578670475,2312.32177734375,220573
2016-07-04,2315.1522347540485,2315.1522347540485,2281.331718238961,2293.2705078125,154736
2016-07-05,2289.1695505838065,2293.2339018137395,2252.8088630110765,2257.925537109375,198345
2016-07-07,2267.287918261085,2276.396296648279,2246.24075128619,2251.8291015625,187459
2016-07-08,2260.756261758391,2307.205186558563,2259.37738017882,2299.07666015625,263607
2016-07-11,2317.003218362644,2358.734678051242,2315.261454398908,2354.779296875,273846
2016-07-12,2336.96102588894,2363.850628410248,2336.96102588894,2357.4638671875,152712
2016-07-13,2365.9923840217293,2369.584883032139,2336.96180262269,2355.759033203125,255629
2016-07-14,2346.759251889039,2377.894474629207,2328.2522591804664,2366.7177734375,340937
2016-07-15,2355.831029797633,2390.413629461291,2344.291447754454,2354.4521484375,449411
2016-07-18,2361.129668762491,2391.3940127885908,2351.476965534153,2358.516845703125,331549
2016-07-19,2365.9923860945923,2369.9114437114536,2328.361424047676,2345.09033203125,215875
2016-07-20,2357.282734858026,2383.120017975125,2348.53723853514,2377.059814453125,179688
2016-07-21,2391.357533695159,2400.066707075512,2365.9921016625976,2370.564453125,286086
2016-07-22,2370.963717657266,2383.083948807012,2360.29483825156,2366.609130859375,191968
2016-07-25,2359.6784573978384,2383.374600491263,2355.396339984624,2380.544189453125,286464
2016-07-26,2380.7252420191185,2383.2654176808064,2300.9274734560977,2329.776611328125,308683
2016-07-27,2333.9858952339905,2372.378942125891,2312.9750492018657,2325.821044921875,193404
2016-07-28,2325.349158351304,2344.2190329196974,2288.58926203869,2320.486572265625,815023
2016-07-29,2304.3024646454733,2354.380218995249,2304.2298173144486,2324.732666015625,311185
2016-08-01,2337.4693945160884,2357.645680505769,2325.5306054365437,2333.368896484375,359479
2016-08-02,2340.518146115773,2380.072316113609,2319.2533854641624,2367.226318359375,318424
2016-08-03,2376.6246174882344,2401.554698607605,2337.1431000879843,2344.945068359375,223515
2016-08-04,2364.5402542898605,2398.6511787685663,2358.516374742079,2377.82177734375,275614
2016-08-05,2387.7651741381,2515.6448419475337,2381.342087520679,2499.49658203125,492860
2016-08-08,2518.4027737272254,2580.8185197043267,2472.389376056754,2509.221923828125,1381689
2016-08-09,2503.850927711276,2536.2925618782674,2464.8774137581017,2476.1630859375,715044
2016-08-10,2495.178353066065,2495.795323767016,2392.9182058068304,2407.57861328125,378538
2016-08-11,2408.812465935113,2445.826456824745,2386.9307363140365,2398.54296875,468412
2016-08-12,2405.9095968477586,2442.1615023942118,2395.023128083741,2402.97021484375,346122
2016-08-16,2408.6672640340616,2409.4293521986783,2380.507565926239,2388.708740234375,439664
2016-08-17,2400.1035469535027,2488.646828697781,2395.0231947222737,2437.661865234375,873225
2016-08-18,2442.197320015821,2478.4128943911423,2432.9438234838144,2444.701171875,742327
2016-08-19,2449.45522885198,2454.390462973017,2424.1985883878747,2436.935791015625,568356
2016-08-22,2440.8913058349435,2442.8871583529326,2400.1033734504954,2421.513427734375,335519
2016-08-23,2420.42488285988,2420.4612065267315,2391.430623224064,2400.756591796875,264550
2016-08-24,2395.022685897931,2414.908560959952,2384.1362191438493,2402.788330078125,362562
2016-08-25,2405.9816101108786,2417.230958202384,2385.58755979214,2398.361083984375,461761
2016-08-26,2408.086701407865,2418.9731693165804,2393.208528599287,2398.54296875,381414
2016-08-29,2416.795187052361,2481.243094144801,2380.9425004982377,2476.307861328125,297321
2016-08-30,2495.105603345841,2529.289180796751,2481.461373045357,2523.845947265625,284628
2016-08-31,2539.413274595053,2600.196042201119,2524.208546076384,2570.185791015625,651174
2016-09-01,2583.721821736608,2609.123581219974,2559.263591614633,2574.722412109375,344769
2016-09-02,2612.7522108077933,2622.912913849824,2577.770397200809,2596.567626953125,313570
2016-09-06,2608.3973265974137,2649.0401341348247,2605.639386362516,2623.34814453125,241459
2016-09-07,2626.14263922349,2633.799490485024,2594.753323168522,2617.723876953125,218447
2016-09-08,2615.69184462275,2714.3595028792606,2613.659668380732,2688.050537109375,528176
2016-09-09,2683.8769286364645,2688.558073888229,2588.4752273869826,2628.13818359375,379882
2016-09-12,2569.2066708273587,2580.093139771542,2534.3699702059707,2563.981201171875,400987
2016-09-14,2576.4637098372787,2619.86445790831,2559.3355985246185,2605.639404296875,297674
2016-09-15,2612.0834654062683,2617.941796699582,2565.65626141959,2580.192138671875,203782
2016-09-16,2605.493052839537,2667.737827851161,2578.1418948951195,2627.974365234375,579506
2016-09-19,2646.4282083768903,2648.5153106868456,2600.5868672604497,2609.923583984375,188824
2016-09-20,2604.7607166848825,2612.7061505187858,2533.765095572423,2538.4150390625,504747
2016-09-21,2555.6972531955857,2572.539957156473,2501.983601877045,2533.2890625,620151
2016-09-22,2577.4464772078927,2619.3701675415027,2563.8990838249792,2591.250244140625,449341
2016-09-23,2598.096823021643,2603.2961639477107,2574.004505281632,2586.563232421875,443638
2016-09-26,2576.201224281412,2587.405318801759,2526.771553264074,2538.1220703125,263475
2016-09-27,2562.837430321328,2562.837430321328,2517.032556714601,2527.3212890625,277573
2016-09-28,2528.968733412726,2550.93747874424,2522.378109813272,2527.504150390625,419623
2016-09-29,2554.964978986067,2563.02018528267,2495.319873573552,2510.478271484375,422908
2016-09-30,2504.5469754025303,2523.403483584356,2481.0771732931803,2499.82373046875,366861
2016-10-03,2516.446830640222,2592.31231335755,2516.0806848332504,2578.508544921875,387724
2016-10-04,2631.8556774479925,2631.8556774479925,2574.2974934567383,2588.174560546875,393212
2016-10-05,2605.383231369091,2605.383231369091,2552.7680186795114,2556.612548828125,217243
2016-10-06,2569.610702146821,2579.240263216837,2531.3118234943413,2544.16357421875,263421
2016-10-07,2547.276086600424,2557.345095135929,2524.0624808604443,2544.127197265625,302391
2016-10-10,2552.768122359665,2570.343118038562,2544.8959888784934,2554.855224609375,140961
2016-10-13,2559.285297632205,2577.6658844002823,2538.854437845392,2563.4228515625,562162
2016-10-14,2566.754746936101,2575.468943386388,2542.625601441117,2549.5458984375,293741
2016-10-17,2549.8394002750606,2555.734383524943,2482.688295019074,2493.819091796875,438192
2016-10-18,2493.379219608953,2516.007133890362,2475.2185337057904,2496.711181640625,561947
2016-10-19,2500.116105196896,2502.97197010402,2455.885597987836,2461.927001953125,422571
2016-10-20,2480.2711535288704,2494.184691148312,2457.789841658086,2461.9638671875,260349
2016-10-21,2471.3376157469283,2471.3376157469283,2448.4901546159213,2460.389892578125,208175
2016-10-24,2469.2135312745454,2469.2135312745454,2438.5672405851888,2442.082275390625,286652
2016-10-25,2443.656194302044,2464.1603517609765,2440.068038259557,2457.240234375,469396
2016-10-26,2474.4131427993248,2525.6735512029804,2467.822518861712,2503.741455078125,604984
2016-10-27,2522.012391629969,2526.4061414411717,2417.441110366933,2426.55810546875,843799
2016-10-28,2429.670053086019,2470.75168039922,2428.315420992888,2454.531494140625,636796
2016-11-01,2475.1454872268782,2481.736111305293,2454.751095649158,2467.968994140625,342276
2016-11-02,2451.711920071517,2460.462767661827,2431.207758254909,2436.260498046875,273343
2016-11-03,2439.2630281559864,2490.523434031375,2431.5006666105846,2474.046875,544379
2016-11-04,2474.4129996068978,2474.4129996068978,2380.679686807347,2407.701171875,379887
2016-11-07,2423.884685319128,2477.012465462224,2390.931570261919,2459.47412109375,359829
2016-11-08,2479.5392858681203,2479.5392858681203,2434.4300531002573,2469.61669921875,185356
2016-11-09,2341.1719282541058,2381.3746489710343,2226.1655442339006,2369.621337890625,649901
2016-11-10,2425.349701689549,2425.349701689549,2295.7340926318648,2303.349853515625,533361
2016-11-11,2278.195177864342,2292.072064029125,2170.511692582213,2178.78662109375,629937
2016-11-15,2177.8349213145984,2183.327107565392,2100.248672634812,2117.67724609375,912774
2016-11-16,2146.3462880732623,2207.8587712524345,2117.8235712126725,2130.638671875,824067
2016-11-17,2137.5588098771564,2148.799555501546,2086.664552499129,2105.66748046875,547715
2016-11-18,2120.7159054370486,2156.5248835705806,2101.676328937959,2149.568115234375,522917
2016-11-21,2155.097518485873,2160.260209998396,2120.057472857379,2142.575439453125,539966
2016-11-22,2152.973652243312,2207.8588642057034,2147.810961431286,2195.190185546875,581489
2016-11-23,2218.842817185945,2218.842817185945,2193.212619627691,2206.760009765625,545682
2016-11-24,2196.801184120104,2247.182874727536,2177.651833040592,2234.9169921875,802548
2016-11-25,2237.1504669967508,2266.2224029391105,2217.3785970756667,2230.523193359375,412734
2016-11-28,2229.8274165277803,2285.92101188496,2229.8274165277803,2274.7900390625,318534
2016-11-29,2267.9065905195407,2330.956955039717,2251.210309924942,2316.4208984375,604746
2016-11-30,2314.772596627381,2324.475455502836,2295.366878876471,2318.470703125,453803
2016-12-01,2314.7734067804745,2366.766102725243,2303.056742905597,2336.33935546875,504138
2016-12-02,2306.791625419486,2350.6191663205345,2306.791625419486,2331.35986328125,309774
2016-12-05,2307.523473962362,2390.9313918941693,2307.523473962362,2361.163818359375,333118
2016-12-06,2371.8920123985977,2375.0409013977805,2335.8999590551853,2341.09912109375,349581
2016-12-07,2349.2642038497306,2379.947143198439,2345.3097228656256,2363.983154296875,401164
2016-12-08,2379.2150668906665,2436.5901770279715,2377.0181924060025,2428.461669921875,379921
2016-12-09,2438.5309094305985,2440.727784123779,2391.627598974766,2399.975830078125,270444
2016-12-12,2383.6092397171496,2390.9321559682007,2341.9419177615227,2352.4501953125,253384
2016-12-13,2344.0650213097424,2372.624388954566,2344.0650213097424,2351.168212890625,266234
2016-12-14,2355.0494600332163,2361.6034331907563,2296.4661401318926,2313.748291015625,396905
2016-12-15,2297.418323876489,2343.2231962509954,2281.893778716792,2320.96142578125,256479
2016-12-16,2332.9711063213267,2332.9711063213267,2281.857120369624,2290.53466796875,285244
2016-12-19,2290.5344033775627,2306.864538814297,2259.8514624865816,2275.33935546875,197038
2016-12-20,2281.8207304880443,2281.8207304880443,2229.8646748362157,2240.04345703125,245871
2016-12-21,2244.80310708703,2273.0329822329777,2207.8590339666325,2212.802001953125,270789
2016-12-22,2202.000849135213,2226.825462951821,2184.8652971463143,2195.99609375,210029
2016-12-23,2196.874781665964,2236.4551780720712,2189.5885160631974,2226.23974609375,149050
2016-12-26,2226.97195300935,2233.415975764841,2178.7504818725024,2202.440185546875,143439
2016-12-27,2193.213490218729,2231.5855011390813,2166.1186991876457,2222.468505859375,140004
2016-12-28,2218.8431487632656,2233.4889781280394,2193.9452388431496,2198.046142578125,194508
2016-12-29,2199.071173259553,2236.4180363418827,2177.8713720310006,2223.4931640625,253287
2016-12-30,2226.165830979747,2243.008532990449,2216.6460428867417,2228.838623046875,240182
2017-01-02,2227.63079586757,2247.366016504518,2191.4190160895896,2219.24609375,213654
2017-01-03,2180.764262041024,2208.7011134955587,2169.4503932143266,2187.025390625,454277
2017-01-04,2196.1419545062718,2209.542923162809,2175.63779487767,2200.46240234375,396816
2017-01-05,2222.4310071297405,2258.240162389238,2206.3572473158874,2249.416015625,383925
2017-01-06,2259.119025665984,2284.0169338905034,2234.953408859832,2246.340576171875,266915
2017-01-09,2246.6698251782523,2275.8881780541524,2213.753365288719,2219.904541015625,211629
2017-01-10,2237.150911628596,2250.185738294021,2211.117908635378,2240.080078125,178876
2017-01-11,2249.5626039481426,2264.245082754114,2223.236763014712,2258.56982421875,379710
2017-01-12,2270.104048789484,2279.001320564627,2248.1352999302308,2257.801513671875,322348
2017-01-13,2267.4667732604444,2269.3708022065493,2212.508452683124,2230.962158203125,168219
2017-01-16,2231.2924516859384,2268.5660217191385,2216.353774917071,2264.0625,297394
2017-01-17,2263.5125876233915,2310.122861048198,2249.4159789816085,2294.012451171875,224536
2017-01-18,2307.4509785679493,2312.979816256522,2252.6024057473437,2259.888671875,260704
2017-01-19,2266.295870205263,2278.12230694056,2245.2058383159315,2271.82470703125,277092
2017-01-20,2270.067192259196,2285.0425189482694,2229.2785880051456,2233.9287109375,330431
2017-01-23,2233.8548826902265,2275.2293461788345,2233.8548826902265,2267.760009765625,621509
2017-01-24,2287.312407769596,2300.859799971849,2259.119186159502,2295.22119140625,706800
2017-01-25,2302.9835464476123,2398.9503865964534,2285.4818505054486,2378.080078125,1050202
2017-01-27,2377.01821452914,2393.091977235108,2344.065096952488,2354.939697265625,532124
2017-01-30,2354.316967930359,2355.012609038493,2311.660991761792,2339.451416015625,488948
2017-01-31,2336.009588619192,2357.1362672265905,2307.084078039112,2323.084716796875,273410
2017-02-01,2325.0253781619085,2419.8937722619103,2320.9977751446204,2407.00537109375,628791
2017-02-02,2390.9317979033585,2405.5776282121083,2361.6401372858595,2364.38623046875,354323
2017-02-03,2363.837042285704,2368.889782294473,2344.0651711141686,2353.5849609375,343388
2017-02-06,2383.389016744733,2403.9664786085364,2366.766036096637,2394.922607421875,362269
2017-02-07,2401.000912512832,2401.000912512832,2363.178125579232,2387.1240234375,217985
2017-02-08,2372.6976985103965,2401.1837656013663,2350.6556534249426,2359.845947265625,541782
2017-02-09,2405.5774111418928,2430.621742953527,2362.189142767416,2391.0048828125,585465
2017-02-10,2398.328010077485,2405.4312020100124,2373.356797926172,2393.568115234375,233552
2017-02-13,2391.6642571789585,2401.7699165572653,2354.3906879415285,2362.775390625,385934
2017-02-14,2365.30134863007,2368.99945615447,2303.1663485007443,2316.201171875,420128
2017-02-15,2316.201117028473,2319.8625741377937,2263.1832895983503,2268.529052734375,513046
2017-02-16,2277.426723625651,2312.1372716304427,2232.903361568121,2288.00830078125,403866
2017-02-17,2281.0879635395995,2292.072335755681,2249.8191530542404,2260.730224609375,517754
2017-02-20,2269.2250037838467,2287.202796402626,2255.4578874159247,2271.6416015625,197887
2017-02-21,2284.017208172564,2297.198455286096,2262.780754489652,2288.996826171875,414204
2017-02-22,2283.3584255722785,2325.7580361414803,2277.426792317381,2318.58154296875,433415
2017-02-23,2319.167286455054,2343.186484508833,2305.40016986966,2326.30712890625,629689
2017-02-27,2325.465025881861,2352.04706507169,2311.880982409245,2325.6845703125,392987
2017-02-28,2327.9545555047443,2329.2727158915213,2292.8412156913446,2298.00390625,221558
2017-03-01,2311.771322747056,2341.8685795695737,2306.718582127629,2327.33251953125,452809
2017-03-02,2344.0649345406323,2389.430354171528,2336.009728580012,2364.788818359375,581211
2017-03-03,2357.9787408152147,2406.3099820865827,2344.065201661336,2396.680419921875,226645
2017-03-06,2396.790243141202,2439.995444591044,2396.790243141202,2431.0615234375,391280
2017-03-07,2431.134555264681,2431.134555264681,2401.916195014994,2420.552978515625,225124
2017-03-08,2420.589755604988,2436.297373836683,2383.7921046538004,2396.570556640625,304333
2017-03-09,2414.950302759704,2415.609293421756,2388.1483694686285,2408.506103515625,295827
2017-03-10,2412.827436540684,2437.7986507360497,2408.2141426484973,2424.654052734375,227655
2017-03-14,2466.90676488671,2478.037558911748,2449.954289725815,2458.6318359375,1078387
2017-03-15,2442.1921402671155,2498.578585484677,2442.1921402671155,2490.5966796875,813831
2017-03-16,2513.5960131135894,2523.2722784883235,2486.837454056067,2492.010498046875,745130
2017-03-17,2504.664410075104,2511.3633639207724,2488.363695072277,2490.5966796875,299456
2017-03-20,2490.5960908773,2508.3854580846305,2476.118765334634,2486.24169921875,121894
2017-03-21,2480.8460064700525,2500.9056160528035,2476.752201178848,2482.111328125,149569
2017-03-22,2450.3282576892216,2487.91682907844,2450.3282576892216,2467.150146484375,406454
2017-03-23,2482.1859353194936,2515.0852082996503,2471.2070934069693,2506.450927734375,213622
2017-03-24,2512.070366372692,2515.8292600432374,2485.8327979062647,2512.293701171875,230244
2017-03-27,2515.084974039611,2527.7013006164348,2456.2830465613247,2488.43798828125,296970
2017-03-28,2486.8007654226008,2500.9057498820257,2465.21524545934,2476.3056640625,338652
2017-03-29,2478.873435055418,2484.455896423669,2366.9636201382555,2400.01171875,1247758
2017-03-30,2383.33918614098,2433.95350989413,2383.33918614098,2405.408447265625,627310
2017-03-31,2381.849537175079,2402.6907206253613,2381.849537175079,2398.1875,582578
2017-04-03,2398.820925599613,2430.2687916077566,2375.7467517238165,2383.450439453125,370011
2017-04-05,2403.3983488374656,2406.412914195685,2374.853473255185,2380.398681640625,427222
2017-04-06,2373.662636540533,2396.476223247016,2363.242041710941,2386.53955078125,441769
2017-04-07,2379.096532125548,2407.0831665906844,2379.096532125548,2393.23876953125,332878
2017-04-10,2408.645802259976,2408.645802259976,2370.685068046361,2381.4033203125,291127
2017-04-11,2375.895438095652,2399.713938728189,2372.211050123203,2383.487548828125,169115
2017-04-12,2389.293299884998,2406.226764860818,2382.147677140973,2401.984130859375,289874
2017-04-13,2402.691330232885,2415.6798204415745,2390.037751356193,2400.086181640625,229218
2017-04-17,2384.083144271241,2415.344927617914,2384.083144271241,2411.73486328125,206525
2017-04-18,2418.322137131925,2425.802671314847,2393.9453904433844,2401.388671875,427228
2017-04-19,2410.134615008985,2410.134615008985,2366.219252968982,2381.6640625,235606
2017-04-20,2375.151710991962,2395.248575986253,2366.964099327621,2380.65966796875,158153
2017-04-21,2395.248026742057,2395.248026742057,2375.895494518535,2384.23193359375,132297
2017-04-24,2394.5038522776986,2395.248180487919,2371.801841865989,2385.125244140625,109307
2017-04-25,2406.4131040111315,2465.9221080832167,2383.4134350001004,2460.153564453125,601198
2017-04-26,2471.169382029944,2477.124007046884,2434.6973038011893,2465.996337890625,294063
2017-04-27,2470.7968271186623,2503.919423535828,2434.7341714086087,2456.8779296875,823678
2017-04-28,2469.6805277368785,2486.0557452203657,2447.350685713941,2470.127197265625,259906
2017-05-02,2469.3831769291623,2522.304800086109,2460.079074926808,2495.695068359375,248508
2017-05-03,2506.8973315100698,2519.067170044625,2493.4994241563936,2513.22412109375,228007
2017-05-04,2512.1077224119613,2533.618735109646,2498.7843200688044,2527.47802734375,200910
2017-05-05,2522.714406610419,2540.2806252000287,2493.611100670374,2513.261474609375,190683
2017-05-08,2513.2618551370806,2539.648258050808,2506.860558820621,2531.646728515625,99666
2017-05-09,2545.5652037435107,2561.9776769782397,2438.679782731199,2443.145751953125,501840
2017-05-10,2435.59097955141,2482.260326709685,2430.2318522397827,2474.03564453125,424465
2017-05-11,2512.107133570619,2593.2016371383343,2452.672466922152,2576.71484375,987725
2017-05-12,2589.517577573504,2645.193358327682,2578.278150064468,2636.0380859375,607136
2017-05-15,2635.666304565304,2648.3198846775917,2608.5728292484755,2616.648681640625,215587
2017-05-16,2627.1062120684555,2703.251018350159,2598.5240837244723,2694.021240234375,372398
2017-05-17,2690.74652511673,2742.067919728816,2675.897213417706,2713.783447265625,338342
2017-05-18,2679.5811904775333,2708.609986707707,2662.498896732385,2673.663818359375,294013
2017-05-19,2677.3485288401957,2721.2638925325978,2630.2697703055437,2658.479736328125,270446
2017-05-22,2677.1623283495965,2713.0761623227304,2643.072062037168,2651.6318359375,255829
2017-05-23,2675.040951966841,2693.7236618233524,2642.365017815115,2668.41650390625,199447
2017-05-24,2668.416324560029,2688.736518689528,2625.39412264836,2655.465087890625,256025
2017-05-25,2655.4649111468343,2713.2619134406923,2625.35669515818,2698.822021484375,253648
2017-05-26,2699.008327494358,2724.3154841263886,2683.749600701516,2693.27685546875,193039
2017-05-29,2695.882232624405,2737.974028643155,2672.5476526064813,2728.558349609375,211133
2017-05-30,2724.2412512824344,2789.74213382693,2724.2412512824344,2784.048095703125,347224
2017-05-31,2780.0653139489627,2800.16217164016,2769.7935503404296,2787.843505859375,424001
2017-06-01,2785.2760124673337,2839.61196888372,2760.5643535645786,2778.837646484375,451621
2017-06-02,2797.7809244091227,2871.2460827153955,2791.230799788136,2865.4775390625,570351
2017-06-05,2865.663601659159,2888.402864764528,2844.264165672744,2854.46142578125,181146
2017-06-06,2861.197358749136,2861.197358749136,2817.319251415275,2828.40966796875,119591
2017-06-07,2831.31294539621,2870.1668417663755,2831.31294539621,2860.639404296875,426059
2017-06-08,2863.4303195249217,2872.362257095574,2812.257760526393,2816.87255859375,256253
2017-06-09,2825.693089868304,2828.8192318622205,2795.398969460238,2813.635009765625,302560
2017-06-12,2811.3273633161893,2821.0036290623134,2798.934372568102,2808.5361328125,182605
2017-06-13,2813.560824033977,2817.543052915031,2785.462432206654,2793.091796875,212476
2017-06-14,2801.651416766898,2834.4018584081687,2792.012402673448,2820.296875,374661
2017-06-15,2818.0263486011754,2843.33350545602,2798.673816888648,2811.848388671875,163019
2017-06-16,2826.958386559932,2826.958386559932,2797.036430502893,2816.202880859375,229485
2017-06-19,2821.0037396668067,2853.754178860828,2821.0037396668067,2847.39013671875,176591
2017-06-20,2850.0328593863164,2863.3562623269,2814.3051035099666,2826.21435546875,235259
2017-06-21,2832.168815315754,2835.741627037964,2795.6967333313987,2805.55908203125,253054
2017-06-22,2806.117616270772,2819.738860142182,2767.077634319594,2776.865478515625,272211
2017-06-23,2772.622500545299,2776.3813942391816,2716.7978864403603,2724.315673828125,371113
2017-06-27,2736.1500989162,2762.7225757742603,2706.823644428948,2750.441162109375,365879
2017-06-28,2739.8720277370285,2771.5804808604257,2729.488685980952,2745.417236328125,496312
2017-06-29,2754.014729831555,2780.773296065087,2740.616820335077,2766.1845703125,384888
2017-06-30,2768.9229911752277,2787.495035628232,2750.1633503136063,2777.43994140625,205581
2017-07-03,2767.4222027340184,2840.397205232902,2754.9657279993494,2833.53125,249649
2017-07-04,2854.504218743302,2854.504218743302,2771.6615432147278,2778.9404296875,474327
2017-07-05,2776.8018532706783,2789.708448674064,2774.0254632501205,2783.742919921875,142509
2017-07-06,2788.470595654341,2810.194223304044,2782.4299546091843,2795.44921875,161483
2017-07-07,2791.4343425394554,2793.460346954604,2756.1662204697363,2762.656982421875,182590
2017-07-10,2776.4265245996385,2806.441946487202,2771.2863103215545,2799.6884765625,39171
2017-07-11,2802.690488207643,2819.424125352797,2802.690488207643,2812.670654296875,227102
2017-07-12,2820.6618011587925,2834.1687414161456,2782.1669847854164,2790.496337890625,232681
2017-07-13,2800.589205017675,2827.453047148017,2799.7638907463984,2814.658935546875,384727
2017-07-14,2825.2014708269808,2848.463421848398,2804.941061872843,2819.986328125,187230
2017-07-17,2819.987132864415,2840.209991673789,2804.979418245267,2824.714599609375,131553
2017-07-18,2817.697761522167,2850.714725971428,2817.697761522167,2839.42138671875,224796
2017-07-19,2841.710529362336,2847.713614716151,2819.724192614062,2829.441650390625,464119
2017-07-20,2830.4921453973448,2842.4232036054805,2788.8081871123018,2798.86328125,374090
2017-07-21,2798.22560281808,2807.19267456121,2757.6672224037547,2762.919921875,427736
2017-07-24,2770.4235293293077,2795.411405494327,2762.957229534551,2770.648681640625,236050
2017-07-25,2795.1863872341914,2813.946027416971,2776.4267470514114,2783.2177734375,433381
2017-07-26,2787.6825879583034,2810.531793526545,2766.6717905255086,2789.52099609375,366612
2017-07-27,2797.212314810245,2820.6994203131085,2762.9197301390973,2779.090576171875,452512
2017-07-28,2770.085871759491,2770.085871759491,2708.891892235416,2724.124755859375,276500
2017-07-31,2723.82462685276,2756.0912077794246,2705.140098619256,2743.22216796875,504658
2017-08-01,2757.66700008134,2804.678583279075,2752.4518569524,2797.324951171875,685598
2017-08-02,2813.9461460182533,2880.5804273958893,2808.9935275214134,2853.41650390625,828588
2017-08-03,2860.4701841675187,2885.232911365192,2830.454757261249,2880.242919921875,424548
2017-08-04,2878.4794468774558,2974.5288131966195,2863.771814379982,2968.9384765625,789172
2017-08-07,2964.023067821213,3015.7245614712137,2947.4021003536527,2966.049072265625,644961
2017-08-08,2969.275722262364,3004.168651523218,2923.539758075423,2936.558837890625,253242
2017-08-09,2937.7601006799164,2960.271672332636,2896.1512490484006,2914.310546875,343296
2017-08-10,2907.7442063717776,2960.271198486881,2897.2763638687616,2918.662353515625,303409
2017-08-11,2910.2207840106576,2910.2207840106576,2848.989239987065,2882.15625,302935
2017-08-14,2888.984658698253,2982.7828619027414,2888.609465885435,2969.3134765625,263329
2017-08-16,2975.354238305092,3034.559593291993,2951.491937801002,3018.126220703125,475186
2017-08-17,3020.302095352275,3030.282260655101,2983.233119312765,2999.92919921875,351635
2017-08-18,2988.7858657598263,3002.1052102532326,2977.9052744835226,2991.562255859375,209351
2017-08-21,2992.537705206614,3030.2821366739918,2964.0606089697576,2980.569091796875,246195
2017-08-22,2999.291342418957,3000.1168398861087,2912.3590945033247,2917.536865234375,290303
2017-08-23,2946.7645724440818,2964.0234431255726,2900.690964861172,2918.1748046875,407757
2017-08-24,2932.507459127753,2945.264016652106,2903.9928011321404,2913.485107421875,222636
2017-08-28,2915.248420118712,2997.0029048100428,2880.317929435922,2970.927001953125,435266
2017-08-29,2956.519469282317,2986.534895366402,2942.7873752089245,2960.796630859375,397802
2017-08-30,2964.0235128211625,3012.7985832853083,2963.911028246099,2992.61328125,261951
2017-08-31,2993.288540772296,3017.30088303971,2977.530441159306,2997.865966796875,469468
2017-09-01,3006.044898914341,3070.540508570395,2997.7906568054905,3038.27392578125,388220
2017-09-04,3064.5750799474818,3064.5750799474818,2972.615279339005,2985.70947265625,226397
2017-09-05,2997.040516540559,3007.170723594464,2971.527402478872,2979.368896484375,250627
2017-09-06,2966.274465880379,2997.715551244696,2956.5194524585613,2964.510986328125,218970
2017-09-07,2966.274479804349,3010.9224260599417,2966.274479804349,2988.7109375,256960
2017-09-08,2999.591569600996,3003.043416923286,2961.584609130929,2968.563232421875,145201
2017-09-11,3000.7922587646763,3001.5050885028027,2953.9682667914835,2959.896240234375,217005
2017-09-12,2970.3260195592648,2979.293273235306,2933.9698771374274,2940.685791015625,219890
2017-09-13,2936.8593717996537,2979.031008376546,2909.995529089231,2921.6640625,262986
2017-09-14,2930.256035363295,2943.0125917272326,2914.835573236375,2919.938232421875,190185
2017-09-15,2915.248110735858,2934.007751088084,2903.9923265245225,2917.499267578125,389738
2017-09-18,2922.751902027284,2972.5774324174304,2922.751902027284,2963.947998046875,573380
2017-09-19,2979.0306801683223,2984.921280107941,2954.1179161579685,2959.708251953125,154125
2017-09-20,2956.407013092812,2970.2515918670656,2885.23286002788,2893.524658203125,515833
2017-09-21,2893.562337574555,2927.667330605072,2860.245102960218,2923.802734375,490206
2017-09-22,2911.458744762718,2911.458744762718,2836.4952921563763,2844.824462890625,719999
2017-09-25,2870.7505353789097,2870.7505353789097,2792.185189241731,2818.4111328125,275648
2017-09-26,2852.216048033133,2855.4802991106567,2808.055776272156,2842.2734375,548321
2017-09-27,2866.4735872376687,2870.1504041613343,2782.880687319026,2796.98779296875,266924
2017-09-28,2813.1958956201825,2835.707465870544,2757.2921628317845,2806.47998046875,789127
2017-09-29,2801.9399896135697,2865.9854774926457,2790.1214157420072,2832.3681640625,547536
2017-10-03,2881.481034482759,2885.232962913075,2846.8132524265643,2856.155517578125,294342
2017-10-04,2903.992961230476,2903.992961230476,2832.406231280004,2847.638916015625,388211
2017-10-05,2848.464064887989,2849.214450574208,2813.9463233219067,2818.035888671875,260215
2017-10-06,2818.0732857243893,2834.206577068571,2767.497366604337,2779.390869140625,373696
2017-10-09,2778.7151694211043,2787.6822398515023,2753.914891051148,2758.71728515625,423770
2017-10-10,2768.9225366126702,2792.034446999924,2747.311397247971,2772.862060546875,367529
2017-10-11,2777.2526851388484,2810.0445047411827,2759.61862056921,2768.585693359375,298989
2017-10-12,2774.1761899300814,2821.938170880421,2772.637862462627,2814.697021484375,343176
2017-10-13,2819.198896328858,2843.96162286036,2808.843537684851,2824.339111328125,213882
2017-10-16,2849.73974748407,2855.70527718266,2826.552902542518,2833.944091796875,261710
2017-10-17,2840.2096807792345,2872.851456502853,2820.5496134201057,2843.248779296875,447594
2017-10-18,2861.895677151059,2861.895677151059,2795.18646801309,2816.197265625,236096
2017-10-19,2813.945859680709,2820.999410689135,2791.434292803263,2803.140380859375,24217
2017-10-23,2846.174788696099,2861.9704409052506,2828.953477245096,2844.899169921875,510178
2017-10-24,2845.46248000438,2856.8683056260747,2808.0932367441437,2817.998291015625,138844
2017-10-25,2840.135033406548,2840.135033406548,2789.183912799118,2828.691650390625,464158
2017-10-26,2825.727346052357,2842.385871670648,2799.126210077247,2814.584228515625,357840
2017-10-27,2824.4513494997263,2862.721014437157,2814.396255913656,2841.447509765625,328558
2017-10-30,2861.933387839029,2882.60654967577,2852.7036074633206,2876.228271484375,244919
2017-10-31,2894.237234823095,2904.0298034605385,2867.748586726276,2888.909423828125,307237
2017-11-01,2907.7444851585183,2913.672458700023,2854.3170618388863,2865.985595703125,338059
2017-11-02,2823.926419073068,2854.9923124269512,2786.1819833588224,2803.328369140625,518139
2017-11-03,2806.3669577662317,2808.6556704254817,2757.892159211014,2768.2099609375,364403
2017-11-06,2758.0423373195595,2787.6825692129405,2747.7996469197933,2768.06005859375,290004
2017-11-07,2772.8624800754988,2798.26310675513,2757.6671711731165,2762.544677734375,303030
2017-11-08,2774.926380133664,2790.421771902419,2709.267629927689,2718.309814453125,367993
2017-11-09,2722.3988707134667,2746.33609731669,2693.884218815145,2699.69970703125,241249
2017-11-10,2705.140464321582,2727.652035453246,2671.9358969023783,2705.215576171875,307029
2017-11-13,2730.653779886751,2730.653779886751,2678.1267767012405,2686.305908203125,230714
2017-11-14,2686.305255547568,2748.212065689824,2686.305255547568,2742.809326171875,430968
2017-11-15,2739.282862023846,2783.4805042824714,2731.403812564525,2755.26611328125,413595
2017-11-16,2755.415940319934,2768.1349396790383,2720.3354133019725,2744.16015625,252451
2017-11-17,2771.6249209419952,2774.176159250302,2718.27242003901,2724.76318359375,338039
2017-11-20,2725.7005904895577,2768.172488890354,2714.8951110884527,2745.36083984375,350045
2017-11-21,2750.2385103617485,2769.2982325313774,2750.0882866725283,2760.481201171875,202939
2017-11-22,2765.2461776489126,2783.930706686177,2735.305680883649,2747.386962890625,293485
2017-11-23,2765.171285488805,2775.189007794784,2735.531050542588,2759.430908203125,219012
2017-11-24,2768.4730506615824,2769.0358399614565,2738.9079260547114,2741.3466796875,388730
2017-11-27,2739.770211196974,2753.9150525258924,2724.687571101539,2748.662353515625,172252
2017-11-28,2761.4188493623938,2761.4188493623938,2742.7343222756235,2756.616455078125,155386
2017-11-29,2763.670023480581,2772.674650220132,2738.156914385186,2743.634765625,172201
2017-11-30,2738.156919406347,2759.9181007335005,2717.1461236421983,2726.638427734375,456685
2017-12-01,2732.9040961337105,2761.418746230657,2661.9926636557766,2704.427001953125,222230
2017-12-04,2727.652243858081,2727.652243858081,2696.73638711508,2702.439208984375,131129
2017-12-05,2699.13671167468,2699.13671167468,2636.1418839984763,2641.769775390625,242868
2017-12-06,2638.3556945506693,2639.931577545686,2606.351822900879,2630.5517578125,291780
2017-12-07,2641.3572708611287,2677.375779100144,2639.8189437651663,2664.6943359375,301458
2017-12-08,2648.8612685684184,2676.625536822535,2630.8895694060147,2641.019775390625,177525
2017-12-11,2659.3670793826363,2659.3670793826363,2626.5752589771305,2637.493408203125,226419
2017-12-12,2639.106621363117,2644.3593214909365,2575.8866233961444,2582.6025390625,427882
2017-12-13,2577.574293340165,2619.070649753507,2558.814655106248,2565.90576171875,348709
2017-12-14,2590.330749358016,2604.8881547970536,2563.4669117832736,2596.74658203125,314655
2017-12-15,2603.8381045878086,2635.3167447454243,2600.161288325153,2628.600830078125,372029
2017-12-18,2616.594516364227,2666.607641970441,2574.310215669093,2652.875732421875,412556
2017-12-19,2671.372871141246,2784.4183942202267,2656.365158382025,2777.17724609375,876214
2017-12-20,2801.4898169135186,2846.8881504316787,2773.463021760514,2813.345947265625,664592
2017-12-21,2839.834440522848,2868.161498292629,2829.9669426855394,2855.93017578125,612505
2017-12-22,2861.9708833599643,2873.226668166047,2831.9554572104103,2846.062744140625,438144
2017-12-26,2846.0624594881747,2888.0840518947084,2811.8448038201554,2861.820556640625,320480
2017-12-27,2861.22024326314,2877.278421545277,2819.236206309939,2841.447509765625,189623
2017-12-28,2823.0258274445864,2839.084006507614,2778.152730519437,2788.920654296875,605738
2017-12-29,2798.9380877444714,2858.856446897338,2791.4717881985844,2840.32177734375,274559
2018-01-01,2858.9696583437926,2858.9696583437926,2806.442656746925,2813.271240234375,201102
2018-01-02,2837.2078049874763,2839.721669895644,2790.8714966145653,2809.3310546875,258156
2018-01-03,2797.4372068314906,2824.7511663651385,2797.4372068314906,2817.84765625,274963
2018-01-04,2817.6974905015063,2821.411862004861,2792.597132718713,2805.6162109375,196775
2018-01-05,2820.4743509270797,2820.4743509270797,2796.0868186430644,2809.931396484375,234199
2018-01-08,2831.204659699528,2845.461985046544,2810.419016754587,2841.5224609375,249549
2018-01-09,2851.465231195696,2855.067118653969,2808.4305444924125,2813.533203125,290158
2018-01-10,2806.442235512573,2815.8596117395778,2795.1864511455447,2804.115966796875,250123
2018-01-11,2806.967803964797,2808.843768249961,2776.5771825451457,2780.666748046875,366134
2018-01-12,2796.611929134717,2796.611929134717,2739.357656261565,2766.934326171875,363795
2018-01-15,2767.196657477543,2776.426436053531,2711.630572840392,2722.9990234375,229198
2018-01-16,2729.677796786202,2749.412975691598,2684.9922954349154,2690.9580078125,271813
2018-01-17,2690.8832412559827,2693.9972687712216,2646.085249590562,2676.513427734375,501484
2018-01-18,2690.8830295110283,2733.655012969514,2683.416728687587,2696.3984375,345926
2018-01-19,2669.872517889477,2716.396434727349,2665.5953557233443,2693.697265625,295410
2018-01-22,2695.947910030999,2717.821577361384,2693.209075824486,2703.601806640625,320126
2018-01-23,2726.9014449358647,2727.651830583893,2707.5790144991283,2723.89990234375,285236
2018-01-24,2723.674632352135,2738.9074969890107,2701.388216208339,2735.53076171875,312383
2018-01-25,2746.33651791893,2746.33651791893,2672.1234463397536,2679.77734375,487836
2018-01-29,2689.9075014746377,2745.0984046942845,2682.29116012792,2732.717041015625,403110
2018-01-30,2744.460182545975,2773.42513958884,2738.832290623108,2767.3095703125,540432
2018-01-31,2778.677976960458,2812.370218335088,2762.9198787924406,2770.010986328125,558327
2018-02-01,2772.7870018187086,2809.4434080264546,2770.798553455578,2801.151611328125,346581
2018-02-02,2798.713590375018,2815.7848655485145,2710.9184609113217,2718.985107421875,469510
2018-02-05,2699.88717284155,2748.36215200398,2663.9062228395146,2728.701904296875,319150
2018-02-06,2646.83575668329,2674.975222989424,2588.830900164316,2657.75390625,442426
2018-02-07,2715.570787094075,2716.396284659324,2658.241391824766,2676.175537109375,336709
2018-02-08,2678.8765823528893,2713.3567639087983,2667.620798393424,2688.03125,325607
2018-02-09,2653.964490768332,2683.642285313934,2648.9369426303106,2660.943115234375,604849
2018-02-12,2675.8745197319354,2713.9190254785626,2660.491617978008,2710.317138671875,385092
2018-02-14,2716.6958510202385,2719.397312358714,2673.3610842463104,2698.424072265625,315246
2018-02-15,2716.675487845192,2724.29589594574,2682.383651392728,2687.908447265625,221710
2018-02-16,2704.482277096609,2705.091946827935,2655.711675311829,2662.722412109375,219454
2018-02-19,2668.666262219447,2681.8877414488725,2622.9438248313354,2641.004150390625,246616
2018-02-20,2641.233166954924,2680.8592848665385,2623.896740368593,2649.95849609375,340087
2018-02-21,2680.7067434790483,2680.7067434790483,2636.6607549304413,2660.093505859375,266352
2018-02-22,2654.949424696481,2666.6086829726173,2635.6697604941205,2652.815673828125,434663
2018-02-23,2654.492175418167,2673.2384487642453,2632.8502966021856,2663.103271484375,142023
2018-02-26,2681.621297831473,2705.206420942966,2667.447265999491,2695.98583984375,361326
2018-02-27,2722.847158335124,2738.7355921447333,2701.4337445036867,2732.29638671875,320893
2018-02-28,2686.19326608464,2753.2528426563986,2686.19326608464,2740.83154296875,362559
2018-03-01,2724.2960932584588,2741.0228530416066,2716.789916317721,2725.743896484375,200696
2018-03-05,2726.581682612172,2729.553566987366,2693.8139318149883,2710.15966796875,242671
2018-03-06,2721.323422772627,2739.536119776755,2701.205438110223,2714.3125,380991
2018-03-07,2705.244019742806,2712.8644254322226,2678.572599829849,2708.596923828125,234750
2018-03-08,2713.627016396228,2744.108645336371,2701.9296168724086,2733.21142578125,145720
2018-03-09,2747.8423260614877,2790.173721696039,2728.8675881519625,2732.944580078125,272293
2018-03-12,2743.6517463311206,2833.267822893405,2743.2327727082134,2815.35986328125,192336
2018-03-13,2815.7023333699635,2842.221387750027,2798.2135359791137,2820.465087890625,233650
2018-03-14,2804.309889098771,2809.796545151031,2760.111526716236,2773.3330078125,192489
2018-03-15,2775.2761214757047,2811.930355816449,2767.7319925000925,2774.43798828125,198082
2018-03-16,2792.879525716866,2792.879525716866,2690.4992700491434,2702.27294921875,462796
2018-03-19,2702.196370511747,2704.4824926526194,2660.131760328705,2678.8017578125,252482
2018-03-20,2665.6944463854243,2695.337752965515,2665.6944463854243,2677.658447265625,212901
2018-03-21,2689.965586726178,2689.965586726178,2633.2698319056217,2639.404296875,667122
2018-03-22,2646.7200351272627,2655.5979219595365,2621.4203181034272,2630.79345703125,482411
2018-03-23,2617.6866390063446,2617.6866390063446,2561.257475976305,2601.4169921875,423299
2018-03-26,2601.6071436009274,2668.43808076033,2564.648166897751,2653.197265625,359650
2018-03-27,2655.7879282966915,2657.997771750815,2618.371658181135,2640.2421875,325438
2018-03-28,2632.850840334253,2727.343895095887,2612.3138789479026,2699.758056640625,786796
2018-04-02,2700.672001958482,2784.991723538393,2676.4390726325705,2778.400146484375,244943
2018-04-03,2777.600341796875,2795.927458695628,2759.349503389716,2777.600341796875,318581
2018-04-04,2784.115796617536,2815.7404867939767,2763.921717348242,2794.517578125,526063
2018-04-05,2819.5502929765034,2892.706192469948,2819.5121537365026,2882.15185546875,440824
2018-04-06,2881.275438391481,2886.5715832234155,2857.652180367113,2880.09423828125,213101
2018-04-09,2883.561955143088,2901.1651694035672,2876.855959898854,2894.763916015625,265991
2018-04-10,2907.1851449069104,2907.1851449069104,2830.219037531918,2833.495849609375,321682
2018-04-11,2843.935791869331,2861.462727349769,2805.0717175431423,2849.536865234375,291118
2018-04-12,2853.0808015003763,2885.467536025955,2839.402206127421,2857.23388671875,115113
2018-04-13,2865.119905639493,2872.892681521072,2818.025765587513,2839.28662109375,164961
2018-04-16,2837.0773022875906,2903.374837957486,2827.323144888061,2898.15478515625,164316
2018-04-17,2914.806121639941,2914.806121639941,2867.6738227451788,2872.1318359375,223874
2018-04-18,2869.1218134218584,2883.5624496857586,2843.631585318518,2848.356201171875,204458
2018-04-19,2869.083570495571,2872.893774440452,2826.4092863129013,2837.53515625,234124
2018-04-20,2838.601516859089,2857.881183162478,2811.9300932107485,2852.089599609375,399283
2018-04-23,2847.288535852383,2847.288535852383,2812.958754302864,2833.41943359375,236404
2018-04-24,2850.0324150237034,2853.080578034424,2824.351678867404,2832.42919921875,333702
2018-04-25,2846.983872151017,2859.938563218085,2820.2361708827434,2832.657470703125,219848
2018-04-26,2824.885095393216,2876.360985905127,2788.3452781851606,2866.68310546875,341735
2018-04-27,2871.445631334788,2878.189579891568,2822.9797684769783,2829.838134765625,571451
2018-04-30,2843.173913947895,2857.6526875648906,2832.543483159173,2844.12646484375,216291
2018-05-02,2858.414370814692,2875.941305106544,2773.82786184097,2792.193115234375,715845
2018-05-03,2792.8786830965814,2806.557274089911,2771.8462889913903,2785.715576171875,393371
2018-05-04,2785.258237040184,2796.5746137345536,2776.4184921571355,2788.8779296875,279580
2018-05-07,2791.3164883581767,2803.5472768019463,2760.6824944371438,2779.962158203125,198507
2018-05-08,2788.9929131060394,2799.7377622786084,2773.942608042076,2787.01171875,360338
2018-05-09,2789.0690160926783,2808.120033962164,2770.0179982231925,2784.801513671875,259686
2018-05-10,2791.3548372386904,2793.145707143347,2762.435432440278,2778.400146484375,352223
2018-05-11,2785.2588495830487,2785.2588495830487,2736.488243188161,2757.2919921875,246696
2018-05-14,2762.3970057892307,2785.296361625543,2761.7873361375623,2780.152587890625,223997
2018-05-15,2781.448296521144,2788.573450822043,2767.007663807124,2781.1435546875,341729
2018-05-16,2773.066097958874,2773.066097958874,2668.3617805496096,2724.676513671875,395161
2018-05-17,2743.3468752946974,2747.118940039204,2693.8142233796543,2708.712158203125,350935
2018-05-18,2705.244695603563,2724.2957145866867,2694.0808728974957,2713.665283203125,424207
2018-05-21,2727.0387214418,2727.0387214418,2637.994197824437,2661.731689453125,258835
2018-05-22,2642.071617926193,2680.059238537564,2629.040646391254,2667.06640625,323714
2018-05-23,2662.951020677389,2663.179670078765,2630.56429342634,2654.1494140625,155958
2018-05-24,2663.332038324881,2674.686369449351,2625.953907702465,2659.445556640625,324856
2018-05-25,2651.9020009930955,2724.2958774569875,2638.0710348025154,2707.416748046875,177764
2018-05-28,2720.485000082402,2750.966624733185,2695.6044483792293,2743.19384765625,191457
2018-05-29,2749.556892914972,2761.635311618089,2716.82728425368,2751.271484375,309517
2018-05-30,2739.459768571912,2760.4540250010364,2688.784067006129,2744.451171875,237040
2018-05-31,2750.966583814913,2754.128977907365,2690.0796138986443,2701.357666015625,707484
2018-06-01,2715.532231099771,2771.542226605827,2708.445214867534,2763.388427734375,300310
2018-06-04,2796.5752401703053,2796.5752401703053,2737.898104112176,2753.71044921875,230153
2018-06-05,2743.422614527381,2757.8251083735827,2716.9035627366025,2751.271484375,225466
2018-06-06,2762.3594927141576,2773.828242850347,2741.8225323559204,2770.17041015625,211568
2018-06-07,2782.972573075705,2794.7460644137905,2764.912246105672,2782.591552734375,222475
2018-06-08,2786.7827432134727,2789.0688652341564,2749.7474920603618,2770.132080078125,175173
2018-06-11,2772.22736560099,2778.3236902718586,2743.346101890777,2752.71923828125,249101
2018-06-12,2762.2448068197377,2828.847080907553,2744.3368527020343,2810.29150390625,257348
2018-06-13,2823.1321075810056,2826.3326412706074,2803.547699053229,2817.112060546875,209724
2018-06-14,2811.9681469352813,2824.236889813345,2794.479351169617,2816.197509765625,155159
2018-06-15,2816.5024867154307,2827.437845409542,2782.9726952069136,2814.749755859375,306688
2018-06-18,2815.740073119325,2821.4553777332344,2782.2102860510568,2793.755126953125,361312
2018-06-19,2787.5446586689823,2789.0687399476424,2758.587114374444,2783.5439453125,242770
2018-06-20,2785.258738438498,2811.9301627463906,2774.6664472028283,2785.868408203125,433541
2018-06-21,2779.9245686588097,2801.1854304977824,2761.6355912334225,2770.17041015625,280729
2018-06-22,2769.255979302829,2777.0287574457325,2744.6420268127195,2772.037353515625,193715
2018-06-25,2769.255827186681,2781.4103388064,2724.714586712963,2733.32568359375,351955
2018-06-26,2720.4850703821226,2726.5813954698133,2694.575688759436,2718.084716796875,252375
2018-06-27,2720.484661923889,2731.572388721412,2690.003041061997,2696.099365234375,320678
2018-06-28,2696.099801822571,2705.968190965619,2648.853281835856,2679.373046875,532529
2018-06-29,2682.764400782544,2693.775852166424,2633.879562173968,2646.948486328125,398443
2018-07-02,2651.9017335743333,2688.212899847333,2592.691206214754,2602.673828125,236235
2018-07-03,2632.850585210969,2655.6736666783813,2615.742808921293,2627.24951171875,289618
2018-07-04,2636.660505271138,2651.177416071313,2602.711558955237,2635.74609375,266759
2018-07-05,2652.5876266188693,2680.7831349467056,2635.784776573097,2671.5244140625,273797
2018-07-06,2674.2298014482994,2796.689720103196,2656.4742137002013,2771.61865234375,1032128
2018-07-09,2789.0306963134008,2791.278679067468,2741.174505313975,2752.10986328125,314206
2018-07-10,2777.4860830615385,2777.4860830615385,2724.1432320931244,2730.77294921875,470962
2018-07-11,2739.5200437564604,2746.9566726338426,2715.7456345522965,2725.455810546875,377121
2018-07-12,2750.424538405126,2751.1951813130568,2684.9198912310057,2696.364013671875,456469
2018-07-13,2712.662186198506,2715.513526435644,2654.093343541947,2663.263916015625,310931
2018-07-16,2670.27773027036,2671.048373193958,2632.7860272953685,2640.22265625,183060
2018-07-17,2631.7452131685054,2708.501312798945,2619.068176491071,2688.464599609375,318577
2018-07-18,2697.25012342292,2708.809766809018,2676.596856277377,2701.989501953125,211820
2018-07-19,2701.9127097729097,2703.4154258726094,2651.011706100848,2659.56591796875,147907
2018-07-20,2660.258897872012,2688.7726809604437,2560.075335669416,2602.422119140625,560441
2018-07-23,2607.084787820279,2610.013268308833,2378.974501921726,2439.431396484375,1902639
2018-07-24,2445.8662612752887,2470.2570316843503,2337.9376948726426,2395.3505859375,1620867
2018-07-25,2425.251330894126,2438.930239858221,2359.438326427639,2396.737548828125,964916
2018-07-26,2375.12102883782,2458.311878640005,2364.3705997724137,2417.313720703125,1770364
2018-07-27,2427.5249308886077,2495.6496822624395,2413.691929625763,2469.10107421875,820125
2018-07-30,2483.781779828118,2487.6349938830795,2446.7909249004883,2473.724853515625,317977
2018-07-31,2477.6164647025985,2544.6623845872414,2459.15960829443,2538.843994140625,753969
2018-08-01,2540.0391952736563,2568.822785077714,2510.099641030002,2528.01708984375,463790
2018-08-02,2540.0387737538167,2540.0387737538167,2480.12129357804,2515.14697265625,352679
2018-08-03,2520.002149576097,2529.596615544061,2488.4057923489963,2505.01318359375,311563
2018-08-06,2526.937521742073,2550.056803734224,2505.3980949817587,2540.88623046875,338084
2018-08-07,2546.203968970321,2566.202113240422,2518.4993962227068,2541.387451171875,248242
2018-08-08,2541.5799475893755,2560.383556600902,2533.1414465810312,2542.38916015625,234708
2018-08-09,2547.745786624069,2576.760420641944,2513.837494243107,2528.74951171875,440547
2018-08-10,2543.044241907908,2573.9470951648327,2514.106753674555,2558.07177734375,356538
2018-08-13,2543.121440000201,2579.3416544486886,2525.512175377259,2549.440673828125,293422
2018-08-14,2556.2224398440235,2568.552725957229,2507.3637563785387,2517.189453125,249075
2018-08-16,2513.837032474389,2546.550784553662,2493.1068146075395,2529.750732421875,274268
2018-08-17,2554.6814685122754,2558.3034528747794,2493.4539216244943,2498.65576171875,284947
2018-08-20,2517.3821328138038,2561.616959320142,2504.859185885719,2546.2041015625,301515
2018-08-21,2550.827702046196,2581.576274918514,2540.8479152820373,2556.029541015625,317643
2018-08-23,2567.010630253325,2570.0546310480368,2516.148216084391,2531.368408203125,182542
2018-08-24,2525.7051199293737,2533.8354406514936,2467.6758565206287,2475.536376953125,320734
2018-08-27,2489.1763810464327,2496.882809470725,2473.840663740181,2484.35986328125,250565
2018-08-28,2487.634857005452,2500.5816931467893,2457.348558570861,2491.29541015625,363420
2018-08-29,2478.387074152833,2523.73947506822,2466.827432948762,2501.58349609375,294701
2018-08-30,2486.8644480670087,2508.442447616397,2473.8020895402638,2484.3212890625,381370
2018-08-31,2472.2221002861365,2512.295525851872,2466.866170459759,2507.517578125,401621
2018-09-03,2527.708921152844,2539.84654783216,2493.0299877833686,2498.771240234375,292015
2018-09-04,2510.523102776336,2511.5249760816323,2450.64419267861,2453.84228515625,178340
2018-09-05,2449.8736558643195,2469.101157623073,2415.541478767279,2423.97998046875,355010
2018-09-06,2428.5648299148224,2450.6436669390782,2401.784997390881,2438.968505859375,303246
2018-09-07,2450.644165755299,2577.800230959584,2436.657073840916,2565.73974609375,666688
2018-09-10,2568.552811057739,2569.9785756949104,2510.9086839396064,2526.398681640625,302172
2018-09-11,2538.497227100085,2538.497227100085,2442.9375257763418,2453.880615234375,479594
2018-09-12,2465.2857580069635,2467.9058676745663,2394.9646184576877,2438.12060546875,424166
2018-09-14,2456.03884323316,2466.5196615938485,2428.411220899476,2455.76904296875,329042
2018-09-17,2450.6442193720545,2450.6442193720545,2396.891881541488,2410.49365234375,260149
2018-09-18,2419.8185413173164,2429.9909892759747,2392.460720229175,2397.816650390625,337805
2018-09-19,2412.112232312857,2450.644376599005,2390.572801285948,2430.569091796875,299509
2018-09-21,2442.8222421191967,2457.3873163015155,2327.341339155022,2446.945068359375,579823
2018-09-24,2447.02244379186,2452.9563565068597,2373.618707393092,2396.853515625,615568
2018-09-25,2405.908523105304,2408.259021539374,2375.121377402992,2398.703125,463611
2018-09-26,2419.818639520767,2419.818639520767,2378.743336450174,2389.031494140625,357504
2018-09-27,2399.7815940379755,2412.805381637709,2369.726525904552,2379.822021484375,932370
2018-09-28,2382.8278413449248,2388.9158449828915,2217.7947399458358,2260.48828125,832489
2018-10-01,2242.5705963042383,2300.908219891769,2196.3320273082745,2291.12109375,663628
2018-10-03,2303.451604766872,2308.075462120034,2234.864387361636,2245.26806640625,503936
2018-10-04,2220.3000737562606,2224.846793122116,2090.8704050880065,2129.67236328125,1172793
2018-10-05,2125.432993542199,2142.348566576044,2074.570565125308,2112.139404296875,811688
2018-10-08,2100.001516823613,2223.3043581783945,2088.480445213567,2214.09521484375,762339
2018-10-09,2232.2442850960238,2259.447828775538,2211.8606300054307,2228.506591796875,699147
2018-10-10,2248.7355788484483,2307.03462851836,2240.952011696477,2250.35400390625,1165353
2018-10-11,2217.138748153001,2261.7588791924877,2193.5570094630675,2212.514892578125,635575
2018-10-12,2229.084509760268,2265.5359552758005,2215.598259485141,2230.201904296875,384692
2018-10-15,2236.405388760846,2246.0384236883137,2209.432890963937,2220.41455078125,209679
2018-10-16,2212.51576267932,2243.57270913316,2212.51576267932,2231.165283203125,609045
2018-10-17,2246.423946224801,2308.075375280713,2131.7908203239645,2163.618408203125,1625059
2018-10-19,2160.0349054968465,2160.844118169525,2061.5468935596923,2090.5615234375,782281
2018-10-22,2119.2680955896594,2131.598382691272,2074.146913598146,2105.242431640625,312603
2018-10-23,2093.8364238544727,2115.3372820618065,2076.1116399940925,2099.423583984375,463980
2018-10-24,2132.445302584976,2132.445302584976,2050.02492256408,2082.006591796875,516142
2018-10-25,2072.0270023188564,2092.294943079753,2040.661881869314,2076.959228515625,700158
2018-10-26,2083.8184435247213,2124.6625180464707,2059.157870228571,2084.85888671875,657518
2018-10-29,2110.020393689784,2133.910325101173,2086.9011052271494,2119.152587890625,453890
2018-10-30,2126.204018097687,2165.468240969569,2107.7085862621143,2137.6865234375,403508
2018-10-31,2145.854818550144,2173.212637210058,2090.638338681951,2128.78515625,762180
2018-11-01,2140.8454896085145,2161.652843179224,2118.4968505881234,2151.8271484375,172451
2018-11-02,2196.294019427332,2265.5749392512344,2187.50876432861,2232.24462890625,548045
2018-11-05,2234.0933460235933,2235.403401077629,2169.3593546244965,2194.636474609375,248031
2018-11-06,2207.121202156093,2284.146920167934,2179.22396760705,2200.99462890625,248605
2018-11-07,2232.551932337241,2232.551932337241,2196.331724943437,2226.0400390625,37641
2018-11-09,2233.3226354703047,2285.341019836849,2218.141011291627,2278.559326171875,275743
2018-11-12,2280.2165724131123,2293.8183428635894,2173.289881644652,2188.124755859375,280472
2018-11-13,2179.377776700131,2233.6695227940468,2163.964921136481,2219.219970703125,269648
2018-11-14,2234.0162408339525,2255.9795596820063,2175.524530107218,2194.44384765625,263733
2018-11-15,2213.286655683966,2261.7600242428957,2201.110458876708,2251.934326171875,341266
2018-11-16,2257.9832223068656,2288.8089318264133,2254.3226693014194,2282.566650390625,383335
2018-11-19,2291.352245800859,2311.0805883434555,2283.4917269696207,2297.016357421875,291764
2018-11-20,2303.3740482613507,2308.036474544175,2266.4603356655125,2281.1796875,161818
2018-11-21,2275.400241156846,2282.2588875259617,2228.8532983502155,2244.150634765625,288328
2018-11-22,2235.634702199897,2277.0181818090955,2213.401582764472,2248.54296875,346980
2018-11-26,2248.7359804865287,2392.6149721778493,2244.304783814905,2370.49755859375,645146
2018-11-27,2364.6022451852264,2369.72694527219,2273.396581643239,2279.67724609375,798702
2018-11-28,2291.120718126669,2323.487711117359,2288.8087900559062,2311.27294921875,650210
2018-11-29,2331.926305644101,2344.9117107602906,2309.346436273657,2324.875,502846
2018-11-30,2331.1946409405905,2359.554335689178,2327.341426658044,2354.468017578125,418913
2018-12-03,2350.460569589196,2363.8312975956014,2311.196356063954,2342.677001953125,627118
2018-12-04,2342.754099476917,2382.249542765796,2338.900885497514,2365.21826171875,427274
2018-12-05,2358.089888638692,2375.082600441377,2333.814639819205,2352.38720703125,211238
2018-12-06,2333.660607378105,2353.311999772161,2315.820300913747,2332.543212890625,713055
2018-12-07,2358.16706182558,2371.2679899468326,2331.2717022935662,2363.407470703125,365305
2018-12-10,2331.1943641461003,2358.1668609213443,2315.7815088459606,2347.76318359375,682813
2018-12-11,2319.63503756952,2360.0937882248027,2298.0570372200364,2341.82958984375,443657
2018-12-12,2354.3142511329897,2523.2777207110285,2343.217067727813,2511.255615234375,2188953
2018-12-13,2489.17679305498,2573.947519753447,2473.8025034328093,2557.18603515625,1278210
2018-12-14,2544.66306287355,2582.270477082925,2517.420758883596,2554.41162109375,920809
2018-12-17,2555.4515686857508,2558.534139938689,2516.380015683803,2532.409423828125,707590
2018-12-18,2523.893867049883,2562.117638970392,2496.8827979186626,2541.61865234375,910514
2018-12-19,2546.9743270454737,2566.317535619393,2527.7082580057954,2547.12841796875,947007
2018-12-20,2540.000235901997,2604.7728043613893,2518.807557760003,2590.400390625,388448
2018-12-21,2590.400240291616,2596.295582429072,2551.983621612904,2561.732177734375,525895
2018-12-24,2543.121258312101,2543.89190111765,2427.5248374797325,2441.70458984375,655657
2018-12-26,2435.2313350098907,2475.304762041699,2416.774476919477,2446.945068359375,506895
2018-12-27,2472.7615409747877,2473.763414254463,2400.2825472365125,2411.187255859375,357087
2018-12-28,2418.3160635067347,2435.2316380470315,2397.277474067976,2406.40966796875,260717
2018-12-31,2422.1304768349337,2434.499332202828,2378.9744772476747,2392.26806640625,279055
2019-01-01,2380.5153232661887,2415.964887808191,2368.4162703885004,2410.26220703125,344239
2019-01-02,2400.552217548202,2402.32473354012,2330.26963487535,2347.8017578125,597712
2019-01-03,2336.5889896716926,2372.0385587762107,2316.783507170603,2323.21826171875,368413
2019-01-04,2335.047704595287,2346.607346697244,2290.388991570437,2302.565185546875,405667
2019-01-07,2327.3413750335,2329.653303551745,2274.9376619532754,2279.52294921875,361881
2019-01-08,2291.8916238552747,2307.689800818635,2258.176002287128,2289.040283203125,354130
2019-01-09,2300.445850938272,2300.445850938272,2240.258574219391,2263.724609375,388001
2019-01-10,2259.5243911494904,2273.3573899533085,2244.535428298359,2249.891357421875,452293
2019-01-11,2252.588899270824,2266.421899870284,2223.3044729375056,2234.2861328125,258996
2019-01-14,2235.634715979383,2242.801731498328,2200.994360473894,2209.432861328125,267722
2019-01-15,2219.219904138519,2249.005359508996,2209.702579000559,2243.302490234375,371767
2019-01-16,2241.799608608643,2246.3848950329643,2211.975773823396,2219.33544921875,261721
2019-01-17,2218.295944992183,2263.3014223439563,2207.121621142127,2237.63916015625,515341
2019-01-18,2247.502403820995,2257.944650540531,2206.350156906937,2233.900634765625,389524
2019-01-21,2235.63527850161,2242.4555441129505,2142.3874781918225,2153.369140625,628463
2019-01-22,2153.947108192267,2184.77282709305,2113.488352134988,2176.9892578125,842837
2019-01-23,2182.460174371569,2197.449137586996,2146.3171062052024,2154.678466796875,326454
2019-01-24,2153.9466817585508,2179.377894816881,2142.4256092293517,2150.24755859375,240737
2019-01-25,2123.121054767269,2149.1302509917314,2044.284253471184,2057.73193359375,775065
2019-01-28,2065.322654381406,2069.175868288834,1993.460215007874,2002.5924072265625,576248
2019-01-29,2004.4806302970203,2047.482539120727,1983.865933980584,2029.3338623046875,666747
2019-01-30,2024.478600012941,2042.203384101368,1997.197920630577,2012.1483154296875,696557
2019-01-31,2012.996298589958,2030.4127144143165,1973.616373015164,2014.421875,1901346
2019-02-01,2026.366866468672,2188.1249185332485,2022.937543310012,2163.38720703125,3296513
2019-02-04,2157.7995299053505,2192.4398811581864,2094.760920295507,2142.502197265625,991486
2019-02-05,2160.8823488610437,2214.3265007573277,2157.799777749972,2199.83837890625,767865
2019-02-06,2211.74499191934,2228.6991347145404,2196.332134832794,2219.489990234375,445829
2019-02-07,2223.304482616345,2272.741143080907,2223.304482616345,2264.957763671875,546196
2019-02-08,2246.4235623919526,2281.102485310525,2244.612476714792,2264.803466796875,544587
2019-02-11,2289.266747448293,2290.0127823126063,2202.5259582630238,2268.88720703125,478111
2019-02-12,2275.0135162005004,2275.0135162005004,2187.173111837779,2198.599853515625,627923
2019-02-14,2163.7698146210537,2270.9294730068787,2140.1311838080983,2180.261962890625,661406
2019-02-15,2187.486842223708,2187.486842223708,2103.141368873408,2117.630859375,700634
2019-02-18,2112.5658960421574,2124.267392527572,2089.359046458262,2107.50048828125,433854
2019-02-19,2110.2094475293734,2130.7853256416543,2064.581098077718,2070.82470703125,684524
2019-02-20,2078.0497482066726,2090.379552623645,2047.0681115835152,2060.53662109375,605830
2019-02-21,2067.0156316552298,2086.649138794812,2027.3559472332731,2074.280029296875,736959
2019-02-22,2083.4289225400867,2118.769231245845,2057.591306868588,2104.593994140625,720407
2019-02-25,2112.565438688076,2138.9529498572724,2112.565438688076,2130.235595703125,443819
2019-02-26,2125.5630366818696,2130.628443769124,2052.879746410796,2111.819580078125,751767
2019-02-27,2116.4920514274418,2154.188384810936,2089.7904819474666,2103.5732421875,581837
2019-02-28,2120.4971305819317,2126.387182026013,2057.591304465764,2063.95263671875,870312
2019-03-01,2081.0734344147445,2113.0369418534297,2073.337946570048,2101.2568359375,918224
2019-03-05,2096.8193797695844,2216.230415522441,2082.7618645289394,2195.53662109375,1107587
2019-03-06,2195.025644540584,2210.7324470059903,2153.402618007256,2172.133056640625,631138
2019-03-07,2175.392618280902,2182.460680939576,2136.9109438058967,2144.0576171875,394045
2019-03-08,2144.7641698844864,2166.3217208689302,2120.379317376348,2152.107177734375,674840
2019-03-11,2155.759372970373,2221.256684876513,2155.759372970373,2210.536865234375,857601
2019-03-12,2230.366391325147,2237.7485132509355,2191.1779881146167,2205.5888671875,840207
2019-03-13,2209.9476850331994,2220.9424496353545,2191.570798034417,2201.8193359375,380361
2019-03-14,2209.163146485353,2213.0898495541155,2155.053254891236,2161.021728515625,497697
2019-03-15,2176.178370382692,2176.178370382692,2133.848597143353,2148.57373046875,916870
2019-03-18,2155.759762972789,2170.0136169525854,2090.5764987371817,2096.466552734375,830642
2019-03-19,2088.2199550972905,2088.2199550972905,2042.6702155727917,2052.9189453125,978189
2019-03-20,2052.9188391311554,2077.2250829459654,2036.4266929149492,2049.070556640625,877100
2019-03-22,2061.08631107393,2071.6884051192264,2037.2120426579104,2044.4764404296875,566228
2019-03-25,2037.1727916040725,2048.7958666954632,1992.4476986933075,2022.801025390625,854446
2019-03-26,2030.890177541907,2045.576003974805,2000.1048736768323,2021.8194580078125,555742
2019-03-27,2037.0153892551648,2037.1724189438607,1990.8373485052769,1997.277099609375,760530
2019-03-28,2002.617990749963,2008.900713858198,1975.131077151434,1983.573486328125,1147361
2019-04-01,2020.6806475542612,2036.701513422125,1998.6911185486183,2009.293212890625,832495
2019-04-02,2002.9315947287384,2041.0992056250336,1998.6908342884608,2018.2850341796875,1063757
2019-04-03,2031.6358393485475,2037.1725262341547,2015.96834034043,2026.5311279296875,1427316
2019-04-04,2041.8456802541016,2080.131023734472,2037.9582837243315,2071.099609375,2007440
2019-04-05,2082.722966208005,2092.1470520279504,2045.890574155124,2056.33544921875,722753
2019-04-08,2063.8742936074864,2076.4004329560125,2026.9632997720405,2031.5576171875,723035
2019-04-09,2034.0313833286648,2066.976370669476,2017.3822072635571,2060.4580078125,769508
2019-04-10,2056.806018202141,2056.806018202141,2031.5181016858648,2037.486572265625,672025
2019-04-11,2041.8850722904392,2051.309157239472,2033.7567223284989,2042.7490234375,608414
2019-04-12,2039.5287052750248,2077.068008971024,2034.9343879478845,2073.2197265625,925046
2019-04-15,2083.507811966787,2128.978938557558,2078.049735238785,2120.968505859375,958245
2019-04-16,2139.070539568935,2159.6071107359367,2132.1988122733947,2151.557373046875,741047
2019-04-18,2154.1096548245123,2167.460438825316,2145.9814984288023,2153.049560546875,563893
2019-04-22,2153.0496058787394,2159.646387301118,2108.6385762884306,2112.172607421875,453998
2019-04-23,2111.7803900493577,2141.8982718593043,2053.6651989509373,2071.767333984375,395502
2019-04-24,2081.15201402236,2090.262039154496,2027.866592366164,2051.23046875,940782
2019-04-25,2056.0208335202533,2071.7276389711337,2040.0390822805964,2051.505126953125,690718
2019-04-26,2049.7384095082084,2055.039457119006,2021.230515121224,2045.0263671875,727578
2019-04-30,2020.6810871962568,2021.4664276887545,1945.2883999164897,1972.6575927734373,1634120
2019-05-02,1971.204347534478,2017.8534892648065,1957.460890928162,2003.9530029296875,937946
2019-05-03,2002.6177502251169,2031.6753411107363,1992.722385824734,2014.7119140625,674666
2019-05-06,1994.76442932986,2012.82725683954,1983.0629351582843,1987.9320068359373,463670
2019-05-07,2016.6752289617573,2016.7538396831687,1980.235516651523,1984.829833984375,347427
2019-05-08,1983.612324166931,1995.431732575223,1948.900325522072,1963.1148681640625,406025
2019-05-09,1962.5652581084223,2006.544311511412,1955.9684767913568,1992.9971923828125,585480
2019-05-10,1990.8377512597249,2010.4712596547915,1963.3901448701183,1969.0838623046875,332771
2019-05-13,1969.0837052246256,1992.8009431271705,1963.350682883912,1971.7930908203125,313902
2019-05-14,1969.633344993588,1990.6805020188392,1943.717116769988,1971.0076904296875,396304
2019-05-15,1982.984187698265,1993.6648920956893,1949.999896259324,1958.1673583984373,438740
2019-05-16,1959.4241856336664,2011.2566490612503,1953.9268031489228,1979.2933349609373,283127
2019-05-17,1981.414277834642,2070.943103705886,1980.4719074879688,2059.594970703125,962165
2019-05-20,2112.5657390111523,2153.4034410292115,2068.2333104555555,2130.98193359375,722330
2019-05-21,2140.052261640621,2141.5836368389546,2079.581060119033,2086.80615234375,445944
2019-05-22,2086.963172176232,2131.963208325374,2071.7276475193994,2120.143798828125,463923
2019-05-23,2151.832119882791,2199.070255602169,2126.6226230988154,2154.580810546875,1177415
2019-05-24,2162.0417691130274,2234.2930741469536,2159.685748296704,2221.295654296875,756746
2019-05-27,2230.366486999633,2238.2198901228708,2199.227820309384,2215.60205078125,422121
2019-05-28,2220.942154044532,2220.942154044532,2147.905513193704,2154.266845703125,842709
2019-05-29,2165.929570755988,2165.929570755988,2122.6181233311067,2140.4453125,528550
2019-05-30,2143.9790318878127,2154.934490791973,2121.361192765158,2132.35595703125,406544
2019-05-31,2150.0264608466173,2170.0133364804365,2092.932249826567,2104.90869140625,683661
2019-06-03,2129.842852604304,2245.4055988315376,2129.842852604304,2230.562744140625,1911409
2019-06-04,2224.869266493417,2226.439947232205,2155.7593139867386,2161.806396484375,1051402
2019-06-06,2171.466086448762,2195.811637508404,2133.0630196964617,2190.117919921875,1231094
2019-06-07,2191.099499674323,2208.376986768529,2145.4711502457785,2169.73828125,841021
2019-06-10,2194.240706291268,2194.240706291268,2133.926535430914,2155.759033203125,493407
2019-06-11,2167.538757430013,2193.454981703633,2155.994295872996,2180.221923828125,465376
2019-06-12,2173.036474190791,2175.313884224965,2136.164787758568,2142.447509765625,521559
2019-06-13,2143.979214970276,2176.963510585203,2108.9138440635165,2124.42431640625,480205
2019-06-14,2120.41880680946,2135.732942636417,2089.0838055799977,2097.09423828125,320455
2019-06-17,2092.931547421499,2108.0100402982607,2070.156682552747,2079.777099609375,484673
2019-06-18,2081.1913117745844,2107.0682389415365,2069.371900712243,2095.131103515625,469539
2019-06-19,2104.7119334431877,2104.7119334431877,2020.3271593837344,2046.7144775390625,552137
2019-06-20,2049.738032168095,2096.62280628134,2041.8846297459947,2093.4814453125,692167
2019-06-21,2088.9658721812007,2119.633448942569,2036.308767235174,2046.5968017578125,903440
2019-06-24,2046.5967742757675,2046.5967742757675,1995.3140155299152,2031.0863037109373,725058
2019-06-25,2019.1098936063895,2044.633453132725,2002.617747450912,2029.8297119140625,412936
2019-06-26,2023.821813540925,2044.986694819739,2008.743319167405,2021.1517333984373,470716
2019-06-27,2030.1051761873437,2055.8643827270625,2019.1497146470788,2040.628662109375,1174382
2019-06-28,2040.7462930649535,2042.3562791987536,2019.934772890228,2027.356201171875,265726
2019-07-01,2038.7432982395376,2072.90559926936,2034.0312567181827,2054.8427734375,728762
2019-07-02,2039.136383800844,2056.6495133698654,2019.149508622517,2039.568359375,532893
2019-07-03,2042.6700870414404,2052.7224810644625,2028.062681005888,2032.0679931640625,419366
2019-07-04,2034.2276438810504,2056.020836475472,2030.104607444268,2046.7144775390625,446710
2019-07-05,2056.0209304203604,2057.591611039474,1963.3507738926285,1973.010498046875,501715
2019-07-08,1962.5654336187547,1962.5654336187547,1853.40313058834,1869.2276611328125,1256185
2019-07-09,1869.1099271064309,1930.7591410887228,1864.083825844576,1919.4503173828125,763513
2019-07-10,1924.0839131673176,1931.15197652181,1878.5341715494792,1884.81689453125,458641
2019-07-11,1906.8062462148127,1979.0575537320133,1873.2329484282875,1969.4764404296875,1163266
2019-07-12,1964.9212525369564,2029.633210699308,1941.675105070156,2018.1673583984373,1397898
2019-07-15,2004.1884534832295,2026.0993712460247,1974.5025516797696,1999.123046875,769562
2019-07-16,2000.2760038277977,2043.582139310381,1978.125752517238,2023.6192626953125,632082
2019-07-17,2005.048371913575,2033.362500372769,1992.362761588597,2006.5992431640625,497857
2019-07-18,2004.173603892536,2032.0900656342408,1961.821824638124,1972.002197265625,977841
2019-07-19,1972.479496155276,1994.1922783561672,1892.07068755866,1898.791259765625,1059276
2019-07-22,1898.7911917203144,1951.7608172418925,1877.5158853383991,1911.7552490234373,1136002
2019-07-23,1921.179997972751,1972.4395266758704,1910.164481817304,1963.929443359375,812373
2019-07-24,1950.607607966591,1982.5005674531053,1905.8698143380584,1911.5166015625,619043
2019-07-25,1921.5379265530064,1946.988760017285,1892.9853504300493,1898.075439453125,812832
2019-07-26,1907.062837288215,1978.4444730214643,1882.168701534653,1962.3388671875,1085566
2019-07-29,1932.7520890390056,1949.3745853528624,1853.9737749372075,1912.43115234375,936006
2019-07-30,1915.175083994944,1928.417392184188,1785.7735505017674,1796.5106201171875,1582385
2019-07-31,1805.4183730397303,1884.8726105535104,1770.1054217390365,1873.8970947265625,2930738
2019-08-01,1857.1151856589147,1893.7007524856,1830.3917374374823,1883.798828125,968967
2019-08-02,1858.7060842392152,1932.6725651267836,1820.1719725471928,1910.36328125,2090929
2019-08-05,1900.8190121243397,1936.6490466686369,1865.863927509085,1908.2156982421875,1093274
2019-08-06,1908.215651774506,1975.6205810181816,1892.945193364804,1963.3326416015625,1169931
2019-08-07,1968.462860073923,2011.2521117863785,1963.3727711560352,1992.5218505859373,1079213
2019-08-08,1988.743843088109,2090.944836424171,1984.369481505632,2058.25634765625,1692331
2019-08-09,2078.8951634581067,2101.2042481883577,2067.879649960673,2085.575927734375,1091395
2019-08-13,2080.2874102546803,2108.4821205940307,2025.6078896417375,2041.474853515625,1179168
2019-08-14,2059.091751110832,2105.817892078912,2051.973509747181,2095.041015625,998006
2019-08-16,2037.2994583720304,2131.5072687862967,2025.7670496416565,2122.758544921875,1373556
2019-08-19,2125.144560196181,2147.374233358853,2080.76463121947,2092.933349609375,1215957
2019-08-20,2111.6237018496245,2129.7574583501128,2093.0128587573345,2122.957275390625,1017915
2019-08-21,2118.6222902481386,2164.910942393157,2118.423455664891,2158.7470703125,1398096
2019-08-22,2157.7531777092754,2158.747350754663,2072.651965024096,2088.757568359375,1102826
2019-08-23,2087.763433444677,2123.5536637323003,2077.9013143240804,2099.8525390625,1202938
2019-08-26,2143.4371338938845,2143.4371338938845,2033.9588733519695,2060.68212890625,1195915
2019-08-27,2098.102571467711,2098.102571467711,2053.0863430985296,2079.372314453125,5531848
2019-08-28,2066.0908019674966,2088.559116915272,2032.0900775775012,2042.8271484375,631760
2019-08-29,2039.9638314176243,2050.223815530091,2014.8312489760772,2026.3238525390625,547796
2019-08-30,2035.9471784447296,2051.1778318646107,2004.6903389924437,2045.6502685546875,544092
2019-09-03,2045.4914433017416,2083.7471094775965,2027.278074751672,2034.0384521484373,867231
2019-09-04,2037.7371026345213,2059.330467932533,2012.4054905807827,2040.91845703125,532877
2019-09-05,2047.9565808998948,2079.0145843557,2041.7529025248532,2072.572265625,577091
2019-09-06,2077.742163390588,2123.553737418146,2060.006270661061,2115.560546875,1021359
2019-09-09,2098.0633671389523,2145.584847268196,2084.582417050151,2140.7333984375,619224
2019-09-11,2137.074248419408,2203.087334619189,2131.506879703764,2195.253173828125,1063773
2019-09-12,2184.7950848878045,2199.90651794673,2163.320943172489,2179.82421875,701793
2019-09-13,2180.8181248249134,2215.0176796635246,2161.730001194061,2208.3369140625,855456
2019-09-16,2191.157671354873,2222.1758743250507,2165.229557356176,2178.15380859375,858330
2019-09-17,2183.1247160634857,2196.7250829870964,2032.0900025459923,2043.1849365234373,1327205
2019-09-18,2059.92670948186,2081.400848924335,2001.8669991373908,2048.87158203125,1207661
2019-09-19,2036.862077635996,2063.903589014217,1999.0436898000928,2013.99609375,706524
2019-09-20,2016.1829657906349,2399.1782342809365,2014.4730657971115,2276.974365234375,4283092
2019-09-23,2286.5977310378653,2404.2281940361054,2203.6439032126377,2243.132568359375,1380382
2019-09-24,2262.738017735243,2262.976658118573,2167.018952215051,2191.9130859375,1064290
2019-09-25,2187.180926688026,2187.180926688026,2104.943001514333,2150.794189453125,1063692
2019-09-26,2143.4372532699063,2207.064333144337,2135.364645180613,2195.2138671875,1046239
2019-09-27,2192.2711202031546,2209.80837421476,2152.981473168639,2170.59814453125,679062
2019-09-30,2174.455546593377,2194.1401752613315,2122.122232350352,2151.19189453125,837786
2019-10-01,2159.900336773053,2178.3521478163266,2097.307246926436,2138.14794921875,865901
2019-10-03,2155.3675746793733,2174.455700801995,2111.623952315032,2121.52587890625,937439
2019-10-04,2132.9389747851023,2159.344175965704,2114.805216903428,2122.201904296875,689443
2019-10-07,2106.852129026768,2134.688982373668,2072.8912067784463,2126.735595703125,581314
2019-10-09,2131.5071219670963,2139.460506750556,2054.359289567541,2071.33984375,1065595
2019-10-10,2071.3399087582684,2095.716956214863,2052.8879001419864,2069.3515625,654085
2019-10-11,2079.690674555674,2095.7166655044725,2042.3493816656944,2066.169921875,594047
2019-10-14,2059.926319907501,2090.507040532252,2045.4910065709605,2075.19677734375,708591
2019-10-15,2083.906066262336,2147.3741165796887,2075.833458261095,2128.087158203125,1011239
2019-10-16,2141.369345701113,2141.369345701113,2061.7560766466395,2069.749267578125,926034
2019-10-17,2075.0382045913702,2102.875052870672,2053.5640644901946,2091.10400390625,1107128
2019-10-18,2090.9447403407994,2117.2307143861303,2072.532733286761,2104.584716796875,1179162
2019-10-22,2115.6000794496504,2158.1108767976957,2100.647679150989,2127.251708984375,799030
2019-10-23,2123.5939287810943,2177.6371493689994,2094.921932592383,2157.674072265625,1119172
2019-10-24,2171.2739286790616,2186.98186277848,2107.646853845976,2144.232421875,1427292
2019-10-25,2151.390628208161,2153.7766436923107,2091.7402411044227,2113.65185546875,799469
2019-10-27,2117.1911968132645,2141.0115472888774,2107.647134318239,2122.678955078125,69656
2019-10-29,2135.0864110763955,2163.320930574705,2120.173812749824,2148.64697265625,1088620
2019-10-30,2160.9344355326875,2160.9344355326875,2129.120899492457,2135.0859375,739316
2019-10-31,2143.4373189563435,2160.139427935224,2139.0231513198933,2150.75439453125,673886
2019-11-01,2153.7771897804623,2194.33946329553,2124.429269554061,2153.10107421875,1427332
2019-11-04,2156.9582318658977,2159.304441845167,2098.103176866606,2102.4775390625,760461
2019-11-05,2114.805117334076,2130.7118876788227,2098.1428142328423,2119.5771484375,508321
2019-11-06,2115.6000434619245,2144.9479513574806,2100.4886145800538,2130.194580078125,601239
2019-11-07,2123.553636248695,2126.3373207905943,2102.0794983540454,2116.2763671875,440308
2019-11-08,2116.236952654573,2141.051477752023,2100.21076361026,2105.221435546875,444717
2019-11-11,2095.716786145613,2113.1744260416185,2056.4667565227933,2063.10791015625,570373
2019-11-13,2055.950215814232,2089.9111341225776,2048.3148878265315,2059.211181640625,692298
2019-11-14,2063.9037198605274,2074.3623450486075,2049.5876246938647,2061.2392578125,461170
2019-11-15,2067.8800996107598,2079.770371348633,2012.4052392462013,2022.704833984375,682624
2019-11-18,2024.9317537723327,2030.1014538506995,1985.7613339477896,1990.652587890625,808951
2019-11-19,2004.253071275181,2004.253071275181,1958.998387137197,1963.6510009765625,1011599
2019-11-20,1970.8488278878265,1976.416197458131,1937.6832508539,1964.8837890625,918063
2019-11-21,1970.0535192989948,1988.2666937858369,1937.8821149140028,1943.369873046875,677663
2019-11-22,1948.5391520783608,1955.2597223021216,1929.4908374275085,1941.898193359375,471953
2019-11-25,1954.942540484602,1987.5514274495608,1930.843738843893,1971.6446533203125,1144301
2019-11-26,1979.597783963448,2000.077753002041,1965.679358403239,1984.0517578125,1342442
2019-11-27,1985.0849425165288,2015.387411816203,1981.625337142166,2006.8375244140625,1008253
2019-11-28,2001.867330860877,2004.253346749865,1956.5330289701064,1961.543701171875,544359
2019-11-29,1969.8546789714624,1975.4220486102229,1927.9005720508023,1935.49609375,757233
2019-12-02,1933.468142181044,1946.193559817776,1908.8126455098743,1914.3402099609373,671750
2019-12-03,1910.403222789416,1936.5697837665,1908.8125456680252,1926.6280517578125,506622
2019-12-04,1924.719498537759,1955.538870673436,1918.3567894516837,1939.8309326171875,457308
2019-12-05,1944.6027056150715,1968.4628615121887,1901.65442500026,1906.1083984375,948025
2019-12-06,1917.561092156732,1922.0150653537053,1869.8407829367384,1878.74853515625,750661
2019-12-09,1890.280743441189,1904.8354750499404,1876.6805732555024,1894.2972412109373,428294
2019-12-10,1908.8123658798283,1913.66400831288,1846.775963988734,1853.138671875,805888
2019-12-11,1858.7059289394824,1864.233492246716,1799.8508845485876,1826.335693359375,1264067
2019-12-12,1838.8229732866305,1864.591868079853,1835.1247262047848,1856.3602294921875,871422
2019-12-13,1867.4545220653265,1876.2032442726168,1845.3440761974732,1859.620361328125,924706
2019-12-16,1861.290701469772,1867.4147683506533,1832.578907392332,1835.9989013671875,593867
2019-12-17,1843.5949059826344,1851.7471267705212,1826.8927951001344,1833.2156982421875,810022
2019-12-18,1841.1689746825768,1845.1854732761076,1821.365122057283,1838.782958984375,952321
2019-12-19,1838.10672137907,1890.2013884912496,1825.89819882118,1879.94140625,1767354
2019-12-20,1884.1570207722543,1928.6959794734985,1880.9756665793088,1903.4041748046875,1615264
2019-12-23,1908.8125672746053,1936.9278633832032,1894.019192208445,1924.7989501953125,1192490
2019-12-24,1924.679026811968,1947.4257815938604,1923.9632999572225,1934.77978515625,1173285
2019-12-26,1934.7800931005256,1952.516180198902,1928.735637102832,1939.5521240234373,754276
2019-12-27,1948.579184898456,1954.9418924409813,1925.9120392782088,1942.5743408203125,599490
2019-12-30,1945.397983531723,1976.4161852315335,1941.421291006106,1971.6839599609373,699880
2019-12-31,1961.7027764955856,1967.6678163592453,1935.416795328163,1943.0521240234373,443409
2020-01-01,1952.476135965196,1958.5605911534176,1930.5647186599565,1934.700439453125,314519
2020-01-02,1946.8294007891825,1950.169783279656,1922.3727446571063,1932.23486328125,546945
2020-01-03,1924.719360997685,1947.7841797865,1920.7426681030613,1934.5418701171875,544720
2020-01-06,1931.8373305174252,1931.8373305174252,1877.038587812808,1883.480712890625,624665
2020-01-07,1891.314854839761,1908.7326894159908,1858.705978032179,1867.4945068359373,620687
2020-01-08,1846.7761562719083,1865.1087491128576,1837.6695684964147,1843.2369384765625,595883
2020-01-09,1861.8876738512336,1880.9758003665816,1850.0372063094076,1872.66455078125,732115
2020-01-10,1874.6127814636368,1899.0296337577,1869.840750624103,1879.74267578125,578287
2020-01-13,1895.211825190168,1895.211825190168,1870.914392031497,1882.3671875,434063
2020-01-14,1882.5660794055416,1923.7646492557228,1877.8338545427232,1917.8790283203125,787340
2020-01-15,1924.679303374092,1972.8768926196676,1919.947078283631,1969.4967041015625,1051367
2020-01-16,1968.4228664495836,1968.4228664495836,1930.2864264431223,1936.25146484375,590255
2020-01-17,1944.602817078383,1968.3833628158163,1925.9919720816488,1951.7608642578125,457663
2020-01-20,1951.7611428319624,1956.2547287550783,1916.845852054192,1921.22021484375,320280
2020-01-21,1916.765929013265,1918.873498526838,1888.9290794217857,1907.778564453125,568473
2020-01-22,1915.732068813917,1916.7660478405912,1892.110550959654,1908.05712890625,346888
2020-01-23,1906.4261776927765,1936.529814321939,1892.9054246594944,1932.4735107421875,315469
2020-01-24,1940.6259826595024,1968.3038019028136,1930.366193453744,1963.412353515625,519690
2020-01-27,1953.351056274178,1987.1529373375545,1928.735372311142,1953.1522216796875,897656
2020-01-28,1953.9481026283547,1995.4647386513843,1940.6261810982744,1963.57177734375,904634
2020-01-29,1975.62062314846,1996.2994219414795,1964.4858853368344,1977.48974609375,787135
2020-01-30,1977.966922887076,2005.8435744437104,1959.713944262213,1974.2686767578125,797868
2020-01-31,1994.7087584988376,2005.7638848733816,1982.0231495274788,1989.8175048828125,574957
2020-02-03,1901.6542374631529,1963.69063667776,1875.408068564665,1889.8433837890625,1507692
2020-02-04,1918.3563573491624,1976.098006968996,1909.4486054699887,1958.1630859375,1187298
2020-02-05,1966.0769139925471,1971.5646723691043,1865.5063922391053,1887.5372314453125,2176980
2020-02-06,1904.8353842913891,1930.2862119729443,1873.0218496894452,1917.7994384765625,1632634
2020-02-07,1972.4395348653643,1985.1649512193344,1925.79300821262,1943.369873046875,2709754
2020-02-10,1948.1814731523596,1954.504374799844,1889.0479835500016,1897.4388427734373,949025
2020-02-11,1920.742582488196,1943.2905078654455,1900.8591189013616,1905.989013671875,680119
2020-02-12,1916.7654488804976,1932.6722160911245,1908.8120652751843,1927.1446533203125,467714
2020-02-13,1923.9241000788584,1941.660189939696,1909.608005080339,1915.930908203125,514501
2020-02-14,1927.900810839036,1938.876522606924,1869.920703232352,1874.2154541015625,798770
2020-02-17,1909.793584983088,1909.793584983088,1856.262151627412,1867.5491943359373,818134
2020-02-18,1867.4267936083104,1867.4267936083104,1819.825115906245,1842.43994140625,839607
2020-02-19,1859.9024014389076,1863.1739975716052,1821.502081767839,1841.58154296875,729471
2020-02-20,1854.1767687649085,1861.5378587158937,1828.3720190558176,1832.2979736328125,886179
2020-02-24,1815.735780194296,1815.735780194296,1778.930325190357,1786.4549560546875,808263
2020-02-25,1791.3620242761583,1810.828056874602,1769.9740491864595,1786.4136962890625,861921
2020-02-26,1783.0193068847186,1795.287788354109,1747.031761241174,1752.3890380859375,972076
2020-02-27,1756.7648815423756,1765.557294287482,1718.405504880846,1725.9710693359375,1093297
2020-02-28,1701.229666747898,1725.7666330952236,1663.565383468285,1678.1240234375,1879071
2020-03-02,1717.587734350968,1725.7667235621632,1603.8997843153563,1615.7183837890625,1207967
2020-03-03,1616.1679063895372,1688.0203904002751,1616.1679063895372,1680.6593017578125,1689926
2020-03-04,1693.050726453631,1695.7907676471596,1636.2067527876754,1673.7073974609375,976550
2020-03-05,1686.2620637859814,1711.9442081658308,1678.5738942652183,1688.0614013671875,899516
2020-03-06,1612.0785396047877,1679.5142559293145,1612.0785396047877,1667.1231689453125,606826
2020-03-09,1631.708443267651,1645.203776257083,1566.5219353703242,1599.851318359375,844134
2020-03-11,1609.624903458306,1676.5290679389236,1594.00305571513,1665.282958984375,1848085
2020-03-12,1599.8102344233937,1618.580974077935,1467.1061390577518,1559.896728515625,2248848
2020-03-13,1440.3197557388503,1589.177334128669,1255.4746309251193,1540.88037109375,1184611
2020-03-16,1486.9400432512878,1509.0233112203664,1452.0158038440625,1458.7225341796875,883109
2020-03-17,1458.3136728627055,1556.9522557813152,1436.516648193523,1505.87451171875,1236906
2020-03-18,1505.7518600991389,1521.291939046387,1362.6195540060648,1375.0107421875,1118487
2020-03-19,1347.8971816437952,1463.2209089567657,1277.516952095409,1400.6107177734375,1276786
2020-03-20,1410.8755713074988,1509.5959264184592,1369.980627211629,1485.0589599609375,1244977
2020-03-23,1336.569370790606,1368.4674246302611,1243.2062009301517,1321.7244873046875,750837
2020-03-24,1349.5329434906114,1434.6761837753331,1206.4006616052434,1330.76220703125,1488860
2020-03-25,1275.9222799380063,1376.9327937664318,1247.5412281348292,1363.9691162109375,1027510
2020-03-26,1382.1674150146291,1495.0783018441405,1345.9344526563846,1473.7720947265625,1448305
2020-03-27,1484.4862266736725,1497.0409524792376,1341.8446651451718,1358.693359375,1514916
2020-03-30,1337.2648466888024,1341.354341632805,1261.445650363471,1270.6060791015625,1250949
2020-03-31,1302.9130297646802,1336.2424120389494,1280.0118591222376,1305.7347412109375,1456425
2020-04-01,1300.5409430877137,1347.3656523103743,1280.011701894571,1341.06787109375,1641556
2020-04-03,1316.8580768664294,1327.4498269850806,1262.1406241038017,1293.9569091796875,1592821
2020-04-07,1333.1752433506108,1463.2211719964678,1327.981605162235,1447.0267333984375,1374508
2020-04-08,1392.0638006261092,1540.7578469984312,1390.4280029755498,1489.9254150390625,1376705
2020-04-09,1536.9547761210015,1646.7577061763504,1515.566699385933,1628.35498046875,2416795
2020-04-13,1596.538595030882,1655.0183642648512,1544.23400220494,1569.5888671875,1560999
2020-04-15,1586.7236912574674,1614.5322507949695,1481.7872340074284,1491.92919921875,1537624
2020-04-16,1472.2178682339106,1478.311174474302,1433.408609366099,1458.02734375,1453445
2020-04-17,1504.8929969493242,1533.5603924893944,1482.032763301751,1501.58056640625,1327762
2020-04-20,1533.519605427921,1537.609100202087,1461.626367171033,1477.0028076171875,2291195
2020-04-21,1460.0309937186328,1504.033985050732,1437.8659582440791,1494.7508544921875,1650618
2020-04-22,1472.2177698391497,1558.0971397464334,1469.6823036482135,1543.9066162109375,2737381
2020-04-23,1554.0079316249162,1573.1876211603428,1517.202480612747,1525.3814697265625,1882834
2020-04-24,1506.9784928066265,1586.2329040654752,1504.9337458693035,1549.754638671875,1711725
2020-04-27,1561.3689411283228,1594.084895892667,1551.9221692536505,1582.7978515625,1322269
2020-04-28,1595.148331646263,1613.5510576696802,1566.7671787187749,1589.2593994140625,1056981
2020-04-29,1608.193614559418,1650.9288294917662,1587.5416685873265,1611.4652099609375,1836009
2020-04-30,1649.7839395404992,1797.8237482067648,1615.3504139753863,1772.1416015625,2785165
2020-05-04,1677.5107177456327,1697.099357326474,1623.529387969323,1636.370361328125,1328847
2020-05-05,1663.6062967623836,1677.5105775121183,1590.9360023415627,1607.45751953125,1318956
2020-05-06,1620.25776016049,1683.9720061414116,1581.203086739156,1657.6766357421875,1881161
2020-05-07,1635.7975591796592,1677.8374765776489,1622.2204594067,1636.04296875,1112730
2020-05-08,1668.51376935851,1668.51376935851,1598.9923623019054,1605.2083740234375,1139464
2020-05-11,1648.066151984019,1746.050472321322,1627.6186811157309,1708.3043212890625,4445410
2020-05-12,1711.8624048272477,1745.396259866864,1652.1557848786624,1729.28369140625,2919966
2020-05-13,1799.2549793222952,1852.5410129112397,1756.846841383374,1789.2357177734375,3253820
2020-05-14,1746.990974905205,1844.361871049401,1732.8822200158022,1833.1976318359373,2570474
2020-05-15,1839.45450178474,1839.45450178474,1774.8404930515278,1794.10205078125,2080650
2020-05-18,1796.9237569792997,1814.508582093116,1684.994220509817,1693.50048828125,1803530
2020-05-19,1733.127604421777,1740.4477589447613,1687.1617305458296,1695.9132080078125,1389745
2020-05-20,1684.053861203592,1691.251411571627,1628.7229797927034,1655.1002197265625,2782627
2020-05-21,1670.9672410969015,1742.1244363859032,1652.1555687791197,1733.5364990234375,2636698
2020-05-22,1733.1279450752868,1766.5799336089362,1704.378875694154,1758.9736328125,2241339
2020-05-26,1765.0257250641353,1774.7586415435003,1718.4054904354716,1728.7518310546875,1513568
2020-05-27,1738.0351703233432,1788.7449023516008,1730.060656012448,1779.461669921875,1403554
2020-05-28,1797.4146866653616,1909.7939146615888,1771.69160674128,1879.613525390625,3727629
2020-05-29,1860.7198293451052,1956.3321222415984,1840.2723586929608,1930.9365234375,3368722
2020-06-01,1930.8547994049447,1962.1394318637983,1891.2685731077252,1902.67822265625,2028590
2020-06-02,1930.159152576122,1956.045767451829,1866.3630509908744,1896.09375,2408304
2020-06-03,1921.080772748947,1939.2380864690028,1873.642641574252,1881.330810546875,1562885
2020-06-04,1864.8091840687723,1915.232563054548,1850.945839939461,1905.0906982421875,1532156
2020-06-05,1917.0732105689365,1933.472123952807,1887.71071903232,1914.4150390625,1138282
2020-06-08,1929.423089151414,1995.5093459608868,1926.1514942567103,1950.115966796875,2354805
2020-06-09,1950.6884951097732,1987.0849890436875,1938.420014008454,1952.5697021484373,1980625
2020-06-10,1952.3246553753645,1957.3546536886677,1866.608811549772,1874.8287353515625,3106338
2020-06-11,1894.2537479304408,1917.972814722316,1881.1673662521648,1889.305419921875,2056461
2020-06-12,1833.7289043541264,1975.2253809166884,1824.4866090121343,1964.4700927734373,3296719
2020-06-15,1958.8262797215773,1958.8262797215773,1894.2532229599808,1920.548583984375,1416097
2020-06-16,1946.5994494901115,1992.156379863136,1930.241470922968,1959.6448974609373,2145404
2020-06-17,1944.3500789301572,1954.7782894702184,1914.7012450417487,1932.9404296875,1731506
2020-06-18,1930.4457103636016,1946.5992122297944,1915.6825965696785,1934.289794921875,1087739
2020-06-19,1942.5098517424933,1948.8895029815276,1907.5446744111289,1926.84716796875,3602756
2020-06-22,1939.3607507855052,2001.4803273074128,1931.0591574487376,1973.2628173828125,3042752
2020-06-23,1999.7221666577489,1999.7221666577489,1967.537960068074,1978.3751220703125,996657
2020-06-24,2003.8521386779028,2081.552527728679,1995.46867564874,2039.6761474609373,3354520
2020-06-25,2022.6227212294864,2114.268318249047,2007.2461844330303,2093.575439453125,3281309
2020-06-26,2110.1789935365127,2118.889536253178,2069.9384108055388,2077.8310546875,1351753
2020-06-29,2069.284497994411,2069.284497994411,2018.574759308382,2048.06005859375,1131627
2020-06-30,2084.8241935364827,2100.6506163458366,2054.561935725243,2083.1474609375,1441648
2020-07-01,2090.5492266651845,2106.130237950619,2069.283858944803,2083.55615234375,1336764
2020-07-02,2085.641978188007,2196.0583182097253,2085.641978188007,2184.934814453125,3353340
2020-07-03,2191.968963269196,2249.2218839516,2190.0060858615925,2239.611572265625,2637811
2020-07-06,2249.467401058166,2272.9819946051425,2220.5955297405394,2266.35693359375,1716058
2020-07-07,2259.036444556689,2280.710762362899,2230.9008062208013,2248.649169921875,1223502
2020-07-08,2257.401078467348,2272.0823245303286,2216.506131393664,2224.03076171875,974918
2020-07-09,2228.7745327792663,2230.982819902797,2180.96838136126,2201.333984375,1383528
2020-07-10,2200.147580674534,2236.5440741094844,2185.0983239361512,2192.990966796875,1205528
2020-07-13,2209.921603964953,2220.063668808258,2184.076121913733,2199.90234375,713590
2020-07-14,2185.425785309556,2193.318429548983,2129.80866203072,2136.229248046875,921721
2020-07-15,2131.566835216881,2191.9687402646387,2131.566835216881,2165.8369140625,1188285
2020-07-16,2167.431998230906,2228.7744132751777,2137.2106750222306,2220.431884765625,1607439
2020-07-17,2220.8408095696686,2269.669331466922,2210.78061367751,2260.71337890625,969122
2020-07-20,2260.713275552941,2350.1913266749048,2242.8421064456534,2339.313232421875,1674943
2020-07-21,2339.3541619134603,2360.2105817956967,2328.557937440298,2346.67431640625,1289304
2020-07-22,2339.19053623442,2339.19053623442,2251.7163006987616,2263.94384765625,1349352
2020-07-23,2269.6693348991507,2284.350579489328,2245.4187135901907,2266.561279296875,1117663
2020-07-24,2251.6754297002462,2286.0271798082777,2231.309829151987,2241.615234375,701462
2020-07-27,2256.5828667675287,2256.5828667675287,2198.8391296297223,2243.9873046875,662841
2020-07-28,2251.3480947314515,2331.0113501223605,2245.1729194639647,2323.854736328125,1836163
2020-07-29,2338.57752362807,2355.9169410671047,2264.2713257096225,2273.759033203125,1092469
2020-07-30,2288.614664383043,2302.6038121697466,2218.4623937474285,2231.626220703125,1497969
2020-07-31,2232.492588213531,2236.3715553692336,2184.170018879583,2208.970947265625,1260570
2020-08-03,2228.365998457014,2285.973426419693,2162.9593297986,2171.66650390625,2281990
2020-08-04,2198.4482192693267,2255.436659208004,2178.8881571574248,2233.400634765625,2033677
2020-08-05,2244.212129609788,2261.378841405453,2205.257030742836,2224.8583984375,997234
2020-08-06,2242.396634796149,2255.6017677209697,2207.733160868494,2232.038818359375,859485
2020-08-07,2236.6196581832714,2244.8728672540583,2203.689434588576,2233.4833984375,854109
2020-08-10,2243.2222864714745,2243.2222864714745,2207.031883113693,2230.140869140625,684596
2020-08-11,2248.999247108983,2290.2652883403407,2231.667509791813,2238.9716796875,1617202
2020-08-12,2245.69769872378,2307.5967532641266,2232.740203605531,2289.439697265625,1798834
2020-08-13,2302.6450754001926,2327.4046998668614,2266.57859605928,2318.862548828125,1299029
2020-08-14,2311.31058112486,2346.799370622581,2274.625116931309,2314.0341796875,2158769
2020-08-17,2321.462525804271,2421.573985148862,2319.1515871267698,2415.879150390625,2723654
2020-08-18,2415.7138169830678,2446.250684502156,2397.804397142358,2413.361572265625,1530968
2020-08-19,2431.3538333884403,2474.972119395085,2411.1334732651053,2420.707275390625,2016727
2020-08-20,2403.334274145293,2446.9936657667467,2387.36423537286,2439.689697265625,1185217
2020-08-21,2458.383261953336,2517.0223507045584,2440.5151455209107,2503.569580078125,2012976
2020-08-24,2506.499542294536,2538.27439655148,2476.829296605429,2488.3837890625,1706107
2020-08-25,2512.2764045926638,2519.6629851285893,2441.1751014007564,2450.996337890625,1323587
2020-08-26,2566.747780392312,2625.634502189725,2533.7349472039864,2608.6328125,4651022
2020-08-27,2607.1881986769667,2616.266726750865,2564.68418087644,2592.951416015625,1431518
2020-08-28,2574.216723363671,2611.3148507452743,2517.76466321582,2524.90380859375,1838010
2020-08-31,2533.7345405558663,2549.333021136157,2447.983800709371,2480.955322265625,1808588
2020-09-01,2500.7633157831424,2537.283760970575,2455.742026106322,2472.3310546875,1357833
2020-09-02,2504.8072863333414,2508.810172754619,2373.7463048429577,2429.373046875,2809547
2020-09-03,2455.329493572945,2481.038157084382,2418.974070352432,2427.5986328125,1512714
2020-09-04,2408.9876393999725,2456.5673017712,2366.6899494232302,2405.97509765625,1508195
2020-09-07,2418.189999568081,2422.233990983275,2353.8149756887947,2360.541259765625,1476038
2020-09-08,2369.4956470029374,2396.070932316579,2353.8145542502184,2363.05810546875,1263479
2020-09-09,2349.688162811532,2409.9365772425963,2335.822733986066,2396.7314453125,1995585
2020-09-10,2409.9365793238658,2440.8034946393946,2383.7326456274504,2433.66455078125,1629594
2020-09-11,2433.994273807901,2482.316837359375,2433.6642261511183,2469.565673828125,1525239
2020-09-14,2488.3009933265143,2508.1499995646823,2439.6483707513003,2499.484130859375,1537220
2020-09-15,2499.484102382557,2518.631505100124,2480.1303694600706,2506.623046875,915275
2020-09-16,2503.1982984767374,2562.621403485087,2496.30678833983,2522.345703125,1603512
2020-09-17,2511.28608700414,2556.843753349855,2500.7632471541688,2526.306884765625,914287
2020-09-18,2541.987928229485,2576.527682462412,2537.9439371232143,2568.9345703125,1362732
2020-09-21,2576.651345448246,2578.67334095859,2503.2391060617733,2521.643798828125,826132
2020-09-22,2508.9750495865524,2518.8788984665,2442.949390386906,2476.0859375,1099375
2020-09-23,2476.375119851228,2511.451254693313,2414.022091615429,2440.267333984375,1256820
2020-09-24,2402.7977522392644,2433.870999251508,2393.4302807152835,2408.53369140625,1020064
2020-09-25,2421.9447122387573,2488.465434591862,2414.1454725288136,2477.612548828125,1263899
2020-09-28,2514.7526330340797,2554.9870245209227,2469.772646653916,2549.33349609375,1422073
2020-09-29,2562.620905149295,2659.2247383459776,2562.208244778096,2620.35205078125,3394236
2020-09-30,2639.37619941944,2639.37619941944,2587.3809834834096,2597.532470703125,1175373
2020-10-01,2612.1401676854007,2640.201073120252,2568.1505315136665,2600.95703125,1459005
2020-10-05,2661.6592695769896,2665.7858730957137,2553.707281228307,2582.593505859375,1374983
2020-10-06,2593.653617104605,2622.787284534675,2572.5253208463946,2588.495361328125,849216
2020-10-07,2591.507369934232,2682.2513536239844,2589.898034637122,2668.798583984375,2071160
2020-10-08,2682.2925655244526,2717.616335609303,2670.449131598942,2706.3505859375,1414044
2020-10-09,2723.55841171382,2756.571240946714,2696.364133932086,2746.172119140625,1358012
2020-10-12,2765.4851860879216,2769.405460184405,2701.894173339772,2710.931396484375,1438726
2020-10-13,2709.940795054713,2726.0345503474086,2687.4094973460724,2713.696044921875,847392
2020-10-14,2726.0346253756256,2750.75294324509,2698.799038746078,2732.47216796875,1188612
2020-10-15,2733.462561654844,2789.2130234633087,2715.3881162561306,2735.36083984375,1817305
2020-10-16,2735.938234452773,2801.8812805316,2724.383744171525,2761.89453125,1461910
2020-10-19,2766.516714509368,2771.839993537078,2666.2402341714924,2681.2197265625,1056638
2020-10-20,2681.4671698887205,2717.3686232251807,2666.1574293739623,2672.05859375,1198126
2020-10-21,2682.292602032704,2707.052226051467,2585.0284650812605,2623.158447265625,2045833
2020-10-22,2621.9613471404505,2621.9613471404505,2527.462123533783,2543.225830078125,1640304
2020-10-23,2558.494422877249,2602.195117962689,2550.1586023856257,2567.6142578125,1707899
2020-10-26,2575.0007982306324,2575.0007982306324,2372.797209908035,2391.73828125,4182675
2020-10-27,2414.0632007268678,2457.722587930318,2356.744714772577,2403.292724609375,3089586
2020-10-28,2471.835505051321,2504.8483331655293,2418.4786022094577,2431.559814453125,5321192
2020-10-29,2422.31667013109,2444.889275746916,2381.0506280504924,2388.478515625,2345545
2020-10-30,2404.9018800699823,2416.951642752111,2300.1687650162658,2310.73291015625,3110768
2020-11-02,2383.526673073423,2383.526673073423,2320.802286939912,2340.321044921875,2671709
2020-11-03,2360.4178483475584,2434.242764878996,2349.688676309615,2424.297607421875,2352020
2020-11-04,2426.443020802624,2457.805209506876,2401.76601081464,2449.552001953125,1868196
2020-11-05,2467.709262260596,2472.5785745215007,2415.5490265143576,2430.033447265625,1195194
2020-11-06,2428.91916640495,2461.9319991117786,2414.228415551542,2430.941162109375,1182126
2020-11-09,2451.2026594035606,2466.8837538576577,2418.189828973883,2438.203857421875,1175877
2020-11-10,2465.23324614173,2465.23324614173,2412.37140824816,2435.72802734375,1352612
2020-11-11,2459.455846777829,2537.8613184032965,2437.3372102730423,2525.605224609375,2829916
2020-11-12,2525.4811017294523,2558.4939265886605,2506.498727435407,2546.7744140625,2093558
2020-11-13,2549.416212845001,2587.298360855088,2534.643049606575,2582.346435546875,1274593
2020-11-14,2605.496138971211,2605.496138971211,2556.843524090875,2571.45166015625,199281
2020-11-17,2596.789222800528,2598.1098166468737,2476.787661930517,2501.794921875,1933560
2020-11-18,2510.502093227406,2516.3617498641083,2429.4967378387705,2461.931884765625,1956934
2020-11-19,2499.896683543427,2588.824999044188,2455.4530782151505,2466.47119140625,4282399
2020-11-20,2475.137087409943,2491.60219712569,2447.6125580409107,2474.84814453125,1531471
2020-11-23,2496.2656856021104,2537.036457641811,2461.106934511347,2525.275634765625,1653325
2020-11-24,2522.1799344616834,2566.4583072291034,2510.3365024046943,2537.159423828125,1517541
2020-11-25,2541.5755315713286,2554.244287086949,2476.787845509192,2483.18408203125,1110258
2020-11-26,2482.56477844837,2516.939306568186,2456.237127519335,2496.223876953125,859782
2020-11-27,2516.403054771338,2573.804155240537,2502.372601530566,2565.798583984375,3266924
2020-12-01,2575.0007347178685,2583.1713295283785,2537.902607380333,2566.953857421875,1503427
2020-12-02,2569.223725342964,2622.1268707638565,2551.066667213332,2580.117919921875,1748207
2020-12-03,2604.712394989249,2613.790923615637,2579.5401110706266,2591.383544921875,974736
2020-12-04,2600.585701463017,2642.6770600078007,2599.760380707237,2624.891357421875,1089915
2020-12-07,2624.4373805059518,2655.8408754401808,2587.875832362472,2619.609375,991744
2020-12-08,2620.393258344705,2644.98785584,2603.5979012722346,2614.57470703125,644753
2020-12-09,2620.3517855603973,2644.327390999248,2604.8357168748994,2633.3505859375,669455
2020-12-10,2624.519894865832,2647.422544891784,2612.965404762649,2636.322021484375,559968
2020-12-11,2641.026707388195,2673.626880807518,2615.441761160372,2628.89453125,1276394
2020-12-14,2652.581032045296,2652.581032045296,2562.621065494911,2569.760009765625,1421591
2020-12-15,2544.0928976826585,2587.380937178042,2542.89622271553,2568.6875,1058918
2020-12-16,2583.336377170436,2595.6335748765787,2562.6207472151914,2572.937255859375,1025407
2020-12-17,2587.3805698050123,2605.950286813182,2559.3609704404385,2568.9345703125,969196
2020-12-18,2559.319631956826,2594.808424015563,2559.319631956826,2587.628173828125,1109264
2020-12-21,2598.1095477972062,2602.112433765584,2430.5281403826443,2471.0927734375,1397172
2020-12-22,2492.4689229356063,2525.481756351972,2393.9256957854927,2516.48583984375,1073505
2020-12-23,2514.422248570941,2536.623295892361,2485.8660703523,2509.016357421875,711716
2020-12-24,2513.101377899741,2545.04124673872,2500.721568156393,2536.29296875,640601
2020-12-28,2555.1930063605178,2578.301987038197,2527.709785469985,2544.1337890625,742559
2020-12-29,2555.192944478896,2563.446151663905,2526.3067193313627,2537.035888671875,478502
2020-12-30,2541.9878749940763,2565.0555493400448,2530.103336955469,2559.649658203125,505754
2020-12-31,2564.271596318579,2573.18510080806,2546.114539633993,2566.74755859375,605742
2021-01-01,2570.8746787768205,2575.661580435856,2552.7176184451705,2560.681884765625,408952
2021-01-04,2568.3978655091078,2578.2604069881504,2506.7051468565346,2512.15234375,1599835
2021-01-05,2518.8785068450834,2537.324503113831,2501.546773999819,2531.42333984375,1150326
2021-01-06,2543.061240930277,2577.972354083692,2513.9273738757224,2544.918212890625,1370394
2021-01-07,2553.5424590932107,2570.6678650486674,2504.023212956949,2521.561279296875,880259
2021-01-08,2533.734589159326,2612.924071280605,2528.039956836791,2608.92138671875,1576465
2021-01-11,2608.838942006885,2661.5768583703184,2597.325757617046,2639.128173828125,1596027
2021-01-12,2632.7732105147966,2719.43188985776,2624.8913569995,2680.84814453125,1586336
2021-01-13,2690.5455270009347,2738.4141284015645,2654.80909979436,2687.904541015625,1424073
2021-01-14,2694.672570107281,2719.432195560028,2672.4302135410994,2695.9931640625,803208
2021-01-15,2682.2925178177684,2699.50053656827,2619.5681389395686,2643.50244140625,1199320
2021-01-18,2641.0264318520267,2655.5108514880803,2543.844912367472,2610.61328125,1280163
2021-01-19,2616.6795077812512,2674.658292017691,2616.6795077812512,2668.179443359375,770832
2021-01-20,2673.214317912584,2717.368984787646,2666.0340665887816,2703.421142578125,841752
2021-01-21,2703.421073623722,2761.523581226321,2657.285516925991,2680.064453125,1300181
2021-01-22,2694.672327521288,2875.3762707173028,2689.637790201388,2785.375,3813020
2021-01-25,2820.90472024843,2905.2524517215184,2770.642772461496,2867.947998046875,2266967
2021-01-27,2847.3566473918268,2875.4175534820647,2748.276848971399,2771.881103515625,1333633
2021-01-28,2755.704623492164,2858.993634211439,2744.315157068226,2803.944580078125,1986409
2021-01-29,2822.51458375043,2876.243049578455,2662.815005531368,2687.285888671875,1718833
2021-02-01,2723.5584583311834,2773.737999922937,2655.2631666866664,2757.107666015625,1285163
2021-02-02,2806.090881666458,2806.090881666458,2691.371283857153,2718.483154296875,1751516
2021-02-03,2720.711112752692,2824.2475587923736,2697.148165439356,2790.244384765625,1077971
2021-02-04,2839.9287888752992,2901.0025262704667,2809.4745328530084,2839.68115234375,2425660
2021-02-05,2888.622692163742,2938.141938315121,2778.0297090923304,2830.18994140625,2719249
2021-02-08,2870.465883600456,2894.317575296005,2818.800718381272,2884.496337890625,1004959
2021-02-09,2856.4351581620635,2919.984856855643,2852.597497215312,2888.168701171875,1543021
2021-02-10,2880.369388816794,2945.3633972320727,2876.449115293333,2920.768798828125,1477082
2021-02-11,2908.430421541896,2933.1900448807883,2866.7930285925245,2922.87353515625,757116
2021-02-12,2918.293021774204,2954.6484430553583,2891.016129228695,2901.62158203125,566161
2021-02-15,2937.9994028943465,2952.4832582032504,2906.8843293050904,2918.168212890625,809861
2021-02-16,2922.0423529723757,2934.926327231259,2890.043041902361,2914.9267578125,759332
2021-02-17,2916.526402323041,3027.302996771676,2911.305503640856,3018.0400390625,1946207
2021-02-18,3014.376517650569,3055.975737013753,2952.3568950034214,2966.546142578125,1701157
2021-02-19,2966.546374631511,2966.546374631511,2837.833289914709,2854.42236328125,995322
2021-02-22,2863.095781729844,2890.842507085256,2821.117662812659,2875.01123046875,921345
2021-02-23,2875.0116637147203,2930.084284814969,2843.7703548588,2867.685546875,1069537
2021-02-24,2896.7792875458063,2947.304507677419,2821.917835285859,2898.126708984375,823330
2021-02-25,2905.200361092696,2913.621231704559,2864.9907039210507,2892.063720703125,897962
2021-02-26,2867.3069448920696,2883.0117890952392,2694.510690828448,2714.88916015625,1880371
2021-03-01,2740.9937427941823,2831.981302777745,2736.7833069373555,2821.160400390625,1176879
2021-03-02,2822.675612216133,2938.8836177309977,2822.254568717891,2927.43115234375,1402320
2021-03-03,2955.7257528765226,2956.4835490396267,2858.0436482230534,2883.60107421875,965062
2021-03-04,2861.4118388835404,2913.621236767819,2836.359748769713,2879.8115234375,934953
2021-03-05,2875.727068944955,2940.14672363728,2858.04324216667,2915.052490234375,1017875
2021-03-08,2915.010668357374,2938.4628758517824,2882.211417595146,2916.947509765625,749107
2021-03-09,2917.873947639961,2938.883979672233,2876.990577808076,2904.232177734375,564852
2021-03-10,2904.3584254306365,2926.25269016279,2869.706623291548,2879.390625,787897
2021-03-12,2825.2025692056013,2879.0961502575115,2787.3086450284773,2821.455322265625,1098158
2021-03-15,2829.4126159558614,2837.3281523487663,2730.8884266502555,2748.698486328125,781236
2021-03-16,2778.003433265154,2778.887665912755,2735.0991329953417,2741.035888671875,523881
2021-03-17,2742.677592052886,2761.119216684863,2673.62645218542,2686.720947265625,991815
2021-03-18,2709.5835822179165,2709.5835822179165,2587.1442018452285,2616.532958984375,1472097
2021-03-19,2597.838513003797,2637.4587492710293,2556.5762481295064,2626.595703125,1554560
2021-03-22,2637.0797076345457,2647.479358638098,2594.596254397856,2606.97509765625,619756
2021-03-23,2617.122193638397,2637.4165732602955,2577.2494961915404,2583.059814453125,944310
2021-03-24,2583.5230595534595,2598.638480925819,2545.629142447884,2554.765869140625,975533
2021-03-25,2554.1342679573936,2568.0287040341527,2464.873042252152,2477.125244140625,1075251
2021-03-26,2502.682882873749,2511.777464750044,2468.1573114747503,2473.883544921875,611318
2021-03-30,2471.4836265024583,2506.3461576778477,2456.03145073555,2495.820068359375,899455
2021-03-31,2488.8727861644643,2494.2620615235023,2443.736834078732,2453.505126953125,1212659
2021-04-01,2483.3145571103714,2530.429283531101,2469.8411651423257,2489.29345703125,1067722
2021-04-05,2493.419728058337,2503.4826270793733,2413.9267936339243,2431.02099609375,1152927
2021-04-06,2442.0529539033714,2465.631396216921,2415.106162687886,2431.90576171875,788062
2021-04-07,2425.2108484882388,2483.230567454851,2421.042558459934,2477.08349609375,649751
2021-04-08,2500.156428102587,2518.1350686872597,2453.336306324748,2465.630859375,953450
2021-04-09,2465.6308798801933,2482.472620862982,2443.020760375737,2452.915283203125,557093
2021-04-12,2420.1580369064973,2433.5892834328997,2308.2447568921216,2346.138671875,859305
2021-04-13,2357.0019467516395,2424.368919148971,2335.3182025112483,2412.87451171875,714921
2021-04-15,2401.6325410522213,2433.631852609018,2374.6857523728136,2410.5166015625,683426
2021-04-16,2390.05337087109,2463.062270916082,2390.05337087109,2437.715576171875,709663
2021-04-19,2325.2968303456146,2376.8325094317447,2309.928743846975,2345.67529296875,740714
2021-04-20,2392.579939044819,2398.979883149395,2358.559702920921,2377.80126953125,740095
2021-04-22,2318.5186419681745,2427.35840848833,2315.7397131948032,2400.916748046875,1436707
2021-04-23,2373.0013898894304,2419.9898900402604,2367.991012884237,2411.779541015625,682515
2021-04-26,2408.411291580644,2423.863466770372,2383.1065326867006,2412.20068359375,831133
2021-04-27,2421.000425344981,2474.894000030922,2417.000511598759,2446.68408203125,811184
2021-04-28,2465.6308788979068,2533.8399298510253,2454.725892733428,2464.1572265625,1389833
2021-04-29,2495.7777592849725,2495.7777592849725,2399.9903527657925,2408.453369140625,1009327
2021-04-30,2387.1482673167293,2408.368818586748,2362.0540336139256,2373.969482421875,670258
2021-05-03,2340.959869012147,2398.263934261165,2329.7600700555445,2352.15966796875,668727
2021-05-04,2352.7911378381878,2374.4748786396667,2329.844266504583,2338.26513671875,642256
2021-05-05,2346.8124722077573,2357.8438955254637,2330.897108148029,2347.9072265625,365152
2021-05-06,2373.00149796231,2460.578558213581,2359.6543349101,2453.25244140625,2249529
2021-05-07,2483.2726173987107,2522.0507679873,2374.6855311266063,2409.042724609375,2287493
2021-05-10,2409.042508260805,2424.368450400409,2383.1061877850498,2388.411376953125,781259
2021-05-11,2383.5274736574825,2394.600836495229,2358.7701958058046,2390.137939453125,684120
2021-05-12,2391.3592014350206,2406.6851469073054,2370.4753983709115,2391.65380859375,486996
2021-05-14,2391.6532618537685,2401.547783901211,2360.159290933562,2368.243408203125,518143
2021-05-17,2387.3170213158987,2428.9160434381483,2368.791104395634,2403.9482421875,926624
2021-05-18,2422.01036811943,2458.6411492896573,2405.4634423086195,2447.904541015625,1288013
2021-05-19,2454.683837890625,2479.062217736019,2437.000009212853,2454.683837890625,717841
2021-05-20,2451.610594588672,2456.1999286037444,2409.842988210933,2412.6640625,637388
2021-05-21,2420.158148519506,2433.715832073693,2387.3167540197637,2428.915771484375,1658538
2021-05-24,2458.89423978954,2495.6934035620084,2435.31580187375,2442.431396484375,1587246
2021-05-25,2463.02019712042,2479.8199973295864,2448.283674542308,2467.062255859375,501532
2021-05-26,2477.4203080172447,2515.1037066521094,2459.315434930103,2496.53564453125,817054
2021-05-27,2500.998320732365,2550.2182634016403,2471.651507360096,2518.934814453125,2097924
2021-05-28,2547.3132779837483,2554.3867268346576,2489.6724616209526,2519.1455078125,1077246
2021-05-31,2516.998293248,2538.8925574247974,2492.5777678200334,2532.576904296875,662303
2021-06-01,2540.155577306154,2572.575928616045,2497.630181432141,2506.6826171875,971553
2021-06-02,2502.6828979193924,2520.36672727885,2477.504575495044,2503.188232421875,793261
2021-06-03,2512.7880643410977,2538.050678928977,2494.2621469766523,2533.29296875,851280
2021-06-04,2530.471570878869,2572.575923139749,2530.3453400571498,2567.01806640625,1023321
2021-06-07,2581.2073857928194,2590.765156251928,2560.5762526219773,2570.26025390625,612460
2021-06-08,2575.102051893355,2591.943791931899,2560.239298544399,2573.375732421875,555729
2021-06-09,2573.3757309070475,2602.0488344233195,2535.1872087447173,2546.050048828125,845692
2021-06-10,2559.060062316475,2563.228351547259,2525.418730218849,2533.839599609375,567660
2021-06-11,2542.2610548116345,2558.2607103404257,2522.050963617372,2529.924560546875,467264
2021-06-14,2534.6821490361367,2540.534613212889,2478.2623138250333,2514.17724609375,489598
2021-06-15,2513.6296944428364,2547.3131744353705,2502.935230662736,2532.19775390625,454939
2021-06-16,2532.99777357265,2538.7661519343646,2500.998466592677,2505.545654296875,444814
2021-06-17,2481.6306078993284,2491.693507319426,2443.7366895567866,2453.926025390625,782315
2021-06-18,2453.9265278310777,2479.946941518893,2401.6328275761907,2434.76904296875,904203
2021-06-21,2416.789632484816,2452.99937262309,2412.5791975850166,2437.715576171875,577938
2021-06-22,2442.894346289248,2477.462058180708,2439.147100319225,2447.989013671875,522538
2021-06-23,2491.693275835827,2522.0505531608515,2459.7361154533714,2465.925537109375,1911546
2021-06-24,2475.735554953289,2475.735554953289,2436.578513012701,2447.904541015625,844653
2021-06-25,2448.789422145412,2483.5676624151515,2443.6947537912943,2475.0625,631005
2021-06-28,2490.0512699061724,2491.230109476277,2466.809586369317,2478.809326171875,407079
2021-06-29,2478.809339745853,2490.5144725138057,2454.683629193131,2465.209716796875,470337
2021-06-30,2463.1048569902555,2467.3152926432304,2439.863169950764,2444.2421875,758083
2021-07-01,2446.2625023390715,2481.630152975299,2446.2625023390715,2460.9990234375,634751
2021-07-02,2492.577780758156,2500.1144190790637,2448.073395917322,2458.76806640625,928741
2021-07-05,2473.125470643039,2485.756776881989,2463.189007538532,2474.093994140625,480881
2021-07-06,2473.209249653432,2487.524727094395,2452.4938294744006,2458.26220703125,452807
2021-07-07,2458.052143276984,2460.578404472541,2434.64208174729,2453.29443359375,668763
2021-07-08,2451.315610017409,2471.399470094773,2433.758011303856,2442.389404296875,524837
2021-07-09,2442.3893003111543,2458.59947670545,2421.884603133828,2439.35791015625,328728
2021-07-12,2453.841391987399,2463.9464354684733,2437.9260307397626,2440.536376953125,392467
2021-07-13,2458.05214198272,2458.05214198272,2438.9368067306027,2445.505126953125,317264
2021-07-14,2458.8941667584777,2458.8941667584777,2438.684077716627,2442.641845703125,429264
2021-07-15,2450.473208725536,2453.3362223357226,2426.9369178211145,2429.126220703125,349469
2021-07-16,2431.1053539896234,2449.336456691821,2425.210744541086,2446.01025390625,459445
2021-07-19,2430.263319240134,2437.3367684955792,2416.8742168681606,2431.189697265625,338468
2021-07-20,2431.947074371478,2441.210030679679,2381.421858144924,2390.684814453125,481836
2021-07-22,2417.15844627877,2427.346952622655,2392.5609061913924,2419.88671875,613062
2021-07-23,2429.947120834805,2441.8408220348324,2405.1791057822143,2417.115478515625,430659
2021-07-26,2412.852729231997,2416.135315323054,2394.0955702061647,2396.013916015625,313614
2021-07-27,2405.8613249146247,2409.655344773196,2379.174963145371,2382.03125,427442
2021-07-28,2384.1201267921374,2392.3476152581748,2354.023372002483,2368.26171875,415048
2021-07-29,2374.3151839426923,2374.3151839426923,2336.1187481810825,2340.978515625,611448
2021-07-30,2356.5811520401558,2388.9798798902007,2340.9785651552875,2355.984375,745920
2021-08-02,2361.78183349062,2384.546158753153,2357.646649875819,2372.09814453125,464874
2021-08-03,2373.888871411643,2406.0317773378,2373.888871411643,2403.559326171875,530085
2021-08-04,2414.3872378886736,2416.5187330474578,2388.1271759016886,2391.9638671875,308031
2021-08-05,2392.390412968173,2414.3021438296646,2374.485851787728,2403.3037109375,316844
2021-08-06,2412.852858710228,2430.800092099249,2397.250270325253,2416.0927734375,445529
2021-08-09,2429.9044285402565,2443.460654195848,2408.58947741271,2418.223876953125,422204
2021-08-10,2424.661401822521,2424.661401822521,2378.748906863982,2384.759765625,574570
2021-08-11,2395.800616390107,2399.9358003596426,2345.710478947787,2371.5869140625,551805
2021-08-12,2387.2746319116923,2388.3403795152244,2365.9596798410525,2372.73779296875,410605
2021-08-13,2384.589178699457,2399.5521094554424,2346.350069058104,2363.572509765625,1083905
2021-08-16,2365.959999097141,2368.43245060943,2337.6537805585344,2342.3857421875,396756
2021-08-17,2348.0553068954414,2378.748840318911,2313.098782718712,2372.439697265625,877329
2021-08-18,2379.17528692883,2383.01197884468,2346.7765551949847,2356.240478515625,613650
2021-08-20,2285.9859105674504,2336.9713169384268,2285.9859105674504,2299.88330078125,809463
2021-08-23,2302.867527804397,2311.308165951697,2264.926911370745,2285.474609375,758426
2021-08-24,2285.815601824844,2297.7519757247123,2261.0902558894013,2281.4248046875,567946
2021-08-25,2287.5212320037645,2308.836189439506,2276.437454137179,2279.80517578125,407780
2021-08-26,2280.699918805757,2284.962909308198,2252.9904805398933,2257.296142578125,445529
2021-08-27,2257.6796714005386,2284.877466355654,2247.4484946419257,2279.889892578125,517155
2021-08-30,2284.9628467446123,2326.7401525246446,2284.9628467446123,2324.3955078125,518747
2021-08-31,2325.034880627228,2341.234243565225,2302.9526744101186,2337.696044921875,708031
2021-09-01,2352.318323341815,2356.581314141637,2328.104618860365,2336.84375,442282
2021-09-02,2323.3298742237903,2335.138441433215,2304.2317596201465,2327.891357421875,422436
2021-09-03,2329.2979649409717,2399.1683362775966,2329.2979649409717,2386.8056640625,981491
2021-09-06,2408.419282290323,2412.8527510147755,2388.127404802964,2401.939453125,580935
2021-09-07,2402.834461246586,2408.5894981004544,2379.601164318007,2385.356201171875,311022
2021-09-08,2386.4220254122256,2395.6301263050323,2370.2226618956724,2385.867919921875,341207
2021-09-09,2372.780628728247,2392.6462070637835,2355.728665891537,2384.461181640625,403669
2021-09-13,2361.696884078536,2398.2732615848568,2361.696884078536,2378.578369140625,279930
2021-09-14,2387.274483259069,2439.2829630729275,2387.274483259069,2431.353759765625,880592
2021-09-15,2438.4304584106635,2459.7454099701977,2438.4304584106635,2451.1767578125,681873
2021-09-16,2463.155509240209,2494.7016337960727,2457.101980455808,2489.927001953125,1118060
2021-09-17,2507.490871434041,2518.9582736049724,2469.6780645587414,2499.90283203125,1024040
2021-09-20,2489.5865181313807,2489.5865181313807,2449.9833769651614,2463.582275390625,442234
2021-09-21,2464.0083806670123,2468.2713709449827,2399.551884402568,2430.2880859375,580932
2021-09-22,2429.904405978633,2438.430386350488,2408.674798114241,2427.51708984375,561230
2021-09-23,2429.9044171563582,2457.187554471798,2427.5597725433126,2432.5048828125,448036
2021-09-24,2429.904484917082,2440.39148274591,2402.067241360176,2415.7939453125,603710
2021-09-27,2422.231527821069,2496.407572495632,2422.231527821069,2483.575927734375,1187306
2021-09-28,2496.36431783438,2505.7855675363485,2464.860862792645,2490.05517578125,788979
2021-09-29,2485.3236141763387,2490.0555755527957,2443.1200056337216,2460.72607421875,613787
2021-09-30,2436.12885175875,2454.5023843979056,2410.465562958814,2414.984375,920513
2021-10-01,2410.465569914952,2430.7574485416158,2389.19328662776,2428.156982421875,329726
2021-10-04,2439.7518184055843,2446.956229785865,2429.9042699964166,2434.63623046875,386779
2021-10-05,2432.462469221185,2438.132163534244,2421.378693511449,2425.258056640625,316991
2021-10-06,2421.378826795258,2429.9048085797485,2371.075534266765,2385.697509765625,468624
2021-10-07,2404.3264917996617,2437.8763082003093,2395.800511332287,2422.78515625,552458
2021-10-08,2445.0382478733795,2448.6617898674385,2421.378650147467,2423.169189453125,300133
2021-10-11,2425.642120245706,2454.2468343314,2424.107401702297,2436.555419921875,658779
2021-10-12,2450.282136086584,2495.981487574956,2434.381261280408,2486.730712890625,956819
2021-10-13,2494.701895461707,2512.478648074013,2478.545204037447,2494.019775390625,754779
2021-10-14,2501.5228831174486,2510.1766707705838,2472.5345470486027,2496.23681640625,572466
2021-10-18,2505.785617367821,2515.1641957247607,2469.2943799482373,2476.030029296875,440831
2021-10-19,2476.030410355898,2498.1126195332363,2443.1200379769584,2452.114990234375,447221
2021-10-20,2440.988618850708,2452.072395324707,2388.980129241944,2400.91650390625,424722
2021-10-21,2417.115581891387,2417.115581891387,2323.329792117824,2350.527587890625,737326
2021-10-22,2365.1071188549363,2387.2746693561,2325.4186358461247,2339.656982421875,387942
2021-10-25,2339.4866430099346,2348.780087701284,2284.153106550566,2290.7607421875,326076
2021-10-26,2299.3717256970945,2308.835647840099,2289.225891599212,2302.441162109375,282346
2021-10-27,2313.9085756628283,2327.038711316683,2286.668107953876,2293.61669921875,444512
2021-10-28,2313.78073836432,2313.78073836432,2267.9109194897387,2274.5185546875,366561
2021-10-29,2285.8154877271813,2304.4448393239763,2250.0063678150063,2265.4384765625,614962
2021-11-01,2280.70004663872,2295.8763353088043,2252.5643077456066,2285.559814453125,502481
2021-11-02,2297.752153658976,2303.336713511071,2282.021758467852,2288.62939453125,813089
2021-11-03,2299.457081039494,2299.457081039494,2250.858989226646,2252.09521484375,504184
2021-11-04,2259.3848522481912,2289.225784259016,2259.3848522481912,2282.831298828125,93301
2021-11-08,2308.5800231203234,2310.285219460207,2276.863412829263,2287.435546875,644351
2021-11-09,2297.7087428937302,2344.644300429449,2288.0318813096865,2314.249267578125,723569
2021-11-10,2313.951432467344,2329.2555279820376,2303.59244796747,2318.0439453125,390217
2021-11-11,2323.330171259109,2323.330171259109,2289.737884338046,2302.782470703125,264937
2021-11-12,2319.066936141447,2319.066936141447,2284.9630106099557,2287.5634765625,352693
2021-11-15,2331.8559831835087,2374.315413466029,2290.078673064316,2296.260009765625,2023708
2021-11-16,2312.41684412554,2360.844464515607,2302.8677857192683,2345.412353515625,1246961
2021-11-17,2345.4119366512014,2364.8085426539697,2329.1701100159,2344.090576171875,570038
2021-11-18,2353.17106092799,2355.728855559433,2274.0072338232703,2289.098388671875,559569
2021-11-22,2289.225989642418,2300.4802433797245,2232.698691731094,2246.255126953125,636253
2021-11-23,2238.027647303903,2256.742136529763,2216.7553634279343,2244.208984375,626376
2021-11-24,2256.4007270613024,2266.120261516948,2227.83869254154,2234.7021484375,564230
2021-11-25,2250.8593134799744,2250.8593134799744,2200.641361300622,2212.236572265625,625134
2021-11-26,2199.7030700100827,2207.973229844083,2135.8860197755835,2156.5615234375,685448
2021-11-29,2152.810675261316,2156.178396865107,2085.583217051505,2123.65185546875,594113
2021-11-30,2111.032882182041,2142.2805190868944,2066.740452799335,2088.2685546875,1527406
2021-12-01,2114.4432268326927,2114.4432268326927,2077.824181127787,2087.33056640625,769987
2021-12-02,2070.108145600507,2117.171518153081,2053.823438953074,2108.21923828125,921229
2021-12-03,2118.70610770464,2129.3209115631817,2089.7604461738047,2099.47998046875,499760
2021-12-06,2109.967098393716,2110.521203884162,2056.168076286385,2063.287353515625,347297
2021-12-07,2076.076596367563,2110.180524028632,2071.898948490624,2098.92626953125,347226
2021-12-08,2097.519194678557,2131.495313233027,2097.519194678557,2123.5234375,308181
2021-12-09,2140.021270000003,2156.135291122134,2115.6368806340856,2149.357177734375,402958
2021-12-10,2149.143848307939,2169.6915444339584,2142.493541932651,2154.387451171875,327197
2021-12-13,2174.1250714319262,2175.830267566382,2122.9691873982338,2127.232177734375,332491
2021-12-14,2114.4431912062983,2121.2639756940607,2097.3912299868925,2117.68310546875,365318
2021-12-15,2117.939330206269,2151.957916061545,2111.161007806519,2137.591552734375,470021
2021-12-16,2142.5790013383225,2152.810178423901,2096.794525511122,2106.855224609375,496003
2021-12-17,2105.0648030027305,2105.0648030027305,2064.1400923732726,2084.303955078125,492339
2021-12-20,2076.076414262832,2076.076414262832,1969.5016496702835,2009.2752685546875,687713
2021-12-21,2037.7094337464048,2037.7094337464048,1989.1540141839253,2001.388671875,401977
2021-12-22,2007.868708673031,2017.2472886286164,1992.777762557087,2002.5826416015625,367785
2021-12-23,2016.3945483796283,2048.793276852536,2005.7370719082771,2040.011474609375,472868
2021-12-24,2057.3192729202333,2057.3192729202333,2026.28478447257,2039.79833984375,343453
2021-12-27,2037.7097393610795,2054.932181719886,2021.5103732322675,2047.94091796875,223494
2021-12-28,2049.646211786384,2067.550775200491,2042.7400826365365,2061.412109375,265463
2021-12-29,2064.140388108593,2082.727071813208,2054.761807245646,2074.584716796875,270407
2021-12-30,2067.5507491068724,2078.506719843069,2056.765464543182,2073.43359375,366389
2021-12-31,2073.518839611684,2117.5129903584093,2073.518839611684,2099.18212890625,253608
2022-01-03,2099.949016744028,2128.5110516855325,2099.949016744028,2111.54443359375,234912
2022-01-04,2124.6743791356976,2128.596413498361,2104.552981529223,2118.620849609375,181575
2022-01-05,2118.664092377292,2142.536844646845,2112.695904309904,2136.611328125,294097
2022-01-06,2122.969128535344,2139.1684913635254,2100.801579402043,2128.084716796875,406402
2022-01-07,2139.168665400456,2144.7105531346538,2116.14851635071,2130.72802734375,308537
2022-01-10,2122.372263066992,2203.1132527984646,2122.372263066992,2198.0830078125,783876
2022-01-11,2203.667829796923,2210.0623162256225,2183.333487845971,2189.685302734375,372092
2022-01-12,2195.4400035134386,2212.491964705776,2184.3562287384198,2208.6552734375,410716
2022-01-13,2215.902285956662,2216.754883988965,2191.176943019862,2211.29833984375,243121
2022-01-14,2208.229170496654,2212.321683176992,2178.388235760213,2190.92138671875,267065
2022-01-17,2215.902633302679,2322.8610315902706,2209.4654755189904,2303.2939453125,2357848
2022-01-18,2304.572733024029,2325.035088034231,2263.8185009979416,2295.9189453125,1082632
2022-01-19,2297.7514823372426,2336.1183902055827,2280.742194813038,2301.843994140625,763040
2022-01-20,2302.0147672890034,2352.531202460068,2298.6470465750303,2310.07177734375,1022978
2022-01-21,2305.1693060581074,2367.6647847512654,2265.566168268023,2344.72998046875,1170753
2022-01-24,2336.118636720602,2361.1849359114776,2274.3479501650854,2307.30078125,593277
2022-01-25,2305.510482271575,2377.895973831966,2261.814831981547,2371.970458984375,971148
2022-01-27,2330.150475871892,2361.696603792588,2292.6361615878222,2314.8037109375,559824
2022-01-28,2319.2374014831803,2348.9078581644467,2270.511501407476,2278.27001953125,466238
2022-01-31,2285.090581341702,2331.0457411470084,2285.090581341702,2322.73291015625,442531
2022-02-01,2342.9394862530944,2361.5261657296805,2283.257621610548,2324.82177734375,414159
2022-02-02,2304.572677280665,2339.017557453145,2300.3096867566533,2304.06103515625,283071
2022-02-03,2305.681412055341,2402.5791166682006,2288.373626527952,2371.501953125,1436881
2022-02-04,2357.4342011078293,2370.223175074056,2312.8859417921385,2320.559326171875,585251
2022-02-07,2320.5588496630176,2331.0031762574413,2238.069984519306,2257.722412109375,688838
2022-02-08,2268.3800736236585,2294.895751477015,2259.38512141518,2278.099609375,625615
2022-02-09,2285.3037620616547,2333.219939667822,2279.037291198418,2326.6123046875,359950
2022-02-10,2340.7225702123847,2345.4972024866074,2302.909972120204,2331.08837890625,448648
2022-02-11,2276.43693986001,2342.0869939308795,2263.647968287763,2317.873291015625,1235994
2022-02-14,2285.8151467848843,2304.700108469759,2242.972098994529,2258.105712890625,576694
2022-02-15,2259.385108093504,2376.9158468836044,2242.333145013553,2369.07177734375,1131545
2022-02-16,2358.456903091461,2425.3007213053693,2358.456903091461,2376.0205078125,1127829
2022-02-17,2387.274989597509,2448.917881852531,2370.691996032684,2381.6904296875,1166885
2022-02-18,2370.223064289762,2402.621796823219,2343.7498477862564,2365.150146484375,662754
2022-02-21,2370.290970283119,2394.735088243694,2339.833956307976,2364.53955078125,522214
2022-02-22,2331.076269157201,2398.2212788355914,2305.8915450449,2379.9208984375,644900
2022-02-23,2392.1212504052023,2407.327953143554,2322.405512688475,2327.3291015625,631227
2022-02-24,2281.970367293261,2287.199047386879,2126.329904737705,2170.250732421875,1934361
2022-02-25,2252.428122741188,2258.789725862818,2182.7123904614714,2229.509033203125,715496
2022-02-28,2202.1453526714886,2219.5306681677957,2169.0739998391755,2209.509033203125,1008620
2022-03-02,2176.873797421546,2177.3095207597007,2109.7724033457016,2114.39111328125,855090
2022-03-03,2127.2012354481617,2150.730294586671,2095.8291565968166,2106.635009765625,831912
2022-03-04,2091.4719578413,2094.609250880273,2005.285969347468,2014.1746826171875,1266961
2022-03-07,1995.438683660384,1995.438683660384,1891.126556877585,1916.0498046875,1284637
2022-03-08,1900.6252470248053,1968.8159510961907,1870.865427410884,1962.19287109375,1081826
2022-03-09,1974.6981407153871,2013.564747033799,1947.8139260275293,1996.048583984375,670764
2022-03-10,2047.899604262328,2100.57851110597,2014.828246821197,2022.4097900390625,716132
2022-03-11,2020.0131829866068,2043.5422407694532,1993.0855686262212,2031.5162353515625,467988
2022-03-14,2030.470933201229,2048.7713150026134,1988.902965660624,2040.841064453125,382149
2022-03-15,2043.5426292042491,2074.043265461029,2004.3275254455325,2020.362060546875,612285
2022-03-16,2048.073859490959,2070.9929487715794,2034.827913057706,2064.892822265625,493507
2022-03-17,2076.657423543999,2116.9618322048927,2069.6858501540064,2108.813720703125,781757
2022-03-21,2121.7548533354484,2133.257907227108,2074.04314649897,2084.1083984375,516893
2022-03-22,2095.829148396286,2121.9725473367803,2043.5859653979703,2112.08154296875,470208
2022-03-23,2111.515414203578,2126.1557617314197,2028.030775416108,2086.809814453125,1137046
2022-03-24,2057.4856452816684,2115.218988780148,2033.0851378408013,2102.06005859375,692836
2022-03-25,2108.900699923198,2124.5867381870894,2062.4961700591857,2072.6484375,467568
2022-03-28,2065.328876560908,2089.5987545796825,2047.028494110369,2072.2568359375,493636
2022-03-29,2078.400313391031,2092.3434601475324,1877.139746978759,1926.4635009765625,2475877
2022-03-30,1960.754969167122,1987.76981540898,1940.188743054979,1979.6217041015625,3115035
2022-03-31,1986.8983630451007,2019.054659344803,1986.8983630451007,1999.229248046875,1338490
2022-04-01,1904.111063636445,1957.269313010277,1873.61042874982,1952.1712646484373,3541517
2022-04-04,1960.75529880468,2020.8851279680237,1960.75529880468,2014.567138671875,1417392
2022-04-05,2030.3834118080465,2050.2088225787697,2017.3989421637168,2032.431396484375,715666
2022-04-06,2028.7277419451484,2047.1587529521053,2010.0352543997224,2045.197998046875,812337
2022-04-07,2047.8998984011105,2063.760186978041,2036.44045853994,2048.4228515625,853476
2022-04-08,2052.2570320448463,2074.043200113263,2030.9502022250444,2058.749267578125,694946
2022-04-11,2054.8275558233327,2058.139095596102,2031.4727433931223,2035.1763916015625,408871
2022-04-12,2026.069990564429,2026.941437276451,1991.6914603262703,2002.497314453125,502227
2022-04-13,1996.9636262740405,2014.0438530711897,1977.225231870564,1982.0181884765625,426929
2022-04-18,1978.096702649477,1999.9264841904865,1960.014184324508,1991.6041259765625,422209
2022-04-19,2011.298873431114,2028.292083150311,1954.1318879402183,1972.3016357421875,484466
2022-04-20,1978.183921051632,2017.399020808162,1970.9072563279292,1982.4105224609373,424461
2022-04-21,1988.6413840419152,2023.2813906219617,1984.2841505098336,2019.7083740234373,341987
2022-04-22,1999.970235434885,2008.6847026916817,1981.364762739404,1999.316650390625,598737
2022-04-25,1976.70229231764,2033.0412278244407,1974.697922660572,1994.3927001953125,596296
2022-04-26,2013.9130609884528,2102.800612793222,2005.4600716522395,2097.789794921875,1311255
2022-04-27,2082.7577978515624,2203.5404062936304,2065.3288623046874,2178.616943359375,2082863
2022-04-28,2213.300175973522,2215.1737011110395,2176.9172794578963,2193.692626953125,1182758
2022-04-29,2186.111112235311,2223.931811067397,2171.165674801507,2184.41162109375,839920
2022-05-02,2143.933026856856,2183.496832809143,2133.388649941507,2167.54931640625,667551
2022-05-04,2126.3298556170885,2196.0455885881406,2090.4262956881034,2099.750732421875,1263034
2022-05-05,2117.7028424426417,2211.862494027684,2117.7028424426417,2180.0546875,1675043
2022-05-06,2100.186331097096,2264.889740465292,2097.7898529184586,2233.82275390625,2491483
2022-05-09,2226.5461366282534,2230.90336977234,2166.4163192398582,2172.298583984375,996952
2022-05-10,2165.5451781991787,2195.479459225401,2142.539069054133,2152.255615234375,644415
2022-05-11,2148.551632830613,2195.522520354472,2098.356222621512,2152.734619140625,575504
2022-05-12,2142.887485250854,2142.887485250854,2066.200173863267,2092.517822265625,966472
2022-05-13,2104.4997933394216,2178.616364614715,2104.4997933394216,2134.30322265625,691344
2022-05-16,2135.0879982227434,2189.03046305056,2126.3299164665173,2175.043701171875,473407
2022-05-17,2191.6881630060248,2212.472249176896,2180.402972272464,2199.095458984375,517525
2022-05-18,2200.7081085929917,2225.849219373029,2188.8999627222224,2212.603271484375,332168
2022-05-19,2187.41854029914,2221.317733276343,2179.0961814071948,2192.124267578125,556405
2022-05-20,2217.8315185968777,2277.4383788274936,2217.8315185968777,2257.17724609375,751633
2022-05-23,2278.8765139362727,2352.862246474492,2274.9550041673456,2287.285888671875,744827
2022-05-24,2291.861141200404,2312.8194762928997,2277.4386561727906,2298.0048828125,616849
2022-05-25,2300.793649085358,2326.109219529068,2251.51329320115,2261.142822265625,525893
2022-05-26,2272.7327769247586,2307.02428640273,2243.9750385664315,2297.525390625,362813
2022-05-27,2305.107024364579,2376.3477881015733,2298.876265910589,2370.16064453125,654718
2022-05-30,2373.820831952421,2429.1140830090144,2373.820831952421,2414.38671875,924244
2022-05-31,2418.1771106716656,2448.721356874027,2398.3517003131465,2417.3056640625,1859231
2022-06-01,2439.9635885872385,2439.9635885872385,2380.356717983768,2403.1015625,430807
2022-06-02,2379.5724071965788,2381.6637941419085,2300.967745871914,2320.749755859375,1093645
2022-06-03,2331.1198507234217,2343.058627594711,2244.105815305419,2251.600341796875,753558
2022-06-06,2235.2605095536505,2260.9245691492742,2200.489875618355,2214.1279296875,965347
2022-06-07,2200.402729691225,2246.6330157314865,2178.6165640507184,2240.358642578125,550257
2022-06-08,2251.818055634362,2280.619408842864,2225.108301957471,2253.517333984375,539786
2022-06-09,2248.288585500984,2268.854810110556,2230.903268595648,2264.10546875,327503
2022-06-10,2248.3324808889665,2278.310162198603,2244.367355861872,2267.460693359375,324452
2022-06-13,2230.903884896547,2276.480596658634,2210.468499283277,2264.716064453125,625967
2022-06-14,2262.2318627117206,2278.745733989745,2204.759999350893,2228.81201171875,509259
2022-06-15,2237.003916389264,2290.1621707327563,2228.812401641837,2270.38037109375,673444
2022-06-16,2283.625741457017,2286.893666101346,2188.245956722307,2195.217529296875,493824
2022-06-17,2194.3025588558617,2194.3025588558617,2139.9677777470365,2150.207275390625,725864
2022-06-20,2139.489077546214,2179.8805081999844,2121.0142355810167,2137.266845703125,377385
2022-06-21,2148.11600059902,2200.2721679064457,2148.11600059902,2177.91943359375,381831
2022-06-22,2174.259279872907,2225.238906274737,2161.187580795515,2199.92333984375,873408
2022-06-23,2241.840238887054,2341.272179182625,2241.840238887054,2330.335693359375,1846048
2022-06-24,2365.977444889341,2411.9026367197,2344.365527335198,2405.14892578125,1354569
2022-06-27,2429.2011478733093,2447.8936359348063,2379.5723037862927,2401.271240234375,1005184
2022-06-28,2394.735726217996,2433.689354322614,2379.049684343206,2411.03173828125,714029
2022-06-29,2387.8070989817893,2426.7607161896176,2379.049018833883,2398.5693359375,653929
2022-06-30,2392.121129820749,2416.5216367915987,2365.1062828173094,2370.073486328125,643735
2022-07-01,2365.977993511785,2413.907566124363,2338.396788192408,2408.504638671875,393346
2022-07-04,2396.47838562324,2439.179273221617,2386.805242309963,2405.5849609375,499627
2022-07-05,2408.0689067346275,2414.648372411924,2379.0496866865697,2385.36767578125,401190
2022-07-06,2385.584996680332,2476.6511636768964,2382.622163430496,2467.762451171875,739745
2022-07-07,2489.7228851456102,2499.9623824856385,2461.967226402562,2474.428955078125,382303
2022-07-08,2482.228265764877,2509.7224469446314,2456.651437197864,2483.0126953125,532145
2022-07-11,2453.1225772995617,2505.7578753834487,2447.066064997304,2499.396484375,428940
2022-07-12,2487.5443477560966,2513.731360932554,2469.679692254608,2505.8447265625,422887
2022-07-13,2514.123300477866,2520.0491795777534,2470.550972913258,2477.82763671875,539917
2022-07-14,2473.1657151668865,2497.566222575157,2415.693848304585,2433.7763671875,620757
2022-07-15,2440.007252645814,2454.386123829496,2425.01841129636,2440.094482421875,816619
2022-07-18,2466.150475334244,2471.292138370001,2444.6257850131205,2455.693115234375,369313
2022-07-19,2453.1224424695924,2480.878104762806,2425.628256735566,2441.096435546875,661056
2022-07-20,2457.4795515222872,2473.819176199962,2448.765085027527,2463.36181640625,201509
2022-07-21,2457.479551144065,2487.108737221689,2453.165932780929,2481.705810546875,314132
2022-07-22,2484.5382602200348,2512.7294344876077,2475.170207804279,2502.446533203125,576270
2022-07-25,2505.408959290261,2506.1061591169923,2467.4574175471257,2473.90625,421977
2022-07-26,2474.9083811255914,2481.618477495145,2427.5451726028987,2440.7041015625,347002
2022-07-27,2440.042312560184,2460.295061902161,2409.464653303465,2455.52978515625,498259
2022-07-28,2469.163825675847,2481.5184695498506,2430.687848574794,2453.89697265625,294368
2022-07-29,2470.9289559067165,2512.2288115450247,2461.75130596394,2486.857666015625,400652
2022-08-01,2501.771275402122,2566.236086764799,2488.578323478932,2506.933837890625,961562
2022-08-02,2493.961495909494,2496.476419192942,2419.7894643949357,2445.734130859375,1137765
2022-08-03,2458.5746944517105,2477.812687411739,2426.2760318845467,2472.60595703125,600314
2022-08-04,2488.4902825905924,2495.594246907382,2452.5294391112607,2477.1064453125,396416
2022-08-05,2477.9888578400496,2479.665473523381,2436.512548609821,2445.072509765625,512072
2022-08-08,2444.455034675271,2465.0167392478666,2409.15604500487,2416.260009765625,675310
2022-08-10,2457.6918359327824,2457.6918359327824,2411.714821691825,2449.26416015625,895054
2022-08-11,2462.413327365261,2486.813666264952,2442.160360954127,2457.956787109375,422152
2022-08-12,2462.060097555365,2466.5166376109346,2428.4379427836907,2437.306640625,435760
2022-08-16,2475.341213173506,2511.2137189071823,2454.603060407168,2485.930908203125,1213957
2022-08-17,2484.1663064060635,2584.76842325519,2478.0331502666886,2571.0458984375,2510869
2022-08-18,2583.8414710675456,2593.2399548593394,2561.9560578209966,2566.41259765625,805655
2022-08-19,2569.766223936989,2591.739756911679,2499.9184403961644,2505.03662109375,510610
2022-08-22,2501.8155934257684,2502.3891157600883,2440.527773036189,2453.764892578125,570304
2022-08-23,2448.8670068414067,2479.753617738506,2432.2322745076667,2473.92919921875,396875
2022-08-24,2454.471091498092,2492.108551250521,2453.279664474663,2476.532958984375,324008
2022-08-25,2478.0770237150705,2489.505026756714,2463.78076276016,2470.75244140625,363945
2022-08-26,2501.815571935527,2507.022086064801,2485.9751954426592,2494.53515625,475372
2022-08-29,2461.1337518809923,2499.124333078253,2436.601126111739,2494.80029296875,339203
2022-08-30,2507.992926228096,2527.407368303049,2498.771109332075,2504.1982421875,918526
2022-09-01,2488.5784550612007,2543.468333923678,2464.6633064238254,2538.570556640625,838699
2022-09-02,2548.851946706429,2549.469635962002,2488.66720988165,2493.12353515625,776170
2022-09-05,2495.6382975159345,2513.287790426231,2478.032971427496,2508.037109375,930716
2022-09-06,2508.0368441741853,2532.4813461805925,2495.461581805313,2529.657470703125,481401
2022-09-07,2506.228127189333,2537.114741432864,2498.2858549552825,2519.24462890625,551689
2022-09-08,2531.864195380427,2535.791164883055,2511.5231095379067,2521.4951171875,519141
2022-09-09,2534.1142711071006,2539.982641304093,2499.7858782244466,2504.860107421875,522672
2022-09-12,2512.405282591993,2532.6138655281634,2507.419387089862,2522.024169921875,313906
2022-09-13,2502.698252735736,2561.824057719268,2499.168353930749,2532.702392578125,766550
2022-09-14,2497.4032598659696,2532.4374603865213,2497.4032598659696,2516.37646484375,519643
2022-09-15,2519.465209283451,2519.465209283451,2441.410366992607,2462.369140625,1010823
2022-09-16,2474.723919910401,2474.723919910401,2356.207520989757,2369.62109375,1906557
2022-09-19,2381.489980062178,2404.6991050045904,2351.662511103929,2386.564208984375,534862
2022-09-20,2398.5215458192147,2491.446154596936,2395.609336853372,2445.822265625,1009201
2022-09-21,2457.691747094342,2477.944495960172,2442.336775320381,2450.322998046875,447919
2022-09-22,2450.3233492595905,2470.3556977958683,2411.803413845511,2450.588134765625,328914
2022-09-23,2462.898473982949,2481.739394394608,2420.0984524243613,2437.439208984375,408930
2022-09-26,2417.980772698524,2431.0856086859358,2356.383993136544,2401.522705078125,610918
2022-09-27,2413.5683952800746,2413.5683952800746,2320.9085482949163,2328.18896484375,740040
2022-09-28,2294.434100829363,2316.4959671834918,2272.4605681198163,2286.80078125,923391
2022-09-29,2294.4779666670074,2298.272650271722,2228.2482094702077,2238.22021484375,1057406
2022-09-30,2249.428040334729,2287.506737968992,2215.011526575194,2249.6044921875,706844
2022-10-03,2240.161890302169,2271.4455734332723,2224.23317984211,2228.73388671875,658511
2022-10-04,2276.784394816114,2319.0548406182324,2260.105711591386,2313.671875,391128
2022-10-06,2342.087429484687,2350.603222617713,2321.128659156782,2335.115966796875,463669
2022-10-07,2369.3562190982284,2413.4799537862505,2303.1706170661955,2316.451904296875,1065099
2022-10-10,2294.257426859456,2294.257426859456,2233.8960370899663,2268.40087890625,1076512
2022-10-11,2272.3720186271785,2272.813255912349,2236.0141094187225,2248.677490234375,407068
2022-10-12,2250.3105695018817,2263.062286306139,2220.394762227677,2250.354736328125,401910
2022-10-13,2252.957742180707,2271.75449498766,2234.425774853721,2247.177490234375,239037
2022-10-14,2272.8135147856283,2281.197024158745,2231.8226094140227,2237.867431640625,250851
2022-10-17,2227.3657444989008,2267.959573439848,2225.2037249601017,2253.5751953125,257635
2022-10-18,2264.871282573048,2291.5661418357927,2236.8085444568424,2260.900146484375,454003
2022-10-19,2271.4896438623064,2271.4896438623064,2234.602162111714,2242.54443359375,375698
2022-10-20,2238.352859610166,2267.959928221868,2208.613505975595,2264.032958984375,364460
2022-10-21,2268.842396418961,2274.1372444852827,2248.5013120079234,2267.82763671875,360297
2022-10-24,2282.0794138355373,2285.609312387487,2272.372192817676,2278.461181640625,35097
2022-10-25,2282.167555641279,2296.1988150266584,2264.473897547364,2281.726318359375,410336
2022-10-27,2292.6691026958847,2312.083544674064,2274.181302174428,2303.920654296875,473043
2022-10-28,2315.481196213028,2360.046166030933,2311.2011079820445,2338.425537109375,717856
2022-10-31,2354.4424542824045,2377.5190810640624,2344.293995427739,2362.25244140625,511816
2022-11-01,2374.0774634718337,2374.607034449098,2329.115422456264,2358.987060546875,368266
2022-11-02,2338.513842463544,2344.9117841870707,2321.2174672107667,2333.218994140625,565598
2022-11-03,2328.8506391006927,2354.7953080520906,2319.1434177933384,2335.3369140625,311401
2022-11-04,2312.965948845988,2327.2619944139065,2271.0042381228222,2284.638427734375,855256
2022-11-07,2293.551402449799,2316.4957412199774,2285.6091313370443,2313.010009765625,314060
2022-11-09,2320.9083863570736,2344.338131978133,2313.892755807289,2339.881591796875,459177
2022-11-10,2339.837045156571,2402.095666222638,2317.6870637632187,2393.712158203125,706321
2022-11-11,2405.71416967608,2410.876516981364,2347.426677404528,2354.883544921875,474615
2022-11-14,2356.648371239427,2389.741168064545,2343.7641561630226,2372.444580078125,352558
2022-11-15,2377.828162102759,2430.379575410649,2375.6219752757943,2409.81787109375,1012827
2022-11-16,2409.6411790455536,2431.217640972955,2390.667974224894,2417.4951171875,647740
2022-11-17,2418.862830159268,2440.130553772515,2406.6846378335717,2421.51025390625,517393
2022-11-18,2413.5680057830264,2417.186237784383,2384.9759152209167,2403.110595703125,469583
2022-11-21,2395.9187048952595,2402.537264853533,2351.794971840098,2362.78173828125,467604
2022-11-22,2356.0309103672475,2374.607045207597,2353.559938208679,2369.841552734375,361527
2022-11-23,2374.7391479847392,2380.4752328832533,2337.454596144399,2346.36767578125,264132
2022-11-24,2351.7949842625158,2365.605626602564,2334.8515137694194,2358.943115234375,498023
2022-11-25,2358.85463871261,2397.462903001303,2350.4711298956368,2389.87353515625,423634
2022-11-28,2400.286857518213,2474.458894209179,2393.315394031096,2456.3681640625,1223958
2022-11-29,2456.0591944966213,2504.4188475896285,2447.1904967722035,2495.85888671875,731879
2022-11-30,2499.1241651419414,2524.7600980774364,2488.666969292828,2516.7294921875,1379225
2022-12-01,2519.4651541079224,2545.056919245971,2494.402959944999,2534.290771484375,782249
2022-12-02,2528.289626726121,2528.289626726121,2482.400949382401,2488.975341796875,526214
2022-12-05,2479.753997002604,2499.9625821869045,2458.2656510985157,2495.32958984375,397713
2022-12-06,2490.34348617419,2492.99091014957,2451.5587680244544,2469.8701171875,339117
2022-12-07,2464.79581028371,2472.6939151386296,2427.687708974436,2435.23291015625,340800
2022-12-08,2426.805254962852,2452.220567631681,2422.6135004315524,2434.04150390625,190468
2022-12-09,2437.394889719244,2455.2650006956437,2410.1704616328275,2428.12890625,254995
2022-12-12,2427.687568793798,2448.77862506981,2414.49461691665,2445.734130859375,166357
2022-12-13,2456.721238783071,2484.2104550422264,2424.952149484375,2435.144775390625,440848
2022-12-14,2437.792034716926,2455.8385980785533,2407.037922673954,2424.466796875,438317
2022-12-15,2416.6566944672504,2456.632836975989,2413.215129703039,2445.204833984375,299314
2022-12-16,2422.481195258594,2442.3808258253857,2397.815856968692,2404.611083984375,271086
2022-12-19,2404.6108813676037,2457.691639759923,2390.6677402858504,2453.808837890625,276490
2022-12-20,2444.4549686453365,2462.634034013712,2420.981054969426,2446.705322265625,234062
2022-12-21,2446.705091836695,2469.208195024393,2415.333075479558,2433.379638671875,328455
2022-12-22,2433.158977838204,2467.8844402952955,2397.948326698702,2407.1259765625,483991
2022-12-23,2395.9186769214643,2400.331050175463,2319.716904645736,2326.953369140625,328855
2022-12-26,2334.145308792943,2380.916462428492,2304.670743435738,2370.591552734375,175951
2022-12-27,2378.224686177105,2398.786385769367,2369.885344976965,2384.755126953125,181947
2022-12-28,2371.739367395744,2406.2881697638286,2369.444846728112,2379.681640625,225857
2022-12-29,2375.2686243873623,2422.392679960441,2357.486632640958,2402.272216796875,243791
2022-12-30,2414.318640193008,2439.910408040807,2402.890419778485,2416.966064453125,211762
2023-01-02,2416.965610629809,2426.4522124473037,2391.506132596258,2396.712646484375,131296
2023-01-03,2384.6230856187653,2417.89233864061,2384.4466337687672,2400.68408203125,136701
2023-01-04,2388.858937039871,2407.3909051513733,2380.6960463240903,2390.888671875,178937
2023-01-05,2389.653073060538,2445.425644570965,2384.4465586859505,2441.939697265625,258988
2023-01-06,2441.807419692108,2449.1761693893195,2412.465136820853,2420.23095703125,162618
2023-01-09,2432.982571268552,2446.572594482764,2418.2011211166664,2428.879150390625,110658
2023-01-10,2426.8052997342497,2433.9092637921453,2371.8270856725057,2393.3154296875,206381
2023-01-11,2393.359511135659,2400.330974477958,2368.6060548717737,2377.166015625,150551
2023-01-12,2373.85641694987,2382.9459474352016,2350.029605329927,2377.60693359375,163626
2023-01-13,2367.944198751524,2422.3045062542096,2367.944198751524,2407.787841796875,196440
2023-01-16,2410.9206205805604,2440.0422825421847,2391.50617927281,2434.39453125,362194
2023-01-17,2440.042384561641,2443.572283128819,2408.890986616715,2441.675048828125,254062
2023-01-18,2441.719053725194,2458.883358242672,2424.5549646556315,2444.41064453125,159791
2023-01-19,2437.3951342185,2453.0590602258785,2428.217483469404,2444.057861328125,140565
2023-01-20,2442.248497016612,2442.248497016612,2408.582176633467,2423.67236328125,300399
2023-01-23,2428.084501386585,2481.518377243624,2426.849123224295,2448.513916015625,434312
2023-01-24,2450.6320544611795,2459.4568007862104,2437.6155536317583,2446.13134765625,129633
2023-01-25,2452.3968030289216,2464.7514468728964,2440.9246337452314,2457.691650390625,356744
2023-01-27,2460.3394061176364,2479.842182711151,2395.565850830149,2414.5830078125,464092
2023-01-30,2403.022529797726,2439.998129776759,2366.002762998613,2384.711181640625,459196
2023-01-31,2404.2582284955106,2446.2199448820456,2369.091739869771,2438.498291015625,579601
2023-02-01,2449.3523243866653,2491.093414441837,2360.663630516853,2406.728759765625,408279
2023-02-02,2372.974158316016,2394.330000176697,2324.9676270863274,2348.220703125,453723
2023-02-03,2360.0020095058403,2368.6942555761343,2313.0102341957904,2342.308349609375,328028
2023-02-06,2340.3670423023555,2386.9175821520844,2334.233886302734,2378.269287109375,252416
2023-02-07,2370.3268614502463,2378.0926813010947,2307.715329402116,2340.852294921875,421543
2023-02-08,2346.5445575049644,2371.165517170052,2287.418748488274,2307.362548828125,793670
2023-02-09,2306.78860628727,2306.78860628727,2249.5160908795733,2258.428955078125,1266011
2023-02-10,2258.428810507988,2285.300117290264,2250.5748732434813,2279.696533203125,283858
2023-02-13,2289.095021496576,2296.198985351753,2254.7668445972668,2260.5029296875,327921
2023-02-14,2271.842750902936,2274.2256049191824,2237.999975882496,2243.69189453125,409279
2023-02-15,2245.898278979454,2272.372521953672,2238.8384808529963,2269.72509765625,643367
2023-02-16,2285.6093494010784,2285.6093494010784,2247.221702026968,2256.222900390625,433077
2023-02-17,2257.354761780957,2299.143508030925,2257.354761780957,2295.928955078125,705628
2023-02-20,2299.958494788907,2304.033224405659,2276.1892386911877,2288.594482421875,182493
2023-02-21,2299.95852258578,2304.485999992445,2278.679378774455,2282.3466796875,203273
2023-02-22,2270.0770131358004,2295.113873018528,2259.211068118796,2263.240478515625,310260
2023-02-23,2264.236614439464,2275.14787845324,2248.164070750472,2259.663818359375,294710
2023-02-24,2260.1163498841297,2271.480360520464,2246.896029602561,2250.744384765625,255112
2023-02-27,2250.7446272310945,2252.872629918957,2200.3538949771164,2207.1904296875,293892
2023-02-28,2216.607294890822,2238.384502243195,2182.560802416716,2190.48388671875,542868
2023-03-01,2186.771532346648,2212.985581657407,2186.137729739324,2201.35009765625,293122
2023-03-02,2212.578073460126,2248.616835629044,2210.223696925207,2230.55224609375,525446
2023-03-03,2241.735280981696,2244.542405604054,2224.8025584703173,2228.922607421875,197868
2023-03-06,2238.384906503009,2256.268442871713,2228.605510756096,2245.357177734375,203422
2023-03-08,2224.802313732495,2246.5342044649246,2209.9522768259576,2243.863037109375,286894
2023-03-09,2251.061966142197,2255.6347629419374,2209.4091703085123,2212.85009765625,244591
2023-03-10,2188.582575164807,2212.8498982425067,2177.9883222624303,2209.6806640625,224485
2023-03-13,2211.128932114777,2211.128932114777,2155.07886026868,2161.462646484375,249618
2023-03-14,2168.616346093926,2183.602340435796,2144.575396991799,2149.148193359375,302570
2023-03-15,2173.1890299702645,2180.297257516413,2146.069486080738,2154.5810546875,217071
2023-03-16,2145.480959239208,2167.756237069979,2141.496867447995,2146.884521484375,577586
2023-03-17,2150.551564608559,2151.049631289796,2108.7177215443426,2132.577392578125,628419
2023-03-20,2132.577648204953,2133.7548365740145,2086.261641594251,2118.27099609375,352432
2023-03-21,2123.3413356129568,2133.664115529952,2110.709719344037,2127.053955078125,291142
2023-03-22,2127.0542937411005,2145.345259016588,2124.2924881936965,2130.81201171875,166790
2023-03-23,2141.496648685516,2158.565325623467,2134.252685391865,2139.23291015625,371585
2023-03-24,2139.685788860134,2153.902023480641,2086.3521942726725,2094.72802734375,272040
2023-03-27,2100.7042432481257,2110.6193747700354,2079.51573695286,2090.427001953125,238881
2023-03-28,2083.5448774857955,2090.426730827852,2033.7426313920453,2036.911865234375,456838
2023-03-29,2037.3647274501957,2096.6746784048564,2037.3647274501957,2086.397216796875,712847
2023-03-31,2095.9954109032105,2134.16195237962,2095.9954109032105,2125.5146484375,302919
2023-04-03,2159.606668590789,2204.4286937879565,2147.880546616489,2201.35009765625,787785
2023-04-05,2210.133051410478,2210.8121729097397,2190.483846912149,2202.345703125,289012
2023-04-06,2202.346003167215,2207.7789759014818,2182.515741114429,2197.139404296875,211340
2023-04-10,2200.353832025211,2234.6269214986505,2188.7181276549118,2228.107177734375,261131
2023-04-11,2240.19570590874,2244.587447195227,2216.6981435870844,2236.43798828125,575155
2023-04-12,2241.101398134487,2250.156353278465,2217.7395696493763,2243.18408203125,464883
2023-04-13,2243.183962459836,2243.183962459836,2207.597946427244,2215.792724609375,458472
2023-04-17,2200.353735858045,2235.66805507552,2190.846034530264,2232.90625,656224
2023-04-18,2237.4336926000187,2241.055674002821,2195.8262254489664,2209.136962890625,397381
2023-04-19,2204.88125649354,2220.365315962318,2192.294959103468,2214.79638671875,247426
2023-04-20,2218.463803065849,2229.5561220811783,2202.0291494418534,2217.15087890625,315314
2023-04-21,2219.323881864469,2242.3686953258866,2217.1507813557946,2226.93017578125,699932
2023-04-24,2227.4732613491306,2285.470283233575,2212.48726896294,2264.689208984375,686216
2023-04-25,2268.175375662269,2294.525380655089,2258.1698281852564,2261.701171875,538138
2023-04-26,2272.793352248796,2285.4702872812586,2256.539754760099,2268.401611328125,560280
2023-04-27,2263.7385978007733,2288.0512387684425,2261.067430469013,2271.571044921875,685268
2023-04-28,2281.8485679329424,2324.4068547158186,2277.4568265078437,2316.80078125,721370
2023-05-02,2299.912995462952,2299.912995462952,2232.951654891822,2260.02587890625,997629
2023-05-03,2254.6835112469653,2280.037382056168,2244.632424034605,2266.137939453125,863935
2023-05-04,2270.937125028969,2293.393454972876,2267.6321552741783,2276.8681640625,684323
2023-05-05,2297.2421085238984,2319.879496270488,2275.1027875213817,2306.5234375,1527593
2023-05-08,2323.501324680912,2347.0442063807186,2323.501324680912,2332.873291015625,855245
2023-05-09,2342.923855316544,2357.9098472923524,2331.876856466832,2346.636474609375,556418
2023-05-10,2354.288111138668,2358.045828734928,2329.0248771425827,2341.656494140625,549062
2023-05-11,2354.2882849041684,2357.910266880944,2331.6962165376776,2341.11328125,506829
2023-05-12,2349.7603165555624,2366.9647273511523,2341.791913657651,2359.630126953125,718178
2023-05-15,2378.736367839643,2462.94743834177,2359.720964823034,2437.5029296875,1383562
2023-05-16,2444.792506556877,2460.729315624761,2427.225982459885,2432.160888671875,602177
2023-05-17,2434.8318087796188,2504.9623832142693,2428.900769702886,2465.61865234375,1169727
2023-05-18,2485.6305540316703,2498.3979083903896,2466.796202754684,2476.666015625,610410
2023-05-19,2481.64599136989,2484.724808509505,2415.1373954576143,2456.609130859375,458137
2023-05-22,2454.390495332644,2464.758373003976,2427.723701160918,2437.729248046875,241924
2023-05-23,2437.7294382130844,2461.272319439112,2421.3401035389747,2454.300048828125,224454
2023-05-24,2454.798191075455,2485.358662838198,2450.270713777271,2479.88037109375,402069
2023-05-25,2480.10655000862,2498.261776760882,2453.0323263209525,2474.537841796875,208718
2023-05-26,2476.0321893803302,2490.022051001137,2457.1527403611854,2485.720947265625,167210
2023-05-29,2499.167187583248,2530.678470249025,2477.480617977099,2514.469970703125,462628
2023-05-30,2514.424861759461,2530.8595140045177,2499.348231476975,2516.50732421875,399817
2023-05-31,2516.4172755010486,2523.6159204037317,2480.19745604782,2499.076904296875,773286
2023-06-01,2498.126350519466,2546.8418316022626,2487.260404511127,2535.74951171875,552629
2023-06-02,2567.9852620132488,2637.3914043099708,2567.9852620132488,2619.281494140625,2090599
2023-06-05,2635.036934889063,2643.865515045447,2594.244322875923,2599.315185546875,620625
2023-06-06,2598.7719175418583,2636.8027260912518,2590.577139581261,2630.283203125,729992
2023-06-07,2642.190188242403,2697.470725162034,2632.3656960535163,2678.455322265625,996180
2023-06-08,2696.157859262135,2740.0290669633555,2669.581480975176,2684.61279296875,1150017
2023-06-09,2705.529742014848,2739.123711331525,2614.4370332144754,2625.302978515625,826404
2023-06-12,2631.641558752028,2660.572095135533,2606.106630419832,2653.4638671875,617327
2023-06-13,2641.3301629382045,2676.5538466529447,2629.604041361636,2673.429931640625,973087
2023-06-14,2673.429984511769,2687.1030541694786,2647.3516714612965,2654.550537109375,304861
2023-06-15,2662.065746166449,2681.5338965946157,2544.4419861928586,2574.36865234375,951322
2023-06-16,2574.3233331985643,2576.0436859718016,2539.914509188172,2564.408203125,1029235
2023-06-19,2553.497278796371,2560.4695498475226,2514.6062917602644,2519.6318359375,671364
2023-06-20,2512.749807852686,2544.080038028336,2485.630264050046,2536.02099609375,872568
2023-06-21,2536.292703727136,2562.552071241626,2535.387208295602,2556.711669921875,407191
2023-06-22,2562.5519822355195,2591.5278350381823,2550.599487168063,2558.06982421875,578572
2023-06-23,2558.2508725934813,2571.3805558613712,2503.6947748769053,2514.017333984375,381689
2023-06-26,2514.0175213107623,2588.8115351682377,2512.7499160866946,2581.7939453125,583691
2023-06-27,2587.905877830631,2595.964698540047,2560.242948883704,2575.319580078125,415101
2023-06-28,2580.6616976911178,2590.939158142535,2530.8594544023417,2561.419921875,781032
2023-06-30,2571.56163987506,2644.046591503024,2567.0794818188606,2635.082275390625,962194
2023-07-03,2603.299656876617,2636.6672556885774,2591.890324735703,2624.80517578125,818522
2023-07-04,2672.207527883061,2752.615341480756,2640.152858507787,2743.469970703125,2177103
2023-07-05,2761.760799543166,2872.231231524893,2743.8319475160984,2859.7353515625,3069147
2023-07-06,2842.3505187670644,2903.78847998772,2823.9689149704354,2872.322509765625,1676341
2023-07-07,2852.310355767382,2872.231253490202,2830.578467342488,2850.680419921875,931135
2023-07-10,2858.1513164461567,2885.2257653866577,2794.2685627029578,2828.496337890625,570281
2023-07-11,2806.130508685303,2832.3898777565755,2792.729131290455,2809.390380859375,663715
2023-07-12,2806.9452680678883,2819.079039786547,2768.507030277849,2787.884765625,739038
2023-07-13,2787.884821618801,2835.061003055937,2766.741413926192,2782.67822265625,665215
2023-07-14,2787.92970472303,2845.519300716121,2782.678008246128,2839.9052734375,811153
2023-07-17,2847.4660419660413,2859.0111084003074,2777.15441207013,2799.4296875,909246
2023-07-18,2806.1302108443124,2825.1456140155715,2794.2681328197195,2821.8857421875,578275
2023-07-19,2829.673326249275,2846.560728233039,2791.1897690122846,2804.00244140625,486164
2023-07-20,2803.368550533862,2807.2169061364,2762.666574904195,2795.400146484375,735511
2023-07-21,2788.065695346726,2829.3110556186057,2761.308261681472,2808.89208984375,749722
2023-07-24,2834.1102251653188,2856.838250226746,2798.0263627915087,2837.8681640625,784541
2023-07-25,2878.569972686073,2878.569972686073,2832.5254416318307,2843.52734375,748386
2023-07-26,2865.847779595937,2888.439846854528,2830.6694140125715,2848.4169921875,509747
2023-07-27,2845.532363114321,2892.598406551084,2836.604448807413,2872.453369140625,524436
2023-07-28,2881.6101015962704,2907.295068090032,2867.417007563075,2905.005859375,445865
2023-07-31,2920.801698227948,2957.657962309357,2905.4639982686035,2933.575439453125,933273
2023-08-01,2953.0338344881934,2970.477652094623,2776.581646289741,2840.542236328125,3043469
2023-08-02,2802.9074492966456,2813.8956522994417,2721.274347243929,2741.052978515625,2692656
2023-08-03,2721.411598912762,2766.7837649987487,2685.7457681939777,2703.464111328125,1250490
2023-08-04,2725.9902005481745,2733.315669679644,2675.123929555416,2696.41357421875,642027
2023-08-07,2701.266534482544,2714.9559591580464,2682.6322843902453,2704.97509765625,444210
2023-08-08,2751.629330851355,2828.317835496546,2728.7372399124915,2808.31005859375,2020469
2023-08-09,2820.1681995230506,2821.5417249107,2750.8051674467683,2801.717041015625,548711
2023-08-10,2794.11667892749,2804.647039691736,2758.954520232575,2779.923583984375,476401
2023-08-11,2788.164968282073,2814.216346145114,2728.7371906988137,2745.402587890625,816082
2023-08-14,2756.115727596824,2769.9426381217327,2703.280833392356,2756.802490234375,526850
2023-08-16,2751.6292435067235,2762.4801836895344,2706.7607466908066,2730.339599609375,753515
2023-08-17,2744.6696808013025,2744.6696808013025,2711.109969369884,2738.855224609375,565973
2023-08-18,2737.619196736,2737.619196736,2673.7960949344647,2680.251708984375,560922
2023-08-21,2682.0372070645626,2696.09303944631,2666.8367702072846,2684.326416015625,328451
2023-08-22,2692.1098093213623,2715.551399124075,2673.7961371491083,2707.447509765625,255764
2023-08-23,2718.664437591974,2724.158538846791,2687.348105150627,2702.868896484375,325912
2023-08-24,2705.845201876841,2720.908153298001,2673.796273935829,2680.892822265625,273751
2023-08-25,2684.601300833082,2696.688279991539,2646.3256805349906,2665.46337890625,429528
2023-08-28,2678.374311984363,2702.3651756404297,2666.333163046721,2684.55517578125,303029
2023-08-29,2699.4351019677174,2740.640861665325,2690.324095367913,2736.19970703125,590653
2023-08-30,2754.3764862773924,2754.3764862773924,2694.078627034226,2702.9609375,415898
2023-08-31,2715.0017251728127,2715.0017251728127,2646.371287826013,2670.08740234375,920121
2023-09-01,2685.65411006224,2698.6567721813776,2662.807849462456,2680.572021484375,331811
2023-09-04,2701.2662857889977,2714.9557092041764,2676.313910776201,2694.71923828125,643279
2023-09-05,2715.0019811707275,2723.1514761101903,2681.3047786494662,2687.85205078125,306742
2023-09-06,2705.8446954009155,2705.8446954009155,2670.9114599061954,2690.278076171875,275916
2023-09-07,2692.109375399391,2718.1605251543087,2683.5020402880136,2711.2470703125,242002
2023-09-08,2719.396916351766,2771.773968097606,2710.5604364000915,2755.062744140625,569352
2023-09-11,2773.5140323581663,2801.0761987936967,2764.494682817721,2796.818359375,486566
2023-09-12,2810.5075711912395,2810.5075711912395,2756.20749184022,2765.41015625,429664
2023-09-13,2765.4102697715325,2779.008036945175,2733.407173022781,2741.9228515625,290774
2023-09-14,2753.277569947149,2773.5598728303544,2725.074469569789,2745.585693359375,311245
2023-09-15,2760.419762224328,2841.366099882217,2751.583281695936,2806.432861328125,949607
2023-09-18,2808.172778987688,2864.2584014587064,2781.846874562516,2852.033935546875,897322
2023-09-20,2851.9878503453315,2868.699073820849,2791.232162150482,2803.685546875,575906
2023-09-21,2799.244516079747,2804.692788303762,2737.893720339694,2747.92041015625,585566
2023-09-22,2756.207533346111,2783.6780403229827,2738.031125140858,2767.836669921875,323540
2023-09-25,2760.9689725323733,2767.836599100868,2718.114938033854,2723.8837890625,408884
2023-09-26,2724.158966610984,2782.7627225313545,2719.626377075135,2778.5048828125,372568
2023-09-27,2778.184040617151,2778.184040617151,2747.05079823713,2752.865478515625,222370
2023-09-28,2753.00252689657,2763.7159794629224,2710.469071732627,2719.580078125,331995
2023-09-29,2733.361561237055,2811.1488436490617,2721.549107858405,2799.473876953125,375842
2023-10-03,2800.160095395865,2806.4782220162374,2739.267143681076,2761.335205078125,387906
2023-10-04,2761.655969885294,2765.36453325856,2725.1202828581795,2737.024169921875,307263
2023-10-05,2765.364504518299,2791.782066111173,2741.007231049652,2762.296875,537209
2023-10-06,2783.6780468235684,2788.2564646637384,2767.653584382972,2781.8466796875,180660
2023-10-09,2766.3718867816337,2792.7892252092183,2677.413088547974,2705.936767578125,976306
2023-10-10,2724.1588536282334,2749.8896535670874,2715.917700793728,2725.80712890625,467743
2023-10-11,2747.05092054362,2848.691804603734,2735.650703934479,2839.397705078125,1048795
2023-10-12,2854.1396913466488,2868.012430751564,2806.5241485002757,2827.859619140625,927642
2023-10-13,2823.968367184606,2856.017294827752,2820.351461490281,2837.199951171875,374642
2023-10-16,2842.282105148687,2906.654711712881,2838.482107349153,2894.47607421875,966651
2023-10-17,2913.796607058676,2918.7870375121174,2899.5118547801267,2905.41796875,416816
2023-10-18,2902.7169554378206,2915.5365255880192,2883.487600212523,2887.28759765625,344063
2023-10-19,2883.945240654016,2998.863522191428,2873.460709081433,2990.485107421875,1129769
2023-10-20,2985.1283421321527,2989.7067598348094,2933.438050980269,2940.48876953125,458086
2023-10-23,2935.269645733794,2960.1761952569977,2874.7428695877284,2884.26611328125,313646
2023-10-25,2884.4033177970296,2903.6326732490097,2829.4623022199435,2876.02490234375,391029
2023-10-26,2865.174218947296,2866.1357315171203,2824.884137249092,2849.561767578125,461475
2023-10-27,2861.694169284638,2887.058558762598,2842.327551735782,2849.790283203125,314423
2023-10-30,2849.83614487966,2864.761831541623,2797.413261340625,2848.096435546875,265215
2023-10-31,2852.4003686429905,2874.880446725168,2820.442875460762,2827.95166015625,207132
2023-11-01,2834.9104588504,2879.504203290743,2816.2306037410062,2831.70556640625,473455
2023-11-02,2874.330873529225,2884.357564423445,2785.051720878986,2794.758056640625,1268028
2023-11-03,2824.8834357685078,2847.958613936288,2813.0253798335184,2828.912353515625,411691
2023-11-06,2847.776108492832,2907.52446575301,2834.6817877844665,2899.87841796875,850503
2023-11-07,2907.249368306271,2912.972390347991,2858.123036522367,2866.318359375,355269
2023-11-08,2893.8349281423675,2899.420463973566,2863.205356408594,2868.0126953125,459324
2023-11-09,2879.824919344132,2926.524782901064,2870.668083352577,2906.2880859375,604807
2023-11-10,2906.242427296753,2911.0039372139145,2834.1779505205404,2843.380615234375,820659
2023-11-13,2840.542113351732,2872.4535518736748,2840.542113351732,2855.833984375,386501
2023-11-15,2879.7791482869284,2913.3390870032936,2866.181380699728,2909.9052734375,570652
2023-11-16,2917.367949812003,3020.8401966195224,2910.134138793704,3003.488037109375,963718
2023-11-17,3012.3240954248395,3084.7547528273485,3003.487838690173,3053.57568359375,947293
2023-11-20,3073.9499392630587,3084.022459171278,3036.0407264852606,3064.197998046875,677714
2023-11-21,3072.072637843746,3108.745810600381,3049.2722057095816,3091.8056640625,742294
2023-11-22,3101.42031500834,3138.688592358296,3084.754918404675,3125.777587890625,775145
2023-11-23,3131.5919400488483,3274.4844040122266,3131.5919400488483,3267.158935546875,1726414
2023-11-24,3267.158701584156,3277.963811507901,3234.88085847013,3249.39453125,514405
2023-11-28,3259.8333345915585,3322.099814016341,3255.300745873952,3316.605712890625,659645
2023-11-29,3328.50994624332,3468.7468026992665,3319.994043898076,3430.974853515625,1561256
2023-11-30,3479.5976865821394,3556.9729509285053,3463.2984737601937,3497.04150390625,2909100
2023-12-01,3534.538571621509,3539.116989460397,3424.977122159144,3442.97021484375,1060628
2023-12-04,3552.852216451673,3552.852216451673,3464.946594601323,3476.942138671875,1018705
2023-12-05,3477.7660893273464,3502.489544938678,3460.459759821634,3485.7783203125,713163
2023-12-06,3466.045308808054,3502.489558599494,3415.087608965945,3443.931640625,672675
2023-12-07,3461.2840749499087,3490.5401218246807,3444.160836009816,3454.5537109375,500651
2023-12-08,3468.609557657858,3481.5207861410627,3381.070114034972,3402.451416015625,779332
2023-12-11,3402.451286607585,3414.2635154514537,3372.4626491490912,3392.287109375,451738
2023-12-12,3413.668119376667,3474.0574020456256,3401.9931546443568,3431.203369140625,598126
2023-12-13,3424.65671267904,3543.695582371092,3419.895202602472,3537.560546875,1355603
2023-12-14,3551.0208132929074,3576.568294961679,3514.851313002792,3556.1943359375,1067427
2023-12-15,3606.877311716989,3607.7929952183135,3558.4833492497755,3568.006591796875,924599
2023-12-18,3571.1657855280705,3615.668094739179,3556.835427631441,3561.780029296875,725829
2023-12-19,3582.8868477603464,3584.718214966976,3479.551863704071,3499.60546875,560186
2023-12-20,3529.4563563163088,3576.5682294748976,3469.295992785646,3493.79052734375,595832
2023-12-21,3456.751340305452,3541.772426499246,3435.690617984246,3525.51904296875,410786
2023-12-22,3543.695588267132,3611.4561757430406,3525.519179096298,3603.85595703125,573168
2023-12-26,3616.9044885543926,3735.0735050291782,3603.3067208613857,3724.497314453125,1149831
2023-12-27,3721.3380431855526,3751.50999578073,3682.879333093576,3721.61279296875,683058
2023-12-28,3721.612784437813,3835.798481095182,3712.318462053554,3821.37646484375,1714818
2023-12-29,3823.894667931461,3839.827472958949,3764.878681771832,3790.517822265625,383687
2024-01-01,3790.517684750856,3828.839130985162,3740.567325623993,3771.288330078125,392408
2024-01-02,3767.168090634312,3771.655298147724,3685.809733562352,3743.497802734375,507848
2024-01-03,3662.734773894647,3719.4613339942234,3636.820880658224,3653.440673828125,896596
2024-01-04,3660.4450757968216,3668.365649265315,3598.499171628637,3614.1572265625,630734
2024-01-05,3626.107037274044,3696.614674109928,3620.384014803599,3653.852294921875,593042
2024-01-08,3676.377951567095,3708.5185349589647,3656.828241077872,3671.433349609375,508360
2024-01-09,3706.6413586092,3798.942309570312,3691.212224187851,3765.748779296875,1043602
2024-01-10,3748.991695965813,3824.810341655884,3741.5747930468615,3789.144287109375,511944
2024-01-11,3822.979064810219,4024.42945864453,3811.075177901828,3976.08154296875,2133475
2024-01-12,3884.924826955648,4024.429308917952,3884.924826955648,4013.578369140625,905401
2024-01-15,4013.578217191364,4041.414907373093,3971.456774369598,4003.734619140625,490217
2024-01-16,3974.15862146812,4074.792163223016,3974.15862146812,4014.9521484375,972808
2024-01-17,3979.560604640496,4056.478020836953,3974.9821870097535,4002.3154296875,443836
2024-01-18,3968.572415976509,4039.675152604261,3934.6004676173434,4023.513427734375,570816
2024-01-19,4024.4295554901023,4066.4137393649416,4005.2001992522655,4028.779052734375,383901
2024-01-23,4030.5185960391623,4175.517182352965,4030.5185960391623,4069.481201171875,1399043
2024-01-24,4055.562473382771,4078.088378304026,3947.4201558940536,4059.8203125,596736
2024-01-25,4073.739018647796,4102.308078317966,4009.320588829509,4067.603759765625,664356
2024-01-29,4072.960426417764,4235.036414609299,4053.1359670018687,4206.1923828125,418127
2024-01-30,4236.867641075963,4268.916564230849,4193.876121028043,4201.4765625,709726
2024-01-31,4182.384920750636,4245.933274349774,4137.195844828343,4231.87744140625,645505
2024-02-01,4232.014251812692,4320.057123447215,4189.251657145607,4199.96533203125,660378
2024-02-02,4210.312845317735,4367.169254207731,4203.032982454099,4319.5537109375,994506
2024-02-05,4322.026322224176,4371.793812199974,4303.712651367294,4346.42919921875,425966
2024-02-06,4346.337870149747,4387.955869163965,4333.930536050302,4380.126953125,261001
2024-02-07,4386.123777234106,4411.076151540918,4331.3200326829865,4389.19140625,265821
2024-02-08,4391.572498784183,4417.898399637667,4362.682415841793,4402.5146484375,444060
2024-02-09,4431.908706820878,4508.826130658265,4388.047550983453,4494.95361328125,718094
2024-02-12,4531.763453040975,4531.763453040975,4237.371194395141,4292.2666015625,1321957
2024-02-13,4329.35155942721,4422.614012708915,4309.481048763918,4344.73486328125,938269
2024-02-14,4310.122733202599,4418.173398704597,4268.092945111761,4408.146484375,735284
2024-02-15,4422.935053656845,4445.460512273766,4383.422949073787,4410.80224609375,530347
2024-02-16,4422.75209043205,4505.163620067429,4422.75209043205,4481.63037109375,848705
2024-02-19,4513.35882075125,4527.139679969813,4435.434057630515,4443.4462890625,524294
2024-02-20,4443.445938175708,4470.366944239075,4260.6754181778815,4270.15283203125,1153742
2024-02-21,4299.4420210863855,4323.116761283708,4218.359405614483,4243.484375,1112050
2024-02-22,4266.971812592064,4284.610328022381,4155.336604853409,4206.3349609375,1441798
2024-02-23,4243.624286148317,4309.08015112052,4196.930474138974,4228.88623046875,819122
2024-02-26,4233.28484040364,4238.945943060679,4182.941234749036,4207.22412109375,605090
2024-02-27,4212.557516661777,4228.652593119037,4124.784383816932,4145.41748046875,830187
2024-02-28,4154.72779662553,4172.694369860998,4069.621196496393,4093.95068359375,569688
2024-02-29,4097.64711302401,4167.828326423599,4070.510377176169,4142.09521484375,1548190
2024-03-01,4173.349043040563,4234.266425987383,4164.085214506928,4217.5166015625,510674
2024-03-04,4295.043931182024,4332.520518780674,4269.825297450587,4315.396484375,570306
2024-03-05,4315.349708507991,4346.323112777011,4278.107055836202,4295.0908203125,442519
2024-03-06,4285.7327273910905,4350.299443153096,4244.653415556182,4337.4794921875,353334
2024-03-07,4351.235636294108,4401.766114651072,4323.911565233786,4353.94921875,684934
2024-03-11,4398.023525545793,4421.417267702951,4304.9630364810055,4371.5419921875,644170
2024-03-12,4366.48793183395,4395.215625713009,4335.327654657946,4359.5634765625,312738
2024-03-13,4347.49257903634,4385.624374687594,4188.929628834585,4222.19580078125,700123
2024-03-14,4168.764225827764,4381.3196437381785,4168.764225827764,4374.90966796875,708629
2024-03-15,4355.913815847903,4380.10303121243,4211.4807926774765,4290.69189453125,1278695
2024-03-18,4267.485859765014,4288.072350043454,4236.652729061672,4261.5908203125,232124
2024-03-19,4261.403361434882,4302.202132342048,4219.856173666977,4249.9404296875,388757
2024-03-20,4250.174571811424,4294.108197143606,4192.15809813192,4220.65185546875,418716
2024-03-21,4236.886470410241,4252.981544828615,4159.593926013777,4229.494140625,633619
2024-03-22,4247.179767265776,4432.037360334274,4227.34215145331,4383.05078125,902115
2024-03-26,4383.050840143981,4420.995301182244,4335.842093143579,4371.0263671875,551123
2024-03-27,4390.536691974078,4396.151189022638,4267.017756905754,4278.76123046875,693528
2024-03-28,4308.1911422181365,4444.810583304985,4288.727733374836,4418.89013671875,1086607
2024-04-01,4435.453421677215,4472.649470941281,4362.558613998121,4380.01025390625,664163
2024-04-02,4351.235150984132,4384.407653339616,4231.459215645214,4267.76611328125,1342779
2024-04-03,4290.318428354203,4307.489525611193,4235.670740819869,4264.3984375,681469
2024-04-04,4290.411709940255,4295.090457715544,4176.016326834432,4232.3486328125,1378250
2024-04-05,4192.625664846048,4272.258039249462,4181.256399721223,4234.1728515625,605460
2024-04-08,4248.302902048877,4312.729349114823,4234.360325316014,4299.86279296875,711580
2024-04-09,4318.484455169634,4372.991870015491,4215.5519979499895,4231.17919921875,945922
2024-04-10,4259.251929290567,4259.251929290567,4188.321830599,4206.10107421875,515061
2024-04-12,4219.294866779303,4232.20802825203,4146.30639935664,4155.4765625,438331
2024-04-15,4145.37094305414,4155.242919082686,4088.243609774074,4099.70654296875,645166
2024-04-16,4064.896508747756,4160.7642438412895,4012.541132691233,4045.152099609375,719918
2024-04-18,4077.997015159197,4116.035147427284,3959.7183496075154,3978.15234375,1103254
2024-04-19,3978.1057226572593,3978.1057226572593,3900.34483490902,3942.968505859375,674079
2024-04-22,3967.438066098275,4056.4745499005694,3936.604933757004,4034.858642578125,619635
2024-04-23,4059.2818101193193,4088.196381700335,4011.464913643677,4065.878662109375,547228
2024-04-24,4079.867857816451,4122.304189416582,4056.567786432269,4111.0751953125,658601
2024-04-25,4118.233973599835,4224.909427585379,4086.3248209820113,4209.2822265625,1103462
2024-04-26,4220.464823036099,4249.05179183699,4179.479171478104,4203.01318359375,497777
2024-04-29,4238.945526361622,4238.945526361622,4159.968354514956,4171.291015625,590104
2024-04-30,4178.122149798273,4293.406688408492,4178.122149798273,4251.1572265625,828084
2024-05-02,4327.841480559951,4327.841480559951,4258.876558960209,4268.42138671875,808478
2024-05-03,4283.393688749674,4285.686457976931,4226.640568285992,4260.23388671875,347594
2024-05-06,4278.20038747954,4288.259695258649,4178.589663963756,4219.99658203125,241049
2024-05-07,4237.963501315704,4243.110124319278,4147.429723934652,4189.1171875,456294
2024-05-08,4203.994961308542,4362.464232834145,4131.006499240532,4317.45458984375,1313834
2024-05-09,4355.91414574861,4605.759275053632,4336.123134191072,4458.7529296875,3589872
2024-05-10,4480.930043153324,4636.030519181,4468.016426207474,4564.0244140625,1520297
2024-05-13,4592.659619417354,4594.484514132451,4426.657710700419,4571.65185546875,624906
2024-05-14,4599.115847055911,4726.471465350035,4589.898621654372,4719.40673828125,1335266
2024-05-15,4733.020930064157,4775.12965719996,4698.164261490632,4732.36572265625,882851
2024-05-16,4739.5254189836105,4823.742888309033,4717.769239407876,4811.0166015625,1296732
2024-05-17,4805.07443621517,4836.515715728779,4746.917687049596,4762.21728515625,609690
2024-05-21,4748.92919615257,4793.6578440443645,4706.118652167549,4729.13818359375,480490
2024-05-22,4725.535580283484,4742.332468723535,4645.996862595544,4674.95849609375,422368
2024-05-23,4678.747638167778,4824.210085001993,4644.171510358138,4814.61865234375,644911
2024-05-24,4777.095644352254,4864.166966790095,4753.654841401945,4789.447265625,458258
2024-05-27,4796.652473960622,4799.272390090334,4725.535503999442,4757.25732421875,380940
2024-05-28,4758.240182740049,4889.29173342451,4720.856802895054,4850.87939453125,727224
2024-05-29,4838.80749854717,4867.909400758245,4777.983778164425,4813.26171875,409279
2024-05-30,4799.459518670294,4853.686388723204,4767.363491355816,4806.009765625,457454
2024-05-31,4842.504008844685,4856.493647633824,4682.022958116789,4790.66357421875,1905070
2024-06-03,4940.757703562402,4972.573188774735,4823.414799484588,4829.029296875,962485
2024-06-04,4833.146458441711,5005.324376806333,4604.121754530073,4969.4853515625,1945233
2024-06-05,4973.509444792679,5404.141621252163,4973.509444792679,5294.939453125,2058534
2024-06-06,5291.757297925135,5366.9448646028095,5120.749070043082,5178.671875,1498100
2024-06-07,5225.13197105655,5275.194573420571,5182.181156858747,5223.2138671875,637134
2024-06-10,5226.161362603471,5413.311277110309,5222.464969028372,5354.54638671875,1018162
2024-06-11,5361.845076309027,5470.766235692045,5338.451336883595,5414.80859375,1015127
2024-06-12,5427.347898059845,5482.55712667804,5405.451447921887,5418.177734375,668529
2024-06-13,5446.250155411118,5464.777815240285,5362.781106017479,5442.31982421875,547596
2024-06-14,5448.869741167706,5487.937285679771,5391.414809003613,5431.27783203125,573273
2024-06-18,5449.805625740449,5515.822576715866,5368.114869093474,5385.0986328125,527069
2024-06-19,5403.766911419679,5408.445659682981,5263.591796214755,5284.83349609375,447054
2024-06-20,5304.764386161042,5304.764386161042,5142.879708297952,5150.92724609375,840321
2024-06-21,5128.843770777926,5254.234222389719,5082.992038472121,5101.70703125,669719
2024-06-24,5043.690239254224,5178.438178855821,5043.690239254224,5169.501953125,464982
2024-06-25,5208.288288525834,5221.342177410567,5121.778517445376,5155.97998046875,1118588
2024-06-26,5173.759547854965,5187.795791880616,5079.248838082248,5102.642578125,384494
2024-06-27,5109.099186584747,5155.980333265383,5072.698618263456,5132.77392578125,874237
2024-06-28,5146.622159878765,5245.109793029172,5101.799850995424,5221.10791015625,539635
2024-07-01,5235.5189697318965,5360.254207641273,5226.161473807442,5243.0986328125,1018344
2024-07-02,5305.700162286789,5309.443160637608,5146.622732376955,5209.41162109375,689851
2024-07-03,5240.10379714753,5266.351846087678,5196.2638394864125,5221.24853515625,329072
2024-07-04,5234.583504494794,5243.894396209009,5175.257068492797,5201.22412109375,676316
2024-07-05,5201.223870118577,5237.390500704303,5036.76587824815,5200.94287109375,613329
2024-07-08,5208.054424818267,5268.2700001269095,5134.972293114998,5148.400390625,478557
2024-07-09,5170.063279568684,5239.683417151795,5151.348287080536,5230.044921875,570084
2024-07-10,5235.51944482854,5286.985677083333,5119.112276346775,5154.81103515625,354244
2024-07-11,5174.695584638656,5203.2359490747285,5149.430343990331,5171.1865234375,491353
2024-07-12,5178.344532748853,5240.197671647777,5151.441732202447,5190.50927734375,265681
2024-07-15,5190.602820549557,5276.691780255805,5173.3851199901,5246.1396484375,249438
2024-07-16,5256.105155493954,5295.406636094052,5204.638930898589,5219.70458984375,336316
2024-07-18,5189.199907733998,5219.611772669776,5069.049738877224,5148.68212890625,841644
2024-07-19,5165.2911618944445,5172.589825974975,5025.911076895951,5078.96826171875,370397
2024-07-22,5073.634618163904,5137.265594562861,5043.690629270277,5112.140625,415035
2024-07-23,5132.586290876082,5296.202191366294,4987.264568266274,5159.3017578125,908996
2024-07-24,5158.787372994151,5158.787372994151,5057.726419559838,5069.6572265625,723617
2024-07-25,5053.983648561137,5100.115921615735,5009.067667237136,5056.04248046875,438831
2024-07-26,5062.405361584709,5189.854640512414,5050.568220466683,5126.87841796875,517306
2024-07-29,5151.536043839497,5177.175494277081,5050.521680805692,5075.833984375,418301
2024-07-30,5104.513679283611,5191.538385456549,5062.966491589289,5094.5009765625,412385
2024-07-31,5102.548769845431,5180.449922020818,5057.913789230864,5135.81494140625,870466
2024-08-01,5172.576752536752,5172.576752536752,5019.825010230653,5063.60986328125,868140
2024-08-02,5019.448358487412,5065.731063573277,4935.979593833317,4971.5634765625,402666
2024-08-05,4882.81613523974,4945.924697175477,4829.039874905655,4886.4453125,439371
2024-08-06,4901.856784913508,4953.55955369375,4862.031113231839,4876.92431640625,552856
2024-08-07,4929.899553516321,5009.786549149306,4923.489925582688,4940.40966796875,515480
2024-08-08,4934.61233133313,4950.636860393811,4851.5674739718725,4862.87890625,243559
2024-08-09,4906.287309354299,4945.594264413247,4892.90192900718,4908.408203125,333635
2024-08-12,4915.571728782144,5019.448576383747,4887.481853248775,5007.05322265625,569618
2024-08-13,5043.01448302414,5097.0263979612455,4916.703466066152,4944.5107421875,1042924
2024-08-14,4977.0306163291325,4993.620810436242,4704.613599639905,4781.39013671875,2185163
2024-08-16,4826.211370427702,4844.074192320087,4731.996376464097,4833.8466796875,679493
2024-08-19,4853.5472928192285,4924.243747851554,4814.475534566012,4891.15771484375,714915
2024-08-20,4900.678315345861,5043.013846335903,4892.194740651091,4943.47314453125,962948
2024-08-21,4943.473584001771,5000.785125414977,4915.76066292121,4981.46142578125,612911
2024-08-22,4981.743333341273,5074.120030913164,4961.430070174431,5024.1142578125,761731
2024-08-23,5024.161419623649,5131.431323614576,5010.022128574052,5075.9111328125,757678
2024-08-26,5099.571095577485,5113.710386970029,5021.333683205409,5037.12255859375,553070
2024-08-27,5046.784492809347,5087.270181951346,5020.391148431562,5049.18798828125,672259
2024-08-28,5057.152908134377,5074.3087647333,4963.833590724255,5006.62841796875,688591
2024-08-29,4995.883247133455,5078.1737436837,4987.305317807391,5066.1083984375,516725
2024-08-30,5090.145183881474,5201.374282344069,5076.80721031343,5142.3662109375,1569946
2024-09-02,5217.398771935323,5306.051949076663,5200.431621457484,5258.1201171875,1054947
2024-09-03,5280.554409050407,5371.988500031823,5231.443841326261,5322.5009765625,805935
2024-09-04,5283.381518291593,5362.844146316844,5283.381518291593,5357.61279296875,532554
2024-09-05,5363.504494602271,5466.250011282701,5325.79971783881,5405.16845703125,817503
2024-09-06,5391.783198449401,5439.196772190547,5325.517235902489,5414.17041015625,683920
2024-09-09,5414.217418479769,5439.244241061543,5359.875499182988,5415.63134765625,469914
2024-09-10,5464.364899643854,5527.6617030562575,5333.576452201111,5344.36962890625,775935
2024-09-11,5371.0455210454575,5381.131733068538,5280.884064469144,5329.99462890625,592210
2024-09-12,5372.93100266886,5484.160100618847,5330.513126332,5470.162109375,855863
2024-09-13,5492.548954173721,5511.590050382212,5438.914001737856,5463.2333984375,332581
2024-09-16,5448.340522226768,5488.401849596083,5398.381690448564,5447.822265625,333195
2024-09-17,5467.192631910553,5641.5302776145045,5432.881377100895,5619.14306640625,1250736
2024-09-18,5641.859903037466,5793.292083020272,5587.942347677522,5622.4892578125,1446956
2024-09-19,5655.716769956074,5712.273937655636,5636.958734721735,5661.41943359375,532623
2024-09-20,5701.669043078372,5742.437331751757,5642.284021426966,5668.2060546875,993542
2024-09-23,5702.847542948764,5853.666651522616,5659.769650957001,5835.33251953125,887240
2024-09-24,5835.757195658893,5887.836921884084,5759.687619582976,5774.76953125,631130
2024-09-25,5791.453793529116,5814.453615630427,5687.624355087454,5738.94970703125,341785
2024-09-26,5660.995648483259,5716.987153615199,5565.319771139163,5704.21484375,1255943
2024-09-27,5719.909265873132,5739.892522366987,5599.630930123167,5615.51416015625,718197
2024-09-30,5552.028443468862,5552.028443468862,5363.97586715782,5384.619140625,1346723
2024-10-01,5384.619312246072,5461.537152248963,5339.939241886499,5420.15625,742940
2024-10-03,5404.366891087657,5404.366891087657,5299.40613152427,5337.81787109375,1219791
2024-10-04,5323.01934164754,5325.753306448487,5169.325414017758,5204.06103515625,943922
2024-10-07,5250.343212192965,5286.634059791485,5124.1735110218,5185.86767578125,682783
2024-10-08,5148.5871274094525,5226.824537071661,5100.513538339903,5212.5439453125,473756
2024-10-09,5223.101253891951,5267.357420620455,5212.685493205282,5235.8740234375,439340
2024-10-10,5267.35728761162,5273.908676646986,5132.562711353843,5143.02587890625,579335
2024-10-11,5147.173690794013,5173.425735467998,5127.849991377974,5162.06689453125,303034
2024-10-14,5188.177453867362,5255.1034348311305,5184.265675201737,5236.5810546875,407147
2024-10-15,5245.676975472018,5267.027212888244,5150.472415809363,5189.732421875,302887
2024-10-16,5189.732420818277,5202.316481893108,5077.890720775172,5088.4482421875,504211
2024-10-17,5055.314842087548,5055.314842087548,4807.358990422203,4918.06982421875,1947589
2024-10-18,4918.0698758372255,4985.184102367538,4850.766481054213,4916.8916015625,427617
2024-10-21,4916.891724947645,4952.381254940268,4793.266816730509,4941.44677734375,740720
2024-10-22,4961.006170543917,4971.751940232487,4859.203269837335,4878.8095703125,531833
2024-10-23,4878.809488506996,4977.030617758266,4826.729764713219,4850.43701171875,411524
2024-10-24,4863.963106409476,4931.03084569607,4801.326322722211,4820.1787109375,349453
2024-10-25,4826.211156097434,4849.494038553483,4595.26941132324,4687.9287109375,709797
2024-10-28,4687.928732147649,4728.03746252853,4615.111385761839,4645.03955078125,419927
2024-10-29,4645.08733055304,4675.345506832282,4472.729272742516,4512.74365234375,953917
2024-10-30,4472.729368268889,4748.445562203272,4468.110624936003,4627.6015625,1039340
2024-10-31,4653.712598342747,4739.019665417898,4637.64111953507,4703.2470703125,897452
2024-11-01,4750.518885641931,4753.629345367586,4722.664207906365,4732.42041015625,49631
2024-11-04,4833.281075538542,4833.281075538542,4455.29068815854,4530.27587890625,1676556
2024-11-05,4541.540680783981,4598.380451649819,4487.717016113455,4544.0859375,673746
2024-11-06,4579.244881718932,4637.687282432513,4563.220352491015,4612.0478515625,602657
2024-11-07,4634.812891067262,4634.812891067262,4513.308875691653,4539.6552734375,373373
2024-11-08,4552.851953068726,4554.737191972688,4464.198777715265,4495.2578125,333494
2024-11-11,4489.696614207009,4511.518163266836,4446.854374440143,4484.51220703125,424955
2024-11-12,4484.511599133947,4520.991152421946,4432.950136106349,4453.12255859375,310558
2024-11-13,4422.440684438295,4427.248135940237,4234.246793345088,4260.26318359375,1304908
2024-11-14,4260.262836956906,4364.327929220855,4210.6809632461245,4339.81982421875,889483
2024-11-18,4556.763836456257,4562.231305561432,4443.60255275084,4461.41796875,1783519
2024-11-19,4486.821568898768,4575.42779589077,4462.831720145043,4501.76171875,704072
2024-11-21,4524.526733225831,4543.426070430026,4469.147836620486,4494.2685546875,572418
2024-11-22,4504.212410191854,4532.490991948788,4469.901156379448,4519.01171875,394712
2024-11-25,4571.704274800352,4626.988812792424,4538.712594466742,4579.52783203125,1174601
2024-11-26,4581.130834182169,4601.1614988378005,4525.563229773289,4561.05322265625,384827
2024-11-27,4564.1637305138565,4612.614281944939,4534.565569543386,4591.7353515625,296689
2024-11-28,4613.17946599476,4628.214429929013,4486.962817038714,4509.02001953125,778790
2024-11-29,4523.441512488637,4528.767679979504,4460.5690785602055,4488.470703125,462448
2024-12-02,4461.889587381821,4504.778776401758,4425.221779371311,4475.98193359375,510429
2024-12-03,4477.442227502262,4509.491287657015,4420.885062523286,4427.4833984375,664696
2024-12-04,4435.071767758818,4453.877211200372,4350.660374242395,4369.8427734375,586762
2024-12-05,4388.8359161191,4409.620489735061,4325.114752775692,4377.8544921875,796988
2024-12-06,4389.731906322952,4449.163879549278,4350.188835618627,4363.951171875,733835
2024-12-09,4372.764568898312,4392.22956798608,4326.623163905552,4332.23193359375,329145
2024-12-10,4336.049339150041,4350.141683607635,4299.947199409866,4325.0205078125,384707
2024-12-11,4323.088143715505,4387.2806157271925,4323.088143715505,4383.6044921875,571443
2024-12-12,4383.6048780347,4392.748010693244,4281.377612881988,4295.28125,821540
2024-12-13,4295.281035891063,4320.024795630382,4241.787383883203,4312.908203125,552194
2024-12-16,4326.623397998596,4326.623397998596,4256.586954986033,4278.5498046875,835965
2024-12-17,4254.324232323297,4296.9777629646005,4143.378197840868,4161.75927734375,778939
2024-12-18,4146.064629585321,4175.709734598002,4121.320869466677,4137.5810546875,738092
2024-12-19,4081.118031650239,4202.292043331703,4076.8292970731377,4154.0771484375,691740
2024-12-20,4154.077136552417,4205.543792384069,4076.8292854090655,4090.921630859375,800108
2024-12-23,4114.533982036014,4124.431486460156,4014.0037077234874,4027.43603515625,931177
2024-12-24,4027.436056257086,4067.403029897954,4006.132764094161,4014.710693359375,561434
2024-12-26,4024.984900973136,4060.6631378740176,4011.4112734534447,4029.697998046875,375676
2024-12-27,4034.8824422863904,4099.121863945152,3985.9131791302734,3994.774169921875,744900
2024-12-30,4008.724796471749,4028.7554594368953,3929.073454327992,3947.313232421875,1819173
