date,open,high,low,close,volume
2015-01-01,177.55369455950395,181.97630461435628,174.71348467700565,178.6897735595703,474749
2015-01-02,178.68977075533152,180.4344785137425,173.86141650732387,174.75405883789062,160993
2015-01-05,176.09302367722583,179.25782421895238,171.50811810584423,172.1978759765625,217523
2015-01-06,170.37202820931572,174.14545760913194,161.486230561899,162.54116821289062,265078
2015-01-07,162.2976959538454,166.27398455178198,158.44312567494154,159.61978149414062,236225
2015-01-08,161.56738676332574,167.53182060116012,161.56738676332574,166.4768829345703,228019
2015-01-09,166.92317188097445,171.5486535748408,166.92317188097445,170.3314208984375,209561
2015-01-12,171.79214197663356,176.49877854770585,168.0187247675127,173.53684997558594,225537
2015-01-13,173.65856108247135,177.22910598357012,171.38639051707514,175.7278594970703,257897
2015-01-14,176.0930286171556,177.59428750069608,172.31961152829282,173.86143493652344,193504
2015-01-15,178.6086487981312,180.96196082453025,173.65856330246402,174.7135009765625,357809
2015-01-16,174.4700420775714,175.6872749292754,172.0355763741634,172.80648803710938,62012
2015-01-19,172.84705338068724,175.03806989073658,170.41258784011418,171.34579467773438,89904
2015-01-20,172.0355715540328,174.22658814924503,170.29087613507352,171.30523681640625,71985
2015-01-21,171.62983957449856,176.6610664378044,171.62983957449856,175.7278594970703,321162
2015-01-22,176.05244854883608,176.0930254551311,171.22409387572657,171.9138641357422,81365
2015-01-23,174.18600949893371,174.9163566115695,170.41259275514562,171.58924865722656,86680
2015-01-27,171.95441493675088,173.09050631067862,167.97812608383458,170.04742431640625,85533
2015-01-28,170.3720349880948,172.03558915211744,167.41010644855083,170.2908935546875,166255
2015-01-29,169.6011057231085,170.81833853930306,158.40256133765206,161.364501953125,167682
2015-01-30,161.89196074987646,163.71780993126603,145.6621902486357,150.73399353027344,446514
2015-02-02,149.92251207922692,157.02303700855433,146.06794140330635,151.38319396972656,1486839
2015-02-03,152.6004313254375,156.0086809157918,146.87943430823574,147.9343719482422,261021
2015-02-04,148.502412081734,151.342622148871,146.96058871250722,147.3663330078125,146825
2015-02-05,147.69091297758547,150.00366024912347,144.72898478563826,146.02735900878906,296584
2015-02-06,146.87944552754,146.87944552754,142.53797630072603,144.28268432617188,517604
2015-02-09,142.82198120596914,143.79576496499791,140.1846434848362,142.4973907470703,230753
2015-02-10,143.22773463028625,149.80079709316462,141.03671793677114,144.8101348876953,151052
2015-02-11,145.13475167844211,148.50242466182857,144.97244404070383,147.5286407470703,98922
2015-02-12,148.98929643845355,151.54548031002722,145.49989334440687,148.34010314941406,162467
2015-02-13,148.34009574847929,151.5860496493986,147.60974869137357,151.09915161132812,94533
2015-02-16,151.7483855822133,153.3713629681193,148.17784028615395,150.16598510742188,60338
2015-02-18,151.5454991395773,151.5454991395773,147.69092821099366,148.86758422851562,56660
2015-02-19,149.23274022936496,149.92251045366808,143.63347415588228,146.1490936279297,86924
2015-02-20,147.6503500335211,154.9537475195881,145.25646111177696,153.0061798095703,279099
2015-02-23,154.3451166657439,154.3451166657439,150.490546129858,151.70777893066406,62330
2015-02-24,151.01802819978036,153.7770843916042,148.50240867368638,150.93687438964844,55925
2015-02-25,150.2471202783209,157.1447738806199,150.2471202783209,152.64102172851562,157861
2015-02-26,151.87008727578856,152.15411324010347,149.3950569396163,151.3020477294922,46581
2015-02-27,152.55983326451135,157.42876411337872,152.11351212689888,154.66970825195312,237527
2015-03-02,150.24710590710924,153.04675141906347,144.3638136914176,144.8101348876953,217213
2015-03-03,145.62163348342938,147.52863673397096,142.05108843233094,143.87693786621094,759004
2015-03-04,148.62411853870535,150.77457056134983,139.57602642949377,140.2252197265625,273657
2015-03-05,141.19902252809368,142.57855073149906,140.4686877093302,141.60476684570312,68671
2015-03-09,140.38753761547028,140.38753761547028,137.14158298852297,138.0342254638672,82920
2015-03-10,138.76454111673263,142.78140693575048,138.07477090093866,142.17279052734375,368423
2015-03-11,141.88879066814627,142.5785485682166,139.08914501325162,141.1990203857422,74208
2015-03-12,142.497399934392,143.18715779960627,138.3993801193356,141.9699249267578,85372
2015-03-13,142.82199426024513,144.40439456109365,139.8194889028317,143.5117645263672,104393
2015-03-16,143.71463787659832,144.4449726731358,139.5760410099964,140.79327392578125,166796
2015-03-17,141.32072568503523,145.6216174660164,141.2801611635002,144.44496154785156,382685
2015-03-18,143.47120936541268,145.25648208778995,142.21339936248708,143.1466064453125,79804
2015-03-19,143.8769165481369,145.25644455064307,141.6047462239509,142.09164428710938,275830
2015-03-20,142.78142971347452,142.78142971347452,138.7239863434847,139.98179626464844,97081
2015-03-23,140.06292102950178,140.5498067034974,135.39686212196833,138.11534118652344,266136
2015-03-24,137.91248757588238,139.17029740498896,136.57353631471534,138.8051300048828,39283
2015-03-25,138.84570147010436,139.4948824304783,133.97676997330117,136.2895050048828,51648
2015-03-26,134.9099681479742,135.68087977521046,132.27263042478071,133.2464141845703,79888
2015-03-27,133.28699287436916,136.9792682128045,133.08412073909616,135.8026123046875,90413
2015-03-30,138.76453613368622,141.19900167989127,137.22271290735588,139.08912658691406,79738
2015-03-31,140.30637958140153,142.01051066228248,139.17030044903683,140.75270080566406,77167
2015-04-01,141.52362755107907,142.21339791472653,137.50676087103886,140.06295776367188,132532
2015-04-06,141.52359995778116,141.84820281128796,137.14156668526786,137.75018310546875,382603
2015-04-07,139.2920170954884,139.90063356234722,133.6521736457301,134.66653442382812,631635
2015-04-08,135.11285184377647,135.92434044343878,133.9361958507328,134.7071075439453,838360
2015-04-09,136.89813611405705,138.5211134536009,134.30137484725378,136.85755920410156,122187
2015-04-10,137.95306294239032,139.12971894396165,135.5185971257599,137.8313446044922,265456
2015-04-13,137.7096138842606,139.12971894396165,137.42560030172044,137.8313446044922,40183
2015-04-15,136.33008557772934,144.28267637956355,136.33008557772934,140.6715545654297,195756
2015-04-16,141.19901176120925,141.44246080967793,134.30135888781683,135.3157196044922,192470
2015-04-17,135.35631328194626,135.5186085402581,132.31323075484465,132.75955200195312,144653
2015-04-20,133.81447257263204,133.81447257263204,130.73082562830433,131.0959930419922,57723
2015-04-21,131.379990755592,132.06976097320842,129.8381674698209,130.24391174316406,51108
2015-04-22,131.38002464807604,131.46117847661318,123.4680092767984,130.7714080810547,122141
2015-04-23,131.46115635094495,131.8669006606701,126.18648032451816,127.4442901611328,91127
2015-04-24,127.40370848758788,127.40370848758788,123.34626554212332,124.44178009033205,84736
2015-04-27,124.76637179292676,124.76637179292676,118.1933092040734,120.30318450927734,142323
2015-04-28,120.01917299821584,120.05974990941952,117.13839803777822,118.7613754272461,68960
2015-04-29,118.3556097600526,119.77571472002832,114.01414107233664,115.39366912841795,147158
2015-04-30,116.0428640562902,117.4223921315418,111.33622793278532,113.5272445678711,323238
2015-05-04,113.64898066961965,117.99043724117192,113.60840376323752,117.54412841796876,103528
2015-05-05,117.6658422777565,119.12652417560211,116.08344204772912,116.57032775878906,110045
2015-05-06,116.20517735522638,117.62528255568354,113.6489929473374,116.2863311767578,119888
2015-05-07,116.04287487030292,117.34126163996716,112.8780741449555,116.97608184814452,149281
2015-05-08,117.6658412993622,119.28881842073272,116.85435273867694,117.94986724853516,37695
2015-05-11,118.55849592373347,123.67086447861942,115.4748365979235,120.95238494873048,123643
2015-05-12,120.9929584704584,123.22455218054016,116.0428729242526,121.6827163696289,90610
2015-05-13,121.68270397248844,126.55163520752498,120.10030379756805,125.78072357177734,99264
2015-05-14,125.86187964710992,133.89561137678388,125.86187964710992,129.1078338623047,1837201
2015-05-15,126.59220111216868,131.1365414896406,126.59220111216868,130.08160400390625,482589
2015-05-18,130.6496576240572,132.06976259823173,129.02668051071487,129.79759216308594,169917
2015-05-19,130.44680098323704,130.44680098323704,127.89061667895643,128.37750244140625,98236
2015-05-20,129.59474630165383,130.0004906622616,127.566024498615,128.9861297607422,52147
2015-05-21,129.71645674140964,130.00047031999196,126.91681118543202,128.74266052246094,75266
2015-05-22,129.63530298386274,131.70460137650372,127.80945364606184,130.3250732421875,127806
2015-05-25,130.6496658598316,130.85253801178786,126.8356718795206,129.14840698242188,48009
2015-05-26,129.8381844934241,129.8381844934241,127.80946286071436,128.37750244140625,26047
2015-05-27,127.7688988371148,133.8956412622484,127.16028228592278,131.66404724121094,171348
2015-05-28,133.97676018607223,134.62594109902238,130.8119475149452,131.70458984375,44726
2015-05-29,131.90745888479634,138.68338046806747,131.1771118013369,135.27513122558594,115579
2015-06-01,136.6546780365265,139.08914388550735,133.69274953986653,134.54481506347656,58838
2015-06-02,135.51857604035652,136.89810397867228,130.6090682642246,131.05538940429688,65155
2015-06-03,131.461173248291,131.461173248291,128.78325798343283,129.83819580078125,75220
2015-06-04,130.64963141537933,130.64963141537933,125.78070105207328,127.2819595336914,56388
2015-06-05,127.28198622635682,127.28198622635682,122.53477317364984,122.98109436035156,84331
2015-06-08,123.30569442645464,123.30569442645464,117.66585094388684,118.1933135986328,69115
2015-06-09,118.43675620290183,119.0859495457165,116.16458569421712,117.0572280883789,61936
2015-06-10,117.6252578060052,119.69455599630606,116.12401148223044,116.73262786865234,66974
2015-06-11,117.6658451706418,119.28882234540929,114.46046772694268,115.06908416748048,74835
2015-06-12,115.96170973223508,116.8543520970204,113.60839787210315,115.59654235839844,43994
2015-06-15,116.69205425166716,118.47732655896591,115.63711667570306,117.34124755859376,54136
2015-06-16,117.46297916530258,121.56099922232048,115.109667091781,120.46548461914062,63089
2015-06-17,120.10029556725009,122.53476101793758,119.2888070836876,120.7494888305664,40545
2015-06-18,120.91178457558006,122.85935199165004,118.47731911432676,120.18144989013672,40408
2015-06-19,120.9117965346386,122.2507477178273,117.66584226525234,117.9904327392578,99844
2015-06-22,118.883074571357,125.61843212592775,118.883074571357,124.3200454711914,175246
2015-06-23,125.73846742665232,128.4084257557167,125.73846742665232,126.57283020019533,107700
2015-06-24,126.57283613634284,127.4906403228305,115.14206814898496,124.77896118164062,53566
2015-06-25,123.48569157678877,124.9458264434062,118.31264488133156,120.23168182373048,127898
2015-06-26,120.81573189943607,121.60837398635016,119.7310577498542,120.1482391357422,64279
2015-06-29,118.27092456977084,118.27092456977084,114.808324110539,116.72734832763672,69457
2015-06-30,117.60344240862224,119.98138164889124,115.97643738013826,118.60467529296876,54574
2015-07-01,118.4795197208438,121.27464024342426,117.22797549844051,119.89793395996094,103327
2015-07-02,120.23167895394008,122.65132586831996,116.39360516075264,116.7690658569336,129890
2015-07-03,117.5617122250636,119.23043780799632,115.3089352343776,116.47705078125,108200
2015-07-06,115.97642381957542,118.7298234781118,113.640205541685,117.81201934814452,101282
2015-07-07,118.47950259744586,119.98135799354552,115.55923316722712,116.18500518798828,152526
2015-07-08,115.76782809826462,116.7690608220307,114.30769332945766,115.01690673828124,107612
2015-07-09,115.97643294080066,117.06110716205984,114.30770728697618,115.10034942626952,64016
2015-07-10,116.10157156932692,117.06109637064088,114.01566469433818,114.43284606933594,106214
2015-07-13,115.1420702555251,116.18502379044833,114.01567534526144,114.2242660522461,100207
2015-07-14,115.1420544872614,115.9764172009372,114.22425040967214,114.59972381591795,87041
2015-07-15,115.47579628912224,116.3101590158684,114.3911349294441,115.35064697265624,56654
2015-07-16,115.97642536314594,116.18501605624512,115.1420625907492,115.2672119140625,53220
2015-07-17,115.26722978338532,118.06235059677468,115.22552182339211,115.43411254882812,97989
2015-07-20,115.43410080789177,116.81079436319725,113.30647307857456,113.8070831298828,83795
2015-07-21,113.80708613584136,114.85003968448864,108.46716905931407,108.9260711669922,187442
2015-07-22,108.55061051031444,111.80462049178236,108.04998771407328,111.34571838378906,116221
2015-07-23,111.72117288596928,118.47951660156252,107.13217752464116,113.6819305419922,958840
2015-07-24,114.47455781087604,117.56169719843302,114.47455781087604,116.1015625,214294
2015-07-27,115.1420715936004,117.64516010650476,110.97025740542648,112.054931640625,99095
2015-07-28,112.63897569599976,114.30770126186644,108.71747316248624,109.42667388916016,126948
2015-07-29,110.42790791324175,110.88679721097144,106.5481137378441,106.88186645507812,114185
2015-07-30,108.17513112232034,109.17637665996098,106.29782120197588,106.54812622070312,175464
2015-07-31,107.79966157595594,112.47209793076566,107.5493502120617,110.46961975097656,555047
2015-08-03,112.638984066052,122.23415678278975,112.26352333210517,120.81574249267578,597639
2015-08-04,124.1531774768512,129.32622388601897,118.64637833496506,128.1998291015625,547872
2015-08-05,130.16059895627538,133.49805021156448,127.74095188873724,130.4943389892578,623363
2015-08-06,129.36796456371167,131.28700169650622,123.98632663908872,125.9887924194336,187668
2015-08-07,126.69799499016897,128.15812987539016,122.77647968476792,123.77772521972656,97899
2015-08-10,123.48569959260354,126.73970955688908,123.48569959260354,125.07098388671876,102279
2015-08-11,126.73972806887306,126.73972806887306,121.35808954278886,123.1519775390625,105510
2015-08-12,124.98755385676915,124.98755385676915,120.02309758930778,121.52494049072266,122592
2015-08-13,122.73478308149468,124.27834674980944,115.14207588358128,117.6451644897461,93806
2015-08-14,118.35437455065704,125.69675739504116,118.22921248519825,124.1114730834961,125802
2015-08-17,124.23658681701008,140.59009897085338,124.23658681701008,135.58392333984375,568092
2015-08-18,134.7495860144184,140.1729439654631,126.99000978434292,127.7409439086914,484500
2015-08-19,127.65749474727748,131.4121269457268,122.98505847443911,123.90286254882812,175238
2015-08-20,123.06851850224692,124.9458348861795,118.47952289707838,118.81326293945312,172246
2015-08-21,117.56173089797372,119.23045674595842,113.4733576629584,116.60221862792967,185502
2015-08-24,113.89051623143747,113.89051623143747,100.20696575540296,104.08675384521484,247983
2015-08-25,106.79843890945006,111.80461573333052,100.12353647760943,107.67452239990234,212513
2015-08-26,109.13465264329064,111.80461095566017,104.92111811697214,110.42791748046876,138521
2015-08-27,113.47333682925456,115.43409443318862,110.21932711566772,110.92852783203124,262657
2015-08-28,112.6389833312733,114.34942969850296,110.13589481280056,111.34571838378906,135882
2015-08-31,112.22179092964028,112.63897230856088,110.1358840350373,111.2205581665039,175624
2015-09-01,109.55184014793852,112.47211000022968,106.96531032907704,107.92483520507812,250287
2015-09-02,109.46839583614862,111.1371214212465,103.5861419680883,104.2119140625,174126
2015-09-03,106.75670779890118,108.5088746087184,105.12970303627934,107.17388916015624,121899
2015-09-04,106.71499627713314,106.7984312784329,103.16895461359142,105.67204284667967,87069
2015-09-07,106.38125136758347,108.0082561951676,103.586137408709,104.0033187866211,58826
2015-09-08,103.62785329028306,107.04874573331138,103.4609832828741,105.46345520019533,154300
2015-09-09,107.6328001867014,108.46716297884636,105.54689320633898,106.21438598632812,213956
2015-09-10,105.12971191406253,107.46593028064818,102.79349354747684,105.33830261230467,76098
2015-09-11,105.67204580561544,108.04997842049757,103.54441820164143,104.33706665039062,78959
2015-09-14,105.7137649150026,107.63280191400617,103.5444228937484,104.79596710205078,276358
2015-09-15,104.96284042888182,106.29781960576253,104.37878266258956,105.00455474853516,52586
2015-09-16,106.0892305056134,106.0892305056134,103.96160283513404,104.46221923828124,41441
2015-09-18,104.8793961374642,111.55429820166384,104.8793961374642,109.30152130126952,329293
2015-09-21,109.25980688090516,113.26475089529944,108.46716476161272,112.3469467163086,124543
2015-09-22,113.47333377370886,119.9396450733136,112.63897102537275,114.09910583496094,359676
2015-09-23,111.80461749155208,115.76784087278246,110.1358918573498,112.76412963867188,118454
2015-09-24,112.30521977779831,115.47578771903676,109.34322977140184,109.96900177001952,154045
2015-09-28,110.9702498347108,113.2647474816691,110.38619843448544,111.01197052001952,95817
2015-09-29,111.13712737181554,114.30770869953582,110.13589451342138,113.09788513183594,150138
2015-09-30,114.30770869953582,114.97520151558744,111.38743876925572,113.09788513183594,103573
2015-10-01,113.72364988567224,114.59973335422248,111.05369152595802,111.51258087158205,77174
2015-10-05,113.18130154988395,115.85127252565634,111.17883604941984,114.80831909179688,138396
2015-10-06,115.22552489588946,117.64517228292011,112.80586477749095,116.60221862792967,110284
2015-10-07,116.8107896985391,119.31387804922208,115.26721345640496,116.72734832763672,114359
2015-10-08,117.85373831161152,120.39854724266628,116.31016213321426,118.1040496826172,108334
2015-10-09,119.31386689025994,120.3568202721678,115.97641606815478,117.478271484375,72097
2015-10-12,117.56171721938736,118.14578138331902,114.64144732519452,115.10034942626952,69574
2015-10-13,116.26845251382171,116.9776532015767,113.47333225183708,115.60095977783205,51371
2015-10-14,116.97765792190977,116.97765792190977,114.47456960946646,114.9334716796875,30876
2015-10-15,116.14328777858164,117.97888321158084,115.14205506343345,116.3101577758789,57458
2015-10-16,116.8107938709055,117.26969596452872,115.22550961806112,116.26846313476562,51623
2015-10-19,116.26845704291068,118.22920191276276,115.97642498098789,116.68563842773438,44274
2015-10-20,116.018142702407,118.39606889634577,113.05615239954082,114.09910583496094,157865
2015-10-21,114.01567989160132,115.55925627738388,112.38867485851802,113.22303771972656,94870
2015-10-23,114.3076980535514,114.3076980535514,111.1371170211214,111.5542984008789,78926
2015-10-26,112.05491190138854,113.47332592923108,110.71992650379303,111.1371078491211,45666
2015-10-27,111.34571545656802,112.221798961275,110.26104124747204,110.67822265625,40387
2015-10-28,110.55307784447304,111.6377520978997,108.00826860064764,108.46717071533205,76382
2015-10-29,109.30151811618248,109.30151811618248,107.00702059847636,107.42420196533205,84360
2015-10-30,109.13465911871408,109.5101198404653,103.0438080022664,104.17019653320312,193837
2015-11-02,105.5051724257438,117.561712215142,103.46098613309692,111.26228332519533,2861957
2015-11-03,111.05368494952224,111.97147631778572,106.46468354842752,107.42420196533205,347973
2015-11-04,108.3002961354518,109.3015289690477,105.21314989477877,106.0892333984375,174953
2015-11-05,106.3395277911916,106.92357915810985,105.58860642392024,106.3812484741211,127766
2015-11-06,107.21561120725144,108.0499739403818,104.8376786909664,106.3812484741211,120552
2015-11-09,105.00455919063936,107.0904725977165,103.4609892531444,106.0892333984375,123980
2015-11-10,105.63032831670716,108.63403309825809,104.71253051757812,105.33830261230467,142572
2015-11-13,107.09046332796376,107.38248264966198,101.75053412539964,104.7125244140625,78691
2015-11-16,104.6290895270855,107.7162355039082,103.87816178322686,104.87939453125,140037
2015-11-17,105.92235565185548,106.79843914423373,105.12971353260508,105.92235565185548,79347
2015-11-18,105.96407768203233,106.75671981133333,104.37878705774718,104.9628448486328,49460
2015-11-19,104.79596552373842,105.92235402110964,104.79596552373842,105.33830261230467,43205
2015-11-20,105.12971486563836,106.1726683861308,104.37878705774718,104.9628448486328,48052
2015-11-23,105.96407470703126,106.17266540527343,105.17143259998412,105.33830261230467,30711
2015-11-24,105.54689028370576,105.92235098350116,104.295346130144,104.58737182617188,45985
2015-11-26,104.75424367451282,105.96406709109088,104.4622116254166,105.4217300415039,66042
2015-11-27,105.46345820324062,110.88680998665323,105.46345820324062,109.34324645996094,179385
2015-11-30,109.34324524968623,110.9702501301331,109.34324524968623,109.42667388916016,117665
2015-12-01,111.05368807184564,111.09539602461186,106.79843291773356,109.13465118408205,57346
2015-12-02,109.3849655973018,109.5518356071,106.54812450526984,107.88311004638672,63065
2015-12-03,106.88188041397416,107.5076525177296,105.33830413216435,105.75548553466795,54940
2015-12-04,105.12970727025736,107.88310691170382,104.21190951166942,106.00579071044922,53058
2015-12-07,105.54687823528036,107.38247357136024,105.54687823528036,106.46467590332033,67719
2015-12-08,106.38125444744163,106.38125444744163,104.37878250235325,104.7542495727539,56612
2015-12-09,104.37878731960456,105.00455943346992,102.71006168263028,103.21067810058594,46110
2015-12-10,104.29533980205188,104.96283252305795,101.4585052862996,101.8756866455078,82516
2015-12-11,102.5014582932546,103.2523860101009,97.20325632466066,97.70387268066406,216206
2015-12-14,97.9959010944432,100.4989893100426,94.78360582422714,95.15907287597656,165729
2015-12-15,96.2854582935365,97.78730735659435,93.8658051542028,95.45109558105467,180619
2015-12-16,94.86704408028514,97.95419013820197,94.86704408028514,95.2842254638672,173963
2015-12-17,96.3688964759536,97.49528490188668,94.7418916791261,95.4093780517578,183340
2015-12-18,95.11736307569056,96.49406302492272,93.86581882469464,94.15784454345705,292885
2015-12-21,93.94924021179293,96.36889335265847,93.94924021179293,95.53453063964844,232376
2015-12-22,95.86828149393146,96.78607924814808,94.36642599380784,94.61673736572266,185205
2015-12-23,95.36766988895702,95.74313059993852,93.8658143136652,94.03268432617188,170169
2015-12-24,95.36766373416476,95.78484510419052,94.11611962408745,95.4093780517578,93973
2015-12-28,96.6192031778794,96.6192031778794,95.1590684533085,96.07686614990234,83840
2015-12-29,96.11859426745224,96.74436638212494,95.36767282239153,95.74313354492188,98074
2015-12-30,95.90999424811037,96.3688963005766,94.95048219134328,95.15907287597656,62886
2015-12-31,95.53453374425054,97.32841490865464,94.74189168740531,96.368896484375,80327
2016-01-01,96.99467010225248,96.99467010225248,93.86580977637338,95.8265609741211,118541
2016-01-04,95.90998666676052,96.45232367707372,94.36641699562452,94.4498519897461,70549
2016-01-05,95.7013942500597,95.7013942500597,93.53205261412492,93.86579895019533,99817
2016-01-06,94.3664322777298,94.74189936060463,92.07193455655492,92.36396026611328,198005
2016-01-07,91.7799087286848,92.28052513952284,89.27682030881158,90.02774810791016,157708
2016-01-08,91.02898397698476,91.27929537362505,89.27682329755262,89.73572540283203,82377
2016-01-11,89.19337299289548,89.69398933465011,87.60808260593731,87.8166732788086,79060
2016-01-12,89.86087691304462,89.86087691304462,82.18474119538367,83.1025390625,251668
2016-01-13,84.18721031066877,84.81298242938185,81.39209612022034,82.35160827636719,163587
2016-01-14,81.47552340657724,81.47552340657724,75.34295849762681,79.22274017333984,114239
2016-01-15,79.38962107727292,80.6828795878307,76.76137700452487,78.30494689941406,279789
2016-01-18,78.09635620320869,78.13807688915941,74.1748536197936,75.17608642578125,259937
2016-01-19,75.80185694051406,76.59450539727067,75.00921484944026,75.71842193603516,119948
2016-01-20,74.67547466895525,75.46811682587195,73.67424180067276,74.42516326904297,125597
2016-01-21,76.34419555664063,76.34419555664063,73.25705576892942,74.04969787597656,127259
2016-01-22,75.09265424844955,77.55402203587545,74.55031713907411,76.8031005859375,99131
2016-01-25,77.51230616247669,79.68164819087166,77.01168975064446,77.42887115478516,64303
2016-01-27,78.93071888874181,78.93071888874181,76.34419550541092,78.13807678222656,130969
2016-01-28,78.22150878641422,78.22150878641422,75.09264843495765,75.46810913085938,103919
2016-01-29,75.00921646411673,76.76137705862261,73.54908157441467,76.30247497558594,179900
2016-02-01,76.63621199585955,77.51229536883297,75.92700498071459,76.59449768066406,112724
2016-02-02,77.72089388467879,77.72089388467879,73.00674292549591,73.71595001220703,259151
2016-02-03,72.5895660708709,72.5895660708709,70.00304257596501,70.62881469726562,232926
2016-02-04,71.37973186772207,72.3809645661685,70.08646713035336,71.00426483154297,101623
2016-02-05,71.33801424780557,72.50612335657866,70.92083287793537,71.75519561767578,173084
2016-02-08,72.08894369068052,75.50982973133948,71.96378800362464,73.3822021484375,166665
2016-02-09,72.58955237539932,74.00796636979524,71.88034537820135,72.33924102783203,101259
2016-02-10,71.75519393598213,74.75889845551468,69.7944428166819,71.171142578125,406313
2016-02-11,71.71347312049551,71.71347312049551,65.87293409004316,67.33306884765625,452270
2016-02-12,67.33307030995422,71.3380139926571,64.03734004604014,69.5024185180664,197976
2016-02-15,71.75519871929258,74.17485204226574,69.54413609027084,71.63004302978516,186450
2016-02-16,73.63250699227538,73.63250699227538,71.04598394047069,71.46316528320312,117012
2016-02-17,71.46316560137609,73.75766299662021,67.29135215547768,72.75642395019531,149840
2016-02-18,73.75766274074006,74.92577177467564,71.25457468188473,72.42268371582031,188455
2016-02-19,73.25705566192983,73.25705566192983,71.04599299065553,71.79692077636719,126809
2016-02-22,71.79692393016342,72.5895660708709,70.1699125953719,70.62881469726562,105670
2016-02-23,70.42021794426174,70.92083432518534,68.75149243072796,69.126953125,115818
2016-02-24,67.79197989201386,69.25211484353414,66.58215633559888,67.41651916503906,198974
2016-02-25,67.49994638631948,67.79197206979133,64.9968581868195,65.33060455322266,211228
2016-02-26,66.45699301324288,66.45699301324288,63.6201584454879,64.45452117919922,294549
2016-02-29,66.62387564592427,66.66559633679327,62.99439833924992,63.45330047607422,345370
2016-03-01,64.12077696344585,64.62139334732882,62.82751850222172,63.8704719543457,210490
2016-03-02,65.9146549213534,72.79814736567195,65.9146549213534,70.29505920410156,493413
2016-03-03,71.67175669909813,78.63868392196612,69.79444063730053,76.84480285644531,666516
2016-03-04,77.59574813779643,86.31483772098507,76.01045738657571,83.68659973144531,1440193
2016-03-08,85.52219244160102,85.52219244160102,81.76755960270147,83.97862243652344,631049
2016-03-09,83.72829899788124,87.3577756139219,81.22521079844873,85.85592651367188,688174
2016-03-10,86.3148221387065,88.23385896990412,84.85468735669863,85.77249145507812,237756
2016-03-11,84.02033838848001,86.56514768600464,82.64364474674338,83.43628692626953,867566
2016-03-14,84.89641735835072,85.27187808294975,82.6436402793901,84.43751525878906,114839
2016-03-15,85.10500331859492,85.85593109160145,82.68534999032184,83.01909637451172,168256
2016-03-16,83.06081551760012,84.27063897643426,81.76755069000552,82.60191345214844,513093
2016-03-17,83.85346364423644,85.85593569096679,83.31112653658485,85.23016357421875,271550
2016-03-18,85.35530865246815,87.77495544367561,84.31235525429862,85.52217864990234,423614
2016-03-21,85.1467285667199,91.27929403782905,85.1467285667199,89.65228271484375,743925
2016-03-22,89.44368880764101,90.23633727990727,87.77496322267992,89.61056518554688,203594
2016-03-23,89.27681110431585,89.27681110431585,87.64980634541669,88.5676040649414,134870
2016-03-28,88.44244971328231,89.10994244607063,85.10499878070561,85.85592651367188,145405
2016-03-29,87.44122177419197,87.44122177419197,83.68658926917638,84.22891998291016,104241
2016-03-30,84.68782039964796,87.60809006860133,84.68782039964796,86.60685729980469,171210
2016-03-31,86.14796287091688,88.81792140151461,86.14796287091688,86.69029998779297,159844
2016-04-01,86.77373663562491,90.9038302080664,86.60686661144514,87.3577880859375,349839
2016-04-04,87.6915176019494,88.35901030141035,87.0240312681706,87.8166732788086,231021
2016-04-05,87.98355722134036,88.35902431145131,84.68782661368215,85.48046875,315892
2016-04-06,85.93936161535129,87.19090571654573,84.3540711473685,85.06327819824219,601880
2016-04-07,85.89764535517905,86.0645217300068,82.60191493194526,82.93566131591797,158819
2016-04-08,84.27063587870947,84.27063587870947,82.64363109861132,82.81050109863281,112201
2016-04-11,82.60190897557622,83.43627169250124,82.43503897846415,82.56018829345703,159005
2016-04-12,82.97737414883967,83.31112052683338,82.35160207723249,82.60191345214844,576824
2016-04-13,83.43628860822808,84.02034008221223,82.60192572214581,82.97738647460938,273156
2016-04-18,83.18596164357845,84.14548005631704,80.93318481861172,81.68411254882812,120839
2016-04-20,82.18473516033885,82.68535156330584,80.93319097007988,81.43380737304688,174410
2016-04-21,82.01786958369684,85.4804702714687,81.85099319656068,83.6448745727539,420243
2016-04-22,83.85346673542344,86.06452956924541,83.14425958343465,83.97862243652344,425259
2016-04-25,84.27064203683295,85.18843983538464,82.76878646416077,83.35284423828125,109806
2016-04-26,83.35283822363789,84.18720095587514,82.05957344239717,83.85345458984375,369378
2016-04-27,83.85345308612062,84.68781580339545,83.14424604957348,83.51970672607422,268438
2016-04-28,84.10377668966166,84.10377668966166,82.39333032400395,82.51848602294922,69631
2016-04-29,81.85098871709779,82.39332580566406,80.43257451532409,81.35037231445312,99717
2016-05-02,81.51724227349497,81.51724227349497,79.72336736233096,80.22398376464844,87577
2016-05-03,80.72460643347809,81.51724860153861,79.68165286198612,79.97367858886719,104025
2016-05-04,79.8067994118363,80.26569511125872,78.93071596597477,79.55648803710938,137037
2016-05-05,79.68164031396977,80.26569167575731,75.59326168440971,76.46934509277344,138562
2016-05-06,76.42763368402946,76.76138008798341,75.09265443389683,76.01045227050781,128229
2016-05-09,76.6779433541953,77.76261118555128,76.01045056129699,77.42887115478516,79275
2016-05-10,77.80432593605377,78.51353299584643,77.26198887891259,78.09635162353516,67097
2016-05-11,77.55401580189064,78.2215085544954,74.25828545440096,75.13436889648438,1086467
2016-05-12,75.92700943832254,75.92700943832254,70.8373979908682,71.92206573486328,467878
2016-05-13,71.92208032538362,76.34420629648062,71.6717752716907,75.9270248413086,440635
2016-05-16,75.13437048524335,75.92701257575004,74.67546841241351,75.6349868774414,586420
2016-05-17,75.71842335739267,76.76137684716392,75.13437194939394,75.96873474121094,90728
2016-05-18,76.42763373327054,76.42763373327054,75.38468019879447,76.09388732910156,99004
2016-05-19,76.13560165970885,76.92824373345468,75.09264821231558,75.13436889648438,93541
2016-05-20,75.71843569740747,76.42764291289653,75.09266350156113,75.21781921386719,71332
2016-05-23,76.05216364521648,76.71965000570461,75.09264523847723,75.4263916015625,102151
2016-05-24,75.4681089071041,75.4681089071041,75.09264821231558,75.13436889648438,70094
2016-05-25,75.59327399448604,76.46935754551664,73.63252254268991,74.7589111328125,667840
2016-05-26,75.00921477388759,75.50983116593959,73.84110561531108,74.59203338623047,205669
2016-05-27,74.96749562411917,77.92948608341692,74.42515853592175,77.09512329101562,292316
2016-05-30,77.9294877706632,78.59697419962619,77.17855996810717,77.76261138916016,118903
2016-05-31,78.76384739836561,78.76384739836561,75.17608491206617,75.8018569946289,679319
2016-06-01,76.26076214272929,76.96996925842369,75.0926529350475,75.59326934814453,137828
2016-06-02,75.71842497116214,76.84481349098496,75.13437355071565,76.55278778076172,985984
2016-06-03,76.76136786016852,77.34541919978824,75.17607746818078,76.84480285644531,548644
2016-06-06,76.76138132851852,79.7650862812804,76.26076489733875,79.3896255493164,186200
2016-06-07,79.30618596678447,82.76878646282437,79.30618596678447,81.26693725585938,274721
2016-06-08,85.77249453724657,87.19090868732228,82.10129710885435,86.60685729980469,354051
2016-06-09,86.06452187949992,88.44245452520131,84.27064063250313,88.2338638305664,390638
2016-06-10,87.60808115378839,89.27680650909865,85.85592080384903,87.56636047363281,242250
2016-06-13,86.77372756238053,89.1099458507177,85.52218341484618,87.98355102539062,127360
2016-06-14,87.60809171145873,89.90258935152075,87.52465670677486,89.1933822631836,183452
2016-06-15,89.4854068449955,100.9578949020462,89.4854068449955,99.3726043701172,1946703
2016-06-16,99.2057448838566,105.0462848777594,95.9517284712598,101.24993133544922,1718449
2016-06-17,101.7922577396516,104.29534604472498,101.45851135917192,103.4609832763672,575866
2016-06-20,103.46098374933544,122.98506752561543,97.57872365924932,118.2292022705078,1763625
2016-06-21,117.22796482322492,119.31387167061324,114.30769523688124,117.8537368774414,2039720
2016-06-22,118.22919085611954,118.68809288278275,112.1800613418828,113.05614471435548,513580
2016-06-23,113.0561707493906,118.75116442519943,109.30169601196718,116.093505859375,1000713
2016-06-24,109.68135401188496,114.32171898931084,105.8846917576274,112.71868896484376,621575
2016-06-27,112.9717809484357,122.33688561768685,110.94689971535048,118.4136734008789,1102226
2016-06-28,119.55267272903984,121.49319155786544,117.73871703241608,118.83553314208984,431925
2016-06-29,120.98695389367808,120.98695389367808,118.03399464227428,118.11837005615234,335615
2016-06-30,118.96208325917368,120.14326191503118,118.2449307991933,119.13082122802734,334267
2016-07-01,119.383929234578,120.1854442058996,118.96207789452647,119.42611694335938,191673
2016-07-04,119.8057839583436,131.11139504147974,117.65433948854069,127.6522216796875,1881442
2016-07-05,127.39911082272538,130.2255200865571,121.91504313830342,126.344482421875,1033766
2016-07-07,127.39909647362876,129.93020435058827,124.78361318455175,127.4412841796875,710266
2016-07-08,128.9177678201821,128.9177678201821,123.39151287395693,126.9772491455078,357870
2016-07-11,128.2427967219403,130.68952914142525,125.92261454440518,128.7490234375,591450
2016-07-12,129.08650491985023,130.14113322801896,127.44128733388318,129.12869262695312,429806
2016-07-13,129.12870533791994,133.13629330345364,125.88044467946088,130.4364471435547,671968
2016-07-14,129.08649778214158,134.9924159813245,128.32717059179862,133.34719848632812,855362
2016-07-15,131.65980952322874,136.97513913277115,131.4066961372731,132.8409881591797,430376
2016-07-18,133.93777972852175,139.9702478076877,132.883151541683,134.570556640625,569118
2016-07-19,133.68468558783485,134.82368934274874,130.05676152931468,130.56298828125,402574
2016-07-20,131.87074827316334,132.46133764969113,129.93022928695817,130.60519409179688,165474
2016-07-21,131.15356581616965,131.28012892974587,124.91017176280752,125.58513641357422,192535
2016-07-22,126.47103234134796,126.47103234134796,121.95723052213924,123.05404663085938,225921
2016-07-25,122.96964400255132,130.77389242123812,120.52291181002812,128.8333740234375,667510
2016-07-26,128.15841838095875,130.7739015617456,126.6819388471971,129.0021209716797,285683
2016-07-27,127.86313865715069,129.80365731895725,127.86313865715069,129.12869262695312,216032
2016-07-28,128.79120974810144,133.72687560614577,128.79120974810144,130.85829162597656,394959
2016-07-29,130.773912368082,134.40183638274692,130.0567599571563,133.26283264160156,360231
2016-08-01,133.3050178816694,134.9924231713108,128.24280201274527,131.0270233154297,361061
2016-08-02,129.33962297116247,157.2239990234375,122.33688817662104,157.2239990234375,7287904
2016-08-03,163.67831305069527,167.89682627365133,149.92595736908237,151.9508514404297,4381357
2016-08-04,152.49925162120775,180.38362634580912,150.68529610140675,166.88438415527344,11695369
2016-08-05,169.33113189655043,172.53720478020094,163.04554926050773,170.42794799804688,3502439
2016-08-08,171.27164572151736,173.97149174924778,164.69076217813105,166.54690551757812,1840944
2016-08-09,166.25161144308862,173.00123271153063,165.19698311989455,171.60911560058594,2885448
2016-08-10,172.24187763205575,172.41062844821232,166.2094092969714,167.51715087890625,866371
2016-08-11,167.89683571148436,171.01853309717288,157.26617664251117,162.750244140625,896430
2016-08-12,163.8470466540984,173.63400222102922,163.63612099855143,172.28407287597656,1385095
2016-08-16,172.03095838261314,174.22459033541992,168.90926127583444,172.79029846191406,1138624
2016-08-17,172.19972400600523,185.36147823248808,171.22945818914863,183.42095947265625,2798834
2016-08-18,185.02402182887425,199.78882044696223,184.9818341151889,192.49078369140625,6741356
2016-08-19,193.2078795003026,195.73898709200964,190.2549206433111,193.37661743164065,1777772
2016-08-22,194.89530445885947,194.89530445885947,187.55509426830184,188.82064819335935,773781
2016-08-23,189.83308826287103,196.58270917888427,184.89742281848436,192.91259765625,1388941
2016-08-24,193.88289706842195,197.8482974706695,190.46589831131615,192.65953063964844,1061589
2016-08-25,194.05160184215444,195.0640424074244,185.69895108632687,188.82064819335935,651480
2016-08-26,188.3566291485089,191.47832658649617,186.50048576975004,187.8082275390625,428205
2016-08-29,187.80822093438812,192.61732361555784,185.5302134087825,189.8752899169922,607093
2016-08-30,189.83311107851995,195.31717873189945,188.98940836261545,193.29229736328125,827407
2016-08-31,193.8828718213664,194.8109370133619,188.1456912184057,189.79090881347656,541528
2016-09-01,188.98939241223297,193.92505803326543,185.023992556931,188.65191650390625,482133
2016-09-02,188.69410730449096,189.41125976272212,181.39608395984527,185.1505584716797,392782
2016-09-06,186.8379580105589,203.0370470737977,186.4582943750692,198.35450744628903,1370997
2016-09-07,199.70440819548497,204.1760346700599,194.8953058214208,197.0045623779297,1641621
2016-09-08,197.42642709165332,202.910494510866,196.5827244117745,198.0592041015625,634522
2016-09-09,198.60759030413607,199.1138170223892,191.5204934918744,192.91259765625,454957
2016-09-12,188.1457225961348,188.48319856334595,181.39610026084745,182.70384216308597,639730
2016-09-14,183.0834935372344,188.5253736044633,182.23979080203975,184.3912353515625,488165
2016-09-15,187.30199222570369,187.30199222570369,178.94934096519094,180.8898468017578,319725
2016-09-16,182.91474003322244,186.16298756357568,179.70866733694214,183.04129028320312,605730
2016-09-19,183.25223137246368,186.2473786549413,181.77575158697715,182.7460174560547,290464
2016-09-20,182.7459965070869,184.26465095610595,182.0710318220336,182.66162109375,193067
2016-09-21,182.2397796749076,184.60214976398825,180.1305229657073,180.67892456054688,236001
2016-09-22,183.9693838463957,185.6567893155231,181.81793929848172,182.7460174560547,206790
2016-09-23,183.167842413213,183.25220495017632,179.70865655071293,180.3836212158203,143062
2016-09-26,181.01642402618344,182.66164178154096,175.65890651952765,176.5026092529297,355967
2016-09-27,177.17757160015512,177.89472406332754,172.66375688840793,174.5620880126953,321901
2016-09-28,176.12293590028565,198.69198277613063,174.30898027290112,192.1110992431641,1559454
2016-09-29,194.47348234654737,198.90292174923448,173.80276513400764,177.09320068359375,1181434
2016-09-30,177.17755852153832,182.45070014420315,175.11048958022988,178.1056365966797,617101
2016-10-03,180.80547333466168,193.8406761879782,179.87739530673406,188.82064819335935,1382954
2016-10-04,187.59728480098784,191.6470471230973,184.8552512553744,188.8628387451172,915925
2016-10-05,188.98937602536077,192.15326066864247,186.5426437174414,187.5550842285156,466995
2016-10-06,187.30198792778967,189.74872045837515,179.8774020477678,182.95692443847656,389166
2016-10-07,183.67408521773663,190.001855812334,183.08349587035067,186.33175659179688,478620
2016-10-10,187.30200600898416,187.51293169142676,181.4804623231226,181.94448852539065,224954
2016-10-13,181.353881488537,183.6318760617997,175.19484958758184,176.1651153564453,495274
2016-10-14,177.17754501469872,180.08831639373565,176.29165471484924,177.34628295898438,325797
2016-10-17,180.55238157508936,180.55238157508936,174.22461119278483,176.41824340820312,311243
2016-10-18,175.0683161387618,180.17272022023465,175.0683161387618,178.654052734375,269202
2016-10-19,179.87741737585358,188.6941082273628,178.99152694484758,186.24737548828125,590064
2016-10-20,187.3863784581812,192.74388298288312,187.3863784581812,190.0440368652344,575392
2016-10-21,188.6097476412537,192.4485976329501,186.71141650101853,190.0862274169922,215647
2016-10-24,189.15813627123848,200.46375978743416,189.15813627123848,193.9250640869141,932810
2016-10-25,195.190630896507,195.61248225969476,189.9174888566606,192.27984619140625,175318
2016-10-26,191.4783050350791,195.23277908010417,188.5675336012453,189.6221618652344,236717
2016-10-27,189.6221840328845,189.6221840328845,180.8898558366562,184.01156616210935,237529
2016-10-28,184.05373478620965,198.7763568748129,184.05373478620965,196.16087341308597,584935
2016-11-01,191.52053220179516,197.6373773932621,190.7612048448213,191.39398193359372,222120
2016-11-02,190.42366849058823,190.42366849058823,184.01153664869196,185.4036407470703,297025
2016-11-03,184.05373775226275,189.83310636217487,174.47771988898856,177.43067932128906,419360
2016-11-04,180.59454283190584,181.3960577214806,170.04826040623837,173.802734375,388119
2016-11-07,179.70867462158205,180.55237731933596,175.99638790101744,177.1775665283203,244174
2016-11-08,179.62429318633534,183.50533061557343,178.10563868034578,182.23977661132807,295857
2016-11-09,168.740517055749,194.7265592571103,156.08497827656782,191.4361114501953,1283193
2016-11-10,198.2701065459777,229.4871020447061,196.58270138388428,226.4075927734375,3856495
2016-11-11,220.12202154291225,233.1994129332273,206.96026760989156,211.34751892089844,2181149
2016-11-15,212.23341831896184,220.9657336037854,201.6027590713105,211.51626586914065,1333243
2016-11-16,215.7347719849377,219.19394523712376,203.0370441183207,205.1041259765625,645750
2016-11-17,205.0197465409616,212.6130704869231,205.0197465409616,209.11170959472656,607474
2016-11-18,209.2382521013025,225.69045337539688,206.91806987034047,220.96571350097656,1504819
2016-11-21,222.7375313177412,225.01553909623323,208.52113449127927,210.96788024902344,677963
2016-11-22,216.74720957990328,216.74720957990328,198.27012635820196,208.60548400878903,1149550
2016-11-23,211.30533027858,212.61307198660717,205.10412340329924,206.7071533203125,700649
2016-11-24,202.9104881064388,208.31017993768148,200.8012314733157,201.771484375,570364
2016-11-25,203.71199207475277,207.5508415149475,202.95266487729887,204.26040649414065,356772
2016-11-28,200.54812888730837,209.23826925787543,195.90776404489577,204.1338653564453,407321
2016-11-29,203.37451227803484,208.81639141902744,202.0667706862912,203.12139892578125,366962
2016-11-30,202.4886420489532,215.22855759408563,202.4886420489532,214.0895538330078,764786
2016-12-01,216.4097501160861,217.25345284558347,207.21339551411705,208.35238647460935,437528
2016-12-02,207.4664887867469,212.6130804064558,204.2604288257548,205.4837951660156,454041
2016-12-05,205.01974445636296,209.23825771678196,202.65737445575212,203.66981506347656,325033
2016-12-06,205.1884956579744,209.23827122418663,201.7714971216741,203.0792388916016,322490
2016-12-07,205.01974959305164,209.1538875422891,200.25283463889733,204.0073089599609,545855
2016-12-08,205.14631129574283,207.08683012725035,204.5979096770889,206.1165771484375,222875
2016-12-09,206.70718161645496,211.6850228813389,205.019776052239,206.4118804931641,390995
2016-12-12,207.4664593088027,207.4664593088027,202.02458024162505,202.78392028808597,187725
2016-12-13,203.75418164824023,208.81639734136425,200.80122249391795,207.04461669921875,2057567
2016-12-14,209.2382718367305,209.2382718367305,201.51839719875855,202.8261260986328,152038
2016-12-15,199.95751635824996,206.66494945878236,199.95751635824996,203.7119903564453,162434
2016-12-16,203.41671064707683,205.8634431414185,194.0516062398617,195.1484222412109,328477
2016-12-19,194.85312474458985,196.3296043843772,192.5329424534954,193.3344573974609,165875
2016-12-20,192.5751349921524,195.7390200139293,183.9271825992956,185.23492431640625,287169
2016-12-21,187.5550994853608,188.10350105192137,177.43066780327794,178.86495971679688,334291
2016-12-22,177.17757813161023,178.358756836268,168.9092885773586,169.4998779296875,513056
2016-12-23,169.58424611053863,178.02127328021714,165.78758388418328,176.71353149414062,806908
2016-12-26,173.88711811806698,175.5745233870482,169.58422953261265,170.68104553222656,302611
2016-12-27,171.73568074558304,178.02126305104514,170.17482565932713,177.05101013183594,399466
2016-12-28,177.17756649114364,182.57725860608303,176.84009056166548,180.4258270263672,414874
2016-12-29,178.5696603680904,183.84280192011155,178.48529782758652,182.95692443847656,257804
2016-12-30,182.99912044620316,188.9472273799011,182.32416854855188,186.33175659179688,346779
2017-01-02,186.88014941274227,189.41125753119928,184.72870493727748,187.8082275390625,275744
2017-01-03,188.06133225333596,194.89532947540283,184.85527219743483,188.98941040039065,421023
2017-01-04,189.5378156019273,193.58759133320092,188.98941396987115,190.4237060546875,270804
2017-01-05,193.4610378777329,194.8953299388703,191.47833131971112,191.98455810546875,187488
2017-01-06,191.984548519731,206.36968187174952,191.984548519731,197.552978515625,1027757
2017-01-09,199.19821689998292,201.2230982739416,196.20306967584605,198.2279510498047,248153
2017-01-10,199.11383173613004,200.4637611686393,197.13112529598476,198.60760498046875,169018
2017-01-11,199.95753520937276,212.52869999492427,199.28257049042983,210.03977966308597,957674
2017-01-12,210.9678718761416,212.5709019262392,204.3448002438224,210.5460205078125,448336
2017-01-13,209.82884469111536,211.9802890050472,206.7071474875087,208.22581481933597,237951
2017-01-16,206.7071490504729,210.92566229640093,205.44159507669448,209.06951904296875,189307
2017-01-17,208.1836485034863,211.3475337391016,207.1290200916145,208.35238647460935,156350
2017-01-18,208.3523631242269,211.13658439431268,208.3101754177037,209.5757293701172,177959
2017-01-19,210.0397750781594,211.7693681096077,208.14144408912907,210.7569274902344,265300
2017-01-20,210.08196470501983,211.51625666839035,205.18848664715483,206.15875244140625,149607
2017-01-23,206.41184923246144,212.52869347635928,204.17604234803736,208.26800537109372,329372
2017-01-24,209.66012955517195,219.36271100339923,209.66012955517195,217.33782958984372,489890
2017-01-25,219.36266322115284,235.393011687314,218.60333607493905,229.82456970214844,3076716
2017-01-27,230.9635955036941,231.59637247767685,223.58119747389568,225.56390380859372,541573
2017-01-30,226.28102836550937,234.38055203813647,226.28102836550937,229.6980133056641,838466
2017-01-31,229.4027122712384,235.39300537109372,224.04519606754184,229.6980133056641,469479
2017-02-01,229.69804811562173,233.79001114712364,227.7997171394596,230.8792266845703,512421
2017-02-02,231.5542033703213,243.53476559195497,228.6434189189277,237.8819732666016,1045872
2017-02-03,239.1475503499504,246.3611984295173,237.080468351693,245.3909454345703,894940
2017-02-06,247.2048786538284,252.01399410080617,244.7159455150349,246.40335083007807,625047
2017-02-07,246.5298985937021,248.7657052305319,242.31138578920863,246.69862365722656,345559
2017-02-08,246.69863901119305,259.0167023165142,238.2194380455384,251.84523010253903,648762
2017-02-09,261.54784832011325,261.54784832011325,248.89230727236583,256.57000732421875,756413
2017-02-10,255.2622263660127,259.81824127257306,254.2075980538944,255.81065368652344,303507
2017-02-13,254.58728584978317,256.4856168958876,238.85223588384784,242.9863739013672,579252
2017-02-14,242.98638721450197,248.0064287772405,240.45527901435088,242.1005096435547,314905
2017-02-15,242.10049273183796,244.12537400095965,231.25890821563405,234.76026916503903,358225
2017-02-16,234.633746213317,245.348755976847,234.633746213317,244.20977783203125,358628
2017-02-17,244.67378386926816,249.73600008725305,244.63160903322355,245.5174865722656,273636
2017-02-20,245.7284225871294,248.80793243308904,243.11293894823717,244.8847198486328,174881
2017-02-21,245.1377941298316,248.30167906050968,241.76298353710837,246.0658721923828,153442
2017-02-22,244.80035209136244,248.4704642683081,243.15514714843164,243.9144744873047,143118
2017-02-23,244.16757272453611,247.5845843390211,243.28169512879828,245.55967712402344,167676
2017-02-27,245.5174798317025,251.2546477554689,239.73811132528687,247.8798370361328,276431
2017-02-28,246.40333709311855,250.5796753141248,242.1426492092721,243.408203125,423915
2017-03-01,244.58940685300928,248.8922957597646,240.3287185297863,242.7332763671875,445072
2017-03-02,244.67374436008237,246.15022385191045,234.6336889652032,236.11016845703125,225320
2017-03-03,235.9836455423499,244.20974652061815,233.4103369671575,241.5098876953125,300966
2017-03-06,242.56451837039444,243.3660462084624,238.8522317605391,240.4974365234375,107573
2017-03-07,241.2989692486153,244.209753827118,238.008533908414,239.1897125244141,147122
2017-03-08,238.7678611864305,241.72082060039696,235.39305042761168,235.9414520263672,128415
2017-03-09,235.73049871255452,237.9241305981175,227.7153241002066,228.64340209960935,342568
2017-03-10,230.33082202196832,232.7775545422465,223.87650193903687,225.3529815673828,227565
2017-03-14,230.75266168163,233.8743716086025,228.64340517631345,232.2291412353516,341203
2017-03-15,232.5666218955548,236.44765909447204,229.48711248419767,230.92141723632807,299868
2017-03-16,232.8619562474898,236.23676720759835,232.8619562474898,234.50718688964844,190752
2017-03-17,233.7056245837904,241.3411229579111,233.7056245837904,240.4130706787109,363251
2017-03-20,240.6661950172212,241.72082339152976,226.4497993819887,227.84190368652344,1076917
2017-03-21,229.06528368764984,231.1323656075092,220.20640531298932,224.0452423095703,469019
2017-03-22,222.73750677362327,223.62338428554975,216.6206623641204,217.37998962402344,496048
2017-03-23,220.2063865039405,223.15934570993207,219.65798494380857,220.3751373291016,397770
2017-03-24,221.97817993164065,228.5168756920404,220.6282504960701,221.97817993164065,994283
2017-03-27,221.93596568965188,226.44977989276745,220.88133740610905,222.8218688964844,314103
2017-03-28,225.9857735126288,225.9857735126288,223.15936431597407,224.0030670166016,242543
2017-03-29,224.84675166969544,228.5168632723928,221.1344652344572,222.3578186035156,1272493
2017-03-30,223.5812018195961,226.15448459803773,221.51412003197063,222.90625,299156
2017-03-31,225.18423866050657,239.02095737189444,224.50928682005343,234.76026916503903,2071588
2017-04-03,236.2367564361727,238.6834891211376,235.64615424597704,237.0382843017578,435590
2017-04-05,237.0804474631805,241.46771159434408,235.39304214315783,238.76785278320312,659917
2017-04-06,239.5693802016578,240.83493418952125,236.74297114587705,237.4179229736328,458728
2017-04-07,236.74297857458575,237.79760693089827,227.20912278486307,228.0106506347656,964711
2017-04-10,228.2215514601309,229.69803099822784,223.1593359009413,228.09500122070312,807500
2017-04-11,228.1371824790992,234.54932751762223,227.96845740436157,231.4698181152344,651522
2017-04-12,232.86194577991452,232.86194577991452,221.26103362602387,222.104736328125,1257309
2017-04-13,221.4719463464868,228.89651939156917,218.7720875585869,222.4000244140625,1241335
2017-04-17,221.8938033717968,223.5812087206317,217.5909145827152,217.9283905029297,617895
2017-04-18,219.1939390310493,225.26860843399197,216.3675557406673,217.25343322753903,712182
2017-04-19,218.0971358656899,220.4173181621334,212.14902958548583,213.7098846435547,742868
2017-04-20,214.8067040693547,219.19394248708775,214.3004773198342,217.04251098632807,583872
2017-04-21,218.94085573821383,221.7672649984526,217.75967708031573,219.44708251953125,582985
2017-04-24,220.2063883640577,243.534761138897,220.2063883640577,240.5396270751953,3799128
2017-04-25,243.83005969074668,268.634911824613,235.6883344734625,261.4212646484375,16190823
2017-04-26,263.2352622915788,267.2850252584971,255.26226087498748,258.932373046875,4084915
2017-04-27,259.2276266579032,266.44127366693607,259.2276266579032,265.133544921875,2415703
2017-04-28,265.7663388346264,274.83614246152234,264.1633089245413,269.2255249023437,2850622
2017-05-02,271.4613372852596,271.5878875377049,264.7538906802717,269.9004821777344,1149046
2017-05-03,272.55812895939874,287.4495012304528,267.6646639212511,283.2731628417969,3535693
2017-05-04,283.5684637360732,296.6036541343719,283.52626315522554,293.5663452148437,2516162
2017-05-05,294.3678526488724,299.43006860413334,278.5062529548261,283.90594482421875,2485852
2017-05-08,285.9730316161532,302.63615942559915,281.7966930812632,298.1223449707031,2337513
2017-05-09,298.6707042198036,301.0330610727212,287.40726997043726,294.1147155761719,1725142
2017-05-10,294.4522219502059,304.49227823677813,293.6085193085148,297.9535827636719,1899123
2017-05-11,298.6707719778352,303.6486130279129,297.2364670110393,300.73785400390625,1154992
2017-05-12,300.78001489616184,301.79246844316447,294.70534510967263,298.9238586425781,603911
2017-05-15,299.09260823851264,306.77030798600737,297.0677269006959,302.6783447265625,943244
2017-05-16,300.3581517660461,307.9514758275473,298.3754453337684,305.2094421386719,992149
2017-05-17,305.7578240809473,306.22187597021286,300.82215860855183,302.7204895019531,560983
2017-05-18,298.67078574580444,302.88929966876776,294.789747787125,297.2364807128906,715427
2017-05-19,298.6707542209044,302.3830409317246,289.4321994056441,290.65557861328125,909627
2017-05-22,293.1023116512904,295.2115683928048,276.1438822999619,280.3202209472656,843179
2017-05-23,281.79668151392,283.4840867924465,260.74629036519786,274.0346069335937,1979893
2017-05-24,274.4143097719193,278.84374905340303,268.38184047145137,272.8534545898437,674453
2017-05-25,275.3845384825232,280.7842302669332,272.09410331294225,279.4765014648437,704856
2017-05-26,282.55603820160223,283.484116351114,272.9378322606708,275.0892639160156,651966
2017-05-29,273.3596353853143,279.1811780263756,265.76631218016666,267.1162414550781,755188
2017-05-30,263.27739161371665,273.7814995055612,262.3493393322452,266.7787780761719,961161
2017-05-31,268.5083643340536,271.71442405684826,265.13355378468606,266.90533447265625,699328
2017-06-01,269.3098878238324,278.2531150381618,264.07892125701727,273.4018249511719,1612115
2017-06-02,276.1097092868221,279.11837661489494,270.6081251858341,273.3589172363281,1497982
2017-06-05,273.44482318341085,277.61398079412373,270.9089365098405,271.8545227050781,1062133
2017-06-06,272.15539407648885,274.8202183546854,264.54776030438427,267.1266174316406,610973
2017-06-07,267.3844938252633,271.6396185973204,266.91171384325315,270.00634765625,1017888
2017-06-08,271.0379027931229,272.0694562486006,264.0750087858782,265.02056884765625,868267
2017-06-09,265.0205092676809,267.9432346566371,263.0433961949053,263.90301513671875,492084
2017-06-12,263.12942507552697,263.1723955393048,253.8025521217298,255.17794799804688,868014
2017-06-13,255.2639160027384,260.4646013447725,255.17794884140423,257.19805908203125,567012
2017-06-14,259.6049787777931,264.5907592675452,254.61919828804116,263.08642578125,1031940
2017-06-15,261.7110595439873,267.6853968697523,259.60498214248,265.79425048828125,1214547
2017-06-16,265.66522533497385,268.5449540569184,262.95743089599165,264.5047607421875,518869
2017-06-19,266.0950953472222,272.9290780306795,263.43029698946617,265.0635681152344,1119683
2017-06-20,265.1924753807656,266.9117134707543,256.7682192332172,258.9172668457031,1031875
2017-06-21,258.7453630434681,262.18383962876334,255.69372556741635,258.48748779296875,1166032
2017-06-22,259.6049796015963,261.8829650699446,255.34985437631812,256.5103454589844,485762
2017-06-23,256.5102693629532,256.6822036328958,245.85100046367305,248.60179138183597,1129763
2017-06-27,248.4298845797231,248.4298845797231,235.66453751292528,237.1259002685547,1475221
2017-06-28,232.0971224673279,244.64756470670343,231.23750349522663,242.24061584472656,1977684
2017-06-29,244.1318350689083,246.710692481608,238.93114978002816,240.82229614257807,1316971
2017-06-30,241.6388849437039,243.83090270796575,239.0170314836687,242.84234619140625,1008379
2017-07-03,242.9283425448453,247.9141224135482,240.736298283483,245.89401245117188,715943
2017-07-04,247.05456590149177,247.95718184933415,242.1977224112836,243.186279296875,432336
2017-07-05,244.99142489848631,245.42123441585207,240.17755305729156,240.779296875,768721
2017-07-06,241.46698235497053,272.0264548741301,241.46698235497053,261.2382202148437,4679332
2017-07-07,258.14355701651635,263.43023448078253,255.04894982136983,257.1120300292969,1528442
2017-07-10,260.20666418031635,266.09503294494766,257.9716496849038,263.90301513671875,379821
2017-07-11,264.76263362773216,265.3643773793723,253.5446169495628,254.619140625,794713
2017-07-12,254.7911088635392,264.76269617393154,252.04034334468585,263.3443298339844,1032129
2017-07-13,266.3099975290532,266.3099975290532,260.55056506466155,261.7969970703125,640104
2017-07-14,260.89438153263865,272.84308107442035,260.89438153263865,271.8115539550781,2808002
2017-07-17,272.4992379500766,278.3016665184141,269.9203808085932,272.80010986328125,1471130
2017-07-18,270.994934929174,279.93496877292216,268.63098228506544,274.0895690917969,1760288
2017-07-19,276.6253991779039,287.2846963608565,275.2930001467805,283.4593811035156,2021063
2017-07-20,285.393553826534,287.5426016716133,281.3533333843872,284.0181579589844,1613089
2017-07-21,286.16717751754567,291.66873421044227,279.8060017715873,282.7716979980469,5323329
2017-07-24,282.5138253197074,286.6829833984375,275.16409216076136,277.2271728515625,1561738
2017-07-25,277.6569500201266,281.05245572274754,275.16406004992587,276.1955871582031,1353380
2017-07-26,276.6254280841362,278.3446663599444,270.26425171034487,270.6940612792969,991387
2017-07-27,270.99493233825143,274.99215606973775,265.6223127439165,266.3099975585937,874407
2017-07-28,266.26699816736254,269.7054743341727,263.25833152140365,265.1924743652344,1368949
2017-07-31,265.622285204122,272.4992375718664,264.67669900685894,269.36163330078125,1704915
2017-08-01,270.779996177214,271.1238385447091,261.41015393714514,263.5162048339844,1237908
2017-08-02,265.14953272259635,272.0264858035936,263.7741368596981,267.8143310546875,1701074
2017-08-03,267.25555469106064,267.25555469106064,255.0489800448055,256.6822509765625,1145961
2017-08-04,256.59628521233793,262.18380901093155,253.58761855155677,261.4961242675781,918545
2017-08-07,261.32421704086414,264.246916853175,260.8944074733627,262.01190185546875,722067
2017-08-08,262.183806035796,264.0749784087949,255.4357913550617,258.22955322265625,547721
2017-08-09,257.7137478234687,259.08914337472595,252.77093891645745,254.619140625,808081
2017-08-10,253.4156966591051,254.7051252911565,230.3779155931838,235.4066925048828,932333
2017-08-11,234.50404728117115,245.2492845325717,225.8219165688309,240.5643768310547,1939289
2017-08-14,244.43267752850244,255.09194830183017,243.1002522859046,252.64202880859372,915826
2017-08-16,255.1349180491696,255.73666186460036,246.83959964210848,253.84548950195312,1230227
2017-08-17,250.6219199305309,263.8600740969791,250.6219199305309,261.8829345703125,1423081
2017-08-18,256.338439067966,265.6223153237477,256.1235342821053,261.4101867675781,1330340
2017-08-21,261.4101694043419,264.1609347405517,254.44724955824543,255.2209014892578,446851
2017-08-22,256.596312595088,260.550565875078,247.95715075488224,249.41848754882807,1044992
2017-08-23,252.21224977021623,258.65939330336846,251.8684073618136,256.5103454589844,1245249
2017-08-24,257.0261093157296,257.7997612542623,252.08329952119635,253.54466247558597,1481670
2017-08-28,256.2954123151472,256.5533137680327,251.7824123413096,252.68502807617188,715275
2017-08-29,252.94293212890625,255.09197998046875,247.5703125,248.8597412109375,633505
2017-08-30,250.66496025876216,252.94294585836607,249.0746595155873,249.5474395751953,760461
2017-08-31,251.0087570746386,251.9113465638736,245.2492990730228,246.19488525390625,1230289
2017-09-01,249.71934682735727,254.2323470712252,247.57029909218207,250.10618591308597,1362044
2017-09-04,249.2895516535577,251.26666519051577,243.3151881119109,244.86251831054688,972712
2017-09-05,245.6791084788605,249.03164368535863,244.9054565979344,245.33526611328125,1289875
2017-09-06,245.3782950464505,246.4098222787261,243.0573128652151,244.00289916992188,962447
2017-09-07,244.90547055802668,246.5817382568263,238.20045222981307,239.44688415527344,1676499
2017-09-08,240.73628189581825,244.04582017482625,233.6014549429347,234.1602020263672,882408
2017-09-11,239.2319643698212,243.1002499856476,235.96542256540857,241.1661071777344,887451
2017-09-12,243.27217268738409,247.0544909736349,241.9827442102425,243.0142974853516,982981
2017-09-13,244.8625021357877,247.828172245323,243.10026726765057,243.9169158935547,642625
2017-09-14,244.94848375526237,246.58175487002185,240.26354896189216,244.26077270507807,695142
2017-09-15,244.13179175029725,245.3352530826501,241.5529347951885,243.4441070556641,551248
2017-09-18,244.17477514776976,249.1175845737043,244.17477514776976,245.120361328125,458306
2017-09-19,244.99142542776792,247.5702825375339,241.59591973984627,245.077392578125,507182
2017-09-20,245.42124929554137,247.39836270189824,241.46699624933495,243.9169158935547,531418
2017-09-21,244.0458533878572,245.8510587160372,236.39524876542032,241.98277282714844,831043
2017-09-22,241.98275560380304,241.98275560380304,232.35501202776877,233.73040771484372,857858
2017-09-25,232.9567540611012,232.99972451863877,222.81326013412476,227.19729614257807,996183
2017-09-26,226.68156089412616,229.862135736066,225.22019797114547,226.55259704589844,912504
2017-09-27,226.93943564267545,229.43232571174883,219.2028639730388,220.3203582763672,565121
2017-09-28,220.06248321120407,225.9078824281048,217.5266095631742,222.4694061279297,882965
2017-09-29,222.64134229450133,227.45521440162148,222.64134229450133,224.5754852294922,544644
2017-10-03,226.0798170151777,227.7560847069761,221.8676887889698,226.12278747558597,461602
2017-10-04,226.5096117816809,232.87078728331085,225.04824895420933,229.77615356445312,718199
2017-10-05,230.80772307591167,233.38658031698336,228.7446425297529,229.8621368408203,410079
2017-10-06,230.1200384544643,236.22331294217005,230.07704176032303,232.0111846923828,519590
2017-10-09,231.92521676864413,235.191785005388,230.89368961506108,233.2146453857422,297076
2017-10-10,233.3866249576528,240.43551325824424,232.7848809929081,237.72769165039065,485234
2017-10-11,237.9425676316023,242.02575854957104,231.237548828125,232.74188232421875,711436
2017-10-12,233.8163918797272,235.62159721079124,227.84202872616797,234.3321685791016,532957
2017-10-13,232.8708031098318,238.11448473517493,232.2690854950008,234.71897888183597,761940
2017-10-16,234.71897961075143,237.08293208387505,231.796279981588,232.8708038330078,480240
2017-10-17,231.9252336472273,236.395263671875,230.5498640090227,233.17169189453125,746147
2017-10-18,232.9567722749607,233.0427394302478,225.4351052734629,226.1657867431641,757310
2017-10-19,227.4981985622452,227.71310334574125,219.24586274604417,221.82470703125,197745
2017-10-23,222.64132833388936,228.01394726086545,221.7817093055732,227.025390625,854137
2017-10-24,227.799072265625,236.1373884230852,225.8219587355852,232.31207275390625,994720
2017-10-25,247.57031400833264,286.9408603954266,247.57031400833264,281.26739501953125,9885394
2017-10-26,280.23580693621665,305.895440517412,266.6968070612307,274.4763488769531,3841076
2017-10-27,276.7973330157261,277.3560801493391,262.3557435256935,263.4302673339844,1093654
2017-10-30,263.0864283033582,281.0524893844265,261.71105866092705,278.8174743652344,2173434
2017-10-31,280.45071122537,280.4936816838855,268.3300775395064,270.6080627441406,1071896
2017-11-01,272.9290488524844,281.5252393675232,272.9290488524844,277.8288879394531,1269327
2017-11-02,277.48502042387474,292.74325864810515,274.26144896805147,288.7890319824219,1739612
2017-11-03,289.3477800565128,300.86667018251654,287.9723843175516,298.4597473144531,1891369
2017-11-06,299.14745935694214,330.781433071405,298.6316826285933,324.33428955078125,10749494
2017-11-07,325.9675895150582,326.6123038723004,307.74365319028067,311.4830017089844,3140722
2017-11-08,313.3311784439224,325.3658464774338,309.54885945151767,318.4459228515625,3079135
2017-11-09,320.3800358758128,349.0053402341318,319.7782920371848,345.1370544433594,6729838
2017-11-10,343.84765540459614,353.8622131215562,337.6583871139157,348.4895935058594,4448319
2017-11-13,350.6386116291774,359.1058646724616,343.5037838777353,349.8649597167969,2541095
2017-11-14,349.3922093317505,353.30346591847217,343.6327506104848,344.6213073730469,1637505
2017-11-15,346.64141669106465,350.8535452119696,331.8989537511503,336.36895751953125,1962144
2017-11-16,339.592500146516,356.52700617112714,331.42611905278306,354.6358337402344,2929291
2017-11-17,364.7363577245882,367.401182065031,352.7876580025616,354.6358337402344,2775465
2017-11-20,353.0455623774078,360.8680749239584,350.5526460887791,358.9769287109375,1206640
2017-11-21,358.4611488431246,361.64174986582486,349.69302391759385,352.2718811035156,1125898
2017-11-22,354.6788315056569,360.09442112237025,348.4895637435628,357.08575439453125,1583328
2017-11-23,355.8822935157674,358.28921640846755,349.1342785973328,353.7332458496094,941057
2017-11-24,354.9367396359919,361.8566894916266,350.2948015008392,353.9052124023437,1586119
2017-11-27,346.5554521324492,359.62167359487347,345.6528625260129,355.1086730957031,1338200
2017-11-28,355.0226434218268,357.5585299396642,345.13702502146106,346.5124206542969,1713396
2017-11-29,346.5124825394949,351.1544206750364,344.4923723023766,347.88787841796875,1433056
2017-11-30,347.2001333784212,347.2861005311916,334.56374892592095,337.5294189453125,3112963
2017-12-01,338.68993968189386,346.85632147625427,333.6181920247268,336.5838623046875,1832578
2017-12-04,337.8302919175932,339.3775957383228,326.870148859198,330.1796875,1494836
2017-12-05,328.8043204430831,335.1225263571196,324.9360343202233,333.0164489746094,1022191
2017-12-06,332.50064285708896,335.16546719734083,324.16235369154884,326.09649658203125,930120
2017-12-07,326.44034014492235,331.3401793119888,326.44034014492235,329.8358459472656,778922
2017-12-08,330.9533377580783,335.0365282888598,327.47189106207185,330.86737060546875,683531
2017-12-11,332.2427673930888,339.5495294185513,330.39459165687606,332.8874816894531,1149067
2017-12-12,333.4462602877936,333.4462602877936,320.7239074661347,322.4431457519531,819156
2017-12-13,322.3571454213025,327.5148597480433,318.78973159200507,321.5404968261719,1152045
2017-12-14,321.9273358508804,324.7640682368106,316.1249072340755,321.1106872558594,722040
2017-12-15,326.6552742873835,331.8129891445527,322.8729553054916,329.3200988769531,914116
2017-12-18,326.9560841165627,340.8389253895133,311.18207059521774,334.86456298828125,1998018
2017-12-19,336.8846731994324,339.506526829959,335.50927758398274,336.7987060546875,735746
2017-12-20,338.4320355270692,342.90203891365707,335.036529735519,337.1855773925781,1171964
2017-12-21,337.18557646762537,341.95645175981264,334.821624051345,336.45489501953125,728865
2017-12-22,337.1425746336669,342.5581637172312,335.2514023832376,336.7987060546875,770150
2017-12-26,336.7127970874511,336.7127970874511,332.28573793124383,333.7471008300781,533393
2017-12-27,333.53219671712856,338.1741344144314,327.60083042426976,331.4691162109375,467904
2017-12-28,331.7269591784336,333.40322668304736,324.85000733753947,326.8701171875,592172
2017-12-29,326.6552135963057,330.95330851204653,322.7009610271262,323.8184814453125,670416
2018-01-01,326.3973666021841,328.37447994089223,323.21676559627093,324.205322265625,343125
2018-01-02,323.43169994332857,326.569304543256,319.99322339908053,322.8299560546875,556896
2018-01-03,322.35711812673753,325.7526235977349,319.26248454602296,320.809814453125,813917
2018-01-04,321.4975277269241,329.2770697092725,319.219542469675,326.7841796875,1146187
2018-01-05,329.6639404296875,330.73846435546875,323.6466064453125,326.01055908203125,750983
2018-01-08,327.4288965982884,329.23410188141224,325.02197370978445,327.2569885253906,772552
2018-01-09,327.51486354173784,331.6410245575283,322.95889299374033,324.8930358886719,460352
2018-01-10,324.0333856745032,325.96752838350307,318.9186422395301,321.02471923828125,768888
2018-01-11,318.91863926321395,323.64654361886807,316.8125622841178,318.8326721191406,609380
2018-01-12,315.60913229514966,322.9158942973441,315.60913229514966,321.7124328613281,1295418
2018-01-15,321.5834942146294,330.9533366817788,321.4975270622994,328.6323547363281,1177986
2018-01-16,330.09371832770273,330.5235278567752,316.46875100940514,318.0590515136719,743640
2018-01-17,317.45731059592424,333.2313257044939,313.80392956524565,331.9848937988281,1240978
2018-01-18,338.00228934448245,338.9908462053079,319.30557122390496,323.73260498046875,1170552
2018-01-19,323.99044885486364,331.6840506568551,319.99322509765625,327.72979736328125,727977
2018-01-22,328.1166347578964,330.82442979003747,323.30276234881563,328.41748046875,512874
2018-01-23,328.3744832217413,344.6642750163213,326.99908746940207,341.7845458984375,1576073
2018-01-24,341.0968052687853,349.0053104824737,336.2829599040947,346.5124206542969,2195665
2018-01-25,343.804653475299,343.804653475299,322.65801935660465,324.7210998535156,2689763
2018-01-29,327.5148916938037,327.81576363890895,316.42581005638164,317.3283996582031,678303
2018-01-30,316.33984203892373,321.92736642276344,314.44866944638034,316.8126220703125,940081
2018-01-31,316.8985297622912,320.5519104046029,307.1848458420111,311.6978454589844,802290
2018-02-01,311.1820985408783,316.16787857658966,300.0070508032225,303.9613037109375,942302
2018-02-02,296.56860177832385,307.7436505409853,288.3162528299673,292.52838134765625,1255776
2018-02-05,287.71453770379776,297.7720659384895,281.13843027194827,292.3564758300781,801237
2018-02-06,281.95501791912847,286.94079737674195,268.20111460600026,281.8260803222656,1267150
2018-02-07,287.9724129782523,289.47674647888493,280.2788111530475,283.9751892089844,1127283
2018-02-08,282.72870227811416,294.41952668667767,282.3848599024047,292.6573181152344,864336
2018-02-09,286.25317298746506,295.49407872204534,283.9751875181976,291.7547302246094,526269
2018-02-12,296.5686043428302,313.675020042283,295.53705087780526,307.1849060058594,4081209
2018-02-14,306.88400289285846,309.8926695878865,298.5027170995661,300.30792236328125,1575348
2018-02-15,299.147431049141,304.3481158369148,292.4853833749145,296.86944580078125,1755556
2018-02-16,296.8694459395302,300.866669299236,288.1443177765507,289.6486511230469,860437
2018-02-19,283.67434923818314,289.6916839189931,266.05215481581115,271.0809326171875,2986100
2018-02-20,266.4819352148253,283.5883509706265,261.8399970739111,281.6972045898437,2598980
2018-02-21,284.5339063414674,285.995269223929,272.0694300817959,280.6226501464844,1961660
2018-02-22,278.51657061509684,282.81466584063844,273.3588563444469,274.6482849121094,1686698
2018-02-23,276.797394182697,279.333281424043,272.02651791300906,273.3589172363281,1260148
2018-02-26,275.5508756980728,280.66561953366016,267.98623855932175,278.6025390625,1405766
2018-02-27,276.79736239597804,278.51660067172946,266.8687718469113,267.9002990722656,1172892
2018-02-28,263.9030486700521,287.88641494744,257.97168246455703,284.619873046875,4293602
2018-03-01,281.9980170321603,286.4680465565975,270.82296945455863,272.7141418457031,2710444
2018-03-05,269.61950690423856,273.61673019731984,260.4645693662804,262.8285217285156,2098397
2018-03-06,266.26699806420555,269.4905694693412,244.13180774894067,249.46145629882807,2122710
2018-03-07,249.28950314608397,251.65345533108996,238.32936119741996,244.0458221435547,2221599
2018-03-08,245.3352837402112,248.1720424854113,231.23753587063325,241.7248992919922,3543173
2018-03-09,244.9914412143464,246.10893554052348,235.8365031314562,239.36094665527344,2201364
2018-03-12,239.83372438295908,245.1633731959774,232.78483740232096,243.83094787597656,2041514
2018-03-13,241.20910529674472,262.9144858251256,238.3293762967762,252.34115600585935,4988144
2018-03-14,247.5703141237093,262.2698067715034,246.58175735220587,261.28125,3260474
2018-03-15,262.1838081909138,265.70825151493256,259.6049510611671,261.8399658203125,1879644
2018-03-16,259.6049787777931,269.61953645414496,259.34710353068306,263.08642578125,2856638
2018-03-19,263.38728262547124,269.57655053623,250.9658025765562,252.42713928222656,1925760
2018-03-20,250.5789794921875,254.2753313034773,244.991455078125,248.21502685546875,1751015
2018-03-21,249.41844272374408,257.45588546319965,248.94566277638944,249.9342193603516,1461402
2018-03-22,251.0087137601137,252.6849810748515,246.15187231932933,248.60179138183597,814379
2018-03-23,242.4125661589928,242.58450045817565,235.75051868476515,241.46697998046875,1386158
2018-03-26,238.9741073986988,252.2552328536423,237.5557411446497,251.3096466064453,1955300
2018-03-27,255.3068864250614,264.9776018199501,254.3183296536161,263.64520263671875,2091254
2018-03-28,258.7453289679012,263.5592008000487,256.1664718685533,257.7137756347656,1198458
2018-04-02,257.7137784310362,262.57064700763254,254.27530226126387,259.69091796875,716639
2018-04-03,262.1408379978411,268.28710891660205,260.2496656073802,264.20391845703125,1341795
2018-04-04,263.4732039739953,268.9317894661574,257.1549995455395,260.3785705566406,1283750
2018-04-05,264.7627232722078,274.7343116031851,262.4417408540201,272.7571716308594,1704321
2018-04-06,275.937744140625,277.656982421875,269.53357104957104,275.72283935546875,1750664
2018-04-09,275.07809467197205,280.27877940596744,273.18692227770566,276.7973327636719,1324329
2018-04-10,279.5481226790504,281.43926882951047,275.93771221277643,278.5595397949219,909288
2018-04-11,277.6569832891637,279.0323791651587,271.9834916966181,274.3044738769531,789777
2018-04-12,272.929076287962,276.5824576241001,270.7800284431749,271.7685852050781,782433
2018-04-13,271.2957743438779,279.37618807535927,271.2957743438779,275.9806823730469,1227650
2018-04-16,275.93771255962486,278.47359922763474,270.8659654570964,274.13250732421875,882316
2018-04-17,274.1325098991861,278.30166753991875,271.63961989996704,274.1755065917969,601000
2018-04-18,274.43341064453125,277.61401195824146,262.52768030017614,263.68817138671875,1154026
2018-04-19,262.914457756619,269.0607279241635,262.441651600046,267.599365234375,1005318
2018-04-20,265.79424789928754,265.79424789928754,256.2094735260896,260.1637268066406,1103947
2018-04-23,260.1636986450993,267.6853652866101,255.04898106896684,265.92315673828125,1868333
2018-04-24,267.2555556432977,268.4590170586966,261.5820647038559,264.8486328125,720910
2018-04-25,263.6881390289228,269.8344098834692,260.42159718879054,262.6565856933594,733917
2018-04-26,263.0433988412028,269.9203504448943,263.0433988412028,268.1581420898437,1118255
2018-04-27,269.4905684111715,279.7630264085983,260.4645685122328,269.9633483886719,1948944
2018-04-30,270.13531494140625,277.9578543677926,268.8888566941023,276.3675537109375,1202568
2018-05-02,276.969233545678,278.6454747421212,260.9803159812508,263.90301513671875,1316376
2018-05-03,263.90301606668504,270.3071876991579,262.5276205082392,267.9862060546875,861141
2018-05-04,268.20114116053423,271.768554938888,265.19247451290005,266.4819030761719,1295109
2018-05-07,267.3415215364068,277.2271404999716,266.4819024960967,276.1955871582031,1313573
2018-05-08,278.5165717434794,300.007047958254,274.605315565787,293.04412841796875,4714431
2018-05-09,288.1443157386527,297.17031575379355,287.2416999970438,294.5484619140625,2154768
2018-05-10,296.9983785531129,297.12731616251585,252.0832836778592,269.8344116210937,12262256
2018-05-11,267.34155105872634,275.93774241109696,261.4101842722894,273.40185546875,3565024
2018-05-14,271.7255830789936,276.4964582451012,267.0406488298679,269.3186340332031,1144119
2018-05-15,266.48190455090577,274.5193478864781,261.75399979274454,264.2898864746094,1424346
2018-05-16,262.183837890625,264.80566577613354,255.1349504441023,258.96026611328125,1740204
2018-05-17,261.2812192916357,263.3013030611376,257.2839697445142,259.5619812011719,1052872
2018-05-18,259.905850690771,263.473264854004,256.5963117746173,258.3585205078125,1396979
2018-05-21,259.8628557175398,267.68539514392614,258.78833179175854,264.11798095703125,1476582
2018-05-22,266.65383527367084,269.2756628382365,261.1092820019612,263.3013000488281,1479474
2018-05-23,262.18380779244774,268.15817062734425,261.7539982714765,265.8371887207031,1602203
2018-05-24,265.8801879757241,267.08367575158104,261.7110561575558,263.946044921875,694873
2018-05-25,264.24691858142614,275.078125,263.903076171875,272.28436279296875,1378333
2018-05-28,274.64831461409693,295.53704917585594,273.3588859069885,288.5311584472656,2243982
2018-05-29,287.71453510418286,290.20742535007827,278.73150464609233,280.7086181640625,1144948
2018-05-30,279.2902229219344,287.97238053706354,273.6167319691328,286.16717529296875,2317522
2018-05-31,286.1671776984122,301.25350782927524,283.8032253009984,293.00115966796875,2337178
2018-06-01,292.3564766990735,294.20465261562833,279.41919281620045,290.2933959960937,1861358
2018-06-04,291.3678893404206,293.98971696616667,287.542574050242,290.7231750488281,1102825
2018-06-05,289.3907801918143,290.89511369699,282.38488940012354,283.84625244140625,1248280
2018-06-06,282.8146674886854,299.70617657679765,281.1383998475595,297.9869384765625,1892508
2018-06-07,299.14742988875946,305.07879609675206,296.052796057005,302.2850341796875,1856266
2018-06-08,300.43689046306605,318.91870203661665,298.4167802304209,315.9960021972656,2460407
2018-06-11,316.5976865694625,320.2510675429003,311.1820970316454,314.6635437011719,1976299
2018-06-12,313.97589197814875,316.6407165681256,309.59182910218624,311.0531921386719,1081848
2018-06-13,311.9557521652702,322.4860856684298,311.39700502200503,312.8583679199219,1964726
2018-06-14,313.50307836371127,315.26528692469947,306.32525404183576,308.8611145019531,1095971
2018-06-15,307.82962125181245,311.6119402453328,300.995638551655,301.89825439453125,1156857
2018-06-18,299.1474311057101,308.5172735574378,299.1474311057101,306.0243835449219,982359
2018-06-19,305.4226413179983,310.9242242850701,301.29648032618616,304.9068908691406,1227026
2018-06-20,305.16476438279045,309.1190172806461,303.5744638850832,304.9498596191406,917221
2018-06-21,306.7423828765216,307.7916833801548,297.6922794431716,300.2280578613281,1364853
2018-06-22,299.9219912926362,303.5945161456572,295.37505830173586,301.2773132324219,938870
2018-06-25,301.5396577928548,305.4744944930186,294.5881022819709,303.3321838378906,1439883
2018-06-26,302.5452620684521,308.141469671482,299.0476289809555,305.7368469238281,903325
2018-06-27,306.4800712525029,308.6660917321927,299.1350477777094,303.63824462890625,1098608
2018-06-28,302.5452608982624,306.6549904341042,290.3035451393731,303.46337890625,2495943
2018-06-29,300.7963999026137,304.8186826801356,296.38064947331964,300.5340881347656,1681249
2018-07-02,303.3321989518135,306.39262764887525,294.6318533810589,298.3043518066406,1148417
2018-07-03,299.04760607398725,300.8401322200931,295.06905941564463,296.7741394042969,651334
2018-07-04,296.4243793869301,299.22249629695915,292.44583275640247,294.8941650390625,847620
2018-07-05,294.8941518490733,298.6103865276754,293.3639375696489,295.1564636230469,606237
2018-07-06,294.89418090657034,305.3870798565447,294.58813268356505,299.5285339355469,1482058
2018-07-09,301.58337873342987,307.1795858002076,299.96571824850923,304.60009765625,594603
2018-07-10,306.04284789225665,313.82507497312463,304.29403161858664,312.1199951171875,968398
2018-07-11,310.4148810613253,313.47530946615524,301.8894019335846,303.98797607421875,771451
2018-07-12,306.0428798303658,310.67723276529705,301.1899248384129,303.9443054199219,602944
2018-07-13,303.4196614157896,305.34337023125937,291.527703931117,292.7081604003906,615699
2018-07-16,294.019737079041,294.019737079041,277.9743423728568,282.3026733398437,602056
2018-07-17,281.82172145813723,296.9489976796537,278.32408903949545,295.8559875488281,1296286
2018-07-18,295.5499586068487,298.61038717230423,285.71286678931307,287.1993713378906,1090630
2018-07-19,284.1826537846784,291.9211713862404,279.2859627209631,286.2375183105469,1080403
2018-07-20,286.8496122360229,287.6803107373086,267.9624156145008,271.28515625,2303922
2018-07-23,271.0665475922981,281.99665031779404,266.7382162390733,279.6794738769531,1630450
2018-07-24,278.93625032132417,285.669204968527,277.1874337048895,284.2264099121094,1251625
2018-07-25,283.3082154995279,292.40205411687043,281.3845070660365,290.2160339355469,1120840
2018-07-26,292.83931966158826,311.28933920419456,291.6151534398845,309.7591247558594,2274929
2018-07-27,309.5404974343557,311.6828081611486,304.031736543774,308.9721374511719,1297422
2018-07-30,311.2893044603173,323.5310186806668,311.2893044603173,316.7980651855469,2250283
2018-07-31,316.0985891358108,320.2520284121458,306.9173023144388,312.7758483886719,1412926
2018-08-01,312.6009308682247,316.7543698098305,305.3870632328041,308.92840576171875,1617540
2018-08-02,306.8298111210539,313.91252239506514,301.67080842979794,311.1581420898437,1306347
2018-08-03,312.1637185868332,320.0333921646525,312.12000885199546,318.8529357910156,1724190
2018-08-06,319.1589793710569,331.40069364830293,318.3720173616264,329.5207214355469,2329278
2018-08-07,331.40070084406955,332.0127972451502,324.84263948171986,327.2035522460937,1959876
2018-08-08,326.06684179355784,326.635201837754,307.35450996615344,310.4586486816406,3204942
2018-08-09,323.9682450650542,330.22025849250326,311.90142231955554,313.2567443847656,6705274
2018-08-10,313.2567449710145,314.0874434543567,300.2280678234899,302.6326904296875,1794008
2018-08-13,297.29878883508155,299.87830370625534,290.5221252660466,293.7574462890625,1928534
2018-08-14,295.5062733144706,302.1517545441192,294.4569727598831,299.00390625,1061473
2018-08-16,296.0308503113274,302.37030900913595,291.83370212325696,294.5443725585937,1267517
2018-08-17,296.7304363304854,300.7964292375756,294.45696960974874,298.4355163574219,1491817
2018-08-20,301.6708367696695,304.0317496444041,298.5229618316304,302.2391967773437,867354
2018-08-21,302.5015446327272,303.37595288235514,297.29880487351187,298.3918151855469,844829
2018-08-23,298.9601434565505,299.4847936875656,290.8281582726845,292.1397705078125,1087781
2018-08-24,292.9267259791479,295.156456055211,285.23194504526487,286.6747131347656,1291785
2018-08-27,288.5547180175781,292.096060701138,285.93149330832745,288.5547180175781,1315670
2018-08-28,291.17789466105944,291.17789466105944,281.77800767125046,284.6635437011719,721999
2018-08-29,284.53243353489944,289.95377525063986,283.35197708399227,286.28125,1045446
2018-08-30,286.6309576880705,292.6206583675588,282.2152075620336,291.921142578125,1288821
2018-08-31,292.8393055982699,292.8393055982699,286.4561363085458,290.697021484375,946068
2018-09-03,291.9649284015987,296.5555720138402,285.97522616104254,287.46173095703125,1202419
2018-09-04,287.4179662620248,288.2486379840471,273.55859190750294,275.0888061523437,1088538
2018-09-05,273.6897795588022,275.438596041606,264.33360070187285,270.716796875,1444621
2018-09-06,273.0339575658871,279.37341694892206,268.7930725037203,276.31298828125,1608251
2018-09-07,276.2692709883023,283.2207999038207,273.4711541804736,282.433837890625,1399076
2018-09-10,280.6850505998963,286.54359659787286,278.3678740549613,279.98553466796875,1212492
2018-09-11,279.460890514154,285.4943022852076,277.71207396110526,278.9799499511719,1311754
2018-09-12,278.93624128642244,282.6961862160406,274.6516460519028,281.0785522460937,1191452
2018-09-14,283.6580400646337,285.9315069245458,278.9799504400657,281.82177734375,682772
2018-09-17,279.81062181871573,282.5212925545486,275.52602700908074,279.1548156738281,1167670
2018-09-18,273.6898163083516,274.52051492315377,252.04820942773912,254.93374633789065,6636783
2018-09-19,255.32719283935705,259.0871374024468,248.6816852230124,253.05372619628903,4494839
2018-09-21,256.2016182261219,256.3327741271572,215.10443031954264,238.45114135742188,2913381
2018-09-24,239.5878470242742,240.2873629110008,221.13782865003927,224.0233917236328,1467467
2018-09-25,220.35087181409824,222.44944620869683,191.7140025604803,206.62266540527344,5652006
2018-09-26,210.03285550113543,213.04956124516443,205.13617738772328,209.158447265625,2274244
2018-09-27,211.08213722732305,212.30631673065665,197.5288099292847,198.1846160888672,1668328
2018-09-28,199.36505855308832,207.234731917026,193.20047841618853,198.8404083251953,2699222
2018-10-01,196.78559053618045,216.41605419797943,191.97634488733644,215.3230438232422,2658184
2018-10-03,214.0988410105532,229.09493545632196,210.3388832945057,220.3945770263672,2358346
2018-10-04,215.8039583871376,221.9248161263215,211.6067961260721,216.6346435546875,1505354
2018-10-05,215.9788321456704,219.12670710095213,197.87858450882712,200.63296508789065,2694318
2018-10-08,196.74183949475395,202.99385261284547,192.8070027048589,201.4636383056641,2206856
2018-10-09,201.46365905079935,204.6115341438227,195.0804893860536,197.35394287109372,1509050
2018-10-10,197.61624387143624,214.05511992391376,197.61624387143624,211.7379302978516,1829188
2018-10-11,202.86270668857875,209.55192422302676,198.2720635415312,202.07574462890625,1421884
2018-10-12,204.39292110423509,210.1202976047289,202.99386261746648,207.1035919189453,1111021
2018-10-15,207.23476241262333,210.950997603567,203.91200827929728,207.6719665527344,963340
2018-10-16,207.89055726876265,216.1974354771885,205.48593462948145,212.96212768554688,1275725
2018-10-17,215.9788386485513,216.4597658565343,195.8674488148805,197.6599884033203,1792394
2018-10-19,194.3809502957592,200.41436168676717,192.76328974912127,194.9493103027344,1627489
2018-10-22,196.87301322944415,200.93901961967345,189.83403745229785,191.0144805908203,1801497
2018-10-23,187.9540437931557,192.15120590809448,184.8498919507317,186.99220275878903,1288442
2018-10-24,191.18934420799283,191.80144061108376,183.9754766857157,189.3093719482422,1420819
2018-10-25,187.29823049866667,194.2497728987133,185.8991854085598,190.92703247070312,1398789
2018-10-26,190.97073585647388,196.56695605806436,187.12334530858823,194.3809356689453,1346957
2018-10-29,196.7418486522772,215.45417914268515,192.71956552064424,211.08213806152344,2548120
2018-10-30,207.2347393972371,231.1935182775064,207.2347393972371,224.41685485839844,4623688
2018-10-31,224.72290962588067,226.25312399103743,214.798371120614,220.96295166015625,2677138
2018-11-01,220.96296501965375,224.110826755708,216.94069502207157,219.17042541503903,1845822
2018-11-02,220.8755214749533,228.0456528604641,213.5742075087246,217.2467193603516,1774228
2018-11-05,215.62908247855455,227.3461478378485,213.880265956725,222.49317932128903,1346396
2018-11-06,224.9852174524997,235.82790039681035,224.32941130755287,225.55360412597656,2479943
2018-11-07,228.22055844133573,229.79448265320897,226.03453776661027,228.7452087402344,306096
2018-11-09,228.2205473280161,232.3302766703036,198.1409096455024,200.63296508789065,13057900
2018-11-12,200.23947038698336,203.1687430855036,192.80700096213903,194.07489013671875,6313840
2018-11-13,192.71957324388464,197.616264787985,192.36981528033937,194.9055938720703,2841206
2018-11-14,195.8674337421731,202.51294129538945,194.9930255558241,197.74740600585935,2898198
2018-11-15,197.2664968056189,199.3213480863045,193.2442137170776,197.52880859375,1820757
2018-11-16,197.83484244858724,203.29989334495704,195.03673905812772,200.37062072753903,2204361
2018-11-19,203.64967751246965,204.0431719016508,197.6162658822332,200.50181579589844,1231336
2018-11-20,199.4087677001953,205.44217818747575,197.0915782550043,199.4087677001953,2644085
2018-11-21,198.35950519413345,205.31104770468812,198.053456987652,202.38177490234372,1805663
2018-11-22,202.1631754418176,204.61152109779465,197.2227743933008,198.66554260253903,1261794
2018-11-26,199.36505552672165,200.0645847058236,193.33164470958724,195.73626708984372,1330282
2018-11-27,195.867433044826,199.7148237140996,195.1241807521115,198.14089965820312,1190102
2018-11-28,198.315770958315,200.23946621857047,192.7632738724957,193.72512817382807,1713177
2018-11-29,194.55582332322544,197.6162520047144,193.28793410937632,196.1297607421875,1197696
2018-11-30,196.74183357654653,203.0812926584575,195.56137723812347,200.93899536132807,1664145
2018-12-03,201.33248099930145,203.69338038814027,196.91671707546016,200.72039794921875,1234194
2018-12-04,199.7585635784809,202.86271555830797,196.1734977313885,197.17906188964844,1252328
2018-12-05,195.51768231471308,197.35393156174115,191.7140012404805,194.2935028076172,1319887
2018-12-06,193.15678094524608,193.20050402710137,186.68616510299665,189.0033416748047,1333427
2018-12-07,189.70284047788607,192.6321130402027,184.3252358339778,190.6209716796875,1830500
2018-12-10,186.2489361370145,193.72512849550333,186.2489361370145,189.83401489257807,1162195
2018-12-11,186.992200881908,195.692559895316,186.24894856709395,193.55026245117188,1836533
2018-12-12,193.6814055680222,200.76411693252996,193.6814055680222,198.8404083251953,1521010
2018-12-13,199.8897051087234,212.17512873835335,199.8897051087234,209.0272674560547,4383722
2018-12-14,208.10914822088804,210.99469790251683,205.48592366348188,209.98912048339844,1381025
2018-12-17,210.0328400596776,212.13142767606263,206.710086340542,207.45333862304688,962018
2018-12-18,205.57335579007693,213.3555827756684,204.7426573963263,212.74349975585935,1807714
2018-12-19,214.0551405298138,220.61320235154577,212.78725124609448,217.59649658203125,2264284
2018-12-20,218.6020345794152,221.9247881735042,214.40487284700856,215.7602081298828,1615693
2018-12-21,214.5360523340355,218.1648409446478,208.41519507306344,209.33331298828125,1542013
2018-12-24,211.51933675959103,212.17514290499167,206.1417317042698,208.4589080810547,1107636
2018-12-26,207.1035841441797,210.95097482474472,202.64409705962524,209.98912048339844,1022070
2018-12-27,211.51932269057727,216.7657715048197,208.1091362982834,209.1147003173828,1150023
2018-12-28,210.38262277145745,214.14256743821196,209.5519242897037,212.1314392089844,1121138
2018-12-31,213.26816256146347,215.76023136095552,211.1258650604042,212.96212768554688,868633
2019-01-01,213.2244398754553,221.00666733485207,212.17513938628767,219.78250122070312,2285555
2019-01-02,220.569473882428,223.58617957824464,213.79281016552483,214.9732666015625,3143838
2019-01-03,214.9732540071185,218.16483849177777,213.22443766650304,214.66720581054688,1381076
2019-01-04,217.5527530262616,219.69505035125457,213.1369891467395,218.3834381103516,1958372
2019-01-07,221.13783054099397,221.7499269607292,214.31745719021652,215.9351043701172,1357982
2019-01-08,215.97882185463317,226.29682777133127,215.01696751345816,225.46615600585935,2203536
2019-01-09,226.4717118182137,226.8214697427452,218.5583153584004,221.6187438964844,2913472
2019-01-10,222.09967964121563,223.4112919225614,219.4764550785241,220.04481506347656,914568
2019-01-11,221.2252734518136,222.5806088232613,218.95180680664905,221.7499237060547,1032376
2019-01-14,221.4438834539343,225.59732253155005,218.95181467040055,220.65692138671875,883417
2019-01-15,221.3127189199412,222.7117640228821,218.73320407742443,220.6131896972656,596173
2019-01-16,220.7880701907892,226.7340352685337,220.7880701907892,224.76661682128903,1270955
2019-01-17,224.76660900419176,229.3572518881059,223.8484911013368,227.47727966308597,1252757
2019-01-18,226.12195542946276,227.25867536311523,213.35559096121315,215.0606842041016,1914816
2019-01-21,215.41046668042657,218.6020512923305,211.47562975716465,213.0058441162109,1532754
2019-01-22,213.005847503291,219.4764629874713,212.2625951801142,217.2467193603516,1661168
2019-01-23,218.12112090523567,220.26341830793265,215.84766761065504,217.2904357910156,733176
2019-01-24,217.72764465162297,225.5973185546937,216.59091130825288,223.8047790527344,1644817
2019-01-25,225.5973140178223,225.5973140178223,201.98829278339903,208.4589080810547,5812134
2019-01-28,207.05986806974985,207.05986806974985,185.9866247422005,190.9707489013672,5100353
2019-01-29,192.2823469852498,200.67667056820383,191.45166191063893,197.04788208007807,3354162
2019-01-30,198.00973644517435,200.0208779962416,194.68698257937763,198.66554260253903,2463501
2019-01-31,199.452511271577,201.1138814772512,195.86743239523597,197.0915985107422,1244835
2019-02-01,198.49067163467407,201.11389636993408,192.36981391906735,195.8674468994141,1180493
2019-02-04,195.82371919115133,195.82371919115133,186.29267488189996,187.7354431152344,1446292
2019-02-05,190.358659674766,190.75214069050293,185.5931377232632,187.12335205078125,1368416
2019-02-06,187.91033593595915,189.7465986794996,181.1336716974056,188.6973114013672,1757922
2019-02-07,190.62098828125,192.93816468256716,186.72987444582583,191.27679443359372,1623329
2019-02-08,191.2330576384474,191.2330576384474,185.1559237311032,186.4238128662109,1900652
2019-02-11,186.8172966540955,186.94846588256328,178.81646738671486,180.4341278076172,1252062
2019-02-12,179.9969490753447,180.9150670918469,174.88165532026244,177.8983612060547,1676121
2019-02-14,191.5828542073192,209.8579814189189,188.30382324764855,202.2069091796875,2755081
2019-02-15,202.86271018739384,203.43107020224767,184.67501626073155,186.1177978515625,2381306
2019-02-18,186.11777359450628,189.13447893865552,181.3522386687416,182.7512969970703,1558054
2019-02-19,183.6694567151786,191.93261206022308,182.40156741333132,187.6917266845703,3531642
2019-02-20,188.7847270369118,194.99303065944576,188.085211143452,193.55026245117188,2458984
2019-02-21,195.16791099053464,196.52324639275992,191.3642432593469,192.58840942382807,1961072
2019-02-22,192.1074901325616,194.29351076070276,189.047061253164,193.11306762695312,1325538
2019-02-25,193.113059657204,194.5121047960293,189.52798063804383,190.88331604003903,1180012
2019-02-26,188.87215892305016,194.38093289345437,183.62571006407651,193.0693206787109,1814034
2019-02-27,193.2442235276772,198.0534689095877,190.6209987739078,193.11306762695312,1792474
2019-02-28,196.74183250578525,200.58922300449012,191.93258771119935,196.3920745849609,2717778
2019-03-01,195.2553682039108,204.4366549845736,194.11863479115604,200.67669677734372,2306295
2019-03-05,201.11388578085547,209.20216162204204,200.23947758180827,207.3221893310547,2046078
2019-03-06,207.32219098767345,225.81591920833264,207.32219098767345,223.06153869628903,6391707
2019-03-07,222.0122353941921,222.0122353941921,216.59090725316975,218.4271697998047,2515167
2019-03-08,217.72765176275155,222.97410120281785,214.36117470174463,221.48760986328125,2124915
2019-03-11,220.3508770256712,231.71818417382084,220.0448288039489,229.44471740722656,3214565
2019-03-12,236.9646128220339,240.94315930065315,232.5925719950591,235.25950622558597,5653519
2019-03-13,233.33583808527305,236.48371300400197,230.1005170078642,234.6037139892578,1962714
2019-03-14,233.4669819464136,236.83345874590077,231.2809615162037,233.55442810058597,1364801
2019-03-15,234.16651507356352,238.27624445926668,232.24283296405144,233.6418914794922,1345326
2019-03-18,233.4669846622473,235.65300511788635,230.58144833473185,234.8660430908203,1492100
2019-03-19,234.8660537452837,241.0306210359072,234.0353552605291,238.49484252929688,2910075
2019-03-20,238.97575298080744,239.54413966483528,234.64744835470415,235.9590606689453,1293861
2019-03-22,235.30327602314765,239.01951125323416,229.96938012064703,231.36843872070312,1529450
2019-03-25,228.17683272402,228.9200583535252,220.3508685825756,220.96295166015625,1595625
2019-03-26,221.22526286733293,229.7944520989383,221.22526286733293,228.9200439453125,1505255
2019-03-27,230.23165558811056,234.12278253574144,228.43912955168048,230.9311981201172,1732561
2019-03-28,230.7563048419989,248.94401032512383,228.5702844727401,242.51710510253903,2864042
2019-04-01,246.5831133834182,251.829562604342,245.7087051799309,247.71983337402344,1640272
2019-04-02,248.33192302499265,251.34864191876648,241.2929478526136,246.05845642089844,2300513
2019-04-03,246.58310966379184,249.9058501129928,238.27623185596903,239.98133850097656,1685493
2019-04-04,239.93760208056955,246.97660402335364,237.57671597765943,239.98133850097656,1992897
2019-04-05,241.4678351385272,243.04178601400824,236.43998765442765,239.10694885253903,1667069
2019-04-08,240.81202504669147,248.1133392206331,233.86049551818715,235.52186584472656,3052077
2019-04-09,236.96461416991403,239.19434433042636,229.83819291837315,237.3581085205078,2801658
2019-04-10,236.09020414355797,242.64826536976787,236.09020414355797,237.44552612304688,2406904
2019-04-11,238.88834499131687,239.15065679284635,233.11724519426912,235.7841796875,1317137
2019-04-12,236.87719241993528,241.33667988521347,233.24840347601705,240.33111572265625,1406051
2019-04-15,240.33109305195148,242.21106529762247,236.26510036135608,237.62042236328125,1034129
2019-04-16,239.1506284284786,239.5003863506424,233.5544216194012,235.30323791503903,1037571
2019-04-18,236.30881525821465,237.40182550455236,229.6633076235172,231.98048400878903,1618580
2019-04-22,230.66886590898912,230.75631206345983,222.97408464231933,224.154541015625,987674
2019-04-23,226.2968289313095,228.22053762352016,219.65133469177957,221.0941162109375,1914361
2019-04-24,221.22526701249697,225.94706579358635,218.60204250246736,225.11639404296875,1306435
2019-04-25,226.03453208426757,226.209424407778,220.4383246346195,221.66249084472656,1117046
2019-04-26,224.1982533292082,224.1982533292082,216.50347197403204,222.14340209960935,1717524
2019-04-30,223.06153530542505,223.4112932455577,212.48119083628384,220.6131896972656,1841125
2019-05-02,219.47645572223587,226.3842750872864,216.85323115185057,221.0941162109375,1492586
2019-05-03,222.05596062748856,226.2094129368446,219.69506114633836,222.01223754882807,1354459
2019-05-06,219.82622499795409,221.31272967176085,214.53606584878705,215.89138793945312,1185811
2019-05-07,218.1648272560974,218.60203131873487,210.16399824679536,211.0384063720703,1084805
2019-05-08,209.85795251628312,213.1807060996061,207.71565525282796,209.0272674560547,1440094
2019-05-09,209.42076906602503,211.5630665403895,206.79754440131487,208.3277587890625,1041308
2019-05-10,210.16400900095215,215.71649287512489,207.58449422546923,213.04954528808597,2103360
2019-05-13,212.48120063706529,213.26816270986788,197.7037068350732,199.58367919921875,1894224
2019-05-14,200.2394951309102,208.80869890106464,196.1735019859589,203.6934051513672,6333604
2019-05-15,201.02644276414296,208.0217084657909,200.41435968373088,201.41993713378903,2803644
2019-05-16,203.3873430351201,204.5677860438296,198.1846038173229,202.8189697265625,1317989
2019-05-17,202.38177893262304,206.88498925064525,201.5510937958727,206.0542907714844,1151504
2019-05-20,217.68391053083877,224.59174305636748,209.7268042156828,222.44943237304688,1874423
2019-05-21,223.80478923947075,224.2857164461416,213.5304922872596,216.1537170410156,1432219
2019-05-22,218.0774118276736,218.47090621340703,212.30632539331825,216.6346435546875,1089167
2019-05-23,222.97410120281785,235.08466066393527,218.64578308324533,221.48760986328125,3968959
2019-05-24,222.84295089792735,233.86050033561045,221.31273643949424,232.0679473876953,1972803
2019-05-27,233.51070308131835,239.80645290161556,231.1060804906914,236.78973388671875,1704582
2019-05-28,236.964649103262,241.9050506571956,233.5107256472002,240.7245941162109,1607907
2019-05-29,238.7134262633094,242.64826295995732,236.9646099536881,241.1617584228516,1295696
2019-05-30,240.6371366119677,248.94401414253227,239.23807821722448,246.8454132080078,2528780
2019-05-31,248.50682729271125,249.29378935531383,237.9264824726813,241.73016357421875,2165377
2019-06-03,240.02504676816,253.2286156978352,237.92647246124935,251.56724548339844,1999934
2019-06-04,248.41934676581155,255.9392617693998,237.27064348098995,238.9757232666016,6330574
2019-06-06,240.3748128353221,243.4352415861515,232.1990906925708,233.37954711914065,3120836
2019-06-07,234.4288455866039,236.8771778917841,230.14425071012812,233.1172332763672,1518444
2019-06-10,236.090193398272,238.1450578259243,228.78888022843583,230.01304626464844,1140597
2019-06-11,232.15538612033,236.702319610928,227.43358699383,235.82791137695312,1597117
2019-06-12,234.77859430411584,236.4837009143306,231.4995636574103,233.7292938232422,1053470
2019-06-13,231.1060817345464,233.29210228324555,221.40015850376847,227.3898468017578,1716436
2019-06-14,224.89779373328085,233.46698319147444,224.89779373328085,230.97491455078125,1608214
2019-06-17,232.41768232256007,236.96461550808215,223.84849287848357,225.77220153808597,1961624
2019-06-18,226.4717260876442,231.1060789205287,224.28570556556272,225.9033660888672,1717155
2019-06-19,227.30241974689648,229.1386555987065,218.20856656215105,221.1815490722656,1212413
2019-06-20,222.31827893794895,232.41768270545,220.04481234144257,230.97491455078125,1646552
2019-06-21,229.09495484030109,233.3795498037852,227.04009017557075,228.045654296875,1466309
2019-06-24,229.44470802505955,231.93677675029264,223.2801408437963,224.85406494140625,1268623
2019-06-25,224.81034028217968,230.40654709476615,220.96293642391817,229.70703125,1823806
2019-06-26,229.96935515195665,236.9646207079097,228.876344908839,233.99163818359372,2812213
2019-06-27,233.7292920950844,235.2157966511945,227.69588108672028,229.48843383789065,1763656
2019-06-28,231.71816733359756,235.2158000480669,225.6847562381018,227.17123413085935,1236154
2019-07-01,228.2205398982865,230.40656039539653,225.247557359181,226.38427734375,689967
2019-07-02,226.47172140773336,228.04564547717948,223.06153480072,224.5043029785156,473188
2019-07-03,225.59731334455455,228.61403227832267,223.67361799226907,226.2968292236328,579363
2019-07-04,227.56472581688632,231.28096053243584,226.55916176023092,227.47727966308597,944713
2019-07-05,227.4772768146966,230.756307405005,223.41128421967807,224.54800415039065,963339
2019-07-08,224.32939392299704,224.373130340163,208.7649399630313,211.12583923339844,907684
2019-07-09,213.3556054234276,214.2300136423761,207.2347478907883,212.2188720703125,497464
2019-07-10,212.5686400136263,215.27929744420496,208.54635693288324,213.0058441162109,521978
2019-07-11,214.1862978552537,216.1974394957898,211.86912133311264,213.22445678710935,434053
2019-07-12,214.055121911903,214.92953007874704,211.1695722928357,211.82537841796875,367066
2019-07-15,211.91282423275143,213.31186929201888,205.9231229624839,206.7975311279297,460684
2019-07-16,206.9724166416095,209.4207622508108,202.6440987541771,203.4310607910156,612970
2019-07-17,204.04315915626756,206.3166124747133,197.7036996954149,201.90084838867188,668526
2019-07-18,203.29991419206937,204.08687626488083,196.7418524439381,197.8785858154297,517966
2019-07-19,199.36506698071645,200.2394751692284,192.8070055668771,193.85629272460935,397448
2019-07-22,193.24419406211103,194.03115603128276,187.9977453545424,190.5335235595703,527471
2019-07-23,192.36980612048217,197.17905127349425,190.62098970120505,195.34278869628903,576904
2019-07-24,196.52326556268312,196.52326556268312,187.9977846317102,190.0089263916016,399734
2019-07-25,188.21636157935856,193.1567624812953,184.58757295323625,185.9866180419922,515116
2019-07-26,184.7187459819357,189.571714521186,184.7187459819357,186.16151428222656,425862
2019-07-29,185.37454220909345,187.73544172912332,182.48899242131884,183.66944885253903,384049
2019-07-30,184.93732811713213,185.81173628789875,158.61763684009406,161.89666748046875,1627821
2019-07-31,160.89109951428642,165.70034433672433,156.78138387995776,163.16456604003906,1185405
2019-08-01,164.38873814956483,165.26314633121146,160.84738234541402,163.60177612304688,570304
2019-08-02,160.8911113194663,165.70035649477643,158.35533283672152,160.8036651611328,611999
2019-08-05,157.91812241211176,173.176542462131,135.57699077757204,165.7877960205078,4491367
2019-08-06,166.1375701904297,177.2425524767814,166.1375701904297,174.88165283203125,3679831
2019-08-07,175.756040324025,181.4396933693293,171.2965533668993,173.87606811523438,1805296
2019-08-08,174.00722649051215,176.45557204428778,168.4110195182335,170.2472686767578,923164
2019-08-09,170.5096031190008,173.83235702775065,168.97938873203543,171.51516723632812,697162
2019-08-13,172.73934384758232,172.73934384758232,160.89110998205234,161.76551818847656,626124
2019-08-14,161.76550878604468,164.56361221548354,158.2678761636437,160.49761962890625,530185
2019-08-16,160.49763029178663,162.33387953509512,156.16931230248963,160.8036651611328,621418
2019-08-19,161.67806263352082,163.9515291750453,159.22973047176782,160.49761962890625,637612
2019-08-20,160.36646367222744,160.36646367222744,153.0214398942669,157.0,455177
2019-08-21,156.95628178841275,156.95628178841275,149.52381162015922,151.8409881591797,492936
2019-08-22,151.27262211203708,151.31634519153425,145.1954876494287,146.2884979248047,336054
2019-08-23,145.93873196295755,149.52381113413216,141.7852927647872,145.58897399902344,823454
2019-08-26,153.89582901513495,164.38872644798505,148.7805361796569,160.5413360595703,1895004
2019-08-27,163.07713060144505,170.50960036076023,163.07713060144505,168.41102600097656,1641250
2019-08-28,168.76078206772834,174.88163944842316,163.1645749423429,171.64633178710938,955008
2019-08-29,171.38400788001184,171.38400788001184,166.13755865919515,167.2742919921875,390701
2019-08-30,167.1431178952797,177.5048601420113,160.54134682500967,174.794189453125,1556521
2019-09-03,167.01196581167034,167.8863740096372,152.19074952461412,154.37677001953125,3177603
2019-09-04,154.77026272776214,156.9562833877588,143.9276055911433,145.67642211914062,3423238
2019-09-05,146.11361559842828,147.77498584193566,142.96574074057088,145.4578094482422,1813331
2019-09-06,146.5508264148337,148.60567777414246,142.9657472925515,143.70899963378906,1019304
2019-09-09,143.40295009394455,146.63825788489896,143.14062495577835,144.75828552246094,847039
2019-09-11,145.76384765566,149.4363595124412,144.67083738028398,146.2884979248047,1318909
2019-09-12,147.1629007829087,148.99914997318632,144.53967621758915,145.370361328125,801969
2019-09-13,146.4633574234035,146.4633574234035,142.52852095531202,144.4084930419922,631887
2019-09-16,142.52854584484567,145.10804753367813,141.96018581494417,143.4029541015625,553730
2019-09-17,143.88388697430983,144.71457218240323,138.46255823777162,139.38067626953125,592828
2019-09-18,140.56111533208053,141.9164506833913,138.24393898549857,139.11834716796875,628244
2019-09-19,139.51184384700775,139.7741689996866,132.91005865957925,134.17794799804688,600890
2019-09-20,135.1835062347713,142.878287332517,131.59842745873237,135.53326416015625,2453882
2019-09-23,138.3313777339323,139.7304362228805,131.42355813297573,132.91004943847656,1700179
2019-09-24,133.78445558290224,133.78445558290224,128.10080224114495,129.41241455078125,1029960
2019-09-25,128.97520140904513,129.23752652107083,123.29154846559568,124.34083557128906,1128054
2019-09-26,124.1659651043035,126.87663587664328,120.1436820245239,120.97438049316406,1311389
2019-09-27,120.66832673147822,121.49901181948108,115.42187774315308,116.73348999023438,1042382
2019-09-30,116.2962871336262,116.73349122059471,108.6452156116771,109.56334686279295,1057239
2019-10-01,110.26286727944895,113.9791086184427,98.50208023457536,103.35504150390624,1803029
2019-10-03,102.5680828833056,108.99498171597808,101.69367469733096,105.80339050292967,1441999
2019-10-04,106.45920267340112,107.027569360724,103.61737590799204,104.5792236328125,833483
2019-10-07,105.23502845186488,105.40991409943412,102.8304058352318,103.87969970703124,627746
2019-10-09,104.05457869067712,104.92898691496856,100.11974168136582,102.21832275390624,1213538
2019-10-10,101.912272705007,102.87412033721974,98.1085919097945,99.3764877319336,844496
2019-10-11,99.15789531320344,101.30019282327912,97.05931421221185,97.84628295898438,778293
2019-10-14,99.15789194274504,99.28905450794971,96.27234219306312,97.05931091308594,714096
2019-10-15,97.45278308244096,97.84627074230067,94.61095666978508,95.31048583984376,670771
2019-10-16,96.5346575535036,96.88442213491577,94.43607673623526,95.26676177978516,571476
2019-10-17,95.3104958392204,104.44805905624152,95.0918937845433,102.7429656982422,1762822
2019-10-18,103.48620656911572,108.38289103342814,102.65552146820023,107.37732696533205,2024230
2019-10-22,107.3773380877069,113.41074980605713,106.72153188604226,110.4377670288086,1275098
2019-10-23,110.52520473316056,130.024504811101,110.43776524192782,124.95293426513672,6848801
2019-10-24,124.12223567836396,124.12223567836396,105.14758126951897,108.38288879394533,6848111
2019-10-25,108.601495500281,111.39960573601569,105.8471150141243,109.78195190429688,2615312
2019-10-27,110.87496352669868,111.22472147319894,110.00055531803768,110.48147583007812,236617
2019-10-29,111.13728697489005,112.2740136944474,107.7708165546846,110.83124542236328,1504104
2019-10-30,111.04984186184709,115.42188288003004,110.2628731443331,112.623779296875,2187703
2019-10-31,113.27958942605602,117.82650957609476,113.06098736747327,116.29629516601562,2396566
2019-11-01,116.99581471697316,118.9195100044455,114.67862508276426,116.12140655517578,1589292
2019-11-04,116.29628861038772,122.11109770394307,116.12140964186165,118.04510498046876,2408647
2019-11-05,118.4823095262626,118.87579054255416,111.44332094127569,112.5363311767578,1857979
2019-11-06,112.7986523066085,113.58561431131866,111.04983599177736,112.27400207519533,866478
2019-11-07,112.79865656783966,113.6293416802836,110.17543199649457,111.39960479736328,844838
2019-11-08,110.70008224932812,111.83681563391332,107.115009786629,107.98941802978516,1114274
2019-11-11,107.90196714566648,109.21357937189936,105.89082573029415,106.5903549194336,1096810
2019-11-13,107.24617107023644,107.7270915954773,102.69924425767076,103.9671401977539,1432439
2019-11-14,103.61736840660394,103.61736840660394,98.41464245045051,100.11973571777344,1555496
2019-11-15,100.73182378108648,105.36618999282132,100.16346377784046,102.1308822631836,2101034
2019-11-18,102.349486322977,104.92898794138726,102.349486322977,104.01085662841795,1128909
2019-11-19,104.53549822582906,111.92424451142143,102.30575474872116,108.38288879394533,5551346
2019-11-20,108.86381312770705,111.61820009529958,106.02198668059822,107.02755737304688,2529996
2019-11-21,107.90198299751488,107.90198299751488,104.7978309375851,105.4973602294922,1413757
2019-11-22,105.54106630732667,106.10943296745232,103.74853351302896,104.18573760986328,947567
2019-11-25,104.2731899650082,107.02757744926846,104.05458788960986,105.14759826660156,1164361
2019-11-26,105.75967307056692,106.5903648943079,103.96714019635712,105.67223358154295,1596993
2019-11-27,106.02200386281964,106.54664749614707,104.3606267979446,105.4973602294922,1076790
2019-11-28,106.15315945803682,112.7112144501632,105.97827381095811,110.04427337646484,4926208
2019-11-29,110.65636088425724,117.60790343754849,110.175433703577,112.71121215820312,4591513
2019-12-02,113.32330714070532,113.9791132854029,109.73822821272783,110.35031127929688,922148
2019-12-03,110.4814740647453,110.91867816208992,106.24059565474349,107.55220794677734,1125685
2019-12-04,106.32803456902094,110.6126360342322,106.32803456902094,109.73822784423828,1157369
2019-12-05,110.17542678474888,110.87495597249904,107.02755878228272,107.72708129882812,858222
2019-12-06,107.901972457494,108.55777860289466,103.6173709733021,104.22945404052734,891018
2019-12-09,103.87969272344198,106.3717546607215,102.3931948394612,103.39876556396484,782836
2019-12-10,103.92341512565062,104.01085461299972,100.9941489366217,102.17459869384766,710281
2019-12-11,102.26203289740089,103.61736823050124,100.20717503044628,102.8741226196289,760972
2019-12-12,103.3550461172568,104.71038148978194,101.12530921977992,103.0927276611328,698581
2019-12-13,103.7922522362464,105.80339379504758,102.48063991647308,103.26760864257812,2111307
2019-12-16,103.87969158607264,104.05457054876511,101.08158148455944,101.6499481201172,902558
2019-12-17,101.38762430198258,102.26203246904136,95.31049020940608,96.18489837646484,3501794
2019-12-18,96.0974655371487,96.88443427614514,94.52352805915578,96.14118194580078,1723215
2019-12-19,94.9607277003214,95.87885896444146,91.46309495503368,91.85658264160156,2543692
2019-12-20,93.08073967515467,96.09745162607408,92.1626151719044,93.99887084960938,2878201
2019-12-23,93.38680273239608,94.78585458263308,90.9384569910772,91.7691421508789,1715799
2019-12-24,92.55610887849924,93.47424017922866,91.28821962625888,91.5942611694336,1129055
2019-12-26,92.1626285317008,92.33750750875464,90.19521001942104,91.11333465576172,1232499
2019-12-27,91.81285757331582,94.17375695671912,91.46309297212888,91.72541809082033,2484114
2019-12-30,92.1626335366614,92.33751252321215,91.06962319270478,91.46310424804688,909066
2019-12-31,91.28821962909892,91.81286322758692,87.87802623211891,88.2715072631836,2423404
2020-01-01,89.10220407258784,89.4956851257175,87.92175424199317,88.62127685546875,957240
2020-01-02,88.83986640313726,90.67612217764136,88.66498744221487,89.93287658691406,1551597
2020-01-03,89.93287658691406,91.2882118832792,89.32079355248095,89.93287658691406,1142845
2020-01-06,89.18962941711655,89.53939400397361,86.95988601320678,87.57197570800781,1034298
2020-01-07,88.40266914538667,89.36451684702683,85.77944450207427,87.09105682373047,1193942
2020-01-08,86.1292074519453,86.56641155068614,85.0361972050932,85.86688232421875,835779
2020-01-09,87.17849429783587,88.31522761883761,86.43524866696787,86.91617584228516,1302942
2020-01-10,87.44081907634494,88.14034829743773,86.12920679019976,86.34780883789062,1389586
2020-01-13,87.00361434412201,87.22221639021278,85.86688103596806,86.87245178222656,835761
2020-01-14,87.13478055728818,87.13478055728818,86.30408874461122,86.56641387939453,712611
2020-01-15,86.21665025455535,88.18406877458366,85.86688562786479,86.65385437011719,1304110
2020-01-16,86.87245705052327,90.19521102109005,86.6975780715273,89.49568176269531,2907485
2020-01-17,89.49567875019142,90.63241208901805,88.31522900369006,89.23336029052734,1645618
2020-01-20,89.62683940223454,91.37565578081472,87.92174610160089,90.80728912353516,1929587
2020-01-21,90.80728389611068,92.86214168841116,90.06403831224088,91.55052947998048,4372470
2020-01-22,92.2500649911405,92.68726909062458,90.37008602911794,90.8947296142578,1143258
2020-01-23,91.28820902081574,92.46865864803917,90.63240293111332,91.37564849853516,1403729
2020-01-24,92.5123954449898,95.92258228031632,91.0258974184474,93.51795959472656,9565473
2020-01-27,93.73655464304989,95.09188999654005,92.77470697502704,92.9933090209961,2329905
2020-01-28,93.56167417693996,93.6491136596868,90.32636661687354,90.63240814208984,1279250
2020-01-29,91.50681831933076,91.98773882059052,90.32636859834128,90.7635726928711,886814
2020-01-30,90.76356932214132,90.76356932214132,89.18963197180402,89.97660064697266,763983
2020-01-31,90.3700876733978,90.93845434730952,86.95989430113262,90.45752716064452,1406266
2020-02-03,87.22221901490516,87.39709798855822,83.94318822487114,84.81759643554688,950204
2020-02-04,84.94874793028839,85.77943295368772,83.46225016314705,84.0306167602539,1206020
2020-02-05,84.24922604962288,85.16735729883196,82.80645123138216,83.41854095458984,981168
2020-02-06,83.94319185789728,87.26594587075458,83.5059877336374,84.5552749633789,2319547
2020-02-07,84.81759141563154,86.04176417236616,83.98690633313564,84.42411041259766,1048475
2020-02-10,84.73015525568204,84.86131781890361,83.11250143249616,83.59342193603516,687587
2020-02-11,84.20550915091847,84.38038811583722,80.88275544782324,81.14508056640625,1627240
2020-02-12,81.58228481480549,81.58228481480549,77.90976650324484,78.39069366455078,1389296
2020-02-13,78.39069088089738,78.60929291532754,76.81675356451834,77.0790786743164,1053226
2020-02-14,77.12279412485525,77.8660463696912,74.0623656806752,74.28096771240234,1243178
2020-02-17,74.28096981635473,74.28096981635473,71.26426436155604,71.65774536132812,1182349
2020-02-18,71.52660015436626,71.52660015436626,68.0726834368599,70.1712646484375,1379257
2020-02-19,70.60845798882924,73.23168243423466,70.25869339520091,72.70703887939453,968882
2020-02-20,72.75075828127697,73.88749158959897,72.13867522061437,72.92564392089844,700192
2020-02-24,72.22611595903776,72.35727852323025,69.34057290282838,70.25869750976562,682348
2020-02-25,70.87079192431274,71.26427297162476,68.72848769115404,69.99638366699219,903519
2020-02-26,69.90893757593369,69.90893757593369,67.85407950336584,68.33500671386719,867471
2020-02-27,68.59731805260019,68.59731805260019,65.4494499847265,66.14897918701172,1198140
2020-02-28,62.12670667642287,65.84294161004354,62.12670667642287,64.74993133544922,1648817
2020-03-02,66.45502506678275,66.71735020263375,59.89696338256076,62.03926086425781,948344
2020-03-03,62.86995113642836,63.613196774814014,60.55276806399822,61.07741165161133,1079228
2020-03-04,61.38345663307547,65.27457735790608,61.12113816015111,62.126708984375,3367184
2020-03-05,62.432741490518914,64.09411826309216,61.55833336508085,62.91366195678711,2435154
2020-03-06,60.29044293458909,62.60762600701922,59.63463678227142,61.07741165161133,1501209
2020-03-09,60.59649577187141,60.59649577187141,56.04956876571909,57.186302185058594,1433954
2020-03-11,56.31189319753427,58.93511797377463,54.650516171674255,54.91283798217773,1601624
2020-03-12,51.45892249327871,51.590085060725,46.82455958714767,47.48036575317383,1939144
2020-03-13,40.70369845796532,49.753824754592856,38.47395835668689,49.09801864624024,2386518
2020-03-16,47.56780736705839,48.1798904379692,45.46922635489894,46.256195068359375,1155514
2020-03-17,46.25619436975688,47.74268561735004,44.59481748225537,45.11946105957031,1159829
2020-03-18,45.64411103570134,46.78084108657227,42.40879986352813,42.802284240722656,1504184
2020-03-19,41.7092686456264,45.03201888664687,39.43580549658963,43.23948287963867,1634736
2020-03-20,43.72040788722125,47.21804051819895,43.06460176891293,45.81898880004883,1322471
2020-03-23,41.09718722382307,44.02645348957788,39.348370746213575,39.69813537597656,1140888
2020-03-24,40.26649505489971,41.5343875525724,37.59955083706554,37.77443313598633,1313486
2020-03-25,37.59955152807504,39.17348557608327,36.331659007100846,38.12419509887695,1031019
2020-03-26,39.17348746357681,42.80228289921059,37.730715906553336,39.65441131591797,1519935
2020-03-27,41.88415387627097,43.58924718810122,38.736282372794456,39.56697082519531,1902215
2020-03-30,40.13533955176168,40.13533955176168,36.81258557115361,37.20606994628906,1620382
2020-03-31,37.68699264526367,38.036757264697336,36.76886468875357,37.68699264526367,1531343
2020-04-01,37.77443823797348,40.57254539182389,37.337234099421934,38.43024444580078,1561733
2020-04-03,39.348370932653474,39.43581042270717,38.03675856823169,39.17348861694336,1019779
2020-04-07,40.48509272326143,40.65997500329925,39.21720036248975,39.96044921875,928321
2020-04-08,40.22277915412611,42.23391744471186,39.65441246227236,40.00417709350586,1663227
2020-04-09,41.097181621350735,41.62182515887176,39.96045173298702,41.53438568115234,1309647
2020-04-13,41.97158973140044,42.23391150010124,39.87300891058951,40.13533401489258,1200177
2020-04-15,40.6599842902691,41.53439255457596,39.6106937059803,40.09161758422852,1374470
2020-04-16,40.57253807459466,40.57253807459466,39.87300891058951,40.13533401489258,952251
2020-04-17,41.09718285214924,41.53438692504445,40.04789241008028,40.52881622314453,2059907
2020-04-20,41.27206726401517,48.57337432138581,40.65998086346614,47.08687973022461,10991201
2020-04-21,46.34363883440008,47.52408867801629,43.720413994717056,44.33250045776367,4487902
2020-04-22,41.97159574122372,44.50738098483041,41.97159574122372,42.802284240722656,2716210
2020-04-23,43.15203997048,45.03201878810796,43.0208807520702,43.80784606933594,2060045
2020-04-24,43.6329666011276,43.85156863152282,42.05902931380017,42.36507415771485,1596261
2020-04-27,42.321357911013855,43.58924712344753,42.27763483284507,42.62739944458008,1072891
2020-04-28,42.80228308429077,45.556666979029,42.4087987177274,44.944583892822266,4306135
2020-04-29,45.73154745683942,45.81899027679359,44.68225696660703,45.11946105957031,2255290
2020-04-30,45.99386941029526,47.480363998817126,45.29434352616806,45.38178634643555,3910999
2020-05-04,44.50737690761106,44.50737690761106,40.96602117287865,41.14090347290039,3396907
2020-05-05,41.84043101150773,42.102756139837744,40.44137922655967,40.70370101928711,1734738
2020-05-06,41.097183028105775,41.22834558477685,39.47952928570852,40.791141510009766,1327688
2020-05-07,40.61626268473704,41.70927296508194,40.397660628668056,41.053466796875,910562
2020-05-08,41.44695336651495,41.66555543419572,39.960458639165154,40.65998458862305,1069166
2020-05-11,41.05346311198019,41.403224368934936,39.87301011380172,40.52881622314453,841075
2020-05-12,40.22277636768922,41.359506337046895,38.99860357877942,40.92230224609375,1213750
2020-05-13,42.67111918714632,43.63297020161632,41.70927150827886,42.62739944458008,2336413
2020-05-14,42.36507846488412,42.67112000431113,41.0097464057604,41.57810974121094,1133278
2020-05-15,41.18462290557887,41.92787184120458,41.09718342402404,41.40322494506836,637814
2020-05-18,41.403225646068414,41.403225646068414,38.911163687935975,39.479530334472656,1255364
2020-05-19,39.7855740355494,40.135338658015066,38.64884401593994,39.0860481262207,900759
2020-05-20,38.91116549173991,39.610691395257405,38.60512395132682,39.34836959838867,625816
2020-05-21,39.47952884439011,41.009743088969536,39.1297642542453,39.392086029052734,1337973
2020-05-22,38.95488773164797,40.22278038930085,38.21164203695638,38.69256591796875,1111717
2020-05-26,38.95488287531701,39.260927732791885,38.43023931336353,38.60512161254883,559021
2020-05-27,38.561403185106165,38.91116782564523,38.21164188016992,38.38652420043945,2656880
2020-05-28,38.91116090366286,39.21720240799011,37.9930330550789,38.16791534423828,2220189
2020-05-29,38.0367575945173,38.43024196089146,37.77443579546875,38.2553596496582,1272593
2020-06-01,38.51768365823094,41.88415750187649,38.51768365823094,40.65998458862305,6928401
2020-06-02,40.65997895333869,41.31578506548932,40.222774878571606,40.791141510009766,2510752
2020-06-03,41.35950357360269,45.38178294298364,41.315783834549016,43.195762634277344,9921754
2020-06-04,43.50180753014445,45.469225961156006,43.195765997339215,44.02645111083984,5476792
2020-06-05,44.24505403265568,48.04873174243623,44.24505403265568,47.1306037902832,9367569
2020-06-08,48.9668590067212,49.22918079856527,46.38735415978234,46.82455825805664,6251427
2020-06-09,46.99944341750372,47.91757141249254,45.51294872601561,45.90643310546875,3625077
2020-06-10,45.51294553366835,49.14174084933633,45.51294553366835,48.44221496582031,7329722
2020-06-11,49.36034357398807,50.58451305304485,47.39292512331576,47.96128845214844,7960940
2020-06-12,45.3817872349659,48.0050118535049,44.59481851516316,47.69896697998047,3517754
2020-06-15,47.13060494480965,50.19103375069073,46.12503414577908,49.18546295166016,5424912
2020-06-16,50.49707635719422,50.97800022680885,46.08131536883718,47.56781005859375,5989834
2020-06-17,47.56781005859375,48.70454011466545,46.51851949314189,47.56781005859375,3439848
2020-06-18,47.4803644499673,49.53522571514387,47.30548214337317,48.48593521118164,3535882
2020-06-19,48.87942090701805,49.75382912835574,48.52965628424192,49.14174270629883,3830622
2020-06-22,49.66638443318736,57.40489890176234,49.66638443318736,56.268165588378906,16745153
2020-06-23,58.58534637231403,63.78807222495552,58.06070281366859,60.29043960571289,29750943
2020-06-24,61.20856964398419,62.520181850641,56.83652895512818,57.098854064941406,8765055
2020-06-25,55.96212469362745,56.92397237755815,53.8635436833754,55.74352264404297,3838855
2020-06-26,56.74909478531545,60.33416715137339,56.39933016324034,58.10442352294922,5590448
2020-06-29,57.44861631044197,57.62350195389239,55.61236041704616,56.3118896484375,2133375
2020-06-30,57.1862995569367,57.84210572921532,48.96686086347026,54.21331024169922,3349105
2020-07-01,54.43191133796489,58.148146248589,52.90169696300202,57.49234008789063,4415078
2020-07-02,58.27931367247887,59.32860094857097,57.098863819073806,57.53606796264648,3466755
2020-07-03,57.66721649298673,58.14814365788733,56.00584629686819,56.44305038452149,1779928
2020-07-06,57.05513447958212,57.27373652739661,56.18072628832415,56.5742073059082,1937479
2020-07-07,56.5742112632617,57.49234259678767,55.39376145673226,56.8365364074707,2912217
2020-07-08,56.88025898607233,60.33416888414634,56.66165692489788,57.66722106933594,8095037
2020-07-09,58.14814201385784,58.978827088431046,56.224446751054224,56.92396926879883,3829837
2020-07-10,56.79280795562279,57.23001204048888,55.35003647692618,55.87468338012695,2594681
2020-07-13,55.87468467485318,56.4867677393669,54.65051187462066,54.86911392211914,1936594
2020-07-14,54.30074922933356,54.56307436430637,52.63937560958739,53.33890151977539,2331496
2020-07-15,54.12587007570045,54.8253959835907,52.85797749137287,53.032859802246094,1911499
2020-07-16,52.9891352141312,53.25146034077349,51.1528793412504,52.11472702026367,2008339
2020-07-17,52.63937447913359,54.650512678585,52.15845063468256,53.81982421875,1691104
2020-07-20,53.90726372535023,55.08771339237444,53.51377939114136,53.86354064941406,1457400
2020-07-21,54.65051519725969,55.26260163458954,53.8198266991408,53.99470901489258,1885754
2020-07-22,54.1258712694187,54.519352308058174,52.94541814669213,53.42634201049805,1457700
2020-07-23,53.03285487797934,53.95098275530941,52.901692323102615,53.51377868652344,1154815
2020-07-24,53.25146254105391,53.25146254105391,51.677525058577295,52.55193328857422,1421503
2020-07-27,52.33332639712044,52.55192843442771,49.88498424639944,50.23474884033203,1861147
2020-07-28,49.884990321229566,51.59008708698786,49.884990321229566,50.97800064086914,1623548
2020-07-29,50.75939579055215,53.2077381050248,50.75939579055215,51.89612579345703,2181248
2020-07-30,52.202173533106574,52.81425997922529,50.80311832260625,50.97800064086914,996472
2020-07-31,50.97799880906835,51.41520292121405,50.27847289675576,51.109161376953125,1158367
2020-08-03,51.0654448115223,51.4152061216488,49.88499163388781,50.80311965942383,993849
2020-08-04,50.97799632277229,51.19659836818349,50.58451197391162,50.93427658081055,788079
2020-08-05,51.0654448115223,51.98357283705832,50.58451758974369,50.80311965942383,1107897
2020-08-06,51.06544163285909,52.20217165731738,50.62823752071338,51.109161376953125,1205324
2020-08-07,51.06543949139384,51.93984767901632,50.40963335067698,51.50264358520508,1382949
2020-08-10,52.464494130628886,53.16402005191673,51.633805639773385,52.28961181640625,1337328
2020-08-11,52.46449484037006,56.83653607706757,52.24589277853518,56.22445297241211,5437403
2020-08-12,58.14814348629013,58.14814348629013,55.78724075280898,56.18072509765625,8038241
2020-08-13,56.26816655355962,57.23001424304167,54.03842630204934,55.481201171875,2188574
2020-08-14,56.53049045645641,56.96769454866225,52.72681285290408,54.30074691772461,5188429
2020-08-17,55.08771913133049,55.962127371510334,54.25703063603908,55.39376068115234,1969081
2020-08-18,55.43748558162584,55.699807395171135,54.73795629803463,55.2188835144043,1091541
2020-08-19,55.262596190646185,57.09885532174504,55.262596190646185,56.0932846069336,2559397
2020-08-20,55.4374816082798,56.53049186604871,55.21887955672602,55.7872428894043,1319397
2020-08-21,56.13700302588004,57.40489890176234,56.00584713458623,56.268165588378906,2389031
2020-08-24,56.74909166940255,59.022551581254326,56.61792910942545,57.579776763916016,4599465
2020-08-25,57.57977840857775,58.93511378171232,56.48676816289022,57.142574310302734,3258068
2020-08-26,57.62350047156402,58.01698148459637,56.923971258167626,57.05513381958008,1625743
2020-08-27,57.27374280802056,58.27931367247887,57.05514073623422,57.53606796264648,2395058
2020-08-28,57.92954293275243,61.383452635355255,57.7109408839496,60.15928649902344,11976449
2020-08-31,62.82622941006669,62.82622941006669,56.26816774573394,56.70537185668945,5332737
2020-09-01,56.836533417572845,57.44861649358771,55.262599313129805,56.6179313659668,1368172
2020-09-02,56.57420627385351,57.0114103615068,55.78724091743908,56.44305038452149,812110
2020-09-03,56.83653141970163,57.23001243027912,56.00584632128027,56.48676681518555,617815
2020-09-04,54.47562991014426,55.874685024244535,54.47562991014426,55.43748092651367,838001
2020-09-07,54.82539616255118,55.61236156064553,53.90726819697312,54.16958999633789,802062
2020-09-08,54.1258699230837,54.73795300601016,53.3389011941745,53.60122299194336,747645
2020-09-09,52.85797799715678,53.12029979817538,51.24032077560383,52.24589157104492,954103
2020-09-10,52.814255304352905,54.38818935819601,52.551930182376985,53.688663482666016,1143460
2020-09-11,53.8198223946099,54.3881890414443,53.38261830799958,53.950984954833984,527979
2020-09-14,54.4319129511956,56.35560841110909,54.21331089115064,55.39376068115234,2311904
2020-09-15,55.52491722683338,56.31188589184834,54.65050908152892,54.95655059814453,580529
2020-09-16,54.86911306289456,55.43747971173127,53.86354232590729,54.25702667236328,538527
2020-09-17,54.12586663525824,54.91283198076133,53.90726459446254,54.47562789916992,447057
2020-09-18,54.5193490612769,55.04399597422318,52.50821090065576,52.90169525146485,863909
2020-09-21,52.90170086259434,53.25146550832371,50.10359370356795,50.80311965942383,1127519
2020-09-22,50.58451393521566,50.7593962454458,48.31105390903169,49.4040641784668,953563
2020-09-23,50.67195709279935,50.67195709279935,48.748258338767805,49.97243118286133,657707
2020-09-24,48.52965409788367,49.098020750388166,47.69896565791651,47.87384796142578,719019
2020-09-25,46.51851612813741,49.62266451903589,46.43107330824016,48.17988967895508,1825063
2020-09-28,48.57337348369542,50.671954439213785,48.57337348369542,50.365909576416016,752826
2020-09-29,50.8905584786233,50.97799796536422,49.27290128909541,49.666385650634766,446572
2020-09-30,49.31662220082503,49.66638346802089,48.96685759802672,49.22917938232422,334297
2020-10-01,49.753825831626266,50.62823399502496,49.66638301392494,50.01614761352539,419375
2020-10-05,51.10916187779198,51.67752522778942,50.453355703146926,51.15288162231445,826094
2020-10-06,51.50264323312068,51.59008271704416,50.32219018653868,50.93427658081055,382234
2020-10-07,51.50264406442774,51.50264406442774,50.234751513457134,50.71567535400391,430521
2020-10-08,51.41520060243161,51.45892034455392,50.3221903713612,51.24031829833984,949121
2020-10-09,50.80311457634781,53.77610376077818,50.58451252853977,52.63937377929688,2121319
2020-10-12,52.68309737257816,53.86354718278486,51.3277652442216,51.80868911743164,995982
2020-10-13,51.32776124895563,51.63380278019405,50.49707280410526,50.67195510864258,509478
2020-10-14,50.67195510864258,51.0217163821147,49.71010410148858,50.67195510864258,702253
2020-10-15,50.71567753001715,51.54636601875004,49.14174337724061,49.49150466918945,620085
2020-10-16,50.19102960413312,50.5407908659765,49.44778066846142,50.27846908569336,596993
2020-10-19,50.628235759170906,52.81425624383973,50.628235759170906,52.11472702026367,1230282
2020-10-20,52.11472601299673,52.24588857378278,51.41520013854356,52.027286529541016,554796
2020-10-21,52.33333040726469,53.07657939242376,52.1147283532066,52.77053451538086,1034664
2020-10-22,53.07657696859778,55.48119945342583,52.683092622141785,54.25702667236328,3515396
2020-10-23,54.78167557217352,55.00027762420039,53.20773812909801,53.55750274658203,978991
2020-10-26,54.21330889059176,54.21330889059176,52.46449247476622,52.72681427001953,565010
2020-10-27,52.68309618950651,52.726815934161486,51.590085895118406,52.28961181640625,480872
2020-10-28,52.464495308791534,52.464495308791534,51.59008705364501,51.80868911743164,434759
2020-10-29,51.02171122665488,51.63379756288632,50.23474593915919,50.84683227539063,564113
2020-10-30,51.41520022247479,51.93984713087296,50.1473076966823,50.62823486328125,552108
2020-11-02,50.7593967529955,52.3770539692962,50.3221926408498,51.109161376953125,954852
2020-11-03,51.24031995823654,52.63937510068965,50.89055867432523,51.63380432128906,818243
2020-11-04,52.33333004408704,52.33333004408704,50.715676189524295,51.327762603759766,539912
2020-11-05,52.02728769427094,53.25146050367128,51.59008359599975,52.377052307128906,996251
2020-11-06,52.81425557965331,53.64494068489883,52.42077123024084,52.59565353393555,1058828
2020-11-09,53.25146253202104,53.60122382259887,52.59565635963458,53.38262176513672,915587
2020-11-10,53.77610419778263,55.96212469362745,53.20773753462195,55.74352264404297,2995427
2020-11-11,56.18072364838505,56.83652976101211,52.02728493508032,54.69422912597656,2125622
2020-11-12,54.86911590651153,54.86911590651153,53.68866614156868,54.16958999633789,1229303
2020-11-13,54.344472155889086,55.08771780794571,53.38262111343639,54.73795318603516,712600
2020-11-14,55.087716796875,55.087716796875,54.03842628600449,54.6505126953125,221959
2020-11-17,55.00027734298261,57.01141220862368,54.4319106763778,56.3118896484375,2538451
2020-11-18,56.31189097537379,57.88582177628474,55.52492223931566,56.96769714355469,2539183
2020-11-19,56.3993274143764,57.01141046977136,54.73795054389795,55.08771514892578,1297903
2020-11-20,55.08771514892578,55.8309607651068,54.2133069719587,55.08771514892578,1073247
2020-11-23,55.26260029189784,57.011413400117256,55.13143772437012,56.70537185668945,1510681
2020-11-24,56.79281151807343,57.53606384593179,56.44305356520516,57.01141357421875,1208487
2020-11-25,57.31746013489588,59.67835960461851,56.48676834280448,57.44861602783203,5615085
2020-11-26,57.44861767885203,58.84767617495989,57.27373870244121,58.67279052734375,1687260
2020-11-27,58.5853474219432,60.15928479728334,58.14814333670482,58.97882843017578,3555115
2020-12-01,59.94068841367325,61.03369872996046,59.02255707950977,60.46533203125,3530904
2020-12-02,60.68392484401342,61.38344733708059,58.45418147020135,59.54719161987305,2842503
2020-12-03,59.98440019628458,64.70620573263693,59.765798149890536,63.74435806274414,11758628
2020-12-04,65.23084747088205,65.66805155134536,62.21414198416728,63.91923522949219,7093724
2020-12-07,65.01225080433012,65.40573851199427,63.83180102374845,64.83737182617188,3658260
2020-12-08,64.96854242918097,77.38513820756145,64.22529000208688,74.49958801269531,21279579
2020-12-09,79.26509881905676,82.19436473880516,76.11723086542857,78.21580505371094,21249164
2020-12-10,78.17209450842901,78.17209450842901,73.5377283743631,75.24282836914062,6935511
2020-12-11,75.0242243592553,77.34140069455879,74.10609310364846,75.15538024902344,5050680
2020-12-14,75.1553782622485,85.47339716089469,75.11166185721645,83.85574340820312,14205688
2020-12-15,83.06878164623804,83.06878164623804,78.69674050696234,81.01392364501953,8949985
2020-12-16,81.31996218660755,82.10693089684801,80.2706750204237,80.79531860351562,3543599
2020-12-17,81.05763803974469,82.98134009595323,78.69673855167648,79.22138214111328,3127394
2020-12-18,79.70230959267639,79.96462805267987,75.63631008617287,76.42327880859375,2799891
2020-12-21,75.63631654188119,76.2046832605411,65.75550026734966,68.5098876953125,4851186
2020-12-22,68.64104562590926,73.45029086084557,64.74993169521564,72.09495544433594,7718793
2020-12-23,72.31354688615738,75.19909627205519,70.82705579112175,74.63072967529297,3879431
2020-12-24,75.19910167413109,76.90419491570212,75.1116621924719,75.54886627197266,2513484
2020-12-28,75.54888230170889,79.0465156798324,74.8056365430989,77.34141540527344,3941840
2020-12-29,77.07908066680808,78.69673442916665,76.51071402835646,77.21024322509766,2878635
2020-12-30,77.29769071018032,77.90977381729944,75.41771163659227,76.11724090576172,2534807
2020-12-31,76.07351620734505,76.7293223815463,73.97493511565997,74.93678283691406,1731224
2021-01-01,75.41770385271909,78.52185549137091,75.19910181256628,77.25395965576172,3303238
2021-01-04,78.25952672292291,78.47812875287522,76.24838537887996,77.55999755859375,2096958
2021-01-05,76.94792740568015,77.38513153866695,76.0735191397065,76.81676483154297,1750652
2021-01-06,77.29768335464028,78.5655725292531,76.07351058568709,76.72931671142578,2423058
2021-01-07,77.47256499585593,77.95349217315913,75.33026757958925,76.37955474853516,2508054
2021-01-08,76.94792609665541,78.25953847330295,75.8986388638196,76.16095733642578,2319766
2021-01-11,76.72931595238376,77.29768258997571,75.02422271081271,75.54886627197266,1643940
2021-01-12,75.81118035250235,81.75715815988484,74.63073074004971,80.22694396972656,8867303
2021-01-13,80.3581161362837,81.27624075752296,77.035362257271,78.69673919677734,6884124
2021-01-14,79.09021840679495,86.39153215701013,78.17209380665409,83.59342193603516,18222956
2021-01-15,83.5059912967587,84.0306349340155,78.95907087892536,80.31439971923828,5958308
2021-01-18,80.79532160235186,82.54413805837157,77.82233229287728,79.35254669189453,5487468
2021-01-19,79.83346878313449,85.42967574774532,79.83346878313449,83.41854095458984,6146170
2021-01-20,84.38039565086365,85.16736440568275,82.67530224142683,83.94319152832031,5369989
2021-01-21,84.73015681839146,84.8175963050835,75.37398497582923,78.08465576171875,6278566
2021-01-22,79.39626413093363,82.01948862859172,77.3851226809138,79.48370361328125,11051683
2021-01-25,80.44556138323468,81.66973430374243,77.69117397989365,78.52186584472656,5911804
2021-01-27,78.6530140740275,78.87161612167205,76.51071667559292,76.9041976928711,2996986
2021-01-28,76.51071026097536,79.57113867141437,75.723741621193,78.60929107666016,4588470
2021-01-29,79.57115935230966,80.62044669726421,76.07352597418617,77.34141540527344,3170018
2021-02-01,77.64744709514862,83.50597908498501,76.51071382132135,82.80644989013672,7024796
2021-02-02,83.68085534175096,91.72541413751594,82.5004057009259,88.70870208740234,13241812
2021-02-03,89.05848030769143,91.59426560620948,85.95433497483444,89.14591979980469,7843524
2021-02-04,89.18964458264801,105.67223933059232,88.00919473858941,103.8359832763672,36202667
2021-02-05,104.62294506759076,119.79392638085172,104.14201787714173,111.70565032958984,36199779
2021-02-08,113.23586340312777,117.60790446116356,108.6889433712526,112.75493621826172,11195024
2021-02-09,113.32330608230228,113.67306401924364,108.60149387913384,110.21915435791016,4863806
2021-02-10,110.78751934961431,110.874965509008,106.10943668388052,107.24617004394533,3479132
2021-02-11,106.67780011429906,109.82566829162752,105.84711499500582,108.16429138183594,2161879
2021-02-12,108.42661915251014,112.23030024200192,106.67780271456644,107.77081298828124,4012392
2021-02-15,109.03869402707716,112.18656871531614,107.20243823974091,109.95682525634766,3069337
2021-02-16,111.04983213570156,119.79391340622924,110.394026040412,113.54190063476562,11971941
2021-02-17,113.1484089618035,124.86548614501952,112.79865103972938,124.86548614501952,12933944
2021-02-18,128.5380129126617,137.28209542372713,127.0515215542628,131.07379150390625,18215508
2021-02-19,131.59842584448333,134.44025231620805,119.40043488817756,124.34083557128906,8010972
2021-02-22,122.41715038523957,125.43385606553656,116.60234107890489,118.91951751708984,4849411
2021-02-23,120.23112128646537,128.01334852731637,119.57531517035736,120.58087921142578,6496076
2021-02-24,121.9799346652214,127.48870857664876,120.31856454796346,124.77803802490234,3143234
2021-02-25,126.78919019112288,128.93148763276665,124.64689274947908,124.99665069580078,2737022
2021-02-26,122.11109534771325,123.8162019495689,118.48230678677947,118.9632339477539,3083085
2021-03-01,121.10553305886008,122.023664317319,118.74463363883,120.23112487792967,1528214
2021-03-02,120.9743821480114,123.16040269031436,119.26927545108664,120.53717803955078,2694439
2021-03-03,121.84876921354092,124.51570313827644,120.66831298864524,121.8924789428711,3516763
2021-03-04,121.54273000158962,125.04036251962096,120.66832187208178,122.46086120605467,3048632
2021-03-05,123.2041198287595,123.94737219475786,119.6627770114098,121.63019561767578,1857181
2021-03-08,125.0403866238064,125.8710718384892,121.5427534315321,121.9799575805664,2140952
2021-03-09,122.41713907006624,123.291547206281,117.17069025277767,118.17625427246094,1639639
2021-03-10,121.3678488236689,122.1548107888643,117.60789126709412,117.8702163696289,1502020
2021-03-12,120.01252740780212,120.09997356619276,112.66750374494454,114.98468017578124,1672189
2021-03-15,114.54747362987108,114.98467772769504,109.69450547554337,110.9186782836914,2232222
2021-03-16,111.0498367242196,111.92424488740244,108.42661223467113,108.95125579833984,1811574
2021-03-17,108.42660424252054,109.56333743935129,100.81925645205123,101.69366455078124,2221057
2021-03-18,103.74853153138454,108.1642888223453,101.91227569399469,104.05457305908205,3451622
2021-03-19,101.43134789540396,105.36618466720844,97.93371520935555,104.5354995727539,2984284
2021-03-22,104.49177948681306,107.46476868929814,103.48620872654833,104.7541046142578,1420899
2021-03-23,105.58478397662375,110.4814682760813,105.19130297811203,107.68336486816406,3073845
2021-03-24,107.3773336393768,108.5140603391142,103.44249659239776,103.9671401977539,1512244
2021-03-25,104.8415371648944,104.9289766445239,98.19603664498216,101.51878356933594,2003451
2021-03-26,103.57364452857205,104.75410088888776,102.34947843391184,103.39876556396484,1207407
2021-03-30,104.49178005473992,105.01642364127582,100.29461802004236,100.90670776367188,1380161
2021-03-31,99.6825278122977,105.80338478322828,99.5076488530387,101.51878356933594,2029178
2021-04-01,103.18016915550096,104.57922096235144,102.30576094231871,103.26760864257812,1214824
2021-04-05,103.52993885838453,103.792257332496,98.85185602240462,100.25090789794922,1219864
2021-04-06,101.16903022332512,101.78111999116732,98.45836602632502,99.50765991210938,1244908
2021-04-07,99.59508695906584,102.08714878576215,98.85184138565882,100.86297607421876,1809506
2021-04-08,101.86855440555348,102.08715645363408,98.80812573242528,99.20160675048828,1183845
2021-04-09,99.20160815209422,107.24616763784336,98.80812712847175,103.18016815185548,5620310
2021-04-12,99.63880476530306,99.98856935512552,90.45751930628822,91.55052947998048,4699208
2021-04-13,92.29379755613756,96.01003278373145,92.29379755613756,94.3486557006836,3307412
2021-04-15,95.22304961352528,95.22304961352528,86.30408241108981,90.02031707763672,4538734
2021-04-16,90.85101185201223,94.78584868868184,89.80171802617734,90.23892211914062,4418714
2021-04-19,87.39710171703467,87.39710171703467,83.98691488688036,86.2166519165039,3713126
2021-04-20,87.96546273676464,89.71427911988603,86.87245249731377,88.05290222167969,1679943
2021-04-22,88.05289195618153,88.66498162163761,86.04175735277973,88.35894012451172,2293885
2021-04-23,87.4845436714258,94.39236316128078,87.13477905481416,93.73655700683594,4900053
2021-04-26,93.73655542062193,96.79698408957589,93.3430744030956,95.83513641357422,2643998
2021-04-27,95.31049871444702,99.42021479787218,95.31049871444702,97.93372344970705,2690495
2021-04-28,99.55137899746262,100.20718519200612,98.58953124637328,99.15789794921876,2037803
2021-04-29,100.07601895588932,100.7318251264291,97.27791529673505,97.80255889892578,1948479
2021-04-30,96.18489837646484,98.72068339517628,95.00444868517648,96.18489837646484,1664813
2021-05-03,95.09190269162086,96.66584030120592,93.6054112490618,95.00446319580078,1466131
2021-05-04,95.13561873268814,106.32804014928324,95.13561873268814,99.50765991210938,14628086
2021-05-05,101.7811135780502,102.65552175883894,99.15788903568398,100.16345977783205,4158568
2021-05-06,100.38206047671,101.4313476111015,98.41464209632224,99.5513687133789,2039749
2021-05-07,100.46950427953192,100.9941478692872,98.06488171121556,98.72068786621094,3072678
2021-05-10,100.07601730818702,105.32246658612512,98.54580293545509,103.22389221191406,4363055
2021-05-11,102.13087480932325,109.3010189863456,100.8192625814871,108.2517318725586,7670958
2021-05-12,109.12614262470764,116.07768492939871,108.16428829774492,112.3614501953125,9286077
2021-05-14,113.67306883108276,117.083255559051,108.9075466908772,110.04427337646484,7876471
2021-05-17,112.27400828980832,112.79865855026203,108.42661752118212,109.86939239501952,6308906
2021-05-18,111.92424927591708,112.49260926730726,107.377329317565,108.12057495117188,2962332
2021-05-19,108.77637630963534,111.92424434767268,108.4266117118079,111.09355926513672,4685683
2021-05-20,111.92425472141446,112.09913370093447,109.47590898090134,110.74380493164062,1711781
2021-05-21,110.87497689548556,125.12783508368524,110.87497689548556,122.6794891357422,26133209
2021-05-24,124.99665074143093,127.57615228812368,123.37900356108956,126.70174407958984,8821777
2021-05-25,127.6636000909636,128.3631293352866,123.29155899195798,124.5594482421875,4445185
2021-05-26,125.3901210500811,126.52685429250408,123.77247400799506,124.77803802490234,2567381
2021-05-27,124.77803982667504,125.52129208810192,122.54829638480388,123.16039276123048,2640568
2021-05-28,124.6031732821446,130.2868268002775,123.46643991003585,124.64689636230467,7164639
2021-05-31,125.04037609781238,126.4831443312075,120.79949087221604,122.37342834472656,4307505
2021-06-01,123.29155171170412,123.37899786548483,118.48230678677947,118.9632339477539,2847892
2021-06-02,119.31299385730745,125.91477830497382,118.04510466091295,125.25897216796876,4958252
2021-06-03,125.69616400720348,129.8496024700502,124.20967291003484,128.188232421875,6247450
2021-06-04,128.1882693697844,129.36871263612613,124.29714154069715,125.39015197753906,3813824
2021-06-07,125.8273338006594,127.1826691700679,124.1659635687459,124.82176971435548,2077076
2021-06-08,124.16596384087502,125.4775761349688,120.93065618392582,122.11109924316406,3120462
2021-06-09,123.29155830496336,125.47757884228538,120.01252749898028,121.71762084960938,2511667
2021-06-10,122.85437310103084,125.871079238232,122.3297227543817,125.39015197753906,2241159
2021-06-11,126.35198090127275,126.61430602145288,122.11109592852216,122.8980712890625,1971239
2021-06-14,123.07295500626702,130.6803037307123,119.96880320618816,127.7073211669922,6580138
2021-06-15,128.2319462585289,129.6747276709472,125.30268704375686,125.82732391357422,3009904
2021-06-16,126.26454969794896,129.41242482802772,121.54275034524224,123.37901306152344,3614495
2021-06-17,122.5045853191952,125.6524466066549,120.79947877827736,122.5920181274414,2427253
2021-06-18,123.29155964889192,124.60317198558228,116.60234206873548,122.37342834472656,2660618
2021-06-21,118.91951573459716,130.68030340898517,118.91951573459716,127.18267059326172,8030926
2021-06-22,128.53801346933952,134.83375023609025,127.75105137689984,132.1230926513672,11092125
2021-06-23,133.43469837076495,134.13421426582113,129.41241526213966,130.63658142089844,4189959
2021-06-24,131.773314676002,131.773314676002,127.96964696513436,128.84405517578125,1836246
2021-06-25,128.88777022546327,132.0356452505195,128.36313328289455,129.84962463378906,3036940
2021-06-28,130.81147631378138,135.9704795246996,130.54915117676285,135.1835174560547,5712851
2021-06-29,124.16598053050214,129.41243041207267,123.51017429530584,126.61432647705078,20182494
2021-06-30,127.88219846834234,129.23753383854014,124.9529256792829,126.52686309814452,4690171
2021-07-01,127.48870714405298,127.48870714405298,123.5101475114844,124.12223052978516,2208473
2021-07-02,124.16596324880511,126.26453757238424,123.37900121306548,124.297119140625,2162362
2021-07-05,124.60314743612686,126.08963845635697,124.25338955221672,124.51570129394533,1705913
2021-07-06,125.43386526492972,125.87106940551324,121.6301972473,122.98551940917967,2777199
2021-07-07,122.67946648967984,123.81619975664756,121.10552914637148,121.58645629882812,2305596
2021-07-08,122.4292731191756,124.6915558733668,119.41290513833344,120.34442138671876,2585010
2021-07-09,120.34441568857392,122.25183630898262,119.9895536619074,120.6549301147461,2589032
2021-07-12,122.16311398699128,124.20360448233916,120.07827589116604,120.74365234375,3179019
2021-07-13,122.0300441580364,122.7841293489824,120.34441568857392,120.6549301147461,1517281
2021-07-14,121.27594954075462,121.94132601614696,120.12262760931742,121.49774169921876,1989191
2021-07-15,121.89696326804687,123.0502851842608,121.09851692296282,122.65106201171876,2034974
2021-07-16,123.3164385266824,123.44950840520896,121.80825457586616,122.56233978271484,1540020
2021-07-19,122.5623437539974,127.57485475577658,122.207481708349,123.58259582519533,12124643
2021-07-20,127.3086891714976,127.3086891714976,121.40902362473882,122.2518310546875,9077451
2021-07-22,124.868993588367,125.88923217086624,123.31644837501254,124.24797821044922,2731115
2021-07-23,124.7359197283396,125.17950406089112,122.4292757842238,123.22772216796876,1444500
2021-07-26,125.09077022560054,125.26820123480894,123.49386406848836,123.84873962402344,1715087
2021-07-27,123.84875255987006,125.62308991151797,120.74366219448628,121.76390075683594,1710970
2021-07-28,121.98568273473668,122.87285133644389,119.10238477918836,119.76776123046876,1704709
2021-07-29,120.87672487249624,124.1148849312972,120.30007068244748,123.13900756835938,2171279
2021-07-30,123.76002872933589,125.5343660587887,122.87286006460944,123.31644439697266,1501008
2021-08-02,124.38104219646384,125.09077982487992,123.13901149957518,123.58259582519533,1508012
2021-08-03,123.58260014495896,126.33281493766454,123.58260014495896,125.80052185058594,2317460
2021-08-04,126.19973708119984,127.3086978639872,123.84874563653824,124.33667755126952,3299350
2021-08-05,124.20361412886017,124.51412857903016,119.05803312181202,120.07828521728516,3375060
2021-08-06,121.54211589369008,122.3405623350778,119.32419407081252,119.98957061767578,2589992
2021-08-09,120.8323645156105,121.2759488299388,119.05802725829722,119.41290283203124,1020691
2021-08-10,119.76776374955485,119.9895559046466,114.4447520273524,115.28755950927734,3766128
2021-08-11,115.4206425477542,116.39651990470044,113.02528321944833,113.91244506835938,2219401
2021-08-12,114.00116048948846,117.94905789240124,114.00116048948846,116.17472076416016,2151476
2021-08-13,116.1747281296444,117.50548106019502,114.7552664593284,115.28755950927734,1108560
2021-08-16,115.154488206418,117.32804859200304,114.22295845913338,116.84010314941406,1578701
2021-08-17,116.3965201315646,116.52960354671583,110.8960773999508,111.6501693725586,1674694
2021-08-18,111.7388779678746,113.02527644726474,110.0089019748867,111.16222381591795,1530995
2021-08-20,110.18634835923936,112.58170787834628,106.99254243565676,107.924072265625,2224961
2021-08-23,109.12174249464466,109.12174249464466,102.11310889940678,103.13335418701172,3214544
2021-08-24,103.6656544073497,105.97229152157756,102.11310928469794,104.41974639892578,2361588
2021-08-25,105.57307238001556,110.89608443278944,105.17384918348144,109.47661590576172,3077655
2021-08-26,109.83147696295228,110.62992329955851,108.0127785994394,108.98866271972656,1189141
2021-08-27,109.7427624472645,110.62993112272682,108.2345784064025,109.47661590576172,1388974
2021-08-30,110.6742830629702,113.3801500056008,106.99253201217356,107.79098510742188,3780698
2021-08-31,108.98866608708398,112.8034939470957,108.50072739614453,110.89608001708984,3398518
2021-09-01,110.98479496495015,112.80349337543755,110.62992615698194,112.3599090576172,1631277
2021-09-02,112.67042128118386,113.64631223468764,110.4968607434196,111.33966827392578,1194811
2021-09-03,111.33966448421582,114.8883390494498,110.18634254309094,111.29530334472656,2218270
2021-09-06,112.404255029634,112.404255029634,109.5653183151272,110.09761810302734,1527780
2021-09-07,110.49685716757044,112.1824721740337,108.19021328145514,108.54508209228516,1843182
2021-09-08,108.98866378397948,110.89607767367865,108.54507947328476,109.2991714477539,1033483
2021-09-09,109.47660490856984,111.29529644943968,109.16609725706124,110.80735778808594,1140118
2021-09-13,110.80736450678808,111.56145649719238,109.78711921691894,110.89608001708984,809642
2021-09-14,111.56146101415176,114.57782909789724,111.29530770391077,114.08989715576172,1774143
2021-09-15,114.22295525110938,119.32417461183854,113.24707116189911,118.74752044677734,4222833
2021-09-16,119.63469808397502,124.2036112249004,119.23546136105668,123.4938735961914,5653785
2021-09-17,125.44563149011148,128.01842848808522,118.88058942902738,121.58645629882812,7223477
2021-09-20,118.8805996944574,120.92109030708464,117.99343104002114,118.0821533203125,1374061
2021-09-21,118.43701263829564,119.1467502529152,113.69065503157624,115.1988525390625,2427547
2021-09-22,115.95293269634236,120.56620668440134,115.37627852425442,117.10625457763672,2542358
2021-09-23,118.17085805829106,119.45724985619977,116.70703524293268,117.06189727783205,1665255
2021-09-24,117.06189034095532,117.90469777673717,111.69452454272968,113.82373046875,3482477
2021-09-27,114.53347685649804,115.0657699183086,110.00891137695312,110.89608001708984,2524191
2021-09-28,111.51709102777548,116.66267164819963,111.25094450720415,115.6424331665039,4194893
2021-09-29,115.28756983009788,122.251849538286,113.6463158577611,119.05803680419922,5492241
2021-09-30,119.67903483726036,125.66742269272164,119.05801954485835,124.5141143798828,7663301
2021-10-01,123.76003117398515,126.86512156186294,121.58647060989468,125.80052185058594,5365567
2021-10-04,126.24409505813308,127.70791783990312,126.02230290713042,126.55459594726562,3873394
2021-10-05,127.26431898334182,127.26431898334182,123.40514411952051,124.29231262207033,2736892
2021-10-06,124.558454051601,126.24408235183608,122.87283928848312,123.44949340820312,2173832
2021-10-07,124.2923374471974,125.53436818399324,122.5623476919978,123.93746185302734,1442994
2021-10-08,124.55845673214117,125.9779318010849,123.13899520031497,125.53434753417967,2335403
2021-10-11,126.5545929697514,131.16788043176228,125.35692350478642,129.34918212890625,6786194
2021-10-12,130.45814673740352,143.27773043755008,129.08303268522312,141.76954650878906,21572593
2021-10-13,143.7213063165228,147.2699805465604,140.35006309056348,145.09642028808594,14750933
2021-10-14,145.8948631089189,148.60072985246188,143.18899636537594,145.93922424316406,9467681
2021-10-18,151.61709610580775,155.0770614892283,149.93148131650466,152.10504150390625,9664176
2021-10-19,153.4801610806617,155.03270606269152,139.4185339714302,141.19287109375,8793903
2021-10-20,142.25749113698026,145.89487429291768,136.22474191935697,145.00770568847656,7628484
2021-10-21,146.42718191349545,156.585259799283,145.05206785939245,154.54476928710938,13230489
2021-10-22,156.58525273571277,164.79156201506314,155.96423744361798,161.90826416015625,21514728
2021-10-25,163.46083139102848,172.46558819392237,156.71834392151663,166.5215606689453,17175911
2021-10-26,167.23129597212258,172.9535312435856,164.30363662433786,165.1020965576172,11493493
2021-10-27,166.3441205335623,171.04611704806814,163.5495447234461,168.0740966796875,6746856
2021-10-28,168.1184599828853,168.1184599828853,152.14942420614685,154.6334991455078,7685967
2021-10-29,155.12144599875668,157.73859084479307,138.04344925160058,152.68173217773438,16482557
2021-11-01,143.14466905919264,156.1416845454273,143.14466905919264,152.68173217773438,4963378
2021-11-02,156.3634751320057,156.49654501514266,152.459938472636,153.65760803222656,4879291
2021-11-03,154.81092453573137,155.16578656967636,147.35871352593628,148.3789520263672,6100519
2021-11-04,150.81865585300997,154.76655325467988,150.0645571588977,153.3470916748047,1349133
2021-11-08,154.8109250248544,157.5167920378702,150.8186662133252,156.62962341308594,6121786
2021-11-09,157.42805906165336,163.7713224200408,156.45218176298312,158.8475341796875,6804347
2021-11-10,157.73858592628005,158.35960126302498,154.18991138817304,155.96424865722656,3930692
2021-11-11,155.2545140288312,157.82729770360413,151.21789395665775,152.85916137695312,3438140
2021-11-12,153.79068065985274,154.8996413985678,149.04432328330492,149.8871307373047,2738390
2021-11-15,150.8186653087756,151.35097189530114,146.38282221145866,147.09255981445312,1813159
2021-11-16,147.2700000120917,149.44356055785826,144.51977170545177,145.54002380371094,2124733
2021-11-17,143.72130797062704,148.51201282146738,143.72130797062704,144.43104553222656,2688007
2021-11-18,144.8302718045671,146.11666354808753,141.05980531042064,142.12440490722656,2537581
2021-11-22,142.21312596180806,142.96721113190284,125.97793825403984,127.48612213134766,6753354
2021-11-23,127.70792181836131,134.84963201055464,127.441768521443,133.96246337890625,6571100
2021-11-24,134.89401118052837,141.41469337247696,134.67221899296982,139.10806274414062,5435926
2021-11-25,138.84189911817958,139.1080524309419,135.29322438033472,135.82553100585938,2886451
2021-11-26,134.49475545118608,134.49475545118608,129.12738310181103,131.0347900390625,3409526
2021-11-29,129.43789979834253,130.54686060380166,122.65106508378032,126.8207550048828,3793521
2021-11-30,127.7522981413449,132.0550719310926,125.09079193006689,126.6876983642578,2578728
2021-12-01,127.7966439963534,129.8371345549715,126.15537661424082,127.17562866210938,2776145
2021-12-02,128.5507217190286,128.5507217190286,126.33280027089408,127.48612213134766,1976984
2021-12-03,127.75227897752738,130.19199263855654,126.02230290713042,126.55459594726562,2566811
2021-12-06,127.57485424345602,129.0386770972763,125.3125714844544,128.5950927734375,2924245
2021-12-07,130.41377808146922,130.679931356406,128.0627868166164,129.70404052734375,2070375
2021-12-08,131.25659887327555,137.33370953197448,130.63558352658322,136.35781860351562,4729141
2021-12-09,137.02318929510042,138.04344132027165,134.13989130864394,136.09165954589844,2182532
2021-12-10,135.64807151573956,144.96334167774847,134.71655532923333,142.12440490722656,4112219
2021-12-13,145.49566548745932,147.18128058740507,140.17265333547908,141.14854431152344,2924536
2021-12-14,139.19673441894787,140.30569506134586,136.18036688647223,137.06753540039062,2513614
2021-12-15,138.04344087679613,139.10804049941314,134.2729742912352,134.80526733398438,1585751
2021-12-16,136.40218252802256,137.15628130969196,131.4783937195871,132.45428466796875,2154657
2021-12-17,133.47451760344575,133.47451760344575,125.62308335448952,126.19973754882812,3107628
2021-12-20,126.06668208739916,126.19975198219826,118.39266444213202,121.85263061523438,3192606
2021-12-21,124.0261742479575,125.93358134249593,121.85261386329032,122.8284912109375,1846856
2021-12-22,124.29234275177848,127.30871097679878,121.18725224014926,122.03005981445312,4294571
2021-12-23,123.5825794672202,126.86510033489536,122.96156420097635,125.53434753417967,2467509
2021-12-24,125.97795790038624,126.42154225919042,121.58647545564897,122.03005981445312,2120048
2021-12-27,120.87672221941936,121.8526130980566,118.21521640908352,120.74365234375,2117020
2021-12-28,121.89696954645328,144.87464616579706,121.67517737949314,125.09078216552734,2234026
2021-12-29,126.15537969543834,126.77639504484996,123.18337283142591,123.89309692382812,2275339
2021-12-30,122.82849109622408,124.11488287067316,121.8082526116552,122.34054565429688,1304902
2021-12-31,122.65105662190976,125.22384009822729,122.65105662190976,123.84873962402344,1281459
2022-01-03,123.1390085320629,126.82075293113644,123.1390085320629,126.11101531982422,1776764
2022-01-04,126.86512578549592,129.92585513373595,126.11102696562916,127.53050231933594,2321248
2022-01-05,127.397413525732,130.8130044370746,126.73203709061248,127.97406768798828,3134266
2022-01-06,125.97795121069048,128.15151174598623,125.35693584876591,126.95384216308594,2452008
2022-01-07,127.48614512193232,129.65970582565586,126.95385200065832,127.88536834716795,2435193
2022-01-10,128.3733088279328,132.45429028329667,128.3733088279328,131.7445526123047,3344728
2022-01-11,132.0550568543526,132.14376559566162,128.7281744700856,129.26046752929688,1649118
2022-01-12,130.6799465391803,131.522754060135,128.9943179601514,129.3935546875,1977157
2022-01-13,130.14763790687323,130.41379120860034,128.2845918690219,128.5950927734375,1721817
2022-01-14,128.63945409789633,131.30096004474936,128.01843875105448,129.57098388671875,3713740
2022-01-17,130.4137855909292,131.2122319245976,128.99431040094234,129.30482482910156,1480166
2022-01-18,129.97019020323197,130.28070460491264,123.4494960648781,125.53434753417967,1865733
2022-01-19,125.88922680486849,126.6433255769168,124.02618075052698,125.75615692138672,1998676
2022-01-20,125.80050482806202,127.17561880690302,125.17948954194226,125.88921356201172,1564301
2022-01-21,125.09077982487992,125.6674340333384,122.87285819677922,123.58259582519533,1177358
2022-01-24,123.89308964304016,124.42539621817924,117.10625526416872,119.36853790283205,3048479
2022-01-25,117.99343342241714,120.96545388963416,116.1303737956364,120.07828521728516,3551569
2022-01-27,118.88060063445592,130.32507095232813,118.1708629978711,129.3935546875,6993098
2022-01-28,130.8573578772453,134.71654638881105,129.7483972172687,133.16400146484375,5673629
2022-01-31,135.204504759999,142.56800769348095,134.8940038365939,139.0193328857422,8772066
2022-02-01,140.12827922075678,143.27773049320135,134.58347540910037,135.78115844726562,10273901
2022-02-02,137.28935858001333,152.85917222817557,137.28935858001333,149.1774139404297,13483739
2022-02-03,149.48792253928764,152.54865177703013,146.91513878283624,149.0886993408203,7137949
2022-02-04,149.1774044344222,151.08482517147786,144.2979768152073,149.4435577392578,6560635
2022-02-07,150.06457486476768,158.53703835652698,137.77729692808185,141.0154571533203,20025570
2022-02-08,140.3944275321699,144.69720055226853,136.04730691284576,138.08778381347656,7173035
2022-02-09,140.17264103150978,141.81390838248572,136.26910454421397,138.04344177246094,4416559
2022-02-10,139.01931785874504,140.61622405703733,137.1562719083362,139.99520874023438,2860373
2022-02-11,137.06754074340944,139.7290463889125,134.89398050700544,135.86985778808594,2893723
2022-02-14,133.07529423860896,133.07529423860896,129.12739655028736,132.18812561035156,3306119
2022-02-15,131.30095262265144,137.51113281426333,128.46201581390972,136.446533203125,4059534
2022-02-16,137.1562760746553,139.24111423990357,134.0511858592004,134.9383544921875,2491167
2022-02-17,136.13601820153974,137.20061780816465,134.05118012546566,134.6721954345703,1569528
2022-02-18,133.1640059531447,136.00294263094798,133.1640059531447,134.89398193359375,1406435
2022-02-21,133.2970723551794,134.49475529201973,129.74839821594003,130.54684448242188,1615079
2022-02-22,127.75228915935664,130.2807252971501,126.15538283744074,129.03868103027344,1723580
2022-02-23,129.70405084515994,134.80527046162612,129.70405084515994,132.6760711669922,2357147
2022-02-24,126.1553710329864,129.34918337797072,119.76775988013614,121.23158264160156,3917451
2022-02-25,132.09940320050077,132.09940320050077,123.76002351807315,125.40129089355467,3555253
2022-02-28,125.17949181880198,127.7522752811444,124.20360096777928,126.99817657470705,2470777
2022-03-02,125.93359381592784,127.48613903548308,124.73592419740008,126.42153930664062,1422036
2022-03-03,128.1071375601649,129.0830284131875,126.99817683496568,127.97406768798828,1879593
2022-03-04,126.42151622410452,127.2643236248417,125.4899865550297,126.02229309082033,3220773
2022-03-07,123.3164349200823,123.3164349200823,116.66267044597714,117.50547790527344,4454746
2022-03-08,117.94907067559777,130.23636203519808,117.77163965096746,128.41766357421875,5634046
2022-03-09,128.63945409789633,131.96633653146262,126.64332463775656,129.57098388671875,4050512
2022-03-10,131.5227547781808,136.53525232789772,129.52662527901785,131.96633911132812,2994204
2022-03-11,131.9219874950866,133.38582402243048,130.01458013969005,131.7001953125,1258594
2022-03-14,131.3009578756322,136.44653866196592,130.6355813999111,135.2488555908203,2825636
2022-03-15,135.6480719212533,136.6239627845618,130.19199051061327,131.92196655273438,1709725
2022-03-16,133.1640114094077,135.07141847216394,131.8332585180563,134.1842498779297,1362779
2022-03-17,135.73680943259237,139.285484189,135.73680943259237,138.88626098632812,3476000
2022-03-21,140.17264697854898,140.17264697854898,136.04731816269893,138.1321563720703,1765323
2022-03-22,137.51112327061287,138.30956953927264,134.67218665890115,136.71267700195312,1113478
2022-03-23,138.30957656081983,139.4628984251926,133.96245592255124,134.36167907714844,1556961
2022-03-24,134.8496374446697,135.42629166363133,132.3655624685282,132.94223022460938,1124453
2022-03-25,134.0068124249418,134.7608975715218,131.47837663806607,132.1437530517578,1318128
2022-03-28,132.63172339128434,133.60761439630247,129.30484069752302,132.36557006835938,1436910
2022-03-29,133.69629373426002,134.40603126021932,130.41377290595537,131.38966369628906,1109007
2022-03-30,133.29708919131514,137.42241798438502,131.96633622101916,135.5593719482422,2254515
2022-03-31,137.51112335031067,138.04342988780408,134.27296360239234,136.5352325439453,2316864
2022-04-01,137.6885710809702,142.47928988917815,136.1360259512686,142.03570556640625,2417961
2022-04-04,142.83414475690702,145.85051258537317,142.43492159389217,143.23336791992188,2167051
2022-04-05,144.51977705225414,146.64899007275244,142.65673088857832,144.03184509277344,2800524
2022-04-06,144.1205347761917,149.9314917496522,142.2131277220346,149.39918518066406,2779213
2022-04-07,149.22176774553552,155.6981017508584,147.71358371235286,150.55252075195312,4655161
2022-04-08,151.70583519789793,152.41557280683236,149.4879136306772,150.9517364501953,1979171
2022-04-11,150.95174047318932,154.6334984951691,150.4638085450921,151.88327026367188,2267126
2022-04-12,150.81867920438066,150.81867920438066,145.58438928213548,148.2458953857422,1981666
2022-04-13,148.99995964936852,149.93148936170212,147.49177577741406,148.46766662597656,1212763
2022-04-18,146.3828236082051,146.69333804282766,143.18901113281484,144.96334838867188,1168659
2022-04-19,144.96334193393102,149.0443228555371,140.2169981081239,143.1002960205078,2217309
2022-04-20,143.85439725751016,146.91514005895834,143.1003119954373,146.16104125976562,1491916
2022-04-21,147.1812667379728,148.15715762218795,146.4271815430053,147.26998901367188,830302
2022-04-22,146.38282298540085,147.18126933229186,142.08004974340668,143.366455078125,844071
2022-04-25,143.4995322152739,143.4995322152739,140.6605951818083,141.50340270996094,1332057
2022-04-26,142.8341713818568,144.7859399603959,142.47930929016647,143.7657012939453,951533
2022-04-27,142.83416594400902,145.2738799585806,141.23725951795623,144.7859344482422,880490
2022-04-28,146.1610309278838,146.1610309278838,142.1687721165,143.1890106201172,855322
2022-04-29,144.34232541608313,146.1166625780193,142.96721140815896,145.05206298828125,1280163
2022-05-02,142.0356983127865,143.3220900757064,140.3944309875007,142.74542236328125,705290
2022-05-04,143.67695022565783,144.91899437204933,133.07528829862443,137.599853515625,1259752
2022-05-05,138.4870327853454,140.74930203120894,132.8091452577491,133.91810607910156,1116396
2022-05-06,132.1881211049016,136.71268636964834,129.7040463230234,135.95858764648438,1632215
2022-05-09,135.95859269641014,135.95859269641014,131.43402726360696,133.47451782226562,944807
2022-05-10,133.47451158437713,136.6239627845618,130.7686446789475,131.92196655273438,1352176
2022-05-11,133.07528702390462,134.22860888553544,124.95769993029371,127.97406768798828,1550144
2022-05-12,125.88923372155875,126.68769367767698,121.58647362810449,122.20748901367188,2738548
2022-05-13,125.09077569266044,132.8978622731013,125.09077569266044,129.1273956298828,3117375
2022-05-16,129.0830350477576,137.86599902791207,128.77252061389478,137.20062255859375,2291681
2022-05-17,138.08780260928572,139.06369359320888,135.82553325612574,136.75704956054688,1473358
2022-05-18,137.8659987176791,139.86212812114235,135.33757626223036,136.4021759033203,1277830
2022-05-19,133.34144454502584,136.26910366006155,132.09940037104045,134.80526733398438,964098
2022-05-20,136.62397263794244,140.08392497171792,136.26911059139294,139.5959930419922,1009450
2022-05-23,139.5960006642718,142.56800769348095,137.77730211788165,139.0193328857422,1150435
2022-05-24,140.1282903772221,141.94698887966678,138.84189849792406,141.3259735107422,1144232
2022-05-25,142.03569016052455,144.3423202664785,140.21699192700083,141.54774475097656,2004380
2022-05-26,143.2777382884866,143.89875364175586,136.8014043766915,142.1687774658203,1576237
2022-05-27,144.0761625718491,145.49563762203292,142.25747793126754,144.83026123046875,1767924
2022-05-30,146.91511983026348,149.97584867316104,145.93922899357474,148.6450958251953,1739246
2022-05-31,148.6451040417236,153.48017028250598,145.67308376880445,150.33071899414062,7358370
2022-06-01,149.9314883938898,152.14940981983491,148.3789433957282,150.7299346923828,1286529
2022-06-02,150.81867920438066,152.1937933986681,144.56413715348086,148.2458953857422,1338244
2022-06-03,149.9314884551584,151.5727557258757,144.91899144532132,145.71743774414062,1571472
2022-06-06,145.8504960039922,146.78202563653593,142.08002987850517,145.18511962890625,872574
2022-06-07,145.45130690265214,145.45130690265214,142.96723181396422,144.03184509277344,949417
2022-06-08,144.608493646019,146.95948521375982,143.27774063700656,144.25363159179688,984335
2022-06-09,144.1648900830677,144.78590536369424,142.8784983866731,143.81002807617188,473895
2022-06-10,142.390557245377,145.89487043277728,141.94697295489297,145.05206298828125,1277139
2022-06-13,143.27773635712475,143.27773635712475,139.8621316545066,141.85826110839844,1090427
2022-06-14,142.32063612292475,143.70777688088984,138.806557491327,140.4711151123047,1393163
2022-06-15,140.0087417372983,142.6905558008714,139.68508401097603,141.44212341308594,705773
2022-06-16,142.4131368674979,143.8002778110125,138.5753859013985,139.63885498046875,1096739
2022-06-17,138.71409185550226,139.08399045615943,134.1365296464161,134.7838592529297,1010035
2022-06-20,134.78384611459657,136.12474604968068,129.4664731117909,130.807373046875,1366038
2022-06-21,131.31601117367978,136.77209331759093,130.8536308526457,135.56991577148438,883653
2022-06-22,135.43117536032966,137.88179920528034,133.39670503804706,134.87632751464844,2116527
2022-06-23,135.38494456613444,137.3269474470501,132.61066279952735,136.124755859375,854972
2022-06-24,136.77208390152006,142.0432304869987,136.49466701658042,141.2109375,1342399
2022-06-27,142.59808087745546,143.9389809175956,140.60985124318498,141.39588928222656,692383
2022-06-28,140.65607205715855,142.32062960186707,140.28615940554846,141.5345916748047,543324
2022-06-29,139.6388499439223,140.37866124259176,138.15922734658338,138.7603302001953,416104
2022-06-30,138.25170657100352,140.4711263164815,135.3849431315951,138.57537841796875,658463
2022-07-01,137.1882332770539,139.40765295341484,135.61612905301158,138.29794311523438,746419
2022-07-04,138.99152108181312,140.3786619826082,137.88181118332244,139.36141967773438,433081
2022-07-05,140.56359259803784,142.87549379208454,140.1936940512804,140.70230102539062,1594149
2022-07-06,140.70231545562805,141.8582661712041,138.85279431070634,139.5926055908203,1545814
2022-07-07,140.37865625861093,145.46483935413505,140.1012252676189,144.6787872314453,2390496
2022-07-08,146.01968667456086,149.81121061212113,144.6787866856717,148.23912048339844,1272417
2022-07-11,147.96168160845338,155.96085437612018,146.62078169102188,155.49847412109375,2512313
2022-07-12,155.08233152675606,162.71160557790952,153.97262175964244,161.92556762695312,4471402
2022-07-13,162.0642844092701,166.1794659843931,159.798623911571,160.95457458496094,3280410
2022-07-14,162.11051176366053,162.11051176366053,154.38875626391334,156.97808837890625,2735782
2022-07-15,156.8856253350864,161.04704790748366,156.330777458536,158.78138732910156,1805121
2022-07-18,159.9835678810297,161.46319033809246,158.1802877126083,159.05880737304688,2278437
2022-07-19,159.52119292781222,161.8330942745921,158.18029296882509,160.95457458496094,2014031
2022-07-20,162.29546617908258,163.1277449767365,160.35346350358978,161.92556762695312,2692419
2022-07-21,161.8330918149937,165.94827332757268,160.35346933125203,163.40518188476562,2009270
2022-07-22,163.6826283205511,166.91929046248288,163.26648886730527,164.93106079101562,1710913
2022-07-25,164.93104189000866,165.62461226951126,160.2147576651008,162.619140625,1338648
2022-07-26,162.8503312167026,163.0815213438639,158.318996257906,159.5674285888672,642274
2022-07-27,159.52119387610472,163.45142618899425,158.6426741812511,162.57290649414062,724689
2022-07-28,163.63636372238267,168.3064069573554,162.57289481721688,164.3761749267578,1678148
2022-07-29,165.39342294649484,165.90202993868718,162.20298789670326,163.22023010253906,777662
2022-08-01,162.75785672929774,165.300948240693,160.07605677975317,164.1912384033203,2783330
2022-08-02,153.51025915464845,166.2257173677594,153.51025915464845,163.72886657714844,2367035
2022-08-03,163.68260706383765,165.90202660007415,162.5728972957194,164.56112670898438,1098122
2022-08-04,164.60736554827008,166.13321469698366,158.41147315033976,161.8330841064453,4487273
2022-08-05,161.83310110776796,164.51490113897748,160.21477009669027,161.41696166992188,959765
2022-08-08,161.9255759727537,163.913805486694,160.30724503000778,160.95457458496094,618143
2022-08-10,161.8330841064453,163.9137951878139,160.16851241920543,161.8330841064453,738084
2022-08-11,162.7578428838082,173.7162601086273,162.7578428838082,168.4451141357422,5338588
2022-08-12,167.38165620775914,169.55484910115575,165.1622365763665,168.6763153076172,1345596
2022-08-16,170.01722408335226,170.29464094561075,165.532130000501,167.28916931152344,993932
2022-08-17,167.38165886879128,171.8205123128713,167.38165886879128,169.87850952148438,1846560
2022-08-18,169.23118766036671,171.54308913113675,167.75156507478317,168.81504821777344,859307
2022-08-19,169.23117622862642,169.3236579255007,161.09328077909376,164.42242431640625,1322315
2022-08-22,162.75784458705357,163.7750867600127,159.9835631452288,161.8330841064453,743550
2022-08-23,160.90834221638426,165.16224656294716,160.02982248045163,164.14500427246094,672062
2022-08-24,164.42241840214658,166.5493703572163,163.08151851005653,165.0697479248047,682640
2022-08-25,166.45689063532032,176.53677447950233,166.45689063532032,175.01092529296875,5992476
2022-08-26,176.35182071949438,182.0853328735327,175.19587011945742,178.8024444580078,3619387
2022-08-29,172.00544977320766,177.41530424100986,171.35812025749652,176.2593536376953,1942514
2022-08-30,177.5540238899614,180.51325479931555,177.46154219156162,179.63473510742188,1442769
2022-09-01,178.47878443105495,182.87139700124928,177.0916436194146,179.63473510742188,1609541
2022-09-02,180.3283105823837,181.02188100770056,176.02817958970977,177.36907958984375,899567
2022-09-05,178.2476018818354,181.1143653255226,177.18413285860797,178.06265258789062,866250
2022-09-06,178.94116556546172,180.2820655343755,176.7679726391101,178.10888671875,860576
2022-09-07,177.55402446472576,178.98740613020598,175.3346048032071,176.58302307128906,737155
2022-09-08,177.6465102197158,190.1307778499513,177.6465102197158,188.23501586914065,7708801
2022-09-09,189.52967569205543,189.52967569205543,185.4607348349433,188.32748413085935,2295545
2022-09-12,189.43719584324384,191.7490971148933,185.69191296102667,191.05552673339844,3034614
2022-09-13,191.24047498425995,191.24047498425995,188.18876249995344,189.43719482421875,975806
2022-09-14,184.95211150834052,191.79533398985865,184.62843966891043,189.66839599609372,2054925
2022-09-15,190.91680316367996,191.8415636673652,187.9575723740321,189.43719482421875,1245545
2022-09-16,188.928580470846,188.928580470846,179.21859483545018,181.16058349609372,1516040
2022-09-19,181.25306736093285,189.5759122907716,180.51325610057967,188.5586700439453,2232043
2022-09-20,189.57590325548136,191.055525705668,187.44895127486012,189.43719482421875,1951124
2022-09-21,190.3157156297064,190.36195647731492,183.56496108989757,186.4779510498047,853210
2022-09-22,184.9521127944232,188.09629306763787,183.28754095712816,186.7091522216797,965179
2022-09-23,186.33924217026347,187.26400267731196,178.89491726637834,182.3165283203125,1101779
2022-09-26,180.2820533988724,180.2820533988724,169.8784979616503,172.19039916992188,1496260
2022-09-27,173.0226974373394,175.61201558232673,171.72802425412013,174.08616638183594,893893
2022-09-28,172.28288951052647,175.28836123214344,170.61831773487037,172.74526977539062,758212
2022-09-29,175.70450036371827,182.45525504194316,174.03992859075893,179.4497833251953,1488416
2022-09-30,180.23582913818197,183.7036812697072,176.67550941625188,182.03912353515625,1743263
2022-10-03,181.94663864737197,182.5939682117739,174.17865565309611,175.14964294433594,664670
2022-10-04,178.47879529427874,183.7036870251832,178.2938459969482,183.01011657714844,946142
2022-10-06,183.38002459766125,188.46620775331093,183.38002459766125,187.81887817382807,1033954
2022-10-07,187.26400585059343,188.4661973522733,184.48972428243653,187.68014526367188,1019162
2022-10-10,186.80163204444244,186.80163204444244,182.7789179873137,183.4724884033203,663371
2022-10-11,184.02734588066792,184.35101771118056,175.704501092095,177.41531372070312,633488
2022-10-12,177.8776932493493,181.62296210010052,177.69272985512265,179.4497833251953,687650
2022-10-13,179.4960101652743,182.1315689986066,177.78519767727587,181.57672119140625,638632
2022-10-14,183.5649638371466,185.59943416584136,176.62925991382872,177.83145141601562,838207
2022-10-17,178.38630410577363,190.5006729316392,177.23035342050883,189.0672912597656,2963275
2022-10-18,191.7028635742821,201.5053168732717,188.18877068528636,199.33213806152344,5390546
2022-10-19,199.8407558366777,203.12364442400155,196.97399255427348,200.67303466796875,2834807
2022-10-20,198.82352458303396,207.6549909389838,196.23419213841188,204.5570373535156,2487236
2022-10-21,206.12911929652444,218.61338662133824,204.325839060641,209.1808319091797,7349689
2022-10-24,214.5444515886301,217.2262515891974,213.71217272244752,216.25526428222656,1146446
2022-10-25,214.59068386262385,221.57262868802525,211.0303501769379,215.7003936767578,5997054
2022-10-27,217.22625825724143,221.3876809373474,214.9143567682937,219.35321044921875,2371397
2022-10-28,219.3069493034812,228.50832766661495,218.98329159141463,226.1964263916016,4107921
2022-10-31,227.95348446085512,237.1086086184405,227.58358587072652,234.7967071533203,4139222
2022-11-01,235.8139400214759,239.14308364254012,225.73405568053465,231.00518798828125,2331126
2022-11-02,230.2653745167426,232.06865474804175,222.8672901949196,226.2426605224609,2471659
2022-11-03,223.69955807499568,234.88916570772463,223.6070904919397,232.71597290039065,4662274
2022-11-04,234.33431565032464,237.33978741120663,229.3868552180776,230.91270446777344,2797086
2022-11-07,235.90642128126768,248.89929568339448,235.8139395822391,240.3452606201172,7891059
2022-11-09,241.36249289977115,249.40792061834392,239.51297188138207,247.32720947265625,3704856
2022-11-10,247.6971011786523,249.68533057411912,243.44319730976613,246.8648223876953,2336850
2022-11-11,249.6853442132561,249.6853442132561,238.40325440837267,241.1775360107422,1892762
2022-11-14,241.36248520615143,243.7668680977058,237.709670022689,242.7958526611328,1231415
2022-11-15,243.7206252194416,252.9220037372191,242.3797393902688,250.24020385742188,2197596
2022-11-16,250.74881547796176,254.21666751266008,245.9863043279332,248.57562255859372,2084378
2022-11-17,245.98628327031125,252.08970797318784,244.18298907805803,251.1649475097656,1150910
2022-11-18,251.1649470602188,254.3091269859368,248.3444107189595,253.70803833007807,1991128
2022-11-21,253.7080747116129,254.3091634536672,245.15403921362596,248.3907012939453,1943443
2022-11-22,249.03801412017808,254.309160740471,247.37345635664,253.9854888916016,1915644
2022-11-23,253.9855006208114,258.470595307104,252.45965123019457,254.8177795410156,2116755
2022-11-24,256.1586703869467,259.7190041214528,252.55210991387585,255.18768310546875,1546503
2022-11-25,255.5113488527136,259.67277165631776,249.1767611621687,251.48866271972656,2056942
2022-11-28,251.4886329900709,254.6328130923704,247.09602054998237,252.0897216796875,1666315
2022-11-29,251.5810921726671,254.3091470385707,246.54116419150108,247.7895965576172,1964196
2022-11-30,248.89929952052097,251.95102630679727,244.50668685274147,246.81858825683597,2516018
2022-12-01,248.39067216237632,258.0081755716532,248.02077361229843,255.28012084960935,2348990
2022-12-02,255.2801020539304,263.2793022453354,253.1531643814962,261.1061096191406,4341809
2022-12-05,261.6147682638986,264.75894866162923,260.7824893676544,263.0943908691406,1451799
2022-12-06,263.880397759469,272.3419501591739,262.8169288954972,270.81610107421875,3053049
2022-12-07,271.8333725885316,272.8043598689759,267.0708332204369,270.3074951171875,1850988
2022-12-08,270.3075100447516,274.65389612042395,265.91489722801083,272.7581481933594,1839056
2022-12-09,274.4226572735428,278.3528890963316,249.91650590791895,252.13592529296875,4057470
2022-12-12,252.8757885774506,253.38439560120764,245.47770403434967,249.0380096435547,4125936
2022-12-13,251.5348755713223,275.2549785976362,251.4423938698364,271.8796081542969,12228997
2022-12-14,273.72913140479625,282.97673719549886,269.5677087989801,277.1507568359375,7879714
2022-12-15,277.2432066764191,281.58959262956165,274.33021653488663,276.9657897949219,3690929
2022-12-16,273.7291232112357,278.1217358303349,264.2041008205068,272.018310546875,2943257
2022-12-19,271.6946343761194,275.39367652267754,266.4235162501451,269.1053161621094,1404024
2022-12-20,269.9838501910137,277.33567953070406,264.9438939734442,275.3936767578125,1985522
2022-12-21,275.5786209707185,278.2141939632184,258.9329324557086,264.25030517578125,3221403
2022-12-22,266.33102098351367,267.8106434110455,254.35536135557055,259.3490905761719,2719690
2022-12-23,258.56305265968126,259.7652300732464,236.2763179986851,251.11871337890625,4525500
2022-12-26,254.2629273939473,269.93760196129745,248.5756273698021,267.4407653808594,3750934
2022-12-27,270.03006513025736,272.6656381910586,265.4062626451502,266.8396301269531,1701370
2022-12-28,266.93211704009013,273.68288573321024,251.62734180372175,258.3780822753906,3261676
2022-12-29,258.3780966162525,266.1923346911672,253.06072335928,256.759765625,3623032
2022-12-30,259.7652363375863,265.6836982927404,259.07166591577635,263.88043212890625,2398443
2023-01-02,265.40627022466714,275.1162557206916,262.95566048186555,273.4979248046875,2657233
2023-01-03,275.4399180368334,277.15073059039395,271.8795845002777,274.4689025878906,1965880
2023-01-04,274.4689242042129,275.9485467514296,268.50423549716373,273.22052001953125,2042191
2023-01-05,274.9312711020432,276.4571484250638,269.4751900793143,272.52691650390625,1507383
2023-01-06,273.7290995936883,273.91406297658835,267.5794481018363,271.3709716796875,1311018
2023-01-09,273.68290180765666,277.4281708252159,270.16879471099884,274.4226989746094,1952696
2023-01-10,274.14527571019573,274.14527571019573,265.4525039828798,267.2557983398437,1113496
2023-01-11,267.34827985348073,268.9666108111635,261.98465174657514,266.2385559082031,1448659
2023-01-12,267.2095499781408,267.2095499781408,262.81693773112426,264.25030517578125,645103
2023-01-13,265.544989852669,267.4869926780273,260.4588067593962,263.88043212890625,1050157
2023-01-16,264.4815214627606,271.8796059792015,264.15784962087577,266.60845947265625,1600185
2023-01-17,267.90313071241195,268.68915456780286,263.7879351592956,266.0073547363281,867621
2023-01-18,266.7009446965633,266.9783898024666,256.8522501982392,259.4878234863281,1649373
2023-01-19,259.025416981655,267.90312326442665,258.4705550474598,265.96112060546875,1255619
2023-01-20,265.9611559687356,268.6891828239616,264.06537979328624,265.3138122558594,709775
2023-01-23,266.2848108684368,267.9031418261196,263.7417193635068,266.2385559082031,552419
2023-01-24,266.51597840343027,270.81610893916826,266.51597840343027,268.3192443847656,857419
2023-01-25,270.4000134089567,271.41725578703233,261.3373701601867,270.1688232421875,2311405
2023-01-27,271.4171826336772,271.4171826336772,256.621015948366,261.1061096191406,1802029
2023-01-30,261.1061396362454,277.42815724309025,257.5458059740021,274.5151672363281,2264826
2023-01-31,274.6539059295529,282.9305248210624,269.42901403680014,281.82080078125,4686789
2023-02-01,282.9767411750774,286.67578354337905,253.0607303771469,270.7236633300781,3044737
2023-02-02,270.9548313738037,275.8560508233841,268.1805498239013,270.2612609863281,1611678
2023-02-03,271.23227437459497,273.7291392986712,263.6954810821149,272.6194152832031,1865368
2023-02-06,272.8968341030257,276.22597760719884,268.6429300822184,270.2612609863281,1320864
2023-02-07,270.3537390390444,271.4172079745523,264.43527745663226,265.8224182128906,482672
2023-02-08,265.8224256058361,267.9031367980916,264.4352848109992,265.86865234375,855567
2023-02-09,267.2558016361675,267.2558016361675,262.631998839694,265.4062805175781,462099
2023-02-10,266.0998671798379,269.93761809087744,264.6664995140191,268.0418701171875,1054284
2023-02-13,268.64290138018134,268.64290138018134,259.534005620247,261.1061096191406,424829
2023-02-14,262.1233852063989,268.82789909210777,259.8577106047165,268.08807373046875,1377132
2023-02-15,268.1805441362145,269.8451017422728,262.6782078903567,266.8396301269531,581135
2023-02-16,267.48700799322745,268.3192869027617,263.9729289434366,267.0246276855469,349661
2023-02-17,266.23855848909113,267.44076414503803,264.5277458158088,266.93212890625,418786
2023-02-20,266.97837732040665,267.81065615629865,263.6492337553869,265.36004638671875,438116
2023-02-21,265.360054673058,266.839648995757,261.0598954806743,263.88043212890625,522423
2023-02-22,264.06536244338145,264.7127061137251,250.93377963192123,252.64459228515625,978304
2023-02-23,254.1241949063338,261.8459513574932,245.6626412832173,257.4533386230469,1286109
2023-02-24,258.60927772669123,260.7824706261999,249.91653435010824,252.04347229003903,566095
2023-02-27,250.8875233138672,252.3209190843123,237.84842227180835,240.25277709960935,1330430
2023-02-28,240.06785237934312,244.09056654943305,233.2246156161453,237.7559509277344,1867802
2023-03-01,238.4957459929153,248.11325030219945,237.89465726510744,246.4024658203125,917092
2023-03-02,247.18851370181216,255.9737399921554,246.91109679175204,253.8468017578125,1238097
2023-03-03,255.23392443296524,271.41723485896847,255.23392443296524,270.2150573730469,2986544
2023-03-06,272.34194963705573,272.34194963705573,263.8341422986938,265.2212829589844,1262149
2023-03-08,265.03638035701,270.7698788575609,262.35458039534484,269.4752197265625,798459
2023-03-09,268.7816518211153,268.7816518211153,263.18686170709634,263.88043212890625,745734
2023-03-10,261.5685039851177,269.9375749308828,256.15864960370965,267.302001953125,1281800
2023-03-13,264.6664503701864,267.4407317022787,259.11788770600174,261.15234375,932987
2023-03-14,260.5050538313833,264.20409596901624,234.8891757396941,239.05059814453125,5100639
2023-03-15,244.96907075751,246.3562116204874,240.66893972657084,243.859375,1857008
2023-03-16,240.20654997882397,247.00354558401656,236.9236613543159,241.6861724853516,1954675
2023-03-17,243.21201816696143,256.6672725222184,238.6344422779,252.3671417236328,4586249
2023-03-20,253.1531992242192,253.66180623544952,245.06154445449528,246.03253173828125,1089633
2023-03-21,247.83584898272872,254.63284526143408,247.83584898272872,252.27468872070312,1231107
2023-03-22,251.5811057275828,257.86949463512826,251.5811057275828,253.9854888916016,805305
2023-03-23,252.45960201065543,258.93292513913383,249.68532066987905,256.066162109375,1220212
2023-03-24,255.5113055038764,256.8059927336219,247.83580492355512,249.63909912109372,712951
2023-03-27,246.4486831816824,253.2919055131685,243.7206283081636,250.5176239013672,975230
2023-03-28,251.5348496041481,261.7072148454924,248.2519612012034,259.16412353515625,1750220
2023-03-29,257.1296722396321,270.95485442822,254.77154401015227,269.19781494140625,1741200
2023-03-31,266.65469496041925,270.95482562727875,264.435275411858,266.8396301269531,1696892
2023-04-03,267.2557754899089,269.93757520520626,265.49873624343473,268.3192443847656,1181951
2023-04-05,270.261269054911,270.954839463093,266.33103674187976,267.764404296875,680681
2023-04-06,267.5332176234972,275.5324190118914,263.64924022027907,266.93212890625,1409390
2023-04-10,266.6084446062984,266.932116430135,259.672740758877,260.9211730957031,1143392
2023-04-11,262.6782324880052,265.96114949271976,262.63200574740563,263.7417297363281,802692
2023-04-12,263.74172458858646,265.86866260081183,259.9964273651642,262.3545837402344,616932
2023-04-13,262.35458926570124,266.33104849281114,261.4298286806567,265.4525146484375,695505
2023-04-17,266.2848011304373,288.5252801898223,263.8804181512319,286.21337890625,4882455
2023-04-18,288.52529831870964,300.2697688657768,284.8262560325724,297.35675048828125,7021477
2023-04-19,294.8136464338924,297.1255477648403,291.3457944374706,295.9233703613281,1833524
2023-04-20,295.9233992837732,297.12557680478164,281.2197110261516,283.3466491699219,1657650
2023-04-21,284.3638735787744,286.12091300700314,274.2839890701913,279.5088806152344,1915631
2023-04-24,280.10994414830145,291.253324881108,279.32389209488724,289.7274475097656,2099221
2023-04-25,290.37481378840164,299.9923179001601,287.69301382764,293.2415771484375,3237088
2023-04-26,293.24156053586955,296.9406025401784,288.8489481557529,295.1835632324219,1383629
2023-04-27,294.95239590094394,295.73841981044245,291.39206205236553,293.1028747558594,779946
2023-04-28,294.62871299292146,303.3214564041148,293.79643415317616,298.1427917480469,2163861
2023-05-02,303.0440323974919,305.81831394563574,299.48369876641704,304.3849182128906,1992544
2023-05-03,301.33321731336486,309.7947703211294,299.62240472849527,309.2861633300781,1715457
2023-05-04,308.8700067166289,309.7947672157805,305.263446414228,306.55810546875,971264
2023-05-05,306.4194020389496,309.70229057593434,303.32144867194285,306.9280090332031,1004462
2023-05-08,307.0667032273539,309.2398959793459,289.26506415362485,291.57696533203125,4893690
2023-05-09,294.0738610747288,297.7729033523984,271.74089896758954,274.4226989746094,4738997
2023-05-10,275.3474210676854,276.9195251045944,264.1115873636213,265.2212829589844,3501046
2023-05-11,265.96116598014504,270.8623860885728,265.6837208549884,267.07086181640625,2199416
2023-05-12,267.4407753224581,272.110805037926,267.2558119149044,268.1805725097656,1676475
2023-05-15,268.1343252527659,270.6311617349779,260.78246779755216,268.9203491210937,2173903
2023-05-16,270.86235851641544,275.5786429494379,270.0300796685767,271.8333740234375,1470300
2023-05-17,273.26675550838064,277.24321477372825,264.94391016294776,266.1460876464844,2213890
2023-05-18,268.5967330140888,271.00108804576087,263.9266749563622,265.498779296875,1310662
2023-05-19,265.49875221639445,266.74718456870403,260.0426707663782,264.6664733886719,1119922
2023-05-22,266.2385595486593,267.2558018088312,263.14060602873,266.42352294921875,545340
2023-05-23,266.6084330934943,268.7353991143933,263.5567348209892,264.25030517578125,1419225
2023-05-24,264.25029777870066,265.3600216038838,261.892169926998,264.2040710449219,1100369
2023-05-25,263.926649952092,263.926649952092,256.62104740012643,257.0372009277344,2268749
2023-05-26,257.17592158437185,260.6437737410612,255.7887807216961,256.43609619140625,1639016
2023-05-29,258.93295162671234,259.8114854297409,252.6445912329301,253.1531982421875,1575725
2023-05-30,253.3843578808566,255.69625895641187,247.835795299524,249.59283447265625,2132958
2023-05-31,250.6100765901903,250.6100765901903,247.8820220324556,249.59283447265625,1275798
2023-06-01,249.59287195912583,255.6962973595578,249.59287195912583,254.2166748046875,1831486
2023-06-02,256.15867886403896,261.8922057084218,255.23391829052255,261.013671875,2416677
2023-06-05,263.5567866050917,263.9266852227025,257.17594373157533,257.9157409667969,1327979
2023-06-06,259.76522087741336,260.5512729529725,255.55757185743644,259.718994140625,859872
2023-06-07,260.32007702848585,262.58575150967624,260.0888869067909,260.8749389648437,904637
2023-06-08,261.15237807212424,263.2793443058024,260.3200992074036,262.3545837402344,980203
2023-06-09,263.55675061051204,265.1288547974712,261.01365915725273,263.83416748046875,1468160
2023-06-12,264.50161174373613,266.1702412705424,263.54810915698977,264.9783630371094,978804
2023-06-13,262.5469769824471,269.6505547118232,262.5469769824471,268.6970520019531,1139909
2023-06-14,268.69704704009786,269.74590582130503,267.9342565257251,268.6493835449219,442832
2023-06-15,268.79239828347096,270.5563840520752,266.0272463454766,267.5528564453125,1278644
2023-06-16,267.8865852261413,269.3645027166542,264.1202380619937,268.840087890625,1329056
2023-06-19,269.2214759135667,272.65409123333046,267.2191145521552,270.3656616210937,1489285
2023-06-20,270.41336934532586,271.2715159486434,267.2191295065284,268.6493835449219,919425
2023-06-21,268.8877542508482,270.6517400186662,267.9342515761998,268.6017150878906,713401
2023-06-22,270.3656533472908,270.3656533472908,264.5969741979076,265.02606201171875,614883
2023-06-23,265.02607269438806,267.40982931477794,262.7853356515032,264.59698486328125,665151
2023-06-26,265.40746335766835,269.50751303460765,263.8341898350563,269.03076171875,598752
2023-06-27,269.3644865025738,270.31798910966256,263.7388269404682,265.55047607421875,806786
2023-06-28,267.1237638482765,267.88658343391523,263.5004653869159,265.407470703125,641633
2023-06-30,266.9807572866132,279.85304379864635,265.6458593198988,278.9472045898437,3559269
2023-07-03,281.2832746359638,286.28916342185806,279.9483767794435,284.0007629394531,2425346
2023-07-04,287.0043165657713,292.24858148640834,282.8089104489804,286.3368530273437,2512515
2023-07-05,286.5752280692685,291.2950781267997,283.7624125317828,290.53228759765625,1537235
2023-07-06,287.95780663466064,293.7264861546267,287.95780663466064,290.9613342285156,1026021
2023-07-07,289.3880728925696,295.6335040124282,287.4810674698838,293.9648742675781,1812762
2023-07-10,294.0125468469397,299.9242457956615,292.5822928772921,295.63348388671875,1402335
2023-07-11,296.06257810841606,299.9242522703933,295.1090754414002,295.6811828613281,1882615
2023-07-12,295.6811957455863,311.5570100234674,295.5858396550112,309.2209167480469,4970098
2023-07-13,309.8883541188205,311.7953593749363,302.4987087513717,306.88482666015625,2028963
2023-07-14,309.0778730388124,309.888356097555,301.2114763071052,309.2685852050781,1365375
2023-07-17,309.26858797891003,311.79536416234225,305.93132872946603,310.0790710449219,1220250
2023-07-18,310.8418712353888,312.7488765803912,308.07671930485384,312.2721252441406,1257700
2023-07-19,312.74886680504056,313.8453890244253,307.1232070328389,310.0790710449219,1309005
2023-07-20,311.6523542104642,315.0849696499063,309.8883684472766,313.32098388671875,1575828
2023-07-21,314.65587816834125,314.65587816834125,309.4592770258212,314.0837707519531,1172651
2023-07-24,316.56290041829703,321.2350578878845,313.3686605130323,320.28155517578125,2289806
2023-07-25,320.8536483920625,322.2362389027282,312.3674804504456,313.84539794921875,1866926
2023-07-26,314.6558782732497,316.4198640166212,309.9837210519411,313.034912109375,1073477
2023-07-27,316.4675504366727,318.3268924006056,310.8895536434682,313.22564697265625,1939080
2023-07-28,315.7523976643963,329.91191787861595,314.7512315183632,328.5293273925781,4546061
2023-07-31,326.0025369922045,333.2491626579905,324.1432243592756,330.7700500488281,1444351
2023-08-01,331.8189336012508,333.4875632960847,328.72004988227366,331.246826171875,948771
2023-08-02,329.3398141021566,329.3398141021566,323.28506637015124,327.7665405273437,1453678
2023-08-03,326.7653581587394,327.90954383884144,319.9954837650876,326.5746459960937,1201799
2023-08-04,324.33391179908773,332.152644956896,323.2850530927587,327.3851318359375,666764
2023-08-07,327.95725730013373,332.6770780907833,327.38514987437827,330.9607849121094,588086
2023-08-08,331.5328941691045,390.5547043648776,330.0549475528567,374.392822265625,11010352
2023-08-09,371.8660471146785,371.8660471146785,357.56350684103705,365.1915283203125,4850127
2023-08-10,366.14504560560096,367.9566949594516,353.60649061877376,362.9508056640625,1685232
2023-08-11,363.2845154089383,387.2651016168703,361.3775100787077,369.8636779785156,4469318
2023-08-14,369.9590576820856,379.4940849419331,359.9949425561073,372.9625854492188,2039820
2023-08-16,371.38929683956303,371.38929683956303,364.5717584425861,368.0997009277344,1171755
2023-08-17,368.0520428422028,392.84311308546,366.4310766099371,389.9826049804688,5407491
2023-08-18,389.0291110641232,395.6082740344594,382.8313433633467,388.2186279296875,3235762
2023-08-21,388.02790578361504,394.7500876660277,381.87780219865726,388.9337158203125,1651635
2023-08-22,390.8884220160523,393.7965934517436,388.7907045519333,391.36517333984375,1003166
2023-08-23,391.3651756343555,398.4687529413404,387.21743327333394,389.5534973144531,1297599
2023-08-24,392.2233451583639,392.2233451583639,376.8719457240781,384.21392822265625,1215797
2023-08-25,386.1685735328517,386.1685735328517,367.76598401380926,376.9195861816406,1927887
2023-08-28,378.4928915062702,390.8407334608335,371.91369989112985,378.7789306640625,1210547
2023-08-29,380.3522061847089,384.3092364136703,369.9113694913234,373.53466796875,1544185
2023-08-30,376.63356378763456,379.7801110355371,361.4728767865344,362.8554382324219,1681845
2023-08-31,366.1450070573664,367.3368853355479,357.08673214318674,361.0437622070313,1686350
2023-09-01,361.9973077877623,363.2368788033253,358.9937799900346,359.5658874511719,845290
2023-09-04,360.5670400055746,368.0520420165627,360.5670400055746,365.7636413574219,1012250
2023-09-05,367.8613372079079,375.4893589569457,367.09854667244167,373.2009582519531,1460549
2023-09-06,375.012580751079,375.012580751079,367.2892325619554,370.3404235839844,508453
2023-09-07,370.4357900016224,376.013786481597,368.6718042295152,373.0579223632813,711842
2023-09-08,375.1079281625604,376.39516253051465,369.0055171610112,371.0555419921875,758100
2023-09-11,371.8660384597492,380.447562424205,370.10205271400383,379.0649719238281,1944531
2023-09-12,380.6382796658401,382.3069093478196,362.5217288329201,365.9543151855469,1449629
2023-09-13,367.3845890754799,384.2615989829009,362.6170754404563,379.017333984375,1921901
2023-09-14,379.5417257835464,387.7895471498685,377.0626421228403,381.9731750488281,2119855
2023-09-15,382.35458562470944,390.45935863670456,374.3451687031624,379.2080383300781,2694553
2023-09-18,380.1615212166548,404.5711659718339,378.5882185527741,392.9861145019531,7449785
2023-09-20,391.8896186938271,398.56413774700655,383.7848455578233,395.8466491699219,2090184
2023-09-21,396.5617406706284,408.0037723077626,381.49641065450464,386.0732116699219,5329498
2023-09-22,389.8395541892993,413.96315897092296,388.4569637431224,401.2815856933594,8564982
2023-09-25,404.2851258285303,414.77365503634593,398.8501490541346,410.8642883300781,3162061
2023-09-26,410.8642892905052,412.86665069094175,406.0014199176141,408.2421569824219,1610345
2023-09-27,408.4805393579599,425.73894356170257,405.76305091976246,411.7224426269531,4714312
2023-09-28,411.7224468431263,423.3551912141226,385.50112306297234,394.6547546386719,6447262
2023-09-29,398.8024960180522,408.8619376553407,398.5641203479876,403.8560485839844,2238261
2023-10-03,401.567628431005,424.4040281514217,401.567628431005,420.78070068359375,2910149
2023-10-04,420.4946787395683,424.117977257071,411.2456911732066,412.7713012695313,2499172
2023-10-05,414.7736589150305,419.5411722358929,405.9537592714351,408.0037841796875,1501407
2023-10-06,409.9107982842852,412.8189989314315,403.4746551633221,406.2398071289063,1106747
2023-10-09,400.4711081592917,404.2851187131897,383.3080606667506,384.49993896484375,1817791
2023-10-10,389.029098638207,393.7489486067107,385.3104439562369,390.7453918457031,1235987
2023-10-11,393.5105844388453,405.09563667464585,393.5105844388453,403.47467041015625,1638933
2023-10-12,406.1921243862913,411.1026571595059,402.9502212320345,407.3840026855469,1058824
2023-10-13,407.52701929769313,407.52701929769313,397.6582612319169,398.9454956054688,807124
2023-10-16,401.7106654265478,411.4364043531271,400.1373918321697,410.149169921875,1053080
2023-10-17,410.24454615822935,415.34579154086856,405.7630717251982,408.4805603027344,812477
2023-10-18,408.5759015199792,415.727171674938,391.6512288199101,397.03851318359375,1949304
2023-10-19,397.9920138081696,408.3375237317754,396.22802802603707,402.2827758789063,1743522
2023-10-20,401.9013853030824,406.0014352456221,397.84899885577966,404.42816162109375,1067725
2023-10-23,404.5711886737124,405.5246913847969,383.3557533520824,392.65240478515625,1511226
2023-10-25,395.70360967949824,399.9943717121675,385.6441681090106,389.8872375488281,935204
2023-10-26,390.0779412176872,390.1732973027192,377.9684458834224,381.9254760742188,2057125
2023-10-27,389.8872439251037,400.1373978374462,383.26041769209377,395.4652404785156,1593993
2023-10-30,397.5152528949741,397.5152528949741,389.07674853933577,392.4617004394531,871862
2023-10-31,394.13031814521656,402.8548613947576,393.9396059796762,400.5187683105469,1202664
2023-11-01,400.51878975896193,412.3422462894493,396.80013512051175,410.9596557617188,1363862
2023-11-02,414.77366779539807,418.4923224455693,403.3792990751449,406.2398071289063,1357175
2023-11-03,408.7189130546452,415.82251957478667,408.2898543129526,410.3875427246094,802148
2023-11-06,413.2003794156925,414.296901644054,399.6129666460084,401.9013671875,691442
2023-11-07,402.0443803035258,408.1467913489535,401.4722729027002,402.9025268554688,641331
2023-11-08,404.3328119105497,410.4829160199727,402.9025578477623,404.4758605957031,799198
2023-11-09,407.14563778606765,407.3363499584254,398.754825976986,399.326904296875,481701
2023-11-10,397.6106121222674,402.9502328769612,395.4175676276967,396.7047729492188,627616
2023-11-13,400.4711305273135,430.2204261487796,397.6106224521183,426.2633666992188,3634585
2023-11-15,429.076189190664,441.4717235450609,421.25745588153086,425.5482177734375,2501251
2023-11-16,425.5482135549496,426.93080401251706,416.7760067887215,424.9761352539063,914826
2023-11-17,420.4946571258933,424.3086676213662,408.2421425894682,411.53173828125,1160675
2023-11-20,412.7712820250031,414.58293119929033,401.18623090937047,403.1408996582031,775072
2023-11-21,406.4781575422989,409.76775323915246,400.4711026421036,401.2815856933594,516497
2023-11-22,402.3781252139884,402.9025400410627,391.03144930373895,392.2233276367188,881840
2023-11-23,393.79660320686327,397.5629503975522,390.5070073517758,393.5582275390625,874317
2023-11-24,395.5606053211503,397.1338789739575,388.0756032230509,389.2198181152344,635756
2023-11-28,391.41284105978417,392.84309504660433,382.9266732243696,384.3092346191406,1112045
2023-11-29,387.1220818293758,400.0897238877137,385.0243643278094,399.326904296875,1661291
2023-11-30,400.4711071422283,403.5699907094003,372.72417461336994,378.4451904296875,11628639
2023-12-01,380.06616894950815,387.21743895320463,376.82426570088415,382.4975891113281,3368855
2023-12-04,390.6023396406077,394.7500818273523,388.2185831078338,390.4593200683594,3019733
2023-12-05,394.7501118965494,395.5129024057047,387.598841753496,390.9837646484375,1727843
2023-12-06,392.2233352289298,401.2339181415185,389.9825980998357,399.66064453125,2893933
2023-12-07,401.424617767334,417.634162902832,398.7548219726887,411.91314697265625,2319572
2023-12-08,413.5341256811858,415.1550627847948,403.7130305770452,408.3375244140625,1574266
2023-12-11,410.3875433769955,416.3946276575711,409.19566503941206,410.9119873046875,1278003
2023-12-12,421.3528205244814,424.737772433788,414.9643701481396,417.205078125,4045615
2023-12-13,429.3145984096731,429.6959936768258,408.6712704024748,412.6759643554688,5280253
2023-12-14,413.82013091358266,430.7924656572382,406.573505289848,428.5517578125,4662531
2023-12-15,428.504098777786,436.70422764943714,419.6365354889703,432.79486083984375,2456781
2023-12-18,432.7471973760333,432.7471973760333,418.7783889260592,420.6853942871094,2588055
2023-12-19,420.9714475398503,429.5529719517611,419.2551542969055,426.07269287109375,1481928
2023-12-20,424.2610130576962,427.8366479724472,396.2280120471749,409.7677612304688,3565808
2023-12-21,372.8195551847765,398.754840228372,372.8195551847765,393.6535949707031,25311622
2023-12-22,397.6582781620508,398.70713692214,389.6011980338124,393.0338134765625,6563982
2023-12-26,397.6106127723919,398.13502760064046,389.0290887557216,390.6500549316406,2693304
2023-12-27,394.2256872064949,400.4711180025744,390.650052224329,396.4187316894531,4205855
2023-12-28,400.4711266020915,405.23864001402114,396.89549154314426,402.2827758789063,4067165
2023-12-29,404.0944059783638,404.0944059783638,396.5140774722955,401.3292541503906,3208031
2024-01-01,402.3781127929688,404.9525815521706,399.66062445794256,402.3781127929688,2159907
2024-01-02,403.3316252139273,404.0944157025546,389.6011927284907,396.9431457519531,3268709
2024-01-03,399.5176183423616,403.331629018661,395.8943198393141,401.7106628417969,4194188
2024-01-04,402.3781335480009,414.01087795825697,402.3781335480009,412.2945556640625,3583823
2024-01-05,414.773645485636,421.4005004265096,411.913137585735,414.2015380859375,3117731
2024-01-08,415.72714794119065,415.72714794119065,402.66415023112506,406.5735168457031,1008837
2024-01-09,409.4340402810216,412.580616548124,398.7548278465386,401.7106628417969,1885357
2024-01-10,402.37813678944826,408.6235677944919,398.8025016876463,403.3793029785156,1348886
2024-01-11,404.4758341131815,409.9584743282311,402.9025314682506,407.1456298828125,1332381
2024-01-12,409.67243930159606,415.5364752309663,405.0956378685739,413.4864501953125,1861260
2024-01-15,416.6806600511981,422.5446955571431,405.9060916938876,414.0108642578125,4268473
2024-01-16,417.5865015009883,423.35518095337113,414.1061935138269,419.82720947265625,2810788
2024-01-17,414.7736680926175,422.8784409174158,410.053818161092,420.971435546875,2939256
2024-01-18,414.96439256432336,424.07033183902354,413.4387824029691,422.9261169433594,1509859
2024-01-19,429.0762240041239,429.0762240041239,419.6842163923149,422.687744140625,1347568
2024-01-23,438.6112369821208,450.3393084185099,419.5411832002894,424.404052734375,2654966
2024-01-24,427.5983023682927,430.4588105011649,411.43641977812695,421.0668029785156,4682160
2024-01-25,424.4040282630578,456.7277617397431,422.640042570232,439.1833190917969,11615214
2024-01-29,441.37639708065166,459.4929485066768,434.3681463671811,458.1580505371094,4451584
2024-01-30,459.6836332081412,474.8443195175993,453.4381733938853,471.0779724121094,4511747
2024-01-31,472.1745367266478,483.4258566623907,466.3104719912182,475.6548156738281,3871355
2024-02-01,475.65481508296665,505.3564175794759,471.0303212910586,499.5877380371094,5616874
2024-02-02,503.592482633956,528.192841062418,501.9238528812884,520.5648193359375,5033223
2024-02-05,524.4264825457652,541.9709554225343,504.2122137609276,534.1522216796875,4727662
2024-02-06,534.1522115885565,535.7254560881607,513.1751526830217,517.2275390625,2202935
2024-02-07,523.8066539011844,523.8066539011844,508.5029481132252,517.60888671875,2078318
2024-02-08,524.1404289040022,547.0721564590583,519.8973303865822,526.1427612304688,4488235
2024-02-09,526.1427619086061,530.2905334433249,497.01326696614245,506.9297180175781,2626837
2024-02-12,509.1227494043952,511.5541695119399,461.9720319264396,476.3222351074219,2322608
2024-02-13,476.32227348833743,480.4223526551295,460.63717115898027,471.6501159667969,2380743
2024-02-14,467.9314115722604,504.4028868501799,462.4964349894479,501.4470520019531,3553333
2024-02-15,502.5435607807797,508.7889915080112,491.4352898102831,501.0656433105469,3209442
2024-02-16,505.5948092001525,518.3240470298531,491.053892952529,493.676025390625,3863145
2024-02-19,500.5412044025455,520.1356713063647,497.2516087740957,517.942626953125,2308799
2024-02-20,517.895027571732,517.895027571732,510.2192840894536,512.1740112304688,1223512
2024-02-21,512.2216567292936,526.3334849024586,502.3052054739962,514.128662109375,4497405
2024-02-22,517.5612565909668,522.9962336484464,500.58892008283374,502.8773498535156,2387581
2024-02-23,507.358740428327,511.6495023841293,497.3946842220441,500.8272705078125,930577
2024-02-26,496.7748838325466,504.4029050814149,494.8678785203296,497.3946838378906,844688
2024-02-27,500.5889153447216,514.4623679305523,497.7284072570374,511.7925720214844,2107003
2024-02-28,514.7961203428698,514.7961203428698,486.667762177065,504.8796691894531,2187555
2024-02-29,505.35639810889234,507.3587303696961,488.336399300513,500.73193359375,1456017
2024-03-01,501.9238309908218,507.0727105133251,495.2969757655224,501.6854553222656,1531632
2024-03-04,507.263422687607,509.1227645417823,496.3458054282958,501.6854553222656,1607290
2024-03-05,501.8284404353326,510.5053495962431,497.6330636319464,505.59478759765625,2693783
2024-03-06,507.50180754250135,524.4264803163471,493.0085549925033,513.604248046875,3919897
2024-03-07,514.128681690742,523.3776697758354,512.984466779677,520.0880737304688,1588868
2024-03-11,525.9997782862072,536.6789617766457,515.4635270827035,522.5194702148438,2215712
2024-03-12,522.5194725598631,524.3788144392487,483.5212184750225,492.8178405761719,3947189
2024-03-13,497.5376695799902,499.1109722264603,471.12566371645806,477.8955383300781,3466220
2024-03-14,477.0373685134231,489.0515369314856,467.21630276814176,468.7419128417969,2442984
2024-03-15,472.3652152376866,493.8190543358581,465.5953404847676,485.618896484375,7785364
2024-03-18,486.858469417787,486.858469417787,471.0303192664432,473.7954711914063,1145067
2024-03-19,473.7954898045978,476.6559979287132,455.9173140288764,463.1639404296875,1307489
2024-03-20,465.3092855430368,472.7942870420847,445.5717693733937,447.8601989746094,2319604
2024-03-21,454.3440085661201,473.3187053077152,452.4370032835761,469.45703125,2352510
2024-03-22,469.1233147058372,471.9838227223362,461.87668857765465,466.69189453125,2267977
2024-03-26,467.45470660760895,490.6724744677351,467.1209748372269,487.6689758300781,2736593
2024-03-27,488.1933517594868,496.2981242008064,474.1291878171969,476.56060791015625,2463731
2024-03-28,481.5188572488888,506.5483027989548,481.4711937539448,496.4888610839844,3475863
2024-04-01,496.77488663994217,517.370520849404,496.77488663994217,504.7843322753906,1537544
2024-04-02,509.8379021080378,511.7449074959884,504.212212934709,508.8843994140625,1539019
2024-04-03,505.9762341625005,510.26699633903183,502.6389746918651,504.2122192382813,1738426
2024-04-04,511.9356162693256,524.4264781984509,499.4923596379594,502.0191650390625,3782337
2024-04-05,504.97498924020726,514.4623524177198,496.2981382480771,510.0762634277344,2649802
2024-04-08,514.8914371563933,520.0403748068309,510.93437783270673,512.412353515625,1336108
2024-04-09,512.5076445907328,514.5576984479676,496.0120613438066,502.638916015625,1310686
2024-04-10,505.3564113820526,507.1680897205978,497.1563117592552,504.021484375,945256
2024-04-12,503.4494240462641,508.312264522382,499.6354132580348,502.06683349609375,699901
2024-04-15,493.9143822223108,500.064486072817,483.6642285371952,490.6247863769531,1360516
2024-04-16,487.7642512891389,497.7283652599281,486.1909777933802,495.9166870117188,695330
2024-04-18,502.4959080479255,503.7354498818517,485.4282160421072,487.4782409667969,1923437
2024-04-19,484.3793360700536,491.8643084371452,477.1327102618857,488.3363952636719,1043268
2024-04-22,495.6306697864458,500.5888952454566,492.3410739782532,496.6318359375,853510
2024-04-23,500.6365729101046,506.73901337042247,485.4282225498807,492.0073852539063,1072431
2024-04-24,493.62835434497913,497.3947016106224,482.758400398067,486.23870849609375,803880
2024-04-25,489.05155101069977,505.833175008254,487.3828922113258,502.5435791015625,2694600
2024-04-26,502.5435848446224,508.1692740361351,496.9656173457116,502.06683349609375,1628220
2024-04-29,504.3552565415739,535.8685086208544,503.7354565178536,533.0556640625,4952701
2024-04-30,533.9614683082535,539.444108384633,519.897304634063,522.7578125,1756064
2024-05-02,527.2870041122279,528.9556338720766,520.4217728894124,524.283447265625,837415
2024-05-03,527.9067682358436,527.9544317291584,506.40523680718616,518.7054443359375,1737781
2024-05-06,523.94970125712,525.6659943715739,502.1621891879945,507.07269287109375,4579591
2024-05-07,514.8914687461194,522.5194905053211,486.7631385090628,493.4853210449219,4367770
2024-05-08,495.8213822864225,518.7054460842573,486.381711789534,507.9308776855469,3348407
2024-05-09,511.0774189398977,512.5076729108116,490.1003606998273,493.1515808105469,1283279
2024-05-10,494.8202242869707,498.6818984770405,485.4282171288223,490.3864135742188,2728015
2024-05-13,491.1015321835338,493.199249669802,477.1327240686701,489.0038146972656,1258958
2024-05-14,489.1468782345957,496.6318510456661,486.38172626312456,489.38525390625,949939
2024-05-15,494.3911122392815,514.8437552336505,490.6724287140574,510.6959838867188,2829489
2024-05-16,505.9761824154583,519.1345067716594,501.3993233374921,514.7960815429688,1868422
2024-05-17,512.7937335164692,521.947394231539,508.6936836011082,515.177490234375,1429095
2024-05-21,511.1727203836701,553.0315077863728,509.17038820331567,548.4070434570312,4774342
2024-05-22,550.1710082373751,551.3628865047871,533.0556246779026,540.0639038085938,2985879
2024-05-23,543.1628058068911,568.2875772609474,543.1628058068911,549.1698608398438,3539039
2024-05-24,549.2175296905723,552.8408281428442,538.9673761416597,545.0220947265625,1390456
2024-05-27,546.1663629154823,564.4736273332974,542.4000154179929,552.3164672851562,2667927
2024-05-28,552.3164797930718,565.617855080526,531.1963701483492,540.3023681640625,2200562
2024-05-29,540.2069496358044,556.6548714114605,533.2463914803266,549.5036010742188,1767064
2024-05-30,551.0292116241111,569.1457622013036,546.452352288968,551.8873291015625,4241188
2024-05-31,553.0792404513527,557.7514270527772,538.252284812087,541.11279296875,1859396
2024-06-03,600.6113450969773,603.2811408890228,550.3617435864276,578.1563110351562,9361401
2024-06-04,577.822644345304,577.822644345304,462.5441721099942,501.3517150878906,10042618
2024-06-05,510.1239352300096,510.1239352300096,459.063878212312,500.1598205566406,7578300
2024-06-06,505.35642878348506,530.5765867273057,505.35642878348506,517.3228759765625,3582008
2024-06-07,523.6120927684129,530.4375762868093,515.0802383704173,521.3694458007812,3792527
2024-06-10,522.8320389132201,528.4874275264879,516.7865988727649,518.9317626953125,1849483
2024-06-11,520.1993109512075,527.5123284434925,516.2502934080713,524.9771728515625,1952083
2024-06-12,524.9283802199085,527.4148538180032,519.4192759953507,524.879638671875,1976912
2024-06-13,528.4874196037148,531.2176010126225,523.6120744044185,528.24365234375,1260420
2024-06-14,528.4874264984684,530.5838487669126,524.6358918380781,527.2198486328125,832775
2024-06-18,529.4624639714002,530.6325586674049,523.5145669108185,526.5859985351562,1044883
2024-06-19,528.4874513958572,533.3627968884389,518.395510031611,531.4126586914062,2211371
2024-06-20,531.4126487333106,533.1190196237386,527.268605142271,531.5101318359375,1080032
2024-06-21,531.510133795017,537.165582092076,527.6098574596627,534.0453491210938,1162274
2024-06-24,527.0247905599562,532.8752045162184,523.6120490854698,528.1948852539062,825997
2024-06-25,529.169984908781,530.5838469328334,517.2741306057248,519.2730102539062,1395650
2024-06-26,519.711779846715,528.4874008947834,518.2491763387036,527.1710815429688,2137078
2024-06-27,527.5123462109254,533.8015533688185,520.7356045371258,527.6586303710938,1203288
2024-06-28,529.2187066991651,541.1633021060094,527.0735429682992,531.900146484375,1667173
2024-07-01,531.9001932406644,535.3129350854716,526.7810804734536,531.4126586914062,469949
2024-07-02,531.41263443057,534.2891000425716,516.8840817205577,524.3433837890625,858307
2024-07-03,525.6109626879584,526.63477329397,519.468039538396,522.7344970703125,836258
2024-07-04,526.4398167558394,531.4126452268771,518.2492127304315,528.0486450195312,771114
2024-07-05,528.4874460243498,530.3401010980984,521.6619624041091,525.4159545898438,1159426
2024-07-08,525.4159189541767,526.5372721354167,511.71621109112914,513.3738403320312,1729642
2024-07-09,513.8613591583661,531.6076267283926,512.4474972162384,528.1948852539062,1778493
2024-07-10,522.636980425587,531.4613429125378,522.636980425587,529.4624633789062,1791622
2024-07-11,534.8253575439279,541.0658230781864,529.4624779331866,536.6292114257812,1202130
2024-07-12,536.2879701482103,546.0386605145413,530.3400728301448,544.81982421875,1387907
2024-07-15,554.8143143230778,569.9278852756397,541.8946488313717,564.2237548828125,3217689
2024-07-16,564.22370045229,582.1161927904536,558.9095625015052,572.7555541992188,3294297
2024-07-18,572.7555753101913,573.4380760243106,551.889074143197,554.37548828125,2198694
2024-07-19,554.8143025981843,557.1544921790397,540.2857496034849,547.1600341796875,1233734
2024-07-22,546.0874045075386,562.1273021346336,540.1882487122065,555.3018188476562,995267
2024-07-23,560.6159692806266,562.0298313236816,533.119009820649,538.628173828125,1588838
2024-07-24,541.1145665056985,564.3211973628011,538.6281523984178,555.3992919921875,2395942
2024-07-25,551.8890980560145,556.6669603428155,547.013752666827,553.4979858398438,770119
2024-07-26,555.7893657854839,570.4154017272073,553.1079258628347,566.9539184570312,1844637
2024-07-29,574.3156848451135,584.943961561906,568.952804935694,572.6093139648438,2811831
2024-07-30,579.6785478009374,589.4292382601626,572.6092972179991,586.1627807617188,2507716
2024-07-31,585.041413777965,595.6696899336607,578.5571809698631,593.6220092773438,1827727
2024-08-01,589.9655404877294,597.9123773697025,575.2907625987152,580.7999267578125,1350860
2024-08-02,576.2658035680909,582.8962611480712,567.0026476731723,581.0924072265625,1361169
2024-08-05,564.4675154516701,571.1954564102854,550.9140314046364,566.51513671875,2607067
2024-08-06,560.713457985726,573.6818647414327,544.0885422097921,551.3040771484375,1821803
2024-08-07,554.8143098429867,558.1295685402405,545.0636189845862,555.3505859375,1269029
2024-08-08,554.814292770382,555.7893618262175,539.2619294271079,541.8458862304688,823836
2024-08-09,548.4763277087671,564.564966654891,539.213171951908,563.3461303710938,1438148
2024-08-12,562.5660675163473,567.1001026265287,542.1383602065849,544.4297485351562,1259415
2024-08-13,547.9888255640041,551.8891019025378,533.6552981171934,536.5805053710938,1052887
2024-08-14,537.2630300942649,546.0386512754778,517.810391239878,536.6292114257812,2263553
2024-08-16,532.3877047476174,548.4276026266864,531.4126356913031,536.4342651367188,734213
2024-08-19,540.6757744806463,546.2336798270588,533.3140152429856,536.2879638671875,844726
2024-08-20,536.336704650692,550.9139984595316,536.336704650692,544.5760498046875,638652
2024-08-21,546.9649676502729,546.9649676502729,537.2630191940706,538.3355712890625,1111375
2024-08-22,541.1632911287585,545.55110159737,537.3117567036129,539.0181274414062,1316796
2024-08-23,540.2369825050188,546.8186984372488,533.3627577673876,534.6790771484375,977115
2024-08-26,539.5544478204495,546.0386809622738,530.4375757919231,533.4602661132812,1583358
2024-08-27,536.1416950296407,541.6508589849292,533.1677463204506,535.1666259765625,482197
2024-08-28,536.2879653547718,561.6397600806337,533.3627582710185,553.7904663085938,2199296
2024-08-29,553.7904891302263,560.6647141576344,534.8253838529782,547.5012817382812,1414580
2024-08-30,549.9389611844156,561.3472813244506,543.1134776236161,553.1566772460938,1159804
2024-09-02,551.2065412101327,553.7417565362963,537.9456254748713,541.9921264648438,1760182
2024-09-03,542.1384038360327,544.478593413384,534.6303600816481,536.3367309570312,751120
2024-09-04,533.3627475237238,538.2868341127897,520.8331345728492,522.6857299804688,2182125
2024-09-05,528.3899567265422,559.9821591189168,509.9611273625368,537.2630615234375,3752194
2024-09-06,537.2630425695281,540.8708099304973,506.59710927152736,510.39990234375,5551466
2024-09-09,512.8863277982343,514.8364659267447,500.2104299629168,509.9611206054688,974521
2024-09-10,512.057529885387,513.7639007044672,503.1356243687996,505.9633483886719,1647980
2024-09-11,506.8896236567375,510.3511664074572,494.16498441125685,497.28521728515625,3134860
2024-09-12,501.965543166318,511.91125954008095,501.868060065136,507.0846557617188,1579837
2024-09-13,512.3013109717944,512.3013109717944,505.8658194294805,507.0846557617188,1184919
2024-09-16,512.5450624832991,512.5450624832991,503.1356224822559,506.93841552734375,1290841
2024-09-17,507.03591204079487,508.5959987339849,501.5267480372623,506.7921447753906,556829
2024-09-18,506.0608434900484,509.61986937394,491.5810619590706,492.4586181640625,3049464
2024-09-19,494.8475487247631,500.1616870127817,492.4098760709465,496.6026611328125,1094796
2024-09-20,496.1151082365316,501.9167808405433,492.40985784259226,496.7976684570313,2124662
2024-09-23,497.2852388937839,525.9034930521753,497.2852388937839,523.4658203125,2929528
2024-09-24,523.4658203932205,523.4658203932205,513.5201632246068,515.51904296875,699650
2024-09-25,515.6165156563208,518.0541883471255,506.255876329028,513.0813598632812,918389
2024-09-26,511.91124252286426,521.0281141795418,506.7921300976356,519.3705444335938,2898448
2024-09-27,523.5146232967735,528.2924261759513,516.0553208806306,526.0010375976562,1665535
2024-09-30,523.1245459050656,525.513476982913,504.79325964743737,510.9849243164063,2533991
2024-10-01,509.9123615351555,516.6403021392591,508.59598263554415,513.9588623046875,448248
2024-10-03,504.110694135148,515.3239881052722,500.892978202941,503.0868835449219,1327525
2024-10-04,506.0608415632931,524.5871536821805,494.84754738607177,510.3023681640625,2218975
2024-10-07,517.8591357335398,517.8591357335398,497.6752247559997,505.7195739746094,1243472
2024-10-08,505.6220498010836,517.2741369855489,498.2115487410891,515.7140502929688,1047868
2024-10-09,512.057512867281,521.1256427303178,507.8159269784407,514.7389526367188,877141
2024-10-10,514.7389859013954,517.3228832290154,508.7422873149972,510.887451171875,371064
2024-10-11,507.0846320361926,515.5190028660504,507.0846320361926,511.4724426269531,333571
2024-10-14,511.9599681008228,516.7378300207165,508.93727799704607,512.2037353515625,398039
2024-10-15,513.8613818762575,513.8613818762575,504.9394763931234,506.93841552734375,593309
2024-10-16,507.4259632223109,517.664188364274,498.7478247727737,505.5245666503906,1788979
2024-10-17,506.8896055381369,509.8636136558015,498.5040357831705,500.015380859375,901930
2024-10-18,499.7228756612779,508.986031405243,494.7500176789581,505.7195739746094,569461
2024-10-21,508.010975188845,514.7877169908955,496.358888135462,499.5278625488281,752975
2024-10-22,502.5993505613192,503.1356266327449,487.5832634804492,491.2885437011719,1488448
2024-10-23,490.4597298039765,496.8951914545429,480.5140136388516,488.4120788574219,1515443
2024-10-24,491.9223426336793,495.1888299484038,486.55946278336165,488.3145751953125,547736
2024-10-25,492.21485315144827,492.21485315144827,475.199915785221,486.0719299316406,655297
2024-10-28,488.5095974446807,546.5262063228414,483.8780194249956,537.7018432617188,8107810
2024-10-29,531.4126497619944,570.3666714958706,523.8071228240628,566.51513671875,7481179
2024-10-30,554.0830126418853,582.1162490931905,554.0830126418853,573.4381103515625,3545531
2024-10-31,562.6148486368265,580.8486519944794,562.6148486368265,577.7771606445312,1575038
2024-11-01,577.825877688469,579.6297910843181,563.589893795906,570.7078857421875,153263
2024-11-04,574.7544541940914,581.9699293401089,550.2314441750577,557.251953125,1833362
2024-11-05,554.3267415824797,572.7555699892987,554.3267415824797,562.0785522460938,1925018
2024-11-06,567.8802576534612,567.8802576534612,557.2032392936259,561.103515625,1339593
2024-11-07,561.1034941669783,571.3417191452995,559.1046145262901,560.3721923828125,1135396
2024-11-08,560.6646995068446,562.02981997191,542.4796380565739,547.0137329101562,749703
2024-11-11,536.3367396006124,556.7644488835392,536.3367396006124,552.47412109375,759440
2024-11-12,548.9638957571476,559.689655709774,545.063619410738,549.93896484375,426370
2024-11-13,540.2369644570708,545.7461280809531,524.6358605463113,526.5859985351562,544053
2024-11-14,522.637026963341,535.80045954544,519.7605612741836,523.5633544921875,483595
2024-11-18,525.5622294986734,526.293531302243,507.3284259603065,514.690185546875,2048986
2024-11-19,510.9361846824334,522.3445045255602,507.18219262709096,510.0098571777344,1297484
2024-11-21,510.98494528119744,521.564480627583,491.9223564531546,517.1278686523438,1716580
2024-11-22,517.1278433831995,523.5633347780008,512.2037566165241,518.3466796875,871025
2024-11-25,525.5621903804224,583.0912613126022,525.5621903804224,550.7677001953125,7130553
2024-11-26,553.8392007353534,554.0829679891982,545.2586053027148,548.1350708007812,757777
2024-11-27,546.8674669067864,551.8403548973681,543.2597589400914,545.5511474609375,640134
2024-11-28,547.6475542327088,564.2724695868176,542.8696920954438,558.7633056640625,2598208
2024-11-29,563.58988391417,577.7283844621898,553.9854780369451,559.9821166992188,2166791
2024-12-02,552.8641685255336,571.3904810510805,549.3051425770706,568.1240234375,1188216
2024-12-03,568.1240058055521,575.9732997555976,560.2259107922116,565.4425659179688,1783525
2024-12-04,568.0752001636286,599.813745097099,564.516233867798,589.0391845703125,5132097
2024-12-05,589.9167565365717,591.4281016134303,574.1206265249606,584.4075927734375,2377873
2024-12-06,585.0414174449231,592.841969677522,573.0968218387559,579.5810546875,2037375
2024-12-09,579.5810512158686,588.2103882660961,576.6558441461656,582.7987670898438,2038776
2024-12-10,583.7250814812429,588.8441937384854,575.5344780642595,581.9699096679688,1464751
2024-12-11,583.481313482432,587.527814124873,566.5150890747965,568.6115112304688,1115407
2024-12-12,570.2691067344958,571.1466926797333,559.6896314095893,563.2486572265625,842844
2024-12-13,563.2486775318504,567.0026696822166,544.1372878671395,558.5682983398438,983789
2024-12-16,558.5682651936442,575.4857484257556,558.4220405485046,567.8314208984375,1301861
2024-12-17,568.4652397941442,568.9040327567176,549.9876699255816,551.5965576171875,1130337
2024-12-18,552.6203540368589,553.7417071887782,539.7006898269103,541.5533447265625,807472
2024-12-19,539.2131677687698,544.9660987890587,529.7062448289046,540.7732543945312,1282516
2024-12-20,545.8436399981919,545.8436399981919,521.8569652741818,523.7583618164062,1210214
2024-12-23,521.6619268672547,539.2131692665267,515.8115127341639,524.1970825195312,1158043
2024-12-24,526.9273285972339,529.169975467706,521.9056992779997,527.6586303710938,845710
2024-12-26,525.8060013003923,537.9943647983151,524.8796737718515,530.2425537109375,1929861
2024-12-27,530.3400843051558,538.6769128460552,524.5871530591473,533.5578002929688,1487382
2024-12-30,533.1190315705617,549.9389735817043,515.0315116293943,517.7129516601562,2635407
