date,open,high,low,close,volume
2017-11-02,266.93852006765604,276.4980407679768,253.59401974470748,258.3009948730469,113099
2017-11-03,261.98894885747734,261.98894885747734,245.39323697775097,245.6358642578125,147702
2017-11-06,248.2077109619378,248.2077109619378,233.89270123881528,235.8822479248047,397193
2017-11-07,233.8927105819608,247.3342685451474,233.8927105819608,242.72434997558597,145331
2017-11-08,254.85567212733457,254.85567212733457,243.64629009225516,254.80712890625,116053
2017-11-09,262.7653245796097,267.52081298828125,262.0374427940706,267.52081298828125,8258
2017-11-10,280.8653259277344,280.8653259277344,280.8653259277344,280.8653259277344,263167
2017-11-13,294.889244668639,294.889244668639,281.4476854898304,283.2431335449219,516205
2017-11-14,269.80156268109613,286.10610570111885,269.3163080719575,281.3506164550781,97766
2017-11-15,282.4181788897799,290.1822525362343,276.5951236549391,284.8444519042969,137404
2017-11-16,295.0348604238382,299.7903506058347,275.62467223805936,281.9329833984375,54867
2017-11-17,291.10427214771585,291.10427214771585,269.07369951112906,271.2088317871094,91870
2017-11-20,271.7426097014078,274.65413766249435,266.89006309959694,267.1326904296875,59105
2017-11-21,266.7444910593265,269.99570318697465,257.81579351736656,261.1640625,133093
2017-11-22,261.1639903623175,262.0374425807362,254.2733702079736,256.99078369140625,25553
2017-11-23,261.0184739012957,262.0374967638964,254.75867740934373,257.86431884765625,26151
2017-11-24,260.58166513908986,263.0079376264184,257.18488365682987,261.64923095703125,34189
2017-11-27,266.4047891108571,266.4047891108571,258.4466014142428,261.8433837890625,29991
2017-11-28,263.0080133547081,263.6873816938053,254.6616276715937,257.1364440917969,220652
2017-11-29,257.1364270588874,259.1259590925241,251.6530263278383,253.15733337402344,35770
2017-11-30,255.2438942740936,255.2438942740936,248.4503305481672,251.26480102539065,71198
2017-12-01,251.3618726683735,256.6511594422147,247.4798360248465,248.2077178955078,24233
2017-12-04,248.2077032722412,254.27338517038984,245.53880323705584,251.26480102539065,33722
2017-12-05,245.5873036582975,251.31331560268976,243.6462856721561,249.5178680419922,14675
2017-12-06,249.5179007580475,249.5179007580475,209.3388142914816,245.10208129882807,190976
2017-12-07,247.4312735377372,247.4312735377372,234.9117130096225,244.37417602539065,20875
2017-12-08,252.235246634156,253.30281230301037,244.7138029738176,251.555908203125,38260
2017-12-11,263.0079705731086,274.9937640854745,261.06695234009675,262.4256591796875,92879
2017-12-12,265.87093679473367,265.87093679473367,248.69291665577035,250.29425048828125,59252
2017-12-13,243.11253683429564,256.1658964674438,243.11253683429564,252.1382598876953,13344
2017-12-14,254.6616042446404,254.6616042446404,249.4208605686612,252.28387451171875,17643
2017-12-15,255.19540244592864,257.9128163211855,252.08976120198656,255.34097290039065,446942
2017-12-18,260.09646248144804,266.89002679999334,247.47984303272108,257.3305053710937,516880
2017-12-19,259.85385113719497,262.91094934470243,252.81765908959585,256.7967529296875,57890
2017-12-20,255.29241165437784,261.94040503649524,254.32190253633408,256.1658935546875,42921
2017-12-21,257.9127823193267,261.89187538304805,255.4379960669659,256.6996459960937,43533
2017-12-22,260.29058020291103,264.80344207527224,258.1554481083621,262.08599853515625,56045
2017-12-26,262.32858446719683,266.93850245644063,259.12591644801967,265.3857116699219,105722
2017-12-27,265.822395929446,267.86047065139707,262.03741694158407,262.8138122558594,40298
2017-12-28,264.41519156671745,265.9194686848718,261.98891904222046,263.3476257324219,21342
2017-12-29,266.55031018901747,266.64736701954826,259.70823309160136,261.6007080078125,53814
2018-01-01,257.6216922458601,267.0841574328577,257.6216922458601,261.8433837890625,71903
2018-01-02,259.12589448713567,264.9489482958353,256.068797161085,260.2419738769531,200465
2018-01-03,260.0965311594105,266.7930404038012,257.23351645072864,265.7740173339844,54103
2018-01-04,262.03748659146174,276.401011046476,262.03748659146174,272.32489013671875,243242
2018-01-05,273.3438549235876,291.15270106206765,273.3438549235876,285.7663879394531,127514
2018-01-08,291.05569362487995,291.6380050493283,285.3296954559152,286.0090637207031,85480
2018-01-09,293.5789832278243,295.714114952879,281.3991066797868,286.8824768066406,166365
2018-01-10,287.22223644146527,291.63804186729385,284.3592221867458,285.4267883300781,33230
2018-01-11,286.3001916746049,291.1527372962084,261.1640112782165,278.92431640625,668166
2018-01-12,276.692178279064,284.11656772040016,276.692178279064,278.8758239746094,254450
2018-01-15,277.5656068806739,287.27069803034783,277.5656068806739,285.4752502441406,67738
2018-01-16,291.00712878181054,291.1526992078976,269.99561491249074,271.1116943359375,46453
2018-01-17,271.25734755936367,280.4771858485012,263.5903300634942,275.0423278808594,24093
2018-01-18,273.1982836236663,280.8652988036201,258.6406486170767,260.43609619140625,63228
2018-01-19,262.03750086045807,265.8710242941572,260.0964823355658,264.6093444824219,12777
2018-01-22,272.7130677620058,272.7130677620058,260.63021714757906,269.17071533203125,22164
2018-01-23,269.17067835942163,276.0127549950745,262.5226857541454,265.6283264160156,25813
2018-01-24,262.5712029696804,269.2191956664167,251.8470901679444,253.0602264404297,430124
2018-01-25,253.302840678436,265.6283164205503,253.302840678436,260.2419738769531,64574
2018-01-29,257.4275419576246,266.8900057996108,252.33236911963203,256.3114624023437,1227085
2018-01-30,259.028907155111,260.8243551512987,254.2734178591265,259.3685913085937,61986
2018-01-31,260.96992561205093,261.01846884402914,254.07930416639607,259.3685913085937,16116
2018-02-01,261.98902362986684,261.98902362986684,254.17640521158995,257.9128723144531,43679
2018-02-02,255.82623452096067,259.1259599222957,237.7747572320691,255.6806640625,95629
2018-02-05,255.1953873383648,255.24390094778343,242.6272822697561,252.1382598876953,41947
2018-02-06,244.61689170463916,255.24396643276063,237.77479762747663,254.3705139160156,35032
2018-02-07,255.2438894269298,258.64067122538705,249.56640535456248,257.0393371582031,164749
2018-02-08,260.0963796177064,260.0963796177064,252.3323085843421,254.17626953125,14999
2018-02-09,252.33233347421265,263.1049890191284,247.47978859970857,262.2315368652344,16781
2018-02-12,264.9489989732668,273.68358135700083,264.9489989732668,271.79107666015625,21256
2018-02-14,276.6435510950451,286.30012653188174,269.752961574275,278.1478576660156,58700
2018-02-15,279.5065990489824,279.8462831310659,262.03743660842105,265.0460205078125,28447
2018-02-16,274.6541102233384,274.6541102233384,255.29243936939173,262.5712585449219,85077
2018-02-19,262.03750653826035,264.9490343886855,254.0793185667279,259.9023742675781,225249
2018-02-20,259.17445360813366,270.48090876654715,259.17445360813366,265.968017578125,16564
2018-02-21,264.26966376095186,267.6664462237795,258.0584103238713,263.2506408691406,21743
2018-02-22,262.6656048724124,263.2506121837623,258.91184019218383,259.8381042480469,7470
2018-02-23,259.3019200097795,264.761910063516,255.25563593660505,256.7181396484375,88387
2018-02-26,261.7880830324613,261.7880830324613,251.5505602323092,253.5005645751953,84836
2018-02-27,254.62177883340888,255.88929934837645,251.25803962130132,253.5492706298828,24509
2018-02-28,256.32806054608244,256.81556162348267,250.57555378370105,254.7680511474609,368987
2018-03-01,254.3292567927977,257.3030007470341,253.79298788395857,256.4742431640625,9746
2018-03-05,258.3756125023314,265.68812983730305,258.2781063202566,259.3993530273437,65700
2018-03-06,263.25055661194574,264.6155535471415,253.5005359966885,255.1092834472656,57890
2018-03-07,255.54805466740785,255.54805466740785,248.62553385234327,253.695556640625,15518
2018-03-08,253.69560087901476,260.3256043693088,248.1380760748655,257.64434814453125,27076
2018-03-09,262.27553374152984,262.27553374152984,250.5755099314988,254.1830291748047,56539
2018-03-12,262.27561962376154,262.27561962376154,252.47685837613284,254.47560119628903,13147
2018-03-13,256.37680241881355,258.3755447308889,252.52553239735937,254.03677368164065,185416
2018-03-14,252.67184675705928,256.18186108056074,249.84434596343937,252.03810119628903,910986
2018-03-15,254.4267826681262,254.9630218638568,249.1617629651778,249.5517578125,27691
2018-03-16,249.5518102327339,251.0143284107796,239.99678569273743,242.04429626464844,116976
2018-03-19,241.8493311777617,245.7005874097048,238.87557109276847,242.5318298339844,20617
2018-03-20,244.7255652691977,245.70056752126615,241.89806468914043,244.92056274414065,11991
2018-03-21,245.70056630384656,248.62557304555904,237.51055337799315,238.8267974853516,39502
2018-03-22,237.90051926648863,240.0455209729292,234.00051075392324,235.4142608642578,27663
2018-03-23,237.65680889182565,237.65680889182565,226.68803309681832,228.394287109375,23286
2018-03-26,235.7067720769428,235.7067720769428,222.10549492636008,225.6154937744141,30988
2018-03-27,225.71301252880755,229.5642682984289,217.5229998825912,219.57049560546875,34523
2018-03-28,221.1792719009392,221.1792719009392,214.69549784969763,216.8404998779297,13649
2018-04-02,223.27550237332576,255.35306859741704,217.4742422958649,247.6993103027344,1212116
2018-04-03,245.70050885730376,255.45052905005392,239.85049674165367,242.58050537109372,97467
2018-04-04,243.31182050794408,248.33307626925347,229.6130355796332,231.904296875,94607
2018-04-05,239.85053827700537,239.85053827700537,229.36926475473788,237.1205291748047,118133
2018-04-06,239.6067609871239,239.6067609871239,230.3442412338068,233.61050415039065,31708
2018-04-09,232.6355552275451,237.4130605568018,232.6355552275451,235.56056213378903,25134
2018-04-10,234.0492846335169,237.7542960251532,232.6355343975559,234.09803771972656,32793
2018-04-11,233.2205409023351,236.9255525180052,222.88552572713905,226.88302612304688,100915
2018-04-12,226.24926632309763,231.61177849035445,224.3967531934516,226.2980194091797,14641
2018-04-13,230.5880209557096,231.07552205709584,225.27426192606973,226.9317626953125,9080
2018-04-16,222.30052277881535,230.83179284159883,221.76426854225525,228.394287109375,10067
2018-04-17,228.4429835001204,230.5879850366188,223.27546965490785,225.42047119140625,14493
2018-04-18,224.29924782068923,238.87552700316715,224.2504947376671,225.12799072265625,447407
2018-04-19,227.95550082068644,229.8079989155366,223.27548762427065,225.322998046875,38568
2018-04-20,228.00428673934812,230.1005356684368,219.37551070084015,228.5892791748047,615790
2018-04-23,227.95550837199556,235.4630220413208,225.27425242742564,234.00051879882807,104839
2018-04-24,234.43924554729043,249.3080271649744,229.12548722332605,235.90174865722656,904241
2018-04-25,235.90181175819063,235.90181175819063,221.71552482167493,232.4893035888672,37254
2018-04-26,232.05052217195376,234.48802765695328,227.17551120195472,228.686767578125,17453
2018-04-27,230.14927522288156,234.0005309865648,229.71052720275236,231.31927490234372,14635
2018-04-30,231.9042723246129,236.9255275543505,228.10175493127971,228.8817596435547,17304
2018-05-02,229.46678247958005,230.34427854213249,226.20051903396717,227.76052856445312,17710
2018-05-03,227.46800446432013,227.76050808465408,223.714240237631,224.5917510986328,13858
2018-05-04,224.29928108489852,226.9317843076257,220.54551629578555,223.9092712402344,33399
2018-05-07,224.15298822945584,228.05299682763587,219.37548364762617,224.5917510986328,37494
2018-05-08,223.81177093533984,223.81177093533984,217.4255031803564,219.2292633056641,35692
2018-05-09,219.2292506569919,223.76300493679625,214.5004840352731,216.8892364501953,733289
2018-05-10,220.78921452680245,225.71297792791395,217.4254603798048,222.49546813964844,85271
2018-05-11,222.64173601110272,228.24799809932665,221.0329736158972,222.73922729492188,146881
2018-05-14,232.0017783459231,232.0017783459231,219.47300857941684,222.2030029296875,40574
2018-05-15,225.17671221042835,228.150471329293,219.3754532012433,220.1067047119141,25492
2018-05-16,220.9355239395485,220.9355239395485,216.8405024368172,217.8642578125,146489
2018-05-17,218.64424026425075,227.80925486396276,215.18297952762927,223.71424865722656,23767
2018-05-18,224.29923239474164,225.22548139905103,219.3754688951796,219.52171325683597,14619
2018-05-21,219.4242247155764,219.4242247155764,215.4754632506708,217.1817169189453,15737
2018-05-22,216.4505071629263,218.6442623030911,214.5980087732844,216.20675659179688,15054
2018-05-23,216.4017429155884,216.4017429155884,209.62548036304435,209.91798400878903,52221
2018-05-24,213.03798010883904,213.03798010883904,206.7004658264251,206.84671020507807,25164
2018-05-25,207.9192371733965,218.40051173196167,207.52924221053115,216.20675659179688,18397
2018-05-28,214.5004573299114,223.90922143912388,213.52545525113905,222.9342193603516,9355
2018-05-29,220.30174544456747,224.2017542681132,217.52299808420292,220.20425415039065,14021
2018-05-30,221.76426530570367,221.76426530570367,211.77049194944055,212.35549926757807,31518
2018-05-31,210.64920694071583,215.231713840907,208.16294860717392,211.52670288085935,77671
2018-06-01,210.94172835928637,218.6929927429392,209.8204669218066,214.79298400878903,108531
2018-06-04,215.42676071525864,219.0830194337028,212.16051185319475,215.3292694091797,40693
2018-06-05,216.35299250858037,218.40050317680436,209.62548295987915,210.94174194335935,16465
2018-06-06,209.77172346083475,217.0355019633111,209.62547907753597,214.9879913330078,9345
2018-06-07,213.91546307441388,224.88423712425543,211.5754638947218,213.47671508789065,19405
2018-06-08,214.5492215175155,219.0342223856666,213.9642142890232,217.47422790527344,8129
2018-06-11,218.0592317797958,225.2255037594465,214.74423031609564,223.76300048828125,24123
2018-06-12,227.17552185058597,229.6130274498412,221.3255084123734,227.17552185058597,26924
2018-06-13,231.0754906026029,233.31799833919544,226.4929838488232,230.8804931640625,16321
2018-06-14,233.02553795135583,233.02553795135583,223.76301656835216,228.19927978515625,17368
2018-06-15,228.19925327617813,232.0505087441506,226.73675006980744,231.4167633056641,29521
2018-06-18,227.27300293799524,231.6117594502657,226.44424517478944,229.22300720214844,6868
2018-06-19,228.7842882692724,234.0005566283888,224.3967778324901,233.1717987060547,37868
2018-06-20,229.6130194553155,233.51302827833567,224.88425280646229,227.468017578125,9019
2018-06-21,227.17548160195656,227.17548160195656,219.47297122390356,220.78921508789065,8247
2018-06-22,220.98422244619945,220.98422244619945,213.2817117223666,217.62046813964844,24808
2018-06-25,217.6204935225257,219.37550050201244,214.7929930225522,216.6942443847656,134512
2018-06-26,218.59548847023692,233.269274435261,218.59548847023692,227.02926635742188,121081
2018-06-27,226.2005098884897,228.15051428408012,222.30050109730885,224.73800659179688,94815
2018-06-28,225.2254849973298,225.2254849973298,219.52171676398936,221.08172607421875,12902
2018-06-29,220.83796452767083,226.2004758075922,220.59421401494717,225.42047119140625,7034
2018-07-02,225.274237462176,228.15049067253463,221.3742290746113,226.1517333984375,23589
2018-07-03,229.4667669317388,229.8567618492589,224.25049936513065,226.6392517089844,9723
2018-07-04,232.050520024,232.050520024,226.151753829432,227.0780029296875,17498
2018-07-05,228.10174974247687,231.02675618895623,225.22549637890927,227.95550537109372,32386
2018-07-06,227.22427881539895,240.82555731586476,225.56677795509253,238.19305419921875,50151
2018-07-09,237.85177852579167,248.62555557623224,237.85177852579167,242.23928833007807,91384
2018-07-10,243.65302449755225,244.7742858650028,231.90426082158515,233.2205047607422,36166
2018-07-11,232.24551625932295,241.8005405970982,229.2717566353801,238.8755340576172,30126
2018-07-12,239.36304055802287,243.65304429529067,236.0480390226208,238.6805419921875,17623
2018-07-13,236.87678311704255,237.99804458103984,229.3205160159231,230.24676513671875,11878
2018-07-16,230.7829990180176,234.68300750121972,229.12549838812703,230.44175720214844,17974
2018-07-17,230.78302979894735,231.4167901884072,224.34802386979916,228.19927978515625,19545
2018-07-18,228.6867657579901,232.05052032504648,221.6179999077523,223.71424865722656,40403
2018-07-19,226.3467314608781,228.00424693200364,217.03547331200383,221.08172607421875,22204
2018-07-20,219.96048162425168,223.7142308154926,216.7429716907941,218.2054748535156,14225
2018-07-23,219.47297929940729,225.95673733232852,219.03421645124976,224.9817352294922,11065
2018-07-24,223.51922432750055,247.4067750189892,223.32422688916267,242.67800903320312,63056
2018-07-25,242.6292869860606,245.21303669010504,236.243020033174,242.0930328369141,24406
2018-07-26,242.82427907965896,243.45802450180696,236.58425663360617,238.9242706298828,5376
2018-07-27,240.87429473794373,243.2630471351429,232.29427246472065,239.3142852783203,6256
2018-07-30,239.75392383615136,246.20207950044164,239.46083804863687,242.39181518554688,15186
2018-07-31,242.2452537098912,244.39463392948105,237.1160437980943,240.24241638183597,7617
2018-08-01,244.39465395878585,244.39465395878585,235.35747384974192,236.5298767089844,7121
2018-08-02,235.1620451396132,239.26540984443767,234.9666496599015,236.3832855224609,13450
2018-08-03,237.40915064483684,245.22508976071623,237.40915064483684,244.7854461669922,23110
2018-08-06,254.0180575014248,254.0180575014248,238.48388225577295,241.07290649414065,28645
2018-08-07,243.22226117383292,245.22509862622888,235.455174378172,235.99252319335935,12036
2018-08-08,234.57585905625604,238.2884178995683,232.52416924687228,233.89195251464844,20259
2018-08-09,234.7712620444403,240.4378205922132,234.7712620444403,236.82293701171875,24380
2018-08-10,237.4579871531353,241.26825125081356,234.4781575856076,237.16488647460935,12041
2018-08-13,239.36314191847345,244.1503987937544,226.808783409865,240.09588623046875,33523
2018-08-14,244.0038335885564,244.24808167022664,237.7022360630085,240.291259765625,15387
2018-08-16,238.72807183528008,254.0179951985677,238.72807183528008,252.0640106201172,61706
2018-08-17,255.97206449679464,265.6931529181767,254.3111651292239,263.25067138671875,111508
2018-08-20,260.8569343610281,270.62685699627264,260.8569343610281,265.3511047363281,43601
2018-08-21,268.5263809065568,268.5263809065568,259.0495422132277,262.51788330078125,35885
2018-08-23,262.5177983783967,268.6728368975117,260.85689982412947,264.5694580078125,34827
2018-08-24,263.7390916595383,269.60104564509186,263.7390916595383,267.50048828125,15381
2018-08-27,267.45162800671585,275.5118140562333,267.45162800671585,274.0463256835937,66834
2018-08-28,274.29063619886125,277.95435796465193,273.5578918457031,273.5578918457031,36051
2018-08-29,278.10090595509826,278.10090595509826,273.5578968455732,273.8509826660156,27671
2018-08-30,277.4170179687618,288.115067401793,274.53487831648613,286.7472839355469,58875
2018-08-31,292.8046341450966,293.0977199388587,284.2559506468799,286.5030212402344,87578
2018-09-03,288.21273103535594,295.05167719551696,284.40246699492553,287.2845764160156,39663
2018-09-04,292.85344721629303,292.85344721629303,283.3277721191826,284.0605163574219,43576
2018-09-05,283.4743426463767,298.91084065981767,283.3277997475268,296.27294921875,67790
2018-09-06,297.9826919478247,319.4765254653728,295.2959627581312,311.80712890625,158126
2018-09-07,311.6605442387033,313.22373788449306,298.2757377793922,301.1090393066406,50668
2018-09-10,301.8906069791281,311.6116918484821,292.1206844231692,294.7585754394531,52675
2018-09-11,295.05169281913,299.9366546207712,286.2587615761758,288.65240478515625,21565
2018-09-12,286.60070787256046,296.0286779566053,284.402475115457,288.8477783203125,32817
2018-09-14,297.005666868459,297.005666868459,287.23574361620706,293.68389892578125,34194
2018-09-17,288.5547167362959,302.4279911882512,288.5547167362959,293.5373840332031,35626
2018-09-18,293.4885309983949,296.02871737459907,284.7933040088964,287.0403747558594,26118
2018-09-19,290.11791185704107,302.86765104754284,285.57487323897385,288.5547180175781,13610
2018-09-21,292.6091565264368,292.65799420903176,273.5578091065185,278.4916076660156,232541
2018-09-24,279.3221509684558,287.7242924670862,268.9660244615599,283.1324157714844,84987
2018-09-25,281.3737656526398,292.12068031298367,263.7879052993498,288.9942932128906,86672
2018-09-26,289.2386155700016,294.8563224036549,288.2127853787298,289.72711181640625,20648
2018-09-27,290.655199019308,292.12068741772464,281.81343094170245,288.7989196777344,55989
2018-09-28,290.1667143606373,292.1206989691264,284.158217652621,287.7730712890625,68711
2018-10-01,288.1639021352114,294.0258561655698,280.44563880955417,291.0948791503906,29104
2018-10-03,291.14367945815667,291.14367945815667,283.327741754582,285.1840209960937,17498
2018-10-04,291.1437042324862,291.1437042324862,273.5578429030072,273.6555480957031,48267
2018-10-05,273.6066428352959,282.3507346047661,264.91141856314954,276.58648681640625,74679
2018-10-08,275.2188213369405,287.23581812837733,273.55792202702605,276.9285583496094,72991
2018-10-09,274.6325601022951,278.9801582426267,270.62688543778125,274.1929016113281,14648
2018-10-10,273.7044287713013,292.0230371998925,273.6067235632601,286.7472839355469,35648
2018-10-11,281.66687657488984,283.32777546066274,275.1698835489661,279.2243957519531,21876
2018-10-12,280.4945426321116,288.1150719320517,275.5118750980997,283.03472900390625,101908
2018-10-15,287.23575308671224,287.23575308671224,275.70725519512246,281.9111328125,143409
2018-10-16,287.04037425758736,287.04037425758736,279.61525537680217,283.03472900390625,7499
2018-10-17,284.2559159128134,285.47715626333166,283.3277613202442,283.47430419921875,11932
2018-10-19,287.18701141711523,287.18701141711523,277.51475999217354,283.18133544921875,32115
2018-10-22,282.6927211882141,296.0286598002879,278.44279882205296,293.43963623046875,48447
2018-10-23,295.0516758818601,298.9596450988384,284.3535982242065,287.7730712890625,51120
2018-10-24,288.798900382146,293.6838613838215,278.4427770955066,286.6495056152344,63301
2018-10-25,283.3278499808925,294.07476842844363,278.931383343258,290.7041320800781,37804
2018-10-26,286.3076331287341,293.097742762237,285.18409774456774,286.0633850097656,12897
2018-10-29,286.30760707479,293.09771609039404,282.4973427287032,292.4626770019531,29337
2018-10-30,286.5029773099429,291.24139568548804,281.6668537463111,284.6466979980469,14525
2018-10-31,290.1179373469505,290.1179373469505,281.325004769793,286.0145568847656,21247
2018-11-01,285.33060672124776,292.12071554726856,285.33060672124776,290.89947509765625,7662
2018-11-02,290.899453473476,298.9596398417587,281.3249409864186,287.47998046875,18043
2018-11-05,288.2127510955304,293.0977129785055,287.2357587189354,291.19256591796875,26589
2018-11-06,292.4626150399326,292.4626150399326,284.64667760009706,290.21551513671875,8113
2018-11-07,294.0746867028392,294.0746867028392,291.19254744851264,292.4137878417969,2155
2018-11-09,286.25878855897093,295.0028829343046,286.25878855897093,293.0000305175781,27608
2018-11-12,298.81309764990294,298.86193533819323,286.20990308083464,290.8506164550781,14676
2018-11-13,289.23853878390395,292.1206777987283,286.30756208358224,289.9712829589844,14122
2018-11-14,291.1925359519841,291.2414034550498,283.42546524661066,283.9627990722656,13213
2018-11-15,285.1351869092297,287.13800904486624,278.1985361466988,281.4714660644531,12168
2018-11-16,287.6265170328259,290.1667028865024,278.49163338627443,288.7989196777344,22678
2018-11-19,287.3334521249284,293.97698808688733,285.86796362019265,288.8477783203125,18269
2018-11-20,284.5978292832628,291.1436892564793,284.5978292832628,286.2587280273437,200266
2018-11-21,286.25881849426787,290.60644728836286,283.4743837506029,285.623779296875,8921
2018-11-22,284.744375285211,286.0632908411143,279.41975611832095,280.93408203125,17894
2018-11-26,285.2329213356645,286.6495423182753,273.8509368920453,275.21875,8766
2018-11-27,275.5118848258353,285.7703060693505,265.93737025806587,283.62091064453125,74478
2018-11-28,281.4715036139742,294.85628099655,275.21875850116623,290.2644348144531,43587
2018-11-29,289.33628246456016,298.12921373536494,285.2329324274491,292.6580505371094,35246
2018-11-30,295.05173530283474,295.05173530283474,286.11225988174846,293.2442932128906,28768
2018-12-03,293.4396562835876,301.79292889292094,287.2845866313165,298.4711608886719,36963
2018-12-04,296.4683184005599,310.24388565477994,296.4683184005599,308.5341491699219,39615
2018-12-05,308.7295996634996,311.6605768754948,305.35896394352824,308.4853515625,24826
2018-12-06,308.7295852839251,316.54552415187254,307.75259292543166,313.8587951660156,84780
2018-12-07,307.75256210498594,328.90443858498713,307.75256210498594,326.0711669921875,95965
2018-12-10,326.315445491972,329.2464225472891,315.812777710419,318.2064208984375,49119
2018-12-11,314.5915616159785,324.99652500447434,312.588739066029,319.036865234375,14634
2018-12-12,323.3356094521645,336.7203859007351,319.5253156788246,332.1285400390625,52327
2018-12-13,339.0163820095868,340.43303299603485,324.3614951792012,329.09991455078125,30786
2018-12-14,331.68892687312655,334.57106644076373,317.52253677103425,321.1374206542969,25643
2018-12-17,321.1374107739574,326.9993651186081,317.4736893085507,317.81561279296875,16432
2018-12-18,321.1862484673196,325.6315519191697,314.5915498295875,317.81561279296875,10548
2018-12-19,315.715074734733,324.26375787292244,315.715074734733,321.7235717773437,10562
2018-12-20,322.21210695487883,322.21210695487883,317.4737172942775,317.6690979003906,7808
2018-12-21,318.49955456264775,319.4765470613062,316.25248374191136,317.4737243652344,15194
2018-12-24,320.4046406524095,328.269416837977,314.2495711974339,326.46197509765625,10398
2018-12-26,324.3614536106116,327.3901357971721,312.97949892742355,318.4017944335937,7854
2018-12-27,319.3299181654422,331.7865691692055,319.3299181654422,324.5079650878906,63771
2018-12-28,322.84714402393564,337.01353353949776,322.84714402393564,333.8871459960937,16709
2018-12-31,333.15433593750004,350.44710958242416,328.6113282287121,348.053466796875,121487
2019-01-01,350.78916077856445,354.6482932511397,338.3813733667593,342.09393310546875,320389
2019-01-02,341.8984811886638,354.6482192949938,335.1083725018812,344.8782958984375,754873
2019-01-03,342.1427401271272,382.9321716016837,341.8984920344652,351.08221435546875,1408638
2019-01-04,351.7172599891611,360.5101914888901,338.8209485300485,343.02203369140625,310286
2019-01-07,353.6712277937727,356.4556619314802,338.723256887781,341.0191650390625,84754
2019-01-08,346.5392116526493,346.5392116526493,327.7809458929563,329.5395202636719,69648
2019-01-09,325.6804569964108,336.6716226605022,325.6804569964108,327.7321472167969,55029
2019-01-10,327.7320740323152,331.83542374134043,315.5685081540712,317.03399658203125,75675
2019-01-11,318.30410241699275,327.29244415273683,316.25244229107466,320.2580871582031,62337
2019-01-14,315.56854147916954,324.7034262745496,314.5915490906891,319.4276733398437,35782
2019-01-15,319.4764970982716,322.26093124707853,315.81277580127306,317.57135009765625,21616
2019-01-16,317.4737118063833,330.07690857742176,315.861650395012,327.4878845214844,84255
2019-01-17,329.3929462819817,337.9904963668748,322.40745733612016,322.7982482910156,75127
2019-01-18,324.31261224255115,336.0853577612084,321.4304729751092,333.8382873535156,73972
2019-01-21,334.91296590769474,334.91296590769474,322.4074757443915,322.7005615234375,23735
2019-01-22,323.3844806517461,327.29245020645,322.4074882630701,325.0453796386719,20559
2019-01-23,326.3155201502676,330.56544381591294,322.4075498490668,323.4333801269531,17123
2019-01-24,328.1229382550978,330.22346617447954,322.5052313601177,327.7321472167969,23942
2019-01-25,327.68327148961606,331.9820324340761,317.5225556712257,323.9218444824219,53198
2019-01-28,329.73493521252897,331.2004238134735,313.6145606021386,329.1976013183594,37363
2019-01-29,327.2924380510106,339.0163462797035,322.40747628905524,333.9359741210937,28609
2019-01-30,333.93593849753387,339.01631011418067,327.7808992602525,332.5193176269531,10665
2019-01-31,332.51935105198214,340.77491848959073,325.3384513430343,337.1600646972656,40792
2019-02-01,334.2291075406028,339.0163643595367,329.78377421088834,334.3268127441406,38776
2019-02-04,337.94171249921163,337.94171249921163,322.407537127954,323.8241882324219,1073497
2019-02-05,322.5539921317314,334.131356499858,315.12884491309137,331.8354187011719,521242
2019-02-06,330.02799536532814,336.9646468339509,325.9734831808147,331.7377319335937,25157
2019-02-07,331.20045860649685,345.85534615545686,327.2924885934408,339.60260009765625,528033
2019-02-08,334.1314090280641,339.01637114835745,330.22343933182947,331.88433837890625,19237
2019-02-11,327.3901733010684,343.80363440168327,320.74660680571986,337.306640625,168770
2019-02-12,337.11125106840365,341.94737588205646,333.74064482397614,340.72613525390625,27483
2019-02-14,343.6718593827261,345.5866145856103,333.803579406774,334.8836669921875,10743
2019-02-15,334.8837063847868,341.60986241706985,325.3591031409934,331.59429931640625,19877
2019-02-18,335.7183002418193,339.7441765349616,326.8319399806239,338.4185791015625,32261
2019-02-19,335.8655697620412,347.59952035936493,334.78548223074483,342.6408386230469,55417
2019-02-20,342.0025723799176,357.3205235815583,339.8914513090898,350.2998046875,65721
2019-02-21,350.29979473582085,353.4910332302607,345.83207282992754,349.17059326171875,12231
2019-02-22,345.2429510714292,347.5995522119074,340.72611473879056,344.8501892089844,26219
2019-02-25,344.85014866205955,352.5091089595378,344.6537527710244,349.71063232421875,25085
2019-02-26,345.6847980514792,358.4006694043406,343.6718747712855,358.2533874511719,44292
2019-02-27,355.4549093240409,359.6280677898618,338.7622754607572,344.8501892089844,61922
2019-02-28,341.70799587825155,352.4600267003982,341.70799587825155,351.5271911621094,32547
2019-03-01,353.73651920018847,363.31023484821577,350.00523688266463,359.431640625,92508
2019-03-05,359.3825514943976,376.56614343743576,359.3825514943976,373.1294250488281,143151
2019-03-06,373.1294902154548,377.057169059828,367.3361699131666,372.9822082519531,63910
2019-03-07,377.057116519101,390.26394677933513,372.7366763854811,377.8917541503906,679160
2019-03-08,380.9356847869271,381.72120840632857,364.7340129188771,373.9640502929688,27341
2019-03-11,375.0932765786056,377.9899513029046,367.2379200010432,372.2947998046875,17325
2019-03-12,372.7366338620504,380.395593681254,369.987241388277,372.3438720703125,35171
2019-03-13,377.64630961007936,379.0209911495842,366.256035489106,376.9589538574219,27936
2019-03-14,377.0571154890905,377.7935551677801,373.12943720274575,375.6824340820313,19666
2019-03-15,374.1113522294656,426.1530888913073,374.1113522294656,406.9565734863281,1130039
2019-03-18,412.2098278730352,412.3080258242385,391.78591258666967,393.8970336914063,94989
2019-03-19,394.8299559807396,395.4681978550026,374.7987981346919,377.0081176757813,56350
2019-03-20,379.80644542807545,380.93567681030174,361.34637106643794,364.0957336425781,146996
2019-03-22,367.0415040336305,368.21981944216776,351.5762716170595,354.27655029296875,64204
2019-03-25,349.4651603121914,364.39034939275774,342.14987767640446,358.7933959960937,158859
2019-03-26,356.43676927242547,375.63328301413657,356.43676927242547,371.4110412597656,392463
2019-03-27,375.5351214757616,375.5842054640101,356.92773512723574,365.9122924804688,280764
2019-03-28,360.41356954231264,381.2302766067097,357.5169247632916,376.3206787109375,148683
2019-04-01,378.0390875259831,386.8763648967204,369.2018101552458,381.9667663574219,31347
2019-04-02,381.1321341775046,388.0546861984788,376.0752536013537,380.6411743164063,28917
2019-04-03,374.4550652491493,390.80402146029365,374.4550652491493,378.2845458984375,83939
2019-04-04,383.9305273264045,385.8943663408618,374.11133225411794,383.3413696289063,52521
2019-04-05,386.8272177301305,389.3311005899729,381.67214010567307,386.1398620605469,28829
2019-04-08,392.6696235370903,392.6696235370903,380.59202501273,384.176025390625,16220
2019-04-09,387.8091510886517,387.8091510886517,370.4291624923496,375.1423645019531,19303
2019-04-10,372.7857402442214,374.9459751772637,367.6306627577305,369.2508239746094,13473
2019-04-11,371.9020863719829,374.6514495456361,368.7108473470088,370.52740478515625,9979
2019-04-12,371.3129376011891,371.8038974631412,365.7650971542931,366.84521484375,10107
2019-04-15,366.5505831409404,371.9511410653978,363.3102603725895,369.34906005859375,27011
2019-04-16,368.21976462082665,373.1293614824377,367.3851271611925,371.70556640625,29005
2019-04-18,371.7056622095428,371.7056622095428,362.4265397289807,365.5686645507813,22839
2019-04-22,368.2198445155231,368.2198445155231,348.5814528080285,353.3928527832031,29933
2019-04-23,347.79594985271245,378.8737005887183,347.79594985271245,375.0442199707031,108484
2019-04-24,372.4421081542969,377.4499043207178,366.4524223118698,372.4421081542969,19531
2019-04-25,368.2688858343344,374.7495603400037,367.2378823754842,372.1965637207031,32714
2019-04-26,370.380039600675,375.0932411152782,369.5454020500586,373.22760009765625,23930
2019-04-30,373.1294549427286,378.0390530340803,360.3644999052143,373.522216796875,18162
2019-05-02,389.72384264944304,389.72384264944304,363.85025789152365,367.3360900878906,67967
2019-05-03,364.34125892712086,373.1294514138493,363.3102553240112,367.6798095703125,46576
2019-05-06,373.080357025768,373.080357025768,358.4006472941108,363.55572509765625,88646
2019-05-07,369.1526764283287,371.2146835644159,358.940688869576,362.1319274902344,43552
2019-05-08,359.4807335148112,368.0725291056728,355.5530555304173,364.3412170410156,76839
2019-05-09,369.7909506316216,369.7909506316216,358.4006765614385,361.346435546875,120447
2019-05-10,361.3464495283263,366.9924878022064,359.48080809185853,364.9304504394531,15153
2019-05-13,364.9304281634489,366.2069416747617,358.4006685514945,364.6358642578125,162071
2019-05-14,361.10095790419615,369.20179516513326,359.0389206082501,365.372314453125,20578
2019-05-15,372.14754415567216,372.14754415567216,363.3102673815269,364.24310302734375,5046
2019-05-16,369.20177523718377,377.0571321571239,359.38257908725865,368.7108154296875,45830
2019-05-17,370.8710413792568,375.0932836327791,364.4885640399556,372.7857666015625,26785
2019-05-20,377.0571175371377,381.3284736898996,368.5635191899444,380.10107421875,46984
2019-05-21,378.7754729151317,380.4938321571317,363.3593237291522,376.8607177734375,46194
2019-05-22,378.03903823503936,378.03903823503936,371.21468516888905,372.93304443359375,68428
2019-05-23,374.99505677029066,380.0028522897508,365.2740595653419,371.2146606445313,43279
2019-05-24,377.1552977610207,395.66448690915234,372.9821397552581,391.63861083984375,76209
2019-05-27,393.7498464500168,393.7498464500168,384.4216081924727,389.3312072753906,67321
2019-05-28,387.8581660029451,391.7367596492954,379.7082469061661,387.4162902832031,72981
2019-05-29,382.9977619301858,389.82211574119856,380.69027463837136,387.8582763671875,225665
2019-05-30,383.4395964783554,391.5404330236728,376.2715955215492,381.52484130859375,19615
2019-05-31,383.63604118539325,387.3182400835159,374.307803976816,382.3595275878906,28296
2019-06-03,390.8039807843922,390.8039807843922,376.0751875387493,379.3646240234375,12079
2019-06-04,384.9124602209836,390.803977469264,377.35166776603455,388.1036987304688,33033
2019-06-06,391.78587805985495,391.78587805985495,382.8995186265236,387.6618041992188,32204
2019-06-07,386.9254226338025,389.7730135659688,374.6514271186354,378.4318237304688,185087
2019-06-10,379.0209624493138,388.7910743744211,379.0209624493138,381.3775634765625,11593
2019-06-11,387.2691060058871,389.82210310249104,382.94866551630105,385.6980285644531,28501
2019-06-12,388.7910467612247,392.27684907835214,379.2173314207643,388.0054931640625,50566
2019-06-13,392.767866448342,392.767866448342,382.9977537841155,388.15283203125,14621
2019-06-14,388.152782210394,390.1166212905696,380.98478155407537,385.5016174316406,29749
2019-06-17,387.6128033418393,387.6128033418393,375.3388070358913,382.7522888183594,24073
2019-06-18,378.03903670031366,384.9124737312285,375.0932779727788,377.4989929199219,14864
2019-06-19,378.23539543555,382.6540330926671,372.7857243456228,373.22760009765625,54246
2019-06-20,376.0751888899085,380.6902227764468,373.08034623885726,375.19146728515625,26425
2019-06-21,379.0209922748698,379.0209922748698,373.0803902631033,373.57135009765625,8990
2019-06-24,369.74182780577496,377.9899767399245,369.74182780577496,373.6204223632813,71495
2019-06-25,373.62038368204696,397.48101643547153,373.12942391373946,392.6696166992188,61629
2019-06-26,385.010708522959,402.1943027445133,385.010708522959,389.9693908691406,30478
2019-06-27,392.7187320444474,392.7678160351293,384.42149994438273,385.5016174316406,18762
2019-06-28,386.8763129392787,386.8763129392787,369.398156473015,377.106201171875,33343
2019-07-01,377.106140436184,385.8452472276265,372.73661700626536,380.4937744140625,31958
2019-07-02,383.9305284890909,384.91244799929314,376.6152161517617,382.5558471679688,20690
2019-07-03,382.948611931017,385.7961725393942,378.0390143421578,380.1992492675781,16152
2019-07-04,378.38271556415873,383.9305551894639,378.0390377185258,379.7083129882813,8274
2019-07-05,378.0881363199588,386.729046924026,378.0390523254608,379.9046936035156,12218
2019-07-08,379.2652138325619,385.5125197279911,377.1991716434581,378.33056640625,41132
2019-07-09,375.23141361875145,381.4787177740749,373.8540625509954,376.8055419921875,56191
2019-07-10,374.3952138565548,380.7409076604989,374.3952138565548,378.67486572265625,19840
2019-07-11,375.1822931787838,382.6593816079256,375.1822931787838,378.67486572265625,8437
2019-07-12,375.8217569889927,408.1404664416691,375.8217569889927,398.1546325683594,1026092
2019-07-15,402.2867018831682,402.2867018831682,390.57917102353593,397.90869140625,91474
2019-07-16,397.908741721935,400.4174879290858,390.92356578028654,393.72747802734375,17469
2019-07-17,390.6283977406613,413.010456226541,390.6283977406613,409.7146606445313,109891
2019-07-18,409.7146155810549,415.5683660652708,404.6970937202941,408.87835693359375,25266
2019-07-19,408.8783478586301,415.0764435335301,382.9053311855172,385.9551696777344,64920
2019-07-22,387.5293228338762,388.1196248460481,375.3298780196891,376.95318603515625,16810
2019-07-23,374.8379185423751,381.5771364684757,374.8379185423751,377.9861755371094,12413
2019-07-24,383.6924591672373,383.6924591672373,357.32591244432416,370.4107971191406,84065
2019-07-25,377.7894980368831,383.2005455348072,350.2423471383604,357.2767028808594,542444
2019-07-26,357.27668327174246,358.0637626971942,330.565792639182,333.71405029296875,61692
2019-07-29,325.64666094085004,339.4202357238467,321.71135385999384,331.74639892578125,66727
2019-07-30,329.581929965652,342.617633165786,329.581929965652,339.3218078613281,32850
2019-07-31,337.452526905648,342.17488261950683,332.7793505126398,340.74835205078125,33306
2019-08-01,345.2739652097225,355.1614107572115,337.10818622777094,351.718017578125,42536
2019-08-02,351.7180321036908,356.1452520882128,339.3710194897934,352.6526794433594,20112
2019-08-05,349.2584533774417,352.111544597414,342.0765309936489,349.4552307128906,81583
2019-08-06,349.45526384849774,356.784754916862,340.9451386794978,346.6021423339844,16538
2019-08-07,343.3554978280176,347.8811063829876,343.3554978280176,344.7328491210937,12461
2019-08-08,341.3879174787385,351.8164881096927,341.3879174787385,347.044921875,36575
2019-08-09,343.355571181786,353.1446603640524,343.355571181786,347.044921875,56750
2019-08-13,350.2423316353924,350.2423316353924,336.4687567957983,344.1918029785156,776067
2019-08-14,341.38782829944466,347.97947849235004,336.1735593580753,345.8642272949219,11878
2019-08-16,345.8643176435664,352.8003149612165,341.58469485864833,347.044921875,23878
2019-08-19,342.37175791687133,350.04559565367833,342.37175791687133,348.17633056640625,11527
2019-08-20,347.2908140586743,353.1937740710031,344.3393340525099,350.2914733886719,51745
2019-08-21,345.51995433887123,353.1937907067401,334.5010831205895,334.6486511230469,59657
2019-08-22,332.5334477885556,339.3710558399658,329.58196748274,332.2383117675781,11675
2019-08-23,329.5819752000055,343.1587729150581,327.86027831463235,338.879150390625,28209
2019-08-26,340.89590237731227,344.3392953306185,335.5832449684406,343.55224609375,18659
2019-08-27,337.64933198796905,344.3393414697788,337.64933198796905,343.0111694335937,19425
2019-08-28,340.4040123639049,343.79822623089296,331.54957273594204,334.5502319335937,100785
2019-08-29,328.7949053136549,336.46874180127327,328.7949053136549,329.9263000488281,759125
2019-08-30,325.6466300112524,336.8130687974065,325.6466300112524,332.4350280761719,319794
2019-09-03,332.434988207319,337.3049416828868,324.6627643977494,325.7941589355469,109820
2019-09-04,322.05573590384944,328.49978997287155,320.776742942538,325.5483093261719,21122
2019-09-05,319.9403945833442,328.40127859038506,319.9403945833442,325.2530517578125,9862
2019-09-06,321.2686289507034,343.35555258045457,321.2686289507034,336.6163330078125,233757
2019-09-09,331.9431137486957,336.8130677938049,328.1553750496116,333.5172424316406,66556
2019-09-11,342.2241583084486,343.3555531233939,331.6971995411928,336.3211975097656,19437
2019-09-12,335.4848556340662,340.30559975421244,324.6627635168383,326.6795959472656,27542
2019-09-13,333.2713351956252,335.53412487148154,324.66285052267546,330.3198547363281,148498
2019-09-16,325.8434093350034,348.274645692004,325.79419998646154,345.5691223144531,1086916
2019-09-17,348.717359357539,356.14523836917215,333.51722598660047,334.5502319335937,210049
2019-09-18,345.3232203664349,345.3232203664349,330.61499711900035,337.74774169921875,29039
2019-09-19,338.534782869003,338.534782869003,328.794904273527,330.9101257324219,756534
2019-09-20,329.58194453106825,340.6008155817102,328.59811783097547,339.8629455566406,353366
2019-09-23,349.2584728829869,368.24631587800815,340.50242139860933,359.8837890625,180822
2019-09-24,365.9835188620733,388.2180074644093,359.09673221681925,383.0529174804688,81834
2019-09-25,383.0529371894368,397.5151718741819,371.24701661870193,393.08795166015625,89433
2019-09-26,393.08791264799487,394.7604299057961,378.87163605270666,385.9551696777344,244629
2019-09-27,402.385173765468,402.385173765468,378.7733298281301,379.5111999511719,641131
2019-09-30,382.5610248048532,388.6607324341674,373.9033316832332,377.8878479003906,63879
2019-10-01,377.88785103511145,381.7247692573813,370.1648052399219,374.7395935058594,78153
2019-10-03,378.62571690980246,387.5293366624188,374.83797805587966,378.7732849121094,14734
2019-10-04,386.5947527101673,386.5947527101673,368.935049656982,376.904052734375,130325
2019-10-07,372.8703108313496,380.7901035768716,366.6230054234371,377.3467102050781,10571
2019-10-09,376.9040630312218,378.72414866405575,364.9997524322673,367.95123291015625,18232
2019-10-10,369.6728791605484,369.6728791605484,354.7187014470455,357.7193908691406,14123
2019-10-11,357.1291188036438,361.6055186137547,354.8663292340513,357.9161682128906,17969
2019-10-14,366.9673627407094,369.8696635441066,363.2780125791071,365.5408020019531,10634
2019-10-15,371.837308851574,371.837308851574,355.16143447533136,358.4080505371094,14041
2019-10-16,362.0482056442253,362.0482056442253,355.8009004387696,358.9491577148437,20763
2019-10-17,363.9667143188418,363.9667143188418,349.25849255245174,355.3090209960937,38586
2019-10-18,366.13104906903015,366.13104906903015,356.4403514278536,358.7523498535156,16555
2019-10-22,355.1613525959702,368.73814575485846,355.1613525959702,366.9180908203125,20048
2019-10-23,367.9511016758533,368.6397922180021,358.112836925162,360.1296691894531,13302
2019-10-24,365.9835375609631,367.45927763177343,361.3103606700637,364.4586181640625,20218
2019-10-25,364.4586315881986,367.4592911664331,359.0967637904902,365.7867736816406,17228
2019-10-27,364.16346289774526,370.90268209174735,364.16346289774526,368.443115234375,4444
2019-10-29,367.9511889309138,369.1809723163781,360.1297545897576,366.131103515625,42392
2019-10-30,368.8366143365628,370.9026563582138,358.2112982595114,363.7207336425781,26654
2019-10-31,356.44039384661613,402.3851117725466,356.44039384661613,391.95654296875,419723
2019-11-01,392.5468775047691,422.06168032467656,392.5468775047691,418.2247619628906,194081
2019-11-04,425.0131483569588,456.1020791026863,421.4221867888372,429.44036865234375,1243303
2019-11-05,431.8998951641875,442.3284635579191,427.964588602327,439.1802062988281,92065
2019-11-06,444.3945526329075,444.3945526329075,431.94912029205983,438.4423828125,210900
2019-11-07,438.7866792813233,451.47803687008496,435.884378697999,441.9349365234375,174853
2019-11-08,447.6411454479775,450.0023235070773,426.3413035430017,431.35882568359375,47499
2019-11-11,431.3587919017401,442.23006400163297,430.8176692484026,434.80218505859375,566806
2019-11-13,434.8513914220293,442.7220048414326,433.1296947365349,438.24560546875,258298
2019-11-14,437.8028564480159,441.63977435365786,431.8998965857954,437.9012451171875,133924
2019-11-15,433.42487198961504,444.5913118461732,433.42487198961504,441.73822021484375,112571
2019-11-18,445.9685600428304,445.9685600428304,433.2280243222248,436.5730285644531,25004
2019-11-19,436.5731005123425,442.7220174209671,435.9336191586472,440.8527526855469,53834
2019-11-20,449.6087981930152,461.4147184956764,437.9504458893356,446.5589294433594,331394
2019-11-21,446.6573211546196,456.348020140419,442.2301010110165,443.9026184082031,32556
2019-11-22,447.14921839196313,452.0683517076063,440.6067770869592,444.4436950683594,35961
2019-11-25,452.0683588782298,454.3311482297148,441.7873580758575,452.4618835449219,268829
2019-11-26,460.4309183043058,460.4309183043058,441.8365987622031,451.2813415527344,85559
2019-11-27,449.8547883229134,461.2179754497329,436.3763496320105,444.1977844238281,72593
2019-11-28,448.2806406780009,453.199774296818,442.9188030478956,447.49359130859375,42687
2019-11-29,447.6411137304853,466.1862515898352,447.6411137304853,463.0379943847656,453554
2019-12-02,468.3014860771317,500.7677655740756,466.3338327742865,481.04205322265625,191713
2019-12-03,489.25694975962864,494.61881666897375,467.3176288767032,481.7306823730469,56614
2019-12-04,481.0912349721094,481.0912349721094,471.2529684082626,478.1889343261719,34669
2019-12-05,478.1889585182236,491.9133530787233,465.8911246912555,469.9740295410156,75562
2019-12-06,469.9739689445726,476.8115456563538,465.3499720122277,469.3836669921875,21221
2019-12-09,469.2853004086074,475.2374394838522,458.80755285082654,462.1525573730469,33789
2019-12-10,462.15257515186863,480.1074117596848,462.15257515186863,474.8439331054688,61465
2019-12-11,478.1889112104547,478.92678116707447,461.3655002187281,470.31829833984375,114418
2019-12-12,466.8749555126773,475.6310372938657,463.5299506870592,465.6451721191406,173538
2019-12-13,468.399896766321,477.15594837079794,468.399896766321,473.8109436035156,62844
2019-12-16,485.02656878778816,485.02656878778816,465.54681190895707,467.5144653320313,26729
2019-12-17,468.5474374196673,476.1720938816146,466.0878708190391,470.6626586914063,28917
2019-12-18,466.4322520043356,476.0737418103733,462.7920811459697,465.54681396484375,20305
2019-12-19,474.6964399627028,477.1560070091417,465.448473872895,476.0737915039063,441964
2019-12-20,478.04131517396473,490.7326716783348,475.0898355206692,484.5345764160156,53146
2019-12-23,487.9780099564017,491.4214031718199,483.2064447816639,490.3883972167969,21743
2019-12-24,492.897168767832,495.9962168181576,476.2212944615927,480.205810546875,28856
2019-12-26,482.12425406731535,486.99420815850345,472.5811532551796,480.5009460449219,16611
2019-12-27,480.1074539762704,485.0265877260273,473.71258010158647,478.8284912109375,17798
2019-12-30,480.9928288476967,485.026523997303,476.6148184000555,480.69769287109375,16199
2019-12-31,475.3358629753036,480.05824913853286,472.7287282312751,473.8109436035156,17849
2020-01-01,472.33523918573104,484.87903052723664,472.33523918573104,482.6162109375,17858
2020-01-02,482.6161753384669,491.4214363069229,479.8614725899933,487.6336975097656,38536
2020-01-03,486.8958013403321,495.15993916599984,479.3695334995277,483.2064514160156,65384
2020-01-06,483.0589310477353,484.780627848822,472.5811822344957,481.3864135742188,872037
2020-01-07,482.0750474394468,484.63300267555934,474.2536137417962,477.0575256347656,12026
2020-01-08,465.9403133298669,483.058891251282,465.9403133298669,475.2374572753906,23436
2020-01-09,476.12291853084207,485.02653768978416,476.12291853084207,482.4194030761719,61621
2020-01-10,486.7483175528032,491.9134083403772,478.6809256464163,490.29010009765625,27862
2020-01-13,491.7165868975905,497.7179359462776,486.7482739282399,488.469970703125,27144
2020-01-14,488.9126802516782,503.6208710917239,488.9126802516782,497.3735656738281,71016
2020-01-15,501.16130108004376,520.4443098702064,497.9638643936957,516.41064453125,677792
2020-01-16,521.132954093723,540.8586651137354,511.9341394949976,516.2630004882812,59492
2020-01-17,521.1330329499581,524.0353338245307,511.0488089276083,514.7381591796875,551091
2020-01-20,534.2179165010617,534.2179165010617,511.5899016216429,514.7381591796875,35680
2020-01-21,511.68829008601006,519.3621870958191,511.6391107560542,515.0333251953125,17618
2020-01-22,515.6235671987273,516.509035278412,511.5899016090938,514.9349365234375,13525
2020-01-23,515.6234786120352,516.5581258582323,507.998822734546,511.491455078125,16998
2020-01-24,509.7206403405901,516.5090692702075,507.9989434430228,511.7867126464844,33727
2020-01-27,511.7866826857307,516.410680378106,507.99891370401065,510.9012145996094,27420
2020-01-28,507.8022043404453,523.3958344103426,496.8325119872612,504.1128540039063,31872
2020-01-29,497.8163032328949,499.93152460349,470.3183353431348,478.92681884765625,274970
2020-01-30,478.1398145860756,496.8325233867658,473.2206806911571,493.1923522949219,63339
2020-01-31,494.37287094474834,507.9496661372109,491.2246137868413,503.1781311035156,208405
2020-02-03,491.9133108170306,501.4564410564833,475.1882582492516,480.1073913574219,23942
2020-02-04,483.94436538394666,516.017122979058,481.2388418602242,513.7543334960938,56213
2020-02-05,513.6559137435999,528.3149560977351,503.916065106922,514.7381591796875,40736
2020-02-06,514.7380871629631,530.282535373971,507.5069256517848,526.1504516601562,34702
2020-02-07,523.3957878906114,529.2003892567243,512.6720531796618,518.1815185546875,21215
2020-02-10,523.690802811465,523.690802811465,507.8512211221942,515.2299194335938,48175
2020-02-11,521.4280798133927,521.4280798133927,495.4058551414057,510.9995422363281,27154
2020-02-12,502.7354529523074,510.9012027029861,502.7354529523074,507.7037658691406,20259
2020-02-13,516.5090275280483,516.5090275280483,489.94570611232,493.0939636230469,42361
2020-02-14,500.669378386322,500.669378386322,492.8479744987622,494.9631958007813,19233
2020-02-17,498.800070945804,498.800070945804,484.3870177013819,491.0770263671875,267641
2020-02-18,493.83180218189375,493.83180218189375,472.3351837350871,478.1889343261719,46719
2020-02-19,481.5832005005167,489.2078579139569,479.5663676459204,486.8466796875,36814
2020-02-20,491.81496577578986,506.1788417305748,482.07508736245217,497.6195373535156,54483
2020-02-24,495.8486812370868,552.9106326492912,494.5697184736584,535.6936645507812,522546
2020-02-25,544.0561383025739,552.9105781664493,526.3472585748228,543.2199096679688,168936
2020-02-26,541.0061459031845,550.7459909557678,533.9225840162171,545.2857666015625,117546
2020-02-27,548.9753300142426,567.6680383839032,534.0211513089101,559.6006469726562,523312
2020-02-28,558.7152862068209,558.7152862068209,513.9019256263238,519.4605712890625,166382
2020-03-02,521.4281591010302,545.7778703043331,521.4281591010302,538.005615234375,138872
2020-03-03,550.94283591453,552.3693963385523,491.9132463522589,519.2636108398438,99395
2020-03-04,526.8884413086656,529.1512309844909,502.9814615982928,515.47607421875,1337821
2020-03-05,521.2312457194355,528.2656289171235,513.6065906658303,523.5432739257812,586881
2020-03-06,502.7354492873166,509.5238776119686,487.97804862330537,496.6357116699219,161585
2020-03-09,491.9132941243678,505.6868663598501,489.6505049809976,497.7178649902344,57378
2020-03-11,499.3030389658302,504.25644213017375,493.16080694877473,497.2721557617188,139397
2020-03-12,490.2878402946024,490.2878402946024,460.66649534991967,477.0127258300781,500704
2020-03-13,416.6307250298045,477.5080615701381,396.2722502656748,466.115234375,168541
2020-03-16,448.3324824255838,478.79591012739513,419.6027457311927,466.7096252441406,174182
2020-03-17,455.7130805121528,464.38153584798175,434.9087877061632,445.8062744140625,209476
2020-03-18,460.12161325218375,460.12161325218375,408.7052663179923,425.497314453125,87432
2020-03-19,398.0059542640613,411.6278133085686,372.4959273261656,385.1271057128906,244572
2020-03-20,373.7837640239772,398.0554377978243,373.7837640239772,381.9568786621094,654309
2020-03-23,317.01776101828216,357.43751345484526,306.1202754832787,342.9736022949219,48491
2020-03-24,338.91181392525857,349.7597475429446,282.19535382279946,299.3836669921875,159901
2020-03-25,297.2041474009835,297.2041474009835,282.5420882224694,295.2723083496094,26142
2020-03-26,292.34976444954447,314.44192318781046,267.48368271360954,307.2594909667969,379089
2020-03-27,312.0644160945163,328.8564658157294,301.16692854835856,302.2566833496094,182754
2020-03-30,302.2566397345935,302.5043098703587,276.89521178559363,278.97564697265625,56380
2020-03-31,279.9167618287425,292.5479381426892,267.4837337071059,271.3473815917969,88815
2020-04-01,269.9604264937872,275.4091690468728,252.67305541685965,256.3880920410156,132835
2020-04-03,256.58629360320464,276.3999070088575,251.6328902517914,272.18951416015625,58407
2020-04-07,287.29734504579034,295.2227890470535,267.4837350426324,281.8486022949219,102757
2020-04-08,280.3626272137477,309.0923663981954,277.39058522914974,299.6313781738281,161245
2020-04-09,320.98048506488664,323.3085903087505,305.3772670408991,311.32135009765625,34957
2020-04-13,321.9712138604292,321.9712138604292,297.204197409627,303.4950256347656,34075
2020-04-15,303.4950321591604,333.8098669932714,303.4950321591604,325.8348693847656,81148
2020-04-16,334.84999547622914,338.0201850414608,312.0643448964857,317.1168212890625,50009
2020-04-17,340.4473328673306,341.7847575303875,329.3517298932016,336.4350891113281,54650
2020-04-20,366.5518362964495,366.5518362964495,348.86818085010765,362.7872619628906,89313
2020-04-21,351.6916492815553,351.6916492815553,335.4940137539246,339.70440673828125,43094
2020-04-22,334.8500451574652,358.3787095731155,333.0668321581797,339.5062561035156,46850
2020-04-23,342.72594483821206,349.9579006855077,338.9613406470571,343.4194030761719,54977
2020-04-24,342.725947788361,342.725947788361,327.91526149754486,332.57147216796875,111249
2020-04-27,335.5435048250422,338.8127384536957,328.9059332357514,336.38555908203125,47075
2020-04-28,338.81270305122695,339.80338346950543,329.8470573590739,335.9892578125,41355
2020-04-29,338.66415316255507,355.55524450157105,336.58371795417315,350.99810791015625,98755
2020-04-30,356.6450859218017,372.4464566829975,354.2179058826736,369.7716064453125,146579
2020-05-04,364.5704721283581,367.4929920824391,350.6018691876749,359.27032470703125,46495
2020-05-05,361.59844352231386,368.43413407925146,350.8000302966386,353.82159423828125,53340
2020-05-06,356.5954973112973,372.4959089928562,354.0692436183835,369.7220153808594,111446
2020-05-07,371.307046802969,372.49587552023786,364.0750911002325,370.8117065429688,64557
2020-05-08,373.48655238482655,373.48655238482655,346.7381786066029,362.6881408691406,261880
2020-05-11,367.5424807536301,369.5238418358599,347.1344555600289,349.31396484375,29397
2020-05-12,352.3851293400988,352.3851293400988,328.3115707191762,331.7294311523437,38511
2020-05-13,341.7847907877273,350.7009157647984,336.93046212462275,343.815673828125,64352
2020-05-14,341.78482559445223,354.4160039316385,332.07616727953166,336.2865600585937,612582
2020-05-15,338.71368589113945,343.1717485226691,333.0668246977719,335.5930480957031,31868
2020-05-18,331.8780037737637,339.258586398718,312.1139135453107,314.6401672363281,39575
2020-05-19,318.25612691025776,324.89369869317204,307.85398112797697,311.7671813964844,27393
2020-05-20,307.85405293149785,319.94037056222453,307.85405293149785,311.47003173828125,23567
2020-05-21,313.6494715774187,317.9093858953389,311.07369607285625,313.9962158203125,31770
2020-05-22,317.0178092549137,319.74218105319807,312.51022437284007,313.25323486328125,22563
2020-05-26,318.008482796998,318.008482796998,306.12031521580184,308.0521545410156,22405
2020-05-27,311.915786341358,314.73923203811137,303.5940755244838,306.6651611328125,39896
2020-05-28,313.5503808937827,337.3267130942591,313.5503808937827,337.2771911621094,304149
2020-05-29,342.6763690131558,367.5424548921131,339.80340169270835,364.0750732421875,395154
2020-06-01,368.7313063517417,395.3310544673009,368.7313063517417,388.1486206054688,220500
2020-06-02,394.7862040479865,401.22562770247066,388.39630232834526,396.3217468261719,1089849
2020-06-03,403.2070365505844,412.1231626659536,400.7303348518707,405.63421630859375,75699
2020-06-04,406.17903051361225,408.6062099843402,387.5542480369884,396.3217468261719,74121
2020-06-05,396.32176683274713,406.1790510177895,395.2815642831659,396.0740966796875,27307
2020-06-08,398.2535727428912,398.2535727428912,386.2168103596095,389.98138427734375,24799
2020-06-09,387.8514482519596,395.23203068872033,380.4708658151988,383.2943115234375,16786
2020-06-10,383.2943216018584,394.7862227136843,377.796056314799,392.0123291015625,21840
2020-06-11,391.4179227683088,394.19181643768354,386.3654455111438,392.0618591308594,28052
2020-06-12,377.9941438272545,393.10202189772485,374.130495809965,389.98138427734375,19791
2020-06-15,399.1452240696379,404.0986272728679,387.5047265420474,398.3526916503906,35239
2020-06-16,403.9005041339721,403.9005041339721,386.3654449248812,390.0309753417969,26870
2020-06-17,391.2197211218096,402.7611428328673,387.9009354195306,398.5507507324219,37999
2020-06-18,401.2256750697887,404.4949092178281,394.5385804852922,397.7087707519531,32388
2020-06-19,400.6312540317681,417.5718994140625,398.35270060035856,417.5718994140625,274297
2020-06-22,429.4105391088554,429.4105391088554,413.6586926139811,423.6150512695313,48074
2020-06-23,425.9926199438008,432.4320432685327,423.4168445672741,430.99554443359375,84021
2020-06-24,428.1226424793201,435.9985658436332,426.6861736578396,434.7106628417969,63658
2020-06-25,428.1226329744034,436.89016269415214,428.1226329744034,436.493896484375,29190
2020-06-26,436.7910652842762,444.66698805361847,432.97693897312826,441.6949462890625,99374
2020-06-29,441.6949547628954,442.8342314145309,435.8994671641915,440.4566040039063,47393
2020-06-30,444.76609907702135,445.6577056337618,438.0294523782802,440.2584838867188,59833
2020-07-01,440.95196233591554,446.7969721106844,440.8528882245112,443.32958984375,63238
2020-07-02,446.7969538432963,446.7969538432963,438.9705830931192,440.4566040039063,20225
2020-07-03,441.051057320321,446.7474713141564,428.9647407531738,435.8995056152344,30236
2020-07-06,434.9087935194328,447.7876416190971,434.8592715815496,445.6576843261719,61139
2020-07-07,445.7567193337303,447.7380804060292,435.1069035701233,438.4256591796875,19329
2020-07-08,440.80333541845687,448.282961691533,429.5095526390276,432.8283386230469,59314
2020-07-09,433.0264519270796,441.8435023168126,432.92737783059886,440.90234375,52027
2020-07-10,445.80624836837904,445.80624836837904,434.908762297152,440.3079833984375,47168
2020-07-13,445.8062377048584,445.9548337374592,438.8714740072272,440.060302734375,50995
2020-07-14,439.86217445043,449.5213100380239,436.98920683511335,446.9950866699219,112274
2020-07-15,448.7287862013504,469.3349304199219,440.90238533868086,469.3349304199219,313320
2020-07-16,470.5732793355423,479.8361488806763,459.9729849498728,472.45556640625,39115
2020-07-17,473.5452942012842,494.844925635024,467.650732943795,490.33734130859375,378930
2020-07-20,505.1975432245815,505.2470651573093,488.4054963187322,500.244140625,615652
2020-07-21,505.1976159956213,505.2471379354824,498.21329918425545,502.5227661132813,191699
2020-07-22,503.2657049355892,505.2470659786428,501.333865825344,502.2750244140625,67936
2020-07-23,502.6713248934395,514.1632257743365,502.2750587044097,506.5349731445313,345792
2020-07-24,495.3403299853056,514.1632625247472,490.0401824078279,498.4609680175781,81803
2020-07-27,498.4114591032147,505.6434160167286,486.622364988106,489.6934509277344,49311
2020-07-28,489.8915501928232,500.3432182907258,487.61299693635806,495.290771484375,121256
2020-07-29,496.8263104169403,503.8601485751605,493.3589283901023,496.9253845214844,300174
2020-07-30,497.42070044724784,509.4079409138131,495.6870095187454,502.6712951660156,56064
2020-07-31,502.8199237832359,508.219145118012,495.290775449507,504.1573486328125,134071
2020-08-03,500.5413531443648,525.0606970143757,500.5413531443648,517.6801147460938,61909
2020-08-04,531.9954141627223,534.9179336522283,493.3588757039772,499.5506286621094,59221
2020-08-05,500.39271328808974,519.7605346878811,495.1916408014185,513.1724853515625,76740
2020-08-06,507.4761723751409,516.5409246773128,500.5414076965153,504.7518005371094,22068
2020-08-07,508.3182088926823,551.8091128924698,508.3182088926823,541.3079223632812,125952
2020-08-10,538.8312137664966,541.7536732243825,526.8934639144003,530.2122802734375,414972
2020-08-11,538.930298788955,538.930298788955,521.3457164295728,527.1411743164062,34436
2020-08-12,528.0327482618164,547.9949861021544,528.0327482618164,544.6266479492188,49835
2020-08-13,548.8371568300464,597.380515466639,539.9210297335294,588.6625366210938,274905
2020-08-14,599.1636025534316,604.2161097900803,579.5481391671954,584.6005859375,152081
2020-08-17,597.3802904580939,597.3802904580939,582.5200842277931,588.61279296875,65380
2020-08-18,594.3092995669936,594.4083434376959,582.5201765689419,591.3867797851562,155755
2020-08-19,591.3868565429945,594.4084205877117,584.5016135779165,584.8483276367188,44285
2020-08-20,584.253871921117,591.7334982051343,579.5976611029153,584.6005859375,29639
2020-08-21,594.4083463377054,597.380388069394,582.8668934264441,587.7212524414062,61204
2020-08-24,598.371030152756,646.468556989813,587.4735445042786,631.3111572265625,344908
2020-08-25,643.8929616255074,663.7560984484937,617.9371140406687,641.416259765625,749392
2020-08-26,629.0820842670407,633.9364426471318,616.6985786712328,620.017333984375,476051
2020-08-27,628.4878187585547,631.9552009795542,620.116555303158,622.1969604492188,156932
2020-08-28,619.6212339075965,638.9890288116408,617.2930980654501,635.0263061523438,205899
2020-08-31,648.9452062654365,650.3817049881519,639.8309341784285,641.8618774414062,305539
2020-09-01,638.097412109375,640.4750699663241,629.4785384272246,638.097412109375,96538
2020-09-02,635.1252979701037,646.7162728916875,634.035573514663,643.001220703125,117288
2020-09-03,642.4563714807476,672.3749378048857,637.255298311474,649.3416137695312,117004
2020-09-04,652.8585161366555,663.1120361716869,639.4348060847777,657.0689086914062,91687
2020-09-07,669.7000166190018,675.5945776751144,652.9079700853611,662.9138793945312,99855
2020-09-08,663.7559192283182,666.0839941614646,624.4754141501371,634.4813232421875,44753
2020-09-09,629.0822084371948,629.0822084371948,599.6094593017515,606.197509765625,177705
2020-09-10,607.2871614915989,622.1473693584408,601.9374624729996,611.1012573242188,65282
2020-09-11,610.5067757174264,616.5994841565546,594.4082197654456,597.0830688476562,40377
2020-09-14,623.1379241672915,623.1379241672915,601.541105184489,609.0702514648438,260921
2020-09-15,617.1939775012512,631.5093234225983,613.1322114666722,621.107177734375,74358
2020-09-16,627.7943316926381,634.0356076117972,615.5593895471958,630.8654174804688,166624
2020-09-17,632.7476870668469,653.6510227393085,629.5774971750571,641.8123779296875,117690
2020-09-18,646.9144959613229,656.8213029438854,619.4231065847124,637.5525512695312,347351
2020-09-21,622.3950913979974,629.9242398252669,614.2219763895876,615.4603271484375,60292
2020-09-22,606.3955365589943,613.7761187021797,559.7345071413577,569.7403564453125,54366
2020-09-23,579.647267109939,579.647267109939,540.1686644665967,554.8802490234375,49399
2020-09-24,551.7100168529538,603.0272567261434,517.8287302953445,568.2543334960938,1201762
2020-09-25,582.520137745941,591.9811244885128,559.7344860994161,564.6383666992188,203006
2020-09-28,574.297613854583,621.0577549855176,570.1367428215207,619.1259155273438,495000
2020-09-29,618.9771049347946,622.0482504700155,587.5725240038366,606.791748046875,112477
2020-09-30,606.7918669314384,618.481885907216,589.950296747219,598.6682739257812,40903
2020-10-01,607.1882585408779,643.9424903415213,606.2966216754016,632.0543212890625,195659
2020-10-05,643.9423849973998,646.8153829016185,616.2033284128964,619.2744140625,16226
2020-10-06,618.1847333277891,638.989027237859,611.2499686910992,615.1136474609375,35318
2020-10-07,609.2685263661601,619.0267054067891,596.3896794673633,599.7084350585938,31108
2020-10-08,612.2406597991105,612.2406597991105,583.0155797601561,585.6904296875,532908
2020-10-09,581.5295192178382,597.3804090091251,578.656521256629,583.6099243164062,33766
2020-10-12,593.2195170577783,594.3093019716296,572.3161810821797,575.93212890625,29753
2020-10-13,586.483071463115,586.483071463115,566.8676024500196,579.89501953125,15120
2020-10-14,587.3746094298662,592.4270567979571,571.6722841028187,581.3314208984375,226678
2020-10-15,583.9566649145428,586.4333663006709,565.6785965916492,569.591796875,19926
2020-10-16,570.6320007395625,580.6378501771046,565.8272242254278,569.0469360351562,17815
2020-10-19,570.8302052337702,577.1210032034998,546.954765179775,554.8306884765625,61379
2020-10-20,552.304355761472,571.8207728924093,542.1003591294601,546.8060913085938,26784
2020-10-21,558.7437702658073,580.5387400279487,548.09395549567,570.6814575195312,75682
2020-10-22,574.0993993760483,602.3337960666736,567.5609316973886,585.541748046875,103772
2020-10-23,590.2474749501976,609.2685540982407,590.2474749501976,604.661865234375,305366
2020-10-26,604.6619737293117,634.7786928231067,599.5600041284549,616.748291015625,245229
2020-10-27,618.8781612245269,646.4190688460798,617.7883763229115,643.2984008789062,247528
2020-10-28,641.9609633752225,651.8677683655809,634.4813377007697,640.2767944335938,177620
2020-10-29,629.181227493647,647.1125827081281,623.1876219319561,642.1591796875,149641
2020-10-30,642.9517348301277,657.8119444178811,635.4721080975614,648.7471923828125,89007
2020-11-02,655.8305757233753,667.7187432591464,638.1964726385842,652.0164794921875,121958
2020-11-03,651.8677710601007,668.5111914194312,646.0723143033209,661.2792358398438,266931
2020-11-04,667.2233648263003,672.0777238126133,649.8864548271017,663.2111206054688,53401
2020-11-05,664.0035575132017,672.5729674102752,663.7558874059606,668.7092895507812,602502
2020-11-06,671.7310085067923,693.3278347721706,669.5514989644846,682.7276000976562,119241
2020-11-09,701.401902489276,707.3459864086766,683.569650731074,686.39306640625,521020
2020-11-10,694.6652998839994,703.3832777116628,678.6162608908296,696.7952270507812,94357
2020-11-11,698.4299281194136,706.8507144868107,696.2008964339261,702.095458984375,74390
2020-11-12,706.355248310176,728.1502209088069,706.1571001023742,724.7323608398438,133786
2020-11-13,731.0231373831535,743.0103467915221,721.51256866442,738.601806640625,78492
2020-11-14,749.8461601958879,749.9452040680117,728.1502311624685,734.73828125,16000
2020-11-17,735.0850151058099,740.0384181725607,726.565186017537,733.2026977539062,229193
2020-11-18,733.2026939032419,756.780940750223,733.2026939032419,753.8088989257812,93366
2020-11-19,747.4189587293264,765.5979227736485,736.6205164656033,758.365966796875,287184
2020-11-20,762.6259256822716,787.4920454099437,748.0629085418466,781.8451538085938,147788
2020-11-23,781.8451410631083,830.1903422158201,776.6935898534642,822.6611938476562,280399
2020-11-24,836.1343769919765,849.5085643016823,827.9117405911295,836.1838989257812,166427
2020-11-25,842.0784600818183,844.0598211643637,815.7263818705004,829.00146484375,830746
2020-11-26,839.1063425796871,849.9543056189373,794.6743485080173,805.175537109375,2594939
2020-11-27,836.8278959785493,842.9701276528394,804.7793430138977,815.9244995117188,463581
2020-12-01,820.2833864307042,829.1995101962553,787.6899764789893,802.2529907226562,156914
2020-12-02,802.4512834318236,826.1285738825845,795.0211789556031,821.1751708984375,1300086
2020-12-03,827.2183761903374,828.4567270528978,812.3581658396128,825.8809814453125,66194
2020-12-04,829.1996340070818,834.6483771218236,823.6022646208552,832.0726318359375,94344
2020-12-07,828.0107373018346,828.0107373018346,802.5007148120957,820.4320678710938,68216
2020-12-08,822.363959342099,830.1903604348853,797.4978999404328,803.2438354492188,56189
2020-12-09,807.4045875802536,816.6674258401914,782.7366195523095,793.8817749023438,1189513
2020-12-10,793.8817652849099,873.7801688573209,793.8817652849099,838.3633422851562,741307
2020-12-11,841.0382342652366,850.7964131394156,830.1902705460978,846.5364990234375,87144
2020-12-14,851.7871580525301,860.3070473949722,828.3080160075801,838.264404296875,206211
2020-12-15,841.9794950946389,854.8583433377324,802.4513136081432,812.704833984375,93121
2020-12-16,814.3394416795219,829.8931389727524,807.4046775776281,817.8068237304688,59050
2020-12-17,822.2154555706202,825.088393308623,802.4513635961847,805.8197021484375,25191
2020-12-18,814.0422398793993,814.735728374579,797.646488470343,807.8009643554688,549292
2020-12-21,807.8009680556867,826.2276026329046,767.7774484898094,798.98388671875,256917
2020-12-22,803.4419954849863,814.2899605382565,763.8642919988374,784.52001953125,71230
2020-12-23,787.3929021954143,810.3767034324894,787.3929021954143,800.76708984375,39149
2020-12-24,809.3860523141442,809.3860523141442,789.2257262380228,790.810791015625,263533
2020-12-28,804.4327418980419,804.4327418980419,790.5632118653169,792.0987548828125,99029
2020-12-29,802.0548999373696,804.4325572981853,787.5909889803661,791.5537109375,42895
2020-12-30,798.6866014774586,798.6866014774586,783.6282463444496,785.9067993164062,34007
2020-12-31,785.9564311321594,800.4699261328639,781.3993245511094,793.3865356445312,84083
2021-01-01,798.5380033519987,800.4203204848106,785.0647727651882,790.8602294921875,29002
2021-01-04,791.5538921048518,803.937401055178,787.5911692407475,794.674560546875,115652
2021-01-05,792.6434471259,837.1250259455171,792.6434471259,813.3486938476562,164033
2021-01-06,817.3609971310237,829.1996421074273,797.2006715960724,804.6802978515625,58216
2021-01-07,816.07312508474,817.3114758056577,804.6802984522975,813.8936157226562,63587
2021-01-08,820.2834678481195,828.2089119819177,810.4261846134399,825.9303588867188,335005
2021-01-11,830.0417177239673,838.7597553896526,808.3953707691978,831.3296508789062,117132
2021-01-12,821.2742887044209,832.6175946525349,813.546991446793,824.9398193359375,56450
2021-01-13,827.4165545688662,829.0511414871924,813.8442165274208,822.5621948242188,177584
2021-01-14,829.2986363637789,830.6856132737297,820.2834678481195,825.9303588867188,25049
2021-01-15,823.5527393049664,824.9892382134972,802.6494036280334,814.1907958984375,53791
2021-01-18,815.2311863031896,826.921206671915,801.5597440338751,816.6181030273438,66279
2021-01-19,820.8779068432667,842.0784955048681,814.3394391823548,837.8681030273438,259055
2021-01-20,842.0784485258462,869.8175033008152,838.2147702813677,843.6635131835938,103837
2021-01-21,836.1344994006776,851.2423798697064,817.3115663572974,822.364013671875,106840
2021-01-22,824.3453191183293,825.1379119868323,803.045685803758,815.5778198242188,94522
2021-01-25,819.6395025265593,822.2648300862625,743.1094324974464,774.0186767578125,268542
2021-01-27,775.3064482147693,791.6526746326347,773.2260435844829,782.2412109375,156972
2021-01-28,774.7122336698089,784.4208915125554,746.0815399780821,749.7470703125,36781
2021-01-29,754.4032357013674,786.600353443054,743.1094532915928,771.9382934570312,63133
2021-02-01,764.8053334298446,798.4389479453184,745.3880201355184,788.5816650390625,777606
2021-02-02,787.5911065113894,805.4233579795718,767.1335271682967,797.7951049804688,79267
2021-02-03,825.2368216900524,847.0317917707021,814.3393366497276,835.3912963867188,304724
2021-02-04,839.5027778503638,850.7965005884552,796.8539289754841,819.2433471679688,118368
2021-02-05,823.2555791559428,865.85484498471,798.6867123526205,850.3011474609375,127118
2021-02-08,856.9387205936068,918.509544184645,856.9387205936068,896.9126586914062,217795
2021-02-09,977.8017126466626,977.8017126466626,886.6591011334986,901.4697875976562,137732
2021-02-10,906.6708786639556,926.2863420493796,896.5659246574207,912.8131103515624,260579
2021-02-11,910.3858977963112,955.016044200156,896.8135622533105,936.7379760742188,343513
2021-02-12,953.0347030384409,970.6688049930768,913.6056286650464,940.35400390625,143769
2021-02-15,951.20202671584,1015.1503885292556,940.65125386822,990.631103515625,416338
2021-02-16,995.8320968295247,1015.4475595450288,990.680545897589,1010.5932006835938,414846
2021-02-17,1010.5931764199106,1038.9266151657775,1004.5500494215636,1018.9149169921876,421076
2021-02-18,1005.5902129426728,1029.5646927428215,989.6898032716658,999.3489379882812,246643
2021-02-19,997.6152540517774,1041.2051956389455,980.8232076425438,1018.716796875,227645
2021-02-22,1043.234692537245,1070.9781356554392,1028.3951989937268,1038.71826171875,297013
2021-02-23,1051.869966385076,1060.3568400170743,1013.9522696723064,1051.42333984375,384312
2021-02-24,1037.3778264177863,1088.894366246911,992.611090471204,1063.880615234375,746390
2021-02-25,1069.439281668213,1077.1815759692329,1038.2215881705454,1059.3145751953125,128101
2021-02-26,1035.392790220121,1089.8871731092574,1035.392790220121,1072.466796875,386118
2021-03-01,1072.4667167128216,1074.0053125317586,1013.456029662593,1033.705322265625,226705
2021-03-02,1059.910134234583,1089.886939663267,1036.2859426306472,1082.0452880859375,150378
2021-03-03,1088.8942445982088,1143.487848475056,1054.2520971772335,1127.5068359375,251989
2021-03-04,1125.621124153347,1177.485060429372,1104.2303038822065,1141.1058349609375,70456
2021-03-05,1140.5101374335466,1160.7594278148608,1101.4012364245234,1118.126708984375,91392
2021-03-08,1140.5101764765827,1154.5059690299624,1095.544844289148,1109.3421630859375,45919
2021-03-09,1116.6875502642465,1181.8524968755596,1105.5703537867348,1164.3328857421875,517974
2021-03-10,1185.1775387395214,1215.7500061291146,1182.199705727613,1197.1385498046875,803900
2021-03-12,1220.8125086645691,1230.8378573008483,1149.691893724764,1190.9349365234375,59941
2021-03-15,1172.273863400571,1202.6974218537418,1151.5779434751394,1190.0911865234375,188336
2021-03-16,1209.000330294527,1209.000330294527,1156.8882470921767,1170.9832763671875,79110
2021-03-17,1170.9833085032678,1189.1481407567933,1131.576694877082,1162.0994873046875,25331
2021-03-18,1181.1081809729988,1196.0965869996526,1130.4850059215612,1160.85888671875,76970
2021-03-19,1175.1523752749406,1175.1523752749406,1097.8776207869605,1140.013916015625,381264
2021-03-22,1128.5987809496908,1157.3845018358306,1098.8701280191008,1128.995849609375,46108
2021-03-23,1128.6981657131416,1155.89573669252,1107.25778813268,1110.6326904296875,22433
2021-03-24,1113.7097987288137,1121.352856723333,1088.4974492832766,1098.076171875,23545
2021-03-25,1091.872370709647,1103.6347897422552,1075.990590772052,1085.221923828125,27149
2021-03-26,1101.5005421880787,1133.5619307276647,1091.9219415469977,1107.9525146484375,32321
2021-03-30,1146.168149202626,1181.108137516343,1117.6802551107544,1156.4417724609375,48773
2021-03-31,1151.4287950099445,1202.0519575491746,1128.3505885582365,1184.5323486328125,92570
2021-04-01,1209.9928026034331,1210.8364977153062,1144.480476949761,1189.495361328125,282259
2021-04-05,1191.232820871052,1191.232820871052,1123.338182350932,1150.3868408203125,64430
2021-04-06,1146.465865977293,1161.3550330679077,1131.2788670775262,1139.66650390625,415517
2021-04-07,1161.355022672137,1166.318078324582,1141.6020369417356,1162.000244140625,80899
2021-04-08,1167.3110600274815,1180.2150088203025,1149.4937330462888,1162.0501708984375,74551
2021-04-09,1141.205036786441,1188.155594545342,1132.569367899946,1168.700439453125,74247
2021-04-12,1143.9843852870692,1167.310748023942,1094.850131862592,1127.2589111328125,50707
2021-04-13,1146.118327466455,1156.342148173237,1116.6873867725164,1128.052734375,66009
2021-04-15,1121.749815326943,1145.870314286561,1078.96829979859,1094.55224609375,297426
2021-04-16,1097.828022685975,1115.9928567004752,1096.83541145389,1109.3919677734375,23690
2021-04-19,1101.7981775197743,1144.4804492615312,1042.2415192754622,1088.10009765625,120095
2021-04-20,1086.412878720973,1106.7117278048834,1062.09390610456,1090.730712890625,149072
2021-04-22,1090.9788056878874,1118.62299982681,1090.0854314888566,1114.15625,21550
2021-04-23,1130.584156778891,1131.5767679788726,1096.1901544658613,1108.845947265625,33929
2021-04-26,1135.547116512597,1135.547116512597,1088.944073091592,1114.9007568359375,204089
2021-04-27,1129.4921949509644,1138.3264579748477,1106.2650709767338,1118.3748779296875,18024
2021-04-28,1141.5028283016345,1256.6457222868426,1127.4077983673385,1196.1956787109375,113758
2021-04-29,1257.638417095538,1315.209867917591,1215.9487458106032,1255.603515625,145332
2021-04-30,1265.4800701610598,1265.4800701610598,1206.0226337765907,1225.5770263671875,43536
2021-05-03,1248.7048035906764,1265.5791928283882,1218.926469641773,1253.8663330078125,68376
2021-05-04,1283.3966411834765,1283.3966411834765,1230.8379250295982,1238.8780517578125,28216
2021-05-05,1240.7639888118276,1252.9234759021836,1221.0606809031676,1238.133544921875,45861
2021-05-06,1248.704937814296,1248.704937814296,1193.466098167773,1209.00048828125,496342
2021-05-07,1193.1186482025485,1230.8875523804631,1174.8050202478144,1209.943359375,72487
2021-05-10,1210.9858132776255,1222.89714914593,1166.3183037714837,1176.74072265625,31434
2021-05-11,1175.9463869143508,1201.0594976043285,1171.1819260711477,1196.1956787109375,34680
2021-05-12,1197.0889474477003,1216.2463895184712,1169.692906217392,1211.43212890625,50164
2021-05-14,1218.8272247685247,1218.8272247685247,1151.7762947993283,1161.9010009765625,119128
2021-05-17,1162.8440720254507,1201.059604908916,1149.145988394681,1175.3013916015625,52524
2021-05-18,1195.9971170254018,1195.9971170254018,1159.3697438631789,1172.3729248046875,64957
2021-05-19,1171.2811735438745,1198.379506788969,1163.3402842317123,1190.736328125,45822
2021-05-20,1199.7691123825948,1199.7691123825948,1166.715232029666,1174.556884765625,20415
2021-05-21,1189.1483064672698,1189.1483064672698,1124.7774895703906,1166.4671630859375,154015
2021-05-24,1180.214686647906,1196.890602849214,1168.5515053458769,1181.5546875,35992
2021-05-25,1190.488208574322,1190.488208574322,1158.3772607553497,1164.9781494140625,39561
2021-05-26,1173.2663711272962,1209.794509660191,1163.5387334577154,1192.2252197265625,59429
2021-05-27,1206.0224584124514,1250.392125081769,1133.561849800016,1151.677001953125,198414
2021-05-28,1157.3847039694365,1176.2443174989555,1131.576811771147,1143.2896728515625,68293
2021-05-31,1143.5871750332717,1188.850215018484,1142.6442429960484,1177.5345458984375,60061
2021-06-01,1186.1701661320178,1188.1553881673851,1166.6157775509837,1180.5618896484375,55751
2021-06-02,1171.281062805646,1186.17022885826,1153.2155897958114,1175.896728515625,44860
2021-06-03,1186.17034913713,1186.17034913713,1166.3181257206088,1185.2274169921875,32730
2021-06-04,1190.1409168465595,1191.133528119993,1177.6835968976238,1188.9993896484375,40356
2021-06-07,1184.1850818110308,1220.9116937364358,1180.0161635192712,1218.28125,74748
2021-06-08,1221.0109819469303,1269.9467613342824,1221.0109819469303,1262.204345703125,286578
2021-06-09,1275.4060892101743,1297.342771362978,1196.443823863013,1257.9361572265625,101966
2021-06-10,1275.5053931775262,1290.3448821638822,1261.8569891649263,1283.3470458984375,61051
2021-06-11,1290.3946070995146,1339.032557674804,1264.2888831193095,1329.1064453125,100925
2021-06-14,1339.7272303268117,1439.286177855466,1293.9183223594057,1319.974365234375,89338
2021-06-15,1335.062108349676,1336.848857036374,1297.4917974152927,1315.9046630859375,62484
2021-06-16,1338.0397663506403,1338.0397663506403,1236.9919076351596,1257.042724609375,146197
2021-06-17,1236.198042106839,1260.7154908624484,1202.2506655586542,1235.0068359375,105801
2021-06-18,1295.3575700999274,1295.3575700999274,1171.3308535220697,1183.2421875,434171
2021-06-21,1161.851452389807,1182.5473724383448,1126.8619063011777,1158.278076171875,442575
2021-06-22,1165.5736343337744,1187.1629266878383,1140.510202980206,1158.4764404296875,55221
2021-06-23,1160.2633217952844,1179.2221725581264,1137.5324997909202,1160.511474609375,44186
2021-06-24,1148.8977311096312,1169.7425653323762,1141.701300247017,1149.2947998046875,22582
2021-06-25,1159.3699395572455,1174.1598714102704,1125.5714780403066,1167.9063720703125,51024
2021-06-28,1178.2294309158751,1178.4775837025045,1146.465874227326,1152.9178466796875,60736
2021-06-29,1164.5808284283194,1164.5808284283194,1132.4202085491577,1144.281982421875,23482
2021-06-30,1145.4732338950175,1166.1691515389136,1131.576678197851,1159.96533203125,63282
2021-07-01,1165.325553978855,1189.2971387990594,1152.421608321508,1172.720458984375,48052
2021-07-02,1173.365672664601,1185.97190757745,1156.441724443431,1166.96337890625,128006
2021-07-05,1161.6032885217692,1176.244304121595,1116.687630495185,1124.3306884765625,94494
2021-07-06,1121.650587896416,1137.0857395865792,1102.1457547670248,1109.6895751953125,340306
2021-07-07,1110.7320389558718,1122.593695462181,1087.901979173937,1095.44580078125,73954
2021-07-08,1095.4457862645293,1107.1586478560876,1082.0952129928403,1089.58935546875,126635
2021-07-09,1091.8723274911183,1099.8628961732838,1077.975770595777,1082.690673828125,88074
2021-07-12,1089.787735900296,1096.8352503794722,1082.2934737312698,1090.035888671875,130719
2021-07-13,1101.7982774577156,1127.5564860174306,1097.8775122350005,1125.17431640625,70853
2021-07-14,1132.5694551093452,1156.938110169974,1128.5990100432302,1134.40576171875,93442
2021-07-15,1136.539746254395,1154.3075097526532,1125.6210238012957,1128.301025390625,39507
2021-07-16,1131.576661392491,1150.4362724156988,1118.771953885169,1120.360107421875,33059
2021-07-19,1118.772101051913,1119.8143913181673,1092.914651027628,1096.339111328125,676115
2021-07-20,1120.558851098555,1120.558851098555,1073.1119854426704,1101.9969482421875,47967
2021-07-22,1114.9505622105926,1121.3528561659125,1097.8776975508315,1105.5704345703125,143888
2021-07-23,1111.7245499371186,1111.7245499371186,1085.9663376269018,1097.6790771484375,182432
2021-07-26,1105.7190822969835,1105.7190822969835,1081.9460950070572,1093.9566650390625,96315
2021-07-27,1088.9937781743206,1101.649571612204,1073.0624403123572,1077.77734375,163083
2021-07-28,1081.9460985624578,1130.5840424427884,1079.9608763632605,1094.00634765625,454114
2021-07-29,1108.7465022263734,1135.3980837087115,1101.798225130953,1128.1024169921875,106748
2021-07-30,1131.576795299955,1142.991824375349,1105.7689034773243,1111.1290283203125,52944
2021-08-02,1109.8880559160752,1117.97786010611,1084.923864086993,1092.9639892578125,51306
2021-08-03,1100.8059198137903,1170.2887100635337,1093.907319820628,1147.9549560546875,105211
2021-08-04,1167.8328321958004,1177.7718350229986,1113.1683166462096,1165.7952880859375,119357
2021-08-05,1172.8023021594468,1204.557366810512,1127.0828903803497,1190.195556640625,179372
2021-08-06,1211.5643793731026,1213.9993864043145,1144.9730640178952,1166.3419189453125,88139
2021-08-09,1162.863270164363,1206.5948803243905,1115.503899896373,1181.995849609375,104254
2021-08-10,1191.9348914052082,1191.9348914052082,1128.6234931291474,1171.6593017578125,94478
2021-08-11,1186.7167012992063,1192.6801018082476,1113.1680950210311,1179.36181640625,347608
2021-08-12,1177.7717279959013,1190.4936989889247,1155.856180223163,1177.87109375,286925
2021-08-13,1187.7109686388565,1245.0589727365657,1172.8522063062612,1226.323974609375,506446
2021-08-16,1251.3204126881085,1294.0581233676864,1210.570502505255,1273.136474609375,159247
2021-08-17,1252.314558049668,1284.119372222358,1227.0694625349477,1271.944091796875,122655
2021-08-18,1269.9559838545226,1282.1312613362036,1240.387452827583,1256.339599609375,66587
2021-08-20,1242.3257966263438,1277.1620553032365,1213.5524276461103,1259.967529296875,199871
2021-08-23,1270.0556052880593,1315.079342059351,1244.4626699192795,1284.964111328125,179525
2021-08-24,1298.48086797355,1301.9098964595394,1257.7309597668393,1273.484375,82310
2021-08-25,1268.216790918637,1295.6981586547058,1258.6256286970936,1285.560302734375,79119
2021-08-26,1267.3221730834116,1280.1435104579543,1243.617676599779,1259.4703369140625,382359
2021-08-27,1262.203413479701,1289.1382038907625,1239.3934541725623,1283.472900390625,80243
2021-08-30,1286.802473637717,1311.948195923192,1274.3290995703835,1308.0223388671875,125418
2021-08-31,1307.972776616744,1389.4726000837447,1273.1862666003412,1356.3260498046875,224732
2021-09-01,1361.643231887572,1386.490736119097,1331.925592561527,1350.0146484375,105329
2021-09-02,1346.6353783429456,1368.6005480589984,1324.322246503278,1346.0390625,214473
2021-09-03,1341.765435123226,1348.871846692912,1316.9179270653883,1327.75146484375,66810
2021-09-06,1318.0113324821875,1341.7655769616936,1302.0095598665323,1323.1796875,65759
2021-09-07,1327.1052182043152,1400.2562473447815,1316.917741337366,1378.0426025390625,208899
2021-09-08,1393.1499725443166,1420.9295581378033,1362.637282509297,1374.7628173828125,163889
2021-09-09,1383.459144970891,1383.459144970891,1333.1182038110812,1355.9779052734375,108743
2021-09-13,1351.7043026570557,1356.624060228354,1321.887295980797,1330.7330322265625,75656
2021-09-14,1327.850865890419,1367.1596732126004,1321.8874637980969,1334.261474609375,82163
2021-09-15,1351.6050011702955,1394.6408100573371,1330.8324612662686,1378.14208984375,118931
2021-09-16,1381.5214674431422,1475.6437807595182,1374.2659464579351,1448.8084716796875,311368
2021-09-17,1470.9723533389538,1517.0893486817502,1421.277341401827,1454.1754150390625,379185
2021-09-20,1461.0334034126786,1539.253306480064,1454.076101491666,1504.466796875,200925
2021-09-21,1535.5261617575627,1535.5261617575627,1454.8215089865942,1493.3848876953125,115057
2021-09-22,1482.8993054826587,1504.7153693889263,1470.9725014171145,1479.420654296875,56441
2021-09-23,1490.7509980620605,1520.667371097596,1480.9611049381108,1484.986328125,82860
2021-09-24,1488.8625625309428,1499.3482586144332,1449.6035029715488,1469.1336669921875,58688
2021-09-27,1479.9174870866366,1479.9174870866366,1422.2712720087154,1429.9739990234375,66903
2021-09-28,1429.2282817640505,1429.6258660519325,1346.7345770447068,1358.3631591796875,136088
2021-09-29,1355.5805631617343,1381.7698102507416,1321.2412612999165,1372.6259765625,73333
2021-09-30,1380.5273754816812,1396.678253704559,1373.8185491429474,1388.3294677734375,97063
2021-10-01,1381.5214363176624,1387.484838201048,1367.1596253121309,1378.19189453125,32690
2021-10-04,1406.6174989021763,1410.2948817415638,1315.9240901229334,1327.006103515625,224951
2021-10-05,1326.1612147094388,1336.4480585174076,1302.0093889640168,1320.64501953125,104351
2021-10-06,1326.8570528876023,1343.3557754973126,1273.1864305236093,1281.2867431640625,130470
2021-10-07,1286.106811381555,1329.4905777771476,1286.106811381555,1319.2037353515625,102107
2021-10-08,1321.8874264004853,1374.9119842394505,1321.8874264004853,1359.8543701171875,502544
2021-10-11,1381.5214214558002,1396.4299260038845,1341.8647750927523,1350.163818359375,170577
2021-10-12,1366.3146114044498,1388.031428709127,1351.9528014666644,1372.924072265625,73981
2021-10-13,1372.9242094314177,1390.3672089164795,1357.0218040025652,1369.1474609375,57252
2021-10-14,1385.4970050923907,1387.484805673585,1341.7653923061173,1354.6363525390625,69273
2021-10-18,1342.759306824882,1387.484820375674,1342.759306824882,1382.7637939453125,45348
2021-10-19,1397.2748135097145,1406.36902617735,1344.598093801305,1373.1727294921875,252731
2021-10-20,1384.9999887680278,1421.2276040989514,1315.526337509785,1371.830810546875,136692
2021-10-21,1379.7820113735893,1426.1971041587346,1346.7348283170995,1404.331298828125,196312
2021-10-22,1389.2239258372158,1444.1369087758717,1342.9082034065848,1409.1019287109375,108574
2021-10-25,1411.2389514505437,1420.2834192182115,1347.7784464525066,1378.98681640625,167772
2021-10-26,1383.4594093200865,1403.4865236931246,1360.7488127929012,1384.10546875,115391
2021-10-27,1389.7209784090044,1424.2590109494747,1373.818574937133,1413.97216796875,67068
2021-10-28,1446.1249153970325,1446.1249153970325,1373.570194555807,1388.5284423828125,84040
2021-10-29,1367.6067344701037,1402.1447679169323,1357.6677320393617,1387.981689453125,36632
2021-11-01,1406.3690226698263,1453.181705802383,1383.956520810062,1436.5836181640625,78420
2021-11-02,1434.1979413045965,1689.6302842812297,1434.1979413045965,1647.09130859375,1260588
2021-11-03,1651.8622106383957,1668.758514838668,1568.3745898841082,1596.0546875,256319
2021-11-04,1570.362244966132,1664.7827596951083,1555.8015834296284,1652.5577392578125,53997
2021-11-08,1654.843868137048,1718.4534822876617,1603.260422396643,1688.437744140625,175672
2021-11-09,1670.7464834752416,1705.5329956237445,1640.9294730622391,1649.02978515625,134738
2021-11-10,1687.5926587893357,1706.178663812957,1672.4356819722182,1702.252685546875,218740
2021-11-11,1714.4779576796752,1717.8572428469115,1680.2381420696345,1700.6627197265625,81192
2021-11-12,1717.4595885439528,1787.0326042835804,1694.8483584285736,1735.3995361328125,90689
2021-11-15,1782.7586912927,1782.7586912927,1685.8534244516782,1710.502197265625,114769
2021-11-16,1698.5754640655891,1714.4778674740442,1664.7828568226223,1675.666015625,61081
2021-11-17,1674.7219766724295,1750.8050918580727,1662.049748065561,1724.8145751953125,59712
2021-11-18,1729.3864056632945,1739.3254079946928,1689.6303963377015,1731.5233154296875,49956
2021-11-22,1731.5232780440963,1743.5494463402867,1667.2676050938185,1708.8623046875,57726
2021-11-23,1691.121267038466,1718.3044144768214,1681.1822645874613,1693.755126953125,39636
2021-11-24,1709.5085293427185,1734.356037036653,1680.685420417754,1697.7308349609375,359759
2021-11-25,1694.5999754677275,1706.973985409331,1651.6137884067427,1662.69580078125,172039
2021-11-26,1654.8439170896434,1654.8936606324542,1552.4721912877014,1578.61181640625,120966
2021-11-29,1570.4618416838202,1588.252681340703,1514.2568524455749,1573.4932861328125,487337
2021-11-30,1590.1412087733397,1634.170921885593,1541.5892004969355,1612.653076171875,610203
2021-12-01,1634.3198317255567,1669.7523994674946,1590.4888555046773,1632.33203125,96656
2021-12-02,1644.9048526386264,1699.569364357735,1606.540328679085,1659.415771484375,113781
2021-12-03,1669.7522638211876,1689.630266961916,1602.465271720103,1618.665771484375,87326
2021-12-06,1619.9579181812592,1640.8794440525855,1608.2298475955076,1627.66064453125,30297
2021-12-07,1626.02070751005,1679.6913176601372,1611.7085205382189,1637.947509765625,59560
2021-12-08,1635.9598539384972,1676.8091310080272,1635.9598539384972,1664.0872802734375,149661
2021-12-09,1673.7277563308962,1673.7277563308962,1641.4260033138214,1664.2359619140625,35613
2021-12-10,1667.7645288369574,1667.7645288369574,1644.904824329657,1650.7191162109375,43446
2021-12-13,1666.4227411999768,1720.689666116026,1663.291931405152,1679.6912841796875,121569
2021-12-14,1679.3933669996782,1679.3933669996782,1610.1185613769003,1617.8212890625,96323
2021-12-15,1610.714637949589,1631.0895920254875,1595.3091848678114,1616.8271484375,38973
2021-12-16,1638.8918398117498,1647.7873202306153,1586.2648678212754,1592.7252197265625,28303
2021-12-17,1601.0738850359028,1601.0738850359028,1539.6011808333114,1543.6761474609375,160028
2021-12-20,1500.888623657405,1579.3073713985336,1491.2478405309432,1563.255859375,77001
2021-12-21,1562.4113644895813,1625.0270871122557,1548.546503010566,1612.653076171875,106978
2021-12-22,1616.0818545696836,1651.4646802569882,1590.439178826667,1646.445556640625,123704
2021-12-23,1657.229264449904,1744.1955344008254,1641.0286422030476,1701.4080810546875,408994
2021-12-24,1707.5207292615548,1709.5085298776917,1671.094258705703,1697.6314697265625,54944
2021-12-27,1690.6241569284064,1711.545803638195,1674.7217545116782,1703.9920654296875,70913
2021-12-28,1718.453432404606,1743.3009372109188,1689.630326829283,1734.2564697265625,149440
2021-12-29,1758.209526083915,1758.209526083915,1704.63827883634,1727.8458251953125,46374
2021-12-30,1739.3254118449045,1757.2156160810234,1734.057692067318,1746.6802978515625,106775
2021-12-31,1746.2329798637918,1769.142428948722,1726.752559405679,1744.09619140625,61980
2022-01-03,1767.154614533865,1917.5813905553932,1754.1345457447928,1877.0799560546875,520657
2022-01-04,1888.4101310387832,2011.653739590788,1858.5931289697496,1963.052001953125,264517
2022-01-05,2008.175370952364,2012.6479218898971,1871.8123108983048,1889.7025146484373,263145
2022-01-06,1864.0597749921117,1869.17838514966,1767.154508097027,1792.5487060546875,392151
2022-01-07,1793.691692407699,1812.5757967340808,1756.2217023535309,1766.4091796875,163296
2022-01-10,1784.0011496198802,1817.793757066943,1750.5565043100464,1786.8338623046875,163730
2022-01-11,1779.1809529746445,1795.9778927838106,1740.3194744130892,1751.8984375,129819
2022-01-12,1753.2402138578616,1847.958965551788,1737.7353926943315,1821.3223876953125,157395
2022-01-13,1833.746043580615,1846.3685287920475,1790.2131621458116,1799.108642578125,88527
2022-01-14,1789.0203436467905,1818.8870929140653,1769.1423398284928,1783.9017333984375,242825
2022-01-17,1779.180620169389,1806.2643990425477,1779.180620169389,1791.107421875,71942
2022-01-18,1803.9288612364453,1803.9288612364453,1749.6619346346397,1780.125,251059
2022-01-19,1769.1422200641166,1791.00802278401,1747.326160880684,1783.5040283203125,75186
2022-01-20,1779.0814438819357,1798.9594488415105,1760.7440328370135,1789.1695556640625,95646
2022-01-21,1774.1118238003014,1793.989827428316,1767.8502041271945,1772.1240234375,52976
2022-01-24,1782.4607462513195,1782.4607462513195,1659.0182614615317,1704.141357421875,160368
2022-01-25,1705.632292510382,1705.632292510382,1644.0602170244454,1682.17626953125,334437
2022-01-27,1642.270955837064,1731.721973000013,1642.270955837064,1669.5535888671875,166122
2022-01-28,1678.3000265601613,1698.3271419209646,1639.9354991482614,1652.3592529296875,185701
2022-01-31,1674.4236056775335,1704.538830038823,1656.6825115075771,1685.0086669921875,187726
2022-02-01,1692.6123065691231,1693.0595131991122,1652.25997637349,1676.46142578125,40460
2022-02-02,1696.1405941806984,1747.87303165517,1671.2930868464507,1735.9959716796875,109351
2022-02-03,1745.0900481840588,1807.904493319408,1739.4744876972266,1755.6253662109375,215440
2022-02-04,1769.987185314194,1807.9045030321545,1740.319287965532,1785.541748046875,102063
2022-02-07,1798.3630653546727,1854.6177930104257,1775.9009448598813,1790.7099609375,339336
2022-02-08,1808.8984040098285,1812.874004897762,1752.5939321693254,1769.192138671875,116291
2022-02-09,1789.0203035502618,1792.8467949343813,1721.484835621521,1761.837158203125,145646
2022-02-10,1778.9822098729846,1778.9822098729846,1680.7848095699403,1707.42138671875,208483
2022-02-11,1699.5694949999418,1707.421331551927,1675.268681452599,1689.8292236328125,96196
2022-02-14,1669.7522749880766,1673.7278756428102,1578.3134599292057,1599.33447265625,160469
2022-02-15,1599.334599658485,1690.624312676926,1552.2237038937033,1678.697509765625,167069
2022-02-16,1698.5756674328811,1698.5756674328811,1635.6617278853291,1655.4901123046875,74883
2022-02-17,1653.8480427561592,1667.7793740429138,1624.144478556928,1638.2747802734375,156907
2022-02-18,1612.1535165434066,1638.87179517576,1593.3959985595943,1604.4913330078125,138558
2022-02-21,1602.1031975349167,1664.7941922210655,1577.773169614399,1626.333740234375,178492
2022-02-22,1595.1373842430262,1671.1626712673249,1579.2158632524531,1619.5670166015625,289080
2022-02-23,1622.0051163909932,1622.0051163909932,1544.3876936434488,1566.3792724609375,312763
2022-02-24,1512.2460763226982,1525.331602059788,1471.2482040411928,1500.404541015625,416257
2022-02-25,1540.4071023959266,1596.87874520017,1506.57387146475,1540.3076171875,237037
2022-02-28,1523.4907244453536,1567.2749124764416,1484.8809827747623,1507.0218505859375,618398
2022-03-02,1507.1213751517737,1528.1675399380092,1491.6475973181164,1508.81298828125,661570
2022-03-03,1510.5544832124008,1534.2874789606512,1495.130507922683,1512.345703125,216125
2022-03-04,1500.6034307391385,1510.8529589939558,1471.248124899082,1485.7764892578125,95756
2022-03-07,1480.7014715824166,1514.534704132015,1455.824094707712,1505.1807861328125,165941
2022-03-08,1511.947577100132,1513.0919608032443,1440.7484713815456,1454.38134765625,221463
2022-03-09,1452.8389711134505,1502.5937303981575,1434.877454423039,1496.1754150390625,179715
2022-03-10,1512.4450206491606,1570.757567436099,1502.6433585074617,1565.2347412109375,146930
2022-03-11,1555.2340765703495,1568.2199940784808,1515.679048367667,1547.322998046875,230032
2022-03-14,1542.6461211951523,1577.1758712876886,1540.1583835380084,1559.26416015625,224942
2022-03-15,1559.264260947808,1559.264260947808,1449.3560527392838,1464.6805419921875,551294
2022-03-16,1474.7310481154036,1527.3716071231504,1474.7310481154036,1522.9931640625,899224
2022-03-17,1527.4709447064445,1550.3581315000915,1488.6622366650429,1532.844482421875,1315161
2022-03-21,1532.8445100696504,1574.9867630881029,1532.8445100696504,1567.0758056640625,517318
2022-03-22,1580.012086253007,1610.113713749762,1565.234826486433,1602.1031494140625,130892
2022-03-23,1611.0589116513186,1619.9649639022718,1558.4681617141478,1570.458984375,86632
2022-03-24,1568.9664635420029,1617.5271551140634,1563.543243600721,1603.496337890625,278455
2022-03-25,1614.0442867657837,1624.4429821948504,1579.215957519913,1590.9083251953125,80967
2022-03-28,1601.1081675278288,1676.6855989415196,1581.7536145885456,1662.455810546875,322278
2022-03-29,1665.789112831394,1674.7449682767242,1622.5024781789652,1635.14013671875,166840
2022-03-30,1655.838249225655,1673.7499610562213,1639.6679538230612,1655.489990234375,98399
2022-03-31,1671.610602190803,1681.611357268809,1594.5405296250026,1616.7310791015625,275729
2022-04-01,1616.880396607501,1651.2111806928708,1596.0828828237873,1606.979248046875,551256
2022-04-04,1615.4372594667302,1629.2193010262672,1594.1920053509575,1604.6405029296875,71480
2022-04-05,1612.05412774739,1705.5930709623617,1607.0786520444658,1691.4627685546875,373721
2022-04-06,1691.6616920466083,1693.6518822725454,1646.981897180004,1672.8543701171875,145793
2022-04-07,1686.3878288614349,1686.3878288614349,1631.9561686541058,1637.130615234375,85713
2022-04-08,1668.7743768880214,1668.7743768880214,1627.875995165579,1661.6097412109375,53942
2022-04-11,1661.6098188731507,1755.8950780266175,1661.6098188731507,1731.0673828125,171692
2022-04-12,1718.5291352912695,1773.259362529845,1692.258601922441,1760.6217041015625,75941
2022-04-13,1769.27903664013,1769.27903664013,1724.748532202759,1735.5950927734375,44169
2022-04-18,1739.9735467792384,1739.9735467792384,1626.9306487701792,1642.7030029296875,111078
2022-04-19,1660.8137819001747,1676.685500729944,1652.056896115187,1669.0731201171875,74570
2022-04-20,1675.0932846136589,1741.4163962271373,1674.7450256287268,1720.0716552734375,282622
2022-04-21,1740.4213748525913,1771.2693237493495,1721.7135379007668,1761.9154052734375,79471
2022-04-22,1761.0197062314069,1761.0197062314069,1708.080696812221,1741.4163818359375,66185
2022-04-25,1729.4753688334663,1855.7529675264968,1727.9827261100777,1813.3619384765625,850552
2022-04-26,1834.95553139439,1867.4950955371005,1818.5862640982944,1860.977294921875,977201
2022-04-27,1850.8768465623896,1880.7296989262995,1818.536256501488,1824.1087646484373,107180
2022-04-28,1817.1430935678256,1851.1256146996573,1804.1073723695629,1840.328857421875,36555
2022-04-29,1863.713707325027,1874.410980053192,1836.0003320398632,1856.499267578125,60438
2022-05-02,1856.49918714906,1897.3477678909608,1828.984783494773,1836.398193359375,217649
2022-05-04,1824.0091984322569,1875.7541402317531,1819.0337232592285,1853.364501953125,99353
2022-05-05,1853.364510171281,1890.6805741344613,1848.8865824956997,1870.181640625,97637
2022-05-06,1843.9113138341445,1843.9113138341445,1793.3604316012754,1813.5111083984373,248639
2022-05-09,1789.18108907673,1819.7304617532025,1776.294655405325,1802.8636474609373,38357
2022-05-10,1786.49421081953,1839.9307669832012,1761.4177424103732,1795.1514892578125,151768
2022-05-11,1766.2938746499158,1798.0871158049845,1630.1151289465738,1658.425537109375,93974
2022-05-12,1641.9566984118308,1683.700888761468,1567.324566817794,1626.98046875,71660
2022-05-13,1598.471003558947,1746.3919157608696,1598.471003558947,1716.5390625,188868
2022-05-16,1721.4151446135031,1771.4186764916692,1707.7822680145196,1720.6688232421875,42949
2022-05-17,1704.9960076337973,1729.7739004848722,1674.9440620434575,1684.5965576171875,48202
2022-05-18,1672.9539621811682,1688.7759997821934,1649.8678026744756,1661.1124267578125,1616770
2022-05-19,1622.303694562842,1656.8334481672462,1602.1032141437036,1605.0386962890625,23447
2022-05-20,1613.447325976305,1668.92388146463,1604.640758054088,1621.70654296875,36328
2022-05-23,1623.0002062844492,1635.6378662303446,1559.314116031718,1571.6533203125,51433
2022-05-24,1572.349697851943,1575.4344682786304,1506.9720002567778,1532.3966064453125,52574
2022-05-25,1538.3673298704566,1566.2299946376577,1488.761859927452,1544.7857666015625,149913
2022-05-26,1552.9455389351715,1604.093456315478,1505.628835237599,1585.2861328125,50884
2022-05-27,1588.1718801008117,1651.609196740177,1570.8571999708108,1582.8978271484375,82309
2022-05-30,1602.1030592555862,1636.9313866307075,1582.2011578983738,1592.5501708984375,71985
2022-05-31,1596.2321676923957,1605.9343457809623,1560.458544251901,1562.647705078125,890305
2022-06-01,1552.4975843605075,1604.1430423422453,1552.4975843605075,1592.102294921875,101949
2022-06-02,1596.0330411152938,1600.510969025821,1567.3742538992929,1572.250244140625,95382
2022-06-03,1573.3447718955597,1593.744220584379,1542.4968250978327,1558.9158935546875,59543
2022-06-06,1560.408528507089,1573.5438560912444,1539.4120471805168,1558.567626953125,54181
2022-06-07,1562.2494548375755,1571.1058252451369,1523.4905504923822,1543.1934814453125,287773
2022-06-08,1543.44218584401,1582.8479245072513,1536.028655030928,1545.58154296875,29422
2022-06-09,1540.7055451136496,1540.7055451136496,1507.5688350031774,1517.9178466796875,339308
2022-06-10,1501.1009859599478,1518.0176029710974,1500.902015524916,1513.63916015625,63378
2022-06-13,1506.5739909531978,1515.3308764773533,1484.68189861438,1490.8017578125,57138
2022-06-14,1498.6132004899948,1529.4113448330845,1480.7014889303534,1516.97265625,356088
2022-06-15,1516.972701766256,1566.2797133776696,1516.972701766256,1546.527099609375,76142
2022-06-16,1534.4366934424456,1560.7569110934742,1497.9664325627446,1509.061767578125,98921
2022-06-17,1484.880877931198,1516.5249510898109,1457.8143394662552,1480.2039794921875,800006
2022-06-20,1477.4177787316223,1552.3484950627044,1450.4507234001696,1540.6063232421875,119257
2022-06-21,1526.5754424021782,1556.3288116246108,1526.5754424021782,1543.2432861328125,66247
2022-06-22,1543.243197549152,1548.9153124506688,1495.6279217401611,1506.275390625,42324
2022-06-23,1510.554381310867,1523.2418439997427,1483.6868132638358,1507.76806640625,45741
2022-06-24,1522.4954386436193,1588.1717124674617,1522.4954386436193,1580.8577880859375,329604
2022-06-27,1612.054236657606,1650.8131464133023,1592.1523325013393,1624.79150390625,934396
2022-06-28,1624.7913660473002,1781.220270854374,1615.885191810085,1745.1978759765625,169886
2022-06-29,1731.5648976066122,1840.9258694998632,1701.6125604566305,1789.97705078125,235479
2022-06-30,1800.1272959368016,1849.7825728940525,1747.685825180014,1832.2689208984373,188473
2022-07-01,1794.852776613872,1825.999298246148,1742.4113194708475,1756.2431640625,88311
2022-07-04,1741.4165434021563,1776.1453890477494,1720.7683186732452,1737.6849365234375,146565
2022-07-05,1726.489923742017,1825.004334376288,1726.489923742017,1811.32177734375,99694
2022-07-06,1822.019297087538,1989.1952893926752,1816.048725933783,1966.059326171875,684821
2022-07-07,1984.916233159687,2047.706833860444,1979.3437246531848,2000.24072265625,611072
2022-07-08,2010.092010249031,2044.9203371592864,1982.2293487208267,2003.225830078125,335643
2022-07-11,1995.961690953223,2084.724120427676,1950.485774488641,2046.3133544921875,227178
2022-07-12,2029.9942970515317,2031.8351989579717,1952.028609005659,1981.732177734375,261711
2022-07-13,1984.468440996694,2005.1166647152252,1955.8096529818624,1981.532958984375,142328
2022-07-14,1982.2293479838963,2032.382163010332,1950.3863062492155,1981.2342529296875,176863
2022-07-15,1977.2540555270016,2015.0178677371885,1975.2638652345736,1989.4937744140625,122938
2022-07-18,2018.898861280945,2020.9885368953005,1989.6430382652288,2004.9178466796875,171920
2022-07-19,2014.968485887534,2307.625987670831,2014.9186825341772,2252.64697265625,1898045
2022-07-20,2239.4529614662897,2344.0072349006878,2141.1221566887016,2185.58251953125,1157619
2022-07-21,2190.909547305066,2349.981380134056,2162.779473581004,2181.94775390625,1114161
2022-07-22,2181.6988573320173,2196.137302531157,2116.5267515884684,2141.470458984375,458240
2022-07-25,2125.9371673286446,2150.8310451662164,2089.243494154353,2119.2158203125,660120
2022-07-26,2126.9325839289145,2154.813722669556,2103.034465008365,2140.325439453125,268909
2022-07-27,2149.58592765673,2149.58592765673,2077.991246346704,2098.902099609375,134101
2022-07-28,2130.3179067114866,2130.3179067114866,2072.3650209441494,2086.803466796875,253359
2022-07-29,2110.701530741512,2110.9504694568204,2063.2040724813883,2073.16162109375,228812
2022-08-01,2091.085361361916,2091.085361361916,1987.526848227802,2014.4122314453125,271350
2022-08-02,2015.0095770979765,2092.628743936036,1972.5904429679963,2070.77197265625,913111
2022-08-03,2079.932922166457,2117.7716090655063,2056.2339064877865,2107.66455078125,377231
2022-08-04,2119.962535661361,2238.108777008768,2116.2284541636013,2210.078369140625,771693
2022-08-05,2200.618236984529,2387.8201503569685,2195.988074134821,2296.95751953125,788679
2022-08-08,2262.504995256248,2345.8994901164924,2196.6857248768847,2315.678466796875,331631
2022-08-10,2319.113109378852,2354.9104485992143,2261.5085924817045,2308.70751953125,279212
2022-08-11,2338.0326715965653,2338.0326715965653,2210.7751376988685,2232.134033203125,222822
2022-08-12,2245.8258798931947,2245.8258798931947,2221.529553510669,2229.893798828125,118592
2022-08-16,2240.44869147216,2240.44869147216,2174.878129193378,2213.0654296875,155312
2022-08-17,2229.495461284547,2230.4912162918204,2198.5772196878665,2224.765625,130976
2022-08-18,2222.3755575204164,2224.5163332046004,2144.905781628617,2159.742431640625,181642
2022-08-19,2176.7699872873504,2190.660719135571,2140.8729755188538,2163.4765625,110734
2022-08-22,2163.3277068450284,2163.476972862504,2056.383467408893,2103.38330078125,275977
2022-08-23,2081.127682593506,2157.053991587647,2072.3649910985846,2084.56298828125,245449
2022-08-24,2095.566351240337,2111.000553399627,2025.4154616597689,2051.05615234375,404267
2022-08-25,2056.234009132276,2096.9106968209708,2043.339030916192,2085.01123046875,273819
2022-08-26,2096.064336021773,2164.771433022012,2052.2511147462587,2141.221923828125,360606
2022-08-29,2052.251060682465,2158.498070855802,2052.251060682465,2144.3583984375,322333
2022-08-30,2174.7283558795957,2274.204157334062,2167.7580726876736,2254.2890625,432702
2022-09-01,2253.29384074141,2267.334083162108,2201.863193408964,2251.55126953125,382303
2022-09-02,2274.304277194978,2315.03055689605,2255.6837084850254,2282.569091796875,338625
2022-09-05,2303.380313714306,2504.323712291592,2285.3074585193835,2477.2890625,1079085
2022-09-06,2514.281461582143,2559.090438125191,2469.472485039095,2504.423583984375,1014317
2022-09-07,2491.080036941112,2617.839686989801,2458.2201245521182,2576.9140625,753657
2022-09-08,2602.903302226094,2656.674066694422,2564.0688612211907,2612.462646484375,718168
2022-09-09,2623.7145692584904,2756.249647756084,2603.899143382283,2733.54638671875,859488
2022-09-12,2713.432172517421,2811.0161552354784,2693.815849102086,2724.036865234375,535041
2022-09-13,2733.3471817750096,2733.3471817750096,2630.7844277776235,2638.40185546875,531868
2022-09-14,2637.754809165845,2643.331134014684,2602.4553455236,2612.711669921875,486859
2022-09-15,2626.8016626167782,2656.1764348105594,2621.92256040934,2638.00390625,396020
2022-09-16,2640.6419682572428,2662.548573122048,2499.344464120927,2556.948974609375,487145
2022-09-19,2561.8778754707528,2573.37889148125,2474.4505595934543,2548.236083984375,243441
2022-09-20,2570.4416419722925,2738.3260179896392,2561.579520464853,2707.308349609375,771633
2022-09-21,2688.537990477745,2758.240827267909,2674.049709352664,2731.0068359375,365271
2022-09-22,2713.4319805896503,2782.8360453805867,2673.40268402895,2726.625732421875,309920
2022-09-23,2741.0143260292184,2842.880095769944,2714.8259248624045,2760.5810546875,502732
2022-09-26,2726.128516359702,2782.5379453536893,2628.7934556440923,2660.806884765625,315934
2022-09-27,2699.74043803055,2706.760558606439,2465.489100807245,2566.75732421875,868099
2022-09-28,2579.005231571813,2703.4745960299124,2496.158471209348,2630.684814453125,423902
2022-09-29,2643.7291440673957,2669.8677090511123,2529.217335567301,2572.980712890625,431025
2022-09-30,2581.3456734735173,2772.1820295212337,2572.0352666139897,2732.700439453125,433889
2022-10-03,2697.4997412938674,2773.127269399225,2666.681178990733,2687.990234375,252082
2022-10-04,2713.432557017935,2752.267004622962,2707.2090878504623,2742.1103515625,371199
2022-10-06,2762.124754851361,2770.1904677612383,2725.0328803279585,2752.217041015625,430018
2022-10-07,2757.245424214058,2763.219953843991,2709.499023542357,2733.89501953125,216957
2022-10-10,2708.453547007205,2792.196638110413,2688.488611026984,2710.84326171875,241172
2022-10-11,2701.483309003292,2717.96310283756,2633.323928025441,2671.510986328125,190083
2022-10-12,2684.5549988778266,2688.3887521824463,2610.7198761021527,2637.555419921875,159708
2022-10-13,2628.7930104007096,2665.0882289121005,2613.657584113188,2655.03125,203213
2022-10-14,2676.5894058533545,2721.049768794451,2622.768800169122,2632.676513671875,219094
2022-10-17,2609.9731700577486,2703.026413434411,2583.9838708777547,2657.968505859375,364729
2022-10-18,2666.631320640055,2768.098636233784,2658.067732226792,2749.030029296875,375284
2022-10-19,2763.5183956080405,2869.6657133670496,2745.3957065374007,2820.5751953125,617164
2022-10-20,2788.1134982328945,2831.9267103479824,2584.232698674614,2781.29248046875,633667
2022-10-21,2800.9092666089296,2811.513959048084,2649.703787861502,2695.558349609375,387956
2022-10-24,2725.381127521365,2726.1777800523364,2697.6990930236143,2708.951171875,19224
2022-10-25,2715.423400628232,2857.8163402284654,2689.6334479702905,2817.886474609375,847884
2022-10-27,2827.944097556364,2850.5476866166887,2713.43227670461,2725.779541015625,486496
2022-10-28,2732.351499177857,2737.1810077792466,2623.017560393116,2656.972900390625,215959
2022-10-31,2663.6444617434554,2772.0324840919807,2660.4082581918046,2731.604736328125,206683
2022-11-01,2723.3896396347263,2815.994844931264,2719.804824768655,2785.923095703125,334608
2022-11-02,2793.092664911159,2857.8167373600804,2753.3123028499385,2831.37939453125,706997
2022-11-03,2827.9437323416223,2924.1833399347342,2808.028635634991,2854.430908203125,699800
2022-11-04,2847.859267430048,2902.6257918037027,2846.564737324003,2872.802978515625,411464
2022-11-07,2887.6894288783747,2957.2430111570216,2818.086253334348,2867.525390625,574006
2022-11-09,2885.6977506596413,2901.2316246129576,2674.5478718016057,2701.582763671875,877244
2022-11-10,2698.4961328797176,2698.4961328797176,2494.3663516102188,2557.7958984375,705930
2022-11-11,2640.741931731517,2687.492574549133,2514.7789398898744,2562.2265625,643135
2022-11-14,2572.482721042543,2572.5325574039957,2482.267480916753,2498.050048828125,724365
2022-11-15,2499.6935419879323,2616.7941785271105,2469.472281941032,2532.95166015625,609797
2022-11-16,2546.0455257611,2615.8480392773754,2545.14944362123,2588.564453125,825142
2022-11-17,2596.4312139934714,2598.422724032968,2504.4731406780224,2531.159423828125,370805
2022-11-18,2543.854879414483,2589.709439107477,2492.324565668905,2564.218017578125,503006
2022-11-21,2564.0691288012868,2588.9630038381924,2540.220845136781,2558.293701171875,397839
2022-11-22,2569.9935863014134,2593.941540507365,2564.168565940545,2585.7265625,482021
2022-11-23,2603.799450282883,2657.6698888458795,2520.803423333392,2571.1884765625,653612
2022-11-24,2621.8227703399853,2627.7973000103384,2561.828534900189,2591.302978515625,505606
2022-11-25,2608.579107148567,2713.432148517635,2549.2818532270885,2577.3125,685507
2022-11-28,2559.090041005174,2763.2197913577265,2554.4598780559377,2735.288818359375,1427618
2022-11-29,2743.90211862501,2772.1814586773053,2613.856440024399,2732.052490234375,992017
2022-11-30,2711.440842271252,2821.96964634474,2664.2917461747816,2759.585693359375,12989587
2022-12-01,2767.003746951373,2826.7988769327862,2713.4320850549484,2806.136962890625,435976
2022-12-02,2788.113723436193,2960.877198799114,2776.2145009873725,2920.847900390625,777567
2022-12-05,2927.5195050837283,2986.269046172144,2905.9116716432427,2945.094482421875,434419
2022-12-06,2928.515559831852,2976.3118015428104,2884.2542971182843,2951.865966796875,276641
2022-12-07,2957.391919562183,2997.570725206001,2905.612667098468,2931.35302734375,258840
2022-12-08,2920.548799695258,2940.3642227788214,2842.8799260586297,2885.896484375,254851
2022-12-09,2910.093492551651,3026.9950124273555,2897.646557168624,2997.421142578125,343450
2022-12-12,3007.179981844419,3012.606797760344,2932.7472985189656,2986.51806640625,296148
2022-12-13,3001.454237238947,3001.454237238947,2899.240092976921,2927.668701171875,204384
2022-12-14,2927.220502276839,2985.273059016651,2911.6370360183205,2966.8017578125,175857
2022-12-15,2957.392155271957,2960.180317709221,2793.6403049249675,2819.67919921875,174515
2022-12-16,2823.960878343048,2949.4259949407992,2723.4893068171714,2909.446533203125,488922
2022-12-19,2909.4467431041858,2975.5647755697883,2840.2417730039265,2959.43359375,247280
2022-12-20,2919.553478555742,3033.2686438677283,2867.7742217737164,3004.541259765625,378974
2022-12-21,3004.541010789958,3004.541010789958,2771.534374579278,2887.88818359375,265168
2022-12-22,2916.566037337515,2936.4811348952994,2783.13488370036,2913.329833984375,235028
2022-12-23,2847.9585264944144,2871.7071336606905,2738.3258209310893,2766.704833984375,291123
2022-12-26,2766.206928165109,2826.649197953059,2712.834371834279,2747.685791015625,123415
2022-12-27,2763.1701159223435,2823.961003493572,2748.3833009591144,2784.977294921875,178876
2022-12-28,2772.231518314318,2798.0713097245584,2749.279318914415,2774.02392578125,132065
2022-12-29,2748.781548969379,2778.2559928328787,2653.7866236529576,2746.7900390625,327875
2022-12-30,2781.4424734094323,2796.7271667050504,2726.3771736194253,2763.767822265625,157856
2023-01-02,2746.2423231615003,2781.1435828742715,2743.8526085167296,2773.476318359375,109334
2023-01-03,2772.0325539638748,2784.827859389612,2760.4816991389844,2773.426513671875,146578
2023-01-04,2778.2559840056056,2820.426060287235,2740.317623158411,2769.294189453125,247927
2023-01-05,2773.177523365593,2806.286375305237,2748.432915726903,2759.78466796875,118486
2023-01-06,2758.241398721704,2778.0568263300256,2669.669038528008,2693.91552734375,83515
2023-01-09,2708.453635681532,2749.4786936011524,2698.097880786803,2718.7099609375,187598
2023-01-10,2728.3683655248547,2728.3683655248547,2640.941038621864,2663.24609375,113903
2023-01-11,2663.445145790274,2676.389958958812,2583.9838594117973,2631.680419921875,193418
2023-01-12,2626.7520449407098,2699.143390092265,2610.9196365293037,2673.1044921875,198620
2023-01-13,2673.103955054124,2682.5137899778,2624.809843740984,2641.53857421875,121785
2023-01-16,2633.771749526644,2650.948521806165,2596.9288176807136,2608.5791015625,76467
2023-01-17,2607.882540128141,2650.700008331849,2600.962090981186,2646.418212890625,224598
2023-01-18,2652.59130821248,2652.6909809414387,2605.940338287807,2627.05029296875,125721
2023-01-19,2615.8982083827877,2633.4731868038275,2571.437601990988,2587.66845703125,113233
2023-01-20,2596.928742349844,2632.7759182411755,2569.0974419106115,2623.565185546875,106503
2023-01-23,2629.7387262362777,2649.703659628087,2552.1196841889464,2576.814453125,120254
2023-01-24,2578.0097090962586,2663.6446395645003,2561.729017515538,2627.648193359375,112428
2023-01-25,2607.8822287770104,2622.2210028962886,2544.701625463569,2559.239501953125,53848
2023-01-27,2576.9139784464387,2674.398527883247,2522.794846124478,2654.43359375,236919
2023-01-30,2648.7082432123543,2648.7082432123543,2517.268586030388,2575.91845703125,337970
2023-01-31,2598.920197692219,2610.8194197083194,2580.000855256912,2598.870361328125,171822
2023-02-01,2599.0696697532244,2620.5282374165554,2531.10939482749,2605.791015625,149585
2023-02-02,2590.9542318826216,2728.368407132353,2534.196202975124,2678.431396484375,198161
2023-02-03,2685.5507654565367,2722.5429599970976,2580.3493653417177,2678.33154296875,152600
2023-02-06,2662.6489490774406,2683.410538685734,2566.060711208888,2660.707275390625,181664
2023-02-07,2653.687031779189,2675.0459275604658,2556.103043368548,2573.22998046875,128061
2023-02-08,2565.8112608064603,2585.9254597720324,2495.361606512464,2534.196044921875,180524
2023-02-09,2534.146861978948,2547.5397192884925,2500.341025370283,2507.261474609375,76080
2023-02-10,2513.78308494618,2574.9721710331783,2508.3064333449897,2543.70556640625,94059
2023-02-13,2539.17500450681,2558.9904298493107,2473.455180860751,2516.372314453125,144550
2023-02-14,2518.612639281374,2528.2215763887048,2442.735924860698,2470.81640625,219326
2023-02-15,2479.336987675459,2504.450448340041,2398.36663591056,2423.23095703125,268674
2023-02-16,2441.567211402305,2449.539675766067,2392.735867174258,2411.122314453125,166386
2023-02-17,2400.3599283142976,2429.2104842532817,2388.2019663407186,2413.315185546875,89717
2023-02-20,2391.739641804574,2476.4470874518192,2366.825687202443,2462.893798828125,324367
2023-02-21,2458.5091250283645,2568.279915475504,2447.5469846249143,2538.981201171875,196024
2023-02-22,2520.9932913977136,2551.637456795499,2494.385235468487,2506.89208984375,116862
2023-02-23,2497.5243279317083,2548.896953700784,2462.495403226989,2488.804443359375,215355
2023-02-24,2501.361013736971,2555.0754019309497,2499.4676505287784,2542.269775390625,120864
2023-02-27,2557.1685057584336,2735.552435037763,2512.622400011879,2651.34326171875,278165
2023-02-28,2651.3428014233405,2852.099380219294,2591.0510369106123,2762.259765625,707344
2023-03-01,2778.403760412241,2808.9481664122923,2737.544881582649,2773.37109375,234903
2023-03-02,2773.4211925795007,2847.3657549468894,2744.421254546451,2801.9228515625,152875
2023-03-03,2801.923118092809,2804.264883870613,2655.827589400759,2697.73291015625,179408
2023-03-06,2692.6003037415235,2766.6944977413723,2663.8497477821093,2754.088134765625,152245
2023-03-08,2730.569544384416,2804.3148532473524,2724.5901950171506,2784.283935546875,149028
2023-03-09,2773.321351341113,2773.321351341113,2721.948977553287,2739.3388671875,82979
2023-03-10,2730.5692762069725,2730.5692762069725,2666.789555886809,2692.450927734375,101721
2023-03-13,2688.464894428359,2715.621105483191,2611.2316336302133,2695.68994140625,150327
2023-03-14,2695.689921011999,2739.5384816495325,2675.758757085848,2696.8857421875,140536
2023-03-15,2705.6558036572965,2706.253835961677,2650.745343618358,2671.523681640625,136740
2023-03-16,2650.7445933318263,2680.7410872039304,2632.2087600473246,2658.368408203125,207254
2023-03-17,2663.4510318727403,2681.688094606564,2517.804156139334,2541.472412109375,412328
2023-03-20,2640.879204995042,2650.844786900684,2458.4591795522038,2532.951904296875,134712
2023-03-21,2532.9520203705883,2533.251036501528,2464.5882713452893,2480.533203125,177768
2023-03-22,2470.517613557963,2481.2804906002325,2456.0675198966737,2475.052001953125,78797
2023-03-23,2467.478122637349,2483.672193514916,2413.663979413433,2471.46435546875,107625
2023-03-24,2471.4644897571743,2562.051538452728,2470.6173179143325,2542.61865234375,152502
2023-03-27,2559.0119688793693,2565.788369728172,2459.5055392675567,2486.910888671875,87693
2023-03-28,2481.2806068924715,2539.230370661004,2474.005683151622,2530.01220703125,121465
2023-03-29,2531.257834505387,2572.1167208103952,2530.0121367521856,2561.80224609375,484967
2023-03-31,2574.658229527755,2576.1031903942085,2517.356127613764,2537.83544921875,489701
2023-04-03,2551.1889848587743,2583.078847169509,2523.4347417463264,2553.03271484375,92654
2023-04-05,2553.032700696122,2619.353453712689,2541.2732653741355,2588.161376953125,239870
2023-04-06,2588.21058929029,2619.901183292056,2571.1197164025407,2588.9580078125,688122
2023-04-10,2589.057894581707,2610.73303284466,2557.168035987937,2567.083740234375,388290
2023-04-11,2574.010115681785,2588.709349350056,2538.981191751771,2567.183837890625,362223
2023-04-12,2580.6870613505503,2639.882517653916,2567.3330362701035,2626.578369140625,489118
2023-04-13,2637.889394354067,2646.360138536919,2582.5305410637147,2589.606201171875,163067
2023-04-17,2589.5064389881777,2720.603710396468,2589.3570525879563,2698.18115234375,259669
2023-04-18,2689.760045741819,2740.5346295825693,2682.0865974390485,2691.2548828125,106772
2023-04-19,2681.837682644913,2739.4385479547745,2681.7379295117203,2712.88037109375,157564
2023-04-20,2712.6812879186173,2712.6812879186173,2605.9996843045155,2626.47900390625,109352
2023-04-21,2628.5712145986363,2640.878803702048,2561.2539136954542,2586.915283203125,109284
2023-04-24,2591.1011326453963,2599.8210166802696,2516.608409033196,2549.694091796875,81166
2023-04-25,2552.534646218688,2568.030932822809,2492.392256737758,2496.32861328125,1247308
2023-04-26,2488.5552087641795,2520.2956847154696,2476.447123969135,2505.24755859375,216427
2023-04-27,2505.346931592234,2566.037219369155,2505.247178467355,2518.850341796875,220033
2023-04-28,2531.2574779382844,2591.00108510594,2508.7351684128835,2580.2880859375,188403
2023-05-02,2580.985977952717,2609.9859188152445,2533.400324030064,2573.462158203125,237586
2023-05-03,2561.2542819448995,2573.4621196794837,2521.8902337395075,2537.187255859375,82964
2023-05-04,2540.027398433706,2565.14061453129,2526.3247242107823,2552.484375,173725
2023-05-05,2546.206102826403,2639.8825700145367,2537.5859720489043,2630.76416015625,160506
2023-05-08,2640.8793850930147,2660.7606736905304,2591.101348739729,2596.482666015625,109065
2023-05-09,2609.5871951755494,2730.320114316577,2599.123334896208,2711.8837890625,216449
2023-05-10,2725.586559217618,2767.4420018088936,2695.689814509564,2715.8701171875,156568
2023-05-11,2719.5574584907504,2764.4524541806813,2663.8998288523576,2757.825439453125,170419
2023-05-12,2764.00406691785,2779.4008425739403,2708.695086364657,2740.086669921875,93315
2023-05-15,2745.5180175608525,2824.644646409251,2613.125154856695,2636.992919921875,328072
2023-05-16,2658.867208666079,2800.278722824305,2657.8207738745627,2672.021728515625,526592
2023-05-17,2678.7484114266545,2719.009264933021,2672.8189388635124,2698.08154296875,133198
2023-05-18,2716.468178431846,2765.448915048518,2662.803423787257,2680.392578125,115599
2023-05-19,2693.7462613933385,2695.6895009132336,2640.878808658066,2691.603515625,135057
2023-05-22,2696.885813156112,2715.621156399784,2676.7055091498382,2702.9150390625,74534
2023-05-23,2702.915006274926,2717.115960773743,2666.789771146355,2686.22265625,92449
2023-05-24,2686.222979411166,2712.581898588385,2672.321039363103,2676.20751953125,120823
2023-05-25,2660.760618324858,2736.997323515722,2655.628440720385,2714.873779296875,181163
2023-05-26,2695.6899122775453,2775.2153047452834,2695.6899122775453,2772.0263671875,208970
2023-05-29,2778.4039703283684,2871.0838732123493,2778.4039703283684,2855.288330078125,217784
2023-05-30,2871.08424403592,2977.715974029617,2826.7374030572323,2853.345458984375,321235
2023-05-31,2860.121975231957,2865.4536588125416,2772.7238715478284,2853.09619140625,484614
2023-06-01,2844.1769773787723,2919.915397238893,2823.2492561016334,2875.767822265625,136944
2023-06-02,2878.0599188246374,2889.0220584046483,2830.2251279300453,2874.27294921875,136490
2023-06-05,2889.0224994237087,2918.2715827245675,2866.6498143438503,2881.39892578125,144801
2023-06-06,2889.869172045529,2890.865730169131,2872.7281776793275,2889.17138671875,64597
2023-06-07,2895.001661868659,2895.001661868659,2875.0704972430576,2889.968994140625,82728
2023-06-08,2909.8998486647315,2914.683376325176,2831.9690519436085,2855.737060546875,79737
2023-06-09,2855.737359850962,2878.0601668722134,2826.7374180516044,2838.646240234375,54512
2023-06-12,2861.7164319784706,2861.7164319784706,2821.35582759288,2830.22509765625,46994
2023-06-13,2839.194023808861,2839.24390037387,2773.670328805199,2787.572265625,186827
2023-06-14,2815.276782012533,2828.182161432843,2777.407572201391,2824.445068359375,90083
2023-06-15,2830.225460199136,3053.85303656515,2795.395797650066,2968.248779296875,311278
2023-06-16,2989.6744859686733,3027.5436961242767,2925.446361088513,2978.413330078125,166279
2023-06-19,2973.729691167622,3090.426754585524,2942.338107631503,2959.57861328125,253817
2023-06-20,2988.677947129917,3032.476629972471,2942.288115729304,3009.804931640625,94009
2023-06-21,3039.5023420271887,3188.986063766231,3039.5023420271887,3160.634033203125,416752
2023-06-22,3183.604839839691,3237.5184910705043,3135.520907946318,3209.36572265625,253723
2023-06-23,3208.917292807248,3387.002188316329,3128.0466949996458,3153.159912109375,550924
2023-06-26,3163.972468926608,3241.8037601186347,3142.2973285077387,3184.700927734375,302466
2023-06-27,3178.023537736521,3222.519756176808,3088.433068721579,3123.412109375,249865
2023-06-28,3154.0069514104785,3202.838303234486,3115.7890904018946,3136.367919921875,111852
2023-06-30,3140.055016214604,3193.9689101142,3091.3234193991416,3163.972412109375,97886
2023-07-03,3187.790466138325,3214.0496291179006,3135.172143737212,3170.948486328125,388265
2023-07-04,3208.917019070725,3208.917019070725,3150.070215759692,3158.241943359375,71604
2023-07-05,3172.9412205775334,3178.920569146077,3131.43467325102,3145.884765625,105629
2023-07-06,3162.477776843535,3219.879627977195,3144.141202806577,3192.872802734375,146755
2023-07-07,3192.972198078632,3230.841406420388,3156.149424416909,3174.884765625,105698
2023-07-10,3188.936191160866,3188.936191160866,3114.24420676586,3130.239013671875,112817
2023-07-11,3130.239073988358,3220.975743605156,3130.239073988358,3209.21630859375,117219
2023-07-12,3170.0512589697973,3285.6519964864574,3163.5237548723712,3271.201904296875,154671
2023-07-13,3303.540501436284,3374.246255889185,3196.9586523806074,3217.78662109375,165027
2023-07-14,3258.744920003422,3315.747993491432,3244.294827850502,3275.935546875,115216
2023-07-17,3304.586946336541,3304.586946336541,3234.329594190363,3253.911865234375,105925
2023-07-18,3258.695202866617,3270.1556213416875,3225.858661200284,3239.8603515625,169412
2023-07-19,3253.762671263214,3253.762671263214,3173.091329957356,3183.206298828125,262920
2023-07-20,3183.2058657936377,3236.8207407631403,3139.158045998736,3153.95703125,131516
2023-07-21,3157.793715700311,3236.671438115361,3153.957112858344,3208.26953125,63134
2023-07-24,3208.9174900444004,3225.1614378000363,3154.804329673333,3163.324951171875,40490
2023-07-25,3188.986305701745,3197.905453115435,3116.237555602924,3120.622314453125,91241
2023-07-26,3135.42843482468,3149.486737432267,3080.840722985376,3106.26513671875,149535
2023-07-27,3105.766285546802,3150.632893203176,3080.840392404372,3113.543212890625,93778
2023-07-28,3109.3061425901296,3112.745867527165,3082.8347925669427,3089.265625,91357
2023-07-31,3088.866977126765,3104.9690088070806,3048.0880646353357,3070.07275390625,135685
2023-08-01,3100.7315705456426,3165.538900325828,3020.968703123876,3050.680419921875,153612
2023-08-02,3066.882265955785,3070.870409344544,3019.024545290675,3038.366943359375,74107
2023-08-03,3054.9678024777404,3071.867511770496,2973.260761713034,3047.34033203125,108191
2023-08-04,3050.879640704133,3152.6271925499905,2996.1923732465925,3093.253662109375,212490
2023-08-07,3101.6784569058964,3101.6784569058964,3035.97389750885,3053.471923828125,101039
2023-08-08,3050.4807472463363,3065.585741341783,2981.186763310749,2995.145263671875,194463
2023-08-09,3022.563877259606,3022.563877259606,2911.34448695966,2924.156494140625,133652
2023-08-10,2918.32357665699,2971.066669315896,2906.6583073195734,2937.815673828125,114353
2023-08-11,2937.267545733968,2947.6865214405707,2836.5669272278133,2841.75146484375,178092
2023-08-14,2840.5548730417686,2910.2974755936475,2802.6675142577787,2859.9970703125,119793
2023-08-16,2874.2049364999207,2901.374161899148,2766.774329646095,2784.072998046875,158537
2023-08-17,2921.31444159805,2921.31444159805,2749.824310555434,2767.92041015625,202418
2023-08-18,2767.9209386016755,2806.406619236069,2750.373253939153,2777.54248046875,162999
2023-08-21,2794.192657281153,2862.389804431074,2783.7736824967105,2809.148193359375,104403
2023-08-22,2816.2272632468075,2840.056320190215,2796.8347232692054,2804.063232421875,73282
2023-08-23,2804.063212853549,2804.1131133238478,2763.783066395509,2782.377685546875,121904
2023-08-24,2796.984765367102,2796.984765367102,2754.9099004783084,2761.639892578125,299935
2023-08-25,2769.516549795625,2889.410120171982,2765.677864104936,2874.205322265625,176629
2023-08-28,2898.183585479977,2916.329587563653,2851.77152233468,2868.3720703125,95674
2023-08-29,2870.017443469624,2899.828716446981,2849.528309148377,2856.25830078125,77633
2023-08-30,2870.4661062007203,2889.858404084057,2823.804781459605,2829.33837890625,77153
2023-08-31,2843.5960078256703,2921.962875814032,2843.546107352181,2891.90234375,1707545
2023-09-01,2901.3240904781237,3003.3208949257737,2865.58050540268,2979.292236328125,457800
2023-09-04,3006.0627408924943,3050.729990501911,2953.219846939824,3045.395751953125,258303
2023-09-05,3050.92962733919,3170.573926450531,3040.6601096487434,3160.703369140625,291056
2023-09-06,3172.019342101844,3179.5470107070987,3086.872586312647,3136.9736328125,184200
2023-09-07,3163.5946378468675,3248.342682037534,3126.7542132026674,3237.225830078125,178444
2023-09-08,3225.2112963075656,3335.0845873942376,3220.42547601895,3303.179443359375,521567
2023-09-11,3319.1321356856374,3725.324418035992,3319.1321356856374,3680.308349609375,784421
2023-09-12,3661.264908456734,3661.264908456734,3303.079798005882,3355.623779296875,434871
2023-09-13,3345.0551399011456,3355.623816845555,3124.859684070234,3255.12255859375,410278
2023-09-14,3279.250633994849,3380.001146820888,3207.164899437997,3366.591064453125,200730
2023-09-15,3375.963318370517,3440.0727708847467,3247.844214291777,3309.26171875,206983
2023-09-18,3309.8596968835545,3354.02843151104,3257.365859375464,3336.081787109375,82530
2023-09-20,3299.2411685810903,3375.514402793984,3251.4333534669827,3351.53564453125,162597
2023-09-21,3366.690796608176,3374.966242577649,3264.295266823995,3274.265625,243661
2023-09-22,3274.2655685132063,3290.2181413196045,3156.415985589329,3190.813720703125,115025
2023-09-25,3190.514514890908,3210.853947556561,3180.544157031873,3197.9423828125,142287
2023-09-26,3178.7992228104526,3219.129270124144,3160.603320413749,3171.869873046875,218835
2023-09-27,3174.163004406328,3186.476249454911,3077.450539906128,3090.21240234375,211373
2023-09-28,3098.787355312387,3148.1406288284625,3047.290552131585,3094.599853515625,196962
2023-09-29,3030.988841001572,3091.110148603512,2896.389007601831,2979.442138671875,1312908
2023-10-03,2990.957942308104,3015.8339368373045,2926.399874251384,3003.171630859375,175747
2023-10-04,2991.107420084481,3027.8482869279637,2953.618776385977,2996.69091796875,159075
2023-10-05,3021.01840569726,3035.973942359127,2986.1221534862348,2996.98974609375,141949
2023-10-06,3006.362180607472,3016.033379454896,2956.7097476937165,2966.081787109375,133211
2023-10-09,2941.2554815065973,2986.122090546529,2907.7053256690665,2923.308837890625,230283
2023-10-10,2931.335336368748,2976.152049706906,2918.373870155619,2929.49072265625,89805
2023-10-11,2929.5404366512985,2966.330960270629,2911.3445333180607,2915.6318359375,246201
2023-10-12,2925.5522170843774,2948.134979977281,2898.3829922686496,2907.804931640625,265067
2023-10-13,2907.8047178070947,2965.9818482533665,2882.031491019111,2957.90576171875,163323
2023-10-16,2976.1520625841986,3021.0186765930057,2958.0060584906955,3001.925537109375,116181
2023-10-17,3029.9417260207656,3029.9417260207656,2971.166517586131,2982.831787109375,121483
2023-10-18,2983.081411671076,3011.2476748957333,2955.712825822898,2984.926025390625,280656
2023-10-19,2979.940560776077,2979.940560776077,2911.344451054153,2952.721435546875,142627
2023-10-20,2952.7216614858603,3040.610274049849,2951.226107715059,3017.179931640625,327557
2023-10-23,3027.748405168729,3032.2350661791047,2871.512947113024,2898.532470703125,144309
2023-10-25,2912.989528029744,2961.196306000947,2874.7533514081465,2939.112060546875,166760
2023-10-26,2939.1119898725706,2941.255519409773,2870.715238732403,2914.534912109375,174879
2023-10-27,2929.0421206547567,3066.433711922176,2926.350172495065,3054.319580078125,234429
2023-10-30,3060.8997829382474,3089.2155011530526,2994.09838702396,3051.82666015625,161767
2023-10-31,3075.3570976358687,3169.57698602186,3066.034715016081,3140.8623046875,216954
2023-11-01,3166.9846595154613,3185.0810067170714,3072.2165942245824,3096.045654296875,146133
2023-11-02,3134.6805614129757,3168.579778680164,3077.500460802866,3128.897705078125,75737
2023-11-03,3128.399293880231,3217.4346427168966,3117.581601109988,3189.86669921875,76275
2023-11-06,3200.484878537869,3230.3959521690635,3114.9391592692627,3131.8388671875,126565
2023-11-07,3131.838861523716,3220.4255884680097,3130.692367736703,3197.9423828125,118160
2023-11-08,3220.375334948739,3250.1369472619954,3191.5611012617824,3242.6591796875,63906
2023-11-09,3251.48324839801,3251.48324839801,3120.7220987209384,3142.706787109375,92222
2023-11-10,3150.5831699384207,3210.4552173174334,3100.58192284915,3186.277099609375,69419
2023-11-13,3190.215229863379,3205.469925470466,3122.715958498756,3154.870361328125,60824
2023-11-15,3190.215266683628,3198.490712159697,3121.7189587817998,3177.054443359375,90786
2023-11-16,3178.400438398888,3214.393282078883,3142.656610233617,3192.45849609375,90107
2023-11-17,3196.3971208796643,3196.3971208796643,3120.572739535483,3155.468994140625,140628
2023-11-20,3140.6628080087826,3186.526455363832,3121.7191275795235,3160.852783203125,105541
2023-11-21,3165.4394524508693,3198.4910944169783,3123.713403618576,3186.62646484375,132308
2023-11-22,3186.526319619852,3818.6469975419377,3160.6033896104286,3719.29248046875,2314405
2023-11-23,3688.035742924188,3688.035742924188,3389.922012960865,3412.305419921875,923413
2023-11-24,3419.83295136283,3494.610639803708,3378.007346311623,3450.691162109375,370885
2023-11-28,3450.7408320709205,3467.5409823184805,3365.5940738876075,3411.607177734375,144251
2023-11-29,3428.8061557019428,3495.158937639756,3415.545530725784,3443.013916015625,137043
2023-11-30,3428.855884864834,3428.855884864834,3334.0875870344307,3356.321533203125,330397
2023-12-01,3357.518237491121,3378.505890895875,3272.1222139845213,3281.94287109375,213940
2023-12-04,3294.9541625247566,3347.4480016605644,3250.5860680448864,3339.072998046875,274708
2023-12-05,3350.040307390944,3350.040307390944,3292.212230656219,3308.4140625,175874
2023-12-06,3315.143874374977,3355.6236232604333,3263.098656820055,3324.366455078125,705012
2023-12-07,3339.7706788522205,3484.640025296877,3324.3166243766545,3402.484375,1582115
2023-12-08,3418.586185357669,3604.28408605701,3380.000952123928,3563.60498046875,873775
2023-12-11,3594.314043413834,4037.9949724898825,3559.417790565156,3884.302001953125,846114
2023-12-12,3838.587727297708,3958.1322191524905,3697.058547957742,3857.83056640625,448301
2023-12-13,3823.732205417349,3877.47233923722,3698.005890005361,3752.543701171875,363058
2023-12-14,3737.936936420141,3745.813421497753,3679.1118270253696,3700.548095703125,204885
2023-12-15,3712.961195425402,3715.6032428405497,3633.198334084362,3645.711181640625,334353
2023-12-18,3646.160161846728,3700.697975031813,3594.463754829479,3653.388671875,131239
2023-12-19,3651.095043578304,3663.807249486724,3561.4117258724887,3588.381591796875,355057
2023-12-20,3607.275578407016,3618.890948284141,3519.5364266934125,3549.1982421875,119503
2023-12-21,3489.6256578829807,3614.255145664516,3389.672808682189,3555.380126953125,135238
2023-12-22,3553.585152630192,3599.299342757479,3519.7358349183974,3577.46435546875,85644
2023-12-26,3577.464174005672,3664.106485785776,3571.5815168626823,3597.604248046875,101818
2023-12-27,3633.946199480749,3679.510686448988,3622.629745885395,3639.82861328125,89627
2023-12-28,3606.77713913592,3665.60225349916,3510.114563454631,3530.254638671875,163768
2023-12-29,3542.717568481597,3559.417918660185,3504.630848399492,3531.15185546875,108363
2024-01-01,3564.403088741825,3594.2642631375447,3540.5740297950583,3577.46435546875,40530
2024-01-02,3583.147361669197,3599.2493927193364,3528.7590092617897,3591.572265625,99399
2024-01-03,3598.302174446204,3604.284389200063,3473.1741825113195,3531.351318359375,191295
2024-01-04,3528.509454041014,3623.726366406348,3485.7367185232524,3549.09814453125,450305
2024-01-05,3549.098124221703,3812.6646157218606,3549.098124221703,3739.930908203125,441297
2024-01-08,3739.931370706059,3764.3088485348326,3700.498554188063,3758.974609375,230616
2024-01-09,3763.959539721424,3840.581837029985,3739.9311233955696,3798.3076171875,225910
2024-01-10,3795.665817199839,3945.3709054642254,3733.899491123526,3900.3046875,285144
2024-01-11,3900.3046249797167,4057.3876791094895,3863.514097776707,3904.143310546875,323252
2024-01-12,3904.142916122496,3948.2617500721663,3794.7681380425215,3885.69775390625,116516
2024-01-15,3886.3956110213135,4031.1651591231903,3853.543330406668,3989.4892578125,168455
2024-01-16,3990.137218450961,4010.426994077476,3899.307160914049,3908.679443359375,307773
2024-01-17,3854.540586876653,3898.410164171679,3752.892830895772,3815.30712890625,310013
2024-01-18,3784.449167143562,3894.123117598278,3659.171702013668,3838.1396484375,333718
2024-01-19,3838.5878018235594,3905.787916883512,3744.866437311503,3843.074462890625,284614
2024-01-23,4033.009681187973,4077.876290743834,3888.4394948413087,3920.643798828125,304728
2024-01-24,3949.258738302052,4107.737770817253,3764.8071183611582,3994.32470703125,274717
2024-01-25,4013.667547204969,4062.273044069937,3903.395286694284,3976.0791015625,165063
2024-01-29,3903.3950779321417,4092.831876094877,3881.460290776457,4061.57470703125,176542
2024-01-30,4038.045029705815,4047.915587099376,3823.632424839446,3921.142578125,287282
2024-01-31,3873.534139546504,3936.247596526589,3839.6349209806313,3886.49560546875,313026
2024-02-01,3932.1096997102654,3988.143061034412,3590.325790696229,3768.147216796875,252250
2024-02-02,3768.147633589911,3768.147633589911,3610.366706285663,3633.19873046875,459510
2024-02-05,3634.195650351357,3694.017800974424,3569.3883205097,3597.355224609375,338895
2024-02-06,3616.2487629620314,3649.101043128822,3571.033093111018,3587.583984375,270217
2024-02-07,3589.3289704527083,3647.1570483100018,3574.373433075822,3589.777587890625,260915
2024-02-08,3590.3259718867102,3607.7241981851103,3490.622390329179,3497.05322265625,143994
2024-02-09,3614.255133943868,3614.255133943868,3430.949986542438,3448.946533203125,191190
2024-02-12,3499.2463940388275,3553.4353839754835,3420.081853502217,3486.783447265625,137667
2024-02-13,3487.631687245099,3520.752168286867,3453.9125449901217,3485.636474609375,79406
2024-02-14,3443.737104445215,3500.4011935772296,3436.753860027163,3488.729248046875,101905
2024-02-15,3506.137500438882,3507.0851777748207,3444.734779933567,3471.969482421875,103096
2024-02-16,3480.6485572425418,3737.033389346679,3462.941044519396,3648.99462890625,203255
2024-02-19,3711.095663887753,3736.0358229192566,3624.453453989813,3704.261962890625,99609
2024-02-20,3689.397845449421,3731.0479123858127,3645.652707663788,3714.487548828125,89736
2024-02-21,3721.620396454098,3738.829105893341,3609.3397536914495,3654.581298828125,104864
2024-02-22,3672.837317323875,3701.618357914632,3558.461846835061,3679.720947265625,113920
2024-02-23,3699.8225900226194,3721.0716538078905,3596.370861119958,3613.978515625,98017
2024-02-26,3635.27762426568,3635.27762426568,3543.946712079809,3563.150634765625,76806
2024-02-27,3563.2003650126985,3571.430617133187,3514.816458607402,3546.889404296875,157799
2024-02-28,3546.4405994073195,3566.1932535933965,3501.698101321558,3525.0419921875,297441
2024-02-29,3519.954169056901,3550.929895121676,3424.084344379889,3480.29931640625,389585
2024-03-01,3511.574241983406,3815.644696648216,3502.5458560875154,3705.010009765625,296730
2024-03-04,3732.0953892683983,3754.790934368751,3621.311152276086,3644.35595703125,209113
2024-03-05,3640.265547548917,3640.265547548917,3521.550392668588,3555.169677734375,220335
2024-03-06,3551.478715379533,3570.034291483508,3492.769482451393,3534.5693359375,211154
2024-03-07,3534.5691331821454,3559.4593622421835,3464.287816402931,3490.3251953125,213171
2024-03-11,3516.512530812077,3591.382937710882,3447.7276202024464,3547.987060546875,248528
2024-03-12,3531.8756090044544,3566.442570340649,3483.6412463299434,3539.55712890625,105869
2024-03-13,3539.507357533352,3539.507357533352,3402.336483333568,3447.029296875,172415
2024-03-14,3437.7511441534875,3603.3537819739977,3390.364847186775,3572.228515625,124205
2024-03-15,3561.554283190015,3671.1411870847305,3491.7218434814,3552.126708984375,265361
2024-03-18,3531.077431043409,3531.077431043409,3473.7150687419585,3502.19677734375,117047
2024-03-19,3495.662611483568,3516.462557938058,3462.8412161338565,3492.8193359375,57581
2024-03-20,3511.1753544298977,3560.457009961196,3481.6461094885326,3543.048828125,192218
2024-03-21,3546.590398735392,3711.0955868706874,3532.6735954396377,3698.2265625,322530
2024-03-22,3712.093021364742,3763.020871403767,3666.2031318235495,3734.988037109375,121462
2024-03-26,3725.610706764651,3780.927928136564,3693.7372337598113,3733.49169921875,140602
2024-03-27,3741.023939624989,3835.796546095488,3717.230929946476,3796.7900390625,260085
2024-03-28,3815.8443102743295,3818.787200312184,3697.1291539546846,3727.656005859375,318097
2024-04-01,3808.8109827888215,3809.8085891041214,3691.143366610419,3715.48486328125,103499
2024-04-02,3715.983938359665,3787.911456378661,3706.6065357321354,3760.776611328125,78110
2024-04-03,3755.040130064169,3755.040130064169,3671.191269876531,3689.34765625,114581
2024-04-04,3699.5233749951367,3704.910595541313,3581.406877893244,3588.689453125,384075
2024-04-05,3591.382900062267,3647.548186905044,3585.6466634857784,3604.8505859375,306851
2024-04-08,3611.3350205670295,3612.083225336484,3536.51454362158,3541.253173828125,111150
2024-04-09,3541.25311924054,3625.999729443156,3475.6605021294577,3483.7412109375,133179
2024-04-10,3502.0969989127866,3590.534702075287,3490.6245261916647,3559.2099609375,74915
2024-04-12,3559.210003298645,3561.454617553406,3507.583875439153,3517.510009765625,102025
2024-04-15,3491.622063670064,3530.9775836479,3456.705843033363,3481.546142578125,201810
2024-04-16,3482.494258731255,3536.514545695046,3461.694068705729,3513.170654296875,277306
2024-04-18,3541.502572133812,3554.920328942339,3487.282569135127,3508.1826171875,259184
2024-04-19,3491.721975605434,3496.6101491475138,3448.924518373714,3488.08056640625,158811
2024-04-22,3491.622134388875,3556.965348618153,3465.1855667999307,3538.759033203125,252210
2024-04-23,3544.8444721441715,3601.358772072908,3526.0394958148736,3573.12646484375,113333
2024-04-24,3576.368922330129,3619.3159254489233,3568.288456833187,3598.76513671875,90029
2024-04-25,3593.777121566619,3607.195122206475,3552.476314906797,3565.295654296875,82363
2024-04-26,3587.3924614441053,3650.2416619644,3526.538473638741,3615.325439453125,160742
2024-04-29,3634.279635303592,3715.0857430333726,3603.403770011914,3698.72509765625,341548
2024-04-30,3711.045671730588,3750.999854530653,3656.2272518230966,3733.6416015625,191950
2024-05-02,3750.999983513585,3786.764269608679,3717.081366641388,3781.92578125,388320
2024-05-03,3795.8420815479694,3816.6422705395767,3744.016482440725,3810.307373046875,178775
2024-05-06,3811.8538492815146,4020.353575662,3799.932502154261,4003.793212890625,619349
2024-05-07,4013.3702725875446,4013.3702725875446,3881.9855674087135,3992.27099609375,273348
2024-05-08,3965.485240862221,4078.9130341348814,3845.772478873928,4000.9501953125,361740
2024-05-09,3978.4541646833545,3999.403898248638,3853.753369651906,3938.899169921875,130267
2024-05-10,3920.692666974182,4152.536276623728,3861.0357607633327,4060.207763671875,162588
2024-05-13,4080.2097831205406,4080.2097831205406,3890.664585371665,3925.6806640625,239543
2024-05-14,3851.7579888148375,3924.5832499346207,3741.0236876600975,3748.5556640625,312749
2024-05-15,3734.090561280834,3803.174802206135,3697.37859825838,3777.73583984375,325002
2024-05-16,3788.9090432081753,3810.3575804459256,3677.1271992648367,3756.087890625,472768
2024-05-17,3785.417352479674,3818.487906061184,3735.836364844042,3795.74267578125,275537
2024-05-21,3786.015877490863,3786.015877490863,3656.227196635287,3671.041748046875,386526
2024-05-22,3671.091459769398,3700.920035360472,3611.334937643591,3690.89404296875,415146
2024-05-23,3716.083501757909,3832.155093255443,3688.250383153811,3815.494873046875,136090
2024-05-24,3792.350550732754,3865.175813135104,3745.014178882474,3816.043701171875,107199
2024-05-27,3816.043824114528,3858.741425308507,3773.1467503585127,3798.186767578125,146473
2024-05-28,3790.90425428189,3840.485242791117,3716.433035235404,3796.889892578125,179124
2024-05-29,3766.8615056608874,3795.3931430733614,3678.77306480252,3712.093017578125,152631
2024-05-30,3706.456789532917,3720.074018566156,3656.227213205943,3691.093505859375,158635
2024-05-31,3491.6221855248914,3755.289589560204,3491.6221855248914,3568.288330078125,780952
2024-06-03,3690.744497831701,3870.712583411105,3631.287062787738,3826.11962890625,266777
2024-06-04,3839.78694407575,3874.653238231596,3506.636343274373,3759.13037109375,399473
2024-06-05,3758.980813457256,3801.129682716431,3547.7875930047835,3705.908203125,365664
2024-06-06,3760.976095272441,3894.90475330701,3733.2425888825246,3852.257080078125,167098
2024-06-07,3860.087893155152,3945.931717285664,3840.834043558064,3921.3408203125,241815
2024-06-10,3925.580981059872,3994.515677158666,3919.7948155277486,3950.072265625,245880
2024-06-11,3965.48534522573,4080.6090236117975,3955.5092814641553,4054.821044921875,244267
2024-06-12,4139.068832006305,4254.342053294916,4042.301014049059,4075.6708984375,358711
2024-06-13,4095.1738780248775,4239.826792108582,4075.221751944367,4226.85791015625,188561
2024-06-14,4219.874742878599,4309.659311876016,4170.044112240048,4296.6904296875,458806
2024-06-18,4318.63764847913,4389.467695381883,4242.819570104351,4352.8056640625,404976
2024-06-19,4339.587638014507,4385.327986748029,4277.286926389285,4347.4189453125,283012
2024-06-20,4324.723339478421,4333.751482005259,4162.01364809516,4203.314453125,184232
2024-06-21,4213.839365555683,4213.839365555683,3915.7543080309606,3973.71533203125,1366218
2024-06-24,3980.449040215866,4347.917409308408,3945.532820564849,4277.88525390625,743284
2024-06-25,4219.874940701991,4233.292941209501,4150.042494874771,4195.63330078125,243966
2024-06-26,4162.0632654059045,4248.805330043633,4140.066240826738,4222.6181640625,370385
2024-06-27,4230.847962490223,4247.258779590071,4132.084947096087,4193.73681640625,142381
2024-06-28,4193.737222614077,4273.545727632566,4162.612197924341,4249.0546875,157558
2024-07-01,4239.826638312051,4248.755409254177,4165.455285889692,4224.96240234375,192829
2024-07-02,4225.012363703709,4230.449513063444,4077.3666264224607,4104.40185546875,195465
2024-07-03,4155.230569660583,4219.875272608729,4106.896342437821,4191.2939453125,348476
2024-07-04,4198.924798434034,4414.307895115112,4150.042091110853,4316.54248046875,132102
2024-07-05,4289.607500867793,4289.707358926543,4161.016138158747,4221.67041015625,230894
2024-07-08,4243.817330648712,4394.4558865791205,4161.1158632590805,4318.88720703125,271201
2024-07-09,4329.411850340253,4529.182522271759,4245.812632911287,4401.14013671875,328072
2024-07-10,4404.232474224269,4670.4940081053,4251.798413421495,4517.81005859375,331361
2024-07-11,4579.013124188487,4579.013124188487,4213.889201867574,4238.5302734375,1852939
2024-07-12,4238.529919083692,4257.135178442586,4100.161735735904,4143.75732421875,298485
2024-07-15,4150.042306336949,4150.790511079678,4049.433611175495,4069.485595703125,336535
2024-07-16,4076.219531262156,4134.729046054181,4055.269797988415,4085.3974609375,202389
2024-07-18,4084.998611364019,4145.054466108787,3972.468564150467,4083.40234375,507647
2024-07-19,4080.210121909576,4085.99628766412,3970.4734193643303,3992.77001953125,131625
2024-07-22,3980.4489032221513,4144.854216961396,3945.133739698755,4109.73876953125,123802
2024-07-23,4131.594692751804,4183.339520842439,3934.046632922772,4005.451416015625,167080
2024-07-24,4018.824115112116,4051.757116303748,3932.9987180672574,3947.369384765625,208599
2024-07-25,3932.10049296579,4068.722446761592,3903.2090753778334,4021.81787109375,216651
2024-07-26,4041.77765237947,4176.503574125452,4041.77765237947,4154.49853515625,222412
2024-07-29,4166.523730994715,4201.452672452156,4060.888534871871,4150.10693359375,611339
2024-07-30,4139.627962722369,4229.645023350882,4117.373433631783,4175.4052734375,446528
2024-07-31,4211.432290947704,4211.432290947704,4112.9324829709485,4130.1474609375,140938
2024-08-01,4159.5378684345405,4162.681375651599,4026.9574912688977,4081.546630859375,278189
2024-08-02,4080.6980795038153,4122.612806659394,3992.976640843333,4041.976806640625,115859
2024-08-05,3958.6966485319567,4100.557956150876,3851.664388985716,3998.116455078125,454469
2024-08-06,4036.787721988571,4101.65575707615,3898.0699238782095,4021.9677734375,145164
2024-08-07,4051.657221240056,4121.515102544734,4006.998075691708,4091.376708984375,119984
2024-08-08,4099.659602987314,4102.503914142596,3971.96942625325,3999.6630859375,126117
2024-08-09,4006.948214136137,4046.667213024518,3976.9092289015134,3999.01416015625,69435
2024-08-12,3999.3636169712568,4004.752555952864,3893.3792823883696,3910.244873046875,176234
2024-08-13,3941.4313344476673,4037.286371682427,3918.1785919947374,3965.881591796875,114377
2024-08-14,3986.639625390948,3986.639625390948,3892.0819923711615,3915.584228515625,114387
2024-08-16,3936.1920399522583,4021.7679416825,3936.1920399522583,4003.10595703125,195302
2024-08-19,4003.106134800702,4051.4077729424334,3956.950034150149,3975.7119140625,95473
2024-08-20,4004.4035417701625,4119.619099892576,3975.711911653421,4105.1982421875,170631
2024-08-21,4120.616864904858,4120.616864904858,4026.807713705765,4042.57568359375,78249
2024-08-22,4059.990326447975,4140.4764871668585,4053.30397803146,4129.39892578125,191312
2024-08-23,4151.553949949609,4151.553949949609,4041.777283003826,4056.14794921875,84451
2024-08-26,4061.736968570028,4142.57252003297,4019.3732005138127,4111.7353515625,190639
2024-08-27,4130.596536069692,4176.503141689215,4097.763430812836,4150.20654296875,128102
2024-08-28,4158.640315342708,4188.479516801167,4076.856490118914,4145.7666015625,98361
2024-08-29,4145.566203165991,4154.747719475578,3984.943025992341,3996.419677734375,151641
2024-08-30,4041.777425254042,4049.761183131087,3977.009286934496,4022.616455078125,318567
2024-09-02,4049.760972751664,4108.641184036126,4013.8340641713135,4091.87548828125,100956
2024-09-03,4103.651622318632,4160.386300206775,4052.904762945546,4077.25537109375,150483
2024-09-04,4066.726830822276,4127.652690635557,4043.823473227988,4113.18212890625,110233
2024-09-05,4126.604900197318,4136.584597658497,4046.966865728122,4064.28173828125,538640
2024-09-06,4073.6124065185736,4133.590482733746,3884.148005832774,3904.45654296875,249776
2024-09-09,3924.715299147508,3977.9071316489217,3863.739498083156,3888.938232421875,165481
2024-09-10,3901.711965751645,3966.7298349875,3892.081656035071,3913.737548828125,159258
2024-09-11,3897.071735669752,3946.3713421149946,3874.367924661688,3911.69189453125,137869
2024-09-12,3924.4660113028494,3958.945914161988,3908.1493524238895,3937.04052734375,399505
2024-09-13,3970.8715287357086,4133.54083510493,3954.105588879309,4089.5302734375,844762
2024-09-16,4091.4760119938646,4124.060112776463,4010.141724475549,4038.88330078125,341445
2024-09-17,4069.4211208224906,4158.340077611961,4038.8833932599778,4127.25341796875,522747
2024-09-18,4127.253720438957,4130.597016738713,3995.122615911876,4014.83251953125,223898
2024-09-19,4026.857964605815,4040.929192159897,3931.601798896215,3971.32080078125,270143
2024-09-20,4010.83984132268,4441.61332373705,3973.0665943265008,4283.23583984375,1412283
2024-09-23,4177.550861331034,4284.2839154975045,4177.550861331034,4274.5537109375,184617
2024-09-24,4274.204272981975,4357.784234228875,4221.362070454136,4233.4873046875,412068
2024-09-25,4247.359210129635,4296.210023780526,4123.610962466084,4137.83203125,156165
2024-09-26,4173.50970109934,4173.50970109934,4073.712721159136,4108.1923828125,284015
2024-09-27,4116.325935253188,4198.408945446108,4101.90507775622,4138.53076171875,225368
2024-09-30,4150.556230976,4397.054761644688,4139.1292823104095,4327.24658203125,565035
2024-10-01,4297.257746821577,4391.066903394087,4237.928250222251,4331.78759765625,234612
2024-10-03,4241.4712469799,4286.4797792614,4143.570319007789,4180.29541015625,189719
2024-10-04,4169.567464648521,4169.567464648521,4034.592294893434,4070.119873046875,126615
2024-10-07,4119.269629961015,4119.269629961015,3919.0271024855297,4014.43310546875,279013
2024-10-08,4014.43302678671,4071.7163903100536,3957.249314046748,4047.515625,189063
2024-10-09,4105.647190385743,4301.948017860972,4077.803934267694,4175.35546875,349776
2024-10-10,4197.311045791582,4234.335819874544,4103.651490078764,4117.87255859375,126312
2024-10-11,4139.578546707925,4250.502787597719,4079.35097449251,4217.07080078125,148639
2024-10-14,4231.342292638049,4268.316879198409,4158.589903625927,4220.06494140625,111051
2024-10-15,4211.53235906916,4327.196958921837,4153.100936172859,4318.16552734375,240756
2024-10-16,4311.977184178639,4526.790142321196,4282.73686957738,4501.64111328125,446074
2024-10-17,4491.0637030525295,4500.8436117718975,4391.066938314046,4452.29248046875,156590
2024-10-18,4411.8249601592,4507.829855563387,4391.416768905493,4479.63720703125,89545
2024-10-21,4479.886611070416,4516.112721340855,4358.583571953072,4378.54296875,123752
2024-10-22,4343.16436543356,4512.819223458309,4343.16436543356,4477.24169921875,655536
2024-10-23,4432.13321117132,4801.032627923581,4425.796005867443,4625.5400390625,495897
2024-10-24,4512.818927125013,4745.395567893819,4456.932624621917,4707.02392578125,248778
2024-10-25,4720.396898719005,4761.463256310131,4535.772495703568,4618.3544921875,99429
2024-10-28,4606.62802560595,4728.030939264734,4585.670662404536,4641.9560546875,127536
2024-10-29,4641.956388509053,4651.087714245506,4462.920713171214,4554.03515625,194923
2024-10-30,4490.863782287253,4531.6309431911095,4421.005901229451,4454.38818359375,200908
2024-10-31,4450.944955645659,4525.543192290169,4358.632756453457,4472.8505859375,118786
2024-11-01,4530.782298852055,4530.782298852055,4426.993453239585,4464.81640625,6218
2024-11-04,4440.66589672467,4505.833122157978,4302.24730667177,4338.12451171875,219687
2024-11-05,4256.340465915088,4291.219699350078,4098.61156103317,4174.80615234375,250851
2024-11-06,4178.200045915563,4208.837424123627,4071.7164812569263,4088.482177734375,168718
2024-11-07,4109.639327620696,4109.639327620696,3961.939808318156,3974.114990234375,181372
2024-11-08,3975.861396960884,3975.861396960884,3858.150917817004,3882.651123046875,144356
2024-11-11,3880.1561346972153,3880.1561346972153,3572.931065578554,3612.849853515625,1295931
2024-11-12,3617.490394736092,3687.747360860991,3532.9124666302887,3554.568359375,132038
2024-11-13,3554.9179296401267,3577.7216364124847,3426.030230907688,3440.650390625,149985
2024-11-14,3459.162420218567,3535.5070999469403,3354.7749389599376,3433.5146484375,208267
2024-11-18,3452.9754682303355,3474.9308035774648,3363.1581872648067,3423.63525390625,411614
2024-11-19,3427.1280680580808,3661.3015759992727,3408.0667480851835,3603.96826171875,276375
2024-11-21,3579.118425715883,3662.5487898862566,3517.8431837463363,3536.405517578125,255107
2024-11-22,3555.067633094321,3567.741799990472,3457.8155312193767,3467.345947265625,162265
2024-11-25,3497.1354937305987,3528.521593614813,3366.650949019098,3388.40673828125,524735
2024-11-26,3408.0666713512737,3517.593850613588,3408.0666713512737,3422.23779296875,312154
2024-11-27,3457.6657054679317,3457.6657054679317,3327.5305489797483,3382.26904296875,550815
2024-11-28,3398.086949510252,3626.62201894868,3348.1884627333025,3571.6337890625,1015319
2024-11-29,3572.7316245518346,3641.591535751297,3541.84451021382,3583.26025390625,353301
2024-12-02,3582.711077188236,3621.631893904209,3492.893807843684,3534.658935546875,297429
2024-12-03,3570.835374964909,3701.469507356758,3570.835374964909,3612.7998046875,442558
2024-12-04,3641.591690112413,3667.838343787954,3602.720816306498,3652.219970703125,292573
2024-12-05,3682.508290105415,3758.852974168576,3651.271788942739,3747.42626953125,303481
2024-12-06,3759.351991595536,3759.351991595536,3662.8983141696026,3672.67822265625,221982
2024-12-09,3691.9891510856182,3790.2891730837086,3666.091884374505,3702.617431640625,339027
2024-12-10,3737.3966192002863,3737.3966192002863,3655.7626469864936,3691.140625,142835
2024-12-11,3691.190466724041,3731.458641424977,3651.82061093668,3672.72802734375,196346
2024-12-12,3697.477916757404,3701.469795749855,3643.5875503593206,3651.82080078125,123884
2024-12-13,3640.593502190059,3666.490767436352,3557.6621218285723,3646.23193359375,101918
2024-12-16,3642.589447065737,3762.146267235405,3617.8896967054966,3746.078857421875,229967
2024-12-17,3732.4066400294296,3771.876389991885,3664.6445955467657,3697.67724609375,292669
2024-12-18,3697.6774063086095,3750.120764511375,3648.9267310342343,3741.4384765625,158703
2024-12-19,3692.5877115419175,3791.286815465769,3664.744211274538,3783.7021484375,170455
2024-12-20,3783.702435449495,3817.23431670916,3585.555735311187,3611.75244140625,385690
2024-12-23,3602.720717548896,3663.0479397524855,3594.7869068252157,3613.6484375,72563
2024-12-24,3612.650215229017,3617.590116379969,3561.005284666005,3571.883056640625,102134
2024-12-26,3571.883119526649,3645.03434655355,3507.1649312986137,3629.515869140625,177832
2024-12-27,3637.499580891256,3641.441756034233,3578.719264331078,3582.212158203125,95149
2024-12-30,3567.742029961451,3603.968382379284,3513.901608056481,3533.461669921875,125646
