date,open,high,low,close,volume
2015-01-01,226.90391142070283,227.6992504294417,224.23719994663867,225.3132476806641,856386
2015-01-02,223.81611527120907,232.42442465136384,223.81611527120907,229.85128784179688,2630409
2015-01-05,230.1787993639037,235.0443646250515,228.4010013399545,230.0384521484375,1975993
2015-01-06,228.6817051762844,228.6817051762844,220.07339485598328,222.0851287841797,1951719
2015-01-07,221.1026475837239,223.48865020246583,212.40076323872043,214.6931915283203,2337628
2015-01-08,218.76341361580836,228.9623864218888,218.62305213397389,227.69921875,2362344
2015-01-09,230.92732368008708,231.02088372011823,226.52960203040573,230.17877197265625,1946824
2015-01-12,230.17879466360608,232.2840885172366,227.46531051879063,230.0852203369141,1292914
2015-01-13,229.2430896850524,231.3951705253382,224.33073776322988,226.4828186035156,2700501
2015-01-14,226.43604316288,232.5180029998995,226.061774422346,231.8162384033203,4226479
2015-01-15,233.0794169113536,238.50638495533008,229.57059398079792,237.14964294433597,4586490
2015-01-16,235.98002786275435,241.2198613740963,232.98583524521084,239.0677947998047,4723648
2015-01-19,239.06780784259496,243.09124680703707,234.8572202289289,236.5414581298828,1730618
2015-01-20,236.7285753647996,240.84558835582155,236.44786668872163,237.4771270751953,2274423
2015-01-21,236.7285819597942,241.1263180268465,235.13791845428688,239.76956176757807,1557715
2015-01-22,238.59996044352692,246.97436263398475,234.1086642149849,236.7753753662109,2169145
2015-01-23,238.4128264190753,242.34270527067991,235.933249632662,240.23741149902344,1957883
2015-01-27,241.45381076432767,246.8340063759188,238.88068801013532,244.4012451171875,2484973
2015-01-28,244.21411953978225,257.2201531452929,244.21411953978225,256.3312683105469,4859650
2015-01-29,257.2200987276965,259.6528882565706,253.4305815102256,258.2493591308594,1572737
2015-01-30,259.3721771189872,260.5417846482848,248.42463922281297,251.3252716064453,1500375
2015-02-02,248.4714730447447,251.13818457658303,244.8691038148504,249.12646484375,988993
2015-02-03,250.29605488432355,257.7815443761912,249.31359581046647,252.2610015869141,1408831
2015-02-04,254.1791478236924,264.79919179205206,244.4480171578573,258.6236572265625,2745766
2015-02-05,258.57687736090617,259.3254148708175,244.2140890198372,245.9451141357422,1557908
2015-02-06,246.55329470227244,252.1674114696866,241.68771541523037,248.23751831054688,1337997
2015-02-09,246.36612734584705,246.36612734584705,234.1554357259436,236.9624938964844,1320974
2015-02-10,236.21395916587792,245.5240332448828,234.3893740794297,242.06201171875,1249810
2015-02-11,244.21408206887727,249.26678150415492,238.3192565427617,247.67613220214844,1636716
2015-02-12,236.7286070417381,242.34272420478328,232.51801916945425,240.5649261474609,4874754
2015-02-13,241.40701243330795,245.05618249167392,238.7870885126529,239.76956176757807,1441296
2015-02-16,240.70526898728664,241.40703361990265,232.47122777577133,233.50048828125,1802301
2015-02-18,232.89227027172768,237.05608494045532,229.33667442676597,234.38937377929688,1989970
2015-02-19,237.14965715687669,246.08546294437485,233.26656525865351,243.3719787597656,2377226
2015-02-20,244.2140791994933,247.9568237082978,240.0502645114985,242.95089721679688,2018659
2015-02-23,243.83980842306556,244.96261463340463,233.92152984659504,236.7753753662109,1739544
2015-02-24,236.72858094650252,239.53563921859543,234.57650008241063,236.49465942382807,1993659
2015-02-25,237.1964626879465,239.90994708267127,234.9040342472392,238.2257232666016,1885616
2015-02-26,238.69352141973607,240.00347620265515,232.2372789905128,235.46539306640625,1709508
2015-02-27,237.2432168131216,241.12632274863992,233.5940324058596,239.7227935791016,2712519
2015-03-02,239.53565998356083,257.78154033387113,237.05609733923745,255.58267211914065,4998186
2015-03-03,258.24937866703846,259.09149049519505,250.62354221809915,254.17913818359372,2096411
2015-03-04,257.2201242018149,262.8342412606608,246.3193859568643,249.9217834472656,2884915
2015-03-05,248.00359249101203,252.8691716939365,245.0561869500501,248.471435546875,1208351
2015-03-09,247.02114472885165,247.86325655672496,239.53565549464403,241.21987915039065,1080396
2015-03-10,240.51810726894865,250.5767331235573,238.6935364561536,245.14976501464844,1693017
2015-03-11,243.2783842965707,253.9920014885037,240.8455947426303,251.6527862548828,1578771
2015-03-12,251.74633500993053,270.92790015341143,251.69956212665204,268.9629821777344,3649799
2015-03-13,271.3489857181958,282.0158022044188,266.2494847370589,270.4132995605469,11904665
2015-03-16,272.79930081605966,273.0332223665982,258.8575821149398,262.7874755859375,2813044
2015-03-17,263.8167541887526,268.8694543154812,257.50087189162224,262.7406921386719,2624359
2015-03-18,262.8810205390279,267.04480654036604,260.54180529506027,262.4131774902344,1822364
2015-03-19,264.331337875972,270.6939922860807,254.1791374182561,256.1908569335937,2639502
2015-03-20,258.24940262048705,262.8342594922665,255.8634141269229,257.5476379394531,2443487
2015-03-23,259.93359282768165,262.45995677473576,254.9276949273927,256.65869140625,1339069
2015-03-24,257.31369951646104,263.3020853578689,256.89262931348367,260.1207580566406,1840778
2015-03-25,261.0564115819494,264.565234318266,258.76396930560696,263.2552795410156,1946125
2015-03-26,262.9278174939316,265.7348760436889,254.55341473187195,255.7230224609375,2849587
2015-03-27,257.8751224895805,259.5593462280126,248.00361594441108,257.1265563964844,1450548
2015-03-30,260.86931151843675,264.23778768344886,256.8458721202886,261.94537353515625,1079416
2015-03-31,263.3021089275924,267.4659242235369,258.4365574886627,261.851806640625,1344947
2015-04-01,261.89853822304093,266.67054312681137,259.3722028421325,265.45416259765625,961772
2015-04-06,267.60621945226416,269.477591616266,261.05641687825766,266.2962646484375,1768320
2015-04-07,267.7465313846773,276.49520080994205,262.5534857355753,274.2027587890625,2914809
2015-04-08,276.0273902525568,281.64150666447324,272.6121418129489,275.4659729003906,3337319
2015-04-09,276.49521232747946,280.237956318376,271.9571295275434,274.62384033203125,2141273
2015-04-10,275.0917232495793,287.86383326090623,274.1560371160773,286.3667297363281,3551955
2015-04-13,288.05098064873505,290.343394532856,282.76435972856376,283.84039306640625,2534441
2015-04-15,283.51282926486454,289.8287091247254,277.4308708812949,281.1736145019531,2479661
2015-04-16,281.1736686393006,282.5771977672838,270.7875473812503,273.2203369140625,1899870
2015-04-17,273.5010439496455,280.05084684941005,271.8635932247044,276.1677551269531,1637036
2015-04-20,275.2788845904327,276.1677693253183,264.19099768623346,269.8051147460937,1625832
2015-04-21,269.6647307825421,279.3022856666797,268.5418961016318,273.1735534667969,1902639
2015-04-22,273.31390643557,277.8987624621871,265.8751907658957,268.1676330566406,2322220
2015-04-23,269.47760287628824,273.03319871451174,268.12084657874607,270.36651611328125,1250570
2015-04-24,270.74077396349054,271.3021913245481,259.93358256646934,261.8985290527344,1329835
2015-04-27,262.74065868402283,262.881034449988,241.64094748884435,248.37789916992188,2752267
2015-04-28,248.89247405618005,260.4949746545918,245.6643459594431,257.6411437988281,1473227
2015-04-29,258.5300857618772,259.55934629334547,253.57096032145256,255.6762542724609,1089030
2015-04-30,254.459869923962,266.343067363478,251.27851404491904,263.0213928222656,2613720
2015-05-04,263.76990080508574,267.8401409727644,262.9277890422595,266.2962646484375,867550
2015-05-05,262.92781029935526,273.9688955376627,262.92781029935526,270.4132995605469,1465400
2015-05-06,268.54189833479694,269.7582787868384,254.5066074810619,258.3429260253906,1766138
2015-05-07,258.2493717641138,258.2493717641138,244.49477423733617,249.87496948242188,1521348
2015-05-08,253.57094531514807,264.2845630981993,253.57094531514807,263.348876953125,1546096
2015-05-11,264.6588424578686,267.1384051307692,259.6061427828328,263.3956604003906,1470409
2015-05-12,262.9278338273799,263.6763713985316,256.190881467503,257.5476379394531,855977
2015-05-13,259.0914862913169,264.19098717304473,253.00952638515983,262.085693359375,2121973
2015-05-14,262.9278329183795,266.01558608230255,258.99793929622484,263.58282470703125,1409749
2015-05-15,265.7348290270341,275.0449163251058,265.7348290270341,272.0039367675781,2440949
2015-05-18,273.9220747280909,276.72913270993297,272.9863887341435,274.99810791015625,1393084
2015-05-19,275.04497350978704,279.3959086857259,272.0507662086695,275.1385192871094,1565215
2015-05-20,276.96309718810426,278.74089514151234,275.1852992346961,276.30810546875,994927
2015-05-21,276.2613576584159,278.1327301065677,267.9337559751157,269.99224853515625,1640867
2015-05-22,280.752629458686,300.35526653119246,280.752629458686,298.39031982421875,14060344
2015-05-25,298.29664397729306,305.78213093837815,292.68252875647926,304.0043334960937,4248542
2015-05-26,304.0980035925881,325.431636730364,300.63595336050685,322.0163879394531,7061301
2015-05-27,316.26191592042727,323.5602564043333,312.7530928887657,315.1858825683594,3963828
2015-05-28,315.606948035562,320.42575487355265,307.4196936766731,309.2442932128906,3939183
2015-05-29,308.7764573506435,315.981252777443,306.95185777162044,311.5367431640625,2461954
2015-06-01,310.64780485655245,320.23858798841894,308.63608532523364,316.21514892578125,4668717
2015-06-02,315.79410111155136,316.54263867001293,305.59512696440567,309.0103759765625,1978797
2015-06-03,308.7296741008702,312.19169591903375,301.7588004665905,309.1039428710937,2236756
2015-06-04,310.1799327802196,314.99871033868124,304.4254691500226,309.8056640625,2142962
2015-06-05,309.0570694270033,314.8583339560161,308.16818487416543,311.0688171386719,1464795
2015-06-08,310.6478382680526,312.70635946165976,303.2559225262644,305.4079895019531,1208877
2015-06-09,304.5658432558056,310.13318729641026,304.5658432558056,307.2793273925781,2064434
2015-06-10,308.7764581318029,325.9463062873802,308.21504067876947,320.9871520996094,4401317
2015-06-11,323.74739562859617,325.478420651458,309.8056782330216,311.6302490234375,3037870
2015-06-12,311.6302437366596,313.26769440931406,304.47225079288773,308.5892639160156,1608839
2015-06-15,309.0103568046445,314.6244738094223,308.3553650654701,309.4314270019531,1133885
2015-06-16,310.17996451397323,311.2559978955805,303.4430126862896,309.4314270019531,1499546
2015-06-17,310.55421288124853,318.5075447825257,310.41386567631844,316.7765197753906,2823822
2015-06-18,319.068997122654,322.53104751631685,316.12159127663125,318.9286499023437,1407716
2015-06-19,320.8000014146354,322.1099563102963,313.220937908124,315.70050048828125,1094754
2015-06-22,316.72978407448403,333.2914415174641,314.8584116427293,329.6422424316406,3173337
2015-06-23,331.23286367759545,336.7534056945809,329.5954130803192,335.4434509277344,2856554
2015-06-24,335.81778667219726,335.9113610074089,313.8291599767262,316.9637145996094,4438388
2015-06-25,315.0455692247216,320.23861644787104,309.89929489173903,316.9637145996094,4670342
2015-06-26,316.0747837130058,318.8818422843641,313.4081009141164,316.2619323730469,1517644
2015-06-29,311.3495718401111,311.3495718401111,302.8348220157024,307.7939758300781,1887833
2015-06-30,302.22664582476347,304.98693156616645,293.3376268299175,295.0218505859375,4053711
2015-07-01,296.3317349676341,302.6008133438898,294.74105752097074,301.5247802734375,2906685
2015-07-02,303.0687447945154,307.8407499731596,298.530661158404,299.7470703125,2383139
2015-07-03,302.03948671888406,304.3787021629735,295.0218403866156,296.6125183105469,1978161
2015-07-06,291.9340937992287,301.8523732097932,291.091981931937,300.91668701171875,1342494
2015-07-07,300.5424057364523,304.42549758589183,296.61251244613067,297.9692687988281,1224161
2015-07-08,295.67678641069045,303.1155017945536,292.9165011915534,298.81134033203125,1710030
2015-07-09,301.15060508974165,304.0044365390207,297.12713735147577,299.1388854980469,1510718
2015-07-10,302.955211780947,302.955211780947,292.82529412419683,294.42724609375,1559726
2015-07-13,294.8512900256559,297.11284742493865,287.6425632341398,291.69451904296875,2008276
2015-07-14,292.21276584677975,297.7724353115888,292.1185283120017,295.4637451171875,1714369
2015-07-15,296.7830995220404,297.2071254161441,293.1551690559541,294.05035400390625,967181
2015-07-16,294.9455021640222,298.62053621589183,294.6156851481695,296.4532165527344,1398621
2015-07-17,298.29070408509733,300.1282353965511,295.55798806998706,296.59454345703125,1491274
2015-07-20,297.53695171440785,299.0917708887779,291.50612138993984,296.4061584472656,1239103
2015-07-21,297.1128438447674,298.95037538550275,288.34929824417287,290.5637512207031,1352194
2015-07-22,292.4012691461188,293.9089837246371,288.44355072943,290.42242431640625,1535520
2015-07-23,290.7050912614219,298.7147939379927,289.29161431849764,297.6311340332031,2062816
2015-07-24,297.72536304358573,301.9186605996612,295.0397511775871,299.2801818847656,2425511
2015-07-27,297.7724633408532,297.7724633408532,285.61656789896034,287.17138671875,1287335
2015-07-28,287.4541250938978,291.4118726194451,283.6377482892578,289.5743408203125,1514187
2015-07-29,291.6003206896401,297.0186492655772,290.51663196864183,293.95611572265625,2225133
2015-07-30,295.228210745374,296.83016280947294,289.0089351018426,295.0397644042969,1553060
2015-07-31,296.7830451086572,304.36869298192767,295.0397511775871,299.2801818847656,2041003
2015-08-03,299.6571376025694,302.4369873316625,298.47924004910016,300.2225341796875,1840369
2015-08-04,300.59939966201785,305.0754095315933,296.21762733062207,301.5417175292969,2946100
2015-08-05,302.4840554340391,309.1745184863688,301.91865892476625,306.3475646972656,2363619
2015-08-06,307.4783689359604,311.3418787015088,304.1331513534909,308.7033996582031,2263421
2015-08-07,308.9860451116254,310.0226005914991,298.0551513150018,299.2801818847656,1792348
2015-08-10,298.33789425090845,301.30619029596005,285.52236328280185,287.73681640625,2216198
2015-08-11,288.34931664619165,292.11858875921376,285.239678655854,287.642578125,1519542
2015-08-12,286.6531293865229,288.2079482389759,265.21539621146604,281.3290100097656,7136664
2015-08-13,280.81081409699374,289.2916776099902,276.0992232564401,286.6531982421875,2715476
2015-08-14,284.5800653325913,298.71483678950807,284.5800653325913,297.1128845214844,2293045
2015-08-17,295.4638403104029,303.52067763493966,293.1551781294496,296.4061584472656,1978816
2015-08-18,294.9455250220591,300.03403631571564,286.2290837873816,287.0300598144531,1833406
2015-08-19,285.52239717239974,290.94072649167794,281.3762030969273,288.6791687011719,1243817
2015-08-20,287.3127751458193,287.3127751458193,276.47611728973976,279.4915466308594,3189239
2015-08-21,274.2144994942786,277.3712701024515,266.817298481555,272.2356262207031,2854277
2015-08-24,264.1316666775546,264.7913006375617,236.33330607821844,249.10171508789065,5630357
2015-08-25,249.24314791072493,260.7394407161304,231.527564011476,256.7345886230469,3855557
2015-08-26,258.0537575954928,258.76049600660485,247.12286441884143,254.66140747070312,2743623
2015-08-27,258.43070125579834,266.3461663905764,254.99124644359108,263.8490295410156,2584747
2015-08-28,265.9221213058033,275.86356358893966,263.8490104351942,270.4923400878906,2196436
2015-08-31,271.3875939090517,271.3875939090517,256.0278214511326,257.2057189941406,2396140
2015-09-01,255.36818165228703,259.13745370619534,234.16602634905288,240.7151336669922,3485736
2015-09-02,242.22287348277465,249.3373929026361,240.4795934998656,243.16519165039065,2315773
2015-09-03,245.4738912600425,251.59895956403597,241.70461845758507,249.2431640625,2361335
2015-09-04,250.3739167659732,250.3739167659732,233.74199459760771,239.0660858154297,2925080
2015-09-07,240.5737852382272,244.76709740955587,234.21313881853712,238.9718475341797,1771556
2015-09-08,240.7622353178161,249.4786763224729,234.8256293794589,247.54693603515625,1423110
2015-09-09,251.504655127997,253.71910806216465,245.2853509059401,247.7825164794922,1155101
2015-09-10,243.1180305032169,244.0603484509038,238.5477827054832,240.29107666015625,1052085
2015-09-11,243.4949391837823,244.5314946234261,239.4429837237548,240.85646057128903,1236863
2015-09-14,242.74113443593612,244.0603739490728,238.45358445029356,242.59979248046875,688390
2015-09-15,245.0026834621828,252.3527524631428,244.10746984662703,248.30079650878903,2060302
2015-09-16,252.3056394615952,252.3056394615952,241.3747451284265,242.4113006591797,1602789
2015-09-18,246.3690551369636,246.3690551369636,235.1554621944459,236.5689392089844,1845827
2015-09-21,233.41215395004093,245.94498559356165,228.98326244917808,244.4372711181641,2837740
2015-09-22,246.4161499233671,248.39502341799,239.39588390070296,241.79879760742188,1870714
2015-09-23,239.3487583345307,245.70940447137352,235.86218480932075,243.7776641845703,1112010
2015-09-24,244.7200111443778,244.7200111443778,235.0612366720792,235.81509399414065,1330858
2015-09-28,236.89875659867656,239.6314876236898,233.03526114616037,236.3804931640625,1149514
2015-09-29,234.07179047478425,248.01811442861236,233.0823680564436,241.280517578125,2446481
2015-09-30,244.06036748033983,254.3316281595269,244.06036748033983,252.82391357421875,2579443
2015-10-01,256.3104783798515,256.9229792862923,251.12772973614125,254.5671844482422,1884729
2015-10-05,256.87587540919554,259.8441711596578,251.7873643002229,254.52008056640625,1225837
2015-10-06,255.46238342141532,267.9951997422316,253.7190895892204,265.733642578125,1916509
2015-10-07,265.73368538504604,267.1471624349665,256.310505052243,257.3941650390625,1498054
2015-10-08,257.39419191095493,259.0903818022999,253.2008934794368,256.4518737792969,1140616
2015-10-09,256.8286978387996,264.7441901473759,256.8286978387996,262.1999206542969,1520435
2015-10-12,262.9538499166178,266.676017852447,254.9912793587752,256.8759155273437,1124403
2015-10-13,258.00669436657046,261.5875205409601,251.7402845079727,252.7768402099609,1636973
2015-10-14,252.54122665947415,257.53550060916285,251.17485404217985,255.88644409179688,781551
2015-10-15,256.0749380179002,261.2576874534051,254.4258813793305,260.4096069335937,1072560
2015-10-16,261.6817422820299,268.5606527621543,258.3836290024947,268.3250732421875,1297271
2015-10-19,267.3356496368811,270.2097082654822,265.262538366986,267.9481506347656,953728
2015-10-20,265.7336735274106,272.2356619154585,265.0269350339866,266.016357421875,848794
2015-10-21,266.58173111658965,272.70679753455454,264.7442284455564,271.5289001464844,1448857
2015-10-23,275.72224622510726,275.72224622510726,271.6231572677067,272.42413330078125,1108251
2015-10-26,274.4029996222274,279.8213278560396,270.9635160853894,278.3607177734375,1442385
2015-10-27,276.0991731079258,279.585761199566,267.33562723914605,274.02606201171875,3295659
2015-10-28,271.38757533587324,277.84245918125185,269.926993985408,275.76934814453125,1963391
2015-10-29,275.4395179379066,281.75305953747,273.03661873238104,280.009765625,1836362
2015-10-30,279.3030688311576,279.3030688311576,263.8490583101585,267.1000671386719,2441818
2015-11-02,264.7912945331803,268.46632810087283,258.4306495577392,262.1999206542969,1016176
2015-11-03,263.5192344751783,269.97411880897494,262.6711539895349,269.22027587890625,859479
2015-11-04,270.633736829535,271.67026360735747,260.17400144324404,261.4461364746094,780470
2015-11-05,260.7865038683815,263.7547997869755,256.1220183125459,258.19512939453125,971838
2015-11-06,259.1374493568638,265.2625163416624,251.69314292679195,262.576904296875,2720370
2015-11-09,255.36816881274743,261.96439457543835,252.3527398183268,260.3153381347656,1145166
2015-11-10,258.9490145737193,262.0586817045459,247.87677637721143,249.5258331298828,1125563
2015-11-13,252.35272317727168,252.35272317727168,241.51606728174508,245.00265502929688,1944786
2015-11-16,244.81416323807076,248.53633020759008,242.7881856342757,244.484375,892113
2015-11-17,245.56806703764843,251.4104211569459,243.1651389763848,245.14401245117188,1440555
2015-11-18,245.85074112012,247.31135115964688,237.4641173309168,239.01893615722656,1175273
2015-11-19,241.23338341346152,246.84018644492068,241.23338341346152,245.00265502929688,1535979
2015-11-20,246.41613069818823,259.1374223403509,246.41613069818823,255.8393096923828,2930930
2015-11-23,255.8864613144356,257.9124681779437,251.50468802482575,256.02783203125,1189891
2015-11-24,256.4047772087019,258.19517596209494,252.8710841070309,254.4259033203125,897624
2015-11-26,255.36818670463364,272.5654907908313,254.4258686725132,268.6548767089844,3304295
2015-11-27,268.6548679991914,269.2673689487596,263.84904043972944,266.393310546875,1434734
2015-11-30,267.14714687040714,273.9789522136539,264.9326938697643,272.42413330078125,1862628
2015-12-01,272.8953193236236,277.7011472408849,271.9530012518965,275.6751403808594,1434862
2015-12-02,276.476057983702,278.4549312670006,273.13084103991247,276.240478515625,2057927
2015-12-03,274.4501456057831,274.68572512990823,261.49327177890063,265.4510192871094,2003904
2015-12-04,262.05859261667683,270.72789934348026,262.05859261667683,269.3144226074219,1116558
2015-12-07,270.6337703325556,278.8319205636344,269.55008150970184,277.7482604980469,1236949
2015-12-08,277.7482200083666,281.4703874706711,272.80105069524046,275.1097412109375,1733289
2015-12-09,275.1096907647124,275.1096907647124,268.56057061008994,270.3981018066406,1159634
2015-12-10,269.5029577615923,278.73766299317475,264.32020857386937,276.5703430175781,1216110
2015-12-11,277.98382256276847,281.6588571773996,273.2722323498402,281.0463562011719,2024088
2015-12-14,282.4126932022731,282.4126932022731,273.9318318899797,276.0991516113281,1704766
2015-12-15,272.5654741514546,285.0511873148315,272.5654741514546,283.4963684082031,1817074
2015-12-16,285.2868027554834,289.66857613801204,283.7319836529431,288.82049560546875,2305867
2015-12-17,285.6166073548685,287.7839273718829,279.4915400159632,285.8050537109375,1769757
2015-12-18,282.78963861064733,288.4435466318242,281.564607951701,285.7579345703125,844159
2015-12-21,286.5117557719272,291.6945043988358,285.71080853539564,288.0194702148437,1001751
2015-12-22,288.01947834970395,292.0714628268158,284.9569449836684,286.0877380371094,882457
2015-12-23,286.55894196891927,291.6003495906897,286.55894196891927,290.0455017089844,551644
2015-12-24,290.2339150170391,294.6628206776708,288.25504166319814,293.5791320800781,976092
2015-12-28,291.69451644942905,296.59458140202594,291.69451644942905,294.568603515625,631006
2015-12-29,294.0032186622895,294.9455366708225,290.04547152354564,293.76763916015625,913155
2015-12-30,293.0608447442604,300.128228459958,292.1185269155007,298.4320678710937,880525
2015-12-31,297.7724617570409,308.1379588435201,296.8301438400882,305.5936889648437,1905851
2016-01-01,305.3110324796887,305.782191480429,298.00806796821473,300.83502197265625,674414
2016-01-04,300.1283150502612,301.5417922012043,285.9935435408297,289.5743408203125,1083585
2016-01-05,291.17626809229625,291.88300660708336,285.66370192550386,287.0771789550781,1104220
2016-01-06,286.37043024359514,291.9772337641723,283.82618893531173,288.0666198730469,1090119
2016-01-07,284.7213508928703,285.00406352036345,269.73850186806976,271.5289001464844,1851263
2016-01-08,273.17798861043354,282.5069312694074,273.17798861043354,279.53863525390625,1362284
2016-01-11,275.0155416075117,285.61662016972053,270.77511018262817,281.1877136230469,997085
2016-01-12,281.4233144729833,285.42816667775094,268.8433612077301,270.8222351074219,1420695
2016-01-13,273.2251388109896,276.09919745221043,260.503844730427,272.0472412109375,1878302
2016-01-14,265.73369857175203,276.57035649223127,263.9904043722218,272.0472412109375,1154298
2016-01-15,273.2722419438871,277.0415142465613,261.96442503586417,264.2259826660156,719592
2016-01-18,263.8490128363616,264.7913307393485,245.4267093358697,256.07489013671875,1576868
2016-01-19,256.9701535173927,261.77595274947475,251.410453804996,260.8807678222656,1336513
2016-01-20,258.8076309739611,258.8076309739611,243.4949635907899,254.37875366210935,1499500
2016-01-21,258.19511891710664,263.47210520117136,252.6354487502709,259.3730163574219,1050330
2016-01-22,262.67114849281614,272.3299082131798,260.456695390841,267.8067932128906,1495358
2016-01-25,271.48179334523303,272.1413986223439,263.28361609409603,267.1471252441406,674239
2016-01-27,268.5606467677038,271.387600944206,265.2625335617846,266.62890625,761309
2016-01-28,266.67601147129494,271.2933642223485,263.4250026553997,267.1942749023437,2349938
2016-01-29,267.0058697434792,271.57611879954334,263.1894637502161,270.0212707519531,868857
2016-02-01,272.329885882555,275.627998687361,268.23079707370096,270.2567749023437,773893
2016-02-02,271.38758563058684,274.4030147516098,264.9798346949922,266.7702331542969,863037
2016-02-03,263.8019292213903,264.9798266928963,242.7411166794104,261.1634216308594,1165348
2016-02-04,259.4672799756368,266.11061070363894,253.5777921822788,258.33648681640625,1253460
2016-02-05,261.0220875269702,265.4980980531547,258.2422379078029,262.859619140625,823277
2016-02-08,264.7913600147139,272.98953817999654,263.000961552544,267.05291748046875,932270
2016-02-09,264.3202058993258,267.4298438775888,259.5615113780189,264.4615478515625,767315
2016-02-10,262.19997803414435,266.62888404472403,251.12774176495765,253.7191162109375,1412323
2016-02-11,251.1277558350027,256.49898012687464,205.23687049622768,226.48614501953125,6020747
2016-02-12,222.38704191093967,225.2139958335364,198.8290925559673,215.4138946533203,6579789
2016-02-15,223.23514274210612,229.36021013428908,219.32452854316543,224.31881713867188,2109631
2016-02-16,226.15631277791385,226.15631277791385,213.24655946590084,218.9475860595703,3280486
2016-02-17,220.50240325927732,225.16687429865124,213.52925608714577,222.3870391845703,1502735
2016-02-18,223.32935307544025,230.6794359258011,215.41388808497817,221.30337524414065,1751607
2016-02-19,221.30339838548863,226.48614762750356,219.136064008556,223.47071838378903,953278
2016-02-22,225.49668522651268,227.09862284387611,220.64373922321,224.6957092285156,758935
2016-02-23,226.1563189962636,227.52267721447305,215.46100399227936,216.73313903808597,981972
2016-02-24,214.4244284697671,222.1985506897224,211.07919724484836,219.4658203125,1629980
2016-02-25,220.0312586067453,222.8110939018536,205.14263095163312,210.6551971435547,2374952
2016-02-26,213.15234204702656,214.84851742876967,209.43018859010556,212.5869598388672,1469586
2016-02-29,212.9638568864884,215.7908107389639,208.06380641792367,210.51382446289065,1672583
2016-03-01,211.55038190401004,220.87932395144276,210.6080639445267,218.5235290527344,1475137
2016-03-02,222.3870526825196,231.24483631757397,222.3870526825196,229.6428985595703,1470631
2016-03-03,230.9621548757769,233.3650543490729,227.09864520180372,230.30252075195312,1247044
2016-03-04,231.81020985027197,234.44870291941575,228.55921588053693,231.5275115966797,906957
2016-03-08,230.8679035375656,234.8256361510548,224.2716777222066,226.72171020507807,1152483
2016-03-09,226.7217170262191,231.43330703608535,224.5072639701293,228.5121154785156,2332851
2016-03-10,230.8207895508098,231.81022631936264,222.29280883691183,224.2245635986328,1346241
2016-03-11,224.22453889774707,233.69483656155208,222.6226013615592,232.98809814453125,2810655
2016-03-14,235.5794933173748,238.3122096884039,232.0458009176142,234.26025390625,2087150
2016-03-15,234.96700623280495,238.59492201650687,233.2237121280716,234.07179260253903,1579664
2016-03-16,235.3910253431657,236.75738348656603,227.7111254705524,232.6582946777344,2017788
2016-03-17,236.52180979157245,240.90358258805156,235.57949182427532,237.84104919433597,1721582
2016-03-18,238.40647751741375,255.9807041995565,235.90934032253836,253.5778045654297,2694361
2016-03-21,255.27391390078475,262.19995623194865,251.5988798344305,259.8912658691406,2120423
2016-03-22,260.0797416892459,261.96437749858825,254.0489128508024,256.3575744628906,1677932
2016-03-23,256.3104603008803,260.3624156336156,251.78734603376847,254.00177001953125,1490099
2016-03-28,254.89705805577665,255.03840002598068,246.98159139440756,249.5258331298828,1016761
2016-03-29,250.60948267177832,256.31049504769123,248.4421340254731,251.1748504638672,1049833
2016-03-30,252.54124950011428,259.090371764311,252.07009045253943,257.7239990234375,927523
2016-03-31,257.2999613538969,263.754846483007,254.0489809654964,262.0586853027344,1894855
2016-04-01,262.9067748807714,270.3510828266585,259.98558274175355,268.4193420410156,1364868
2016-04-04,269.1731730664748,272.3299446118722,264.3202403585818,265.2154541015625,1039418
2016-04-05,264.6028497120387,268.4663587789509,257.0172022662948,258.2893371582031,1265871
2016-04-06,259.70282487057165,263.7547804293952,256.546054082657,261.0220642089844,1052615
2016-04-07,261.0221330252855,264.3202466194678,253.43648326157356,254.9913024902344,1152454
2016-04-08,254.42578857749132,257.6767962677725,251.3161515533352,256.2161865234375,1534935
2016-04-11,256.7345227180034,260.6451362418043,254.8498869227008,259.51434326171875,1787070
2016-04-12,260.6451919756749,265.1683073486768,259.4201611924233,261.8230895996094,1936994
2016-04-13,264.32021917628015,268.46641294131774,264.32021917628015,267.5712280273437,1155338
2016-04-18,271.6231878140514,278.8319154078801,269.8327892052385,276.6174621582031,3167911
2016-04-20,279.20878005250336,287.3598528286598,278.92609618764953,284.9098205566406,4335544
2016-04-21,287.8310121955754,288.06659166905115,279.9626520300334,281.5645751953125,2305881
2016-04-22,283.2608060002293,285.9935225399323,279.06747925744656,280.38671875,1311321
2016-04-25,280.5280581041094,284.01461717633816,272.801039607151,276.1933898925781,1640105
2016-04-26,275.15686292254634,280.76366666651063,274.45012440476586,279.63287353515625,1621305
2016-04-27,281.234769018552,285.5223036597137,280.10397611501617,284.4857482910156,1548843
2016-04-28,285.4752025406563,286.0405702416416,276.52318301644885,277.7010803222656,1865698
2016-04-29,278.549216640707,280.8107741711696,272.9424128347192,276.5703430175781,1183505
2016-05-02,276.57033881976935,281.28192891891365,273.08375064349707,279.2559509277344,948244
2016-05-03,279.8684406184349,290.1397008694771,277.2299617720752,280.339599609375,3002975
2016-05-04,280.33968376388293,280.8108428962592,272.00016136936864,274.35595703125,1109375
2016-05-05,273.2722630959295,278.784830016732,270.9164677244129,273.22515869140625,1669854
2016-05-06,271.6702906461049,288.8204911851263,271.6702906461049,287.783935546875,3573461
2016-05-09,289.33874529142565,294.00323113444534,287.35990039537097,293.0609130859375,2551773
2016-05-10,293.0608682737603,293.0608682737603,287.0300394369421,289.66851806640625,1174925
2016-05-11,284.20312892414955,301.8244591609361,283.07233576405787,300.88214111328125,4045532
2016-05-12,301.7302304230914,309.3629830988974,301.7302304230914,307.0543212890625,3567039
2016-05-13,306.2533232945161,308.8446975685466,302.3427096869767,305.4052429199219,2064604
2016-05-16,305.8292865702392,309.50434966998,302.0129102832929,306.3004455566406,1689405
2016-05-17,306.8187431711039,325.005468867828,297.8195891158934,315.2524719238281,4753709
2016-05-18,328.6804579379091,328.8689330127398,307.2898597785419,312.0485534667969,8199727
2016-05-19,312.6139796633232,317.4669113505028,300.3638463230875,304.4158020019531,3049473
2016-05-20,305.311004562824,314.2630247583389,301.4474953585707,312.5668640136719,2368706
2016-05-23,314.26307387760187,316.33618511823124,308.6562699022169,309.83416748046875,1586884
2016-05-24,306.77160980131094,309.83414326541384,305.3581328178788,307.4312438964844,1266822
2016-05-25,311.7188194135956,319.4458394216876,310.11689588029515,317.7025451660156,2652277
2016-05-26,319.3987095609018,321.23621247533833,313.8861433030637,318.83331298828125,3199161
2016-05-27,320.81222595559046,322.27280758648175,315.0169463221246,317.37274169921875,1918069
2016-05-30,317.9380724400591,323.12082119540383,315.1111185735074,319.96405029296875,1030970
2016-05-31,320.3881374473949,321.1419803855417,315.67654719081554,316.5246276855469,700811
2016-06-01,316.6659453909137,322.5083283645572,310.6822492291125,314.1217041015625,1213913
2016-06-02,312.84957522731685,321.2361996551508,312.84957522731685,319.7284851074219,970908
2016-06-03,321.33038707633114,325.9477387931317,313.3206853456894,314.8283996582031,1592233
2016-06-06,315.86499811444503,316.8073160935964,311.81301354973664,314.1217041015625,424664
2016-06-07,315.5822832952299,320.38811070729173,312.7553293772244,317.2784729003906,714034
2016-06-08,317.7495847871087,319.6342204530885,314.96973567688514,317.2312927246094,591729
2016-06-09,319.2573873532188,321.3304988486985,314.2160081043694,315.5352478027344,765829
2016-06-10,312.84960567424486,313.74481936206246,306.7245380932732,308.18511962890625,1219382
2016-06-13,304.36869642694154,305.3110143725358,300.12826567176745,304.03887939453125,1151014
2016-06-14,305.3110418621114,312.4726646448977,302.95524678601487,311.0120544433594,805228
2016-06-15,312.75538140237853,312.8496189667738,307.76110681937007,311.2947998046875,905002
2016-06-16,311.0591637984407,311.90724420949147,302.7196441157073,304.7927551269531,854803
2016-06-17,308.0908366904226,308.0908366904226,298.384945450958,301.3532409667969,1072955
2016-06-20,297.0657721512611,303.42641913626034,297.0657721512611,302.5783386230469,1580991
2016-06-21,304.36871380816154,306.6302712552835,303.190816308904,304.6513977050781,951259
2016-06-22,306.2534093562663,307.6668866302183,300.9764217820584,304.1802978515625,782654
2016-06-23,302.57830927216537,305.2167881145048,300.2696187171714,302.9552307128906,774398
2016-06-24,293.0608760596696,295.55801282126606,280.3395840120634,291.5531616210937,2104610
2016-06-27,285.7579621908076,294.47440456596,285.0512236198493,292.8253479003906,1023149
2016-06-28,293.24936903985275,297.96095897457235,293.2022358861479,295.8878479003906,801912
2016-06-29,299.3744121271712,304.22734362222513,297.9609352592568,301.30615234375,1042469
2016-06-30,305.0754030403747,305.2167449660073,300.5993932660371,303.66192626953125,1487910
2016-07-01,303.897596719202,305.6408910099749,298.5735050397609,299.3744812011719,904694
2016-07-04,299.7513217364419,305.0283075869694,299.42150472879786,302.2955627441406,951754
2016-07-05,301.91868971785067,308.7033910065833,301.91868971785067,306.4418334960937,1148350
2016-07-07,309.3630048660447,309.3630048660447,295.6993931165784,297.34844970703125,1645583
2016-07-08,298.5263138159213,299.1388434866839,293.7205152967116,296.3118896484375,1144337
2016-07-11,297.77249260811965,301.259080764981,297.018649699359,298.1494140625,1094093
2016-07-12,299.5157934741243,302.01293051790526,298.9032925022179,299.9398193359375,685286
2016-07-13,300.22246605088094,307.1956122335655,300.22246605088094,306.0648193359375,1598094
2016-07-14,307.1485588390535,310.2110922915539,305.9706613573226,307.0543212890625,1303895
2016-07-15,305.3110711585541,308.9861060784537,304.3687530376944,306.7245483398437,634496
2016-07-18,309.0802775067665,310.8235714087903,304.1331084308198,305.6879272460937,827884
2016-07-19,306.5360419870759,308.60915314469395,298.80905143750607,306.6302795410156,946520
2016-07-20,307.1956646154986,317.0428991099128,307.1956646154986,315.2524719238281,2464770
2016-07-21,318.3150243552491,320.19966044677165,314.78133168364434,316.053466796875,1380113
2016-07-22,315.48802236098686,318.97461010432227,311.3418293400341,315.44091796875,1579757
2016-07-25,316.1476617422498,318.22077266641475,309.73991139762114,316.5717163085937,801718
2016-07-26,318.5034631069787,327.21990403520226,317.79672465333897,322.1784973144531,2035164
2016-07-27,324.9112511526135,329.29305307764844,321.471796031988,323.96893310546875,1549480
2016-07-28,323.96888369209074,328.3977893410579,321.1890631313647,326.7958374023437,987748
2016-07-29,326.9372338130146,334.42864448015985,324.81701836353267,329.3872375488281,910131
2016-08-01,329.8113123150825,353.2750256397598,329.8113123150825,349.7413330078125,3665912
2016-08-02,353.36927454616307,354.0760130952554,338.1508435404947,344.9355163574219,6290334
2016-08-03,338.10371070439527,339.8941380362773,322.0843035764016,325.2882080078125,2751998
2016-08-04,330.6593363339677,335.93632218139663,323.2150308785948,327.7852783203125,2223022
2016-08-05,331.2507062047699,334.1464377524348,328.1176500109875,331.2032470703125,1923274
2016-08-08,331.72540887737125,337.65924929437426,331.393108019253,334.0039978027344,1354336
2016-08-09,334.0039985774346,335.38066114690446,327.69039815386543,330.0639343261719,932563
2016-08-10,330.87088205580375,334.76348646299,326.31370502591375,330.4436340332031,1156783
2016-08-11,331.0607956163973,344.1152429360687,327.6903572877498,342.0265197753906,3161164
2016-08-12,343.6879872799897,349.0047133199702,342.928467405918,347.248291015625,3330018
2016-08-16,348.3876352138301,354.46388174552703,345.20709109193143,353.08721923828125,2049020
2016-08-17,350.5712585437347,355.31833042652056,345.15958500782784,347.8179626464844,1960202
2016-08-18,350.71364752354475,350.95100110592045,346.0140639768018,347.248291015625,674230
2016-08-19,347.9603641195284,365.1447698885461,347.9603641195284,363.2459411621094,2529707
2016-08-22,363.5782470945421,363.5782470945421,352.6124936609367,353.3245544433594,1987988
2016-08-23,353.32459706082363,358.64132400564034,350.52384169643483,353.5619506835937,957444
2016-08-24,351.2832711949762,370.1766089050224,351.2832711949762,368.5626220703125,2252690
2016-08-25,370.1767147232649,370.3666092163719,358.8786877553625,360.1129150390625,2595970
2016-08-26,362.48639049434274,373.59455007858617,360.9673506997683,371.9330749511719,2173621
2016-08-29,372.645134924188,375.01867081542485,366.56888883738696,371.5533142089844,1466993
2016-08-30,374.06928073914463,376.4428167844438,371.31598472136335,374.7813415527344,1235418
2016-08-31,375.01868625066953,381.4746925510233,369.6545007104572,370.5564270019531,1532132
2016-09-01,372.9299939885518,373.87940846303775,365.5720318112856,367.80316162109375,1005027
2016-09-02,368.7525314233944,372.07548168153954,367.66071070476926,370.7463073730469,1013529
2016-09-06,374.0693072198175,374.9712625704128,369.5121292797682,372.0755310058594,1047007
2016-09-07,372.7400849142993,375.9680879555156,370.0817073121358,371.5058288574219,802751
2016-09-08,371.9805293416877,372.50272461652,366.0941777781185,370.41400146484375,1303536
2016-09-09,369.5594830469841,373.8318470128452,366.85364674050754,369.5120239257813,803476
2016-09-12,362.48637703279945,369.3221717498331,353.7517826430629,355.5556640625,737381
2016-09-14,355.98291685724087,359.0685134491066,349.2895284044364,357.0747375488281,1654036
2016-09-15,357.5494442800517,366.90118127258665,352.32766543865745,364.9548645019531,1055417
2016-09-16,367.42337130664384,368.5626801715445,355.08098415680826,359.5432434082031,1287624
2016-09-19,360.7774463501662,374.0692470051723,358.4039105189151,371.2684631347656,1304397
2016-09-20,373.0724322203086,373.0724322203086,361.869323950546,363.4358520507813,1004593
2016-09-21,363.151038100765,365.0498670581546,358.4039657072909,359.92303466796875,1363438
2016-09-22,363.34090256289,365.95179216356087,357.1697089613044,360.3027648925781,1332890
2016-09-23,360.3502452577772,367.7082072932578,359.21096529464586,363.5782775878906,951856
2016-09-26,360.82487032176425,364.1003610392871,356.1252872180674,359.1159362792969,1124060
2016-09-27,359.8280067113869,365.4770331820055,359.68560036629225,362.1540832519531,808207
2016-09-28,360.8249194815224,364.5751178299814,358.92609074282456,361.6319274902344,1096317
2016-09-29,364.0054605083121,365.9042892318545,340.1276951045319,351.4257202148437,2285059
2016-09-30,350.0491298843088,361.3946155204135,347.4856992023006,359.92303466796875,1423665
2016-10-03,362.8661562872039,371.5532913191885,361.1571931664991,369.0848083496094,991323
2016-10-04,370.1766818795826,379.7183143219135,366.8537313618596,377.0599365234375,922916
2016-10-05,381.0000133699416,383.9432040074048,373.7369985045033,376.1105346679688,1788508
2016-10-06,376.5377930531134,379.52844290601183,365.5245791590108,368.8949890136719,990117
2016-10-07,367.5657657929289,371.2210168947139,362.2965276541588,369.1322937011719,673824
2016-10-10,372.12297725354966,375.0186795185288,367.80312444695113,369.464599609375,656590
2016-10-13,367.4708400003797,368.8475025001434,357.2171758447335,360.5875854492188,1009060
2016-10-14,359.9229865899524,380.5252606413081,359.1159785960947,377.4871520996094,1697163
2016-10-17,379.7657306751273,384.9875094719103,371.0785953806989,372.8824768066406,1698535
2016-10-18,372.50276906788815,381.6646128094689,372.50276906788815,379.29107666015625,1155659
2016-10-19,380.1929772117324,385.841975048943,374.7338448548148,381.5696105957031,1363962
2016-10-20,382.61398417274575,385.4622272311036,375.1136165805019,376.3003845214844,1135724
2016-10-21,375.9681331102772,378.7214293004096,370.4615407300124,374.8763122558594,717664
2016-10-24,378.34161081793314,381.14239468328014,371.79065773028,373.6419982910156,1138366
2016-10-25,370.1765928373909,381.0948561979187,363.9104532878888,377.4396057128906,1426081
2016-10-26,376.6801603236012,377.9143874446451,361.06228197333087,365.8568420410156,1122371
2016-10-27,364.52764017870857,368.1828621359114,358.92607250511446,361.8692626953125,1126937
2016-10-28,363.6257352589527,369.3222219731922,362.2965608203961,367.1385803222656,650491
2016-11-01,367.04357317423086,368.3727473958426,362.1066072381586,366.3315124511719,731739
2016-11-02,359.495710520736,360.7774255906255,351.663042728308,353.7992248535156,706340
2016-11-03,350.3339239448601,354.3689352640082,343.972835687495,346.39385986328125,813490
2016-11-04,347.6755921185623,351.7580627689942,340.0802763232804,341.836669921875,1100762
2016-11-07,343.83040673986994,347.77047056271806,338.65611583115566,341.17205810546875,1185370
2016-11-08,342.26386814491417,343.4980951922447,333.5292446637521,338.94091796875,1125591
2016-11-09,322.3261914774251,325.64914190502736,305.04683766436165,321.2818298339844,2657301
2016-11-10,330.3961797036325,339.3681565178734,326.59852246565976,331.96270751953125,1186190
2016-11-11,328.6398412445797,330.7760239856992,311.502920177576,316.3449401855469,1700061
2016-11-15,316.1549890582627,318.0063586918285,295.3153317935699,306.0437316894531,1505551
2016-11-16,307.610241454079,315.25301518462686,299.39781333348066,311.78765869140625,2298848
2016-11-17,302.81572418809213,303.5277849639157,282.45077441000774,287.5776062011719,6767775
2016-11-18,286.7231268599092,287.24529315042173,276.6593291952267,277.8935852050781,4264362
2016-11-21,280.0772224286088,288.6219512484647,277.03908503646323,280.6943359375,3918142
2016-11-22,285.7737137669472,289.57137109275385,272.6243194815766,286.5332336425781,2767086
2016-11-23,289.0966729696035,290.9480425633731,280.26713100045674,285.2515563964844,2023122
2016-11-24,280.5519568245232,287.67256486575474,278.4632335428972,284.6819152832031,2248235
2016-11-25,286.7231614161292,287.34027500851715,281.21656924336435,285.7262878417969,811050
2016-11-28,284.8243325325786,290.2834655727864,281.6437883578656,285.7262878417969,1123572
2016-11-29,285.7262939051849,295.9799585044186,284.9192858177845,292.32470703125,1846523
2016-11-30,296.21727703593115,300.96434878330183,293.41649311545183,299.8725280761719,1192481
2016-12-01,302.8632042944658,302.8632042944658,292.7519463721907,294.4134216308594,824865
2016-12-02,293.3215667956964,294.9830418615996,288.6219543054684,292.0873107910156,1160250
2016-12-05,293.9386845148899,294.9355579791583,288.527011204737,289.2865600585937,922044
2016-12-06,291.89744677950046,294.2234944991744,285.25154648244467,290.0935363769531,1238205
2016-12-07,290.5208119792767,297.5464728794346,285.39397991558457,295.64764404296875,2245422
2016-12-08,300.9643714994094,313.30675897414864,298.590835446575,309.4141540527344,2587201
2016-12-09,308.4646707417888,314.0187496597876,304.6195547844632,310.3160400390625,1322050
2016-12-12,308.55966884555096,310.2686031142416,300.964353920122,302.9581298828125,705940
2016-12-13,303.3379078079332,307.99003268064433,299.2079492777542,303.9075622558594,564836
2016-12-14,304.7145897392303,309.50912128618654,303.81263439134875,305.61651611328125,1068792
2016-12-15,300.4421703830903,308.74954560648627,300.4421703830903,306.3285217285156,562702
2016-12-16,305.616465455272,310.2685898535021,300.96434105704185,302.34100341796875,530449
2016-12-19,302.1986227787992,304.2873462615466,299.2079729082803,302.8157653808594,1774884
2016-12-20,302.2460419301515,302.7682081947899,291.66007849950546,292.6569519042969,1432895
2016-12-21,292.0398017010772,296.3121654253243,288.71685213777386,294.3183898925781,567396
2016-12-22,293.32159029781985,297.54646699104967,290.75815982978924,294.9355773925781,741648
2016-12-23,294.0810698418201,305.42658194663545,285.4888822963426,300.2048034667969,1094247
2016-12-26,299.065465194837,299.9199321577723,290.0460305302308,293.08416748046875,701910
2016-12-27,292.65696759493846,303.14798436525905,290.4258381218339,301.91375732421875,592542
2016-12-28,302.05616992977485,305.7114209753322,299.6826340526372,301.4390563964844,626334
2016-12-29,302.7682162593273,319.38296660723137,302.2460499807804,313.4491271972656,1845510
2016-12-30,312.59467803188073,314.2561531618907,306.2810783326081,311.645263671875,1143623
2017-01-02,308.46470855224186,314.6833897684022,307.8475950354479,311.78765869140625,610013
2017-01-03,313.30671751767625,318.3860897934096,310.3635274068361,315.8701477050781,731310
2017-01-04,315.8701929337483,324.2250283409979,315.300538480111,318.8133544921875,1356799
2017-01-05,320.71218861924046,328.4973986744678,319.85772141167394,327.0258178710937,827752
2017-01-06,328.8296775600611,330.3012582651344,317.6740585525767,319.43048095703125,1175458
2017-01-09,319.8102358735658,326.12383563030403,316.48728558330066,324.6047668457031,1033270
2017-01-10,323.1806445362537,329.77908597243726,320.47480779717745,326.9783020019531,1405832
2017-01-11,328.4024219602431,331.725372226628,324.98452446291043,326.2187805175781,710693
2017-01-12,326.36120817695394,328.44993149881793,322.18379050705465,323.1806640625,630487
2017-01-13,324.6997074699378,327.88025133494955,323.84524035030853,326.2662353515625,688655
2017-01-16,327.2631870911289,329.4468288339251,322.9433337667889,327.595458984375,547333
2017-01-17,329.6367040361346,330.8709312144041,324.79468461384084,327.4530334472656,496803
2017-01-18,328.4973553324098,334.5736011969725,325.8390068209842,331.9152526855469,775480
2017-01-19,334.09891959475925,337.944065276378,332.43744440455845,334.3362731933594,945328
2017-01-20,335.6179635828624,336.4724306798216,324.3199389203826,325.6016540527344,860199
2017-01-23,324.5098179938944,327.3580610856155,319.3829862235617,321.0919494628906,552516
2017-01-24,322.8008433469329,323.560363153514,306.66080117958626,307.80010986328125,2596793
2017-01-25,307.61023084412346,310.1736610240211,304.856935189975,309.5565185546875,2568025
2017-01-27,309.6040143228309,322.7059202975059,309.6040143228309,319.7152709960937,4456388
2017-01-30,320.23749915362373,324.50986440219833,317.53169100859145,320.0950927734375,1631969
2017-01-31,319.95267558737584,320.52233006271285,308.7495964590117,310.4110717773437,1612843
2017-02-01,312.2624066095391,317.5316741879503,304.1923837897258,316.7721252441406,1862732
2017-02-02,316.81955991276385,316.81955991276385,310.5534198089388,314.3035888671875,1355490
2017-02-03,313.4491314896808,314.7308466145504,309.60401508889754,313.40167236328125,1466321
2017-02-06,316.15502120089576,321.2818535877658,315.1581475884432,318.6235046386719,1812553
2017-02-07,318.62348884311484,321.2343785284038,312.45229504152286,314.4935302734375,869077
2017-02-08,314.9207389965391,319.1931034021211,313.3541822020987,317.7689819335937,1254426
2017-02-09,319.6203471813552,327.5479630974652,319.3355344551494,325.3168334960937,3265744
2017-02-10,328.639764270928,332.6747751701889,327.1681836501396,329.1144714355469,1535831
2017-02-13,329.9689154145591,331.15568324294384,315.9175959160136,322.7059020996094,1029954
2017-02-14,324.9845490619396,327.5005204902767,319.3355505657923,325.5067443847656,906636
2017-02-15,335.9977474170455,335.9977474170455,319.477942796763,322.13629150390625,2442401
2017-02-16,323.275634633866,329.35188158992725,320.0476311547551,327.595458984375,1585192
2017-02-17,330.0639034205553,332.8171993278592,325.6491323482095,328.49737548828125,893333
2017-02-20,327.54795993371386,333.2444461934306,326.7884400219492,332.05767822265625,1056213
2017-02-21,332.2949884044976,346.0614950669696,332.0576348413515,344.4474792480469,2512131
2017-02-22,347.8653886566533,348.245148576355,334.47864142694027,336.8047180175781,2758303
2017-02-23,337.2794265201184,345.34944798506143,336.4249594538894,338.7510070800781,1675341
2017-02-27,339.890317785553,353.1821179224182,339.890317785553,348.1976928710937,2130688
2017-02-28,348.2452043981168,355.9354671435368,345.5868555602619,354.6062927246094,1641378
2017-03-01,354.51128531396006,362.2015467540936,353.46692381426857,358.9260559082031,2440853
2017-03-02,362.5338745845246,362.6288218140915,349.5743745288769,351.0934143066406,1276606
2017-03-03,351.2833489198049,354.46389314398,347.72304470777993,352.94482421875,771776
2017-03-06,351.52066082496896,365.23970968369815,349.4794257803725,364.5276489257813,1948585
2017-03-07,364.9074533033863,369.6545256008836,361.3471490802633,367.0910949707031,2272871
2017-03-08,367.4233578099996,368.3253130427333,357.1222061954966,365.6194763183594,1287449
2017-03-09,362.2490205503252,369.32216879151815,362.2490205503252,366.236572265625,1197236
2017-03-10,367.4233581431342,367.9455244527732,360.7774576082455,361.6794128417969,1028312
2017-03-14,368.3727836010059,368.3727836010059,363.15100445202256,365.4770812988281,946705
2017-03-15,365.52454695909984,373.5945694244306,364.7650270224824,369.32220458984375,2138757
2017-03-16,372.97743611381054,373.0723833443196,367.6607099173991,370.3665466308594,1007968
2017-03-17,371.6007425281236,373.2622175142377,365.6194441676426,368.7999877929688,1050542
2017-03-20,369.5120873187772,372.455248710015,366.9961160392977,370.6513671875,978372
2017-03-21,372.1704612625147,375.01870458850334,366.7587873536046,368.7525634765625,1145026
2017-03-22,365.5245843364592,367.803173353141,362.20163356976417,364.907470703125,820270
2017-03-23,369.2272073759873,369.2272073759873,363.29336813115,366.4264526367188,2244578
2017-03-24,367.8980205082521,372.36027905620415,367.42331338501566,368.5626220703125,699900
2017-03-27,368.6576154768544,371.31599329325576,364.3377913642176,368.372802734375,1096735
2017-03-28,371.2210509278904,373.1198798328924,367.6607467310116,371.4584045410156,938344
2017-03-29,374.0692628282384,394.5766190724708,373.7369620030418,392.3454895019531,5490967
2017-03-30,397.8046150019495,403.26374754672565,391.1587145126568,392.4404296875,9005493
2017-03-31,393.4372728518986,395.1462359446007,389.2598558038901,391.2536315917969,1929752
2017-04-03,394.8614754395774,396.8552516373061,391.8708256298997,392.962646484375,2066051
2017-04-05,394.0069232001099,398.37423464962296,393.1049680514474,394.0543823242188,1669848
2017-04-06,392.487909967998,394.2443324153063,388.7377404455148,392.1556091308594,1022311
2017-04-07,392.1556163194252,395.6684612784354,388.07314588496814,389.307373046875,2050518
2017-04-10,389.6396410418126,392.7252376602797,386.5540444233456,390.9213562011719,642976
2017-04-11,392.6302897281805,395.9057807991428,389.82953480226655,393.2948913574219,2274574
2017-04-12,394.9563626986973,394.9563626986973,385.2723249083815,388.2155151367188,1518090
2017-04-13,389.6396511410267,389.6396511410267,382.8988033281226,384.0855712890625,1305236
2017-04-17,384.7501441430294,389.1649148325706,380.9999460775834,386.8388671875,552471
2017-04-18,388.9750529394278,394.81394512929023,385.6521028668756,387.171142578125,1579604
2017-04-19,388.7851921845247,394.8614384776248,387.2186642378874,393.4373168945313,1158457
2017-04-20,394.3867634096004,399.133835739937,391.2537072611103,397.7572021484375,2137845
2017-04-21,400.65285449988266,402.0295168927896,389.8295367370682,392.8676452636719,1146672
2017-04-24,394.9563539471703,396.8551825719164,391.1586966976784,394.2442932128906,1716410
2017-04-25,398.5166990562717,399.9882798039344,394.956395014673,396.4754638671875,1141951
2017-04-26,398.7540245403575,398.7540245403575,386.0318781235971,390.9213562011719,1317050
2017-04-27,392.1081414143311,394.2917829125796,387.2186631212424,388.73773193359375,895582
2017-04-28,390.2093157721946,392.5828517562104,388.31048698498194,390.25677490234375,528444
2017-05-02,393.8170451827926,398.2793040404759,389.4497625249371,394.2442932128906,1401263
2017-05-03,394.2443288045767,397.6147383282453,392.6303127383019,394.5766296386719,614833
2017-05-04,395.0988454625478,406.7766614061763,395.0988454625478,404.165771484375,2791727
2017-05-05,406.2544341931317,407.298795874756,396.76028976714673,398.65911865234375,1670909
2017-05-08,398.184380589954,404.4505212205305,398.0894333582823,402.5991516113281,1454790
2017-05-09,404.8302617119019,411.7135155567034,403.50108745387786,406.3967895507813,1733135
2017-05-10,407.2987914568511,420.7804879850478,407.2987914568511,418.4069519042969,2301173
2017-05-11,419.6411638091852,423.43882140021856,416.4606197819292,417.4100341796875,1081999
2017-05-12,417.69483552868616,420.5430784467847,410.2893865573347,411.6185607910156,936331
2017-05-15,413.9446720591772,414.3244320185944,408.34313297974745,410.0046081542969,696583
2017-05-16,410.14700121844487,416.033381806944,408.9127741469016,410.5742492675781,996780
2017-05-17,412.9952264323363,412.9952264323363,405.6372655016453,408.4380493164063,686830
2017-05-18,403.5960857341641,405.3999673820819,391.8233524293098,393.1525268554688,1231618
2017-05-19,393.3898807486684,398.6591193244417,390.1618774331573,394.7190551757813,869457
2017-05-22,398.7540428541252,398.7540428541252,392.9151501642411,394.62408447265625,633783
2017-05-23,398.7541054649063,398.7541054649063,382.99381835890784,389.1175537109375,1795730
2017-05-24,406.3493474637808,427.9959833559654,401.6972228787038,423.91351318359375,17793994
2017-05-25,428.1858755456202,459.5165493660315,420.7804551412356,450.7344665527344,6345884
2017-05-26,446.319688959249,476.3686471554556,446.319688959249,473.2830505371094,7060217
2017-05-29,471.7639348028899,474.4697712088506,457.8550218418573,460.0861511230469,3146132
2017-05-30,457.2379868810318,466.1624765642788,453.5827355979312,461.03564453125,2205065
2017-05-31,461.03558942218336,469.0106637395895,458.614565575265,461.7476501464844,1405724
2017-06-01,461.8900805847572,486.66977190366543,457.9974759608089,483.1094970703125,4560228
2017-06-02,487.38187175973286,487.9990143148751,473.0931962569709,475.1344604492188,2365246
2017-06-05,475.6566349880711,477.55546387025896,468.58348581238937,469.9126892089844,1025382
2017-06-06,469.9600601979594,473.0931156764163,459.89626321511713,462.36474609375,1495351
2017-06-07,465.2130824768414,465.2130824768414,455.9088324168365,458.8045349121094,1913739
2017-06-08,462.8394662099095,471.4316539418148,459.7064106435569,462.98187255859375,1991047
2017-06-09,463.3142249350336,469.39047127056347,458.6621001925416,467.4441833496094,1047346
2017-06-12,469.0106478783838,469.0106478783838,458.9468508538399,461.9375,839096
2017-06-13,463.2192746223919,468.01383467138754,459.51656429986514,466.68463134765625,1003567
2017-06-14,463.97883206172446,469.0107168268128,457.85509755006166,466.5897216796875,971911
2017-06-15,465.2130548571374,471.52665480686153,461.65275086588383,469.3904724121094,1103603
2017-06-16,472.7134129695029,476.17876965413,460.70332688363374,464.7857971191406,2190283
2017-06-19,464.2636663432012,467.111909695,447.3641007120603,450.1648559570313,2123153
2017-06-20,450.49712550797005,452.3010070440056,442.8068631976838,447.0317687988281,1711291
2017-06-21,443.5663851927304,450.92434622745816,441.0029549201336,444.6107177734375,1052674
2017-06-22,445.1804122023349,447.6014363383757,440.575746507194,442.1423034667969,963813
2017-06-23,441.4301942543361,442.4270676885678,426.76173160088246,431.3189086914063,1271328
2017-06-27,432.2208908615296,434.2146668283087,420.3057521373599,423.48626708984375,939495
2017-06-28,422.9166377910947,429.04034302213154,418.1220778940185,427.0940551757813,1006926
2017-06-29,431.0341135603732,437.2053068161935,426.0971473661863,430.7018127441406,2525919
2017-06-30,429.7998966672394,436.7306099751401,427.4738198724062,434.1197204589844,1121500
2017-07-03,436.2558932761902,446.889345572344,430.7967607705578,445.27532958984375,931791
2017-07-04,445.2278588215725,445.7500251102331,437.34770254821433,439.9111328125,1039319
2017-07-05,439.009210943608,454.76949571297786,438.34463825066246,451.6838989257813,1101536
2017-07-06,455.2916948283195,455.2916948283195,445.2753838181053,446.9368591308594,968824
2017-07-07,446.5570719143333,449.2629087677591,441.9524062478128,442.94927978515625,705657
2017-07-10,439.57889852585066,445.987446182545,439.57889852585066,443.3765563964844,130217
2017-07-11,447.1741652855996,448.0761205206109,436.8730136450832,439.6737976074219,410364
2017-07-12,440.2434429483392,450.9718134471299,439.3889468595888,449.64263916015625,1109015
2017-07-13,451.92126156362815,462.2698728929035,448.1236039034296,460.2286376953125,1565828
2017-07-14,462.36480757303633,464.2161772216381,455.671447718235,458.42474365234375,1137145
2017-07-17,461.1305706365044,462.1274441344747,456.0037098645794,459.32666015625,595858
2017-07-18,458.5671943600522,466.1150510741444,456.3360645347559,460.9881896972656,1241061
2017-07-19,463.2667541818717,470.3873619684125,459.611503056682,468.7733459472656,1122381
2017-07-20,469.0106644918308,469.6752660917743,463.7414267130821,466.0674743652344,537286
2017-07-21,467.1118611813606,476.0363502953449,464.5484308414444,474.42236328125,1787299
2017-07-24,474.7071971058909,479.7390818056822,469.01071074062025,476.8908386230469,958429
2017-07-25,477.08074982141335,481.8278219589398,472.9507912669995,478.6472778320313,1689402
2017-07-26,476.60602083915546,481.1157391638287,473.0931760283,473.8052368164063,805173
2017-07-27,475.6565899509566,494.40752338714697,472.9507532552726,489.8028869628906,2315891
2017-07-28,487.90406524671965,490.75230834110175,481.7328429017313,484.9608459472656,1125651
2017-07-31,483.4418617711912,485.76790984829336,476.8908787212442,478.74224853515625,769126
2017-08-01,481.3530827870688,507.9366849922719,479.45425405812574,506.6549987792969,3099028
2017-08-02,508.4113907575877,527.8743851750116,495.6417560015032,514.9148559570312,6316855
2017-08-03,513.5382447429197,522.1778921429508,505.99038907605,511.0697326660156,2375385
2017-08-04,513.6499259229046,520.5304575262267,506.5304873772928,517.66357421875,961460
2017-08-07,521.5816278082312,522.0594416956201,511.35639895273295,513.0287475585938,784124
2017-08-08,513.0288221423557,517.7591919805807,504.7626756849375,513.6022338867188,878858
2017-08-09,509.540759713954,513.5544081794151,501.13124665535,504.189208984375,896586
2017-08-10,499.31558753214273,508.2029155108757,490.8104757247589,497.0698852539063,1088376
2017-08-11,489.2815163908067,500.1756984849565,483.1655032686118,494.2507934570313,931742
2017-08-14,493.1994929364552,531.8068800672422,493.1994929364552,529.6089477539062,2649764
2017-08-16,529.4177583615351,531.2812440861273,516.4212446639202,518.4280395507812,1450555
2017-08-17,519.8615989717651,528.7489271417479,515.8957196929666,519.2404174804688,1255237
2017-08-18,517.7591149859169,517.7591149859169,506.67385616614695,513.841064453125,675709
2017-08-21,515.9435377090892,520.7216773125189,506.1483515220586,508.9674072265625,686697
2017-08-22,508.967326466836,510.5441356165295,499.21996988400826,501.6090393066406,973052
2017-08-23,502.6602801911219,504.0459523247091,492.7695546626074,498.8377685546875,838053
2017-08-24,501.70462200142833,501.70462200142833,494.824089805744,497.8821105957031,953036
2017-08-28,497.8820983845417,518.6670036433973,497.8820983845417,514.3189086914062,1969579
2017-08-29,513.6499920661923,513.6499920661923,495.3975226556226,496.9742736816406,1688156
2017-08-30,501.7046155152717,505.4315874184287,497.2131530062323,499.9844970703125,1053566
2017-08-31,500.7489773776203,505.1448420162085,495.49302437079416,501.4656982421875,2169691
2017-09-01,502.0868387750602,508.3939585389611,501.5134271339584,503.4246826171875,1188947
2017-09-04,503.4247060051436,503.5203037798794,486.8923569725339,496.3052673339844,1233474
2017-09-05,497.7865649039655,503.2335969273554,495.63640226518703,499.5066833496094,696199
2017-09-06,495.9707775270005,505.2881476250511,493.7250757571992,502.8990783691406,585624
2017-09-07,507.4383141298313,515.417782179461,504.3325240715979,507.9638977050781,1207192
2017-09-08,510.4964184470583,519.7660204265189,509.2541138847771,513.4110717773438,1196081
2017-09-11,515.0834412136663,516.8035597786848,505.3360249093638,510.9264831542969,1030439
2017-09-12,513.5544727448225,539.8820105423331,512.2643400436044,537.5407104492188,2593563
2017-09-13,538.0185253697645,539.9297812325345,523.1585227021075,524.8308715820312,1605816
2017-09-14,524.8308134525947,530.3734431753549,519.0014487206573,521.151611328125,642754
2017-09-15,517.9503920591441,522.7285322072912,509.3975095285796,520.578369140625,1103473
2017-09-18,523.68410090807,533.2403801217209,523.1585172166991,527.5543823242188,898840
2017-09-19,528.4622479148316,530.6124107680112,521.8683918343203,524.0185546875,504747
2017-09-20,525.5953414334164,530.134573927614,521.2950159125975,524.7830810546875,652333
2017-09-21,523.7796075108972,526.8853980604965,508.3940222728713,511.3564453125,659982
2017-09-22,507.4384072649427,507.4384072649427,489.47261468064056,492.3872680664063,1159434
2017-09-25,494.20297424257626,494.20297424257626,474.5170052064435,487.0357360839844,1609372
2017-09-26,484.8378215884202,497.6432296339738,479.8685448359611,495.6842041015625,1275397
2017-09-27,496.9742771121893,501.8957841218343,486.7012771999523,489.80706787109375,1204430
2017-09-28,490.2370649326347,492.10055082144135,472.6057202302053,478.76953125,1775294
2017-09-29,479.7252081533466,488.1825209425248,477.9095209671294,483.5954895019531,1111845
2017-10-03,484.16882414866114,502.516860604293,484.16882414866114,499.7455749511719,1799838
2017-10-04,501.32226111795,503.5202514588939,495.54072527872415,497.2130737304688,629643
2017-10-05,497.78656083908834,503.1858230917945,492.6261472174016,495.8753051757813,606330
2017-10-06,497.16536755266566,510.68752437860815,495.9708327916069,505.1448364257813,1496005
2017-10-09,504.7148114888786,505.8137483878169,492.1960531662828,496.9264221191406,563776
2017-10-10,500.70117049306856,509.1584527365568,498.35987084386056,505.0014953613281,927705
2017-10-11,507.4383574709368,516.9946353894101,492.1960825255933,499.3155212402344,2437073
2017-10-12,505.5271069838147,512.6465457702317,498.4076681973976,511.69091796875,1801073
2017-10-13,515.3700529287294,516.039004043794,507.4861237002825,508.8717956542969,796607
2017-10-16,511.2609421371797,513.4111049779435,506.10052798858646,508.1551513671875,524070
2017-10-17,508.1550766383719,518.5236148149521,505.81377689069177,515.2267456054688,1283028
2017-10-18,515.0834454875834,521.6773014229151,512.4076989945862,513.6022338867188,490341
2017-10-19,514.9400967838234,514.9400967838234,507.24730346280217,509.6841430664063,177470
2017-10-23,511.7387912917412,520.8172572436956,509.73199583312345,519.71826171875,1173130
2017-10-24,519.7182481518379,520.6261063887151,508.1551730456412,514.080078125,589586
2017-10-25,517.1858049699262,517.7591583501487,504.76264289867873,510.5919494628906,551428
2017-10-26,508.3941372887023,512.3121890761411,506.0050670946764,510.4487609863281,669708
2017-10-27,510.4486506305764,520.8171897002728,505.5749134922892,518.3325805664062,681482
2017-10-30,519.861481811076,536.5849669796308,519.8137120902576,534.9603881835938,1743507
2017-10-31,533.2404232545246,546.8103525009345,527.5544249970927,542.4144287109375,1460525
2017-11-01,544.7078639856827,547.2880707962569,533.6226044704159,536.8717041015625,592793
2017-11-02,537.06290921741,539.8820233422055,517.950350170527,521.4384155273438,799902
2017-11-03,523.6841217536542,532.2847733882944,521.7728658348451,524.5919799804688,725510
2017-11-06,525.5953315417469,537.0150963197151,524.7830711783047,528.31884765625,990471
2017-11-07,532.1891273767347,534.1959223589552,517.5202061405113,523.5406494140625,442264
2017-11-08,525.5953682361065,539.5953409207922,522.155130974776,531.9503173828125,1650772
2017-11-09,544.7079038768015,544.7079038768015,525.8820225511184,538.7352294921875,2117520
2017-11-10,537.0628566011223,566.1617365645516,534.1004335698459,546.3324584960938,3234261
2017-11-13,539.069606385046,556.6531808357646,532.1413049926695,551.0149536132812,1525340
2017-11-14,551.3017877045398,575.2880259195963,546.6669571507412,573.3767700195312,2462831
2017-11-15,577.7247433524473,577.7247433524473,552.4483777540258,557.9432373046875,1279684
2017-11-16,560.8579476247046,590.4345797106764,560.2367662588646,586.8988037109375,3247516
2017-11-17,591.5336642573334,592.011478202614,576.4825249809958,584.366455078125,1133281
2017-11-20,584.8920102764906,605.6291461574378,584.8920102764906,602.4755859375,2116278
2017-11-21,602.5233673786707,608.9260857235695,597.7452280655965,601.1376953125,1101658
2017-11-22,601.233332177188,602.2367298327788,588.0934482120948,595.2128295898438,848723
2017-11-23,599.1786869684762,603.4790124730346,587.8066917478848,597.0762939453125,778441
2017-11-24,598.2230749601395,601.7589099120249,590.7691888863993,595.8817749023438,499364
2017-11-27,592.3937471844196,623.2605160973161,590.1479866663325,620.2980346679688,2129856
2017-11-28,618.2434640506697,619.9635825565455,605.1991202545595,608.2571411132812,870800
2017-11-29,610.6462270997222,624.7895083311749,609.833966716812,614.8510131835938,1309817
2017-11-30,609.2604581222187,618.3389217140659,605.9157610094329,608.3526000976562,884638
2017-12-01,604.9124723811968,611.0762841206031,584.5576093835127,589.049072265625,1253644
2017-12-04,591.6291000768465,593.4448160816031,577.8680958594924,583.315185546875,693106
2017-12-05,579.1104474355062,595.7383945045102,579.1104474355062,593.3970947265625,732058
2017-12-06,592.7759800363625,592.7759800363625,571.608856857113,573.1856079101562,1233072
2017-12-07,573.0900954088595,592.4893312005288,560.5235644889264,590.19580078125,2175719
2017-12-08,589.622326938143,599.9908647861212,588.7144689022768,597.9840698242188,929415
2017-12-11,596.6940358278932,606.3936232322151,593.0626034400987,597.9363403320312,1109817
2017-12-12,595.7383778108542,608.448215543271,593.0148036580496,601.42431640625,1360029
2017-12-13,599.799845510202,604.8646614677832,587.7588995613665,592.1069946289062,541225
2017-12-14,591.533732768414,596.50301004025,579.5406130182155,589.57470703125,713619
2017-12-15,597.2673224889742,614.5641608175001,593.6837185540404,603.5266723632812,1642718
2017-12-18,600.1820561827907,607.7793092133364,584.0797503307739,601.5199584960938,824581
2017-12-19,603.3834595249015,608.9738592250833,601.3288362767888,605.2468872070312,648921
2017-12-20,604.8646541061803,614.8509767179315,604.4346099120102,609.3082885742188,1480668
2017-12-21,610.5506467049308,624.932833946707,609.6905583232469,620.7758178710938,2116404
2017-12-22,622.9738336963517,637.7860657268268,616.9055617070836,629.7109985351562,2152060
2017-12-26,629.7109501996972,635.5880261709891,620.6802558282724,625.5061645507812,847460
2017-12-27,624.9806954347017,642.8509502264262,621.2537230027245,638.8850708007812,1135117
2017-12-28,640.366178709695,645.3354550379752,623.0693385022755,627.0352172851562,2279651
2017-12-29,629.7587486667462,640.2706549419119,624.2161188415832,626.7963256835938,893427
2018-01-01,626.8918273085552,631.4788290137274,618.1000400162886,620.1546630859375,511241
2018-01-02,621.1581321470478,628.8031553119345,613.608648440963,618.6735229492188,751245
2018-01-03,621.7792761422538,623.4993945853214,609.8816978934535,615.0420532226562,798896
2018-01-04,618.291193648941,621.8747979397965,608.3526410848779,617.0488891601562,1081080
2018-01-05,620.6802337022859,628.7552999862695,615.4242809919509,617.6699829101562,1027065
2018-01-08,617.431148607272,623.8338670548598,607.7793303708212,610.311767578125,899786
2018-01-09,611.2674281611761,624.7417586303205,605.9636464933108,619.8202514648438,1307594
2018-01-10,621.1580948301873,625.3628806490264,598.8442081389684,601.3765869140625,1116965
2018-01-11,605.7725015308147,606.4892223994849,593.7315559410191,598.0796508789062,1177079
2018-01-12,601.0898822207804,616.8099710920917,601.0898822207804,605.8202514648438,2080069
2018-01-15,607.3970948680228,610.6462531922945,598.7486736830269,604.3869018554688,1014637
2018-01-16,606.8236331303596,611.5540022508483,591.0557749466573,595.4038696289062,921801
2018-01-17,597.2673785767136,605.8680288282183,584.6053101508872,600.3731689453125,1119332
2018-01-18,601.2810637896761,603.0489520075985,568.7419466806873,573.8067626953125,1400130
2018-01-19,576.7692529034553,593.1582960127857,575.3358109403151,590.7692260742188,1348469
2018-01-22,587.7589260221171,599.0353235343856,584.0320122222536,597.2196655273438,1377160
2018-01-23,594.0182878604372,606.8237252355374,589.7179622485319,597.7930297851562,2197060
2018-01-24,598.2230710702537,601.4244012348381,577.6770710255086,583.9841918945312,1077221
2018-01-25,583.8885293195993,592.2980414807564,578.1547630742351,587.8065795898438,830346
2018-01-29,590.5780136783407,592.9193135856485,580.0661072860078,588.1411743164062,653176
2018-01-30,585.3220534050602,585.3220534050602,578.5371190555309,581.9773559570312,1009788
2018-01-31,582.646370237339,588.6668146306818,574.0934884567891,578.1549072265625,1409431
2018-02-01,578.1548661172883,583.8408636560525,570.5576128227643,580.1138916015625,1134949
2018-02-02,573.3767744888712,574.714676960106,542.8922193144522,547.144775390625,1732350
2018-02-05,539.9297752665182,573.3767524954175,530.5646333078062,569.6497802734375,1338482
2018-02-06,548.6258511403032,567.642866113584,537.4928231899318,560.0933837890625,874049
2018-02-07,571.4654077463917,587.4721729299235,558.8511094886184,573.1377563476562,4412650
2018-02-08,579.1105628138895,579.5883768096105,564.8716824106413,573.5679321289062,1511438
2018-02-09,551.3972655592612,572.8033525789748,551.3972655592612,567.3562622070312,749611
2018-02-12,568.8374491116166,582.8374197409626,564.1548495512974,566.20947265625,1056620
2018-02-14,570.5098398713388,579.3016279635461,567.6429562538949,575.049072265625,807610
2018-02-15,575.3835266934983,583.8886382076419,556.1754295202088,557.8477783203125,1410704
2018-02-16,562.4824464627687,566.5438642280125,550.4415606542125,558.707763671875,1359810
2018-02-19,562.8648598350582,562.8648598350582,545.7590962818061,549.7249755859375,1107657
2018-02-20,549.2470549197104,549.4859618596494,530.8989902670189,532.95361328125,1719735
2018-02-21,536.2983375941607,559.8067583436746,527.5065500938841,556.6531982421875,3319408
2018-02-22,557.1310641903301,560.9535757799722,547.6225549457159,555.267578125,1992085
2018-02-23,555.2198034562334,564.5849451021639,549.4860361227784,562.769287109375,1932922
2018-02-26,567.7384504293489,588.0933691512736,561.7180069782677,586.4210205078125,3006640
2018-02-27,589.0968211159776,595.117265123465,576.530291102965,580.2572631835938,2434835
2018-02-28,578.9194453280717,587.6634650792533,567.2607717687979,582.3597412109375,1203140
2018-03-01,587.7110583870784,600.6120328394777,583.7930079952532,591.5335693359375,3773902
2018-03-05,587.6156319651776,602.0455902418006,587.6156319651776,596.9807739257812,2560485
2018-03-06,603.9568484319202,610.4551066547318,591.0558714480105,595.2128295898438,2662639
2018-03-07,592.4892662475183,606.5847770171166,591.533638398732,598.79638671875,2265236
2018-03-08,606.8235886194756,607.9225838036353,599.704150599429,602.9533081054688,1668045
2018-03-09,609.690605687111,611.601861504312,598.2708405139554,601.4722290039062,1181583
2018-03-12,605.8680966068522,616.3800036457724,599.8476524226686,610.5028686523438,1810263
2018-03-13,614.9464580719244,620.6802245807536,608.9737846252275,611.3628540039062,1700031
2018-03-14,610.6462352302726,616.3800026972235,608.7349794079556,612.4141235351562,984998
2018-03-15,614.898699340365,616.284371270144,607.3492166380457,611.9362182617188,1384611
2018-03-16,613.3219555895325,616.2366089290263,594.7349818438977,599.3698120117188,1841603
2018-03-19,603.6700724233227,605.3424210165258,588.8578420263809,593.3493041992188,822733
2018-03-20,588.5712617898105,598.2230804925567,586.3732709028388,593.1582641601562,894158
2018-03-21,591.8679824092477,598.0795623516228,585.0830491875612,586.1342163085938,1031312
2018-03-22,586.7554222767847,590.577933171096,579.1104004881621,587.281005859375,897519
2018-03-23,577.8682156166399,579.0627505181432,564.8238711614634,577.4381713867188,1327631
2018-03-26,578.1549219149707,589.8135948156614,577.4382009373902,586.6600341796875,1401802
2018-03-27,591.5337141370719,597.2674819639255,590.5780861659296,595.54736328125,818027
2018-03-28,594.0660250248771,598.0318452640533,590.4824208965848,593.3493041992188,1345369
2018-04-02,597.2674197299274,611.5540680752465,594.4005361152236,610.1683959960938,1464913
2018-04-03,609.6427742484569,625.4584028695427,601.3288006198011,619.1034545898438,2115452
2018-04-04,624.9806696326988,629.4721325936043,586.0388312725573,590.5780639648438,3786573
2018-04-05,602.5233706045526,607.0148332482687,595.3561615965682,603.1923217773438,1827047
2018-04-06,604.9124303228259,609.9294765458826,596.6940541262913,603.7178955078125,1273774
2018-04-09,609.6905642491704,610.4550548587121,604.1001646945715,606.44140625,995515
2018-04-10,608.9260531238139,614.3731433144798,601.3765700825708,605.43798828125,1024290
2018-04-11,611.6018811315625,611.6018811315625,602.6667832301663,604.3869018554688,606508
2018-04-12,604.7690201065357,612.9874540495941,597.6974094971778,610.4550170898438,1119748
2018-04-13,613.5131663196115,616.8578642668368,607.2060449498908,609.7861938476562,1249604
2018-04-16,604.4822864267153,619.629020379071,603.001075165774,618.3866577148438,1047119
2018-04-17,617.2877528150409,620.1068663248207,605.6768523963244,609.1649169921875,851559
2018-04-18,611.984079960751,616.762219066232,604.052322384138,614.4686889648438,1594986
2018-04-19,617.3356237718391,617.3356237718391,606.2981331855706,611.984130859375,918780
2018-04-20,607.1103651458312,612.4619161346377,604.9602024702051,607.6837768554688,1471042
2018-04-23,606.8236729142078,635.205831171007,604.2434661041544,625.553955078125,2856205
2018-04-24,626.7962872013734,626.8440569252215,607.9226384569845,610.4550170898438,1116832
2018-04-25,611.3151043911441,616.857733866628,605.4857399192753,609.3560791015625,1021947
2018-04-26,610.5506390992927,611.6018063732392,596.7895751251374,601.9021606445312,1157190
2018-04-27,605.8680966642469,608.9261176503294,600.1820989181853,607.49267578125,798202
2018-04-30,608.2571385483798,618.8168148342331,606.823696745045,613.9909057617188,826570
2018-05-02,615.2809352010954,615.2809352010954,597.2673745164366,600.2297973632812,564733
2018-05-03,601.9976860432523,602.045455763253,584.4618826133812,587.8065795898438,1108658
2018-05-04,586.6121600068673,596.1684389567349,580.0661322569671,587.376708984375,964694
2018-05-07,591.2947707055365,606.8237242796213,589.1923776332037,599.7042846679688,1211109
2018-05-08,598.222988327248,604.0045247119974,590.8646427798893,592.6803588867188,1364773
2018-05-09,593.8272603392725,598.0797582620554,585.7999618381351,587.5200805664062,676235
2018-05-10,593.4449974341812,593.4449974341812,573.4723485859081,575.2402954101562,870436
2018-05-11,576.2436449365708,593.2538105180746,576.2436449365708,590.5780639648438,1257437
2018-05-14,587.2332557480955,588.6666973813293,567.977333144233,569.697509765625,1193579
2018-05-15,568.5984643340261,577.8202946913735,555.4585838557186,571.2264404296875,1420733
2018-05-16,571.2264531600699,571.2264531600699,556.4142239271447,565.1104125976562,1231251
2018-05-17,569.5542300805565,570.7487649590812,554.3597230949636,557.3222045898438,1767964
2018-05-18,526.1687047662755,541.6976583288922,507.5339604911353,527.2677001953125,18285567
2018-05-21,528.223289640404,531.1857126197054,512.4076605214343,519.527099609375,2539158
2018-05-22,520.8171724432691,533.1447949015832,510.5441731703055,526.3598022460938,1750504
2018-05-23,526.0731896460263,527.9844455575469,519.4793334205199,520.6260986328125,1117372
2018-05-24,522.7762100311397,525.5953238882834,501.13127396169614,507.8684387207031,2371320
2018-05-25,509.3497026515809,515.9435589059738,503.4725673671481,513.7933959960938,2186624
2018-05-28,519.0013292849465,536.1070867564111,516.2778139396634,532.7623901367188,1313655
2018-05-29,532.1891643398244,533.8136849968857,514.8922655400173,519.3837280273438,1195089
2018-05-30,514.1277920744674,527.5065822027992,511.4520457141802,524.0663452148438,1127560
2018-05-31,525.4042451622316,526.5032406562369,513.5066652947708,515.9913330078125,1347553
2018-06-01,515.5612405414983,520.2438404777313,504.8104269064809,509.2541198730469,860163
2018-06-04,512.7421127487413,516.9946683590329,505.3359968896239,509.1585083007813,598601
2018-06-05,508.39404376039215,511.4520647115486,490.714927576995,495.2063903808594,1832843
2018-06-06,487.1790525980557,509.34962976149575,483.0220948979266,506.8650207519531,3796941
2018-06-07,510.30525058727153,510.30525058727153,497.022000696284,499.7455749511719,1701945
2018-06-08,497.4520683167136,508.39401892320296,491.6705314586239,506.2916259765625,2065278
2018-06-11,508.6806555103995,514.079975796901,499.7933288238432,501.41790771484375,1110895
2018-06-12,499.7934062687712,510.97426469006825,497.0220619472284,509.5885925292969,1434827
2018-06-13,511.260862181178,515.943461632846,497.308719927177,501.41790771484375,1652739
2018-06-14,502.66019085796296,507.82060398079625,500.7489353794156,502.8035583496094,701551
2018-06-15,502.66022370825465,505.1926607135874,493.5339898671429,496.5920104980469,982058
2018-06-18,495.7319589627279,501.1312797742372,489.95042199827685,497.9776611328125,863733
2018-06-19,495.9708526529578,499.26778039088543,490.2370855702647,493.43841552734375,740949
2018-06-20,494.059592802658,503.329194507081,494.059592802658,499.9844970703125,944345
2018-06-21,501.8480024307905,504.52374881831054,490.1893306777784,494.1551513671875,820102
2018-06-22,493.1039078310699,498.2643208949408,485.12441046661866,494.39398193359375,1053470
2018-06-25,493.58176824342206,498.0732306556431,486.79680489954535,492.2438659667969,1066173
2018-06-26,489.23367217348175,509.1107190852465,471.1722831163779,505.7660217285156,4717208
2018-06-27,506.8649845784204,522.3939355970376,497.4520161956173,511.499755859375,2984948
2018-06-28,508.298481557653,514.9878765709793,479.77295496897415,488.80364990234375,3326253
2018-06-29,494.9674616787153,502.5647148299638,486.4623503952228,500.557861328125,2111937
2018-07-02,498.1209989941852,501.6568335780837,490.7148834216098,492.1005554199219,1264522
2018-07-03,491.1927231287785,505.0493271859133,488.32583953075056,502.6124877929688,1295642
2018-07-04,499.793414186131,510.3053215590706,498.885555974906,502.0869445800781,1148342
2018-07-05,504.5715284712101,505.19270993360993,490.8104634548725,494.1073913574219,846089
2018-07-06,494.05963374218817,501.6091176272289,493.6295895135898,497.5476989746094,1102650
2018-07-09,502.6602784385686,512.5032342026893,500.27120867412674,510.9264831542969,1129618
2018-07-10,513.172277676754,520.3394882588316,507.4385092110919,510.4487609863281,1179116
2018-07-11,509.2541733591934,517.8069971100456,507.2473196070754,515.3223876953125,1024214
2018-07-12,519.8615159980153,528.4621660788648,515.0356073402502,522.0594482421875,1528189
2018-07-13,522.3939669540187,524.8308062101424,507.3905986346837,511.02197265625,948812
2018-07-16,511.9298595769755,514.6533756648246,502.7557970655282,505.6226806640625,778522
2018-07-17,508.6807434071952,523.0151625807601,506.48281079929535,521.2950439453125,938627
2018-07-18,525.4997820659921,525.4997820659921,507.8206667057414,513.1243896484375,937000
2018-07-19,515.0834559769007,518.6192909949979,506.5305743096779,512.1210327148438,464289
2018-07-20,512.646628477748,533.1448597919778,506.6261840224872,528.4144897460938,1050986
2018-07-23,539.9297598379629,549.4860387731482,532.905918151361,548.29150390625,2185529
2018-07-24,552.257327185181,562.8170026760431,550.4416110402291,559.2333984375,2274342
2018-07-25,560.9535279069211,560.9535279069211,540.8853437739648,545.1856689453125,1426281
2018-07-26,549.3904399044173,553.2129510651316,539.3563481075423,543.5133056640625,2066139
2018-07-27,544.612369269344,558.5645134253424,538.4007878540066,548.7215576171875,975792
2018-07-30,551.3494499753833,552.0661707982146,541.1242212376125,542.7965698242188,593437
2018-07-31,540.0253874650067,546.6192443376044,536.3940125421313,542.7489624023438,876299
2018-08-01,543.7522068101921,548.9603898764764,540.8853234702439,544.1822509765625,582499
2018-08-02,546.9058376659176,553.3085562865999,536.1550237484319,547.62255859375,1466081
2018-08-03,550.0764580508875,561.3359079264732,548.5848348325618,553.0116577148438,1234771
2018-08-06,560.9029052579226,560.9029052579226,551.0870307011087,556.1393432617188,770584
2018-08-07,558.1602800694745,558.6895582428508,545.8422718429068,554.0703125,349767
2018-08-08,557.8714797191788,577.4070739746094,550.9425830841064,569.7083129882812,3345450
2018-08-09,572.5473342628319,580.6791636003537,568.1686750001338,570.8151245117188,1651139
2018-08-10,573.4615425994339,603.7754171619399,568.9385082982849,597.6644897460938,5784459
2018-08-13,595.9321951835262,608.2020950439864,581.8338161628326,597.471923828125,2294997
2018-08-14,596.798314122537,597.6162839310718,587.1266992529881,590.6392822265625,1550915
2018-08-16,589.8213769038375,593.3820070355765,582.5075183856255,584.9614868164062,1396753
2018-08-17,585.2021407527029,601.9469721045662,585.2021407527029,593.0933837890625,1498617
2018-08-20,594.7294146475915,606.2775586213312,593.3821076892295,597.3277587890625,1598541
2018-08-21,597.4720018134136,599.974134608582,587.1267907768301,589.5326538085938,697553
2018-08-23,589.0514552511685,592.8046249101274,578.3694473554976,585.5870361328125,882972
2018-08-24,584.5766306637927,604.1603328994647,582.2188730668049,589.4364624023438,2372163
2018-08-27,591.3611607026183,601.4657859058365,587.4155686418334,600.0703735351562,1205346
2018-08-28,602.3318358952404,610.8966722465977,592.4196341402347,605.8443603515625,1961333
2018-08-29,603.3904365636159,612.9176774777972,599.5410557880905,603.7272338867188,1578658
2018-08-30,605.3632450794926,609.1645204219205,597.6163778546804,600.2147216796875,2190793
2018-08-31,598.6748880474526,605.6518903118489,589.4363981990061,591.6497802734375,922393
2018-09-03,595.114329366193,598.7712295889171,575.9155297757758,579.0431518554688,760491
2018-09-04,577.4071571161941,586.982504219083,573.7983623842179,578.080810546875,1347621
2018-09-05,576.155957505012,581.9300274474637,548.5366445329093,566.3400268554688,1958179
2018-09-06,567.4468245001834,575.9635553323998,555.754307776877,573.7982788085938,1339924
2018-09-07,575.4824126887141,580.246033036107,564.5598184844443,576.7815551757812,849399
2018-09-10,575.19373172879,575.19373172879,558.1602101208283,561.3359375,751831
2018-09-11,562.0095650025502,567.5911550993764,550.6539040324102,553.9258422851562,971831
2018-09-12,556.1392326249452,567.3986228163078,544.0136496495749,563.9342041015625,836403
2018-09-14,572.4029071026121,598.5306024984726,568.2648345341611,594.007568359375,2262200
2018-09-17,587.1267766217175,588.7146696791548,572.2585904333897,576.1079711914062,1023584
2018-09-18,576.4447856792216,577.2627556199033,553.8296730524074,556.861083984375,1297992
2018-09-19,561.5284386650665,562.394572862134,543.1476683663305,546.4677124023438,1721437
2018-09-21,548.5366743391211,554.2626390905633,529.1453982339598,541.6558837890625,1971129
2018-09-24,547.5263002124209,553.2041015147008,534.1015732456261,546.612060546875,698529
2018-09-25,546.6121004087267,559.5075502159431,537.1330232185788,555.5137939453125,1036491
2018-09-26,561.0471832576467,562.7793926592647,543.7249717677022,550.0283203125,1144859
2018-09-27,534.1016733069362,538.6247082336721,511.9677300888109,515.9614868164062,4577936
2018-09-28,519.6663755588725,526.1622052533584,505.3755737257579,512.1600952148438,1450754
2018-10-01,510.23535328593977,519.7625339646563,495.6076968924186,516.201904296875,792956
2018-10-03,511.0053094938645,524.6706233030371,502.92158618790586,509.7542724609375,1463072
2018-10-04,502.8253443187932,511.0052781498166,489.3525121265193,496.08892822265625,1139340
2018-10-05,495.992762426388,498.494836566909,481.1726221688311,487.3797607421875,1054183
2018-10-08,485.984325817553,488.5345347229066,454.46752052938496,461.1076965332031,1968318
2018-10-09,461.925674631168,469.2876091969136,458.0762940092416,466.4005737304688,1095066
2018-10-10,470.5867722707292,499.4571263977679,467.02608351435066,496.1370239257813,1061550
2018-10-11,481.1725891265799,494.8379024051524,467.988448437134,479.5365905761719,1226218
2018-10-12,481.1726152327082,498.8797909680285,481.1726152327082,491.1809997558594,733655
2018-10-15,490.7960618503421,492.3358200749343,477.8044013895978,481.3169555664063,777013
2018-10-16,486.8985727504066,497.0994085236257,483.4341241064618,489.4968872070313,677663
2018-10-17,495.60778593550776,496.858822968161,479.4403980640189,481.7981262207031,605510
2018-10-19,473.4738509513404,491.1328917131536,471.0198823736659,488.0533752441406,1038482
2018-10-22,490.6998129219096,493.0094355344128,479.6809779734342,481.9906005859375,549563
2018-10-23,479.2478766535592,493.4905728870509,476.3608412520317,490.6516723632813,878249
2018-10-24,492.7207003334921,508.1182222189137,491.4215285507212,504.9906005859375,1668478
2018-10-25,500.4194634352838,509.08056953320215,495.1265652643337,506.8671875,1668379
2018-10-26,503.5952210813607,510.0429455364634,484.58890377127545,487.8609008789063,941101
2018-10-29,485.9844085037256,507.3965928387907,478.7668182784227,502.44049072265625,1133504
2018-10-30,501.2856919289969,513.1706329286959,490.8442101471944,499.9383850097656,1163301
2018-10-31,501.381896605485,524.478183589231,498.5429662496872,519.9070434570312,1775202
2018-11-01,524.3819996610224,537.6623536157798,508.9363099527141,512.5451049804688,1650082
2018-11-02,515.7207881111444,530.2521763456443,513.3149252420626,527.8463134765625,1590806
2018-11-05,526.8358275366807,533.6203486257542,513.0261403508549,519.8588256835938,1997213
2018-11-06,519.6663492939467,528.3274551155125,497.7248929600234,503.6432800292969,4859489
2018-11-07,505.2312643220015,507.9739248335634,487.3797713966695,494.54925537109375,1291110
2018-11-09,490.796049488648,521.0618176211591,486.7060824095759,518.6078491210938,3357785
2018-11-12,519.6664399434936,525.6329922976308,513.1225039286209,515.2877807617188,1052948
2018-11-13,513.3149484763964,524.4781291994641,507.3965020558118,523.3233032226562,1036671
2018-11-14,524.4781558615248,531.214572542315,517.2605665606781,521.9279174804688,1078898
2018-11-15,522.7458489952006,537.1810249133106,517.8378539409144,532.1768188476562,1322033
2018-11-16,531.9844828151287,534.5828269346478,521.5911650739497,531.743896484375,591046
2018-11-19,531.7438438877753,546.419608612119,529.3379808182107,540.501220703125,1576273
2018-11-20,537.1810478900084,548.4886028428496,523.0826686455423,526.4027709960938,1277292
2018-11-21,528.1350561042614,542.714609988873,526.9321245539433,539.2020263671875,709970
2018-11-22,540.8379967890851,541.6078611937203,526.8839915338507,528.664306640625,731163
2018-11-26,528.3275407589465,541.3192015972812,520.7731540625236,538.2396850585938,858202
2018-11-27,534.2940770504655,536.8924208877543,521.494897391988,524.81494140625,833265
2018-11-28,529.0974076869566,530.4928200494311,513.8923644560475,516.2501220703125,1121781
2018-11-29,518.3191314628765,534.0535116429204,518.3191314628765,531.9363403320312,1172042
2018-11-30,533.1392310000191,540.4530308908235,526.4509202355833,533.0911254882812,1247505
2018-12-03,534.1015503499463,540.8379663003059,527.7500959486471,535.737548828125,909007
2018-12-04,534.1015974574221,538.8171125333341,527.4613919402223,532.0325317382812,475903
2018-12-05,524.718774209652,533.6204682242128,521.6873630234487,530.8778076171875,768896
2018-12-06,525.4404269279559,525.6329076961854,507.3483507151759,516.9718017578125,1390675
2018-12-07,517.7417829561782,526.306679812108,509.17688610024834,523.2752685546875,1600611
2018-12-10,510.3316464498264,521.3986162202731,510.3316464498264,514.5178833007812,575162
2018-12-11,506.0973936993981,535.0158568990616,506.0973936993981,531.9363403320312,1089579
2018-12-12,537.9029549119089,548.729340296292,527.4133669113911,547.6226196289062,2022689
2018-12-13,549.4990264103956,553.2521956196847,537.1810214536508,547.28564453125,1401052
2018-12-14,543.821240130717,560.8547616395014,540.5493017463654,556.957275390625,1188909
2018-12-17,558.1601457489147,568.2647690771278,543.917450328905,546.2752075195312,2486280
2018-12-18,545.2647757617098,549.5953292326842,537.32542773159,540.2124633789062,1484453
2018-12-19,543.7250297056565,557.6790348927929,539.8275434524893,551.6162719726562,2383638
2018-12-20,548.3442022338387,560.0848236873763,543.4843714389103,555.1287231445312,1623344
2018-12-21,558.1602047791292,558.1602047791292,545.8421982141399,548.4886474609375,1400954
2018-12-24,547.5743568579956,547.5743568579956,530.2521452174966,534.2940063476562,1516765
2018-12-26,533.1393111955762,534.0054454846961,520.2438603181083,528.9049682617188,1140324
2018-12-27,534.1016736134783,534.8234326318749,524.5263255553702,530.3966674804688,2783701
2018-12-28,533.13923732513,536.170648180128,528.6162031672321,530.5408935546875,1101215
2018-12-31,533.6685317916948,540.3568428404824,530.3965932748666,532.6580810546875,1100958
2019-01-01,534.8715263769835,537.1330731603102,530.5409723619427,534.5347290039062,547086
2019-01-02,534.1497005413819,535.4489018254761,514.0848262769802,517.5973510742188,926605
2019-01-03,515.8170722742314,523.6120455806325,512.8819309051245,516.1538696289062,1357716
2019-01-04,517.7418022326697,520.6769438250848,507.68528150140247,515.9614868164062,1551273
2019-01-07,520.4362242643906,524.8148827719205,518.2228422565398,521.3504638671875,877380
2019-01-08,522.2166328796914,522.2166328796914,517.5973290486667,519.2814331054688,718834
2019-01-09,523.7082972452254,523.7082972452254,511.24591449968966,514.9990844726562,769323
2019-01-10,515.0952409041374,522.0722432330584,513.4111368937082,519.0408325195312,1070036
2019-01-11,518.7040530067018,523.5157789158549,514.373499688464,521.7835693359375,691132
2019-01-14,520.8693049329657,524.8630607426795,517.8860585057021,520.3400268554688,562376
2019-01-15,521.4948552633327,523.2751702789527,505.85674672626055,511.0533752441406,1562999
2019-01-16,511.1976659281005,517.5491193113484,510.18721544488506,513.2185668945312,1219163
2019-01-17,515.335853223841,520.0032039366214,512.4488176315506,514.5178833007812,509792
2019-01-18,515.3358818156871,517.5492641452014,512.2082597505125,514.9990844726562,371360
2019-01-21,517.4049284554341,522.2647600448948,510.4279256451208,516.3463134765625,711696
2019-01-22,515.239711745975,523.9008196919237,506.2898532123101,519.8108520507812,1444834
2019-01-23,519.6183509587235,521.5430415382635,511.3903104785685,512.689453125,424146
2019-01-24,512.6412129808593,521.4947990690426,511.63076243933887,518.415283203125,677637
2019-01-25,522.5534255629603,522.5534255629603,511.1014945834922,512.4006958007812,750228
2019-01-28,517.7417564824001,517.7417564824001,511.2459258945633,513.9885864257812,942490
2019-01-29,513.3149784447552,523.9969871958643,508.5994632378591,520.965576171875,1102180
2019-01-30,520.2437705616197,523.6119786252477,511.96762567146,521.2061157226562,572806
2019-01-31,522.072221197011,523.5157388593069,511.10146346880873,520.7249145507812,1406501
2019-02-01,520.7250099249238,536.6999768890469,512.9300366155801,532.802490234375,1915869
2019-02-04,534.9676775322296,535.0638885498047,515.2877080135513,523.5157470703125,900993
2019-02-05,523.4196602168873,525.9217346362251,511.9677270383746,513.4593505859375,810734
2019-02-06,512.2081626479177,513.6997857565382,493.7792310935923,508.7437438964844,1691734
2019-02-07,504.0283209206203,520.773151640234,503.9802154058583,517.8379516601562,694326
2019-02-08,516.0575698982311,520.5324981948997,510.0429129064103,511.5826416015625,735498
2019-02-11,513.6035965574963,513.6035965574963,499.6976979813651,504.701904296875,602314
2019-02-12,507.1558768162576,508.8399807715298,500.4194609951688,502.6328430175781,316796
2019-02-14,485.02197040372806,502.8253562221189,482.1830403772016,495.5596618652344,1431983
2019-02-15,491.7584401565493,514.4697653656947,491.7584401565493,502.34423828125,3136801
2019-02-18,504.4613112865741,509.8504203317282,499.4571050378548,502.53662109375,664220
2019-02-19,499.45711467785526,508.88808505734346,496.1370122837759,504.3650512695313,604529
2019-02-20,506.7228723671562,513.3149724771757,504.3651147911184,509.8504943847656,658574
2019-02-21,510.04293756461584,515.7689030450301,506.5303542168216,513.0261840820312,1033996
2019-02-22,507.6371159811581,512.6894285098805,504.3170131434763,511.2459106445313,739498
2019-02-25,514.8547058671817,514.8547058671817,507.1559439102893,510.1391906738281,714560
2019-02-26,509.9467685306609,518.7040867604306,505.2312533380818,517.2124633789062,1199389
2019-02-27,517.405013398301,536.3631702609147,516.5869845889368,522.5054321289062,1871732
2019-02-28,524.4781469788647,549.0179501861327,521.1099386955142,545.2166748046875,3207480
2019-03-01,546.9007956109377,556.091181031027,542.0890693452478,553.3004150390625,2529959
2019-03-05,550.4614550156175,578.3213603341529,550.4614550156175,574.8087768554688,2280910
2019-03-06,582.2187809964084,582.2187809964084,569.275227754153,575.7710571289062,1554217
2019-03-07,576.4447067228618,578.8986749456744,568.8903212897777,571.3923950195312,1348466
2019-03-08,567.8317161962073,574.1350648725751,565.9551314982501,571.3442993164062,949009
2019-03-11,571.6330389728674,604.1602944263027,571.6330389728674,601.5619506835938,2785319
2019-03-12,602.9091606383394,607.1435022604793,593.718777359225,598.9154052734375,1765103
2019-03-13,599.1561066079748,606.18127365812,591.938517504585,595.4992065429688,1225549
2019-03-14,590.7837471559335,592.7084375734646,575.5786458679255,579.81298828125,1829422
2019-03-15,580.77537399292,584.1435824584961,573.6539954566583,577.4071655273438,2575864
2019-03-18,578.3694485027927,587.656102909448,577.4071033305751,581.4970703125,1547903
2019-03-19,583.1811847648429,590.8799462798904,577.4552191406486,589.2920532226562,1168935
2019-03-20,590.6394599456895,592.8047369882603,584.6248014941041,590.9762573242188,1171383
2019-03-22,591.8423047763457,596.1247527127558,585.2020993255622,591.74609375,1486474
2019-03-25,579.7167546180682,589.8213789155363,575.7229986628852,580.2460327148438,1529031
2019-03-26,583.1812055941622,591.649831815808,580.7753425347803,589.8214111328125,717467
2019-03-27,593.7669775924262,603.3904294172629,591.8422872274589,600.3109130859375,1883340
2019-03-28,601.4175934249014,609.6456324389338,598.9154608752075,602.7167358398438,2122939
2019-04-01,606.7105289849803,617.5369122333315,595.4991841708213,600.6477661132812,1610168
2019-04-02,600.6959481656386,603.2942922237023,596.0767024718008,598.6749877929688,870335
2019-04-03,598.5786890812591,609.5975529025601,591.457311407724,593.478271484375,1525542
2019-04-04,594.5369217155222,601.4658197059136,578.1289459013242,582.3151245117188,1598159
2019-04-05,586.7419999770303,590.1583143871295,582.2189648662264,586.4533081054688,1463341
2019-04-08,588.9552341071798,600.9845485293035,584.6246809152152,589.099609375,1465527
2019-04-09,592.7565010442603,595.4991611999582,584.287875555153,586.3087768554688,966423
2019-04-10,588.7627512066641,593.2857851604554,583.8067089247469,587.2230224609375,705154
2019-04-11,587.0305419116819,596.6539934184308,586.2606775385193,593.8150634765625,1217205
2019-04-12,593.6706620486849,602.043016672765,592.8045280421836,597.0869750976562,1997945
2019-04-15,599.9260278580704,604.5933786353098,594.7293402254222,598.338134765625,1213990
2019-04-16,601.4176848574118,604.593412483204,598.7712353797695,600.3590698242188,1235077
2019-04-18,601.6101398005594,603.2942439412219,586.5494135621641,591.6979370117188,986091
2019-04-22,591.0244078516456,592.804723217198,585.3946524296035,588.859130859375,642804
2019-04-23,587.9928918687538,601.8987911570534,586.4531631098424,598.8192749023438,1218136
2019-04-24,598.7230886586128,600.4071927557545,589.7732313242906,593.6707763671875,929484
2019-04-25,594.5368413707042,596.2690509499897,588.4740784747606,592.4678344726562,1151814
2019-04-26,593.4783072248836,594.7293442599292,577.7920919311017,586.0682373046875,1200818
2019-04-30,586.6938043901965,587.6079853869871,576.0117368870269,580.0054931640625,1014686
2019-05-02,578.369526465123,587.6561821235892,576.4448358612458,578.2733154296875,755660
2019-05-03,583.8548459845912,598.0013322058229,578.6100528846621,580.7753295898438,2524534
2019-05-06,579.0431308680046,587.9929296704383,575.3862307778252,583.2293090820312,1523450
2019-05-07,586.3568760107538,588.4259415351813,577.118386256734,578.802490234375,702629
2019-05-08,576.44473040064,576.44473040064,550.0283449479248,554.9363403320312,3342049
2019-05-09,552.386088789199,558.8338127227911,547.3337770014929,552.4822998046875,1911454
2019-05-10,519.6664568851667,563.9343402494587,517.4530744643312,558.2083740234375,15335100
2019-05-13,551.2313142845637,554.7438977304657,540.837997957317,550.6539306640625,2410655
2019-05-14,548.5367354813155,554.7919789561025,543.7250097314795,550.46142578125,1110700
2019-05-15,549.595276416745,550.4614105224609,535.1600995673798,538.9132690429688,1201644
2019-05-16,538.8171255057688,540.6936517416907,529.4823648934023,536.3630981445312,1385468
2019-05-17,534.6789634543442,556.235519180309,534.6308579422773,553.4928588867188,1517474
2019-05-20,565.8589400986493,583.6623251187599,562.9719046899828,567.7836303710938,1591835
2019-05-21,568.649758778953,572.5953503030942,558.1601734046968,561.5283813476562,665339
2019-05-22,560.0848358396606,570.6225261994844,557.6789731427549,562.2982177734375,801508
2019-05-23,567.7835934106212,577.4070441463944,549.0659699821658,553.82958984375,1153889
2019-05-24,561.0472224210329,562.9719127209335,549.7877724192368,560.5179443359375,1231440
2019-05-27,561.1434231257665,574.4238329404562,560.8547313334658,569.3715209960938,1807576
2019-05-28,572.3067108133105,582.0263739850515,563.2606423022103,566.2920532226562,1543511
2019-05-29,567.9761588527103,569.5158877052406,549.4991189378934,550.89453125,1016164
2019-05-30,553.2522555566765,554.1183309578834,542.9551506051547,550.1246337890625,1765323
2019-05-31,553.2522533635695,568.7459868715767,550.4614289180066,558.3045654296875,1750524
2019-06-03,563.9342265881996,572.4991214423983,556.2354658156645,568.8421630859375,1448669
2019-06-04,570.0933815929086,579.3318730166887,568.74607467253,576.0598754882812,1706416
2019-06-06,578.7543007264906,583.6622366828237,560.8065431606192,566.3400268554688,1179860
2019-06-07,564.4154630963277,595.6916822789885,564.4154630963277,593.95947265625,4487140
2019-06-10,596.9426886302825,600.6477527237028,590.9280314041655,598.1937255859375,1742793
2019-06-11,602.3318771372201,602.3318771372201,590.6393595990775,592.7565307617188,1251002
2019-06-12,593.2857974952817,593.766970080436,582.8443758921879,585.5870361328125,710028
2019-06-13,583.1811876258324,594.2481573580059,583.1811876258324,590.5431518554688,1086238
2019-06-14,590.5431819178102,591.8423245012268,581.2565268272211,582.2188720703125,501830
2019-06-17,582.5556143395396,584.8652661993762,571.2480588021597,573.0765380859375,565022
2019-06-18,570.1896234850748,580.6792113612476,569.756556327453,577.7921752929688,505767
2019-06-19,582.2189258853352,590.880033873712,578.0327471857121,586.6456909179688,1529957
2019-06-20,587.9929377810365,601.4657710526151,584.9134212858688,598.5787353515625,861837
2019-06-21,599.05992721177,601.465790373263,589.1477827337973,600.3590698242188,850991
2019-06-24,601.4657463655966,611.281679093661,601.4657463655966,608.4427490234375,2595047
2019-06-25,609.597608045104,630.1436555598292,607.9135038639989,626.4867553710938,3052271
2019-06-26,625.4762786738389,634.0411157690316,621.3382060335198,629.1331787109375,2290399
2019-06-27,631.2984593426849,633.6081113472313,624.5620428557964,628.1708374023438,1017178
2019-06-28,628.4595702974715,630.0955690128868,617.1039077961262,619.1729736328125,892615
2019-07-01,621.0976313710049,637.5537112147732,613.5431861167405,630.961669921875,2033669
2019-07-02,631.779581631129,633.2230993347797,615.6121950976182,620.5682373046875,1367356
2019-07-03,623.4072443743759,623.4072443743759,611.5704094865313,616.7189331054688,1612988
2019-07-04,616.4301245370741,617.8255366397896,609.6937090285405,611.041015625,1101415
2019-07-05,611.0891902395307,613.4950531932296,589.8213852235874,592.4678344726562,1266998
2019-07-08,568.890389836158,587.0305734048131,568.890389836158,580.7753295898438,1198675
2019-07-09,583.1811858393928,584.1435310305469,564.9447327196445,573.89453125,1362713
2019-07-10,577.6957742049163,578.4175330579302,566.9174969191988,569.03466796875,1255603
2019-07-11,570.0451851190545,573.1728071803271,561.2397613271454,568.6979370117188,1184002
2019-07-12,568.9385267594446,577.4071532598775,562.490801800664,566.4845581054688,1081772
2019-07-15,567.0137404787507,567.735499298419,558.160153876777,565.0890502929688,719927
2019-07-16,564.0304345408676,576.2522289482893,563.116253693599,574.52001953125,1354552
2019-07-17,577.2327291168132,579.8001692915301,568.7069804192569,572.2916870117188,1123065
2019-07-18,570.9837837541438,571.6135511501719,558.1466997664493,562.312744140625,977805
2019-07-19,563.8628705894275,567.2537985053434,553.2056685679779,560.1328735351562,1119667
2019-07-22,565.2192346215177,567.2053376088959,551.0257563219249,564.298828125,746249
2019-07-23,566.7693784553662,573.9387925369265,562.9908922790945,570.9353637695312,1471630
2019-07-24,570.9353605178396,574.4232075375543,555.5793250302988,561.6829833984375,1310388
2019-07-25,563.5722944762134,566.7694436135681,557.1779370684075,561.0532836914062,841225
2019-07-26,557.0810019586322,567.7382037352321,554.4651315141217,564.7832641601562,1049787
2019-07-29,557.0809222848836,563.8627769909605,548.5551739095745,555.1432495117188,895924
2019-07-30,553.3994450376686,561.3439165147253,544.5829970189131,547.58642578125,718830
2019-07-31,542.5484847368139,566.7693992339931,540.029533282344,564.8317260742188,1174505
2019-08-01,561.9251284710167,593.5091723835683,561.9251284710167,588.9556884765625,4509641
2019-08-02,584.1116033764505,596.1735716074686,582.4645693479255,592.4920043945312,2281570
2019-08-05,586.3883004948347,586.3883004948347,577.8141209933747,582.9005126953125,1309474
2019-08-06,578.3955106853514,601.5022423584861,578.3955106853514,598.5473022460938,1812209
2019-08-07,598.4019384204727,604.9415853478246,575.4889296069588,587.357177734375,2874311
2019-08-08,583.7239532363285,589.4401118673118,572.1947759839046,579.17041015625,1087109
2019-08-09,582.9973591157159,597.2392673760698,581.4956743795923,586.7273559570312,1576382
2019-08-13,587.357126509371,591.9590998717125,561.0531919534898,566.8662109375,1050836
2019-08-14,567.9319900402388,579.3642493547344,567.9319900402388,573.3090209960938,577925
2019-08-16,568.9008682263308,590.3121336167472,567.3991833100688,582.8036499023438,1585644
2019-08-19,583.336439307403,595.6406748171298,583.23957930959,587.841552734375,1063403
2019-08-20,588.0838157988477,589.7308498443429,580.6721921606661,586.0007934570312,721901
2019-08-21,586.1460388441126,591.280860085056,569.675819570807,574.0355834960938,667818
2019-08-22,569.6758221441506,586.9210988110134,565.4614073172357,579.0735473632812,871276
2019-08-23,575.198215560994,595.9797693618443,568.1257212611818,593.5576782226562,900178
2019-08-26,596.8033280816522,605.1352989438412,591.9591452238466,595.4954223632812,1729430
2019-08-27,598.7409451766579,610.1732038242876,589.4401386135559,598.983154296875,2144964
2019-08-28,598.5955935674197,608.3808774634379,594.962456779239,605.5712280273438,1491115
2019-08-29,608.3808826032719,612.7890767835561,597.8689712608088,610.7060546875,946709
2019-08-30,614.9205978022655,623.8823362933239,604.0211861239513,620.055419921875,963495
2019-09-03,614.000181988038,616.1800642909541,597.869029293222,600.6302490234375,1622523
2019-09-04,598.6441119326979,604.0211428151772,587.7447010358798,602.228759765625,1033989
2019-09-05,600.6786780109579,613.1766935131324,600.6786780109579,610.6092529296875,851765
2019-09-06,612.3047208536041,614.1939640182993,604.6024581871341,609.8826293945312,720767
2019-09-09,607.848039920119,622.4774473246306,605.9103669323381,619.95849609375,971792
2019-09-11,624.8995038983138,624.8995038983138,610.3669572960274,613.2250366210938,1104689
2019-09-12,613.2735114138918,621.3148426279303,608.4293288592796,615.3080444335938,846026
2019-09-13,617.1003624329328,619.5708834488411,609.494961143743,617.681640625,656224
2019-09-16,613.1765990543291,619.3771167148919,609.494973320743,614.6782836914062,481057
2019-09-17,614.2424447108599,614.9690722085463,600.1943130889239,601.260009765625,454845
2019-09-18,602.8101765460545,614.0970880590951,600.5818640736467,611.0452880859375,741847
2019-09-19,612.2562385249137,612.2562385249137,602.664733513481,605.9588012695312,888625
2019-09-20,605.9104513136566,652.0270511919759,599.7098732360075,646.5531005859375,2881448
2019-09-23,659.7777405753404,683.029819538348,644.276354600002,649.7503051757812,2238926
2019-09-24,652.0269870678464,653.7708810015884,641.1275760655979,644.8091430664062,1263674
2019-09-25,642.3386138288552,657.8399981746495,640.4009407856308,647.909423828125,1509527
2019-09-26,651.9784816482426,663.3623096003997,643.3073838495575,656.87109375,1855352
2019-09-27,656.8226990692145,664.9124599701152,651.8331675772025,661.134033203125,1099157
2019-09-30,664.4280305925256,664.6218097106033,650.331471965368,658.372802734375,795232
2019-10-01,658.8088623061761,674.8915255857082,649.6533449666266,653.6256103515625,1523100
2019-10-03,649.072088180293,660.7465573150324,644.034126063296,653.3834228515625,800102
2019-10-04,653.8678295684139,658.8088724586167,632.6018548734621,635.605224609375,703425
2019-10-07,635.6053028214228,646.9407039954737,628.9687951045854,643.5982055664062,581861
2019-10-09,642.3386715217795,663.6530769116424,637.300709330284,660.3590087890625,823317
2019-10-10,659.5840128218563,673.3899357819631,650.9614016810175,652.8505859375,1835731
2019-10-11,654.4491016570179,662.1997942006983,651.1066036709374,657.9368896484375,540939
2019-10-14,657.9368158581876,665.3484384250754,651.0581006503833,652.6082153320312,424901
2019-10-15,653.96463518312,660.1167232830893,648.1516162037144,654.9334716796875,930809
2019-10-16,656.8711754778429,658.1306511558286,640.2071751287782,650.7675170898438,1015112
2019-10-17,651.0580827328159,657.549298658108,649.2657589856686,655.4178466796875,460645
2019-10-18,656.5805149285394,675.2790477527512,655.7085384159392,670.1442260742188,2069844
2019-10-22,673.3414065150814,690.780464525544,668.4972237343974,671.8397216796875,2026682
2019-10-23,671.549070079195,687.2926638243033,666.8986073895529,685.6456298828125,1289839
2019-10-24,691.1680449552272,698.7733885114388,673.5836372444753,685.7909545898438,2334184
2019-10-25,689.2303429483668,690.3928994978888,671.6943659739361,677.5073852539062,969161
2019-10-27,685.8393963741719,685.8393963741719,680.2685863824423,681.9640502929688,145127
2019-10-29,682.0609532389718,702.7940797321434,680.9952566527728,697.3201293945312,1350096
2019-10-30,697.5623417672483,699.500014938824,683.8048504224424,690.7320556640625,665826
2019-10-31,693.5415171885478,697.1746537089873,683.0296658426417,686.4205932617188,1039303
2019-11-01,686.9051064325192,687.5348738363632,672.3725583415633,674.0195922851562,683006
2019-11-04,674.3102669436613,679.2028798987461,664.6219010392983,665.8329467773438,824519
2019-11-05,667.964398787533,667.964398787533,653.6256290824647,658.324462890625,808275
2019-11-06,656.8711629505435,668.1581321028553,649.2173307614536,652.1238403320312,1918668
2019-11-07,653.4803443274433,660.2622011255041,636.6710514883458,645.875,2729712
2019-11-08,645.1482935686117,679.5904216961782,644.7607352886052,672.0335083007812,2998481
2019-11-11,673.3413391839938,682.2062164394342,663.6529745914183,665.8812866210938,1485485
2019-11-13,666.559518841257,684.9674125301872,665.4938223335541,680.1232299804688,1885292
2019-11-14,682.7875150684823,692.718089072671,679.2512382332684,691.3616943359375,1722703
2019-11-15,693.6870160244767,696.4481767227331,688.7944029475709,691.3133544921875,976238
2019-11-18,690.7804169629293,696.9809941485099,686.1784436381412,692.1852416992188,817503
2019-11-19,690.0538075283624,696.109035744652,686.9050888558918,691.0226440429688,792191
2019-11-20,691.0226248157702,697.1262828613427,681.964027309485,686.3237915039062,968603
2019-11-21,685.9363027218817,686.9535693103168,678.2340400384285,681.5765380859375,500782
2019-11-22,684.9674585007546,684.9674585007546,668.1096784431145,672.2272338867188,1000521
2019-11-25,673.2445506475251,683.3204154133758,667.9159495560464,680.2686157226562,1185057
2019-11-26,682.5453100596495,686.5660051632002,676.7807210934227,679.009033203125,1168954
2019-11-27,680.0748404730771,683.950186743589,671.0646722207551,679.5419921875,1726476
2019-11-28,682.9328738488756,691.9430414900116,675.9572392085134,688.261474609375,841453
2019-11-29,685.5003330185414,690.7805043807493,676.5870243612031,678.7669067382812,760393
2019-12-02,674.843118346245,679.638871317585,667.3830647389487,673.4382934570312,453626
2019-12-03,673.3414185367001,680.1717045527921,666.5595625226614,668.0128173828125,700715
2019-12-04,666.3658273757785,673.8743113156136,663.168678298984,671.7428588867188,867371
2019-12-05,674.3102275534661,684.9674294257192,669.2238357507999,674.7462158203125,1140638
2019-12-06,674.6493421693751,674.6493421693751,653.5771461377217,668.4972534179688,2027624
2019-12-09,666.5595548190618,669.2722853667071,656.7743291937044,658.6635131835938,992928
2019-12-10,658.808817306889,664.4280571573009,653.9646348266913,658.2275390625,975416
2019-12-11,661.231000754977,661.9091982233961,649.6049611812631,659.0995483398438,1443699
2019-12-12,659.9714351528767,673.8742152646621,659.9714351528767,671.5974731445312,951573
2019-12-13,673.34133782634,676.7806954231527,651.5909475332464,658.372802734375,1896945
2019-12-16,662.4420223341461,668.9816693553609,655.17574786613,657.5978393554688,1289696
2019-12-17,660.5528012870225,660.5528012870225,645.632752692444,648.2001342773438,1457025
2019-12-18,650.040907866345,651.5425927218366,628.6780733442399,633.7644653320312,2308117
2019-12-19,635.556730778625,641.3697496576979,630.8094083741479,635.50830078125,1294302
2019-12-20,635.4598835278069,641.2729025234579,628.2904697799361,630.85791015625,781139
2019-12-23,630.8094300485191,636.1380308707578,619.0865318928289,633.6190795898438,1698997
2019-12-24,636.5255600105613,638.3178838246324,629.7437047288659,632.0204467773438,663359
2019-12-26,632.6503272344729,634.5395705130173,625.1418432588723,630.9064331054688,775166
2019-12-27,632.8924075024908,634.2972321739275,626.4981106206819,628.2420043945312,862426
2019-12-30,627.8060727527957,642.7261789992305,627.8060727527957,638.9476928710938,1729862
2019-12-31,638.0757088589145,641.6119858125892,634.587921037744,638.75390625,877219
2020-01-01,638.7539373760242,642.3386445037947,631.0516748347676,632.94091796875,820283
2020-01-02,634.5394695590189,640.2555693576176,627.4184858933007,638.99609375,1167011
2020-01-03,637.4460959114889,644.2763825768496,635.6052825937447,643.0169067382812,1224987
2020-01-06,642.2901547948209,642.2901547948209,626.159003785948,629.6468505859375,1162203
2020-01-07,630.8094477347512,639.4321165966386,629.9859603287338,634.103515625,1007897
2020-01-08,628.7748225030499,633.0861563021446,626.8371497064303,630.7609252929688,742490
2020-01-09,634.8784760677208,667.6736234279649,634.8784760677208,662.9747314453125,2697590
2020-01-10,666.9955408349633,670.2411196542057,660.940312341533,666.0751342773438,1308124
2020-01-13,666.0751323440554,674.3102430712182,664.7187375122277,671.8397216796875,815053
2020-01-14,672.8570446729648,679.1544828160522,669.9505347607704,671.7428588867188,781087
2020-01-15,670.7255094893821,676.0541103376243,662.3451090897271,673.6320190429688,622594
2020-01-16,674.3102389851606,689.8116237894171,673.8742507109229,679.2512817382812,1010417
2020-01-17,678.185544457677,690.5866397297143,675.5212441044504,683.1265869140625,957742
2020-01-20,685.355000408887,692.7181345494633,674.5040192019137,678.4277954101562,857374
2020-01-21,675.2790650717304,682.9813273536141,674.3102285364769,680.607666015625,562545
2020-01-22,681.9640856325519,682.545363921619,670.4833367921985,673.7774047851562,503474
2020-01-23,673.3897792753588,695.6245881752661,673.3897792753588,691.071044921875,1523850
2020-01-24,692.5728159979736,708.1711206509209,686.2753781330609,700.9048461914062,1865819
2020-01-27,702.4064695893569,703.3268761002639,686.8082254351593,688.4552001953125,1111167
2020-01-28,690.7804560222289,699.9844031922306,688.3099346611097,694.0745239257812,922232
2020-01-29,694.0260627596086,696.0122250617497,682.6422329063931,685.694091796875,738157
2020-01-30,683.0297152770014,685.0642482224646,669.1269355058031,676.9744873046875,702379
2020-01-31,681.0920950330202,686.9051143362892,669.4660564264822,672.5663452148438,605269
2020-02-03,663.6529520196968,675.9571864604012,658.5665607815897,668.593994140625,470633
2020-02-04,677.2168078688492,680.7045961016308,660.7465850737556,678.3309936523438,1142197
2020-02-05,677.2167837675574,693.1057276694183,666.5595811617733,672.711669921875,1228520
2020-02-06,675.7635015661447,675.7635015661447,656.0477011951932,661.9575805664062,1177640
2020-02-07,662.6841838591707,685.8394004864329,650.573727282797,679.5903930664062,5493326
2020-02-10,680.074821816659,680.074821816659,646.2624028807785,660.7465209960938,2694224
2020-02-11,665.0094393880058,683.9986123379185,659.7776983032896,661.9575805664062,1836835
2020-02-12,666.3658623596378,667.0440598680407,656.4352863049576,660.9888305664062,581086
2020-02-13,660.1653084290791,667.5284432206552,653.9647302959974,664.234375,492340
2020-02-14,666.5595675243649,671.4037504278849,661.8122446256783,666.4627075195312,442425
2020-02-17,668.206511647161,682.9812675153114,661.7637255989634,673.1959838867188,1473125
2020-02-18,673.0992341843116,678.7184746905738,662.7326706401367,675.3759765625,1369375
2020-02-19,680.2201286203782,714.0325483914742,680.2201286203782,710.3025512695312,3317660
2020-02-20,713.0636961206897,717.9078788389008,698.5795779666201,702.406494140625,2105332
2020-02-24,698.8218014732536,711.0776076555949,693.1057012280711,695.2855834960938,1618922
2020-02-25,701.2438490305708,708.5585528014551,680.1232250922163,681.67333984375,1873648
2020-02-26,678.1855572839683,682.8843907062006,664.137427883086,670.1442260742188,1172920
2020-02-27,670.4348062746526,673.825733763036,658.808769171624,663.5560913085938,1033182
2020-02-28,653.7709229756949,664.7672538171486,635.3145976535523,657.5978393554688,2034326
2020-03-02,664.0406246524087,670.2895733722617,635.0723868616238,643.4043579101562,2029657
2020-03-03,655.9023765236261,673.7774235745592,644.5669765059788,669.3207397460938,1720245
2020-03-04,672.3725539739129,672.8569722404646,647.231234113256,665.5906982421875,1076218
2020-03-05,669.8535721272406,675.2790328122392,654.4490482993796,668.109619140625,926538
2020-03-06,648.1516854726639,657.8400514737501,636.089657974693,652.6567993164062,1863719
2020-03-09,635.3145673522644,644.2278754345299,615.3565580852463,625.9652709960938,2114146
2020-03-11,629.7437599408273,634.5879427096029,614.4845842191842,621.0242309570312,1400634
2020-03-12,600.6786394052148,609.1075289138088,568.949243533407,602.0350341796875,1982451
2020-03-13,546.4238182788021,643.5012531400585,541.870274633194,635.2177124023438,1944092
2020-03-16,615.2111886379396,615.2111886379396,579.4126674882166,583.8208618164062,1650459
2020-03-17,593.8967117900359,607.0244331522532,571.7103346294758,576.84521484375,1616406
2020-03-18,581.3019463657647,588.7619998374104,552.3821981873047,558.146728515625,1338187
2020-03-19,519.2963931474511,548.7490480538263,510.5768641580349,531.1162109375,1240527
2020-03-20,537.7042065305242,567.4474960877478,537.7042065305242,547.1987915039062,1768226
2020-03-23,510.57685608629896,522.6388828242535,460.73020432488016,473.4704284667969,780947
2020-03-24,482.7228037886582,509.9955759148508,457.629943433776,463.4429626464844,1601386
2020-03-25,469.88573813748326,488.48741217490505,434.76541234885696,471.4358825683594,2021433
2020-03-26,474.3423867901055,506.1202437717789,459.5191696477783,488.7780456542969,2100154
2020-03-27,506.7015141272968,506.7015141272968,459.51916245746776,475.26275634765625,1873789
2020-03-30,456.3219949585303,471.0483216967607,435.6857891787429,450.6058654785156,1456136
2020-03-31,456.6126563536198,477.15200313763455,449.0557430544033,462.03814697265625,1173010
2020-04-01,457.8236846308177,470.4185593614212,449.58857423003855,456.564208984375,1766499
2020-04-03,459.3253837261666,463.9273570326654,446.14920160898777,457.82366943359375,845747
2020-04-07,469.2075284118064,486.2106275706563,462.9100908492424,469.4497375488281,1934898
2020-04-08,466.01034531331067,506.6046173420704,461.1661629295964,467.6573791503906,2355743
2020-04-09,471.8234091235506,499.6774604835138,466.34948842177135,493.0409240722656,2806291
2020-04-13,495.0755050550365,495.4630337836488,467.4636618181117,489.359375,1902868
2020-04-15,492.1689522610217,521.9122452577444,492.1689522610217,499.8227844238281,4126544
2020-04-16,502.77773167290246,516.3414431631192,493.28311588982393,505.0544738769531,3313113
2020-04-17,514.4522825937191,528.597274620081,498.4180471944895,507.2828674316406,3034376
2020-04-20,506.3139542514298,514.2584257390089,501.4697715313316,505.1513977050781,1976078
2020-04-21,498.95082228106656,498.95082228106656,476.0862738321592,483.5947570800781,2136415
2020-04-22,484.41827106508623,491.7329751315511,469.35287466158,487.6638793945313,2662294
2020-04-23,491.2001467269748,497.013166214868,482.4806174951351,492.3627624511719,2472824
2020-04-24,484.4182750648988,489.2624578155478,469.8857268129519,471.9687194824219,1697939
2020-04-27,474.923696079361,484.0791838804137,469.8857341137908,475.5049743652344,1763196
2020-04-28,478.94433095513216,486.065285162276,476.8613383879313,481.3179626464844,1946282
2020-04-29,481.5117329034954,483.1587667541287,473.7610410257732,476.0862426757813,2104519
2020-04-30,479.7678487745891,501.3728909946997,479.7678487745891,489.6499633789063,2950356
2020-05-04,480.5429075368821,481.0273257904475,446.6336297873037,451.4293823242188,2361916
2020-05-05,460.19740292900536,466.8823698161382,418.7796366653948,424.7379760742188,4163943
2020-05-06,429.0008135174119,449.44327068356426,414.12919609334256,443.6787109375,7211439
2020-05-07,445.6648035439589,454.3843323089494,425.4645559917553,428.4195251464844,7363997
2020-05-08,440.8206366766598,445.6163894956944,431.3260501748576,442.177001953125,3964094
2020-05-11,443.8240246165264,457.96904400520526,443.33960634682194,454.3359069824219,2289089
2020-05-12,452.88267736192887,459.42232436666376,443.0005322837108,445.8586120605469,3635078
2020-05-13,460.19736848593686,466.7854453029068,438.7860744809663,449.68548583984375,5154440
2020-05-14,444.5990843022613,457.7752672191261,439.3189428753221,442.75830078125,2959019
2020-05-15,445.6648367347505,451.4778563443342,434.5232158163817,447.6509399414063,2668582
2020-05-18,449.0557704176807,449.4917587204332,424.5926459235136,427.789794921875,2151356
2020-05-19,434.0387684467679,439.36736939868126,418.585813859601,422.703369140625,2322033
2020-05-20,423.8659871983325,445.6648093971039,420.6688384357973,440.23931884765625,2101099
2020-05-21,441.7894663521794,452.1560292532893,439.8517932541435,446.9727478027344,1951284
2020-05-22,447.3602802493726,452.3982421730059,431.1322679176412,436.26708984375,2146202
2020-05-26,441.9832311747355,443.0973872567146,432.585505126994,435.78265380859375,2168193
2020-05-27,438.7860583891448,451.477822841562,434.13565487318857,450.072998046875,3177253
2020-05-28,456.7095020427648,474.58454658425137,451.4777910639162,471.6295776367188,4568687
2020-05-29,470.7576692402085,478.2177224306504,462.08659994036594,465.1868591308594,4002702
2020-06-01,490.23124500301503,527.7736575403013,490.23124500301503,522.9779052734375,13522210
2020-06-02,528.9846707313723,543.9047748411305,520.2651431918442,540.320068359375,6145086
2020-06-03,542.548433891389,561.9251636732243,542.2577947712788,550.1053466796875,5072386
2020-06-04,551.3164189244451,558.0498446755333,536.6385808854891,548.3130493164062,3964554
2020-06-05,552.2368271446475,564.7348421490517,546.908226180971,561.6829833984375,2673077
2020-06-08,563.9112537492703,569.191424320649,536.5900535552621,543.1296997070312,3575837
2020-06-09,545.4549975300731,554.1745267978717,527.2893115554925,530.777099609375,3370552
2020-06-10,532.8601385683841,541.579668108594,528.2097346402243,536.20263671875,2440258
2020-06-11,537.8980280467892,546.1331381654338,529.3237896787017,538.3824462890625,2045520
2020-06-12,523.1717796997509,540.610839023076,520.1684098028608,536.3964233398438,2597897
2020-06-15,538.1887614331454,547.8771279755962,527.1439999215128,530.0989990234375,2479232
2020-06-16,539.6420100246029,543.2751474350018,523.2686471084995,532.4725952148438,1328332
2020-06-17,530.922465220755,539.3029255969116,526.708049597149,528.6941528320312,1447933
2020-06-18,527.0470872278146,531.261502599286,522.3966835788932,526.9986572265625,1356389
2020-06-19,528.984715627013,533.4413397611125,522.5419294116549,531.6005859375,1743955
2020-06-22,534.7977661012205,540.3201461647532,531.3584082364265,534.943115234375,1920660
2020-06-23,537.6558616133548,548.0224246476819,527.9190659972182,530.3895874023438,3161412
2020-06-24,534.7009515532415,536.25106648424,516.6321250274996,521.1856689453125,2362752
2020-06-25,520.265244583945,537.6558730591329,517.3103048351797,534.8946533203125,2386501
2020-06-26,536.7354124975911,539.8841310727124,525.1578046793743,528.4034423828125,1517204
2020-06-29,529.9536144195355,529.9536144195355,517.9885061932821,519.974609375,890246
2020-06-30,522.2997316029983,531.7943765750422,522.2028716065844,529.4207153320312,1906339
2020-07-01,530.8256429471219,532.7148271749068,522.4936119828178,525.5454711914062,1093651
2020-07-02,528.0159590396195,547.1989123304032,527.0955524220141,544.6315307617188,3237437
2020-07-03,549.8147322854203,552.2368236170742,535.0399751623319,541.6280517578125,2949682
2020-07-06,545.4548977669214,552.2367526237036,539.6903093120401,548.8458251953125,2351278
2020-07-07,548.8457602703935,558.9216813760719,536.5899575043296,556.9840087890625,3243435
2020-07-08,558.0498778537409,560.471969337481,542.5484923578036,545.0674438476562,1671080
2020-07-09,545.4550289268,547.3927022089556,538.8669515940901,543.275146484375,969170
2020-07-10,537.7043093903233,549.6694176667627,537.7043093903233,545.0674438476562,1528875
2020-07-13,550.1052662813651,550.1052662813651,531.4067366013163,536.3477783203125,1776880
2020-07-14,533.3445402136861,534.7977950916525,524.7218709511815,530.777099609375,1037680
2020-07-15,531.891251003189,538.6731066626104,524.1405588209932,527.3377075195312,1492400
2020-07-16,528.015927391572,534.9431324775602,513.0958206524085,532.9569702148438,1535926
2020-07-17,537.7042587213272,562.8940077785425,536.7354222191266,558.631103515625,4421603
2020-07-20,563.7175943595536,583.2396769677772,562.0221301823216,578.8314819335938,6125949
2020-07-21,581.8832027573848,590.5058716238317,576.0701835125235,578.3469848632812,2867911
2020-07-22,581.3019057603212,586.5820765642617,571.6619706631783,577.0390014648438,2165035
2020-07-23,578.0078379744443,592.3950956218649,575.1982475764554,577.0390014648438,3225989
2020-07-24,575.9732948559576,581.2050355692801,571.6135306392179,575.101318359375,1107084
2020-07-27,579.3158710681126,579.3643010726871,558.4374536503898,571.3713989257812,1516271
2020-07-28,568.3680178762021,570.644760244313,555.9184320242927,562.7487182617188,1990102
2020-07-29,565.5098785847359,579.8486470014286,565.5098785847359,571.0806884765625,2261187
2020-07-30,572.8246050069233,580.1877390670957,569.0461188428595,576.699951171875,1600973
2020-07-31,576.6999721853502,584.692873941804,572.2433475865035,579.7518310546875,1600492
2020-08-03,577.4265644215969,582.0285378796549,573.0668000929103,577.1359252929688,829512
2020-08-04,577.4265515126036,595.8344449333075,577.4265515126036,591.7653198242188,4324465
2020-08-05,595.6174752475547,601.956425045523,583.8660494497457,590.15625,2377095
2020-08-06,592.9843738600797,596.7390183809755,586.1090631437538,588.0595092773438,699794
2020-08-07,585.1338343991619,588.0595035711577,577.3320499405064,579.1849975585938,962440
2020-08-10,579.8676100942955,582.9395865553123,571.0906025175531,572.3096313476562,1450621
2020-08-11,574.0162571380773,602.444032543584,573.4798963710261,592.9356079101562,4885036
2020-08-12,592.8381943391825,600.737478280135,587.4256580772677,589.7174682617188,1732635
2020-08-13,592.9355912575512,605.6134904127291,591.3264494786999,603.2241821289062,3252487
2020-08-14,609.4169197126067,616.2922304454411,588.5958714728052,600.2010498046875,6952207
2020-08-17,609.3193700327012,621.9972701050197,604.0532011010124,613.5128173828125,3060814
2020-08-18,614.4880434131036,630.9693373953386,612.4400987392158,628.7750854492188,3147580
2020-08-19,628.7750570204902,637.6983716737527,622.4848564880995,633.4561157226562,1599340
2020-08-20,626.8733794391239,658.2755742952694,626.0932128852785,652.8630981445312,3416323
2020-08-21,656.325106131094,665.1021134939169,640.0876187007153,642.9645385742188,3590282
2020-08-24,646.5728137902457,656.5688489959018,642.184310529226,645.2562866210938,1588775
2020-08-25,650.4249655679025,656.8126640561507,636.3329818806804,638.7222900390625,1866852
2020-08-26,642.6720189081047,645.5976881899322,629.799062163485,632.7247314453125,1709544
2020-08-27,637.6983951216588,652.3267413056128,634.2851143454029,646.4754028320312,2761029
2020-08-28,654.179551364587,654.179551364587,642.6719323112392,645.4512939453125,1319829
2020-08-31,648.8159432093157,652.424280732295,614.5856348006814,619.0228881835938,1523639
2020-09-01,626.4345285051803,633.3586481629218,614.1467413714552,619.2666625976562,1508638
2020-09-02,614.3905822516415,629.1652367292327,610.0995765981855,626.5808715820312,2215210
2020-09-03,628.9700540814998,645.5975934896082,628.2873861112993,640.6727294921875,1765544
2020-09-04,638.7711186839128,646.3778468186235,624.3865782250003,629.7503051757812,1796732
2020-09-07,636.8206768903942,638.3322607732276,621.6072205165652,630.0916137695312,1184624
2020-09-08,623.9964308784972,634.3825799395457,619.0228172430849,621.948486328125,931344
2020-09-09,617.316213548904,637.7958983585833,616.3409904627288,634.1875610351562,938048
2020-09-10,638.6735723402594,641.9405456109316,627.5560062296005,633.0660400390625,931052
2020-09-11,629.0188648790728,645.5976566665832,627.7023375756917,640.1851806640625,2298702
2020-09-14,645.9878463335898,682.2661003425491,645.9878463335898,668.6129760742188,7328223
2020-09-15,675.2932812274382,675.3420304802942,661.2012948240281,662.517822265625,1471023
2020-09-16,665.1020836112338,677.4874275713285,664.0781113694891,669.7831420898438,2536636
2020-09-17,669.9782438030819,681.4371147851579,666.1261008024013,676.4635009765625,1970679
2020-09-18,680.656939677757,695.8216462012509,659.543336835304,662.6640625,4977464
2020-09-21,661.8839262416232,672.2212672357258,644.6224655617892,653.8870849609375,1981392
2020-09-22,653.5457872282175,657.0565665949287,629.2139588686575,641.5993041992188,1483647
2020-09-23,644.6224435346975,659.8358994821841,637.3082705747728,649.888671875,1906520
2020-09-24,643.6472067436971,648.5233219463009,630.9693072169274,633.9437255859375,1025236
2020-09-25,635.8941491990837,657.3003060867537,623.5576138861144,653.3994140625,1899648
2020-09-28,653.4481374219102,675.8295164290066,650.7175250176834,672.026123046875,1929822
2020-09-29,679.5841814329021,681.3883798497992,660.9086951112138,666.6624755859375,1354183
2020-09-30,670.9534611290325,670.9534611290325,654.6184749750915,663.4929809570312,1087796
2020-10-01,670.9535193203736,674.1229945206516,659.4458981900978,661.3475952148438,1437719
2020-10-05,663.4441661593028,668.9054504356649,647.1579308625945,652.32666015625,1173860
2020-10-06,655.5937143189752,663.7368032127758,650.6688496786511,655.4962158203125,1379493
2020-10-07,653.3994207315314,663.1516508917036,649.8886416830252,660.4697875976562,865419
2020-10-08,667.05257213861,677.0973577384581,663.6880406815782,675.1469116210938,3120591
2020-10-09,678.1702044110722,681.1933723762386,662.3715774277596,672.3676147460938,1543798
2020-10-12,673.3914969899471,675.3906922813567,658.5680951443884,660.8110961914062,1013535
2020-10-13,663.346730551778,665.1021201372982,647.4017979696491,650.034912109375,831301
2020-10-14,646.5728934359562,658.2268209914542,640.0876362310993,655.6424560546875,1817988
2020-10-15,659.738380854641,660.957409644099,648.1820117397358,655.739990234375,1253742
2020-10-16,670.9047005764879,686.654516918937,666.0773346361137,683.1437377929688,8434697
2020-10-19,688.5562483355275,690.506694508575,668.4179273125477,671.58740234375,5541814
2020-10-20,669.4906525958451,683.3875816555549,663.4442575214276,680.9495239257812,2012241
2020-10-21,680.7056856181512,693.2860867116544,678.0725714912678,688.8975830078125,2258403
2020-10-22,682.6561320809084,700.6977584287611,681.924714796536,692.0182495117188,2919672
2020-10-23,693.3835374614529,703.6233787319807,685.7768101364953,688.1173095703125,2260940
2020-10-26,688.1173445456972,690.9455151352231,670.0269692861842,672.4650268554688,1972443
2020-10-27,675.8783109876688,687.3371816232418,673.9766141691019,684.1189575195312,1833977
2020-10-28,686.947123154595,699.820019476317,683.0462310515545,685.581787109375,2602432
2020-10-29,681.6322258748758,689.4827602503749,672.513853798562,685.1430053710938,1068690
2020-10-30,687.532181760977,694.2124351788622,683.6312899495672,688.0685424804688,936323
2020-11-02,689.9702764427852,705.768901037643,678.8527103700994,702.5994262695312,1946398
2020-11-03,707.7194004784535,715.0335735724374,688.9951054532763,692.4083862304688,3240943
2020-11-04,691.4330923676634,708.9871059961796,688.9950349192585,706.158935546875,1761718
2020-11-05,711.13265496846,725.9560571288952,701.2341172713465,723.1766357421875,3231294
2020-11-06,723.1766449850664,748.9713067106023,715.1310547762612,734.6842651367188,7249946
2020-11-09,746.0456651990745,783.9818672778321,738.048823942035,771.0113525390625,4404761
2020-11-10,781.104949993445,781.1536992436254,740.779439293786,745.7531127929688,3421267
2020-11-11,747.9473168057083,748.3861790749847,726.0535478178388,741.8521728515625,2547685
2020-11-12,742.5349027629048,744.2902924634175,727.8577472797951,736.4397583007812,2298770
2020-11-13,736.2934022085304,742.9249070390754,730.100759654741,739.7554321289062,1751357
2020-11-14,744.2902337545531,745.948124822057,737.1223087187574,740.876953125,147263
2020-11-17,745.0703513086474,757.358136958248,737.0247617820816,755.5052490234375,2420896
2020-11-18,756.6268061607898,762.1855896459945,747.6548014033572,751.7994995117188,2172489
2020-11-19,747.9960882460898,766.5253264164623,746.533253653692,754.8713989257812,2409458
2020-11-20,760.4789132966505,763.2583346693019,746.386928489844,751.2142944335938,1123473
2020-11-23,754.8226213225786,763.4533212843592,738.1463314048403,741.5108032226562,1927096
2020-11-24,746.0455747709652,762.2830610898409,741.5107641347714,759.1135864257812,1624446
2020-11-25,764.5748756004066,766.7691274755352,729.8081498586549,734.6842651367188,1721308
2020-11-26,737.3174177478579,752.8722382007555,736.2934453906353,750.0440673828125,1564927
2020-11-27,754.237511352036,800.4630470237851,747.3621414074023,786.6148681640625,5821482
2020-12-01,792.0274075527399,792.0274075527399,770.8650558990566,774.814697265625,1395992
2020-12-02,774.3271157090784,790.2232398070918,770.5237219361111,782.2752075195312,1847689
2020-12-03,786.0297785088568,798.7076781622254,782.8115543475799,787.980224609375,2474465
2020-12-04,789.930767811194,806.3145051649204,789.4431562261253,800.2193603515625,1672137
2020-12-07,801.1457505294982,809.3376481115679,787.0050160405418,789.0042114257812,1184293
2020-12-08,797.6349396069596,799.6828841596761,784.0793156882677,789.2479858398438,1299313
2020-12-09,789.9306452989484,800.6580985067119,786.0785024697645,788.0776977539062,1327059
2020-12-10,788.0777933502768,795.4895249066229,781.3487894174363,794.075439453125,1008656
2020-12-11,793.8315369075005,800.5605995430221,780.714775406601,784.95703125,1054806
2020-12-14,786.1272339157143,794.7092439059126,784.2743459355167,788.0289306640625,619636
2020-12-15,789.9307027104113,814.7013929996236,785.3471422839326,808.8988037109375,2713917
2020-12-16,814.3113105942892,823.5271810439176,801.8284664801776,817.6758422851562,1721453
2020-12-17,818.2121186127533,824.0147075206041,800.0729941427708,802.8523559570312,2044709
2020-12-18,804.5590567063595,816.2617338948155,798.7077181121314,808.264892578125,3405788
2020-12-21,802.6085322455784,807.4846472652963,759.259857815708,764.4285278320312,1509775
2020-12-22,758.7235060001077,780.958578847204,749.36138886119,778.2279663085938,1180855
2020-12-23,777.7403867769596,803.5837977482315,774.1320495669584,800.95068359375,1349719
2020-12-24,806.2168792006253,807.9235194785593,788.0776953899926,790.8571166992188,1223847
2020-12-28,798.512594966784,800.8531540183569,789.9306443158318,795.781982421875,969800
2020-12-29,798.2200509506974,802.1209430750747,789.0041814022782,794.1728515625,811343
2020-12-30,799.6829105208068,800.6581335824176,790.0281784017037,799.4878540039062,897917
2020-12-31,794.904281370312,807.4846824789595,791.9298629831501,805.1929321289062,1017539
2021-01-01,806.5094885460258,813.3360501177575,799.7316762237991,810.8492431640625,808694
2021-01-04,813.3360197459552,827.623061168155,811.4830721508068,825.0386962890625,1512530
2021-01-05,821.1865877530383,832.840515536613,809.9715222627913,816.60302734375,1362402
2021-01-06,816.2617199191918,855.9533112750382,813.6286056922931,847.7614135742188,3129336
2021-01-07,849.5168354373321,865.998129963131,847.4688906959018,859.6591796875,1624468
2021-01-08,860.1467944873524,886.8679318667527,859.6591829258516,879.8463134765625,1928335
2021-01-11,877.7007456195776,895.1572620360567,859.3665641712136,891.6464233398438,1396688
2021-01-12,882.5768617563866,899.7407636565256,876.2379119205673,880.8214721679688,1251253
2021-01-13,883.5520193700869,890.1347744812879,860.1954171079891,874.5799560546875,1246019
2021-01-14,877.7007169723832,903.9342399888246,874.7750479158086,889.5984497070312,2750870
2021-01-15,892.0365336563859,895.1572593136763,859.7078658152273,865.5592041015625,1837146
2021-01-18,864.0476161897923,880.6264079225535,854.734248032731,868.8262329101562,1870909
2021-01-19,871.0204786941341,889.4034091195207,869.8989483932154,886.5264892578125,1230079
2021-01-20,887.9405392266816,896.0836274466783,878.6271715051035,890.0372924804688,899024
2021-01-21,911.8822702588568,970.9320120412434,911.8822702588568,931.581787109375,8498938
2021-01-22,926.7057302671452,945.5275237760428,894.230813660389,910.9071044921876,3000159
2021-01-25,920.1229899407006,936.2141710048464,890.5249928227779,917.3436279296876,2577271
2021-01-27,917.6849063232288,921.0981870587564,885.4050466049692,890.8662719726562,2090928
2021-01-28,887.30664355239,919.3915048140872,879.2610536136827,910.273193359375,3133218
2021-01-29,916.7097392109722,922.414770693712,875.0189505394094,885.60009765625,2489069
2021-02-01,883.6008150720378,925.8767691671374,880.7238952268593,915.0517578125,1777339
2021-02-02,922.5609644129534,973.8576707603744,921.439434146002,963.3740234375,3424514
2021-02-03,972.4436282187072,1004.3821811389428,965.4707600315468,979.562744140625,3255375
2021-02-04,977.9536294796376,996.677923309402,973.3213201491878,978.489990234375,1704896
2021-02-05,984.9753228867628,1015.0609314647902,964.934500251418,976.3933715820312,3672736
2021-02-08,980.0991510340835,1019.5956839862032,979.2702352627632,1014.6220703125,2191241
2021-02-09,1014.6220147153912,1062.7980538559264,1014.2319017132696,1052.8507080078125,4814340
2021-02-10,1043.5862165216051,1068.9420171464064,1030.7133192073293,1064.0172119140625,3676383
2021-02-11,1053.4846465482271,1083.4727538209493,1053.4846465482271,1075.865966796875,2211263
2021-02-12,1072.452766367198,1103.9525192612527,1033.980263733872,1052.460693359375,7728222
2021-02-15,1062.993023300892,1067.869138086676,1026.2271654343897,1031.785888671875,2114945
2021-02-16,1038.6124485599491,1048.267179637407,1000.5787532605708,1011.9401245117188,3350162
2021-02-17,1001.554096097168,1023.0090037058708,993.7523115121852,1006.5277099609376,2577679
2021-02-18,1004.4797482681556,1004.8698612999408,978.148725740738,992.045654296875,2117985
2021-02-19,989.3637950330444,1008.3318359444428,967.6163326850482,976.6371459960938,2213605
2021-02-22,976.6370640611148,989.851323519782,960.4971356659362,966.2509155273438,1828675
2021-02-23,969.3716956829202,996.0928306205592,954.8408486688592,989.8513793945312,2104866
2021-02-24,994.727526752367,999.4086450848096,983.024849967045,987.803466796875,756165
2021-02-25,995.8001777052292,1028.5676465715055,992.386897218205,1022.71630859375,3011002
2021-02-26,1022.033660304879,1027.884998054716,983.9512156875998,992.9232788085938,2392792
2021-03-01,997.8482955174763,1036.320859013659,996.6780158838752,1017.9379272460938,1860778
2021-03-02,1024.9594120364882,1045.926707335046,1018.27915804122,1041.1968994140625,2157106
2021-03-03,1053.19203956967,1054.2160713460876,1038.6125032225564,1046.365478515625,1405770
2021-03-04,1035.6869154283218,1064.846109455282,1030.0793826941288,1045.9267578125,1622921
2021-03-05,1045.4391191578018,1047.2432580076395,1003.650834892414,1005.9913940429688,1706023
2021-03-08,1017.1577121497144,1031.7372501465834,1007.5029794716376,1023.5454711914062,1281013
2021-03-09,1028.8603011497642,1031.7371614825342,1005.6499453159408,1015.1096801757812,1052726
2021-03-10,1019.1081944758582,1043.4887732910702,1016.2800235241348,1035.296875,1464757
2021-03-12,1038.6125695967175,1058.0195324997474,1019.8883342701891,1026.861083984375,2306876
2021-03-15,1034.2241158607235,1053.874885482794,1025.9347193639617,1032.5662841796875,2024792
2021-03-16,1038.6614068341703,1041.5382673513295,999.7499814638536,1005.1137084960938,1963903
2021-03-17,999.7986192967896,1002.5292914443282,973.3213493074954,975.6131591796876,2668629
2021-03-18,992.7770181054884,996.5804116303722,944.6985359112444,962.5451049804688,2393287
2021-03-19,956.9863135492589,963.959181776018,938.1645216412824,955.9623413085938,2822224
2021-03-22,961.5698958607708,988.1934723507152,946.941550589055,974.8817138671876,2454881
2021-03-23,981.8058837117202,986.9258051316224,967.8114556398126,976.4909057617188,1436324
2021-03-24,973.2725526547536,986.9256746358824,957.7177339216756,960.3995971679688,1713520
2021-03-25,967.4212272714713,967.4212272714713,930.02144859488,934.8487548828124,2392229
2021-03-26,943.040651550986,962.7889175219346,943.040651550986,955.1821899414062,1435329
2021-03-30,970.3469602064916,980.0991909623356,957.7665587222956,968.6403198242188,1582960
2021-03-31,975.0280024733904,985.950512638654,965.51957764824,977.124755859375,1451482
2021-04-01,986.9257222877671,989.9976986910012,977.2709903257957,981.025634765625,803202
2021-04-05,981.8544933329038,982.9272743344404,936.7991793405516,952.5003051757812,1567700
2021-04-06,956.6937766494614,961.2285874733165,940.1637346590444,950.5986328125,1757333
2021-04-07,955.7185811217412,992.9721132292282,953.573078524849,974.7841796875,3176468
2021-04-08,985.0727677848212,991.6067740500366,975.2230389010766,979.3677368164062,1155524
2021-04-09,980.0991727997044,1001.3590830717824,977.7098644042212,981.220703125,2638817
2021-04-12,973.2726071093788,973.2726071093788,917.2947800456344,926.7544555664062,2490045
2021-04-13,933.77609002133,945.8688799049148,922.5610247103688,934.5075073242188,2632686
2021-04-15,934.751268828592,937.043019126632,915.8319183472664,924.2188720703124,1724373
2021-04-16,924.6089004676462,944.9910849322018,919.6352869876846,933.337158203125,1473891
2021-04-19,912.8088586237589,936.214213973086,895.2548421117635,933.0447387695312,1917671
2021-04-20,943.8209019489173,950.2086013335928,911.931094752946,918.1725463867188,1557074
2021-04-22,925.389249378984,928.4124172647004,910.0294851227668,915.295654296875,1212213
2021-04-23,916.7096844568964,932.9959216066134,910.9070952943194,915.636962890625,1414300
2021-04-26,924.1213622665316,926.5106707053922,917.3436095120874,922.7073364257812,768299
2021-04-27,924.5114065852706,956.5962671841468,918.2212063131032,952.207763671875,1780973
2021-04-28,960.594736722578,962.5451828885124,931.3380442335656,938.3109130859376,968227
2021-04-29,945.966354235156,964.9344543767172,940.1150159615364,943.13818359375,1409106
2021-04-30,936.1653660162424,953.573073412767,931.2892508325784,933.4347534179688,1402209
2021-05-03,928.5098851509546,938.4084233766076,912.467512852881,934.8976440429688,1537101
2021-05-04,941.0902489735572,948.843284172788,931.386767662464,940.2125244140624,1382842
2021-05-05,947.868104714456,969.3717621822294,941.0902922594078,947.3804931640624,2475761
2021-05-06,950.7449444885629,964.7881202403984,941.4315170441272,959.9607543945312,1414622
2021-05-07,966.153412342172,966.153412342172,939.4810282868956,945.576171875,1349654
2021-05-10,945.9663405530836,954.4507928316943,937.1893332696012,943.9183959960938,1269133
2021-05-11,937.1893214787684,990.485283288772,937.1893214787684,985.2190551757812,4308932
2021-05-12,998.6284079218108,998.6284079218108,937.7744655049188,947.9168090820312,6210373
2021-05-14,954.7433464746066,989.7538770645984,939.1397779928968,974.589111328125,5310861
2021-05-17,977.173455624126,977.173455624126,929.387528153485,959.2781372070312,2982266
2021-05-18,965.4707971230774,988.1447325100588,960.692180479676,982.781005859375,2184245
2021-05-19,984.0000852098652,1008.2831636490776,983.463724421812,994.7275390625,3546439
2021-05-20,996.6779864121916,1004.2359652719708,975.8081887192566,983.902587890625,1148149
2021-05-21,984.9753203941362,991.460577748463,968.2990293728584,975.0767822265624,1326970
2021-05-24,977.1735159839724,985.9505236125708,967.6650910529904,971.9072875976562,1269160
2021-05-25,973.2726283268468,981.6107737090364,960.5947283586614,963.7154541015624,1013810
2021-05-26,965.470815009059,970.8345417591094,950.9399678224936,964.7881469726562,1367362
2021-05-27,970.3469248535212,976.9296803738844,960.8872494604212,971.6634521484376,1095556
2021-05-28,976.1983481188548,983.805076589228,973.0776222142954,975.6619873046876,833874
2021-05-31,982.04966909347,989.8514539522066,973.4677176534389,982.3422241210938,1462881
2021-06-01,985.3165868885376,994.5812058835672,981.2206976879957,988.0960083007812,619320
2021-06-02,985.8042610339556,1013.1593170015316,983.268704746569,1008.7708129882812,1335354
2021-06-03,1016.182349131072,1090.9332146493407,1011.2574254445168,1084.0091552734375,7137481
2021-06-04,1085.4232879595086,1097.1259649186406,1070.7949417605932,1077.0850830078125,2581739
2021-06-07,1082.4488445335471,1091.1771628052566,1066.7965850280625,1069.624755859375,1434539
2021-06-08,1076.6460736611652,1076.6460736611652,1043.537304068604,1045.048828125,1399870
2021-06-09,1051.7781251283725,1051.7781251283725,1017.0113974148782,1020.0833740234376,1252919
2021-06-10,1021.9362411308788,1033.3951117803017,1019.205569017385,1029.0552978515625,736352
2021-06-11,1035.6868757410246,1036.5157915216796,1012.8666326358796,1020.2296142578124,906539
2021-06-14,1016.1825720279762,1020.6685749283448,995.1665240216132,1017.2066040039062,840209
2021-06-15,1023.6429205284928,1041.5382400764547,1020.0833325093366,1035.394287109375,1330771
2021-06-16,1034.6627796305045,1034.6627796305045,996.6778919348586,1002.675537109375,1371401
2021-06-17,997.8482003941738,1017.0601056854258,987.6571079875276,1004.7235107421876,1285561
2021-06-18,1014.1831492432724,1014.1831492432724,977.368539136349,1003.797119140625,1970955
2021-06-21,992.2894177863682,997.1655328614854,982.0983253747952,993.8985595703124,554484
2021-06-22,1002.4318371126556,1004.7723963356942,992.7771047212386,994.922607421875,680836
2021-06-23,1002.3343820565104,1020.2297027082792,993.5085650991532,1005.2112426757812,1429584
2021-06-24,1009.3070389594266,1011.306293812373,993.9960848295672,998.23828125,831155
2021-06-25,999.9936540959152,1012.476436645115,998.238205137138,1004.4308471679688,921741
2021-06-28,1006.9177115813112,1034.7115660898512,1006.9177115813112,1016.71875,2182272
2021-06-29,1022.033782044198,1025.4470628048418,959.9608095450476,1002.91943359375,2482160
2021-06-30,1007.4054125817128,1010.2335832412924,990.387758422003,997.1168212890624,1197559
2021-07-01,998.6284550839092,999.993791234002,986.9257778758948,987.9010009765624,516926
2021-07-02,991.8018542069468,991.8018542069468,972.4924494809476,988.7786865234376,693139
2021-07-05,992.9720812274268,999.067165520358,987.705853161403,989.4612426757812,508998
2021-07-06,991.2168208340472,1002.7243824298828,984.7315631600565,987.5109252929688,623245
2021-07-07,987.5108519454816,991.460552977588,978.2950415982796,980.5867919921876,779189
2021-07-08,986.9257337234708,999.4086364718834,981.36695039377,986.6331787109376,806471
2021-07-09,987.7059004507668,993.3134330297984,978.1487263945608,990.2415161132812,455681
2021-07-12,993.8497871342416,1002.52929609441,988.6323676222842,992.1919555664062,636041
2021-07-13,1000.5788932102683,1012.1352630507616,991.7043868749683,1007.89306640625,1640918
2021-07-14,1014.1832118685904,1018.9131391245596,1001.5541203837224,1005.1137084960938,2198061
2021-07-15,1008.7706500871344,1022.7650757047873,1006.4788999483447,1016.8649291992188,1116917
2021-07-16,1018.133051466156,1035.6382608150925,1012.281712089914,1025.0084228515625,1298053
2021-07-19,1018.8642043026128,1026.9097938556124,1006.4301113570676,1013.3054809570312,827048
2021-07-20,1013.3055325343802,1015.1096713228806,979.7578366390755,1001.3102416992188,438676
2021-07-22,1011.3062455395818,1029.737983949217,1000.5787925975033,1023.2039184570312,922809
2021-07-23,1029.8355091484425,1029.8355091484425,1017.2551083809392,1019.4981689453124,432660
2021-07-26,1014.4757011926148,1021.8873720040456,999.7010492911091,1001.5051879882812,686849
2021-07-27,1008.1368744584518,1022.0338035622322,993.362220760012,994.7763061523438,876669
2021-07-28,994.7275329289304,999.9937613241816,984.0000791424418,991.2655029296876,632463
2021-07-29,996.6779176136364,1007.600367722598,993.8009978255358,1005.69873046875,574940
2021-07-30,1005.4549351697356,1038.6125179008422,1001.3102373283472,1032.9561767578125,1246800
2021-08-02,1042.4159193915896,1053.0945639396427,1024.4717918508245,1027.3974609375,1268790
2021-08-03,1027.885139066545,1035.4431180302695,1007.4054541325816,1009.6972045898438,1343934
2021-08-04,1016.9626861243488,1022.4239116205556,1002.6756440431226,1007.0641479492188,944451
2021-08-05,1012.2813987414368,1023.008850943899,999.7984976511738,1019.4005737304688,856289
2021-08-06,1023.0089397659498,1047.2920165781293,1010.3798493766642,1021.9362182617188,3538945
2021-08-09,1026.1297323334647,1026.9099584577325,994.7275950872624,999.3110961914062,814718
2021-08-10,997.6531708778296,1002.8705903376824,966.2997263025712,973.4676513671876,1383048
2021-08-11,976.7020286243596,983.4159122679248,936.7126349010866,980.62255859375,3056763
2021-08-12,985.1311410362916,988.610659231232,962.4901044631696,966.5576782226562,988482
2021-08-13,966.4106546453274,979.4953997219044,959.7947602042972,966.2636108398438,681794
2021-08-16,955.727237695338,971.3603640305868,948.7683204311109,968.3709716796876,1180167
2021-08-17,970.3312018685328,976.6530686330937,959.25571627636,969.694091796875,760961
2021-08-18,969.7431382482498,977.388159932104,964.0093271184528,968.958984375,530954
2021-08-20,965.4304676484022,970.1350914653286,949.748348376956,958.2755126953124,752256
2021-08-23,962.196058848744,964.4993462268264,941.5642822964816,953.5218505859376,886416
2021-08-24,955.6291852162594,960.480853044173,943.9165899047418,954.3060302734376,1074080
2021-08-25,949.6993892781564,957.7364876702115,936.0265290619064,941.1232299804688,1684223
2021-08-26,945.8278895338926,954.4040491540186,936.0265642537488,938.37890625,1303680
2021-08-27,938.3789626587264,970.7723326923548,937.9868856949348,965.7736206054688,3120205
2021-08-30,961.7060156557628,978.1232349401376,961.7060156557628,966.753662109375,821765
2021-08-31,968.9099860092606,981.945736497892,967.4887818976056,976.06494140625,1194523
2021-09-01,988.9536603233216,1028.158959047735,984.05299798277,1025.0225830078125,4136191
2021-09-02,1029.1390845789208,1076.1854427311,1025.4635878482818,1063.7867431640625,3411153
2021-09-03,1064.4240861512992,1075.2055455874545,1060.4545009554013,1067.3154296875,1442027
2021-09-06,1067.952456287265,1115.0478755425052,1067.952456287265,1100.8848876953125,3228416
2021-09-07,1104.3642192301586,1184.2940670244818,1103.6291199051775,1163.6622314453125,8872964
2021-09-08,1170.9152725256265,1193.7033523229488,1154.5960430643352,1182.6278076171875,4224233
2021-09-09,1177.2370677666113,1194.7814626400536,1172.238416175147,1188.9986572265625,2068928
2021-09-13,1182.2848799513672,1195.761702417134,1176.6000633441363,1188.9498291015625,1098804
2021-09-14,1194.438605440668,1209.4836167770693,1189.1458655225117,1203.3577880859375,2076578
2021-09-15,1204.0929670834212,1223.3525976898438,1203.6519552465586,1217.4718017578125,1946221
2021-09-16,1223.793377818468,1227.6649728610826,1208.9443469725263,1223.205322265625,1276950
2021-09-17,1232.3695303252832,1233.9867728207437,1210.120571238889,1229.233154296875,1342750
2021-09-20,1225.1656986313749,1227.076909263205,1192.3803123940345,1196.83984375,1405843
2021-09-21,1204.582972880938,1211.394846635205,1187.5776960943472,1200.564453125,836075
2021-09-22,1200.662408364724,1220.2650599298622,1200.662408364724,1213.9921875,861920
2021-09-23,1220.2651255590856,1239.8677781785086,1216.393649524788,1223.7935791015625,625566
2021-09-24,1224.4306082305443,1231.8306569628166,1198.9471615113173,1204.337890625,1267241
2021-09-27,1215.3642499309085,1215.3642499309085,1180.6186020953494,1193.997314453125,739560
2021-09-28,1195.761787643792,1199.0942624564084,1165.916797441376,1184.9312744140625,664613
2021-09-29,1183.0199015537123,1199.437120568646,1173.7086430079294,1181.255615234375,696580
2021-09-30,1182.8239730169737,1218.108743737658,1182.7258640489054,1193.8504638671875,1757392
2021-10-01,1193.55641047186,1196.3497643049816,1176.110003257308,1191.1060791015625,765614
2021-10-04,1191.1059642674409,1208.5033153192796,1182.6768490952832,1202.8675537109375,526778
2021-10-05,1200.6622991807888,1231.5364725882948,1190.8609742895171,1225.41064453125,1207112
2021-10-06,1231.8308030453843,1244.2784402532875,1199.290326204042,1205.4652099609375,1637172
2021-10-07,1206.5431192684991,1265.351069842106,1204.778832893258,1257.510009765625,2199106
2021-10-08,1267.8015978788308,1271.62413918839,1240.9949935109926,1255.9420166015625,1849583
2021-10-11,1256.529863333502,1292.9418095892263,1249.4239027179265,1277.749755859375,987429
2021-10-12,1274.17229632375,1288.237174281076,1267.3113685743144,1272.5550537109375,556746
2021-10-13,1274.8582896447251,1298.5285133513164,1274.8582896447251,1284.855712890625,546360
2021-10-14,1297.5483277117935,1303.968243155462,1283.973517127665,1298.5775146484375,698768
2021-10-18,1309.261134848718,1320.238571774554,1291.4717047744084,1311.123291015625,1040171
2021-10-19,1320.2384873342348,1329.9418230855294,1266.821265686339,1279.56298828125,761312
2021-10-20,1274.172324420941,1276.034600208728,1218.84388942239,1222.8133544921875,1278748
2021-10-21,1209.679557097238,1215.1683951466007,1138.129880252533,1168.3670654296875,3270210
2021-10-22,1161.6040886042415,1176.1590327049485,1129.847770792191,1153.6650390625,1383292
2021-10-25,1154.6941127232024,1174.1007847266517,1123.6728941374986,1165.4266357421875,1198644
2021-10-26,1175.1788347543156,1178.8052770452346,1150.4795443005794,1169.4940185546875,693503
2021-10-27,1171.5524803112555,1178.7564305966876,1153.6160068580616,1157.29150390625,477583
2021-10-28,1154.596253171683,1165.9168330536045,1128.1326718171538,1132.3472900390625,536155
2021-10-29,1132.3471266528932,1198.5550053311722,1120.4874276706485,1180.61865234375,2516853
2021-11-01,1177.1391952435902,1224.185557751244,1176.3550413437613,1220.6571044921875,1590433
2021-11-02,1224.6756323519223,1229.2332726798486,1186.940528834076,1196.83984375,542396
2021-11-03,1196.937776339542,1199.2901182984258,1174.1987499088557,1186.3524169921875,461077
2021-11-04,1188.5086102502703,1202.6225417598414,1187.9205546967628,1195.8106689453125,50958
2021-11-08,1199.6822261434456,1219.2848768974234,1193.6054522677464,1215.266357421875,790144
2021-11-09,1218.1088224322357,1244.4742932079928,1217.373722994731,1227.175048828125,1989568
2021-11-10,1226.733884721175,1234.9670221310662,1213.012028919719,1222.8133544921875,312238
2021-11-11,1226.1457787707525,1240.8477665257972,1210.9537247572057,1224.0875244140625,579476
2021-11-12,1230.5564415057413,1249.571037290762,1228.645230852478,1239.2305908203125,569624
2021-11-15,1250.649196320664,1256.5299919146482,1239.1816927704317,1241.8280029296875,591556
2021-11-16,1245.7483643926362,1245.7483643926362,1204.5828008171122,1207.18017578125,1089946
2021-11-17,1207.1802313304822,1218.5006900476242,1196.7417961573417,1210.9046630859375,751036
2021-11-18,1208.503424234476,1236.8292786260856,1200.6623638988106,1210.65966796875,1489052
2021-11-22,1209.5815272866043,1216.6874881052684,1149.695453833501,1161.84912109375,758527
2021-11-23,1158.5165951056515,1189.0966807224902,1147.6371484714923,1182.3338623046875,479994
2021-11-24,1183.4120494221345,1192.1841877726174,1160.9669903897611,1175.7669677734375,227763
2021-11-25,1168.8080288705162,1181.9418285537172,1161.4570349782489,1177.482177734375,281801
2021-11-26,1166.3578175007492,1173.8068014818189,1135.924651799519,1141.16845703125,1002955
2021-11-29,1135.9735815782312,1166.3576894547843,1108.7749043661554,1153.615966796875,745724
2021-11-30,1153.6158599726464,1217.5204459890588,1145.872789914674,1177.1390380859375,1468977
2021-12-01,1178.1192490097542,1201.9854511318097,1174.1987190629663,1198.3590087890625,699953
2021-12-02,1206.5431337087578,1214.8252056556305,1194.3405316767228,1205.955078125,768558
2021-12-03,1207.5230989134802,1230.017089302259,1204.7297455438706,1221.8330078125,584599
2021-12-06,1225.1656156522345,1228.7431231789549,1199.241159083065,1201.9365234375,571239
2021-12-07,1205.5630288424393,1234.9179506704463,1194.487483239755,1229.5272216796875,1350166
2021-12-08,1233.7417519004384,1246.7285071836009,1221.6860746097357,1228.2039794921875,779432
2021-12-09,1228.1061773092397,1240.3578351036251,1217.5206971168518,1225.90087890625,302045
2021-12-10,1225.165779438587,1237.074414743749,1219.7750500090572,1225.90087890625,454867
2021-12-13,1217.8147055318948,1232.026627648766,1206.2490934684058,1208.9444580078125,495195
2021-12-14,1207.22920689766,1213.2081111336684,1194.9775500945047,1206.3961181640625,328231
2021-12-15,1209.385495552088,1212.7179699256442,1182.0397753281668,1187.675537109375,381061
2021-12-16,1195.7617125046786,1203.1127066389286,1184.490188165495,1193.60546875,270117
2021-12-17,1193.8013417597929,1195.6145628901008,1151.165579554086,1174.4437255859375,709756
2021-12-20,1157.0465190544146,1168.3180438058976,1123.2319447999653,1141.4134521484375,556369
2021-12-21,1151.949774999885,1171.2092829070125,1136.9536998932606,1150.724609375,411848
2021-12-22,1153.1749894475747,1172.5815419803337,1153.1749894475747,1165.818603515625,328821
2021-12-23,1173.2185390470606,1188.8516037185218,1163.9072808006554,1185.7642822265625,409221
2021-12-24,1185.764325503769,1185.764325503769,1161.4569920732345,1172.728515625,427611
2021-12-27,1168.317911418043,1182.7748654393654,1160.3788622912816,1171.993408203125,298790
2021-12-28,1174.3948050022325,1195.7126885356247,1174.3948050022325,1183.02001953125,355696
2021-12-29,1183.0199170988878,1192.62526337247,1155.0370866118808,1177.3841552734375,771379
2021-12-30,1179.2953975183557,1192.4291971854402,1169.641116147374,1174.98291015625,844604
2021-12-31,1179.099424698043,1215.3643280345584,1175.6689608689137,1194.9285888671875,1199325
2022-01-03,1200.6624235056038,1216.981655068392,1200.6624235056038,1208.699462890625,431395
2022-01-04,1215.4622655572755,1226.6848542499092,1198.5060454258378,1220.7550048828125,877718
2022-01-05,1220.7550071786527,1229.6252540049431,1214.3350915590636,1224.675537109375,433601
2022-01-06,1215.364379575561,1231.3895230707856,1205.7100977474663,1224.9697265625,590712
2022-01-07,1220.2649355075148,1261.9205658360847,1220.2649355075148,1245.650390625,2129901
2022-01-10,1249.6690032441738,1255.8928210175882,1226.1458220066363,1228.8411865234375,835334
2022-01-11,1228.1060325569113,1232.124551910803,1213.9921005123167,1222.2742919921875,621165
2022-01-12,1228.0080209843195,1257.5099850123352,1221.2450828724627,1249.9630126953125,1001889
2022-01-13,1258.294228873659,1262.5577815822935,1231.6345514442748,1245.6014404296875,591489
2022-01-14,1247.6596163622344,1291.128588395647,1237.5643234126717,1277.749755859375,1513277
2022-01-17,1283.9736590161992,1287.0611005222406,1257.6080691119637,1260.2054443359375,535555
2022-01-18,1260.4504011116408,1277.4556761400795,1231.879514669091,1237.5643310546875,964807
2022-01-19,1235.1630300317654,1249.4730614224854,1225.1657255691573,1230.017333984375,662199
2022-01-20,1230.01727992954,1238.691548601439,1222.5682965744536,1228.7921142578125,522908
2022-01-21,1205.5629906361396,1212.7180058369722,1161.4570275640856,1168.56298828125,1756285
2022-01-24,1163.123177000335,1176.0609976439853,1137.0027418809088,1163.8582763671875,1469411
2022-01-25,1161.456940771863,1179.2953033121862,1147.4409990294137,1167.23974609375,757354
2022-01-27,1166.3577578972709,1173.953785312148,1132.0531179591158,1161.9962158203125,1011654
2022-01-28,1166.2596157712178,1180.520471004347,1126.711295695835,1134.1602783203125,929704
2022-01-31,1142.3444863174586,1170.0822853233133,1134.6994045741592,1159.7908935546875,849622
2022-02-01,1171.2584683923892,1181.2557731515922,1146.461065513157,1159.6439208984375,635360
2022-02-02,1159.6439049822625,1193.3114357286263,1159.4968611638317,1190.5670166015625,546576
2022-02-03,1195.2716322429667,1206.4451671253005,1180.226621686597,1196.0557861328125,628333
2022-02-04,1196.1045574994116,1220.2648452316052,1194.6343588906989,1210.16943359375,712330
2022-02-07,1210.2676741756832,1215.217271576279,1189.2928144812006,1199.878173828125,280046
2022-02-08,1197.8199079050885,1223.0583198556064,1166.3576784899635,1174.933837890625,1207465
2022-02-09,1178.51142911827,1211.4929141123398,1177.041230259501,1199.7313232421875,695568
2022-02-10,1198.75100691434,1217.9615784618015,1189.68478200835,1214.1390380859375,379632
2022-02-11,1203.6027439251004,1203.6027439251004,1159.447725697502,1168.612060546875,816198
2022-02-14,1134.0132450331123,1161.7510412355132,1115.390728476821,1147.0,1128739
2022-02-15,1137.0027801128829,1176.1590265124946,1127.201454891945,1170.376220703125,1210341
2022-02-16,1175.1788023453626,1194.7814512585462,1150.7245456841954,1187.1854248046875,1219588
2022-02-17,1193.115466867192,1200.564450729572,1178.168444654188,1195.22265625,461866
2022-02-18,1189.9787362167103,1233.0065729868388,1189.7337031139705,1227.6158447265625,1862152
2022-02-21,1229.086365787294,1240.45588080814,1211.541967099428,1218.9420166015625,2071927
2022-02-22,1185.9603627856914,1219.627891304351,1181.0597001295523,1214.53125,939324
2022-02-23,1211.982860782006,1238.789460065534,1204.0927464939575,1214.3350830078125,860375
2022-02-24,1185.029362503975,1200.6133750570968,1158.516727936396,1173.1207275390625,1490663
2022-02-25,1186.20542223479,1231.9775646005644,1180.324626916956,1227.4200439453125,2202043
2022-02-28,1210.46356904537,1243.788072160789,1196.4476272299728,1238.0543212890625,1039455
2022-03-02,1229.8703437586862,1237.5153056885829,1196.2026957122175,1206.690185546875,882993
2022-03-03,1213.4039877218977,1226.8317545906768,1160.0358230343245,1173.3656005859375,1195271
2022-03-04,1163.9073852693375,1180.0795720962378,1129.3086589270868,1151.5577392578125,1310047
2022-03-07,1132.0531712761565,1140.5802771757828,1101.326037699108,1125.1431884765625,984612
2022-03-08,1117.3509933774835,1137.7867310378724,1078.1456953642385,1130.6318359375,1533085
2022-03-09,1144.794869084756,1164.1034333165908,1117.5961896180593,1135.3856201171875,1912229
2022-03-10,1169.2980312466436,1176.1099040232857,1152.0966586204836,1155.233154296875,1040850
2022-03-11,1151.6557254818902,1187.0384859698063,1146.7550628202653,1178.952392578125,801340
2022-03-14,1185.960190189745,1185.960190189745,1154.3509206578285,1167.7786865234375,1450003
2022-03-15,1171.258383363748,1200.1722932459493,1169.9352283659523,1187.87158203125,1294926
2022-03-16,1205.3670385469725,1263.929957471728,1198.9961770739867,1245.50341796875,2210899
2022-03-17,1277.112649408777,1298.6755644410052,1264.4689162108637,1270.643798828125,3769942
2022-03-21,1284.9538060420402,1288.629303198911,1256.5299613622392,1263.0968017578125,1587721
2022-03-22,1262.4107566846874,1262.4107566846874,1213.5021172598883,1257.755126953125,1856642
2022-03-23,1270.839809976398,1313.3775855570382,1269.4186656709555,1278.9259033203125,2544861
2022-03-24,1277.1126925582255,1278.0928250928057,1240.8968432635145,1250.8450927734375,1415928
2022-03-25,1251.629258093975,1269.0266107417183,1218.304751613791,1224.185546875,1504572
2022-03-28,1230.0663512027188,1232.9087595289377,1193.8014468246306,1207.1312255859375,1591299
2022-03-29,1218.3047912473446,1227.0769299393196,1204.2888475607997,1222.5194091796875,887754
2022-03-30,1233.0066337393234,1248.0516430598304,1220.2649117690444,1243.445068359375,787930
2022-03-31,1248.688871557314,1248.688871557314,1218.696839387702,1220.6571044921875,939480
2022-04-01,1220.2650930405543,1239.5736574980983,1219.2359059474225,1235.8001708984375,440336
2022-04-04,1233.5948470048716,1255.5498408281526,1230.0663936294548,1251.38427734375,744419
2022-04-05,1265.351087029171,1298.3815051919607,1253.099430493257,1288.874267578125,1996418
2022-04-06,1293.725909909146,1302.2040803851432,1269.7617169494167,1295.7352294921875,1222732
2022-04-07,1295.7351929699803,1320.8756160666824,1265.8902055587732,1275.348388671875,2230037
2022-04-08,1287.8940324792643,1295.7350920377376,1277.602641808768,1291.4224853515625,1031831
2022-04-11,1295.7350829343638,1298.5774909333556,1272.5059920136152,1277.16162109375,1200934
2022-04-12,1274.1723290186458,1285.835930420988,1242.857141559646,1276.916748046875,1346945
2022-04-13,1282.013405552884,1291.226675668597,1263.047864193333,1278.386962890625,903271
2022-04-18,1252.3153255435263,1261.3326168933047,1215.9034966122867,1222.4703369140625,1913872
2022-04-19,1232.9577117446431,1246.1895013663582,1198.408038843499,1220.7060546875,769663
2022-04-20,1220.068965482043,1230.654324535564,1200.2212826559776,1225.753662109375,861417
2022-04-21,1227.5179823004298,1244.817345071075,1227.1259053665042,1240.7987060546875,1071430
2022-04-22,1229.1352071114854,1246.189416862516,1224.1854901380036,1227.223876953125,876987
2022-04-25,1220.7550438813478,1232.0756222546993,1206.0530561991154,1217.6676025390625,978292
2022-04-26,1227.1258630874977,1240.2106077465155,1220.2649357379669,1237.46630859375,548103
2022-04-27,1231.9284879126342,1262.4105828712725,1225.3125939418414,1241.23974609375,1559217
2022-04-28,1250.943085387778,1268.2913817781828,1243.3959937864431,1260.1072998046875,846958
2022-04-29,1273.0941310842104,1273.192120405418,1224.185495293585,1236.4862060546875,1036182
2022-05-02,1225.1657139638446,1241.4358907162666,1198.457101399433,1206.494140625,820568
2022-05-04,1215.119400551756,1215.119400551756,1113.675675641809,1121.9088134765625,2780161
2022-05-05,1134.9935885794198,1148.911424104652,1121.2717317226738,1134.4544677734375,1575587
2022-05-06,1074.2252774236945,1077.7047958427274,1024.2385172516065,1048.0557861328125,4279051
2022-05-09,1038.9404579365644,1044.429176049477,1009.683526517084,1025.855712890625,1597558
2022-05-10,999.735204839402,1014.2901493337818,956.1193061968986,969.0570678710938,3890951
2022-05-11,970.331242048764,975.231904887394,942.5935023466265,958.422607421875,1828775
2022-05-12,948.7682828060742,952.3457904460848,916.4239095285944,930.537841796875,2387327
2022-05-13,946.2688836227934,946.2688836227934,909.9059339185897,912.8953857421876,2439176
2022-05-16,914.2186448803338,939.5550476145772,904.2212808088516,932.5961303710938,754343
2022-05-17,936.026597119536,974.1537777270352,932.1550615334332,968.3709716796876,1653820
2022-05-18,973.271620509448,1009.5365247983196,958.8146654213166,966.0186157226562,1950263
2022-05-19,941.4172415389212,956.5603002309422,922.3046582906038,926.666259765625,1069959
2022-05-20,937.2027818583142,961.3140193174866,937.0557380427828,955.7763061523438,771890
2022-05-23,967.4397820399288,984.4451169821106,956.3642966413348,975.8689575195312,711795
2022-05-24,979.1523083006728,993.7072511166682,971.4582925698674,991.501953125,995063
2022-05-25,999.5391606847764,999.5391606847764,968.2729682908812,975.6239624023438,1302256
2022-05-26,979.1523827583784,983.7590175446728,960.9219419033052,976.06494140625,1439924
2022-05-27,982.0928059981436,1004.6358544392187,973.9087232105096,988.4146728515624,2936842
2022-05-30,992.8742486060768,1024.2384894307504,992.1391492117484,1018.7987060546876,1269311
2022-05-31,1019.8279009115914,1025.2676843295092,993.707344969798,997.8239135742188,1389172
2022-06-01,988.5616067080512,1032.9616564180155,988.5616067080512,1027.2279052734375,1344690
2022-06-02,1031.7853696160346,1033.5496558624493,1017.6225037450812,1027.423828125,628184
2022-06-03,1034.039849944946,1037.9113256957094,994.8345475773652,997.1868896484376,935492
2022-06-06,997.1868731302552,1003.4106908489948,967.6848476938188,992.335205078125,2071173
2022-06-07,987.4835329338574,987.9246045408674,956.2172810141803,979.6914672851562,1155472
2022-06-08,980.377511180696,983.61193639379,954.0609780737688,971.50732421875,840464
2022-06-09,966.7765148230612,990.3323540775868,945.0439540858272,985.2072143554688,866374
2022-06-10,977.6673302090072,987.2769439518704,965.5937129423332,978.2586669921876,676852
2022-06-13,961.010649725406,970.570995502676,948.6906320114854,966.4314575195312,651834
2022-06-14,964.9038870454258,975.7455037538014,957.1176109832372,972.2958984375,891341
2022-06-15,978.7022604145396,989.938141243164,975.2526552670564,980.4270629882812,1003208
2022-06-16,986.58713079065,995.2604122168816,937.2577862823862,941.6929931640624,1327668
2022-06-17,931.3933611408648,950.9575256694897,920.1574806582177,941.5450439453124,985036
2022-06-20,945.1425308775134,949.0356686707528,920.256094044657,932.3297119140624,506347
2022-06-21,931.442585012699,967.8605685383574,931.3933169742847,966.2836303710938,621504
2022-06-22,960.9614234513303,962.2426933179976,930.7527146413248,934.2516479492188,769151
2022-06-23,934.2516355484554,956.0334034616968,932.4282367779472,953.0765991210938,445504
2022-06-24,956.0827335061184,980.624235187212,956.0827335061184,977.8645629882812,856644
2022-06-27,983.6795499853,989.9381555082964,965.4459225144252,967.6142578125,549920
2022-06-28,956.0334364977408,975.5483337887975,946.275957774042,962.0949096679688,992871
2022-06-29,952.0910269219954,968.1563189681896,948.2471570985942,958.4974365234376,560774
2022-06-30,957.0190596142232,969.7826111120252,951.2039866827638,958.39892578125,1469049
2022-07-01,936.12431467557,955.6885410042996,924.5927648232127,942.6785888671876,1129398
2022-07-04,948.937093436645,958.9902405694636,932.3790005947712,951.74609375,965699
2022-07-05,956.0334211209616,971.408779913567,938.6868593982095,943.8612670898438,554040
2022-07-06,943.8612938408102,966.0865954768526,939.2782228357906,962.0455932617188,1548896
2022-07-07,967.8606392163092,974.5134491090894,952.1895518507804,958.30029296875,1321316
2022-07-08,965.8894333979276,969.8318392485312,951.6474802313536,954.702880859375,605885
2022-07-11,953.076638927442,960.3207858019446,941.3479571573188,950.5140991210938,526504
2022-07-12,951.1053684913531,957.807446103341,940.165216812692,943.0726928710938,545725
2022-07-13,949.1342172390076,979.6385948191306,944.6004745317624,969.8318481445312,1220919
2022-07-14,972.6407865254132,981.0677272182784,963.671837211701,972.24658203125,1093056
2022-07-15,976.7310642618856,980.6734701721252,958.9902376658072,968.8462524414062,670764
2022-07-18,977.716624615898,1025.0254935489252,976.2382224617407,1019.8017578125,3058816
2022-07-19,1015.1694613311828,1039.809496800386,1013.001186334962,1037.6904296875,1426312
2022-07-20,1047.0044972508642,1049.616244915041,1012.5084455522832,1014.8245849609376,562014
2022-07-21,1006.2990912677728,1012.409772198392,988.5582649770578,996.8373413085938,1544353
2022-07-22,997.428634773675,1011.2270546223226,982.4474811924472,987.37548828125,798056
2022-07-25,982.1518620774629,991.2194076070876,973.7742496061549,985.2565307617188,519192
2022-07-26,988.952479950054,992.5006209674428,960.172906714964,963.3268432617188,775518
2022-07-27,958.9902448303088,958.9902448303088,919.0733846909176,955.0971069335938,2489605
2022-07-28,963.9182562850174,971.7045321110012,953.5694406500556,956.5262451171876,1366114
2022-07-29,959.5815710754026,998.8085578677814,958.9902342535069,990.2830810546876,1272713
2022-08-01,995.4081911422855,996.4430606279906,976.9774320944566,984.8622436523438,1297725
2022-08-02,989.9874176224696,990.9237510587968,974.759862740503,985.2072143554688,1028956
2022-08-03,956.0334500242816,975.6962118782144,944.6497647897968,968.0578002929688,4034577
2022-08-04,968.8461794489084,993.4862145315356,968.3041107083576,985.749267578125,1270775
2022-08-05,986.5870258938488,992.2542340845476,956.033381735298,958.94091796875,1993658
2022-08-08,956.7233580564924,976.3861193956858,954.0622220587384,968.1563110351562,923346
2022-08-10,971.8029987346775,974.809071030125,958.6452438589688,959.926513671875,854456
2022-08-11,965.8893982879068,985.1086261109826,963.4746627609198,975.3018798828124,1549710
2022-08-12,980.6242079957988,1000.3362376649184,976.9774704757434,992.8949584960938,2036111
2022-08-16,1009.255943627451,1022.6601000662164,1000.8290627700331,1005.3135375976562,1829450
2022-08-17,1007.2847210830328,1020.9352776339992,1003.8351158738442,1012.8533935546876,985624
2022-08-18,1015.1694581856198,1031.776817977869,1009.551578241118,1030.0028076171875,1163107
2022-08-19,1031.0376416174122,1036.1628412895177,995.0139210412788,1000.5333251953124,1265293
2022-08-22,995.4574897627216,998.4142941877592,960.9614381372808,963.0805053710938,1080433
2022-08-23,958.9902448090044,983.630281931538,953.1259039425732,980.1314086914062,782477
2022-08-24,976.7803323867367,985.5522096002948,968.8462525229796,981.3634033203124,737677
2022-08-25,985.6014305060744,1001.1246530365448,977.2238183467726,981.0676879882812,761328
2022-08-26,989.5438908303704,995.4574997397152,980.673477466353,992.6485595703124,536785
2022-08-29,968.057736610763,975.4990153762528,960.17292517049,966.3822021484376,805591
2022-08-30,973.5771564678856,992.2050490105134,970.0290151056432,986.7842407226562,688283
2022-09-01,977.7166343174218,985.5029098024448,963.37614531107,965.8401489257812,1349653
2022-09-02,974.7598667743584,974.7598667743584,956.03343859568,957.5118408203124,887624
2022-09-05,957.0682786146532,976.2875069423352,957.0682786146532,973.0350341796876,796310
2022-09-06,969.8810822450145,979.687828576418,969.0926131265222,971.4087524414062,803122
2022-09-07,965.8894863188268,974.2670992103676,961.2571471592944,966.5301513671876,825447
2022-09-08,971.8030389563844,977.2238469830176,960.9614229031188,961.4542236328124,1220046
2022-09-09,966.8749875074244,970.8173931649472,946.2758938843342,952.2388305664062,1308759
2022-09-12,954.062225936753,960.8629001635074,950.4154884551068,952.9780883789062,1402032
2022-09-13,956.033410133465,968.5998286687244,953.5694064991004,956.1812744140624,1873849
2022-09-14,951.10543880212,951.10543880212,936.3706844806014,941.5943603515624,1404466
2022-09-15,946.17744042255,953.5201836320974,937.9476919564112,946.3745727539062,913099
2022-09-16,946.177420883958,946.177420883958,869.8425742199165,899.755615234375,2715707
2022-09-19,904.7821516302648,906.6054902916025,882.11331776589,886.3021240234375,1575244
2022-09-20,890.9837537783587,909.5130499008882,890.9837537783587,897.0452270507812,1578826
2022-09-21,895.9117334078388,910.6957554112684,888.6675866886941,891.3779907226562,1227816
2022-09-22,890.7865946471802,892.8563938235517,876.4953733627838,884.8729858398438,1097995
2022-09-23,887.5341045458792,896.5523818639335,875.2140864372468,887.8297729492188,1626446
2022-09-26,883.7889142299039,883.7889142299039,855.5021379596468,869.69482421875,1908668
2022-09-27,874.0806134124635,894.7289756214401,872.9472078497333,891.2301025390625,1333677
2022-09-28,887.0413038215339,899.7062583746728,882.1625646192479,887.8297729492188,851509
2022-09-29,892.2650633507376,896.4046018556664,882.45831598306,888.22412109375,944566
2022-09-30,887.0412961794464,897.537975580105,867.4771316540238,893.3984375,1173265
2022-10-03,895.9117372826629,896.8973387538209,874.2285049171859,880.2899780273438,1136230
2022-10-04,891.9693189711938,913.652551034582,888.0761811830905,911.632080078125,1135815
2022-10-06,915.6237585766972,922.5229688135508,904.7821424902132,908.7245483398438,1403635
2022-10-07,907.7388662043096,913.8496067594276,892.5113129321563,897.2421875,475052
2022-10-10,887.0412851036918,892.1664245600028,875.214067968976,886.9427490234375,664753
2022-10-11,887.0413263073967,888.7661288863278,858.0153508764034,861.0214233398438,1747694
2022-10-12,865.3581022652679,865.3581022652679,847.0259387399523,861.7113647460938,1992108
2022-10-13,858.1632019733113,863.928946443176,850.5740587113627,861.317138671875,431376
2022-10-14,871.2717673367795,873.2429704303015,856.5370121814327,858.6068115234375,914438
2022-10-17,859.4444963647009,862.549165110206,845.0054105226429,857.1283569335938,605427
2022-10-18,861.415717318114,868.1177955360026,858.8531774618556,862.35205078125,1165692
2022-10-19,862.598388671875,867.8713322910438,857.8181856142847,862.598388671875,618344
2022-10-20,857.9660970309732,860.4301007559328,845.9417468219016,856.6355590820312,771471
2022-10-21,858.6560122320396,871.7152317024944,845.9417292133629,853.333740234375,1046811
2022-10-24,863.2883368974237,863.3868729802056,851.3625232202181,853.62939453125,90551
2022-10-25,853.7279479401656,862.8447609246464,849.6376780521615,854.7628173828125,855653
2022-10-27,862.352042454667,863.3376439523793,855.6006361015327,861.662109375,442475
2022-10-28,863.3869294745338,869.0048701564926,856.5369868954934,858.705322265625,595829
2022-10-31,862.2041183114594,866.1957920688156,847.0258923941986,863.583984375,1960573
2022-11-01,867.9206494131812,897.3408900303224,864.4710441926895,895.8624877929688,1623970
2022-11-02,881.1277195802259,914.6381697656036,875.2141107239827,896.1581420898438,3102411
2022-11-03,895.911712088398,896.8973135318396,846.6316399163189,848.8492431640625,3067654
2022-11-04,849.4899395816481,853.4323455012169,823.1743680372574,833.0796508789062,2807836
2022-11-07,835.7900431550119,839.880313301384,815.388080777861,822.53369140625,1790614
2022-11-09,823.9628623752759,831.6012740779174,822.9772608652576,824.55419921875,960196
2022-11-10,822.5829344721246,822.5829344721246,803.7579711059369,814.205322265625,1240790
2022-11-11,818.3448557921505,827.9052017001941,815.0923831024529,817.1128540039062,1554731
2022-11-14,818.0491988292287,820.0204017179739,809.0802497479737,811.0514526367188,1195575
2022-11-15,813.0226801120507,813.1212161969324,804.4479352554332,806.8626708984375,1208999
2022-11-16,810.164407736049,810.6079404284864,800.0127246338848,805.4335327148438,815618
2022-11-17,803.2652289891812,817.6057188987626,800.3084244652946,812.5299072265625,1299792
2022-11-18,816.5707976152017,816.5707976152017,795.3310984954644,798.2879028320312,1352789
2022-11-21,798.3371708730397,802.1810405731119,792.0292975591619,798.2879028320312,887839
2022-11-22,797.8444329520601,811.1500535139536,795.3311610994155,806.2220458984375,1021492
2022-11-23,810.1643323777589,810.1643323777589,799.5691175686824,801.3924560546875,993033
2022-11-24,803.1666401467432,807.9467830838502,800.4069079806422,806.961181640625,1795690
2022-11-25,810.1644107796884,819.0348240364003,805.3349394996093,817.4578857421875,1976090
2022-11-28,817.0636243858492,832.6361156902825,813.1212184780767,827.3139038085938,2003831
2022-11-29,829.8764728514936,830.8620743631938,812.2341817295247,813.958984375,904144
2022-11-30,813.9589234865551,817.2114563569326,805.7291755420249,807.7003784179688,1252601
2022-12-01,810.3615409773737,834.3116446763299,808.1932057112706,830.2213745117188,2199715
2022-12-02,829.8764492861188,843.9705384719427,826.4761121360417,842.9356689453125,1438034
2022-12-05,848.6028713434098,849.9827374731708,836.3813889711661,846.089599609375,1045757
2022-12-06,846.1388610896821,846.9273302335705,836.3813824845861,838.8947143554688,763196
2022-12-07,840.225271116587,845.2025466151003,828.4473212673208,835.6915283203125,611505
2022-12-08,836.7756658979265,840.7180718621099,831.0591892811287,835.6915283203125,529232
2022-12-09,836.8741736685322,837.9091033241859,816.1765430568818,821.5973510742188,1243683
2022-12-12,824.0613000973736,829.876372374886,812.5298119317217,829.0386352539062,536919
2022-12-13,831.0591744914577,831.8476436389944,823.4700311141942,827.8067016601562,537656
2022-12-14,829.8764624889532,841.2108797319733,827.7081271590201,838.5497436523438,776630
2022-12-15,837.7612529259768,843.5269974865196,832.8332455558241,838.155517578125,1015102
2022-12-16,832.9317591025195,836.0856957653434,819.0348027572602,823.0757446289062,749560
2022-12-19,823.1250783085076,826.5746833972471,817.2114695849539,824.2584838867188,483111
2022-12-20,821.0059742792744,822.9279090594546,801.6388825161544,815.9794311523438,1205458
2022-12-21,818.9855735265688,825.8847839850405,798.8300109416224,801.9839477539062,1158353
2022-12-22,805.2363585079768,805.2363585079768,786.8055999600642,795.7252807617188,787550
2022-12-23,789.2203466059195,791.7828862663634,764.0382420517592,766.551513671875,980785
2022-12-26,766.5515848148877,778.0338666248932,758.913173008632,775.1755981445312,454783
2022-12-27,779.0686713143954,787.5940876879201,773.992799829116,786.2635498046875,469563
2022-12-28,789.7624228900687,791.2408250520331,780.1035407965028,786.2635498046875,878587
2022-12-29,784.538804885222,791.4380154809463,776.6539927758228,788.9247436523438,625722
2022-12-30,791.8814530699384,800.1604686964993,785.5243120391077,788.333251953125,813045
2023-01-02,788.3826136260066,792.7684918961826,782.567541084381,791.093017578125,319975
2023-01-03,791.1422771672954,799.3720250169144,789.0724780776222,796.66162109375,543688
2023-01-04,796.8588162913316,798.6821550118981,785.03159823877,794.2469482421875,939486
2023-01-05,802.0824472213851,802.0824472213851,786.6578206372526,797.7951049804688,1361234
2023-01-06,795.8732375353741,812.8748639718882,795.1340363859604,802.8217163085938,1375341
2023-01-09,807.207610483609,812.0370817883546,802.2796030935991,808.291748046875,771070
2023-01-10,808.1932153027205,815.0431576344203,799.8156027050704,814.0575561523438,601404
2023-01-11,814.0575880993471,821.991668310161,810.6572508214717,818.985595703125,725055
2023-01-12,819.0348553166995,820.8089260045285,794.0498810852793,797.5980224609375,954974
2023-01-13,795.9224187999688,800.505489489171,788.5304081117956,794.7396850585938,516864
2023-01-16,797.154450331977,799.9141223939549,792.4235753462524,793.9019775390625,314496
2023-01-17,794.7890297316948,801.9839082527398,794.1976327705785,798.2879028320312,599833
2023-01-18,798.3372158093377,800.111286479868,789.121865837532,790.6495361328125,1274164
2023-01-19,790.6495106014714,791.4379797455415,774.0914179506408,778.2308959960938,1492350
2023-01-20,778.6251053278008,779.61070672695,766.7978885380114,768.818359375,1307972
2023-01-23,771.5287946451888,771.5287946451888,757.976774854947,765.56591796875,1468342
2023-01-24,767.6850390530223,772.2187819297026,764.8267706157616,766.7979736328125,1041066
2023-01-25,766.6994273370802,766.6994273370802,740.9751922132386,745.6567993164062,1339618
2023-01-27,748.071566515456,750.3877060646593,726.5854650420647,734.223876953125,1474004
2023-01-30,737.0820342245213,766.7979425651274,734.1745580172445,763.7918701171875,2080883
2023-01-31,767.2414507682151,794.3947583299887,766.0094489717976,791.093017578125,1803266
2023-02-01,791.9308130457619,804.2015638728234,772.711583606568,783.158935546875,1322816
2023-02-02,782.5675184199432,812.1355606776236,779.216449568205,809.7208251953125,1595844
2023-02-03,813.1211622174816,814.5010282522637,797.105139325319,801.2939453125,1002242
2023-02-06,797.3515350300963,817.0635630901729,793.5076654958472,814.7966918945312,661820
2023-02-07,817.063629748409,819.3305011289881,794.4440636728393,803.4623413085938,1587142
2023-02-08,804.2508133225712,820.4147017705121,797.6472713289731,815.4866943359375,1072137
2023-02-09,812.9733417471319,820.0204162619184,800.3083870248531,812.6776733398438,1093769
2023-02-10,788.4811930414534,844.3648096295346,784.5387870762461,837.6134033203125,5082283
2023-02-13,840.1759619747423,842.9356339834087,823.6671378072801,836.3320922851562,1260020
2023-02-14,835.7900370648957,858.8531352634202,834.8044356060927,844.4633178710938,1978175
2023-02-15,838.7961106318054,849.4899225682672,835.8393062513468,846.38525390625,597974
2023-02-16,847.6173291889174,856.339878804661,841.4573195291142,850.42626953125,1047536
2023-02-17,845.6459878038178,851.3131957640416,836.8248433822896,842.7877197265625,497564
2023-02-20,847.3216142682849,870.0889846592497,838.1062042290154,860.4793701171875,1472792
2023-02-21,865.0131636516029,884.971593636994,860.4793607463023,882.9017944335938,2183174
2023-02-22,885.168645661497,914.0468165155672,882.9017743386113,901.036865234375,7876349
2023-02-23,903.6979809299391,906.7533213196768,885.6614265220971,887.6326293945312,2114369
2023-02-24,892.0678430076416,897.4393829093461,879.4521565542133,882.3104248046875,2287301
2023-02-27,876.1997044475871,876.9881735901753,852.9395338813681,874.524169921875,1436906
2023-02-28,874.2284868864734,892.462113726834,871.2716825339826,879.156494140625,1929468
2023-03-01,886.0064199282926,894.630432464139,878.4665449058464,886.2035522460938,1462796
2023-03-02,888.0269235590458,911.6813588147808,888.0269235590458,905.5706176757812,3006307
2023-03-03,906.6547759723531,920.551732018448,897.9814352972169,899.7062377929688,1804035
2023-03-06,905.4720161839568,907.5910230954112,896.8972719918881,900.0512084960938,954615
2023-03-08,894.4333492680914,902.810961905864,873.6864500022871,896.6016845703125,1382635
2023-03-09,899.8541045338897,903.8457782894374,875.70686952723,878.2694091796875,1465770
2023-03-10,873.2429122786264,885.4150665080101,867.7235680468507,880.7334594726562,762731
2023-03-13,878.3680353830321,889.8502563269844,867.5264192958806,871.1731567382812,846317
2023-03-14,869.6454587280233,877.8752673398778,849.4899561951183,851.06689453125,1427931
2023-03-15,861.3664311800463,879.0579898944434,858.4588947635285,861.2185668945312,1553772
2023-03-16,861.1200526344986,871.6660008388867,850.7219687193735,867.8713989257812,737474
2023-03-17,888.8154310452944,890.0474329346775,865.6537955248916,867.8713989257812,1358682
2023-03-20,867.8713498284127,874.2284912492609,831.8476286520588,838.6975708007812,1001601
2023-03-21,840.0281429423618,846.9273534138101,822.0901836853279,824.603515625,1556594
2023-03-22,829.6300826881585,836.1843568841989,823.1744047383075,832.9318237304688,874627
2023-03-23,832.6361151988085,835.4451155002424,819.18269114028,821.0552978515625,726755
2023-03-24,821.0060594680144,824.4556647598969,804.5957702312369,809.8687744140625,771881
2023-03-27,810.1643493131663,817.5563597996003,800.8504040689924,811.19921875,551684
2023-03-28,812.5791959919189,814.5503990581101,795.8732379746801,800.6533813476562,621964
2023-03-29,800.6533373159086,805.3842725396655,793.9019912480301,799.8648681640625,934381
2023-03-31,805.2363819806466,810.1643892143103,800.4562390265281,806.4683837890625,816550
2023-04-03,811.5935072904032,813.1211774713547,805.2363660534506,811.3471069335938,489967
2023-04-05,811.2978804354,813.7618841296625,803.6101407842289,806.369873046875,615779
2023-04-06,806.3205213905807,820.0204055946615,805.0392515381067,818.7391357421875,838420
2023-04-10,826.9195845413092,827.1167168549463,806.6162195197543,811.3963623046875,1252962
2023-04-11,812.5791148103718,817.2114535843912,800.061964559328,801.9346313476562,1056770
2023-04-12,802.1810375181421,810.0658490522924,802.1810375181421,805.0392456054688,839156
2023-04-13,805.0393408285709,812.7270209524277,801.6390034209962,811.6428833007812,725541
2023-04-17,811.6428029772998,827.4616943920375,800.4069222615265,823.2728881835938,2055636
2023-04-18,826.9196024906056,828.8908053570909,816.6200554819521,823.1250610351562,1098803
2023-04-19,826.9196565622242,841.1123421915022,820.2175784091979,838.796142578125,1743643
2023-04-20,842.6400033845332,855.7977591741123,833.9173941303376,854.9600219726562,1550109
2023-04-21,855.9948293369594,857.3746953811539,842.6892102280947,844.6111450195312,727956
2023-04-24,844.6605010878084,851.0176429113948,833.1289512937308,835.83935546875,780453
2023-04-25,836.8741899348069,839.7324582802216,829.6793111850354,831.4041137695312,834942
2023-04-26,832.8332329650417,854.3193327428129,832.8332329650417,842.2949829101562,1980399
2023-04-27,818.5420223716038,835.0015789827704,793.4091848394233,796.76025390625,4067448
2023-04-28,795.1339427428278,795.1339427428278,751.7674804178394,787.5447998046875,5231996
2023-05-02,784.4895059012914,798.2386585060713,781.6312375618246,790.0088500976562,1819490
2023-05-03,790.4523718551899,806.221995233847,787.0520347828991,798.2386474609375,1811010
2023-05-04,801.8853095529242,803.1666395532407,783.5531467850176,790.3538208007812,1786337
2023-05-05,789.4668241118103,797.3023682925033,783.5532149424334,786.9535522460938,1238885
2023-05-08,787.4955557196632,796.0703003351125,787.0027549964344,791.7828979492188,589279
2023-05-09,793.2120545754583,796.8095240195978,789.5653170888661,792.1771850585938,940654
2023-05-10,794.3454504574951,796.8094539267743,787.1998403965854,795.8238525390625,1415592
2023-05-11,797.3515723379901,804.2507824818293,793.9512353072588,801.8853149414062,886748
2023-05-12,804.0536890092452,805.1871547930327,796.3660093659412,797.40087890625,460176
2023-05-15,797.3515909813634,802.6245347949094,793.409185092704,798.68212890625,380824
2023-05-16,800.3083800652523,804.2507858783817,791.4872350271078,792.9656372070312,511123
2023-05-17,795.3803942004592,796.4645317657056,783.5531764428315,791.43798828125,763149
2023-05-18,793.4092105193679,797.4008845782901,784.5880650295301,786.0664672851562,354925
2023-05-19,789.4174893305533,789.4667573715311,774.5348714186354,785.770751953125,864639
2023-05-22,785.5244135721622,800.2591683674254,779.1180036747731,798.0415649414062,950899
2023-05-23,798.041501531486,801.2939742666142,792.4235612673529,794.1976318359375,401163
2023-05-24,794.1976089916574,797.3022775146316,787.9883321020455,791.8814697265625,1950756
2023-05-25,792.4235972847415,802.2796121763428,789.9595935618412,800.5548095703125,745354
2023-05-26,803.3145170748695,806.1727855818065,797.5487721719804,802.8217163085938,446811
2023-05-29,806.2220012169334,815.5852151674969,803.2651968114924,813.8604125976562,982588
2023-05-30,814.1068720159166,819.0348797157708,807.2569292818504,810.0166015625,610358
2023-05-31,807.3554675685838,814.8952827142615,805.2364003472394,809.5237426757812,805009
2023-06-01,808.2424988059101,819.971180729507,807.2568973049807,813.5155029296875,804182
2023-06-02,818.0492221055034,818.8376912521685,805.2856710064448,807.1090698242188,713546
2023-06-05,810.1643605398763,814.5010308145463,809.2280271673525,811.3963623046875,356474
2023-06-06,812.1356048775548,813.1212063397849,780.0050212713911,791.733642578125,1881812
2023-06-07,797.3516155879902,797.3516155879902,789.6146678552664,794.4933471679688,520388
2023-06-08,799.322801246347,799.322801246347,790.0088552178188,793.3599243164062,958527
2023-06-09,796.8278455695395,798.0168571674897,769.8771780771168,770.8184814453125,2202969
2023-06-12,772.8991737901694,788.4057325091155,767.1028256486144,783.4020385742188,1935001
2023-06-13,783.4516014992923,800.5929989105406,782.7580063605534,799.0076904296875,1116993
2023-06-14,800.5930115139145,819.418837279712,793.6571809686207,807.7765502929688,2311363
2023-06-15,808.4701287378886,810.6995027956693,790.6846658262426,793.55810546875,1006762
2023-06-16,794.6479414510192,796.3323693821401,787.0185164516862,788.901123046875,1078391
2023-06-19,790.6846916896252,792.3691197946191,778.348809404602,782.9066772460938,1144336
2023-06-20,782.7580172780725,787.5140032626082,778.8442150965536,782.014892578125,772917
2023-06-21,783.0551968042616,786.7212904797104,775.8221290247019,779.6864013671875,1583443
2023-06-22,778.7946925867997,781.7671914134669,771.4129750721142,774.930419921875,1942087
2023-06-23,761.157872219629,770.3726064134328,741.6384513189124,743.6201171875,4692817
2023-06-26,746.2458416810882,752.0421901022916,740.7466705666247,750.70458984375,1236917
2023-06-27,753.9248065976327,760.7615175833874,750.9523077840934,754.1229248046875,1446118
2023-06-28,756.0054897228946,759.671583485093,751.8439795192003,755.708251953125,1273148
2023-06-30,752.9835180420699,756.9963794242555,749.1687748708412,752.7853393554688,1020924
2023-07-03,757.9871539640278,762.3963723796002,752.7852813387846,755.609130859375,1172805
2023-07-04,757.9871424522214,759.1266244383202,750.1100090727863,752.0916748046875,2038341
2023-07-05,755.014673117002,761.9009738973837,747.0880098821779,759.6220703125,1411230
2023-07-06,759.622095800609,764.923027826507,756.1045904916177,761.8018798828125,758437
2023-07-07,756.0054911168459,760.8605964427146,750.0604938079323,753.2807006835938,821832
2023-07-10,753.2806744439223,755.4605188097195,746.0971362792153,751.100830078125,545734
2023-07-11,751.1008753663469,760.3651993606755,749.416447324138,752.3394165039062,1237925
2023-07-12,756.9963486988587,757.6404142852598,752.0421841131332,755.3614501953125,508835
2023-07-13,755.4110021889088,757.3926679234278,739.409027192412,741.9851684570312,1335577
2023-07-14,743.4219271762265,748.3760917721972,738.170524799626,747.7816162109375,1101003
2023-07-17,748.2770501336245,759.9193372058601,745.502729990263,756.9468383789062,936969
2023-07-18,758.0862200756673,761.9009629881901,750.6054438500429,758.7302856445312,3655994
2023-07-19,763.0403448172398,785.5817918954381,757.095347785627,770.7192993164062,5316153
2023-07-20,773.7909431340398,783.6497423011148,768.1927132195126,770.2734985351562,2151073
2023-07-21,765.9138071134088,768.6385975009403,755.6587111178638,757.3430786132812,1015818
2023-07-24,757.9871600178884,762.5449671166289,751.7944544621868,758.6312255859375,1070740
2023-07-25,758.9780106366576,764.3285325520291,757.6899399461101,760.1174926757812,491539
2023-07-26,761.9009847402086,762.4954603010241,756.2532250098933,757.9871826171875,528936
2023-07-27,758.9780309642284,762.9413627186108,750.0110049650668,751.5963134765625,1100247
2023-07-28,753.032964584091,757.2935337359525,751.5962448591649,756.0549926757812,890328
2023-07-31,757.9871776876555,774.7818076413535,754.5192624956205,772.94873046875,1281701
2023-08-01,774.8312986495877,793.161706609968,773.097341139822,790.0901489257812,2299859
2023-08-02,790.6846383700433,797.8681767512248,784.838700186826,793.8057861328125,2699801
2023-08-03,793.6076492799555,803.4168590250708,787.7617107886928,792.220458984375,1430725
2023-08-04,796.4315178937838,814.0188028618147,791.6755318003748,811.7894287109375,2564538
2023-08-07,816.2481389695378,821.697719973247,811.5416826481526,818.8243408203125,1379529
2023-08-08,821.2518329770031,821.2518329770031,803.1196028254512,808.6187133789062,850243
2023-08-09,815.1582446414773,843.9914580434157,811.7398590173774,841.6630249023438,4647736
2023-08-10,841.61346677585,849.6887184079054,827.4940983312483,829.0794067382812,2587694
2023-08-11,832.2996386804149,836.6097376190392,809.2627736812248,820.95458984375,1397414
2023-08-14,812.9783907157944,821.7968276755455,786.9194976606174,817.83349609375,2279372
2023-08-16,814.4646527797471,820.9545962511727,802.9214251772228,818.9234008789062,1402705
2023-08-17,817.4371731487,825.3638366458996,813.2756627175416,818.1802978515625,1102613
2023-08-18,818.1307651850733,823.6298758701909,800.5930101691599,802.525146484375,696312
2023-08-21,802.525123800305,806.1912176453055,792.6663242967361,800.6425170898438,964038
2023-08-22,802.4756181149824,817.3876416891551,798.9581128157956,815.4555053710938,748032
2023-08-23,816.4463428457249,833.1914437278424,815.4555099053781,828.68310546875,1010288
2023-08-24,830.3179684546338,833.3895262479209,822.4408348210637,825.7105712890625,453602
2023-08-25,821.8958808262898,826.8995748169638,811.4921354993747,817.3380737304688,617248
2023-08-28,817.3380732899755,822.985772369602,816.0004126061375,819.8646850585938,742446
2023-08-29,820.6077896231759,843.8923619147831,819.8646649755714,841.1180419921875,1766963
2023-08-30,845.8740746191862,849.6392276143605,841.8116233679481,847.6080322265625,1232177
2023-08-31,851.1254346448138,864.0062619444443,846.0226211781661,861.925537109375,2053925
2023-09-01,865.9879597884209,871.7347785477237,860.5879083559391,862.0741577148438,870560
2023-09-04,866.9292178877074,867.7714016235323,856.6245320136499,858.3089599609375,813452
2023-09-05,860.0429534818032,863.0154521689523,850.1841540742972,858.7548828125,910247
2023-09-06,881.84126447747,900.1716727840242,873.9146014259871,888.3807373046875,5127245
2023-09-07,892.5918324555183,892.5918324555183,878.8688203860833,887.8853759765625,733282
2023-09-08,889.5202874867445,900.1717417785657,884.6651818053309,896.654296875,1253958
2023-09-11,901.6579560735278,906.1167042079574,896.2083750203361,898.8341064453125,819842
2023-09-12,900.8652917328624,905.3735693675534,865.7897826117043,867.3255615234375,1850062
2023-09-13,867.3255223046128,882.4853134867133,861.2814660314893,879.3146362304688,640847
2023-09-14,885.6064527919491,885.8046314712993,874.3109937766936,878.5220336914062,430469
2023-09-15,881.3458475031231,897.6945900369078,878.9678243988621,885.7550659179688,961453
2023-09-18,886.7954419427473,888.777107734798,871.932948502366,874.11279296875,1062910
2023-09-20,866.9787517139554,877.8779131640737,858.9034397220215,863.758544921875,1071977
2023-09-21,862.0246429703374,871.6357344181235,856.0796454326108,860.736572265625,609935
2023-09-22,860.3897375473318,864.2540101060766,843.4960484417625,857.6154174804688,596978
2023-09-25,857.0704097241427,870.5457122070071,846.3694271082635,867.7218627929688,1502890
2023-09-26,870.942119780163,871.3880066806394,852.4630619904755,853.9989013671875,764661
2023-09-27,853.602559208726,864.3035426324069,849.8374062139029,862.9659423828125,453103
2023-09-28,862.7182366537447,874.4100530297219,850.8777711493186,852.95849609375,813873
2023-09-29,855.0392800316912,862.2228186985201,852.116310823853,855.3860473632812,1014532
2023-10-03,853.9988922553672,872.1311220509359,853.2061775626934,866.0374755859375,868906
2023-10-04,864.9970953826559,879.8595884304679,854.5438207008226,864.5512084960938,1357213
2023-10-05,873.7164715446612,875.5990783147728,864.4522077761613,872.0320434570312,435857
2023-10-06,875.7476648866768,879.8596457547292,871.3880362606653,876.9862060546875,460025
2023-10-09,864.0063054631652,873.9146346542566,840.3749645326692,845.0814208984375,1129737
2023-10-10,847.1621128169191,850.6300278986258,843.2978403927616,847.4593505859375,779331
2023-10-11,848.3016214654865,862.9164069117397,848.3016214654865,854.7915649414062,507986
2023-10-12,859.0025669607077,859.0520965089772,847.8061676480484,849.09423828125,577682
2023-10-13,846.2208459806827,847.1126198018375,831.4078816834193,837.69970703125,951352
2023-10-16,838.6905306125383,847.0134907894916,834.2813120581951,844.5859985351562,889834
2023-10-17,846.1713203267975,849.1438191101469,839.4831980642614,843.1492919921875,390692
2023-10-18,843.1987765754046,848.995124703558,822.5399353231254,826.65185546875,1210600
2023-10-19,826.2059917364382,834.5785418594858,815.5050084822731,831.16015625,1016728
2023-10-20,815.5049825320484,830.6647133660207,805.2003569571286,811.0957641601562,2857101
2023-10-23,811.4921535303596,824.6206895917481,799.304920828878,813.7710571289062,2096753
2023-10-25,815.7527080926761,836.0152528342763,806.7856825129595,809.9563598632812,1072916
2023-10-26,808.9655102528808,826.3050855088802,803.6645181035204,821.3013916015625,1495324
2023-10-27,829.228125874869,829.3271849803077,818.8243798267289,827.2464599609375,689843
2023-10-30,830.3179828200532,832.2996486501727,812.8297576789922,826.8995971679688,802038
2023-10-31,833.2904860220383,833.538194252128,821.9949665396872,829.8225708007812,444814
2023-11-01,829.8225768105663,831.3088262018688,820.4591935502319,822.6390380859375,347572
2023-11-02,827.6427174593206,832.2501146801388,823.7785053964924,826.5032958984375,164448
2023-11-03,827.989501953125,832.2996006950405,824.3234082835072,827.989501953125,408324
2023-11-06,832.2996002599174,832.2996002599174,819.1215353509297,820.310546875,834165
2023-11-07,820.3105580745212,822.2426337924206,803.81316658245,805.9434814453125,1200203
2023-11-08,812.7306818933579,817.3876085936658,808.6187011900173,812.68115234375,724839
2023-11-09,813.275655363046,822.8867468616154,806.8352413298123,820.1124267578125,485510
2023-11-10,819.2206474655655,825.8592401352665,811.046275862547,822.24267578125,448677
2023-11-13,819.418853309875,823.184006441563,803.7637047250812,806.5380249023438,859220
2023-11-15,811.4921604120408,823.7289227676798,805.5471628998647,816.8922119140625,857034
2023-11-16,817.3380909292111,820.0132914033412,812.2848068072781,813.6719970703125,734559
2023-11-17,815.3564388744742,824.5711729897761,810.5013333475388,817.3876342773438,744034
2023-11-20,819.3197493666272,825.066568092666,807.8260514389088,820.7564086914062,1464739
2023-11-21,827.2464108714906,844.5859865894467,823.4811974779361,835.9161987304688,1332293
2023-11-22,837.7491742366142,844.7840632776778,831.4078198096774,840.127197265625,577309
2023-11-23,841.9107765988363,844.5860376808547,826.453746166977,827.3455200195312,693188
2023-11-24,829.7730153577346,832.1014484576655,811.2939577793985,817.4371337890625,669289
2023-11-28,817.4371718044587,818.1307669544517,810.5013412558147,812.9288940429688,1139966
2023-11-29,815.4554748399613,819.5674555558383,811.8885005983539,812.8793334960938,1812824
2023-11-30,813.4738067072399,821.7968272145981,803.714126882799,820.360107421875,2063628
2023-12-01,820.5582837809941,833.2904622541938,820.5582837809941,827.8408813476562,1179786
2023-12-04,836.262957978585,840.6721764279839,822.9362435317839,830.1693115234375,995617
2023-12-05,834.1822618673871,839.1859560322296,817.8335186417396,824.868408203125,1388896
2023-12-06,831.3088176716155,842.1089206611817,826.0574153046944,837.3033447265625,1717573
2023-12-07,837.7987649465189,861.9751124290899,825.4628829747794,858.11083984375,2356938
2023-12-08,864.0063049326209,870.5457780044687,837.1051670050697,847.6080322265625,2817604
2023-12-11,852.0172175781726,857.9126248328023,842.7033643172731,844.8336791992188,1333574
2023-12-12,844.8337234979159,853.8502789871283,838.9877850099807,843.446533203125,993904
2023-12-13,847.0630808156141,848.8960975128962,833.7858956021034,844.5859985351562,1208554
2023-12-14,848.1529772352749,853.5034991791186,841.6135041711475,844.9822998046875,1805824
2023-12-15,849.0446818446676,861.925508720041,847.0630161715333,851.9675903320312,1631125
2023-12-18,853.008057793842,864.5016951087567,849.8373804559083,860.7860717773438,1863543
2023-12-19,863.4118621125559,896.2084087683254,860.3897732160168,888.876220703125,4021526
2023-12-20,899.6762924928631,948.3757547624418,899.6762924928631,919.54248046875,11662400
2023-12-21,919.0470537627522,939.3095988715118,909.138724660732,934.0086669921876,3013363
2023-12-22,941.291292287426,945.7005109622168,934.3554617126764,938.9132690429688,1665456
2023-12-26,941.2912657048638,959.6216745633268,939.3095998823272,957.1445922851562,2231517
2023-12-27,957.095045895235,983.6988849044536,956.5005098735496,976.1685791015624,2629166
2023-12-28,982.9062213392176,982.9062213392176,956.1537334600253,962.6436767578124,1660995
2023-12-29,963.3372911307464,975.9704106595888,960.8602088701892,969.38134765625,1746196
2024-01-01,970.0254088363076,973.3446748601492,963.5849949880586,968.9850463867188,764752
2024-01-02,968.4401160936252,988.851249968858,959.1262624948442,983.1044311523438,1525164
2024-01-03,983.2530183463418,990.9815634586388,973.9887547876016,977.85302734375,1252415
2024-01-04,977.8529831946838,1013.5724960484968,977.1593880908388,1004.8035888671876,2398169
2024-01-05,1000.741201566424,1003.8623493061194,989.1484448590908,999.9485473632812,871685
2024-01-08,999.8990661654668,1002.1284402371552,976.1686056183676,980.97412109375,1283342
2024-01-09,985.185109292576,995.0934379799712,980.974069600433,984.2933959960938,1497125
2024-01-10,983.8971070850228,1016.3964758204102,980.9246082720772,1002.87158203125,3880133
2024-01-11,1005.6953672019014,1050.2828465359758,1002.673339031053,1046.022216796875,3915284
2024-01-12,1045.3286970331335,1051.7691108063236,1037.7983912731984,1047.2113037109375,1135534
2024-01-15,1047.211380256428,1058.4573101690664,1035.024086460439,1051.1251220703125,1480681
2024-01-16,1049.2920244804725,1058.2591104639573,1037.7983872127743,1041.76171875,1406227
2024-01-17,1025.511989724154,1052.2148863900843,1023.2330258109236,1043.0496826171875,1388891
2024-01-18,1040.3744392717128,1040.3744392717128,1006.5870650056188,1026.75048828125,1646283
2024-01-19,1033.8845813687565,1044.7342746168529,1028.5836493376723,1041.4644775390625,748309
2024-01-23,1025.4129717814017,1026.7009819547334,983.4016334759032,998.0164184570312,1513441
2024-01-24,997.768755229472,1027.2460347409683,987.2659504173135,1022.2918701171876,1418343
2024-01-25,1022.3908896290396,1024.0257880818351,986.9190843914828,995.9852294921876,992236
2024-01-29,1000.691794143308,1033.4388124919556,997.5706460227048,1030.8626708984375,1557213
2024-01-30,1032.3982945711543,1047.2607881114152,998.957744581208,1007.5780029296876,2008069
2024-01-31,991.823746219758,1090.9070375504032,981.023643274461,1082.732666015625,9851087
2024-02-01,1080.9986756462306,1080.9986756462306,1030.5157886241986,1039.135986328125,3878597
2024-02-02,1045.3286538945722,1055.2369823675067,1036.7579255752291,1048.697509765625,1496441
2024-02-05,1049.2920561826509,1050.2332990706675,1003.8623912548956,1013.7211303710938,1750764
2024-02-06,1018.7743254697932,1035.2717172194807,1006.2403257415548,1019.0220336914062,1008129
2024-02-07,1027.4937360388474,1033.2900844193014,1010.7982255596204,1029.3763427734375,481658
2024-02-08,1032.4478696773176,1060.686606995747,1028.2368299017623,1054.8902587890625,1639793
2024-02-09,1062.6186875816334,1064.9472416409103,1025.8093423724088,1047.607666015625,1194907
2024-02-12,1048.9946745288994,1075.0536264822033,1042.9506184228026,1065.4920654296875,2309419
2024-02-13,1075.0537973724952,1095.365873728381,1060.6867189744296,1090.06494140625,1597979
2024-02-14,1080.0078270663416,1093.1363625788454,1065.1453340333185,1076.1435546875,892247
2024-02-15,1078.9179745860288,1084.763912916551,1060.9343331676675,1076.88671875,962590
2024-02-16,1082.980441272097,1084.9621072213602,1054.840760602308,1065.2445068359375,943246
2024-02-19,1065.2444331889872,1089.9161967418547,1061.5288097910036,1087.19140625,900446
2024-02-20,1091.8979018588911,1103.1934215856195,1075.6482174231835,1095.613525390625,1091062
2024-02-21,1099.824611717493,1106.760442602198,1082.485034505731,1096.951171875,1409303
2024-02-22,1102.6979793387916,1102.6979793387916,1076.0941396637072,1088.38037109375,1186275
2024-02-23,1090.8574139271248,1096.9510603465392,1080.9986751238762,1085.0115966796875,762239
2024-02-26,1088.925334311112,1093.5822004631411,1056.822324832703,1087.240966796875,2415442
2024-02-27,1087.2409886819294,1114.5383624843528,1074.9546365414883,1107.008056640625,1815929
2024-02-28,1117.857673438983,1123.1091363963842,1092.888731755811,1100.4686279296875,1446728
2024-02-29,1102.4007768445929,1115.0338976545822,1076.2427613301202,1098.932861328125,1394524
2024-03-01,1106.562281387199,1106.562281387199,1054.692079953981,1075.4005126953125,2092842
2024-03-04,1093.879566592964,1116.6687242303176,1086.2996704059349,1100.666748046875,1327430
2024-03-05,1096.8520258476642,1101.2117148199711,1057.3177687474513,1061.52880859375,1934196
2024-03-06,1066.4335149131646,1067.8205842332914,1033.8350878157962,1052.2149658203125,1443427
2024-03-07,1052.26446018828,1081.1472612283353,1052.26446018828,1072.18017578125,1715695
2024-03-11,1085.903364380853,1085.903364380853,1053.6518232052142,1063.807861328125,1705320
2024-03-12,1060.1912471661317,1068.8610354023033,1039.879171869958,1044.288330078125,803495
2024-03-13,1050.2828120316246,1058.7048911847085,1014.5633001892614,1032.9432373046875,1744305
2024-03-14,1027.5928672507896,1067.523485031629,1015.4056940740722,1063.807861328125,1259950
2024-03-15,1063.807701173879,1063.807701173879,1040.4240703771145,1055.583740234375,891060
2024-03-18,1057.2187492887608,1057.2683393163836,1027.1469936843473,1046.9140625,1479630
2024-03-19,1047.2113302638454,1047.5085075670672,1022.539566532258,1036.658935546875,725350
2024-03-20,1038.6902100850928,1045.9728079386482,1024.570840816477,1038.2442626953125,508050
2024-03-21,1040.3744578375124,1078.868288587246,1040.3744578375124,1074.01318359375,1377158
2024-03-22,1080.0077887958255,1080.0077887958255,1051.9671712199752,1055.1873779296875,935122
2024-03-26,1053.2552756249272,1105.7694144848715,1049.985478975781,1091.0059814453125,1681188
2024-03-27,1099.8245967356845,1099.8245967356845,1073.8648213013582,1082.831787109375,1538888
2024-03-28,1088.9253776596793,1105.7695372777089,1070.1986113058483,1093.4337158203125,1282825
2024-04-01,1093.4337617190083,1145.105603837595,1091.1052075012733,1141.043212890625,2195111
2024-04-02,1161.3551375616223,1203.6637720356414,1148.375251659778,1179.4874267578125,4378945
2024-04-03,1183.4508924159527,1213.5722381015728,1173.1462056088608,1208.7666015625,1801659
2024-04-04,1214.7611655327426,1217.7336643064768,1201.4345110776812,1206.784912109375,745552
2024-04-05,1205.8436263806584,1229.3263174785534,1204.9023835162554,1221.00341796875,1994497
2024-04-08,1297.9911430483623,1379.239443605588,1292.0461454466142,1294.8699951171875,10761579
2024-04-09,1302.8956505568049,1341.3400147810885,1291.055245990588,1302.053466796875,3312935
2024-04-10,1311.8130901260895,1337.6243339883752,1282.7321704625972,1330.4407958984375,2766610
2024-04-12,1327.517980564293,1330.4408892668837,1291.6002875939528,1297.3470458984375,2271423
2024-04-15,1288.0828800264392,1299.9232858123191,1267.2257973193405,1272.1304931640625,1840495
2024-04-16,1264.9468658431963,1289.5194495783778,1260.686235925764,1285.2093505859375,1261801
2024-04-18,1293.037013474136,1302.945343079302,1273.220354263805,1279.85888671875,1245277
2024-04-19,1265.2935240178765,1298.7837220552408,1260.6861271677287,1288.627685546875,823264
2024-04-22,1351.4961063970527,1382.2119269969855,1320.5821675931177,1370.4705810546875,8939049
2024-04-23,1380.2302256636724,1393.804587973463,1370.9163722406531,1382.85595703125,2294024
2024-04-24,1392.6155510747478,1410.4009521014184,1386.3732558270942,1401.186279296875,2738926
2024-04-25,1402.9698318436597,1423.678264167456,1391.2284858720773,1414.31494140625,1976954
2024-04-26,1420.854401563037,1447.6068902953955,1413.0763873625897,1441.4141845703125,1633241
2024-04-29,1451.5701914889885,1463.806953554629,1440.6710296416306,1454.1959228515625,1670290
2024-04-30,1463.3611499090623,1468.117075309347,1446.9133477827556,1461.2308349609375,1931803
2024-05-02,1468.4143361185304,1486.2493280551928,1449.588511296498,1468.36474609375,1529682
2024-05-03,1478.2236278581113,1487.2401830588178,1466.4326921565955,1477.8272705078125,1688779
2024-05-06,1487.6364396585004,1488.5282133984565,1431.753443686969,1433.9332275390625,1023497
2024-05-07,1438.7883771349789,1449.0930631073309,1367.3493518551224,1376.4649658203125,2353647
2024-05-08,1268.2660851326548,1321.3252341841458,1250.4310933104766,1306.71044921875,9132726
2024-05-09,1309.8314255549612,1310.2773729040994,1262.3706292402146,1264.352294921875,1905942
2024-05-10,1264.3524908769691,1288.6773683185656,1253.5027970175788,1275.7470703125,3013310
2024-05-13,1269.355989051492,1299.9231594662692,1245.9723570771198,1289.915771484375,2142147
2024-05-14,1297.8919603797328,1316.3214270003218,1280.8495629731342,1292.244140625,1943532
2024-05-15,1299.9231783056907,1305.2242310961165,1287.7360061733536,1291.5010986328125,621432
2024-05-16,1293.0370481464142,1312.457350503029,1286.497574621909,1308.4940185546875,1232510
2024-05-17,1311.8626740778684,1313.794749726401,1273.2201934970249,1276.489990234375,2672435
2024-05-21,1284.812914410939,1294.0277083408905,1276.0936578596525,1283.7230224609375,1199576
2024-05-22,1288.0331154460018,1295.0185354215555,1275.20187841434,1285.7542724609375,681190
2024-05-23,1297.0002720424106,1339.358378711481,1277.8276795298248,1335.1473388671875,2461035
2024-05-24,1340.59692981449,1369.776910689732,1318.6995466515316,1358.9769287109375,1797112
2024-05-27,1360.2154497670526,1424.6690571643742,1347.3840911765026,1398.2138671875,3161477
2024-05-28,1403.4156692684328,1415.8505489327222,1370.9163034927203,1377.1090087890625,914680
2024-05-29,1377.257699802369,1396.3808227197048,1359.4227080063672,1362.6925048828125,1288677
2024-05-30,1361.4044469207006,1362.692578111256,1333.3638265985155,1338.119873046875,855382
2024-05-31,1343.5694402074505,1374.0375525130398,1339.6556985519617,1347.2354736328125,1737939
2024-06-03,1397.0743584646727,1412.8780944937437,1375.2760351411105,1393.4083251953125,1684565
2024-06-04,1397.0744445250712,1399.4028777423557,1228.1374283608693,1346.7896728515625,986607
2024-06-05,1348.473977398511,1458.0601921294533,1332.670241135079,1446.3187255859375,1930010
2024-06-06,1453.4528905245545,1464.6492303810614,1426.7994597596205,1436.261962890625,1186354
2024-06-07,1432.7443887182978,1446.5169903658052,1392.36794761161,1438.1939697265625,684903
2024-06-10,1444.6344366611947,1454.9885925763651,1412.8781923307542,1447.8050537109375,2303558
2024-06-11,1448.5976719605726,1462.4693322939845,1432.1002803023662,1447.359130859375,1079454
2024-06-12,1448.3499871624797,1459.348208128716,1428.2360309732455,1433.98291015625,1071432
2024-06-13,1436.7076328585465,1478.3226125689318,1432.9424196470966,1469.058349609375,2364100
2024-06-14,1476.3411034732649,1498.089838462708,1456.5740343945242,1484.76318359375,1792373
2024-06-18,1485.8035329846668,1536.4845393795893,1485.8035329846668,1522.0679931640625,2368835
2024-06-19,1531.4808219126226,1545.699249148833,1459.3481419051668,1464.2032470703125,2053603
2024-06-20,1469.2071375311168,1490.7081640322906,1457.5152604130938,1470.4456787109375,1249993
2024-06-21,1474.3593650964588,1487.6860193103996,1461.6271864362518,1473.566650390625,1847089
2024-06-24,1467.423470362359,1513.9926149315895,1455.7811842200513,1498.7337646484375,2870856
2024-06-25,1497.7394093330631,1515.5400682717473,1491.1263001109523,1496.1483154296875,856073
2024-06-26,1491.673317514967,1507.286116347883,1483.1707310480576,1487.098876953125,1579697
2024-06-27,1490.2314009885636,1503.5569187171525,1474.0218358690574,1494.7064208984375,1004585
2024-06-28,1481.728826455014,1499.081910798369,1460.497367213541,1464.027587890625,678142
2024-07-01,1464.0275855922196,1480.5851836437396,1432.006380366107,1436.2327880859375,856095
2024-07-02,1437.9232729330429,1447.9175324801054,1408.6368027184542,1442.0006103515625,1255867
2024-07-03,1451.596926476885,1465.270598057838,1438.5696709219317,1443.79052734375,1022098
2024-07-04,1447.8677251159256,1448.8621739456746,1429.47042176557,1436.68017578125,1024620
2024-07-05,1432.0063242127,1450.851081102733,1432.0063242127,1444.685546875,353725
2024-07-08,1444.6855200894372,1470.789801557238,1431.0616198423609,1451.5472412109375,1537206
2024-07-09,1458.8564056023624,1473.3753339630869,1447.917468682372,1460.7955322265625,1250984
2024-07-10,1466.8120151773082,1482.6237757550434,1440.508892343573,1476.8062744140625,831731
2024-07-11,1476.8062669572175,1508.5788581616928,1472.977541890588,1504.4022216796875,1212936
2024-07-12,1513.551153564453,1520.015071105957,1494.8058169726282,1511.562255859375,1401984
2024-07-15,1511.6616702882084,1526.5784030153322,1506.639776439019,1522.451416015625,1231226
2024-07-16,1520.711174194901,1531.2524294055515,1506.4408570880794,1513.2528076171875,690677
2024-07-18,1513.2030639907691,1516.5344432432928,1478.297934854328,1484.960693359375,949789
2024-07-19,1484.1650906727264,1501.617715995172,1461.8895342515762,1469.347900390625,1413955
2024-07-22,1461.8397548914954,1498.3359777660694,1413.260954662242,1474.9664306640625,1780537
2024-07-23,1478.2980101762255,1487.5960827939512,1425.9402531075043,1475.264892578125,639411
2024-07-24,1475.2647995140148,1510.468311425038,1462.933610076077,1490.9273681640625,1055665
2024-07-25,1481.7288225000243,1486.6512958700478,1442.9453164077418,1453.4864501953125,817753
2024-07-26,1456.7681081845433,1490.430176636036,1453.4863785046034,1482.0767822265625,527572
2024-07-29,1491.6733020898162,1524.8879185615529,1484.4137767959055,1507.7833251953125,1349590
2024-07-30,1507.783251758251,1551.190967013415,1507.783251758251,1531.1031494140625,1477725
2024-07-31,1533.4400521307566,1543.633152347579,1524.5894335176145,1529.064453125,623793
2024-08-01,1531.4512524668862,1540.6996754706754,1511.5125041617862,1528.119873046875,627964
2024-08-02,1511.562237967466,1522.7497874261066,1473.723411019169,1482.474609375,532217
2024-08-05,1466.8120423203995,1471.7345155324704,1424.9954199466677,1443.79052734375,1259451
2024-08-06,1447.818056431419,1491.673224966911,1447.121869424161,1455.177001953125,722961
2024-08-07,1473.7732188141424,1477.701243276175,1457.4642331398215,1461.6409912109375,710286
2024-08-08,1461.8398257284775,1504.054131322543,1413.9570887908756,1428.028564453125,2671985
2024-08-09,1435.9841372238295,1435.9841372238295,1410.6754625867566,1420.918212890625,1007544
2024-08-12,1491.6732167306243,1589.129200223692,1455.0278023181445,1573.7650146484375,14020378
2024-08-13,1573.765091210498,1590.0243057853204,1560.0914193919236,1564.6160888671875,2001384
2024-08-14,1571.229173914009,1571.57720673096,1537.86536663237,1541.694091796875,1440494
2024-08-16,1561.2846919147016,1583.1625665784743,1518.4239708292102,1526.628173828125,2624760
2024-08-19,1544.3293153029756,1602.7531860823167,1539.4566129819093,1598.775390625,5251306
2024-08-20,1612.5485671812648,1662.668691669081,1583.1625553635192,1649.9398193359375,4524759
2024-08-21,1645.8128297398964,1673.4585560412402,1641.5366511720197,1666.646484375,2331508
2024-08-22,1666.696253431823,1679.375476123503,1656.8015360451918,1674.4530029296875,1913769
2024-08-23,1670.6740435725762,1689.568571446314,1660.8289758229876,1681.16552734375,1487294
2024-08-26,1680.717951545294,1715.4242401610004,1674.9004501398058,1711.4962158203125,1964181
2024-08-27,1708.7117762191556,1741.6280096405192,1706.026812818836,1733.572998046875,2743023
2024-08-28,1735.313167278666,1769.57188010426,1713.5844851359757,1761.9146728515625,1373848
2024-08-29,1761.9146929440917,1808.057142368729,1742.324099790426,1778.4722900390625,2791170
2024-08-30,1775.5883618159392,1775.5883618159392,1724.2250561664748,1733.970703125,2770926
2024-09-02,1745.0588750031172,1810.9411107291548,1740.8324674282394,1759.826416015625,1553875
2024-09-03,1767.135604856578,1818.5983327976744,1764.2020293087958,1800.8970947265625,3184506
2024-09-04,1780.0634299354465,1797.9137381199052,1766.9367537577994,1770.3675537109375,1456218
2024-09-05,1779.068966251391,1785.0356592628546,1768.726674086318,1773.25146484375,817264
2024-09-06,1773.2515091281673,1780.8590671863074,1745.1583288309394,1768.7764892578125,1701203
2024-09-09,1776.0856834977478,1815.0183810735616,1760.1745015627178,1807.8582763671875,1907669
2024-09-10,1819.8413752930776,1827.6975453993816,1795.0299253181488,1819.9407958984373,1680438
2024-09-11,1811.985245778757,1835.7525978408232,1807.0130014725792,1818.548583984375,1177262
2024-09-12,1833.7636718160693,1846.542315207184,1825.5594688374997,1842.6639404296875,829123
2024-09-13,1854.149824970406,1924.2584667834465,1845.796430603508,1910.8831787109373,2355060
2024-09-16,1919.286297696617,1919.286297696617,1896.9111983711389,1905.364013671875,961982
2024-09-17,1909.2919859906112,1914.2145805434568,1885.5247560255652,1893.4803466796875,890306
2024-09-18,1897.408344830861,1897.408344830861,1872.646544982992,1878.91162109375,647579
2024-09-19,1888.458295004444,1924.2584522557129,1872.4973430061823,1918.4906005859373,1461840
2024-09-20,1928.0871323757672,1934.1035964872967,1882.342485184856,1917.6951904296875,2434135
2024-09-23,1920.2308895676845,1921.2751093798531,1868.270939016392,1872.0001220703125,1306087
2024-09-24,1884.4804959457083,1907.551659792828,1875.132652848234,1903.7728271484373,1223016
2024-09-25,1906.3086673949497,1910.98264980826,1887.016456890498,1900.2425537109373,802399
2024-09-26,1899.496740061464,1900.2425767052284,1830.0842825840364,1847.238525390625,2756219
2024-09-27,1856.486838092561,1867.574967208357,1831.625616484356,1856.337646484375,1172105
2024-09-30,1851.6637537438653,1872.09972611374,1825.8080837130703,1834.8575439453125,852278
2024-10-01,1834.758092065848,1854.299035861508,1829.785847913908,1844.255126953125,963764
2024-10-03,1823.8191876552005,1850.868147770004,1813.12886253672,1835.404541015625,845958
2024-10-04,1834.857498638486,1853.3045728581835,1787.2731467468525,1799.5545654296875,1490213
2024-10-07,1798.9579324934202,1808.405196373292,1743.2190270451067,1747.4454345703125,1490593
2024-10-08,1740.285483475093,1796.4718433701464,1740.285483475093,1790.9029541015625,1992816
2024-10-09,1799.9026629173586,1804.5268743880035,1770.964225413025,1776.5828857421875,627902
2024-10-10,1785.483073454295,1802.488245277504,1755.1523846457253,1766.837158203125,815772
2024-10-11,1775.489034409667,1787.62126205042,1747.296433261287,1779.5164794921875,667174
2024-10-14,1786.0301254157669,1829.785874590764,1756.3458516744477,1784.5384521484375,843634
2024-10-15,1789.0632289966236,1806.7146958556891,1774.5441788603748,1801.0462646484375,1669006
2024-10-16,1829.98474418035,1891.441732304412,1816.7586471738732,1870.856689453125,4490374
2024-10-17,1878.4143906889583,1878.51381129191,1817.85243358476,1824.415771484375,1314829
2024-10-18,1819.8413426281195,1859.61929547245,1799.9523662059544,1854.9454345703125,1635928
2024-10-21,1864.2434867214977,1867.5250949602585,1791.4497609635728,1803.88037109375,1225404
2024-10-22,1809.896875703359,1830.283076775842,1779.66560690758,1784.6876220703125,984280
2024-10-23,1783.8424227843404,1814.8691788185763,1762.2131599682834,1785.68212890625,1025421
2024-10-24,1790.0079555490245,1815.6150138020173,1761.2187094876845,1785.1351318359375,1165425
2024-10-25,1792.9912563750672,1792.9912563750672,1729.1973390868468,1745.1085205078125,1313219
2024-10-28,1742.2744283320328,1768.4781318996995,1718.9546507792973,1752.467529296875,747662
2024-10-29,1757.191126565047,1765.643941831489,1713.4353769505242,1760.7711181640625,1524171
2024-10-30,1770.1189579815427,1773.0525335402258,1640.7411865109789,1688.4747314453125,5968136
2024-10-31,1695.435874549511,1695.435874549511,1608.7198616918306,1640.3433837890625,2529685
2024-11-01,1653.768392671635,1658.1439917714306,1626.0232462310196,1633.730224609375,139205
2024-11-04,1629.0066591964255,1666.1990709738718,1609.266873532359,1655.80712890625,1508628
2024-11-05,1651.332028476803,1694.5905519337953,1632.6363421957906,1685.2923583984375,1162365
2024-11-06,1687.1322168752367,1739.7384630483707,1679.6738506246777,1728.202880859375,901944
2024-11-07,1729.3465604558085,1770.8150291908614,1724.374316176177,1757.141357421875,3509476
2024-11-08,1765.1466948529735,1782.9970030128652,1741.3296936400582,1756.1966552734375,1710362
2024-11-11,1758.981141555778,1776.085612898965,1728.4514895958712,1744.3626708984375,1301562
2024-11-12,1750.2300195150185,1773.9973718994695,1680.6185982843074,1690.165283203125,2230594
2024-11-13,1690.5629958925304,1695.5352399980966,1662.5692372996566,1676.0440673828125,1383751
2024-11-14,1688.0271057221305,1726.164315191045,1675.6462664352146,1699.115234375,1787679
2024-11-18,1710.4520664824906,1734.3188395031764,1680.3202169868005,1686.5355224609375,1849251
2024-11-19,1699.5130835782338,1722.733439932554,1662.8178967578383,1677.3865966796875,1830677
2024-11-21,1687.5796239403817,1697.7727242028382,1651.0336303164515,1666.198974609375,2403002
2024-11-22,1666.198974015798,1671.5690218453242,1638.5532486591817,1644.2216796875,1776998
2024-11-25,1688.574185490155,1705.7781995413277,1613.0954917895317,1635.12255859375,27795722
2024-11-26,1660.7295467692054,1675.6960502238082,1633.2827833286815,1664.8067626953125,1734910
2024-11-27,1660.7295189449003,1665.7017630135977,1633.0837933658722,1653.8677978515625,1253588
2024-11-28,1653.867824635433,1668.5857158741996,1628.0121550594824,1638.1058349609375,995375
2024-11-29,1635.9677731939146,1657.64680660595,1631.0949495672444,1649.0447998046875,972035
2024-12-02,1657.746239711599,1715.4242732468556,1646.8073023169811,1711.5458984375,1145049
2024-12-03,1711.7944610343773,1716.070639539946,1670.6740263895742,1678.77880859375,1171727
2024-12-04,1680.6184929396177,1695.038000719277,1667.243204970039,1678.927978515625,862542
2024-12-05,1680.618530315615,1682.9554607981693,1647.0061111522311,1658.6412353515625,652937
2024-12-06,1660.6301844140364,1708.313958947266,1653.7684629650494,1701.402587890625,1190529
2024-12-09,1704.5847319354195,1757.1910998366836,1703.9383159110464,1754.5557861328125,1382138
2024-12-10,1751.274183706674,1766.1411453540172,1744.7604952272654,1756.74365234375,862810
2024-12-11,1750.2299407539206,1795.5767831221908,1745.2576966040515,1787.223388671875,1087805
2024-12-12,1786.726129329414,1797.2673838352164,1770.1188827505666,1777.7264404296875,1130165
2024-12-13,1774.7928261025484,1803.78103455564,1746.2521924706086,1797.46630859375,819472
2024-12-16,1809.8968313095736,1822.7748948214369,1792.0465237556518,1798.0628662109375,587602
2024-12-17,1799.8529818718214,1800.9468513185475,1753.3127275490351,1759.826416015625,644058
2024-12-18,1751.5724101328144,1770.9145125759958,1727.75540937876,1747.24658203125,639538
2024-12-19,1737.302135417603,1748.9371383684788,1721.0429210504165,1728.6007080078125,680382
2024-12-20,1729.8934980534743,1745.2576838068392,1669.8784144904753,1677.137939453125,813116
2024-12-23,1677.7346516590085,1699.513106026474,1674.8010760716825,1686.1378173828125,649135
2024-12-24,1690.5630028568098,1693.3971577301222,1659.2876358610304,1665.7017822265625,448485
2024-12-26,1667.4420381097898,1707.2199904129902,1651.133053386942,1701.80029296875,702995
2024-12-27,1701.8499606783191,1712.5900564715105,1691.706631290166,1695.8336181640625,777445
2024-12-30,1680.6683580011113,1790.0079624858836,1665.7018539799196,1761.1689453125,3974159
