date,open,high,low,close,volume
2015-01-01,70.09707207537582,71.12961042284003,69.40390189129108,70.76136016845703,3946806
2015-01-02,70.94909681196397,71.77223635757719,70.76135604320997,71.10794830322266,6565229
2015-01-05,70.92021453966048,73.15135952794321,70.86245036116999,72.28489685058594,9404837
2015-01-06,71.57006895387927,74.79042942614808,69.92378250836421,71.73613739013672,18412441
2015-01-07,72.20547451081033,73.295777079602,69.60607903857263,71.1007308959961,10863352
2015-01-08,72.10439209793552,74.22723319596388,72.03218686290654,73.90231323242188,7942903
2015-01-09,74.51605883501766,75.20201220513702,71.91666302188177,73.16581726074219,12083224
2015-01-12,73.74344791290228,75.4402815661538,73.64958470987186,74.30665588378906,12302379
2015-01-13,74.79765304457759,74.9203983416656,71.47619808345944,71.72891998291016,7711411
2015-01-14,71.98886011964407,72.01774221221044,70.18372214607034,70.9563217163086,6088603
2015-01-15,72.20547979503534,72.90587417247488,70.18372601574188,72.33544921875,8490702
2015-01-16,71.98886334033205,73.14415428284894,71.10795947764763,72.2488021850586,7528008
2015-01-19,72.49429274841243,73.93840448540173,72.22713700096993,73.11526489257812,7947209
2015-01-20,73.46185279315998,73.64958639168384,72.58816591363387,73.14414978027344,6590817
2015-01-21,73.21635753116065,73.49073741537262,72.16937806310568,73.0936050415039,6416875
2015-01-22,73.21635626967566,75.38252040115093,73.14415103823237,74.89151763916016,8134532
2015-01-23,75.81575244154591,82.94965093399789,75.71466511665632,81.42611694335938,45485926
2015-01-27,81.44056029236687,82.70415548330101,80.04699568004285,81.05786895751953,12114821
2015-01-28,80.003668689491,83.80889512599221,79.57043730570692,80.46578216552734,13903344
2015-01-29,80.58130407377158,86.0328165197428,80.4657757140252,84.24934387207031,37824705
2015-01-30,85.69346036267257,93.28947200649982,81.46221957332683,90.5889892578125,65285063
2015-02-02,94.01152775776498,95.68668900163948,92.29303619009724,94.56028747558594,41701833
2015-02-03,94.63249849566964,94.65415647071652,91.57098234823818,92.65406799316406,11937206
2015-02-04,92.70460258221402,95.9466352082777,91.39046746568042,93.62161254882812,20534456
2015-02-05,94.15596443569142,94.22816968183228,89.44816082277349,89.94638061523438,15521514
2015-02-06,90.25684568154882,92.9862105362058,89.97524169330003,90.59620666503906,13093343
2015-02-09,88.09067942597576,91.62874276055064,87.36861996302451,87.97515106201172,9986256
2015-02-10,87.51303247564381,92.33636334907996,86.65378665437008,91.69373321533205,16479576
2015-02-11,92.42300768313582,96.29322226200486,91.98977631718242,95.52783966064452,19163587
2015-02-12,96.0116402658253,99.210343365852,95.888887756608,98.82765197753906,19540915
2015-02-13,99.26807795284154,99.6002219770629,96.43762603651878,97.02970886230467,11217343
2015-02-16,97.3618654438648,98.93594668897752,94.9502035079052,95.74446105957033,11523388
2015-02-18,96.09105386455025,97.47739432562774,95.52784586406106,96.14159393310548,6802972
2015-02-19,96.89251838380082,101.28261043536337,96.06216189129448,99.96847534179688,16545483
2015-02-20,100.94325783963886,102.1996288574106,98.19944468884226,99.2680892944336,13753196
2015-02-23,99.6435575781818,100.07678896832915,97.34742402222444,98.17778778076172,6944254
2015-02-24,98.13445300511988,103.21049816154468,98.13445300511988,102.84947204589844,18937816
2015-02-25,103.54265828798508,103.8964675304206,100.2212031312293,100.49559020996094,13553581
2015-02-26,100.52446147738054,101.66530405734753,98.34385644648296,99.36195373535156,15476196
2015-02-27,99.96125922851805,103.0083343405067,99.34029424447846,102.72673034667967,12843035
2015-03-02,101.37648420437816,103.39823775780631,99.64355156027176,102.517333984375,8781363
2015-03-03,103.03721019843135,105.05896372394344,102.11297611318751,104.2358169555664,10908493
2015-03-04,105.12394374595796,105.22503106177896,101.08766085341388,101.70862579345705,9656926
2015-03-05,101.84581223403896,102.0913099839614,99.64354222453044,101.00822448730467,12558461
2015-03-09,100.35117694942252,100.35117694942252,95.80222574698266,96.14159393310548,7975309
2015-03-10,96.17770998510107,98.12725145798522,92.38691692849454,93.64329528808594,9985479
2015-03-11,93.76603623726412,95.52785119300802,92.09087475334788,93.67938995361328,11566206
2015-03-12,94.44476405946617,95.26790367930066,93.8093508489616,94.69026184082033,6724218
2015-03-13,95.27513817948824,96.0332967692062,90.69008761642952,91.57099151611328,9152930
2015-03-16,91.70096742259388,93.12342148763172,89.7514258675262,92.42302703857422,10155774
2015-03-17,92.89235675217392,93.79492587353096,91.57822134447125,93.12342071533205,6650031
2015-03-18,93.15950903954943,94.0115379875814,92.3508104200257,93.01509857177734,4567788
2015-03-19,93.87434840178952,94.011541946038,88.57446244686643,89.35428619384766,8507137
2015-03-20,89.10155386447596,89.72251882952077,87.22421073546674,88.06901550292969,12267377
2015-03-23,88.4156085831139,89.22431440343951,85.64292037042664,86.10503387451172,9837934
2015-03-24,85.71511957068522,86.39384873202441,83.9749699352913,85.41185760498047,9013384
2015-03-25,85.96784800101327,88.4372742404022,85.64292084755488,87.91739654541016,8756630
2015-03-26,87.33974423332664,88.73330881922966,86.07614906634936,86.86318969726562,14607308
2015-03-27,86.6465780318356,86.6465780318356,84.24935700523324,85.96062469482422,7045197
2015-03-30,87.07981044840302,89.53479569207502,86.86319473762404,89.35428619384766,5615297
2015-03-31,89.83806315330368,91.41213728812536,88.32896294820492,88.86328887939453,8187770
2015-04-01,87.91738585698086,88.92825902990327,87.07979803981215,88.43726348876953,5663060
2015-04-06,88.81274921752545,91.70096607445326,88.4733809873586,90.83450317382812,5353082
2015-04-07,91.70095010197312,93.1306208271618,90.3362676771004,92.56019592285156,8201797
2015-04-08,92.98622716109853,93.7082795829132,91.55655617772808,93.12342071533205,9957941
2015-04-09,93.41945938894216,93.41945938894216,91.34716532705924,92.42302703857422,4112808
2015-04-10,90.98612709574164,92.79848204424032,90.30017378584066,92.14141082763672,6573554
2015-04-13,92.0619855857589,95.88887000783174,91.70095224344142,95.5711669921875,10420149
2015-04-15,95.859979267149,96.62536183305286,92.45188549135332,93.20281982421876,7813182
2015-04-16,93.17394114919004,94.59638771439406,91.4121264231851,92.53131103515624,7010657
2015-04-17,92.42302378659454,93.8093643991965,91.86703984266036,92.78404998779295,6112233
2015-04-20,92.7840316478828,93.54940704313756,91.26771471439096,92.67572021484376,8286932
2015-04-21,92.42300859906786,95.43397740454732,91.7009491271471,94.04041290283205,11180742
2015-04-22,94.7119140939288,95.98995017844584,93.22448644970056,95.34010314941406,9174702
2015-04-23,96.05494583123924,97.98282909242364,95.3256694042795,97.14524841308594,9486964
2015-04-24,97.03693824241162,97.03693824241162,94.30035635846806,95.34733581542967,7851453
2015-04-27,95.59282219887731,96.39430377167912,92.4518842027348,94.44475555419922,6648955
2015-04-28,93.18117470005888,94.83467815894376,92.4302330754681,94.4375457763672,5830498
2015-04-29,94.72634609256642,98.63266638668406,94.43030829058948,97.8384017944336,7722104
2015-04-30,97.91061425480846,99.4991363686272,96.85641798597256,97.36185455322266,13112048
2015-05-04,97.91062422727198,102.93612988660392,96.89975098981162,102.18518829345705,11619476
2015-05-05,102.53178368839508,104.69794787941127,101.41259178799642,103.31881713867188,9925470
2015-05-06,102.4090271549743,102.5317796410446,97.18857101376216,98.0044937133789,9298055
2015-05-07,97.1957931968286,97.47738999639029,91.48433441316268,93.81657409667967,6735975
2015-05-08,95.34733460095414,99.49914616586804,94.87799700534909,98.79875183105467,6537756
2015-05-11,99.93238688368368,102.53178981886508,99.44139126701629,102.1202163696289,6250194
2015-05-12,102.09853177974976,102.13463798584156,96.75533082680607,97.28243255615234,6854481
2015-05-13,98.34386857973988,105.41277910451277,98.34386857973988,104.29359436035156,38481851
2015-05-14,102.96501806907736,106.98686046968524,101.86749130102967,106.49586486816406,26280844
2015-05-15,106.57528857718384,107.4850744965269,105.13117675512956,106.6763687133789,15502215
2015-05-18,106.15649427694169,112.49613537719463,106.15649427694169,111.82462310791016,17281278
2015-05-19,111.05203165922156,113.00158017933462,110.25776689136713,111.2036590576172,13493245
2015-05-20,111.91848008078117,113.43479699879998,111.4852487293974,112.7055206298828,14434024
2015-05-21,113.02322362089755,113.36259177356936,111.34083827893616,112.7055206298828,9851602
2015-05-22,113.49257080555452,115.45656028659106,112.64054188738731,114.7706069946289,13381322
2015-05-25,114.08464214422196,115.3121381410726,112.85714614737132,113.55032348632812,11963825
2015-05-26,114.05576918993476,116.09918797619012,113.36259898363387,114.590087890625,17826044
2015-05-27,112.81383584350333,114.66229697732484,112.79939479705295,114.1568603515625,11121457
2015-05-28,113.94023809238912,114.22905900476144,103.31159257620727,106.06983947753906,38326555
2015-05-29,105.99763585554707,105.99763585554707,98.0044918259128,101.99745178222656,52597892
2015-06-01,102.38735588813202,104.2213758236524,90.58898597417806,91.41934967041016,71545880
2015-06-02,92.13419470847926,94.36534002940698,89.7514148023188,91.98978424072266,112566102
2015-06-03,294.32580380118094,294.32580380118094,54.59889872317535,56.34442138671875,89673759
2015-06-04,57.49954835414256,61.27295250847999,56.113398495657975,59.83546829223633,27138057
2015-06-05,60.06649242686537,62.14571900323261,57.67923454657316,59.168060302734375,18109318
2015-06-08,59.88680941873638,60.27185126617617,50.59447071970107,51.21053695678711,27980663
2015-06-09,51.67257950870715,53.34109517789278,50.2094228212226,51.46722412109375,24868857
2015-06-10,51.59558510434841,53.08441472133386,51.33889170607416,51.64692306518555,9294001
2015-06-11,52.211647184961045,52.46834056243057,49.54202671464854,50.26076889038086,10489218
2015-06-12,49.79871987796731,49.82438885619505,47.79650363532105,48.23288345336914,9493008
2015-06-15,48.23288724037128,53.67480809230709,47.2317790404462,51.569915771484375,23764327
2015-06-16,51.56991248644529,51.72392995218163,48.15587723207917,49.69604110717773,11264023
2015-06-17,50.26076541946608,52.031957149275925,49.388005839887896,50.95384216308594,13221475
2015-06-18,51.41589596054409,52.006293261585085,50.363449847936536,51.1592025756836,7826482
2015-06-19,51.15920211276611,51.7752683873098,49.41367920451483,49.74738311767578,6430158
2015-06-22,50.02974057307274,51.00517964396942,49.54202283466839,50.2350959777832,5395954
2015-06-23,50.31211035114697,52.05763334650441,50.029747975673615,51.5185775756836,8146500
2015-06-24,51.36455815066072,51.77526900525844,49.59336624242495,49.87572860717773,5616487
2015-06-25,48.51524353027344,49.0286302208698,47.25743859072795,48.51524353027344,14788371
2015-06-26,48.617922668473575,49.90139307452514,48.13020492051863,48.438236236572266,8700138
2015-06-29,47.69381622928866,47.69381622928866,46.30766647594657,46.89806365966797,5251014
2015-06-30,46.59003854061763,48.2072128677492,46.07664821091625,46.64137649536133,10729342
2015-07-01,46.8724070465509,47.74517036234757,46.74405854873383,47.052093505859375,8195635
2015-07-02,47.48846844750794,47.74516541655154,46.4103533974248,46.87240219116211,9383950
2015-07-03,47.026418708085046,47.92484729940586,46.461690419269146,46.7183837890625,8627185
2015-07-06,46.20499645279875,47.02641810080042,46.02531001803737,46.59003829956055,8015491
2015-07-07,46.9237385821922,48.00185719040287,46.23066541470372,47.257442474365234,8715245
2015-07-08,46.87239654051242,46.94940705957687,45.79428162040023,45.92262649536133,8641503
2015-07-09,46.204998661102415,46.6157095047326,45.38357697384203,45.66593933105469,6958615
2015-07-10,45.896961914569765,46.41035224582981,45.33223362841015,45.99964141845703,9393005
2015-07-13,46.20499978152354,46.82106606190776,45.69160941749251,46.538700103759766,7490181
2015-07-14,46.76972858291881,47.308787972985975,45.56326849025383,45.896968841552734,7973389
2015-07-15,45.948305880002216,46.30767879948529,45.48625703728891,45.742950439453125,6202960
2015-07-16,46.07664260143867,46.56436389439188,45.10120360961994,45.69160079956055,6807914
2015-07-17,45.94830062088314,46.07664910431912,45.28089641401002,45.48625183105469,3031881
2015-07-20,45.66593646896974,45.74294339954093,44.87018381004853,45.15254974365234,3264000
2015-07-21,45.1782164099591,45.255223336591925,43.2016693521712,43.484031677246094,5711592
2015-07-22,43.3043456192536,43.81773591672882,43.02198329179937,43.56103897094727,3952747
2015-07-23,43.86907312761034,43.86907312761034,42.76528562401338,43.40702438354492,3068660
2015-07-24,43.381361746007066,44.79318446493372,43.30435480239521,43.81774520874024,5275442
2015-07-27,43.63804967687499,43.66371865274413,41.4304782171621,41.610164642333984,6322345
2015-07-28,41.89253253596854,41.96953947380552,40.9684313114828,41.25079727172852,4621143
2015-07-29,41.48182184589789,42.25190560371354,41.12244894637213,41.969539642333984,3638918
2015-07-30,42.12355827243046,46.41035701720173,41.789857937187975,45.51192474365234,12972903
2015-07-31,46.48432335177216,46.88049677226984,45.63915437417533,46.03532409667969,6479144
2015-08-03,46.37868115341021,46.37868115341021,44.4242285739418,44.79398727416992,4156120
2015-08-04,45.11092236371877,50.60452447083617,44.635512035588015,49.89141082763672,19284731
2015-08-05,50.763000459370886,54.43420597882076,50.18194578968911,52.24204635620117,33057721
2015-08-06,51.50251956926751,51.71381183208113,49.44241908233629,50.26117706298828,10882998
2015-08-07,49.83859437247798,49.83859437247798,47.38232034007907,47.699256896972656,10726140
2015-08-10,48.33313555838685,50.52529139521572,47.69925507285302,48.20107650756836,11261468
2015-08-11,48.9406012883871,50.65735045951613,47.75208092468532,48.83495330810547,17005676
2015-08-12,49.12547835155561,49.31035583002127,46.220205362909454,46.61637878417969,8282185
2015-08-13,47.35590928009042,48.20107836267183,44.793987262770976,45.42786407470703,11534758
2015-08-14,45.85045050174583,47.64643672509396,45.216573663739545,46.82767868041992,8585856
2015-08-17,47.1710223596456,47.857721231454725,46.48432348783647,46.77484893798828,8447000
2015-08-18,47.03896520979353,47.75207887662704,45.42786039005183,45.639156341552734,8124520
2015-08-19,45.63916010401908,46.22021107557091,45.03169066486311,45.32221984863281,6206812
2015-08-20,45.74480038677,46.90690962415013,43.420585610003215,43.94881439208984,12799958
2015-08-21,43.63188163113707,43.94881818816573,42.57542027771858,43.36776351928711,6279851
2015-08-24,42.25848212972173,42.33771534843105,37.00258247416038,37.68928146362305,10248837
2015-08-25,40.14555539851749,40.1983775391672,35.54994410814007,38.32315826416016,13239669
2015-08-26,38.4287966814216,39.036262300177896,36.81769205350303,38.032623291015625,7753423
2015-08-27,38.5608669198683,43.18288622082212,38.5608669198683,42.15283584594727,19986363
2015-08-28,42.892356823818616,43.71111483475856,39.8022059791092,40.72660827636719,10542721
2015-08-31,40.88507644335852,41.30766096435491,39.56450073974322,39.696556091308594,6080032
2015-09-01,39.089084432767216,39.406024624289216,37.16104331131969,38.032623291015625,6376473
2015-09-02,38.66650184647478,38.98344205332808,37.26668937919364,37.636451721191406,5904936
2015-09-03,38.0326272059295,39.82861318077475,38.0326272059295,38.56085968017578,6226743
2015-09-04,38.42879648029209,38.42879648029209,35.91970081951509,36.65922546386719,6305827
2015-09-07,36.8441026207724,37.29309813768639,35.39146810828966,35.5499382019043,6581132
2015-09-08,35.91970066308005,36.44792937989416,34.784002635341594,36.1309928894043,5289929
2015-09-09,36.844108622858,38.42880242117282,36.44793517327929,37.21387100219727,6264546
2015-09-10,36.84411056445501,37.13463974838617,35.54994586656175,36.71205520629883,5148802
2015-09-11,37.10822098451252,37.84774193087159,36.368696340160426,36.65922546386719,5485829
2015-09-14,37.45157623260742,41.94153975698735,36.97616954818868,40.72660827636719,16092993
2015-09-15,39.7757930024958,40.700195255480175,38.349569319553765,38.79856491088867,7953935
2015-09-16,39.40603064109848,40.91148753570986,38.19109921808101,39.43244171142578,10028024
2015-09-18,39.80220422631608,41.78307148748453,39.80220422631608,41.17560577392578,16642761
2015-09-21,40.56814010216472,43.816757236637,40.19837771996649,42.865943908691406,10205902
2015-09-22,43.15647131600312,44.37140279883025,40.96431539098381,41.41331100463867,7453139
2015-09-23,40.171972060681966,42.78671276273119,40.14556098668076,42.25848388671875,7308058
2015-09-24,42.25847629759081,42.91876412302345,41.46612942787426,42.41694641113281,6136409
2015-09-28,42.78670698867517,43.7375240143768,42.07359699289417,42.443359375,5042820
2015-09-29,41.49253857042503,43.31493554655134,40.56813639734267,41.75665664672852,7114293
2015-09-30,42.25848193629449,42.99800676617236,41.54536817919884,42.70747756958008,4967654
2015-10-01,43.15647705263045,43.68470964937752,41.96795648344526,42.54901123046875,5458967
2015-10-05,42.94517716327592,43.84317204923229,42.81312181092471,43.446998596191406,5424113
2015-10-06,43.84317586442254,45.71839531293217,43.65829465704904,44.45064163208008,8280258
2015-10-07,44.66192239818758,45.63915032865859,44.47704123847723,44.82038879394531,5196692
2015-10-08,45.058107399737615,45.11092954527463,43.42059130413852,44.45064163208008,3677139
2015-10-09,44.89962948796349,45.55991728678805,43.52622805593347,44.34498596191406,4981978
2015-10-12,44.60910240703253,46.37867733987876,44.23934003921469,45.48068618774414,5669432
2015-10-13,45.4278660567381,45.63916203459613,44.47705264634664,44.926048278808594,3209653
2015-10-14,44.873224186928205,46.16738888271109,44.39781380435985,44.79398727416992,3471935
2015-10-15,45.13733693050737,52.0835742329401,45.13733693050737,51.10634613037109,46389867
2015-10-16,51.76663211237467,53.87955836254886,50.07629407063013,50.762996673583984,29536061
2015-10-19,50.44605441435993,50.6837577296779,49.12547879681862,49.52165222167969,6970459
2015-10-20,49.65371320686778,51.87228389859077,49.57447999208952,50.71017456054688,8720857
2015-10-21,50.7101706452376,51.132755154081686,48.22748573128026,49.4952392578125,5527554
2015-10-23,49.9178217408061,50.947868127258616,49.49523358242474,49.68011474609375,5240377
2015-10-26,49.75936318013815,50.07629974991309,48.12184339399087,48.41237258911133,3787304
2015-10-27,48.17466350456117,48.88777347519111,47.93696018101786,48.49160003662109,5276126
2015-10-28,48.28031538534252,49.1254882325775,47.54079422875376,48.12184524536133,6442492
2015-10-29,48.22748760627239,48.80854225302166,47.77849201041865,48.14825439453125,5365170
2015-10-30,48.2274894894968,49.86500551337245,48.069019361832815,48.80854415893555,8062369
2015-11-02,48.86136235282719,48.99342139820549,46.27303316816285,46.69561767578125,9626089
2015-11-03,47.118202183399646,47.56719776049501,46.06174091435364,46.69561767578125,6570152
2015-11-04,47.01255397664588,47.32949420480011,44.82039454289397,45.00527572631836,5166112
2015-11-05,44.92603643192592,45.00526962923362,42.78669942669503,43.07722854614258,4818884
2015-11-06,43.26211341048796,43.52622778879817,41.20201312408313,41.75665664672852,6193549
2015-11-09,39.987085353553496,42.41694820391945,39.67014511307376,41.96794891357422,7812735
2015-11-10,41.888713657008765,42.07359483859519,40.14555351347023,40.30401992797852,4699200
2015-11-13,40.88508039146,40.88508039146,39.24756428997252,39.85503005981445,4378881
2015-11-16,39.77579490752969,41.33407401667726,39.48526572416752,40.72660827636719,4831517
2015-11-17,40.990724555919314,43.26211728816057,40.885076576329816,42.33771133422852,9313041
2015-11-18,42.33771136221681,42.44335934187615,40.911487673774246,41.17560577392578,3872022
2015-11-19,41.41330910566728,41.86230469873382,40.43608101029126,41.17560577392578,3884973
2015-11-20,41.36048880504399,42.15283204677067,40.7794341360494,41.30766296386719,4890165
2015-11-23,41.46612745677661,42.78670304486817,41.46612745677661,41.862300872802734,5297543
2015-11-24,42.10000230943602,42.91876017305747,41.6774178442116,42.04718017578125,7182239
2015-11-26,42.25848010282216,44.23934375749007,41.9943656884652,43.63188171386719,7493473
2015-11-27,43.84317204923229,44.31857871368391,43.15646942503149,43.446998596191406,3772617
2015-11-30,43.44699665053595,44.080873407416206,43.1036453538116,43.52622985839844,2773913
2015-12-01,43.71111491098779,43.73752598261336,42.70747569924721,43.05082702636719,2357904
2015-12-02,43.20929707846302,44.714754044441214,42.60183133815712,44.00164031982422,6203687
2015-12-03,43.84316803122417,43.86957909927396,42.54899981083097,42.760292053222656,4221337
2015-12-04,42.364124309618326,43.68470377490477,41.41331094052562,41.730247497558594,4636317
2015-12-07,41.96795086617672,42.6546535198345,41.73024752375433,41.88871765136719,2366502
2015-12-08,41.67742339297735,42.100007914462985,40.03990744772213,40.277610778808594,3861641
2015-12-09,39.9870834189792,40.72660444766456,39.06267751063072,39.77579116821289,5907154
2015-12-10,39.987089122125816,40.40967368392943,39.61732670604916,39.85503005981445,3362000
2015-12-11,40.11914452086104,40.40967371859649,38.03263278291647,38.48162841796875,5117674
2015-12-14,38.45521362539444,40.35684397120156,38.29674720340572,39.64373397827149,5144866
2015-12-15,41.94154557132352,42.52260032060544,40.885084071717465,41.49254989624024,13412010
2015-12-16,41.70383842292946,41.91513070373361,40.77943608115903,41.01713943481445,4200454
2015-12-17,41.38689803506239,42.73388481425592,40.48890315093976,42.284889221191406,5904341
2015-12-18,41.80948065925044,43.20929321370834,41.518951501875975,42.31129837036133,5630842
2015-12-21,42.49618155923926,43.57905393823111,42.04718596536412,43.0244140625,4289882
2015-12-22,42.94517517089844,44.0808733363916,42.70747184970052,42.94517517089844,5794288
2015-12-23,43.31493951806178,44.00163844382848,43.024414045081855,43.49982070922852,4970710
2015-12-24,43.57905397346465,44.84681124271668,43.10364730874115,44.50345993041992,5838327
2015-12-28,44.37140274047852,45.084516465458016,43.7111148566783,44.37140274047852,3912777
2015-12-29,44.50345418669293,44.76756855545276,43.8959885499501,44.265750885009766,4291684
2015-12-30,44.26575851860226,45.00527961825821,43.843173976514926,44.054466247558594,5667355
2015-12-31,44.160110534083536,44.39781387675844,43.44700050605882,44.054466247558594,4286718
2016-01-01,44.16011403540846,47.91055676628736,43.49982609829394,47.5936164855957,10963906
2016-01-04,47.27666839509613,48.62365881853021,44.503458038134376,44.95245361328125,9408965
2016-01-05,45.242986606170405,47.32949824254285,44.47705073778256,46.801265716552734,9801814
2016-01-06,46.484331114204906,46.98614889170423,45.05810730184638,45.5599250793457,7093448
2016-01-07,44.84680710412762,44.84680710412762,41.20201314961629,42.23206329345703,8919023
2016-01-08,43.314937591552734,43.84317007110554,42.60182762704957,43.314937591552734,6409374
2016-01-11,42.7867070150149,44.31857868525534,41.67742356600814,43.49982070922852,7610929
2016-01-12,43.49981872978517,44.23933976280683,41.99436189649691,42.681060791015625,7187524
2016-01-13,43.20929904642404,45.21657385981807,40.7794359745327,42.70747756958008,14813664
2016-01-14,41.70384030874912,42.78671283458793,40.85867114731454,41.09637451171875,8517248
2016-01-15,41.41331494537023,42.15283611529122,39.03627389678087,39.30038833618164,6162841
2016-01-18,38.98344797645576,39.24756239030079,36.02535248901512,37.02899169921875,6988884
2016-01-19,37.79492389495197,38.877796214697504,36.92334382535174,38.29674530029297,5936602
2016-01-20,37.26669508415767,37.82133868206181,35.62917906005437,36.34229278564453,5302168
2016-01-21,37.18746957816453,38.00622775994234,35.91971568986235,36.76488494873047,6301101
2016-01-22,37.31951911981896,39.35320851574805,37.31951911981896,38.95703506469727,6412547
2016-01-25,39.326795549117634,39.82861325732164,38.40238964190838,39.14191436767578,3702771
2016-01-27,39.51167495971466,39.72296722052617,38.4552136556571,38.69292068481445,3456780
2016-01-28,38.904209109832514,39.06267922937825,37.79492566899959,38.05904006958008,3743917
2016-01-29,38.05904385580261,38.74574654281806,37.08181936703964,38.48162841796875,4584955
2016-02-01,38.85138709749138,41.36048685426149,38.77215388645392,39.37961959838867,14301204
2016-02-02,39.19473827866529,39.48526374950447,37.61004447919517,38.05904006958008,4281060
2016-02-03,39.168331168065706,39.35321237656039,37.610048281322186,38.00622177124024,9088526
2016-02-04,38.40239144105792,38.87779810247064,37.58363346973957,38.16468811035156,4395526
2016-02-05,38.19110485983988,39.45885861079014,37.92699041955712,38.93062973022461,4563542
2016-02-08,39.32679554797115,42.10000587353122,38.71932986553519,39.88143539428711,12827236
2016-02-09,39.32679555665055,40.14555348976697,38.29674537298775,39.6173210144043,7145205
2016-02-10,39.08908643298678,39.35320450543459,37.92698096659069,38.217506408691406,5444984
2016-02-11,38.29674910605271,38.40239339262711,35.153772412563654,35.866886138916016,6162865
2016-02-12,36.39511082252987,36.39511082252987,32.48620240260281,33.91242599487305,8247087
2016-02-15,34.75760081654402,36.13100250204102,34.070901822792514,34.5198974609375,8626379
2016-02-16,35.07453713626883,35.23300355681721,33.093669899478385,33.304962158203125,7678551
2016-02-17,33.35778429838592,33.70113560556121,31.957971697586903,33.304962158203125,6460857
2016-02-18,33.80677794149575,34.15012922892285,32.354143284063696,33.067256927490234,5831539
2016-02-19,33.06725885638174,33.56907658451508,32.67108540870023,33.252140045166016,4855147
2016-02-22,33.70114534138851,33.80678965227338,32.61827266484541,32.90879821777344,4339569
2016-02-23,33.17290102266972,33.1993157890928,31.825914344793137,32.16926193237305,5223434
2016-02-24,32.06362530670882,33.17290893531904,31.4825705686771,32.27491760253906,6110278
2016-02-25,32.61826124099993,32.750316583356465,31.61462214912352,31.799503326416016,5504340
2016-02-26,32.24849496466985,32.53902038051674,31.244855994846155,31.95796585083008,4739308
2016-02-29,32.0636195556038,32.38055979149815,30.7430420190322,31.0335693359375,8277215
2016-03-01,31.165632131987543,32.43338583204262,30.95433799964803,32.09003448486328,6846633
2016-03-02,32.75031473506852,33.8331906692393,32.27490813342821,32.98801803588867,9313684
2016-03-03,33.278556888792146,33.54267133373664,32.40697663187937,33.014442443847656,7706783
2016-03-04,33.278552948834886,34.15013310255843,33.01443853515977,33.38419723510742,9013442
2016-03-08,33.54266934693816,34.07090190353311,32.88238142468998,33.83319854736328,11091171
2016-03-09,33.54266744586169,35.312242527267976,33.331375174797785,35.07453918457031,7364105
2016-03-10,35.41788682681669,35.655590169601695,34.282192256178604,34.4406623840332,5795786
2016-03-11,34.44066040863425,35.28582944472438,34.22936814961172,34.572715759277344,4388832
2016-03-14,34.889656032011125,35.20659257186792,34.150131275689304,34.73118591308594,9639983
2016-03-15,35.02171708063436,35.86688995307596,34.863250633921105,35.1801872253418,13157445
2016-03-16,35.86688609883782,36.07817467175052,34.49348448894874,34.91606903076172,6623525
2016-03-17,35.39147758610337,36.500764840479256,35.02171516797807,35.576358795166016,6197000
2016-03-18,35.68200487167686,36.68564408219727,35.54994581571578,36.39511489868164,4953618
2016-03-21,35.972526544242555,36.71205126244766,35.81405643348526,36.23664093017578,4441860
2016-03-22,36.74996019439578,36.856711959250056,35.94930701094801,36.56314086914063,3518755
2016-03-23,36.58982376144996,38.59145644387096,36.42969239950434,38.00431060791016,9235585
2016-03-28,38.13775597677362,38.27119940799184,36.32294250130117,36.509761810302734,4467554
2016-03-29,36.48307851541789,36.83002550193309,35.78917706886682,36.10943984985352,2954449
2016-03-30,36.32294398511101,38.96509862119803,36.29625604512912,38.69821548461914,7701201
2016-03-31,38.85834272746968,39.97925861581591,38.69821508921448,39.3921127319336,9873493
2016-04-01,39.25867406116095,41.473814430219335,38.85834744341834,40.61978530883789,7591623
2016-04-04,42.38121469357053,43.68894990897035,42.27446293372728,42.99504852294922,12870242
2016-04-05,43.39538284477435,43.39538284477435,39.498871916275554,39.739070892333984,15609107
2016-04-06,39.87249651765357,40.75321332925742,39.73905684120411,40.29951095581055,8288100
2016-04-07,40.83329060364764,41.2069292602738,40.00594946544411,40.45965194702149,8449410
2016-04-08,40.08600969355099,42.114330444586685,40.08600969355099,41.76737976074219,5535709
2016-04-11,41.794076514357656,42.91498878307912,40.85997984312281,42.64810562133789,9178024
2016-04-12,42.701474639828575,43.34199636706623,41.900821546591565,42.24777221679688,5169116
2016-04-13,42.9416726430276,43.555506472406286,42.08764361724159,42.99504852294922,8758910
2016-04-18,43.36868014096885,44.72979101612849,43.34199220532485,44.27608489990234,6639271
2016-04-20,44.48960351172512,45.37032048651655,44.32947213355576,44.94330596923828,9906061
2016-04-21,45.3703228513786,45.3703228513786,43.849080284617166,44.40953826904297,7968200
2016-04-22,44.03589909651744,44.48960530912053,43.58219662067455,43.79570388793945,2894785
2016-04-25,43.79569898374579,44.54297620387377,43.12848931535139,44.22271347045898,4414513
2016-04-26,43.7690101558544,45.15680907784639,43.7690101558544,44.96998977661133,7920306
2016-04-27,44.94329659053373,46.33109161370496,44.67640977035835,45.77063751220703,6246060
2016-04-28,46.01084055027429,46.14428398324306,44.56966567389925,44.75648498535156,15756725
2016-04-29,44.836553991284944,47.39864503284315,44.4095394404853,46.27772903442383,6954309
2016-05-02,46.0642158319562,47.31857138062767,45.10343134790066,46.464542388916016,8407771
2016-05-03,46.43785772997219,47.13175540055863,45.583828677939614,45.850711822509766,3210334
2016-05-04,45.957462889189806,46.0642146420162,41.900821546591565,42.24777221679688,20822656
2016-05-05,41.90082415021064,43.12849180455714,40.83328787181368,41.68731689453125,9217609
2016-05-06,41.58055825445147,41.79406923074752,40.56640166922361,40.96672821044922,4208863
2016-05-09,41.23361872823747,41.84745261919933,40.96673556509417,41.31368255615234,3602403
2016-05-10,41.367056770418365,41.52718815654004,39.87250588572331,40.13938903808594,4712978
2016-05-11,39.472181060660496,40.91335612692779,38.99179061749153,39.65900039672852,6481488
2016-05-12,39.87250288684386,40.6197801413675,39.76575112863189,40.4062728881836,2523613
2016-05-13,40.19276089276876,41.07347774114406,37.55060661088333,39.15191268920898,6561921
2016-05-16,39.445489385176806,40.88666431506576,39.12523036562373,40.64646911621094,5208855
2016-05-17,40.72653658891476,40.72653658891476,39.73906776471502,40.005950927734375,2650065
2016-05-18,39.49886880756118,40.83329209617872,39.20529770191592,40.005950927734375,4061224
2016-05-19,40.005941387936126,40.005941387936126,37.89755705565076,38.1644401550293,4148628
2016-05-20,38.59146317456153,38.67152700111834,36.56314220085252,36.776649475097656,5822513
2016-05-23,37.09690349937266,38.11106374686885,36.96346008317914,37.20365524291992,4193119
2016-05-24,37.15028555187014,37.9776266490446,36.83002279442709,37.65736389160156,3990547
2016-05-25,37.9509391784668,38.21782232179939,37.52392465443061,37.9509391784668,2631012
2016-05-26,38.16444700183943,39.92588100520732,37.977627677730695,39.55224609375,3692219
2016-05-27,39.60561508159872,40.566399475946014,38.75158616962757,39.15191268920898,3452128
2016-05-30,39.44549097279409,40.16608033512114,38.83165711245483,39.84581756591797,2433947
2016-05-31,40.21945981037062,40.21945981037062,38.3779580648592,38.88503646850586,6312199
2016-06-01,38.96509753042265,41.26030140897397,38.75159027978439,40.11269760131836,9021732
2016-06-02,40.61978486471293,40.779912520650846,39.605624359970896,40.326210021972656,5390009
2016-06-03,40.56640776783565,40.94004269062544,38.13776021752051,38.4580192565918,5454098
2016-06-06,38.45801774084351,38.91172020808952,37.41716936555437,38.59146118164063,5051899
2016-06-07,38.91171709438469,39.1786039546227,38.32457497008464,38.858341217041016,4197626
2016-06-08,38.965099076017246,40.29951851124768,38.80496769749679,39.9792594909668,4976982
2016-06-09,40.08600478324621,40.432955424591256,39.4187951733022,39.87249755859375,3803414
2016-06-10,39.79244168330417,40.51302730887103,39.44549097279409,39.84581756591797,2797763
2016-06-13,39.071848463175535,39.68568226290725,38.45801466344382,38.858341217041016,4466319
2016-06-14,39.12522553989049,42.56802919343842,38.858338696960885,42.08763885498047,11896589
2016-06-15,42.22109106784777,42.91498878307912,41.68732100760495,42.64810562133789,8418476
2016-06-16,42.1677073650206,42.59472187718344,40.99341932495278,42.00757598876953,4883954
2016-06-17,42.32783817998017,43.34199856710857,41.84744779435723,42.06095504760742,5533237
2016-06-20,41.633942255582106,43.128493089878674,41.313679494138505,42.56803512573242,3617653
2016-06-21,42.67478975678749,43.075116332066095,41.68731728864959,41.98088836669922,3180115
2016-06-22,42.32783760714699,42.48796897910753,41.04679410498253,41.44712066650391,4106076
2016-06-23,41.60725260154575,42.32783817998017,40.69984397266248,42.06095504760742,5537212
2016-06-24,40.03263200550339,40.48633442586282,38.59145719351711,39.60561752319336,5617427
2016-06-27,39.81913163798183,40.61978486471293,39.018478411250726,40.326210021972656,3331651
2016-06-28,40.40627195025337,44.03589517012715,40.2461405798925,43.47544097900391,14977945
2016-06-29,43.90245927357402,44.75648834036974,43.12849403050532,44.4629135131836,8713634
2016-06-30,44.62304640725452,46.8381867096821,44.43622707547675,46.30441665649414,9513478
2016-07-01,46.46454185542737,46.57129734654553,45.05005495286061,45.18349838256836,4926955
2016-07-04,45.37032455526244,46.35779711630858,45.23688110536094,45.904090881347656,4389525
2016-07-05,45.69058472912687,46.14429097526463,44.9166231635611,45.15681838989258,4880851
2016-07-07,45.13012481181613,45.5838272645457,44.516290982605526,44.64973068237305,3419333
2016-07-08,44.67641765427422,44.8365490272855,43.04842719506588,43.74232482910156,4342598
2016-07-11,44.30277962819836,44.99667721308376,43.82238554319186,44.676414489746094,4478982
2016-07-12,44.99667953829982,45.29025060256334,44.38284573414898,44.80986022949219,4933490
2016-07-13,45.05005375729422,45.61051166308118,43.55550307862202,43.95582962036133,5360149
2016-07-14,43.98252002023853,44.40953452376202,43.58219345609027,43.74232482910156,3366956
2016-07-15,43.95583085955543,44.64972847431124,42.70147532321232,43.18186569213867,4422082
2016-07-18,43.50212723508567,44.88992616326064,42.75485002681613,43.28861999511719,6300888
2016-07-19,43.12849003908688,43.76901177990521,42.43459242072364,42.83491897583008,4267228
2016-07-20,43.04842117648149,44.649723472437095,42.83491395457011,44.27608489990234,7248467
2016-07-21,44.40953207076178,45.1034296664694,42.96835726678461,43.28861999511719,5338705
2016-07-22,42.9149896317081,43.875774264440224,42.9149896317081,43.555511474609375,4153765
2016-07-25,43.50212490300529,43.66225625858719,42.70147186185531,43.15517425537109,6642295
2016-07-26,43.341999985409785,45.50376052821332,43.28862410454058,44.24940490722656,14027560
2016-07-27,44.356156898841775,44.94330275226236,43.87576653547937,44.22271347045898,9301461
2016-07-28,44.35616033275963,44.83655073331239,42.59472263613276,43.92914581298828,52012681
2016-07-29,43.07511552140208,43.82238904090128,42.75485277250246,43.04842758178711,7206920
2016-08-01,43.288625419623,43.63557239257295,39.89919335653834,41.5004997253418,8520575
2016-08-02,41.36705596441048,42.16770914265845,41.20692831816902,41.52718734741211,5121353
2016-08-03,41.36705316591315,41.74069178872009,39.95256622914968,40.11269760131836,6990512
2016-08-04,40.43295941601219,41.20692458306568,39.63230631033751,40.8599739074707,4363036
2016-08-05,41.15354450881896,41.44711930388836,40.29951553545304,41.23361206054688,6216275
2016-08-08,41.47380971694598,42.27446286144131,41.10017108461349,42.00757598876953,4328727
2016-08-09,41.92750750524012,42.32783403295768,40.99341476507222,41.42042922973633,4575831
2016-08-10,41.52718961585607,43.44875884332195,40.83329190062472,42.64810562133789,22730605
2016-08-11,42.7014754555701,42.83491888591207,39.81912575955822,40.51302337646485,10262382
2016-08-12,40.61978449315409,40.75322420521508,39.76575538892236,40.03263854980469,4789062
2016-08-16,40.13938560761797,40.4596483524904,39.231980725079225,39.44548797607422,6591779
2016-08-17,39.49886836549115,40.32620952467592,39.41880453850953,39.71237564086914,5498363
2016-08-18,39.87250486917876,40.45965077881552,39.712373487139615,39.899192810058594,4474693
2016-08-19,39.979258309922905,41.82075976660758,39.89919075464796,41.07348251342773,13148637
2016-08-22,41.07348698768215,41.07348698768215,39.79244333133455,40.03263854980469,5673853
2016-08-23,39.97926613163174,40.24614931565584,39.3387442479175,39.739070892333984,4062899
2016-08-24,39.605621091538296,40.21945493225848,39.55224521063048,39.95256805419922,4865911
2016-08-25,40.03263799293768,40.2194573239847,38.9651016274978,39.09854507446289,6835484
2016-08-26,39.15192334524195,39.49887034968457,38.27120625716066,38.56477737426758,4364418
2016-08-29,37.68404610020582,39.63230281534211,37.65735816393813,38.83164978027344,10825980
2016-08-30,38.96509339762036,39.44548372641425,38.83164997884005,39.15191268920898,4425550
2016-08-31,39.31204364798189,39.47217501677273,38.75158946235367,38.858341217041016,3876489
2016-09-01,38.911715892058346,39.2319786197443,37.47054482775072,37.630672454833984,4977470
2016-09-02,37.81749573842045,38.29788988053124,37.71074397579145,37.9509391784668,3469164
2016-09-06,38.191128212693926,38.88502576798769,38.191128212693926,38.48469924926758,4055078
2016-09-07,38.64483610770407,39.39211337887415,38.27120120887905,38.67152404785156,4672665
2016-09-08,38.83166208783497,39.97926613163174,38.53809095908453,39.739070892333984,6031889
2016-09-09,39.89918936122335,39.89918936122335,39.09853999375503,39.20529174804688,3121694
2016-09-12,38.69821195491398,38.69821195491398,35.815862385132135,37.337100982666016,4306496
2016-09-14,37.39047996237779,38.29788859814052,37.36379202261418,38.05768966674805,3977495
2016-09-15,38.164446120330766,38.43132926142452,37.57730022051644,37.97762680053711,1811743
2016-09-16,38.16444343459037,38.698213415975054,36.5898251657514,36.883399963378906,12219607
2016-09-19,37.096905494753535,37.71073926344571,36.99015000870464,37.36378860473633,2856014
2016-09-20,37.47054482775072,38.08437487175598,37.47054482775072,37.630672454833984,4768877
2016-09-21,37.8441770101476,38.2978831316487,37.5239180419368,37.87086868286133,4374994
2016-09-22,38.21782531780319,38.56477604706608,37.76412281754273,38.35126876831055,4558398
2016-09-23,38.64483756049745,38.885032767614746,38.084379586050325,38.21782302856445,4331006
2016-09-26,38.111072028238176,38.48470694860227,37.33710677230351,37.49723815917969,3588558
2016-09-27,37.71074000513533,38.111066546362906,37.55060864129236,37.630672454833984,3363070
2016-09-28,37.630676101383166,38.324577499691046,37.630676101383166,37.97762680053711,2625123
2016-09-29,38.27119784790907,38.48470135033922,34.21455656654217,34.641571044921875,9283018
2016-09-30,34.58819410296184,35.38884342267003,33.78754104649407,35.06858444213867,5643033
2016-10-03,35.228715481157145,35.94930098338458,35.228715481157145,35.762481689453125,2435232
2016-10-04,36.02936256524738,36.669887954402455,35.76247947760565,36.29624938964844,4761110
2016-10-05,36.509766457706725,36.72327373277775,35.815868747915985,36.10943984985352,2904432
2016-10-06,36.29626100958152,36.58983212629573,35.3087884113892,35.629051208496094,2998323
2016-10-07,35.842551647203415,36.483073382295885,35.38884548184808,36.2161865234375,5426409
2016-10-10,36.48307742368534,37.55061376709511,35.81586767614925,36.856712341308594,9051818
2016-10-13,36.80333131298004,37.20365785288544,35.789170994336985,35.97599029541016,4018770
2016-10-14,36.18950017190277,36.563138801281646,35.81586527928387,36.08274841308594,3967572
2016-10-17,36.24287714652022,36.80333131298004,35.49559994222755,35.97599029541016,5609924
2016-10-18,36.26956568137285,36.69658016606712,36.13612225362098,36.58982467651367,2036798
2016-10-19,36.7766517588688,37.15029044619023,36.509768583679424,36.91009521484375,3772621
2016-10-20,37.09690981919565,38.24450994163087,36.9901543207021,37.97762680053711,4863051
2016-10-21,38.16444078429256,38.56476730834077,37.68404671337897,38.11106491088867,5021877
2016-10-24,38.37794801466764,38.85833834882168,37.95093355391748,38.11106491088867,5009177
2016-10-25,37.36379647340278,37.630679639590106,35.655738230987225,36.02937316894531,12491285
2016-10-26,36.02936680418208,36.34962953643923,35.76248368514096,35.92261505126953,4232086
2016-10-27,36.00268101706712,36.00268101706712,35.41553886744763,35.73579788208008,4514117
2016-10-28,35.842553697070706,36.162812714552935,35.33547162564715,35.709110260009766,4370843
2016-11-01,35.92262232521031,35.97599821247462,35.54898364083911,35.629051208496094,2748250
2016-11-02,35.33547342695094,35.33547342695094,34.45475641302829,34.56150817871094,5549840
2016-11-03,34.48144213306482,34.98852046091049,34.3746903742594,34.42806625366211,2929536
2016-11-04,34.53481949391939,34.694950875756696,32.98689276751911,33.307151794433594,4715639
2016-11-07,33.73416964916463,33.97436861399483,33.54735404481303,33.68079376220703,1975513
2016-11-08,33.89429819634368,35.62904800742059,33.333840220140964,34.58819961547852,7528276
2016-11-09,31.91935945418963,33.413910439567886,31.14539414976214,33.0402717590332,5306548
2016-11-10,33.68078884134412,36.02936862870956,33.62741296218489,34.77501678466797,5593644
2016-11-11,34.16117890612558,35.70910928126966,33.81423195809253,34.134490966796875,3677126
2016-11-15,34.32130786319109,34.37468747485134,31.81259690174684,33.01357650756836,4001574
2016-11-16,33.44059420020655,33.787544893986826,32.746696549406,33.06695556640625,3095375
2016-11-17,33.20039672030888,34.16117744200351,33.09364123080962,33.60072326660156,2968862
2016-11-18,33.57403816760043,34.694950349953864,33.227087468337665,34.34800338745117,4611742
2016-11-21,34.88177556497058,34.88177556497058,32.933518215859294,33.52066421508789,3485853
2016-11-22,33.70747364254168,34.10780017248281,32.880132645564615,33.38721466064453,2372868
2016-11-23,33.654100500231515,34.16117881971403,33.41390531012086,33.814231872558594,2428579
2016-11-24,33.57403950392759,33.814234714223666,32.720010428759224,32.90682601928711,3539870
2016-11-25,33.28046437491446,34.29462482675704,33.0936450493045,33.92098617553711,4180924
2016-11-28,33.86760915628902,35.54897929358563,33.62741395621237,35.01521301269531,4605104
2016-11-29,35.06859124083507,36.00268416329897,34.988523677609955,35.46891784667969,3342447
2016-11-30,35.49560353969272,36.61651572297603,35.49560353969272,36.32294464111328,3278166
2016-12-01,36.456382254068544,36.77664499480056,35.54897738326093,35.842552185058594,1688975
2016-12-02,35.65573491923607,37.71074370255555,35.49560353969272,36.32294464111328,8445084
2016-12-05,36.29625450644033,38.24450767336691,35.81586413361127,37.17697143554688,8203002
2016-12-06,37.89755976487137,37.97762357938068,37.04353079639964,37.25703430175781,4109816
2016-12-07,37.89756340029023,38.03100310393963,36.6165160879352,37.283729553222656,3403877
2016-12-08,37.684050956336165,37.897561947510624,37.44385576221487,37.737430572509766,2653869
2016-12-09,37.89755768051359,38.43132388807152,37.81749013364822,38.11106491088867,3444567
2016-12-12,37.95093886010374,38.96509928037212,37.657364041816535,37.97762680053711,4230489
2016-12-13,38.057692144256215,38.35126697428727,37.417170337952406,37.84418487548828,2127965
2016-12-14,37.8441770101476,38.32457106760298,37.6573577217082,37.87086868286133,2190327
2016-12-15,37.57729712874562,39.44548643621191,37.417165762560565,38.91171646118164,5888109
2016-12-16,39.17860317775956,39.49886217223108,38.69821281767239,39.2586669921875,4653841
2016-12-19,39.0184780731999,39.81913129299425,38.83165873946386,39.045166015625,3108930
2016-12-20,38.96510400280644,39.285363063581215,38.16445074572872,38.56477737426758,2956049
2016-12-21,38.698220021692805,39.632312977614255,38.48470900328513,39.28536224365234,2934843
2016-12-22,39.12523113876684,39.44549016464847,38.08437902856123,38.27120208740234,1856730
2016-12-23,38.24450483208751,38.53807961115252,37.4705434526424,38.08437347412109,2004243
2016-12-26,37.73742517093455,38.08437207422259,36.85670460287245,37.20365524291992,1737056
2016-12-27,37.31041857194855,38.057692144256215,36.64320882414377,37.84418487548828,2230132
2016-12-28,38.05768894599213,38.35126375135196,37.63067444434139,37.79080581665039,2156431
2016-12-29,37.630679528116254,39.36542944509605,37.443860191310414,38.991790771484375,3286922
2016-12-30,39.15191594163663,41.18023290768468,38.77827732742048,40.8599739074707,9296640
2017-01-02,41.527184958532665,41.527184958532665,40.75321976584782,41.07348251342773,4214451
2017-01-03,41.1535449690635,41.313676337550405,40.45964735463337,40.8599739074707,2311286
2017-01-04,41.10017281724788,42.06095737849747,40.993421053086905,41.52718734741211,3999976
2017-01-05,41.900821546591565,42.48796739741603,41.74069018059222,42.24777221679688,4236903
2017-01-06,42.27446318150888,42.64810181667025,41.84744866611303,41.98088836669922,2129980
2017-01-09,41.92750812471672,42.46127808181308,41.76737676391185,42.03426361083984,1553096
2017-01-10,41.927514343835455,43.34200139003037,41.90082640253596,42.808231353759766,5866204
2017-01-11,42.9950428997892,43.555500775946086,42.7815356712665,43.15517425537109,2756868
2017-01-12,43.02174267869768,43.36868965494025,42.19440154519888,42.78154373168945,2850672
2017-01-13,42.72816661000246,42.9683618132872,41.39374715319384,41.90082550048828,3402978
2017-01-16,41.84745295239674,42.91498935023026,41.42043839326333,42.5947265625,2758705
2017-01-17,42.64809996430144,42.83491927376786,41.95419860435194,42.14101791381836,1636711
2017-01-18,42.221091582614775,43.07512070000748,41.84745290956536,42.27446746826172,2935552
2017-01-19,42.43459407357371,43.23524347821248,42.0609554426863,43.0217399597168,2358482
2017-01-20,43.2085554601248,43.7690134054406,41.10017085119959,41.3670539855957,5478077
2017-01-23,41.31367763381528,42.16770664352847,41.10017038138698,41.74069213867188,1623211
2017-01-24,41.794066762601126,42.83491496096854,41.794066762601126,42.51465225219727,2803579
2017-01-25,42.62140942409616,42.88829253414854,42.06095152990249,42.701473236083984,3122787
2017-01-27,42.75484854216315,50.04078985950923,42.75484854216315,49.42695236206055,45884559
2017-01-30,49.05331907450788,50.12085527137927,48.41279735638505,49.29351425170898,17647258
2017-01-31,49.106696248584,49.880661413064935,45.66388865297829,46.51791763305664,19334140
2017-02-01,46.97162403992396,48.7330578862032,46.544609547689,48.492862701416016,12838038
2017-02-02,48.25266758188946,52.12248969266746,47.66552172008234,50.14754486083984,24532952
2017-02-03,50.41442815542315,50.89482226403428,49.34689191977594,50.46780776977539,8428402
2017-02-06,50.76138152841855,53.48360000804237,50.52118632973998,51.88229370117188,14001719
2017-02-07,52.25593493049308,52.25593493049308,48.43949202896616,49.026634216308594,13854294
2017-02-08,49.346895463105135,50.76138247818916,48.57293023540178,49.16007614135742,11251319
2017-02-09,49.373585258689246,50.38774572766541,48.33273684799794,49.98741912841797,6710539
2017-02-10,50.17423961509584,50.6813217296664,49.320210513461575,49.56040573120117,5862282
2017-02-13,49.93403610680272,49.98741198260278,48.03915888506333,48.946563720703125,3914814
2017-02-14,49.05332512801992,49.160076892501095,47.665526032443466,48.439491271972656,6104677
2017-02-15,48.83981624519582,51.642098547924405,48.706372807252535,49.240142822265625,21391968
2017-02-16,49.48033683066154,50.441121339864665,48.572928200647496,50.33436584472656,6326139
2017-02-17,50.65462413081577,50.89482305724482,49.85397100741199,50.067481994628906,3374607
2017-02-20,50.174234480516326,53.24340358590631,49.987415166556936,51.98904800415039,16147853
2017-02-21,52.25593465022621,52.94983233675669,51.695480407427056,52.01573944091797,6668577
2017-02-22,52.09579819366248,52.469436810328965,50.20092090829371,50.46780776977539,8602445
2017-02-23,50.44112243580896,52.14918050105032,50.1208596801962,51.5620346069336,10935229
2017-02-27,51.66878597106902,52.14918010080112,50.49449792860837,51.268463134765625,4548462
2017-02-28,51.24176788571757,53.77717058395029,50.76137752623589,52.57619094848633,14953530
2017-03-01,52.84307324788364,53.136648036055256,51.85560086934584,52.309303283691406,4400485
2017-03-02,52.49612681834432,53.32346790067686,49.66715661656077,49.96072769165039,7200998
2017-03-03,49.74722129438567,50.86813720790679,49.613777856082656,50.5478744506836,7195693
2017-03-06,50.73468948591605,51.16170396831944,50.20091951453194,50.9215087890625,4110992
2017-03-07,51.05494871702437,53.05658144808369,50.8147535366492,52.22924041748047,9477886
2017-03-08,52.30930873463284,52.86976669492379,50.147548188419314,50.52118682861328,5870227
2017-03-09,50.36105426289259,50.62793739813406,49.53371318056004,49.96072769165039,4135971
2017-03-10,50.17423597928062,50.97488913823447,49.50702625907243,50.20092391967773,3994643
2017-03-14,51.80222774248473,52.84307605163933,51.108330115301634,52.06911087036133,9306723
2017-03-15,52.12249099051756,54.337627325854285,51.5353451140905,54.01736831665039,17509404
2017-03-16,54.68457612156509,55.48522922204819,54.33762544821981,54.84470748901367,13066342
2017-03-17,55.24503961726485,56.259200064491054,54.55113820051208,55.35179138183594,11861764
2017-03-20,55.29841032982813,55.93893206765427,54.364317530116615,55.13827896118164,4024466
2017-03-21,55.08490126939166,55.72542298611903,54.1774927014581,55.29840850830078,4831769
2017-03-22,54.65788663765629,55.351784227967,54.17749254889378,54.31093597412109,3989897
2017-03-23,54.39100913684052,56.17913104090941,54.25756569784252,55.80549240112305,7976964
2017-03-24,56.15243573174328,57.11322014557586,55.698733330152194,56.44600677490234,9503129
2017-03-27,56.52608620604103,56.52608620604103,54.87140387348339,55.431861877441406,6254579
2017-03-28,56.04569133867148,56.499393799800586,55.43185749809676,55.80549240112305,4754120
2017-03-29,56.018996468308416,56.17912783862631,55.35178678487035,55.75211334228516,3481548
2017-03-30,55.858872000688535,56.84634074396973,55.59198512277895,56.47270584106445,13591248
2017-03-31,56.76627525130191,58.821283972196326,56.15244142899889,57.94056701660156,12821532
2017-04-03,58.10069744761905,59.94220273981547,57.62030703724789,59.6753158569336,8702015
2017-04-05,59.78206562370682,61.62356700252367,59.114855954014864,61.16986083984375,7965639
2017-04-06,60.95635793997536,61.99720629463142,60.76953862126683,61.78369903564453,5980676
2017-04-07,61.116486897925576,63.8120210739251,61.00973514104,62.6644172668457,10240832
2017-04-10,62.95797947718635,64.39915797199332,62.61103629552908,64.10558319091797,8917498
2017-04-11,63.97215895911047,66.9879488889678,63.27825748113512,64.74612426757812,20987827
2017-04-12,63.25155903973686,63.78533276813684,58.60777543318357,61.03642272949219,16831030
2017-04-13,61.32999742562607,62.71779649661499,59.86213453269475,62.37084579467773,9209628
2017-04-17,61.41005968663246,66.29404208603185,61.41005968663246,65.84033966064453,10923462
2017-04-18,66.18728732900695,85.77659412623404,66.18728732900695,77.34304809570312,170150231
2017-04-19,76.2755216416179,79.26462349178146,73.6867463991963,77.47650146484375,43424860
2017-04-20,77.8234529263681,79.74501468294363,76.59578514921343,78.06364440917969,15559322
2017-04-21,78.19707820911435,79.26461067479377,76.7025237889398,77.90350341796875,10015198
2017-04-24,77.87682072433839,84.94925181143009,77.39643033508052,80.09195709228516,31232010
2017-04-25,80.3855248788742,82.01351895625127,79.15785733648359,80.03857421875,14660532
2017-04-26,80.17201507260746,80.89260434077336,62.5576584871485,63.27824401855469,82181128
2017-04-27,64.95961830293415,72.24556033416604,60.15570696814468,60.92966842651367,143366815
2017-04-28,62.3441569807184,63.35831365815628,57.27335490972878,58.154075622558594,72140018
2017-05-02,58.634469234958,62.07727724388821,56.87303144950806,60.18239974975586,57251803
2017-05-03,60.76953865352132,61.86376662607491,58.60777812222675,60.1290168762207,32763787
2017-05-04,60.289151254719634,61.19655621685789,59.80876083202999,60.52934646606445,16931132
2017-05-05,60.63609632021801,61.59687707608731,57.88719001152101,60.68947219848633,22307960
2017-05-08,60.90298183409412,61.917142244719706,59.5418744643735,61.1431770324707,15326313
2017-05-09,61.32999307542936,63.99883552875362,60.68947133504272,63.0914306640625,23232623
2017-05-10,63.758638861096735,66.10722239565894,63.25156053331078,65.54676818847656,22752782
2017-05-11,66.96125240702655,67.68184173661469,62.66441931663222,64.13227844238281,42484602
2017-05-12,64.37248399051826,65.57346383871636,62.55767024680294,64.87956237792969,20021004
2017-05-15,65.38663099862191,65.76026961604167,64.05221163556263,65.06637573242188,13012270
2017-05-16,65.09306574008704,66.45417308525562,64.47922817998831,65.54676818847656,12654891
2017-05-17,65.38663339655953,65.57345644888066,63.81202252610418,64.85286712646484,10676920
2017-05-18,63.99883762986291,67.17476223406847,63.30493625242642,64.2390365600586,18925323
2017-05-19,65.76026961604167,66.42748303433116,64.13227545211264,65.06637573242188,11387421
2017-05-22,65.4133222990902,66.37411056762474,64.3724776834112,64.7728042602539,10622286
2017-05-23,63.25155877240586,63.30493465031631,58.44764381498816,60.39590072631836,23801357
2017-05-24,60.90298391672547,61.59688159540404,59.03479440942764,60.63610076904297,11718569
2017-05-25,63.51844568678437,63.73194919859864,61.08979839877864,62.05058288574219,17477139
2017-05-26,62.450907434686286,62.87791818133651,61.383371226161344,61.89044952392578,7654510
2017-05-29,61.89045466248832,61.91714260282228,58.74122165167927,59.46180725097656,8839231
2017-05-30,59.782064503495405,66.61429617616949,58.71452830464008,62.93129348754883,38287302
2017-05-31,63.1448074794757,64.42585097927662,61.41006154059029,62.34415435791016,15218036
2017-06-01,62.55766575558024,63.35831519347061,62.05058740457365,62.31747055053711,10238277
2017-06-02,62.55766114051756,63.38500593181289,62.18402252167706,62.71779251098633,7758119
2017-06-05,62.71779251098633,63.892084245410814,62.18402252167706,62.71779251098633,8493999
2017-06-06,63.571828758893545,68.74938666206852,63.571828758893545,68.34906005859375,69157294
2017-06-07,69.79022645462416,71.79185933168147,68.90950948342297,70.08380126953125,44938768
2017-06-08,69.92366007065361,70.24392279781823,67.65514798973624,69.28314208984375,15231545
2017-06-09,69.38989409218745,71.0979520118879,67.81527586198878,70.59087371826172,16885493
2017-06-12,70.19055639194917,71.09796134673839,68.32237059956199,69.79022979736328,9534346
2017-06-13,68.85613437097591,72.48576153027861,68.85613437097591,70.67094421386719,22458851
2017-06-14,70.88444702267199,71.36483736832697,69.6034036097523,70.0571060180664,7744458
2017-06-15,69.9236738484889,71.4982923832534,68.85614117895157,70.72432708740234,9302880
2017-06-16,70.6976260630716,71.20470436095255,69.55002977668823,69.87028503417969,7952593
2017-06-19,70.59088326429062,71.17802545101729,70.08380490209207,70.43075561523438,6177534
2017-06-20,70.67093812494731,70.67093812494731,69.0162560671635,69.87028503417969,6607942
2017-06-21,69.81691107863159,70.93782693124714,69.55003169004672,70.37737274169922,7566756
2017-06-22,70.72431432123524,71.09795293018554,69.3898949884239,69.84359741210938,7288840
2017-06-23,69.87029805359899,69.97705729950883,66.26736594730475,67.441650390625,10851981
2017-06-27,67.73521200431476,70.93782433843371,66.45416856537108,69.92366027832031,10939841
2017-06-28,70.61755625817261,72.96613945499529,70.51080451473126,71.73847198486328,26231803
2017-06-29,72.0587571440033,72.37901247412684,70.7777059294244,71.1246566772461,7978677
2017-06-30,70.99119039039726,71.68509162637243,69.68345919453516,70.77767944335938,7870773
2017-07-03,70.67094200085054,74.16712934855387,70.45743848414678,72.8593978881836,17599655
2017-07-04,72.8593930044984,73.36647129620086,70.93782411536563,71.28477478027344,6844994
2017-07-05,71.52496345265044,72.59250334386216,70.72431040262143,72.19217681884766,8130271
2017-07-06,72.05874506735503,72.64588721436758,71.44490750711833,72.16549682617188,5565891
2017-07-07,71.76516117822189,72.59250215142701,71.25808291447143,71.63172149658203,3470118
2017-07-10,72.05875477509944,72.53914522801328,71.52498096206546,71.97868347167969,1100749
2017-07-11,72.05872528248418,72.29891667387368,70.88443383735955,71.2046890258789,4514082
2017-07-12,71.36484429607478,75.71505324012658,70.99120566351229,75.4214859008789,28304039
2017-07-13,76.06199927048128,77.04947540798263,73.74011127115338,75.15459442138672,20051700
2017-07-14,75.26133938125571,75.50153827775591,73.49990571865037,74.40731048583984,8610995
2017-07-17,74.46068635761348,75.15458763770843,73.87354429458466,74.40731048583984,4453041
2017-07-18,74.1671208642854,74.91439803430441,73.17964479193202,73.57997131347656,5014809
2017-07-19,73.66005535516094,75.07454627410964,73.39317591650729,74.46070861816406,5478229
2017-07-20,74.72759006538914,75.79513016249608,73.92693686093908,74.94110107421875,7165638
2017-07-21,75.18127999163848,75.6883582768054,73.57997385025296,75.36810302734375,6503101
2017-07-24,75.47486050430442,76.16876187783086,74.30056874661348,74.86102294921875,6269892
2017-07-25,75.23465980020029,75.23465980020029,73.82017662056366,74.35394287109375,5266174
2017-07-26,74.4607009537128,75.95525555041885,74.14044566029322,75.12791442871094,6273285
2017-07-27,75.12790528387663,75.71504739053051,73.39315942826529,73.92692565917969,7645534
2017-07-28,73.71342849487957,74.3806344725161,72.83270404888563,74.03368377685547,3323407
2017-07-31,74.41550678860119,74.97885901702348,73.53024758629665,73.98628997802734,3185169
2017-08-01,73.9862918372775,75.56903121356231,73.9862918372775,75.22029113769531,4837408
2017-08-02,75.48855562489761,77.17859735440544,75.40807887817144,76.15921020507812,8038370
2017-08-03,76.2397015578721,76.53479053113266,73.55709023527756,73.90583038330078,4567580
2017-08-04,73.82533523476827,74.71059442200797,73.07420395103034,74.0399398803711,4232805
2017-08-07,74.2813744564049,75.59585039095394,74.03993672831626,75.16663360595703,4115633
2017-08-08,75.19347852230932,75.75683086203354,72.64500273651886,73.69122314453125,5253069
2017-08-09,73.50343278210296,73.50343278210296,64.73130870430825,66.66278839111328,9968105
2017-08-10,65.72386464713037,66.12625590046594,60.76104544937897,62.15600204467773,9423614
2017-08-11,61.16343680603524,62.12917656687843,56.87126468188278,61.002479553222656,9495491
2017-08-14,61.69996106139172,63.25586743336731,59.98308992106571,62.58522033691406,5295042
2017-08-16,61.16344471161424,62.47792097474743,58.50766284305104,61.80727005004883,12736794
2017-08-17,61.9682231142442,63.04126527207815,60.25135566170988,60.84152603149414,6875611
2017-08-18,60.22452163696289,60.89517621997397,59.31243681275427,60.22452163696289,5649934
2017-08-21,60.62691903647794,61.0829614948592,57.27366080527943,57.67605209350586,5089527
2017-08-22,58.23939263161816,58.66860944584061,56.22743646743034,57.03221893310547,7407672
2017-08-23,57.64922141600245,59.28561200943554,57.40778741560011,59.0441780090332,8584999
2017-08-24,59.39291408424148,59.50022017064234,57.99796125325626,58.56130599975586,8056806
2017-08-28,62.82665299469237,64.94591535222425,61.72678531974303,63.953346252441406,29813304
2017-08-29,62.98760206954186,65.85799164088596,62.638862026359696,63.81921005249024,18008160
2017-08-30,64.59716354668421,70.74033357449474,64.46302814495148,68.75520324707031,30155980
2017-08-31,71.35733586774708,71.86702940690209,68.70155833841527,71.11589813232422,43525545
2017-09-01,71.22321102169349,74.4959920641549,70.47207971488854,73.288818359375,32679896
2017-09-04,73.0742098580144,73.20833777235845,68.67473914688321,70.17699432373047,18357593
2017-09-05,70.49891061859243,72.48404136156509,70.17699610393595,71.41099548339844,11848407
2017-09-06,69.80142865150249,70.8744745024488,68.9429949755713,70.17699432373047,12783470
2017-09-07,70.5257318165298,71.49146778838055,69.55999584467907,69.96238708496094,7770281
2017-09-08,70.23064734864977,70.7135153651357,67.78947417057624,68.46012878417969,6971107
2017-09-11,68.9429968394761,71.00860433654228,68.78204333791179,70.09651947021484,6951762
2017-09-12,70.7135048245697,72.37672080680474,69.96238108425688,71.86702728271484,10505454
2017-09-13,71.84021115677086,72.16212566616004,69.90873912456526,70.1501693725586,5706700
2017-09-14,70.28429066309515,71.5182899060493,69.55999247532294,70.76716613769531,6454072
2017-09-15,69.77460495502137,70.6866898213488,69.31856252185766,70.09651947021484,7230572
2017-09-18,70.63304378504547,71.30369844774376,69.80143560909099,70.20382690429688,4911385
2017-09-19,70.25747617299616,70.9281308175349,69.80143371905329,70.2843017578125,4268999
2017-09-20,70.6866823762637,70.6866823762637,69.26490405933346,69.42585754394531,4512226
2017-09-21,69.42586353549967,70.25747163522472,67.01152349764043,68.51377868652344,5582608
2017-09-22,68.05774209069816,68.05774209069816,64.91908850458066,65.32147979736328,5068371
2017-09-25,65.4019591757991,65.48243592592573,61.02930645287368,62.58522033691406,6702097
2017-09-26,62.55840074702939,64.48987298337457,61.59266087282404,63.631439208984375,7843415
2017-09-27,64.11430409972839,64.8117767301918,60.70739139961709,61.29756546020508,6787630
2017-09-28,61.592656541073,62.638873099535765,60.841525163291536,61.86091613769531,5966330
2017-09-29,62.23648079160671,63.14856565857429,61.94139561583261,62.397438049316406,4897720
2017-10-03,62.53157265274911,62.55839823761865,59.20513627637161,59.98309326171875,10619689
2017-10-04,60.19769987777849,62.20965624252707,60.0367426173921,61.86091613769531,11902628
2017-10-05,62.55837930804866,66.09941553586603,62.29011602846194,65.24098205566406,19893119
2017-10-06,65.93848495484445,67.0651821055772,65.32148145132454,66.23357391357422,11055196
2017-10-09,64.38256949279392,65.42878986223327,62.826659243434136,64.00700378417969,13791758
2017-10-10,64.11430177825613,65.45560333972713,64.11430177825613,64.51668548583984,6910072
2017-10-11,64.99955807862077,66.20673168406812,63.09490438680909,63.81921005249024,7825089
2017-10-12,64.38257471582529,64.81179163019526,63.57779206237335,64.43622589111328,3939302
2017-10-13,64.81178714791172,64.99957376049866,64.1143144053379,64.30209350585938,3528261
2017-10-16,64.73130670318331,64.89226020874743,62.504741893188594,62.98761367797852,4904567
2017-10-17,63.22904282216894,63.81922068963464,62.79982972552858,63.36317825317383,3021964
2017-10-18,63.30952069434004,66.28721277865615,62.692517305374416,65.77751922607422,10564364
2017-10-19,66.1262599580621,68.13821634819627,65.64339192684292,67.3870849609375,4913758
2017-10-23,67.81630014239039,69.64046968239668,67.17247117999753,68.11138153076172,8950521
2017-10-24,68.13821522356342,68.86252101446995,67.27978151288346,67.76264953613281,4607943
2017-10-25,68.05773626203532,69.31856120316475,66.5554735610876,68.51377868652344,5888478
2017-10-26,68.40648077240836,70.6866930421227,67.68217495823696,70.2843017578125,7526631
2017-10-27,70.76718295187618,71.3037022030521,68.94300547857279,69.72096252441406,6223089
2017-10-30,70.09651346503345,73.18150789851121,69.26490542073219,72.00116729736328,9970100
2017-10-31,72.26943159543748,72.26943159543748,69.7746071696177,70.98178100585938,5377681
2017-11-01,71.25004198210262,72.5913436957623,70.87447630034752,71.41099548339844,4099352
2017-11-02,71.51830990996189,72.75230949806989,70.74036034343098,71.54513549804688,4093488
2017-11-03,71.89386267357875,76.56160430232204,71.30369233020794,75.38125610351562,12055417
2017-11-06,76.82987429872571,81.25617898224614,76.53479282867285,80.31726837158203,23094679
2017-11-07,80.34408027903167,81.71220757978749,75.75682284749526,79.59294891357422,13500041
2017-11-08,79.43198669988973,84.98498759401514,78.54672742971086,81.28298950195312,25171927
2017-11-09,81.47075550320284,83.6436724670028,79.99532612716,82.8388900756836,9036184
2017-11-10,82.81207759506648,84.90451064104137,81.44394280618944,83.91194152832031,10508253
2017-11-13,84.28750644025229,85.95072262869229,80.93424848046614,81.98046875,10686118
2017-11-14,81.55125805651699,84.98499302376163,81.28299469517654,83.34860229492188,11548080
2017-11-15,83.0535183286622,83.590045083514,78.38578363867177,78.89547729492188,7782830
2017-11-16,77.79560393459039,78.33212311332007,74.89838835014642,77.66146850585938,10159450
2017-11-17,78.60038366485874,85.17276402885965,78.43942265851587,84.01924896240234,15663475
2017-11-20,84.20703393017942,86.9164705245355,83.7241659014984,86.05803680419922,15919341
2017-11-21,86.37993885541226,86.75550452550284,81.65855366466077,82.3292007446289,9886154
2017-11-22,82.78524985883422,85.41420201148743,81.84633193683133,84.66307067871094,9094343
2017-11-23,84.77037034562204,85.01180809216753,80.31724867788164,81.81950378417969,8674970
2017-11-24,81.87316843888715,83.37543130480024,80.47821542915752,82.22190856933594,6903783
2017-11-27,80.47821011550626,81.65855835906642,78.78816825897344,81.14886474609375,8443699
2017-11-28,81.12203855363467,81.92681358741491,79.16373335713597,79.8612060546875,5184110
2017-11-29,79.86121612345224,80.18313068478976,78.3321351032144,79.11009216308594,4860242
2017-11-30,78.60037868483123,80.20993606182874,77.84924740166063,78.6540298461914,4958806
2017-12-01,78.86864174905169,81.2025125553644,75.13981808281991,76.37381744384766,9676577
2017-12-04,76.61525968002944,78.22482481123073,70.68669277688731,76.50794982910156,12792602
2017-12-05,76.53478923845516,78.76135051382848,74.871565288575,78.19800567626953,8662641
2017-12-06,77.09812448982537,79.08325523601826,75.81047394117549,76.3201675415039,7070494
2017-12-07,76.56160767463564,79.91486582400299,76.23969314949728,79.16373443603516,6141639
2017-12-08,80.04898810479358,81.8463321827148,79.72707360234162,81.04154968261719,9632929
2017-12-11,81.76585787903508,82.75842699859035,80.31725384280047,82.24872589111328,8346215
2017-12-12,82.57064215425609,83.32177352766905,79.96851544327863,81.8463363647461,14052062
2017-12-13,80.47820349422412,82.30237312196627,78.4394216980076,79.13690185546875,14168202
2017-12-14,78.86864062834402,80.63915913924889,76.64207969832925,79.70024871826172,8661813
2017-12-15,83.13398438453625,83.59003432106228,80.85377226222963,83.26811981201172,17693281
2017-12-18,79.40515524821683,89.3039750120209,74.95203364321792,85.81658935546875,66541253
2017-12-19,85.78977344956975,86.75550950693179,83.61686356447262,86.05803680419922,14853348
2017-12-20,85.84342527961905,87.47981598013281,84.60942585811794,86.35311889648438,11399943
2017-12-21,86.37993912897007,88.49919773057974,85.977547874889,87.23837280273438,10145045
2017-12-22,87.42614808909782,89.03571289728494,86.43357911761515,87.39932250976562,8437720
2017-12-26,87.4529851441767,88.63333332587236,86.35311371103798,87.56028747558594,5369778
2017-12-27,87.45298894918122,90.85989821617368,87.13107442888261,89.03572845458984,16657198
2017-12-28,89.06254749278249,89.70636897399582,87.72123834213126,88.66015625,6887899
2017-12-29,88.52601474491728,90.26971501853828,87.93584446835133,89.25032043457031,7840092
2018-01-01,88.95524292667693,91.12816027377312,88.52602607639834,89.0893783569336,7745247
2018-01-02,89.11620794955734,89.81368817966126,86.99694918646566,87.93585968017578,4977129
2018-01-03,87.93585836073233,96.70798222683844,87.93585836073233,94.53507232666016,39032205
2018-01-04,94.4277652406898,99.36376267471296,93.4351961300276,98.34436798095705,22778210
2018-01-05,99.1491642426395,104.24611588179964,97.86151353944322,103.62911987304688,21144683
2018-01-08,103.33402015555534,107.8408009039064,103.17306665142546,105.39962768554688,15147523
2018-01-09,106.23124273173208,106.74093637339766,104.1388094814674,105.10454559326172,8653790
2018-01-10,105.21184970773533,109.3698903956214,105.15819102706077,106.66045379638672,21411711
2018-01-11,106.2312387952754,109.28941555607744,104.91676260513468,108.21636962890624,10238800
2018-01-12,108.37731447347672,109.31623240171544,104.21927404520314,107.27745056152344,9577781
2018-01-15,107.84080189075434,108.48463093729542,105.85567109466186,106.33853912353516,5453962
2018-01-16,106.60680180147932,106.8214139863189,100.97332397223651,104.40706634521484,13454300
2018-01-17,104.19245916649722,110.36245648619057,100.81237531137506,109.7454605102539,17383941
2018-01-18,110.52341974191684,111.32819483180096,101.24159423356852,104.7558135986328,24303136
2018-01-19,104.75581115353472,107.84080604762472,101.1611151145921,107.14332580566406,25753085
2018-01-22,106.23123567490968,108.56510655411924,105.15818977925744,106.71410369873048,10534230
2018-01-23,106.98235204441151,110.12100502709004,105.21183370139488,109.66495513916016,13877472
2018-01-24,109.61132079304998,111.35502133538994,107.30428297959764,110.2551498413086,14325102
2018-01-25,109.9868820860586,115.75448765706592,108.27001470880212,115.03018188476562,24286217
2018-01-29,115.67400107309427,118.30295308200638,112.99139039014813,114.46682739257812,14632536
2018-01-30,113.20599751002553,114.57412461554088,111.32816936435997,113.36695098876952,7873404
2018-01-31,112.64267472416611,117.36406031803313,112.2134578519964,114.38636779785156,14190496
2018-02-01,114.2790555623195,116.45197297492084,109.2894142224528,114.81558227539062,9002862
2018-02-02,114.27905186415914,114.27905186415914,104.67532016540363,105.80201721191406,12747646
2018-02-05,99.31010095005948,107.84079386554062,98.5589771344115,107.00918579101562,11825552
2018-02-06,99.25644825929356,106.33852957499326,98.02244895761618,104.78262329101562,10865044
2018-02-07,107.06284009201256,108.77970745590063,104.67531812757736,105.56057739257812,7308821
2018-02-08,106.36535496545342,110.6038795241544,105.64105674451682,109.71862030029295,8147287
2018-02-09,107.3042790370863,113.66205497273728,106.04345408329732,112.72314453125,11122413
2018-02-12,113.31332443934808,117.65915194199408,113.31332443934808,116.5592803955078,13340428
2018-02-14,117.22993040489212,119.91253393244216,116.291012409391,117.7396240234375,12691224
2018-02-15,118.62488107123625,119.45648920057654,113.01822883816634,115.2179718017578,9129656
2018-02-16,115.78131175983935,117.20309770299404,109.87957834796936,111.48914337158205,10018309
2018-02-19,109.98689615204913,111.30137243636264,107.57254827699212,108.86019897460938,8936687
2018-02-20,108.37732367170206,109.20893182793722,104.62167417619054,106.23123931884766,11610335
2018-02-21,106.9287117044481,107.57253320703016,104.78262750906678,105.90931701660156,7621480
2018-02-22,105.1581882579754,109.69180203087636,103.97784755551793,109.07479858398438,16437924
2018-02-23,109.71862971117532,110.38927682601506,108.10906461625588,109.63814544677734,9189024
2018-02-26,109.98687761608896,111.51596584834272,109.182095126699,110.3087921142578,5353014
2018-02-27,110.52340908300545,112.58900904846156,107.9481004978908,111.08675384521484,10994042
2018-02-28,109.96005468297858,111.56961970053476,108.64557858852494,109.20892333984376,7114891
2018-03-01,109.20892496780112,110.89896675901532,106.33853497864617,106.84823608398438,6606714
2018-03-05,106.76776037113274,108.75289124879744,105.56058649331226,107.7871551513672,7142031
2018-03-06,108.64557353011948,109.101615928919,96.62749513570311,99.90027618408205,14797586
2018-03-07,98.1297647128464,99.49789200629284,90.77941962338478,92.38898468017578,39901321
2018-03-08,93.35472326710178,95.17890055373957,85.84342447099687,90.64529418945312,35549750
2018-03-09,90.64528645048247,91.47689451413768,82.97302729207973,83.75098419189453,31361197
2018-03-12,85.01181618777267,88.20412079976104,80.4782098314093,87.05059814453125,36867220
2018-03-13,86.94328112064926,88.25775705880774,84.23384499337257,85.70928192138672,27822361
2018-03-14,84.12655353833298,88.63333413118035,83.99242562285276,87.85537719726562,24472244
2018-03-15,87.72123874469844,91.45006227504447,87.56028525167257,89.62589263916016,24216374
2018-03-16,89.8673360558081,90.37702966125111,85.38738091813896,86.11168670654297,22765608
2018-03-19,85.84342969609624,86.91647566602445,82.97303942640539,86.16534423828125,21394394
2018-03-20,85.28008049382738,87.66759507137499,84.93134038374107,86.35311889648438,17242124
2018-03-21,86.78232781383818,89.14302410283334,86.46042082975518,87.02376556396484,14220268
2018-03-22,87.13107166964238,87.90902860570085,85.06546420523136,85.54833221435547,11326269
2018-03-23,83.16080604180593,83.80463502951349,79.78072263650212,81.79267883300781,18236099
2018-03-26,81.81950831968487,89.196678888262,80.88059788719387,87.85537719726562,22902521
2018-03-27,89.00890218785628,89.97463822927978,85.09229183040505,85.7897720336914,22051871
2018-03-28,85.25325073404798,86.86280825920467,82.9998566771121,83.91194152832031,21470217
2018-04-02,84.39480683077629,87.15789439101079,81.12203320704782,86.32628631591797,18337901
2018-04-03,84.90451200066981,87.61394101453283,83.99242713485582,87.13107299804688,21100128
2018-04-04,87.15789807258963,89.2771567232736,78.92229372065425,81.25616455078125,61208164
2018-04-05,84.0232755173132,96.62677060094276,79.75893902920215,93.40482330322266,42856294
2018-04-06,93.6575239219418,97.7007503806096,93.31006085010236,94.60515594482422,16557821
2018-04-09,94.88943747433773,96.02659124374384,92.0149535520148,92.96258544921876,8024416
2018-04-10,93.81546027419576,95.36326116856198,92.67830641242742,93.34164428710938,7711830
2018-04-11,93.53117668164587,93.97340444961569,90.08811172868688,91.32003784179688,7993153
2018-04-12,91.35162177254848,92.42559915155752,85.06566861423521,85.9817123413086,12107380
2018-04-13,88.69824726008565,90.34080516873487,86.92933643167441,88.06649017333984,18682047
2018-04-16,87.62426992755235,89.64587925556593,86.55029255431742,88.91936492919922,7913136
2018-04-17,89.36159539271412,90.30922737632372,87.05569190087276,88.12967681884766,5496341
2018-04-18,89.0773038775917,89.0773038775917,85.72900388648604,86.39234924316406,5139668
2018-04-19,85.60265325562679,89.89857740414581,85.28677095642378,89.4879379272461,9986051
2018-04-20,89.07729331138502,89.07729331138502,85.91852308603698,86.99250030517578,6122099
2018-04-23,87.81381212735229,89.70906880118969,86.92935650887287,88.28762817382812,6960812
2018-04-24,88.7930122527323,89.2668282314773,86.45552810379279,87.11886596679688,5641426
2018-04-25,87.18203742057102,88.12966932358633,86.32917021027012,86.89775085449219,4277522
2018-04-26,87.18203717364798,89.55111692447639,85.91853047722763,88.79300689697266,4409996
2018-04-27,89.04571782368075,93.87863478144398,88.60349007910068,89.58271026611328,11783652
2018-04-30,89.93017600143266,91.22527104127408,87.56109604461781,88.50872802734375,3973908
2018-05-02,88.66666490750313,89.39317922016397,78.46383873789357,81.74895477294922,13025322
2018-05-03,82.1280063736471,82.44388869525358,77.89525838476744,79.85369873046875,20057125
2018-05-04,80.04321796613972,83.6758044480486,79.3798801368172,79.98004150390625,20059687
2018-05-07,80.29594153742943,82.06485282213042,78.87449335963767,80.61181640625,19006661
2018-05-08,81.02244277635921,84.33914713825902,79.47464189862504,83.04405212402344,7209269
2018-05-09,82.38071455834222,83.04405242832694,80.89609014104249,81.52784729003906,5556490
2018-05-10,82.06483993164831,82.57024414961361,79.41147342137913,80.01163482666016,7504479
2018-05-11,80.5802103946865,81.74895240998096,77.95843228400595,80.73815155029297,9263105
2018-05-14,80.76974258761142,80.86449977220299,76.82127365678312,78.33748626708984,7854960
2018-05-15,78.33749144007537,81.7805488827643,76.63175683588325,77.895263671875,10525423
2018-05-16,77.70574431044024,78.84289824627159,76.22111978593372,77.76891326904297,6247641
2018-05-17,78.59018467937503,79.3482947412032,76.94762665086601,77.95843505859375,4922000
2018-05-18,78.21113383638952,78.33748676606942,74.26267239247579,74.92601776123047,6429588
2018-05-21,75.17871351539382,76.37904376975563,73.28344968382764,74.67330932617188,4982120
2018-05-22,75.74729400186746,78.02160909236756,74.70489739436944,77.23191833496094,5766771
2018-05-23,77.07398002586174,77.35826660565196,73.78885643776853,74.16790771484375,3996194
2018-05-24,74.54696137523393,76.12634283973176,73.06233708943714,75.27347564697266,6809081
2018-05-25,75.21030866708526,79.5378216368949,74.57855900647675,78.8428955078125,8545640
2018-05-28,78.27431179732497,83.07564058421859,78.27431179732497,81.90689849853516,7804639
2018-05-29,80.8644998670876,81.71736711386563,77.54779557674296,78.14796447753906,6376433
2018-05-30,77.13715604433924,79.09558888323889,76.75810476945752,77.95843505859375,3324790
2018-05-31,78.33747866680957,78.49541981258002,75.96839904057299,76.44221496582031,7144834
2018-06-01,76.4422201359332,77.20033017484153,72.99916302178103,75.52617645263672,9722786
2018-06-04,75.77887468191294,76.44221244817355,71.79882554815796,73.4413833618164,8032675
2018-06-05,73.28344730874436,74.10473378465284,71.41977928097374,72.9043960571289,4918698
2018-06-06,72.96757985560646,75.58935816232707,72.30424197658802,74.70490264892578,6253502
2018-06-07,74.70489715183989,80.99084998355309,74.70489715183989,79.22193908691406,17145197
2018-06-08,78.8112995728214,80.35910036299855,77.42143993839633,79.79051971435547,8320813
2018-06-11,80.67497501934257,83.92850272554914,80.16957083389677,81.0224380493164,10227843
2018-06-12,80.42226922301542,81.43307759456596,79.69575493149974,80.64338684082031,3525932
2018-06-13,81.2119598218331,83.80214945634245,81.05401868116896,81.59101104736328,10410157
2018-06-14,81.18038621348677,85.19202430023854,80.3591071582565,84.62344360351562,15420224
2018-06-15,85.2867894234727,86.6766493047181,83.01248144914292,83.67581939697266,13898773
2018-06-18,83.96008553196795,85.91852568502719,82.41229235660381,84.87612915039062,13121499
2018-06-19,83.77057681236296,85.63425257065134,81.43308505600015,82.0648422241211,8714922
2018-06-20,81.49626624937775,83.61264049038813,81.43308977769601,83.23358917236328,7630630
2018-06-21,83.20198321292393,83.83374028309953,81.1803741100772,82.03324127197266,5664223
2018-06-22,82.001658064305,82.75976058528762,80.58021020341428,82.34912109375,6427410
2018-06-25,82.12800630673604,82.8229399016394,80.04322054615537,80.23274993896484,4307412
2018-06-26,79.09557858518865,82.75975295208664,79.09557858518865,81.59101104736328,8685766
2018-06-27,80.86450345093189,80.86450345093189,71.07231628306643,72.71488189697266,18195059
2018-06-28,71.70407671961415,73.06234829266508,68.67165873458998,69.0822982788086,13624874
2018-06-29,69.55611135076083,72.1463014468936,69.55611135076083,71.48296356201172,9766020
2018-07-02,71.26183045240597,71.86199925151178,63.71237192751365,66.36573791503906,22074830
2018-07-03,66.08146640230244,68.1978405254856,64.81795957520899,67.12385559082031,11787383
2018-07-04,67.15543111187154,68.70323175269463,65.54446152690751,68.03988647460938,11036532
2018-07-05,68.26101190663326,68.26101190663326,66.04987324598416,66.90274047851562,6545131
2018-07-06,66.17622104959872,71.19865936077076,64.91270690242102,70.09309387207031,19356589
2018-07-09,70.44056702458148,71.6093091401299,68.67165597831085,70.53533172607422,9358024
2018-07-10,71.38818860521104,72.87280533050954,70.81960799123287,72.08311462402344,8739556
2018-07-11,72.33582262950796,79.28511307452177,72.08311678812463,78.4006576538086,41430172
2018-07-12,78.62178050925844,79.91687562028316,76.63175924580699,78.52702331542969,12897744
2018-07-13,78.74813239447471,83.51787322780405,77.29509612644415,83.17041015625,40819011
2018-07-16,82.75977033162202,85.19202684830438,81.6226164162294,84.40232849121094,28399661
2018-07-17,85.31836926280054,89.45636026249632,84.78137680279856,87.37157440185547,30615637
2018-07-18,87.33997828167321,90.97256472700664,85.88694220112697,89.83540344238281,24172884
2018-07-19,90.59350546587324,97.41645060040244,89.10888867464807,95.42642211914062,22465016
2018-07-20,96.089764626782,104.04986329380388,94.57355213741704,102.94429779052734,42113359
2018-07-23,101.93350357436682,108.91438311116843,100.44887910919272,108.15628051757812,36429184
2018-07-24,108.02991896482982,118.7697374030342,104.33415596973688,117.5378189086914,84444898
2018-07-25,116.87448195328064,129.69909454686805,116.05320289805944,126.22443389892578,88858638
2018-07-26,122.74977864941803,127.58268760453296,119.433067145711,124.92932891845705,66162047
2018-07-27,125.5024502750123,131.01556293163054,120.71808681196832,124.1400146484375,44416991
2018-07-30,124.9638056935127,126.99161261122592,121.89040647762714,122.6508331298828,21685477
2018-07-31,122.58747797798765,125.59750741844296,121.06661695239066,123.8548583984375,13956426
2018-08-01,124.2033727006028,125.21727993675717,121.4468241758932,122.46072387695312,8364175
2018-08-02,122.30231561128262,127.81542062672092,117.54962977975563,124.52023315429688,26533948
2018-08-03,123.25284600563609,129.46301516452743,122.93600279327084,125.5658187866211,31802007
2018-08-06,126.73814374587174,128.10057935250444,124.33012327956396,125.59750366210938,13783939
2018-08-07,124.8370797227976,125.02719017521062,118.27838214097646,120.49629974365234,21206813
2018-08-08,115.36339240284236,132.25125008576077,113.4306406130109,126.51634979248048,55314801
2018-08-09,129.27291113372573,131.11061541984702,125.59751009657856,126.95995330810548,23748439
2018-08-10,126.51634422056604,127.94214984656536,124.26674179779228,126.19950103759766,14473803
2018-08-13,124.20337573904702,125.97770967817624,122.14388367937724,123.1894760131836,11210689
2018-08-14,123.37959196207736,130.16007770712008,123.2845367334806,128.19564819335938,20777577
2018-08-16,125.78761753691246,130.54029598470103,125.78761753691246,128.5758514404297,14732446
2018-08-17,128.0055194673801,130.98387099443974,127.1817226739702,128.6708984375,8569903
2018-08-20,128.73427554265794,135.7682412738023,128.1005740748507,134.65927124023438,30872546
2018-08-21,135.60980519493114,140.6793414676815,134.37410996693893,135.16622924804688,34411752
2018-08-23,135.92665051434568,136.40191905006677,129.33626115702583,133.61367797851562,22438632
2018-08-24,133.07504766258165,135.92665905610613,131.3957764489784,132.3146209716797,12187310
2018-08-27,133.2651607989511,135.1662350997615,131.3640864981407,134.24737548828125,12303976
2018-08-28,134.75432537993075,147.3330801939292,132.72651095297567,145.55874633789062,56713612
2018-08-29,146.82614528329114,149.9629148411651,139.3485884343548,141.50314331054688,44981172
2018-08-30,140.9961943420519,146.540999846546,139.28523035049437,141.9467315673828,44266980
2018-08-31,142.58039749967787,144.86167722879034,140.9011114688097,142.7388153076172,22107612
2018-09-03,143.21411432787826,144.1012813677761,129.36796998338062,133.39190673828125,31267861
2018-09-04,133.708727520276,137.1306700672519,128.0055200823603,133.32852172851562,45530498
2018-09-05,131.93442153330096,137.32079446196272,130.41356790432576,133.6770782470703,55270563
2018-09-06,148.14600116719953,168.54076129980777,137.62764111240458,161.67666625976562,74817700
2018-09-07,163.20748487939886,167.8000041444504,153.77552131711155,155.40513610839844,42704819
2018-09-10,156.04710820895522,156.04710820895522,147.80030880401384,148.88671875,20590646
2018-09-11,149.1336275715048,151.8002523352356,144.49172297238982,146.41761779785156,15083637
2018-09-12,146.6645051755888,148.29410476057615,140.98557652400876,147.05955505371094,16166704
2018-09-14,147.89905607270398,151.01011533096653,146.41759641254333,148.73855590820312,8859644
2018-09-17,148.34351439919553,153.72614900101732,144.98554466691846,150.170654296875,10925422
2018-09-18,150.07188253548262,152.93604733997591,144.491723026508,146.61514282226562,7447741
2018-09-19,147.55339732896135,148.83733223298677,143.504082718037,145.52874755859375,5315295
2018-09-21,146.17071923728315,151.60273920893894,131.0104392883131,136.73875427246094,12829824
2018-09-24,136.73874488830407,138.02267980752825,129.52897040668154,132.8375701904297,5960439
2018-09-25,131.84993938395303,140.6399293148071,124.09696692719656,136.63999938964844,8571550
2018-09-26,138.6646563603164,140.73870648394575,132.04747106949543,134.8128662109375,6768299
2018-09-27,134.31902614922012,141.28189044525791,131.0598114712675,140.4917755126953,9769528
2018-09-28,140.88682771726056,141.62755765283015,124.04757170303526,128.98577880859375,11876058
2018-10-01,125.43026494855783,136.8868936018559,120.04763060850392,135.65234375,9826192
2018-10-03,135.30665467697156,139.75103384519326,128.44256097564443,133.13385009765625,6829117
2018-10-04,127.800607238681,132.64005217729513,125.43027731745087,131.30673217773438,7184987
2018-10-05,129.92403340996825,134.07211802544705,126.66481868702452,128.59071350097656,6099515
2018-10-08,127.40554253334643,133.18324176932936,119.8500960621408,131.50424194335938,10658358
2018-10-09,134.31904591132923,135.99803097118266,127.75124565035908,134.22027587890625,7186017
2018-10-10,134.81286127505095,146.0225814091479,133.3314012610394,141.97325134277344,9209149
2018-10-11,136.2943115741009,141.62756121631602,133.47953172003824,136.49183654785156,8421556
2018-10-12,138.3683565854006,143.60283602071138,138.3683565854006,142.07200622558594,6338784
2018-10-15,145.18306974012415,151.8496392690074,142.02262497750627,150.56570434570312,9011923
2018-10-16,150.4669663687738,158.02240665908488,149.8743763157258,155.70144653320312,9671300
2018-10-17,158.12116303955315,161.62727282844034,152.34346326683553,159.75076293945312,11660585
2018-10-19,156.54093587239583,168.5901405406495,156.54093587239583,166.66424560546875,11861481
2018-10-22,168.98521321617034,174.5159882784003,162.36801303517714,166.41734313964844,13950566
2018-10-23,166.91115596102065,169.72593592098372,163.9482360327185,167.45436096191406,8339433
2018-10-24,168.8864195140556,170.12096936430456,163.05935024895604,165.47906494140625,5451065
2018-10-25,164.68895965916778,172.244399156685,159.5038499847412,169.97283935546875,7460591
2018-10-26,171.84933869735053,172.59006860552878,163.25687477652073,164.68894958496094,6982991
2018-10-29,166.56547677866692,170.46666676002883,163.0099818889442,169.62716674804688,5332500
2018-10-30,170.36788010067102,171.84933992763337,166.02227063632355,166.9605255126953,3885243
2018-10-31,164.93586865593406,171.65182320805786,162.6642937981318,167.89878845214844,10254679
2018-11-01,168.9358006737754,175.89866468460434,166.76299600087108,172.83697509765625,8041754
2018-11-02,174.41720528960556,177.28135485529262,171.65181066779732,173.4295654296875,6839045
2018-11-05,173.92341330933496,174.5653732933701,153.8743179170484,166.41734313964844,12668556
2018-11-06,166.17042378979335,166.91115376211042,159.99767402048454,162.41738891601562,5834504
2018-11-07,162.96059448794543,166.91115435431985,162.66429948392937,163.70132446289062,1138303
2018-11-09,163.45442232822325,165.72599737461735,161.92357729238,164.24453735351562,4079435
2018-11-12,163.94824790061915,165.82475796297146,156.19526749892907,158.26931762695312,4332207
2018-11-13,158.26930309818832,160.98531297974847,156.78784316279186,160.14581298828125,3641712
2018-11-14,161.28160757454216,161.72604254000345,156.29402279056822,158.8618927001953,3263131
2018-11-15,159.75074832247026,164.19512771938597,158.02237855700304,160.837158203125,5297431
2018-11-16,160.98531271823165,161.82481270833512,155.55329296393546,159.4544677734375,3885301
2018-11-19,160.39271546392325,162.3679952852533,157.5779507606414,160.096435546875,3424402
2018-11-20,159.65200755572397,161.62728764955386,155.01010234926198,158.17054748535156,4293856
2018-11-21,159.60261499668005,159.99766493139802,156.54092525695424,159.01002502441406,4209404
2018-11-22,159.89889370252257,159.94827871153583,155.60266918176933,156.54092407226562,2405010
2018-11-26,156.5409159055051,157.9236056646078,153.72613631067472,155.40513610839844,2428238
2018-11-27,155.4051519937631,159.01003177931773,152.3434621239737,157.18289184570312,3925863
2018-11-28,157.18289910629392,157.6273491599986,154.3681341639095,156.047119140625,3156482
2018-11-29,157.38042909081568,173.38019296486308,156.73845409331594,167.80001831054688,13648898
2018-11-30,166.4173418449633,172.63947692798223,161.4791417902166,162.96060180664062,9405499
2018-12-03,163.99764262029024,166.4173578660249,161.47915733587578,164.6396026611328,3213684
2018-12-04,163.8988170573222,164.44202194565452,158.0223634312596,160.73837280273438,3797368
2018-12-05,159.0594238237311,162.9112137668304,153.8249288488649,155.45452880859375,8601249
2018-12-06,153.87431912282912,154.0718441140654,147.89909394923907,148.689208984375,5714514
2018-12-07,149.9237370085254,152.44222172009898,148.14598220799178,151.0101318359375,7411261
2018-12-10,145.03494109374498,145.1830810667573,139.25724102321618,141.3806610107422,7484723
2018-12-11,137.28194305568363,153.92368102971784,132.83756360424064,150.02249145507812,9251826
2018-12-12,150.91137860212672,155.0594631369762,149.18300879009035,154.17059326171875,4377945
2018-12-13,154.07183837890625,156.63970837996413,152.0965583996895,154.07183837890625,3499313
2018-12-14,154.07182372923236,155.94833350298725,152.1953139554775,155.15823364257812,3389589
2018-12-17,155.1582415285308,156.93598137499413,154.4175115691079,155.9977264404297,1595605
2018-12-18,155.750816572628,157.77548147729792,154.26935665265336,156.09649658203125,1689582
2018-12-19,158.02238470113014,160.6890094289239,156.54092484455705,158.21990966796875,2312343
2018-12-20,157.42978667852057,160.49147625358736,156.44214682465235,157.28164672851562,2539589
2018-12-21,157.82486709256128,159.50385199425233,150.12127246517866,157.38043212890625,5335334
2018-12-24,157.42978634557153,158.91124612324072,154.56563680348634,156.59030151367188,3130614
2018-12-26,154.91134781738123,162.07173817742242,153.18297773047473,159.2569580078125,4065516
2018-12-27,160.2445679981804,165.72597225961346,157.8742383517064,160.3433380126953,10882426
2018-12-28,159.94828786938595,162.26924779419568,157.8248679919394,159.55323791503906,3905985
2018-12-31,160.83716488040997,162.17046971272487,158.21991008478912,159.01002502441406,3890636
2019-01-01,158.9112453808762,160.3433352154169,153.5286112278611,155.30636596679688,4726656
2019-01-02,155.05948572413962,155.8989857832066,150.61510556007192,152.93606567382812,2735262
2019-01-03,152.98541147240482,154.17059138524118,148.44227706389043,150.61508178710938,2758876
2019-01-04,150.22005474617308,152.09656477703413,148.14600465295533,150.66448974609375,2777308
2019-01-07,151.0101387917041,152.5409836924042,148.39289901355082,149.3805389404297,2714218
2019-01-08,148.63979497238552,152.39282935449663,147.80029508566233,151.55332946777344,2791866
2019-01-09,151.70151368015183,152.54099865824742,145.77567353749262,147.50404357910156,4054809
2019-01-10,149.1336518390829,149.92376691584485,146.6645516430716,149.232421875,3534546
2019-01-11,149.23240670192027,150.71386666890086,147.25712674594615,149.62745666503906,2254999
2019-01-14,149.13362769543645,149.28176765513768,145.18306802138514,146.51638793945312,2624582
2019-01-15,146.66452788699073,148.09660275467772,145.42997798895206,146.8126678466797,1805678
2019-01-16,146.36823284275013,148.83733263790512,146.17070787317556,146.61514282226562,1574176
2019-01-17,146.56576570207815,149.3805456481524,144.54111581721386,147.15835571289062,2618859
2019-01-18,147.8496919557503,147.94846197512172,142.7633524320931,144.9361572265625,2306520
2019-01-21,144.68924683472906,146.1707066999311,142.46705703692606,144.1460418701172,1763205
2019-01-22,143.6028444017517,144.83739435386508,139.9485795575341,143.89913940429688,2261667
2019-01-23,143.70161331283464,144.68925326687472,140.29425848543423,141.23251342773438,2322990
2019-01-24,141.23252092637708,142.26954594721724,139.35601094214476,140.7880859375,1678843
2019-01-25,141.0843630981659,143.65221774791297,134.46716383606747,135.65234375,3297651
2019-01-28,136.2943261689363,139.2572463030436,117.47978030331664,134.71409606933594,9404485
2019-01-29,134.76348262866614,142.0226430684237,131.9487175111495,139.05972290039062,4301493
2019-01-30,139.15844671973946,139.75103664879893,134.81283747392973,138.17080688476562,3102926
2019-01-31,137.77576321206482,139.99795294129166,133.3313837536111,135.45480346679688,3498642
2019-02-01,135.2572886917538,143.0102683590445,132.88695883013347,141.23251342773438,7091209
2019-02-04,141.13375123557535,141.13375123557535,119.8007360866829,121.57848358154295,9832462
2019-02-05,120.49206653495187,125.82532344597684,118.1217292928192,122.7142562866211,8484607
2019-02-06,122.3192058628395,122.66487833708376,113.38106886837583,121.38095092773438,9905219
2019-02-07,120.68959131636484,125.23274082987284,117.5785316968072,122.41796112060548,9826247
2019-02-08,121.4797137636127,123.89942862535403,114.26993911970182,122.22044372558594,8059813
2019-02-11,121.43033415744452,121.726629169461,114.36871423370202,116.73904418945312,7048335
2019-02-12,115.75139606495492,118.5167908658629,113.9242637127918,115.50448608398438,3698931
2019-02-14,116.98594651580471,118.02297145475887,114.56623170503792,116.64027404785156,4962697
2019-02-15,116.6896749211782,119.65259510943446,115.06006731061812,118.31928253173828,4509378
2019-02-18,116.83779861898697,118.41802089022612,114.66498640282576,116.04768371582033,2569451
2019-02-19,116.93657676633455,118.3192742645955,115.35635428336283,116.7884292602539,2644152
2019-02-20,116.49212747383534,119.6031947802337,114.76375758529124,118.56617736816406,3739081
2019-02-21,118.3192747301924,119.50443971331111,116.44275722767507,117.9242172241211,2698192
2019-02-22,118.76369851648349,129.08453250450185,118.31926357349494,126.46729278564452,14695085
2019-02-25,123.4549753593676,132.2449635768796,121.47969575361772,130.3684539794922,12769956
2019-02-26,128.39318952108195,132.64004418850942,126.41790968229608,130.4672393798828,8879092
2019-02-27,132.14621650370714,134.61531615784895,127.94874709166608,130.61537170410156,5875292
2019-02-28,131.84994349452188,132.54128849880703,126.4179233505528,127.2574234008789,3960957
2019-03-01,128.7388925970826,133.528938022629,127.25743245244504,132.1956329345703,7738116
2019-03-05,130.86227920893188,141.9238424374606,130.36845928738876,140.04733276367188,7598974
2019-03-06,140.98559397726555,141.97323386502225,136.49182947393493,137.5288543701172,4856085
2019-03-07,137.28195089144103,139.2078457496212,133.62768614793694,135.20790100097656,3496617
2019-03-08,134.0721217114797,137.62763151974943,133.72644170477395,136.49183654785156,3681442
2019-03-11,136.14619474917086,139.2078700381067,135.8992847224732,137.33135986328125,2550759
2019-03-12,138.76340120684276,148.88670983581173,138.31896628107205,146.5657501220703,12543653
2019-03-13,146.56575741358623,148.54103724433642,143.60283766746102,145.52874755859375,5700158
2019-03-14,145.57813206422395,147.35588710381256,141.82511206643656,143.75100708007812,4052596
2019-03-15,143.99791572795965,147.05959070102475,138.5165106867455,140.09674072265625,5981701
2019-03-18,140.6399388324471,143.20780902230285,138.6152887610435,142.12139892578125,4934286
2019-03-19,142.66458791287118,143.05965293539873,138.7634131203235,140.244873046875,4320808
2019-03-20,140.24487966127566,140.93622464556782,136.34370468473605,137.7263946533203,3242462
2019-03-22,138.96094422068305,139.70167421660372,135.35606426861185,136.54122924804688,3147147
2019-03-25,135.30667779549293,135.89926781391424,131.84993785181246,132.68943786621094,2977535
2019-03-26,133.23262185199297,138.26959157308843,131.75116194228133,136.59060668945312,4180951
2019-03-27,136.83750090555034,139.20783045986158,134.56592629172584,135.80047607421875,2778662
2019-03-28,136.73874643078247,141.38065112631955,134.61532659171226,136.09678649902344,3966292
2019-04-01,145.6274894001427,151.30641840239116,143.30654485003208,149.5780487060547,7938713
2019-04-02,149.82497399967465,151.40520391187653,146.51638928439905,149.7755889892578,6228254
2019-04-03,148.44229789449994,150.76324289742266,144.7880328376285,145.72628784179688,3416023
2019-04-04,146.12133011274136,148.44229006341232,143.65223019508707,145.67689514160156,3963980
2019-04-05,146.17073017203896,147.35589524047666,144.39297503428668,145.08432006835938,2004719
2019-04-08,145.6769006437285,146.81268062067122,139.35601064387342,140.19549560546875,4399839
2019-04-09,140.5411548498581,145.18305916982155,135.751095509037,144.19541931152344,8432342
2019-04-10,143.9485310972719,145.57813108161764,140.29426608345474,141.08438110351562,4356153
2019-04-11,140.985602574991,141.38065252610951,136.88690281892525,139.25723266601562,3535449
2019-04-12,139.05970778775136,142.66458757234636,137.4794778417924,139.65228271484375,5769634
2019-04-15,139.2572259360779,143.3559254940642,138.81279099500054,141.18312072753906,4375074
2019-04-16,140.44239092511373,143.5534656557526,140.44239092511373,141.28189086914062,3648947
2019-04-18,141.3312658359201,142.6645705655795,135.94861670113423,136.8868865966797,3954004
2019-04-22,136.294317949598,136.93627791186424,132.68943803190575,133.4795379638672,3189574
2019-04-23,133.72643916926364,134.61532413957218,129.92403451854292,130.86228942871094,4084835
2019-04-24,131.1091935356975,135.40543302426468,130.46723364438907,134.4671630859375,4329268
2019-04-25,133.43016793769965,135.30667788022524,132.19561795704067,133.08448791503906,2112063
2019-04-26,133.3313886311565,133.97334854834196,128.64009903117136,129.77587890625,4350584
2019-04-30,130.17094193336484,130.17094193336484,123.45498759420244,125.47965240478516,4006829
2019-05-02,124.4426348753746,128.39319471268809,123.25746993821852,125.08460235595705,3754433
2019-05-03,122.46735564716116,127.40555547164344,121.47971568226468,126.7142105102539,6222801
2019-05-06,124.19572440464148,125.82533183824222,123.50437944982654,124.04757690429688,1996014
2019-05-07,124.83768257263236,125.4302649947224,118.5661708299151,120.83773803710938,4593214
2019-05-08,120.29454761838691,122.12167999903664,118.91185019637544,119.40567016601562,2661345
2019-05-09,120.393309708453,120.68959716820363,117.67729988438457,118.61555480957033,2907774
2019-05-10,119.50443992614746,120.78837493939209,117.77606992721556,118.5167999267578,2835247
2019-05-13,119.2081361227649,119.40566862913536,115.20819894121978,116.14645385742188,2124122
2019-05-14,114.9119064131462,123.01055850571451,113.57859399070902,121.82538604736328,4548264
2019-05-15,122.66486773823688,123.40559763408396,114.66498637010736,115.94892120361328,3659017
2019-05-16,116.64027441888965,118.02297183019536,111.60331227457806,117.33162689208984,5368281
2019-05-17,116.29460217153157,119.05999699941476,114.6649947742109,117.82544708251952,4631007
2019-05-20,129.57835563429148,152.98541893096555,126.5166808973668,150.07188415527344,37670288
2019-05-21,152.7879104064151,156.98538055532867,146.6151601874246,152.738525390625,39732349
2019-05-22,153.13357662540355,156.83722642251817,150.9113867471348,155.9977264404297,13565092
2019-05-23,167.4049723281084,178.5653068306869,155.75081784816084,159.05941772460938,61334483
2019-05-24,160.34334258585258,161.72603240736674,149.97312371392982,154.4668731689453,19435041
2019-05-27,157.133513368553,158.71372815890206,153.23232372601043,155.25698852539062,9664810
2019-05-28,155.15825656646538,158.36808670172803,154.12123150872694,155.70144653320312,5456461
2019-05-29,155.99774069632116,156.44217569855178,149.87437548621102,153.2323455810547,12993604
2019-05-30,156.1458740234375,157.42979383568596,153.18295432713083,156.1458740234375,6740283
2019-05-31,156.5409300377373,157.33104500149247,147.25712065663495,152.8372802734375,7553254
2019-06-03,152.09653743017822,159.8988862443004,149.77557774651254,157.08412170410156,7975636
2019-06-04,156.1952437203384,157.33103864427704,152.59036412349008,155.6520538330078,5502910
2019-06-06,154.96069930561598,155.84958428654622,149.3311547071488,151.25704956054688,3832155
2019-06-07,151.0595239242013,151.6521139088834,144.9855443970618,149.47930908203125,5016442
2019-06-10,150.12128371650584,153.5780238020833,145.18308359425237,148.09661865234375,3967379
2019-06-11,147.65214790295963,152.34343688315403,146.51636817793485,151.70147705078125,3413094
2019-06-12,152.0965572605493,157.38043719345615,148.68920233595816,151.3064422607422,7477081
2019-06-13,151.3064270653299,156.88660144653204,147.15834257066433,151.20767211914062,7968656
2019-06-14,154.0718291119685,154.0718291119685,149.67683443659445,150.56570434570312,6589668
2019-06-17,151.1088992686717,152.04715412591008,145.42997004779025,146.07192993164062,3470303
2019-06-18,145.52874772405065,147.0102075987976,142.22014797570682,146.12132263183594,5764444
2019-06-19,146.61513225117093,147.8990670661164,138.86216849549405,141.03497314453125,4744374
2019-06-20,140.54116335426002,147.84969271984312,138.61526852807697,146.61514282226562,4477064
2019-06-21,145.1830901853662,150.12129053180726,144.14606509857532,144.98556518554688,4673136
2019-06-24,144.09665773451556,146.96082253339063,142.8127378997048,145.92379760742188,3240654
2019-06-25,144.68924918466382,150.07188376828068,143.0596493345505,148.98548889160156,4920288
2019-06-26,148.14598275677503,153.38047716155214,146.6645229292073,151.89901733398438,4779891
2019-06-27,150.4175646766139,153.0348044686683,149.62744971687636,150.9607696533203,2858423
2019-06-28,150.6151116963637,154.36814700185238,147.94848650331883,148.63983154296875,4642404
2019-07-01,148.78794283626863,153.67677232938277,146.22008817411836,152.1953125,6182608
2019-07-02,152.98544309372426,156.24465838731032,149.52870279723425,152.7879180908203,11741576
2019-07-03,154.46687292795662,155.6520528533355,152.29406818174328,153.67677307128906,5661251
2019-07-04,158.12115283208755,159.80013763545657,152.39283844101502,154.17059326171875,15687573
2019-07-05,154.36812981799093,154.9113348137447,144.04729517942937,145.4793701171875,6607087
2019-07-08,141.47940579702183,144.44232529015318,135.84986177410985,137.18316650390625,5896584
2019-07-09,136.34370528505193,141.430045267086,134.07213026649856,139.40538024902344,7317997
2019-07-10,140.2448641885708,140.73868413289676,135.55357471747425,137.62762451171875,5548654
2019-07-11,138.76341269202263,140.09673264987953,135.8004928480649,139.25723266601562,5098558
2019-07-12,139.25721706448095,141.67693165191838,136.09677259904095,138.5658721923828,6678610
2019-07-15,139.2572390760839,139.94858405745902,134.41780913626775,136.24493408203125,4491271
2019-07-16,136.19553485600886,139.2078395357207,134.91161505465942,138.417724609375,4954078
2019-07-17,138.46710868681706,139.25722360784968,135.30666407287524,136.34368896484375,3984405
2019-07-18,135.9980304213577,136.24494043122587,131.7018052917659,132.54129028320312,4247055
2019-07-19,132.59065869431674,133.52891360027596,128.6894840409985,129.77587890625,4256095
2019-07-22,129.13391152729997,132.54126602583733,127.10924680289163,130.0227813720703,5467444
2019-07-23,129.82524279133244,134.269621689196,129.13389797681324,132.3931121826172,5753483
2019-07-24,131.80055878681864,132.34376381652163,126.2697761343413,128.1956787109375,5403438
2019-07-25,128.88701576631553,129.67713075439988,126.17100585553108,127.80060577392578,3977652
2019-07-26,127.80059194052107,132.5412662856968,126.81295207986732,130.22032165527344,3632048
2019-07-29,129.7624723364454,130.60444862265348,125.89931325160605,128.22711181640625,4349871
2019-07-30,126.7908231803346,129.7624830986237,122.68002544857028,124.16585540771484,4167043
2019-07-31,123.8191690783964,128.07855151762217,123.02672337336574,127.5832748413086,3665392
2019-08-01,127.38516760596906,127.88044428388552,121.83806276744691,124.2649154663086,4462938
2019-08-02,123.72011726384665,128.5242995906452,122.13523338536868,126.889892578125,4637509
2019-08-05,125.00783324034886,125.20594845027848,120.0055432174559,123.52200317382812,5259236
2019-08-06,122.82860892091674,128.22712137072182,122.82860892091674,126.98892974853516,3899290
2019-08-07,126.98895067059372,128.92052689651288,123.42295972264584,124.41351318359376,3911797
2019-08-08,125.0078241184133,132.73414292345356,122.87814055766324,129.66342163085938,7070036
2019-08-09,133.42753727168548,134.6161983048332,128.87100079217834,131.14926147460938,8589075
2019-08-13,131.74358255514096,132.63507443634856,127.38515429090332,129.069091796875,4226112
2019-08-14,129.6634250760937,131.19878576318624,126.14696528288631,129.41578674316406,4761139
2019-08-16,128.7719334314827,132.6846160782027,126.93940371756156,131.5950164794922,4087073
2019-08-19,131.5454947996242,135.65628537178776,131.05021809865772,134.21998596191406,4261741
2019-08-20,134.41809148325424,135.50770625392292,130.80257766951345,134.36856079101562,4515865
2019-08-21,132.73414445157317,134.0218667863456,129.01956951356274,130.6539764404297,3426518
2019-08-22,129.71295405760915,130.05965376500316,124.90877197349808,125.7012176513672,3358838
2019-08-23,122.23427430815858,130.95113849832725,121.7389976760812,130.0596466064453,4374006
2019-08-26,130.852099564179,134.66572077582805,127.08799392679428,133.9228057861328,5507570
2019-08-27,133.47706339112054,136.89446941234277,132.63508700105157,135.85438537597656,4495705
2019-08-28,134.91334876012743,135.80485574818454,130.901605100478,134.66571044921875,5312871
2019-08-29,136.6963513798625,136.6963513798625,129.11862490357535,131.0997314453125,6108447
2019-08-30,131.14925443338046,136.99352813077354,130.90161610165984,136.05250549316406,7806183
2019-09-03,134.31903552143817,135.60674273885456,131.74359085731717,133.9723358154297,3477541
2019-09-04,133.32850151565452,134.21999358214978,129.36628768297115,133.67518615722656,4313711
2019-09-05,133.72469064280477,137.34020401062324,132.09028380302777,134.4676055908203,6840367
2019-09-06,134.12090894092086,137.1420994875547,133.77422435944578,136.44871520996094,3744649
2019-09-09,136.49824829459914,140.41093082191054,135.06194902693343,139.56895446777344,4349296
2019-09-11,138.72701182744677,143.53118692647007,138.72701182744677,142.5901641845703,4245005
2019-09-12,143.48165315770115,144.91795243585744,140.70810086371154,141.6986541748047,3500479
2019-09-13,141.6491319188532,145.51228401623666,139.22227918513047,144.37315368652344,3561056
2019-09-16,142.6396825335424,145.8094502335811,141.7977061393963,144.57125854492188,3713796
2019-09-17,144.12551242994226,146.50283442416594,141.05479099897912,142.3920440673828,4167662
2019-09-18,142.6396768333359,144.62078345602114,140.75763158764255,142.7882537841797,3465608
2019-09-19,142.59016846530412,143.53119123545451,139.1727620291545,141.20339965820312,2662885
2019-09-20,141.64913147713054,150.66317316244226,139.96519377620552,147.69151306152344,7545363
2019-09-23,152.54520316317513,152.54520316317513,146.15613761206174,150.96031188964844,4136992
2019-09-24,149.8211803685711,151.5546485711827,144.026437759698,146.6514129638672,4576924
2019-09-25,148.2858422296848,149.5735646836653,144.12552093690928,146.15615844726562,4572108
2019-09-26,147.0476552025725,153.93199859033538,145.26465598694608,151.25750732421875,7013490
2019-09-27,151.2574754940335,151.2574754940335,145.80943271837344,148.03817749023438,4016921
2019-09-30,147.69151216830946,148.33536580709,142.39204564119655,144.4722137451172,3528313
2019-10-01,144.7198518306398,146.30472813663496,139.1727469730449,142.29298400878906,3732047
2019-10-03,141.6491318328521,143.63023857177313,140.06424039585735,142.19393920898438,2070232
2019-10-04,142.59015785375377,143.13496524265832,136.25062218644223,138.67747497558594,2382805
2019-10-07,137.14211126764576,138.6774720164714,133.97234350162682,134.51715087890625,2701943
2019-10-09,133.67517594400485,138.33077381877564,132.833214637676,137.68692016601562,2682715
2019-10-10,136.6963583021476,137.7859730011383,134.02186735829525,136.10202026367188,2413888
2019-10-11,136.15154188632363,137.4887948265242,133.3284741781625,135.65626525878906,2780875
2019-10-14,136.59728625049814,150.96030828310984,135.70579437708977,145.71038818359375,10795909
2019-10-15,146.30472424836648,154.37774298039656,145.21512465094847,153.5357666015625,11048872
2019-10-16,153.53577169077678,159.38003050282583,153.53577169077678,158.63711547851562,9587304
2019-10-17,158.29042836061,163.44130275793103,156.16072958921987,161.0144500732422,6523046
2019-10-18,173.24776957831918,174.13927663488016,163.54035913649,173.44589233398438,14162661
2019-10-22,172.8515660565941,178.29960968588503,171.76195128487782,176.9623565673828,7909839
2019-10-23,177.06141790256808,177.06141790256808,170.7713978501013,174.78314208984375,4743985
2019-10-24,173.34685298983612,178.29962021811716,172.65346860080598,177.30906677246094,4753708
2019-10-25,177.80432699020517,181.9646480528409,175.5260512537527,179.5873260498047,7857185
2019-10-27,181.17220378795773,182.5094568719548,180.28071180838955,181.66748046875,1003411
2019-10-29,181.07315764389185,195.13901236504205,180.6274116538042,193.7027130126953,9534790
2019-10-30,192.51404922975087,195.58475553976564,190.483411843421,193.90081787109372,4791525
2019-10-31,194.84183255786283,199.39838381811617,194.1484482655575,197.7639617919922,6584768
2019-11-01,197.1201124392741,200.48798771147432,194.34656009559163,198.5564117431641,3522957
2019-11-04,199.05169743966525,201.9738268694093,196.37720635336805,199.00216674804688,3965499
2019-11-05,198.11066445158716,199.596494434974,195.83238878746505,198.6554718017578,2326138
2019-11-06,197.12012111162792,207.71903917359552,196.72390580851783,205.58935546875,6220311
2019-11-07,205.9360331794816,208.41241652754965,203.5587112111941,207.1742248535156,3959490
2019-11-08,206.72847886876488,209.9973079110641,204.25209552075705,206.08462524414065,4057743
2019-11-11,204.99500261308955,210.2449381311664,204.10351068807287,208.8581695556641,2907157
2019-11-13,207.02564623705703,208.7591145667932,192.46451529020248,196.32766723632807,9836594
2019-11-14,194.3960957186916,201.23090781529984,192.2168813628632,200.38894653320312,4141184
2019-11-15,200.09177486841543,203.0634348912137,198.90311388222503,201.6766662597656,3314555
2019-11-18,201.87476163972607,203.6577605680043,198.20971752388076,199.24978637695312,2041767
2019-11-19,200.09178287835476,200.68612095256432,194.39610093998573,197.81350708007807,2954848
2019-11-20,196.6248395954084,205.4902890378644,196.2286243020312,203.7568206787109,3488019
2019-11-21,204.94548448077305,207.02565258610855,200.04224836350463,203.5587158203125,4409698
2019-11-22,202.81579855068128,204.35115926715628,198.20973151590096,201.528076171875,2545651
2019-11-25,199.9926921696799,214.20713714269385,199.69553829079163,213.16705322265625,6805228
2019-11-26,212.7213248888811,215.6434541519695,205.19311363158928,208.61053466796875,5247790
2019-11-27,207.917125304698,213.16706065806,206.5303567727051,211.53265380859372,4051404
2019-11-28,210.7897602871793,214.1576357013704,208.51148451186413,211.08692932128903,4234343
2019-11-29,210.39353533244295,219.40757728481023,209.70015097794823,212.8699188232422,7969827
2019-12-02,209.99731007261136,211.68124774366092,204.1035206666156,207.0256500244141,3169460
2019-12-03,206.03509734277577,207.96667335743533,201.62713794659243,205.8865203857422,2382612
2019-12-04,203.85588052972105,211.48313822983536,203.36060385939356,210.44305419921875,2917279
2019-12-05,210.987840633805,211.68122488056497,205.3912208600331,206.4312896728516,2309030
2019-12-06,206.4808312729768,208.06572259047476,203.11295611659835,204.54925537109372,1958477
2019-12-09,203.95491950529956,207.7190250881817,200.48798293692144,205.4902801513672,2550809
2019-12-10,205.49027905992736,206.2331940349196,201.37948891082775,202.2709808349609,2139886
2019-12-11,201.1813848971384,205.83698246801077,200.73562381239955,204.2025604248047,2155584
2019-12-12,204.94547789636948,210.344005635669,204.64832398913532,208.41241455078125,2958155
2019-12-13,208.5114816277202,211.23550335919876,206.53037491391763,210.19541931152344,2867800
2019-12-16,210.09636597292865,211.23549624916492,207.42185990760132,208.511474609375,2184582
2019-12-17,208.51144976343457,211.185940395429,208.01617316067103,209.204833984375,1968218
2019-12-18,209.7991987751282,210.4430523951766,203.65777113864425,206.1836700439453,2542320
2019-12-19,205.68840598927156,209.00676590133568,204.79691398152204,208.5610198974609,2180662
2019-12-20,208.0161907744721,218.7141693229451,207.52091412977097,216.73306274414065,6997898
2019-12-23,215.69299156823013,218.7141823031365,210.39352510955928,212.52322387695312,3709426
2019-12-24,212.5232219541293,214.9005439224169,205.638879269429,207.1742248535156,2984621
2019-12-26,206.9761199951172,209.1058187719145,203.6577753328178,206.9761199951172,3299177
2019-12-27,207.07517939292512,209.2048630346803,205.1436033968562,207.1247100830078,2240503
2019-12-30,207.91713144325877,209.6010841435088,206.0350862207536,206.67893981933597,1938731
2019-12-31,206.72847475416705,208.7591120820458,205.68839074577605,206.3817901611328,1600059
2020-01-01,207.02565069538525,208.4619500337401,204.69784427089508,205.8865203857422,1553127
2020-01-02,206.03506674961707,211.185940395429,205.5397901468536,209.204833984375,2991937
2020-01-03,208.2638514897171,210.34401966698263,203.8558919008543,206.332275390625,2512421
2020-01-06,205.78745115065644,205.78745115065644,195.8819180026104,197.6649169921875,4353179
2020-01-07,198.6554694195312,203.7568129221279,198.6554694195312,202.12240600585935,2966120
2020-01-08,199.1012199155746,201.6271339374324,192.71215394121265,199.59649658203125,5762654
2020-01-09,199.9927137804737,206.9265871771271,199.9927137804737,206.03509521484372,3496063
2020-01-10,206.03509535976664,210.98786207514564,203.95492729344969,207.1247100830078,2769132
2020-01-13,208.66005465711805,214.20715939719213,207.61998574366805,211.5821990966797,3527267
2020-01-14,211.43359672996928,213.46423399742105,209.84872053473757,212.3251037597656,1775182
2020-01-15,212.47369542640703,215.9406321816165,210.4925887091445,214.55386352539065,1982079
2020-01-16,215.6434770352207,220.39813648570663,214.95009266246447,217.9217529296875,4280379
2020-01-17,213.9595155721825,227.0843469672354,211.6812399297351,226.24237060546875,10810744
2020-01-20,227.38151094689087,230.05600180936705,222.0325141072948,224.40985107421875,4546367
2020-01-21,222.23063791350336,224.8555981009833,218.41700167958956,222.13157653808597,2813526
2020-01-22,222.67640680116477,225.8461746505237,219.060877831174,223.76600646972656,2939366
2020-01-23,223.86506259758548,229.0159371211496,223.61742425400408,227.4310607910156,2650092
2020-01-24,223.3697987951833,230.20461142642813,216.9312014906658,227.57965087890625,7154795
2020-01-27,227.33200149576504,234.21634448763152,223.9145953458819,228.37208557128903,5293975
2020-01-28,230.05601688117247,232.28476193168976,226.93577985630617,227.72821044921875,2161711
2020-01-29,229.51119177176832,236.0983801473509,228.8178074992448,230.10552978515625,3738186
2020-01-30,230.1055101538912,230.55125606858192,226.0442360097263,229.3130645751953,2192123
2020-01-31,228.81781610781505,232.33428340426224,225.00417979349385,227.28245544433597,2720308
2020-02-03,219.60569345135792,222.52782306081104,213.5633265684398,218.8132476806641,2720614
2020-02-04,220.5466839711448,225.00417377611453,219.9523610659351,223.3202362060547,2028088
2020-02-05,224.60797721418757,237.0394250619812,220.44765607262,234.0182342529297,8985919
2020-02-06,235.1573458000108,241.29878831061532,231.88853202360715,234.26585388183597,8852675
2020-02-07,234.1667819350845,239.862463114824,233.02765174499385,237.2375030517578,5052443
2020-02-10,237.237495750006,242.83411538676916,235.30591999751687,242.1902618408203,5588211
2020-02-11,242.8836809276804,246.25157142155723,241.3483201962545,242.9827423095703,3533751
2020-02-12,243.5770504426447,249.02509359305853,242.6855585184345,247.34115600585935,4490312
2020-02-13,247.4402389543345,250.362368421388,245.90487818243156,249.07464599609372,2563148
2020-02-14,250.11471106947585,256.1570923134475,249.17368844679672,253.730224609375,4968325
2020-02-17,254.4731286532937,254.9684052875856,249.2727239932293,250.1147003173828,2411524
2020-02-18,249.27275077907825,249.27275077907825,242.93321522477888,247.09353637695312,2430446
2020-02-19,247.638341948742,253.08638547161436,247.53928056610457,251.60055541992188,2101729
2020-02-20,250.80812143734985,258.5344410905719,250.26331403664364,256.2066345214844,3108173
2020-02-24,252.39300290147585,253.4330869678604,241.7940848149054,244.9143218994141,3309214
2020-02-25,247.440231741933,249.37180776625007,240.1101278271869,244.1218719482422,3309962
2020-02-26,241.69499327588915,243.9732687764184,238.7233335224971,240.5063323974609,2897390
2020-02-27,239.1691071690561,239.1691071690561,229.857911575632,231.9380645751953,3568055
2020-02-28,218.9122789534222,224.65749110725525,214.9500657596951,216.58447265625,3364181
2020-03-02,220.8934019350601,224.55844638818368,214.10810529164536,216.53497314453125,3162614
2020-03-03,218.91228801942745,226.490015020396,217.1788196753822,223.61741638183597,2992170
2020-03-04,223.96411930733944,224.85561127977135,211.53267169603544,219.0113525390625,5216787
2020-03-05,221.63631916583728,224.7070406951103,217.2778903320096,219.65521240234372,3159080
2020-03-06,213.0680437321895,214.7024508066588,205.53983179876215,212.72134399414065,4375226
2020-03-09,205.04454978128436,206.5303798521632,195.38665432057164,197.81350708007807,2763988
2020-03-11,195.5352248494367,203.06343634009815,190.43388115309207,193.90081787109372,3763186
2020-03-12,178.39865347625474,182.1627438844593,158.93427226972668,160.6182098388672,4834390
2020-03-13,144.57125060327758,159.82578043837822,128.52429022268086,147.3448028564453,7463176
2020-03-16,139.66804124155118,140.95576379365792,127.434699668507,133.42755126953125,6582749
2020-03-17,134.4180765840305,141.20337257320162,129.26720256969915,132.13980102539062,6388061
2020-03-18,134.61618231088943,135.7057969453591,125.89931813638344,128.97003173828125,4255688
2020-03-19,119.85696145291142,131.69407156520788,117.08340890875796,127.6823272705078,5517080
2020-03-20,136.69638477503037,140.26238346719435,127.48423408247932,136.3992156982422,4496351
2020-03-23,122.75183211437503,134.67287220196377,117.91357839468984,120.60704040527344,1456143
2020-03-24,124.69710690563478,132.62783986047015,116.11794747270858,130.03414916992188,5125923
2020-03-25,125.69467890399224,134.57310648388187,124.69710208729389,131.9794158935547,2771318
2020-03-26,134.67289236140124,151.63170102913324,131.73004331342287,139.91017150878906,7980255
2020-03-27,145.64620888233185,150.63409274816513,125.94406761229038,127.68982696533205,4378366
2020-03-30,123.6995443585576,129.48549383259538,120.706813446657,128.38815307617188,2397592
2020-03-31,131.3808735131478,138.1145175280544,129.13632550817894,137.26658630371094,2200227
2020-04-01,138.613296087031,138.613296087031,131.48062791314808,133.6254119873047,1997603
2020-04-03,133.67529155755636,134.27384372788296,127.6898307415464,128.73728942871094,1761897
2020-04-07,130.68254869392933,141.15710412359542,130.68254869392933,137.81521606445312,2463474
2020-04-08,136.51840969019824,146.79343994676194,134.57312248882965,137.765380859375,3237290
2020-04-09,139.66073750136977,145.89559185410948,139.66073750136977,142.10479736328125,2359428
2020-04-13,141.65591744200825,148.6389556257692,136.21912647187168,145.64622497558594,2204560
2020-04-15,147.69125905963503,150.5842259019748,142.8530051379197,144.89804077148438,3413325
2020-04-16,141.6559059019355,144.49900587672107,140.20942258321517,142.9527587890625,2685695
2020-04-17,146.5938968488577,148.19002569926474,141.2069886169065,143.55128479003906,2383979
2020-04-20,145.64622741254513,155.07332607399402,142.25447204097918,146.3445281982422,6835058
2020-04-21,142.6534950596653,142.6534950596653,133.82493350745636,135.62057495117188,3576177
2020-04-22,135.67045718922915,138.4636755286646,131.77991340267593,137.26658630371094,6012030
2020-04-23,140.1595458984375,142.15469957670706,137.16681538103313,140.1595458984375,3371195
2020-04-24,136.81764176401808,140.20941176257662,133.77504492979597,134.32369995117188,1823167
2020-04-27,136.06946016883367,138.0147469738664,133.77504586246886,134.27383422851562,2996533
2020-04-28,135.6205747193207,141.55615415155873,134.72276160990546,138.96246337890625,5721109
2020-04-29,139.6607451626904,140.3590458441412,135.3212802064101,139.16195678710938,4774187
2020-04-30,141.10722440980442,147.0926847472028,139.96001726719484,141.05734252929688,4899422
2020-05-04,136.56827434031996,137.1668265814015,129.6849996769614,131.2312469482422,6012691
2020-05-05,134.6728783469729,136.0196132191687,131.48063538607437,132.37844848632812,3112486
2020-05-06,133.32614870101045,135.07190830356967,126.9915444190993,132.9271240234375,6685480
2020-05-07,130.7823251781842,135.32128746188505,129.6849846043449,134.57310485839844,2423478
2020-05-08,136.568248029813,139.01232319185365,135.8699473642926,136.81764221191406,2431204
2020-05-11,137.5159664330893,142.95275688801405,137.16680846826276,139.71063232421875,2900696
2020-05-12,138.16438793711416,140.3590538708138,132.8772278092372,139.5609893798828,2901801
2020-05-13,144.64866082634643,144.64866082634643,140.40895869867765,140.8079833984375,3115038
2020-05-14,139.21184370274543,142.00506175136093,137.06704447710592,140.55856323242188,1587450
2020-05-15,141.0573489124846,143.35177852334505,139.66074752595048,140.7082061767578,2145697
2020-05-18,144.4491374701464,146.04525136938628,134.02446195961008,135.57069396972656,4941536
2020-05-19,137.46610586763248,145.54646997742,134.12421701796296,139.3614959716797,5564024
2020-05-20,139.1619688273802,142.85300008166465,137.6656035711718,141.0074920654297,2872608
2020-05-21,141.8554176927393,143.6510589742806,136.7179032695375,137.96487426757812,2682428
2020-05-22,137.66561707711443,140.85786022584375,136.2690154563629,137.765380859375,2449109
2020-05-26,138.66316841152835,142.9527514858879,138.01474961199827,139.16195678710938,2657870
2020-05-27,139.4113693507851,141.25689267241958,138.16439824746854,140.65834045410156,2224751
2020-05-28,141.35664155152236,144.05009609649517,140.2593161111784,142.30433654785156,2816689
2020-05-29,140.75810700882036,153.22781828806328,140.75810700882036,147.99053955078125,9162612
2020-06-01,149.6365417277694,154.52466266881677,149.1377532553435,150.1353302001953,3985102
2020-06-02,150.63411346331984,152.23024260861106,147.89077695984878,149.58665466308594,2482873
2020-06-03,151.38228322339376,157.5173746096194,149.2374991379495,150.28494262695312,5875845
2020-06-04,150.13533030329523,153.52708582939405,145.7958645014835,147.64138793945312,3146640
2020-06-05,148.53919584806405,154.62442108933843,148.09028928281293,152.08059692382812,4111095
2020-06-08,155.22295402891385,158.11592062030752,150.28493675953524,152.28009033203125,4899754
2020-06-09,153.826351246049,156.32029343623077,150.68399017514602,151.53192138671875,3005643
2020-06-10,152.37986876939505,154.37502253396977,149.88592656367663,151.4820556640625,4135121
2020-06-11,151.48204130757807,165.0490764878016,149.88591235846292,151.43215942382812,16533100
2020-06-12,143.65106326105465,152.92853080769396,140.65833277644933,151.9309539794922,4817295
2020-06-15,151.4321755646795,156.4699419241124,147.89077454635645,148.8883514404297,3214496
2020-06-16,153.1280477527049,153.62683618186682,142.40409652572396,145.84573364257812,2640377
2020-06-17,144.6486423876838,148.0902794553037,143.10239523503873,146.79342651367188,1252809
2020-06-18,146.3445224718196,149.08785883970987,145.64622171344686,147.4917449951172,2037814
2020-06-19,149.23750737652992,154.0258642243549,148.53919138289152,152.32998657226562,5245179
2020-06-22,154.12562285757812,155.82150045307202,153.22780978402685,154.27525329589844,4662143
2020-06-23,156.61956421402334,161.40793610059845,155.17308083730134,156.81907653808594,4790074
2020-06-24,158.71449533379385,162.60503926427404,153.12805844825806,154.42491149902344,4078195
2020-06-25,152.8786319270327,168.7899775236892,152.62923774770638,161.25827026367188,14608370
2020-06-26,163.60260333865892,165.94691502400585,160.90914888903174,161.757080078125,6772909
2020-06-29,161.0088800569247,163.1536791851374,156.3701542957288,159.36288452148438,2937549
2020-06-30,161.00889838393033,163.75223473646938,154.87380681152342,155.8713836669922,3827240
2020-07-01,156.76920166891418,158.6147249981852,155.6718762265442,157.2679901123047,1681231
2020-07-02,159.41277939651874,160.55998665450753,155.77161485864062,157.816650390625,2152710
2020-07-03,159.6123046875,163.45298185776915,157.0185986476019,159.6123046875,4481657
2020-07-06,161.5575609475335,164.7996855722551,160.11107762086667,163.80210876464844,3515662
2020-07-07,164.10140402643296,170.23649602136962,162.90431476178873,167.7425537109375,8172143
2020-07-08,167.59292621261503,169.08929162522767,161.00891230839298,162.60504150390625,3650115
2020-07-09,162.60501553349414,164.69993286528918,161.0587684763896,162.35562133789062,1711099
2020-07-10,161.10867559154562,163.0040656862491,158.1159447756036,159.3130340576172,1950837
2020-07-13,161.05878405744784,162.05636093636895,153.97599735019716,155.671875,2585981
2020-07-14,155.52222217134633,155.87138015161173,148.63894811257694,149.3871307373047,2352010
2020-07-15,149.73627927175733,153.47719215940802,146.64378519590736,147.3919677734375,2180415
2020-07-16,147.7411201033445,149.63650980548886,144.84813844735064,148.53916931152344,1473784
2020-07-17,149.38712756628968,153.52706524651293,148.63894495744347,151.23265075683594,2222846
2020-07-20,152.77888458209603,161.5076817963937,151.7314410938318,160.3105926513672,6329853
2020-07-21,161.05879169555928,167.692687388082,158.71449505200704,166.89462280273438,6517373
2020-07-22,166.59532374845946,171.58320769302412,161.60743980389483,168.989501953125,4611051
2020-07-23,167.94206371155266,170.28636010512668,164.99919991552483,169.53817749023438,2199241
2020-07-24,166.99436012221156,169.33867182978878,163.25344690064037,168.34109497070312,1801357
2020-07-27,168.24132113539122,168.64036098825218,162.60501830732903,165.54786682128906,1156539
2020-07-28,165.89702381310855,174.47617510462163,163.4030818292128,173.12945556640625,4829045
2020-07-29,173.57835289939985,190.38752707062443,171.63308129920023,178.66600036621094,15392378
2020-07-30,178.7657772759747,180.9105767421484,172.83019777063907,174.62583923339844,3403335
2020-07-31,173.5783768026703,178.21710319746387,171.6829868228615,174.82534790039062,2644457
2020-08-03,174.82535713539068,178.26699450253733,170.7851675209942,171.83262634277344,2789132
2020-08-04,173.57835920009427,183.5541269702146,171.78271795710987,181.6587371826172,4208453
2020-08-05,182.55656541661844,184.3522068093416,178.067469545718,179.16481018066406,4042372
2020-08-06,179.6635896976595,187.5444404135456,177.06988390108694,185.49940490722656,6447296
2020-08-07,180.6112946791449,194.52748891898636,179.66359970056928,192.4325714111328,9386323
2020-08-10,192.4325661088556,197.8194901712701,191.88391102498704,195.2257843017578,4627306
2020-08-11,195.52507295157872,199.3158682266357,193.92894381834984,195.3754425048828,2965963
2020-08-12,195.32554215930827,200.2635443172896,189.73910594267815,197.22093200683597,3352636
2020-08-13,198.41804168773945,202.807389233179,197.2708343277833,200.26356506347656,3552469
2020-08-14,201.9095524073049,204.0044699231142,190.9860887247334,195.72457885742188,6617104
2020-08-17,196.92166934480136,201.16137107019392,195.57494969453043,197.3207092285156,3227005
2020-08-18,199.51537456900343,216.2746690771628,198.5177976961584,213.1821746826172,13367091
2020-08-19,213.73083182725384,244.8053434114288,213.73083182725384,238.9695281982422,19592028
2020-08-20,240.61553368941108,244.40632877186832,229.8417006420433,233.4329833984375,9484513
2020-08-21,236.52545879445816,243.90752082054684,230.53999816082512,232.7845458984375,5797329
2020-08-24,235.42812855643447,253.2348808092803,234.4305517405174,248.09735107421875,11878911
2020-08-25,251.3893916111436,321.6188028614033,249.3942377094679,306.8047790527344,49264537
2020-08-26,298.27551576365767,302.06629609423743,277.5757935158453,284.85809326171875,26717004
2020-08-27,284.2095927163741,296.978592606646,283.0125189552897,286.0052490234375,15748895
2020-08-28,288.299726871646,294.9336072316963,285.8057845976698,287.5515441894531,7256271
2020-08-31,289.29731076316983,296.87890154775863,269.5951663232643,278.87261962890625,15172187
2020-09-01,279.2716464908902,286.3544176481336,270.8919767413349,280.4188537597656,5169176
2020-09-02,282.31423942652566,305.25850623504186,279.7205336116199,292.3398742675781,17403674
2020-09-03,294.0357693782692,297.9762100172785,286.9529678269965,290.54425048828125,9061697
2020-09-04,283.3118076755751,292.7389204957521,279.4212642926994,284.4590148925781,6719721
2020-09-07,284.4590435954958,290.9931904797056,281.3665491531976,284.5588073730469,5812023
2020-09-08,285.3070066026541,289.097786820621,272.88716144547027,277.0271301269531,5660442
2020-09-09,276.2289840483988,286.2047511172728,273.7350422811802,282.36407470703125,6661093
2020-09-10,286.95296156427713,307.2037889504121,285.2072021573842,297.5771484375,25430532
2020-09-11,298.2755067155168,302.91423342353664,291.392231880039,295.28277587890625,9743753
2020-09-14,301.06870098010546,303.26338237209296,289.4469360009539,292.4396667480469,6120182
2020-09-15,294.18538771443434,297.9761977624081,269.34573186454105,287.85076904296875,2552460
2020-09-16,291.9907642626573,302.11616348197646,289.3970582920674,296.3800964355469,6159158
2020-09-17,294.28518005370347,300.0711137891716,291.44207985259413,292.98834228515625,2466000
2020-09-18,296.8788638069884,298.9737811900969,286.60380443026673,290.843505859375,2744172
2020-09-21,292.29002458476657,295.53214943084333,264.3578720647206,276.4285583496094,6459206
2020-09-22,277.5757360542882,282.31422570840454,256.8760180915695,279.72052001953125,12535965
2020-09-23,283.2619701500475,295.5321537220684,277.7752972539416,282.8629150390625,8864848
2020-09-24,277.27647292504275,280.5684640592202,268.8469371163017,269.7946472167969,3689023
2020-09-25,275.2314263322016,282.9127796826903,274.33361332277974,279.6207580566406,7663618
2020-09-28,282.41401545226574,301.31807870300446,281.4164385912147,294.9834899902344,5875621
2020-09-29,299.17331548285824,306.25611778084857,291.44209426852086,297.1781616210937,10246726
2020-09-30,299.2730632919766,303.96168679433634,294.38494268026705,296.3800964355469,5618023
2020-10-01,299.0735172916953,311.19409996230894,295.28273756793664,307.4032897949219,6914312
2020-10-05,310.7452068668474,333.68947575268203,306.60526878704263,325.8086242675781,20009492
2020-10-06,328.6017865333432,330.3475459051969,319.5238317109783,326.35723876953125,7705557
2020-10-07,324.3620624344692,334.7867512721296,322.4666727667923,329.3000793457031,8234005
2020-10-08,328.2028094506546,329.00085881593907,309.74763627485794,315.48370361328125,4125845
2020-10-09,318.0274800459286,321.2696047313928,309.7476045651177,312.2415466308594,2468904
2020-10-12,314.23668798300343,321.91804142226124,312.2415344085082,314.5858459472656,2556329
2020-10-13,314.7354850531105,316.03232273483206,308.99941836830743,312.4410705566406,1454109
2020-10-14,312.19170314344086,314.93503961941616,309.2987057775076,312.6405944824219,1517470
2020-10-15,314.2367167300023,325.0604319505396,304.61010594112673,306.3558654785156,4960658
2020-10-16,308.5006207643192,313.18924383131684,304.610077391506,306.2560729980469,1871531
2020-10-19,309.1491013479721,318.476452239968,308.6004461840567,316.1820373535156,3329571
2020-10-20,314.53595165613694,327.0555587142944,312.74032560047533,321.1199645996094,7198907
2020-10-21,321.21975688445264,323.91322665068753,305.25852672870343,311.2439880371094,4998821
2020-10-22,310.2463898145942,314.0371695384144,308.251236182346,310.74517822265625,2380993
2020-10-23,313.2391397767907,321.6686765756246,312.5408237845496,314.6856384277344,4159352
2020-10-26,317.2294416603469,317.9277576401958,304.31080913855067,306.6551208496094,4397393
2020-10-27,307.25370355434325,314.5859002960712,302.2658187563831,313.2890319824219,3549135
2020-10-28,313.0395810606158,320.0226185133451,309.0991710498949,318.0773620605469,3098009
2020-10-29,314.63573956224064,331.5446797320322,312.44108870846907,328.10302734375,6897070
2020-10-30,330.24782737214133,346.6579798927168,328.85122577209125,338.8768920898437,14205844
2020-11-02,338.27834466563746,343.46572646020707,332.2429859441639,340.27349853515625,4272022
2020-11-03,343.1664282554548,348.7528645715949,339.32575138538164,343.9644775390625,4078834
2020-11-04,341.7698205312722,358.62886249881933,336.6821727214229,350.9974060058594,9701398
2020-11-05,352.1446579055191,354.0899451053962,344.41343666255096,351.895263671875,5361436
2020-11-06,351.14703188605824,352.9925550457759,344.2138609824477,351.2467956542969,3863486
2020-11-09,353.14220176954205,363.8162861473726,350.9974176497806,357.0327453613281,6278843
2020-11-10,357.2322438395892,360.8733929248114,352.3441238043848,358.6288452148437,3590100
2020-11-11,358.3296039478582,361.8211227986277,353.1920589982517,359.2274169921875,2869576
2020-11-12,357.332049399298,368.6046559281744,357.13252184651265,364.6642150878906,4199715
2020-11-13,363.1179883567907,370.7494454849037,361.1727012417128,367.7068481445313,2786714
2020-11-14,368.903904232744,371.9465318689894,368.60464335740215,370.3504028320313,620753
2020-11-17,371.0985916713866,400.9760307858225,370.1010148120549,393.3445434570313,10496968
2020-11-18,392.995442767716,403.71939473838574,386.4612956263847,393.5440979003906,8656493
2020-11-19,389.0549787915688,397.5343821754876,376.8845288160216,384.8152770996094,7731483
2020-11-20,384.1668422433568,401.0258845343071,384.06707847191103,387.3590698242188,5490838
2020-11-23,389.1547439120964,412.6975641834205,382.1717058070884,408.0588073730469,7318547
2020-11-24,408.9067264620328,414.4931626612347,403.220556937189,406.2132873535156,6167783
2020-11-25,407.9590387381776,410.50284736456535,392.04767682691175,398.2825317382813,3448648
2020-11-26,401.8239597040112,410.5527575043161,398.1828101388959,400.9760437011719,5490958
2020-11-27,400.0283066627519,406.86171399995607,395.3396834097021,397.4346008300781,6429153
2020-12-01,397.0355462881648,422.9226751143035,394.1425798034336,420.8776245117188,7846125
2020-12-02,419.5308912841003,460.7806961081368,418.33381744671215,452.65045166015625,16821595
2020-12-03,452.6504729559905,455.89259755567525,442.17591655700886,446.4654846191406,6848649
2020-12-04,447.91204327138576,455.443736944042,440.9290047348608,444.8694458007813,4131360
2020-12-07,444.9192835215479,465.21997889203055,444.86941685555576,456.4412841796875,5371039
2020-12-08,456.4412342444662,461.1797238532611,445.467889887257,450.804931640625,3872952
2020-12-09,452.8999003744808,456.9899716428001,446.21612314744937,448.01177978515625,2798049
2020-12-10,446.9144118571828,451.1541133089529,436.9885103985284,446.1662292480469,3113868
2020-12-11,446.1662740587145,450.70523683255806,439.3328661202349,448.7100830078125,2940168
2020-12-14,449.9071508623738,460.88049600535857,445.91684353765214,454.0470886230469,3762369
2020-12-15,454.3962357497201,462.925505275145,445.4679111464511,461.3294067382813,4779869
2020-12-16,461.3792892925429,466.41704016574494,456.44127174860887,462.1274719238281,4088505
2020-12-17,462.2770826844066,472.8015361826864,453.99720742807057,458.18701171875,4912523
2020-12-18,459.8829191741781,463.0751772114071,449.7076233186862,454.0470886230469,2159692
2020-12-21,452.8998977959796,459.63354165087577,408.6573576384173,428.1600036621094,5350194
2020-12-22,427.16237763038055,460.43153797388015,417.0868463406403,457.6882019042969,8342699
2020-12-23,456.8901872098041,465.6688511184798,453.0994074409733,462.47662353515625,4604130
2020-12-24,463.8732847513328,478.6873086434083,461.2795785758246,472.5023193359375,7985151
2020-12-28,471.8538607487,505.7714744177397,471.5545998643664,489.6606140136719,13714406
2020-12-29,490.8078209838413,497.94048952933167,483.5255219962892,488.0146179199219,5849496
2020-12-30,488.0145877990527,494.798097931959,477.2407399811315,482.976806640625,5419517
2020-12-31,479.83446859193526,482.8271991652738,434.6941157774133,478.3879699707031,7575962
2021-01-01,475.8441628847714,492.0547868824182,475.8441628847714,489.9598693847656,5035248
2021-01-04,490.80778529646426,501.38210545865024,485.4707433310393,493.3017272949219,4936582
2021-01-05,490.8077870934716,500.1850029532798,488.413608854912,493.2019653320313,3654033
2021-01-06,494.7981278656078,499.43685422562186,483.0765996349205,489.7104797363281,3295461
2021-01-07,492.7032018678744,522.6804045825152,492.6034380937959,516.8445434570312,9879731
2021-01-08,521.7327579218448,525.3240106769165,512.8542984894918,516.744873046875,3702267
2021-01-11,519.3384052775583,523.3287120745806,509.2629049699768,517.8919677734375,4148831
2021-01-12,517.7423760076783,535.2997039027465,515.8469556712441,524.1268920898438,4878024
2021-01-13,527.8178063368407,538.8909442123738,520.0367202731347,534.7509765625,4948731
2021-01-14,533.6537997755584,539.6891281251986,527.1196829526045,530.8106689453125,3161306
2021-01-15,533.4043092238608,536.1975119926041,517.5428142816431,526.022216796875,3376852
2021-01-18,526.7205829569439,527.817893149867,500.83345121939215,506.6194152832031,5204588
2021-01-19,511.05857508141065,530.7108499350271,511.05857508141065,528.8154296875,4181185
2021-01-20,530.8605724913539,550.812110521475,529.713334699717,545.4251708984375,6681731
2021-01-21,550.0638623735842,551.6100942094248,530.2619267032719,535.5989990234375,4208383
2021-01-22,532.7558691821594,545.4251065131859,520.3360260470693,525.5234375,4179558
2021-01-25,528.9651428583645,533.1051112827874,507.76663406866106,512.65478515625,3728411
2021-01-27,511.8566644461326,520.2862011224518,505.8213365977683,511.5574035644531,2792007
2021-01-28,506.0707178136211,518.2411674164446,500.13515389283447,510.6097106933594,4197516
2021-01-29,513.951602533909,523.9273709802687,501.2823644295802,505.42230224609375,3822560
2021-02-01,509.26294238983536,538.1926687939592,495.6958921943484,535.8982543945312,4004036
2021-02-02,540.7364749399883,565.5262941581968,539.4895039799351,562.8328247070312,5144708
2021-02-03,566.6236216190712,575.2027577323449,556.9969811574365,565.2269897460938,6087209
2021-02-04,560.5883006469614,610.2177469524302,554.6527064490571,588.2710571289062,11184167
2021-02-05,593.5581600936785,606.3769968433218,587.1736446049969,593.9072875976562,4754950
2021-02-08,603.9330533705494,636.4540345424214,602.0874996533921,626.7775268554688,7085276
2021-02-09,629.9198898997589,640.3445797590506,619.4952000404672,628.32373046875,4510798
2021-02-10,631.5159158875499,653.3130032503558,620.5924388774458,649.1231689453125,5991927
2021-02-11,652.4152601982744,659.3982981514669,643.7861960869258,657.0040893554688,3688016
2021-02-12,655.4080437194914,722.6946198982831,653.6124174210004,717.2079467773438,16810897
2021-02-15,723.2431956534687,786.040668750073,705.9352621537678,761.6000366210938,21579566
2021-02-16,758.1583842722372,801.0043209292841,754.4174711919466,778.3094482421875,19426061
2021-02-17,785.2426457606231,800.0566377023273,780.3544948162662,783.5467529296875,8908279
2021-02-18,785.3423311351262,822.5020667144003,784.0953601425331,806.2415771484375,9694238
2021-02-19,811.0299236182395,828.9863056909682,727.7322623364155,780.0053100585938,20210882
2021-02-22,784.0954009984652,811.0299758419238,778.658595010019,803.9472045898438,10890564
2021-02-23,812.8255938425159,825.2953042932395,787.088123649674,797.7123413085938,9753081
2021-02-24,804.0468895834472,810.0822169618025,793.5224666677153,803.2488403320312,4626257
2021-02-25,812.0275382520747,860.3102810976417,807.0396541104772,841.4560546875,12118095
2021-02-26,831.8793380537057,858.9136456345716,817.8633349639165,831.6299438476562,11355426
2021-03-01,838.7126949039265,858.8637584486798,834.4231268398232,849.4366455078125,5996840
2021-03-02,855.3224161887906,874.3761096832307,850.1848710525195,870.4356689453125,5116413
2021-03-03,878.316561990369,942.6104030456022,870.7349412924408,913.1319580078124,11670544
2021-03-04,907.7949515207816,936.4254198615812,903.2061222745916,916.1746215820312,8141787
2021-03-05,915.775538473076,931.7367679018008,886.1474941685543,907.6951904296876,7109101
2021-03-08,915.8752662510944,924.1552026768684,902.906767418856,907.9944458007812,3904469
2021-03-09,915.7755635115226,926.1503872787576,891.4346636123037,903.006591796875,5561849
2021-03-10,908.7924704168248,911.8849341610356,886.5465198167842,895.9736328125,5465016
2021-03-12,902.8070223403288,921.5614543838695,887.145054084708,891.9334106445312,6049852
2021-03-15,896.5721901268928,901.8094685671332,872.3809516172103,894.0283813476562,5234540
2021-03-16,898.5175090289885,902.2085556666946,885.8981371275404,895.62451171875,2555026
2021-03-17,895.8240494572627,903.2061428166036,862.9040120050471,871.782470703125,3886557
2021-03-18,873.8772874169757,888.8409395987733,855.6715105957887,868.9392700195312,4465851
2021-03-19,863.9015460043773,893.2303295423393,838.1640756334307,887.4942626953125,4794995
2021-03-22,890.736424852941,1000.5696155219292,881.3093111134925,988.6485595703124,22596465
2021-03-23,996.5792398816528,1084.0666779962926,988.6484920114494,1055.8353271484375,31098225
2021-03-24,1060.424145698237,1090.351449904208,1015.9322444669294,1022.965087890625,22877032
2021-03-25,1030.4469846849508,1038.926388125442,974.6326072188195,979.1715698242188,13139164
2021-03-26,997.5768122479398,1015.9821166113657,975.630122378485,985.9051513671876,9396506
2021-03-30,1001.5671250007988,1039.923904932707,985.6058959171208,1029.0504150390625,10470011
2021-03-31,1035.484744082079,1050.5980573318216,1014.1365756776996,1028.6513671875,6440569
2021-04-01,1040.871756983864,1113.3457427873925,1032.4920867078522,1104.51708984375,12713083
2021-04-05,1124.2690820055116,1147.2133489852158,1096.1872700211009,1135.4918212890625,15795720
2021-04-06,1150.6051327592954,1237.9928381566249,1139.7315210265465,1222.4306640625,21496457
2021-04-07,1230.4112707005436,1248.5671200639429,1105.315113467626,1162.7257080078125,23007694
2021-04-08,1159.68310546875,1188.1140461189516,1134.993078061996,1159.68310546875,12404773
2021-04-09,1160.5809700472316,1225.0244123346895,1148.4104590098125,1198.4888916015625,12923020
2021-04-12,1174.54691636233,1174.54691636233,1058.8280107458347,1071.7965087890625,13690016
2021-04-13,1074.3903315146638,1113.5951527672096,1048.5032594233544,1103.669189453125,12137329
2021-04-15,1092.3466518303255,1142.1257610494604,1078.7297034594549,1127.2119140625,9350889
2021-04-16,1127.2618006919354,1189.1115632077765,1109.3054180260465,1156.1915283203125,10661068
2021-04-19,1097.3345411994162,1150.2061145481152,1086.361195787422,1133.596435546875,8565063
2021-04-20,1154.0467664056314,1174.8462195865854,1122.3238953149337,1139.98095703125,8261172
2021-04-22,1131.252129482668,1166.1673186642315,1120.2787843113192,1154.9945068359375,7124786
2021-04-23,1158.186707474877,1180.0336645547586,1142.8739273855604,1154.794921875,6167151
2021-04-26,1157.189329305625,1194.9975222645696,1157.189329305625,1170.5069580078125,6939823
2021-04-27,1181.8291068124774,1210.5593654311515,1178.138121610375,1188.2635498046875,7109421
2021-04-28,1205.0228756725144,1211.0083366156775,1177.888834773314,1182.3280029296875,5020151
2021-04-29,1193.6506510441252,1209.71161427652,1175.1455514185163,1179.4351806640625,4070698
2021-04-30,1168.1624555023295,1198.0398325331687,1140.2303045594902,1155.8922119140625,4232500
2021-05-03,1142.3251405136614,1261.3360984618018,1119.929590628321,1252.507568359375,11276228
2021-05-04,1281.8863996751238,1295.8025496232626,1238.840929292216,1259.44091796875,10271516
2021-05-05,1271.3121385838272,1285.1285555205636,1237.24486006938,1264.4288330078125,7805805
2021-05-06,1269.266827614198,1308.6711115398314,1259.9395088120204,1283.6319580078125,6240535
2021-05-07,1301.8376351158756,1319.1954946056546,1287.322844957081,1295.75244140625,4584524
2021-05-10,1291.7622831265603,1310.8159765433293,1283.1831465999778,1300.93994140625,3892338
2021-05-11,1288.8691758366897,1322.786785727129,1280.8885617448216,1300.34130859375,4744734
2021-05-12,1307.8232133712652,1325.2808077526513,1275.5016999902532,1282.684326171875,4143731
2021-05-14,1296.8499686959435,1298.8451224939377,1210.4099060429594,1217.3929443359375,6377643
2021-05-17,1227.0194332418555,1295.8522307163987,1224.475563755819,1285.9761962890625,7782732
2021-05-18,1311.7635798839635,1341.690884236078,1298.8450088817726,1323.485107421875,6531595
2021-05-19,1346.7287945841397,1348.275087465508,1280.788986848665,1291.562744140625,9925284
2021-05-20,1298.146715665239,1316.8013527865785,1280.838661070747,1298.844970703125,5837747
2021-05-21,1316.801358618191,1332.7625872075023,1296.8997504306974,1311.9132080078125,8314215
2021-05-24,1318.4972198876549,1325.43045177566,1299.8425822671486,1303.6334228515625,7913411
2021-05-25,1311.16500313578,1318.7964897802574,1269.8154947340918,1279.6416015625,3697062
2021-05-26,1285.8266522413771,1323.6348398035814,1251.210783713894,1319.5947265625,5630730
2021-05-27,1326.27838788379,1338.7480981873232,1301.089573070653,1322.58740234375,36690935
2021-05-28,1308.4216724112284,1327.2259702460503,1294.8546526398572,1299.4434814453125,2979585
2021-05-31,1303.8828876489656,1318.2978246112214,1288.869307149223,1313.1104736328125,2709718
2021-06-01,1316.7016167982215,1426.534795964806,1305.877933085838,1412.818115234375,10018645
2021-06-02,1422.0956907187565,1553.227115574996,1409.5760528628578,1543.001953125,24541949
2021-06-03,1560.2103427815546,1619.865492833014,1549.2369963809172,1579.2640380859375,19107244
2021-06-04,1601.1107996866986,1709.3978124500811,1581.957373409598,1696.8282470703125,21102075
2021-06-07,1710.8443078621756,1713.03892823534,1609.0914685607518,1620.3641357421875,15350263
2021-06-08,1629.0429058382051,1663.9580936547009,1598.566886048574,1632.4844970703125,12410257
2021-06-09,1636.0260983131998,1645.453151206476,1568.041208958268,1590.7860107421875,11614666
2021-06-10,1608.0938720703125,1626.050255257202,1587.144758352275,1608.0938720703125,5362307
2021-06-11,1611.1862810722494,1616.174165120999,1571.4328695586162,1597.718994140625,5355387
2021-06-14,1437.9570371938112,1526.242584456963,1198.2892097364984,1497.8116455078125,43530006
2021-06-15,1547.1917491423558,1568.789312053305,1473.6204572943934,1535.12109375,22320542
2021-06-16,1506.340967159606,1534.4725841941065,1405.8850321654554,1444.79052734375,12626149
2021-06-17,1376.6561087192497,1432.520414580321,1300.3414766054652,1364.3858642578125,27926070
2021-06-18,1346.7288069524684,1500.3556486344537,1329.3211388612997,1483.8956298828125,30526777
2021-06-21,1486.3894692953531,1578.1665371981535,1441.348851290326,1536.268310546875,21101083
2021-06-22,1550.2842841830932,1578.1665072029482,1528.0882002480328,1537.8643798828125,12069983
2021-06-23,1556.3196138643034,1566.1457214473903,1477.7106314250886,1501.103759765625,12679703
2021-06-24,1506.2910421440092,1515.319160903966,1484.444207619052,1504.8446044921875,7261764
2021-06-25,1521.304789041573,1530.2829812391954,1497.3629431812467,1515.7681884765625,4962963
2021-06-28,1521.2049404902182,1561.207747230486,1514.5211026290583,1522.0528564453125,6178022
2021-06-29,1522.3022909685678,1544.947237019564,1509.3337917663457,1519.8582763671875,5551918
2021-06-30,1535.2707147050369,1535.2707147050369,1499.0586276951713,1503.89697265625,3256147
2021-07-01,1506.8611291705154,1519.8379726308722,1480.2585757062093,1487.595458984375,3759914
2021-07-02,1487.5954351730736,1505.0143029518183,1409.0356713001495,1419.5169677734375,6653653
2021-07-05,1424.45820058017,1441.3779601780752,1348.1942613362062,1391.8663330078125,12239845
2021-07-06,1398.404763387053,1441.5777271692375,1376.2941922471032,1412.280029296875,9485434
2021-07-07,1417.4706353538531,1434.540151732962,1382.5329788486526,1423.110595703125,5549751
2021-07-08,1417.470592561082,1442.4260607399744,1409.2852477395545,1423.360107421875,3898830
2021-07-09,1423.3601714724043,1454.0054390339578,1413.9269309645686,1428.8004150390625,4502324
2021-07-12,1439.4314193718126,1444.4225130589548,1411.631051905005,1418.1693115234375,2557189
2021-07-13,1430.4474783356832,1430.4474783356832,1382.7325730247871,1415.1746826171875,4157955
2021-07-14,1446.4189327082256,1446.4189327082256,1395.3101827229002,1399.5526123046875,3859529
2021-07-15,1396.5080076809925,1426.4545696755813,1390.9180071459105,1405.4420166015625,2728305
2021-07-16,1406.490235512165,1412.4795480835442,1385.777196202813,1393.0142822265625,2134914
2021-07-19,1387.5240274538844,1410.1337059408836,1330.3760054598306,1378.1407470703125,6190302
2021-07-20,1337.6130404027097,1380.4366464399072,1333.7199631533522,1363.2672119140625,4529933
2021-07-22,1372.5506883671364,1422.361824991906,1338.112143822652,1414.226318359375,5009804
2021-07-23,1427.4529217404463,1432.2942586778706,1383.7308884033268,1399.1534423828125,4694140
2021-07-26,1397.3067413052634,1414.276461103513,1389.5205858331487,1401.3994140625,2054318
2021-07-27,1401.3993736289683,1422.0624536930372,1375.695239970301,1394.2620849609375,2978042
2021-07-28,1404.3440659187263,1422.2621661269409,1376.1443853908288,1397.406494140625,3188606
2021-07-29,1411.4312847792687,1422.4616501761684,1394.511526523584,1397.7557373046875,2538248
2021-07-30,1406.9892418687978,1446.917989420945,1397.7557189973636,1417.7200927734375,4403219
2021-08-02,1432.4439322768617,1442.4261199582336,1421.5633233335911,1435.63818359375,2483790
2021-08-03,1464.3869482405987,1464.3869482405987,1419.6666982171168,1440.2301025390625,4442122
2021-08-04,1457.3993742909367,1457.3993742909367,1420.5152402375318,1427.003662109375,3341801
2021-08-05,1425.4563568477454,1435.4385442206287,1404.8930752301803,1429.798583984375,2104359
2021-08-06,1419.4671525488438,1552.2302547211336,1419.4671525488438,1533.9129638671875,14250256
2021-08-09,1543.944979517544,1562.212432420547,1479.859380871221,1490.739990234375,6031426
2021-08-10,1485.349541187781,1495.980595540648,1423.5099366516586,1443.9234619140625,3581449
2021-08-11,1452.4083349288849,1454.0054606173371,1404.4938331580352,1434.4903564453125,3197412
2021-08-12,1441.0285383562134,1455.4029124796737,1427.7023426433834,1440.329833984375,2455443
2021-08-13,1442.4261801659277,1451.410149454158,1425.4564603992694,1434.4404296875,2095991
2021-08-16,1428.9501429275144,1447.1176754656385,1411.0321650772926,1427.5526123046875,1909352
2021-08-17,1428.450977591273,1448.4153518413254,1413.6772919050857,1439.08203125,3062815
2021-08-18,1439.3316785738075,1494.1339137882403,1430.0481952088337,1457.3994140625,4738820
2021-08-20,1435.4385648129694,1480.0090564428622,1408.486658519541,1427.5526123046875,4933377
2021-08-23,1412.5295707834666,1425.206900884007,1359.1248646393278,1394.212158203125,4866080
2021-08-24,1404.4938264414577,1445.8201083917609,1387.5241071454343,1435.239013671875,3362312
2021-08-25,1441.6774663544393,1479.1606301114182,1422.461754928216,1472.7220458984375,5361140
2021-08-26,1479.360115623098,1491.9876065676476,1457.7986160412702,1473.0712890625,4678919
2021-08-27,1472.3726900014767,1512.301440916771,1471.474268735307,1503.367431640625,5164477
2021-08-30,1511.0535716844213,1524.2799695868614,1490.640047813879,1513.8486328125,3149863
2021-08-31,1514.5975049791084,1594.0057411297037,1510.105520168543,1584.772216796875,7234384
2021-09-01,1592.059033825954,1597.998386367808,1558.7185047743285,1562.411865234375,3056760
2021-09-02,1568.2017131892208,1591.460259649856,1562.711509864879,1567.7525634765625,2171898
2021-09-03,1575.6883591919711,1578.583218052035,1548.7864115566747,1562.761474609375,1687999
2021-09-06,1569.1999409864886,1625.5493430523898,1563.2605879153823,1579.18212890625,5562312
2021-09-07,1582.276490776964,1589.513576597934,1550.2336937884847,1555.3245849609375,1651169
2021-09-08,1557.1213817215692,1576.187334609412,1535.5099223957743,1553.1783447265625,2084219
2021-09-09,1558.81833121195,1562.7114085965943,1532.3156972663494,1542.2479248046875,1243149
2021-09-13,1545.242564540065,1554.2265329385534,1522.533088866107,1529.72021484375,1759456
2021-09-14,1537.1571537304235,1544.4940375362191,1494.383502542152,1510.504638671875,7143757
2021-09-15,1521.2853929451924,1542.8468938289584,1494.2336888716636,1514.0982666015625,12834337
2021-09-16,1520.287118365817,1532.2657430673205,1497.078533006654,1500.5223388671875,7616906
2021-09-17,1500.5223524579726,1522.2835696039522,1463.1391096045854,1477.61328125,3329954
2021-09-20,1462.290779487554,1485.8487193607898,1407.438582003049,1416.32275390625,2273312
2021-09-21,1417.4705814305426,1444.372527174995,1378.8894035583555,1438.88232421875,2682157
2021-09-22,1432.4438633634368,1460.0446353451605,1421.8128096236496,1435.18896484375,1663858
2021-09-23,1450.4119297475756,1477.3638375956036,1438.5331015476834,1471.723876953125,1622616
2021-09-24,1480.358421816288,1513.299640912672,1452.4082965223863,1459.0963134765625,2760295
2021-09-27,1459.3958125,1541.2497500000002,1459.3958125,1528.5224609375,4737676
2021-09-28,1554.226553152415,1555.124974374522,1472.372617790502,1484.6507568359375,3547971
2021-09-29,1463.6882747756154,1495.3317619856955,1461.6918371761683,1483.0037841796875,1764350
2021-09-30,1482.0552694910316,1516.294219973517,1460.743324410365,1465.48486328125,2072145
2021-10-01,1462.390511620823,1466.1338320430607,1420.115970689595,1456.1016845703125,2311858
2021-10-04,1468.3797668010495,1528.2728912116972,1457.4991581625404,1523.9306640625,3209302
2021-10-05,1512.3014630458133,1555.0751137191403,1509.6561588883917,1524.928955078125,2544835
2021-10-06,1527.0751675030094,1538.2551693110352,1469.3780721777052,1476.9146728515625,1777998
2021-10-07,1500.173118643574,1533.014541959598,1487.3460312679804,1518.041259765625,1919106
2021-10-08,1519.2890523853473,1566.6544869133688,1508.7577950353464,1545.1429443359375,2646112
2021-10-11,1550.2337226898644,1560.9146146008595,1529.4208860700444,1537.00732421875,1910095
2021-10-12,1536.2585998928544,1564.108926366749,1511.8022414150278,1551.6810302734375,1900749
2021-10-13,1565.656157220566,1605.435272081536,1548.5368030580937,1566.9039306640625,3923958
2021-10-14,1577.1855709752108,1653.05019337655,1571.994882394162,1643.4173583984375,5256882
2021-10-18,1669.9699301906724,1669.9699301906724,1605.6847432094696,1612.622314453125,3791222
2021-10-19,1622.3051160516368,1634.0841464224677,1559.2676974395115,1566.6544189453125,1822638
2021-10-20,1571.1963006174851,1604.4868713076432,1536.3584421353792,1586.8682861328125,2768997
2021-10-21,1599.096351583344,1623.9520208667295,1578.8824234915992,1592.208740234375,3129269
2021-10-22,1592.2089234704292,1605.9344317789637,1534.2622741976113,1540.2515869140625,2580699
2021-10-25,1542.2479517251015,1548.6365760251524,1491.388755715187,1529.470703125,2276050
2021-10-26,1529.2711079012706,1554.476131056954,1518.190904270733,1541.0999755859375,1661783
2021-10-27,1545.2426368589292,1578.3336130459602,1537.256886797643,1563.7596435546875,2121282
2021-10-28,1547.239149398067,1564.1090715911123,1365.2638123115803,1396.0589599609375,7093354
2021-10-29,1397.5062705092234,1452.2087075531635,1375.2959029957733,1421.064208984375,3165141
2021-11-01,1433.4422242488913,1454.4048194503027,1408.6863487936905,1442.7257080078125,1543436
2021-11-02,1452.4082931059947,1486.3477308830422,1450.2122605792183,1470.1766357421875,1667692
2021-11-03,1471.3744681553728,1498.326374966903,1461.8414301531068,1483.2532958984375,1710819
2021-11-04,1492.3371603532462,1508.8077711531314,1480.358534316966,1486.7969970703125,272261
2021-11-08,1492.3370200786107,1572.3442766627643,1483.0036992065534,1565.45654296875,2565017
2021-11-09,1552.2302126215684,1656.0449663917568,1552.180252941104,1632.536865234375,4713708
2021-11-10,1622.6545573182884,1682.996832740337,1617.5137063233876,1652.9005126953125,3728328
2021-11-11,1647.0609642550064,1700.964777630625,1637.9272381735625,1661.9344482421875,4470709
2021-11-12,1675.310610228811,1716.4371748066685,1667.125143204078,1702.16259765625,5349189
2021-11-15,1710.697434744313,1760.85792845454,1688.7865812578127,1746.4337158203125,3997553
2021-11-16,1756.3160146238677,1763.4034655688404,1703.8596899238753,1708.55126953125,2172117
2021-11-17,1710.947000973873,1726.618987189133,1679.503109182346,1703.410400390625,1476385
2021-11-18,1704.957654630829,1710.9469672349185,1637.0787784511472,1685.741943359375,2255988
2021-11-22,1688.3871619366594,1698.3693491044853,1607.182093696969,1672.7650146484375,2552170
2021-11-23,1657.193048973469,1717.2857750304315,1647.061103270651,1704.9078369140625,2472589
2021-11-24,1718.5332737520205,1785.7134403856223,1709.3995483604074,1752.0235595703125,4562858
2021-11-25,1759.8097486084955,1770.5406004883043,1732.4586515320302,1759.90966796875,2341862
2021-11-26,1736.9006344541335,1765.3998286629076,1657.891595591004,1666.576171875,3510810
2021-11-29,1652.0519597011455,1693.9771453854044,1606.9823607199935,1662.0841064453125,2119826
2021-11-30,1665.0289125725194,1715.588717771511,1645.214294308464,1659.8880615234375,2952368
2021-12-01,1690.9826399627325,1701.963046715737,1649.4068027500973,1690.283935546875,2476360
2021-12-02,1689.4853526900076,1731.90965253599,1684.6440157840427,1729.16455078125,2159661
2021-12-03,1730.9113862137942,1741.8917929314134,1698.0699635696117,1705.0574951171875,1544077
2021-12-06,1706.9541379544396,1724.8721165678385,1637.0788223656614,1642.6688232421875,1574680
2021-12-07,1655.94510171026,1683.6955097306372,1651.053805485466,1675.460205078125,1476012
2021-12-08,1676.8079738404306,1723.3249451298298,1676.0593097471906,1712.4443359375,1406394
2021-12-09,1721.9274748183243,1736.1520930885629,1703.5602240496855,1719.182373046875,1306393
2021-12-10,1707.5530794199788,1784.815240019591,1707.5530794199788,1737.300048828125,2708578
2021-12-13,1751.873865673606,1759.06099176599,1708.0520391930197,1716.487060546875,1104594
2021-12-14,1708.9504634108764,1724.8221655666337,1680.0021202806688,1717.0360107421875,1198653
2021-12-15,1716.9363513470505,1723.9238830095094,1684.0450903342005,1692.2803955078125,866378
2021-12-16,1704.258836655882,1716.7864082394867,1683.994948288032,1699.0181884765625,751885
2021-12-17,1695.923850140589,1698.9684663449348,1637.0788982407123,1642.3695068359375,1215873
2021-12-20,1626.098412498551,1626.098412498551,1552.4298168928235,1587.117919921875,1945211
2021-12-21,1618.2124322852358,1642.9683066540867,1600.0448993157363,1617.613525390625,1563851
2021-12-22,1628.3444554118685,1660.487052779075,1624.1020254130942,1655.1466064453125,993006
2021-12-23,1671.7169052614554,1681.1999834623418,1655.2462957546522,1673.2142333984375,979023
2021-12-24,1677.007516144378,1700.9148066958812,1655.2462984437352,1695.175048828125,1234386
2021-12-27,1691.731116282312,1734.9040744054628,1683.046662464582,1727.117919921875,1672655
2021-12-28,1736.9006968116432,1756.8650726370645,1725.0218688249415,1747.881103515625,1552918
2021-12-29,1747.881004664826,1751.8738796040946,1706.355129667007,1714.98974609375,1100579
2021-12-30,1710.9467980253737,1721.9272033802624,1681.998456635213,1693.378173828125,1359574
2021-12-31,1691.9308571177814,1721.92737992664,1688.0379013932927,1706.405029296875,1310960
2022-01-03,1709.9486765130011,1729.9130510198663,1708.1518340662344,1714.09130859375,1094708
2022-01-04,1722.6760872246707,1724.9220795157069,1696.971953227258,1715.9381103515625,1191189
2022-01-05,1718.9326685911003,1741.5423474004604,1699.5173628583257,1712.394287109375,1583598
2022-01-06,1706.9541301073878,1720.7794359718923,1672.615379376757,1710.048583984375,1615375
2022-01-07,1716.8364854680358,1727.7170944225768,1686.4906105146574,1696.073486328125,1295933
2022-01-10,1704.5085869627223,1762.854427981196,1696.0735648609354,1749.478271484375,1670551
2022-01-11,1754.8687008982122,1846.7048331408944,1733.9061054949912,1840.61572265625,5126019
2022-01-12,1869.6636961178224,1869.6636961178224,1805.078992515767,1826.840087890625,2518912
2022-01-13,1830.73319750718,1859.681541415417,1804.7795098653116,1850.0487060546875,1881069
2022-01-14,1846.7046498264356,1887.0825486990589,1827.838291465742,1866.9185791015625,2357616
2022-01-17,1872.6583577207423,1898.0131381073652,1852.3446307162544,1874.4552001953125,1700525
2022-01-18,1881.6423614596904,1905.1005023054745,1826.790289372082,1837.6707763671875,2294146
2022-01-19,1836.522903328896,1853.6922170722055,1808.0237093010403,1846.0059814453125,1544606
2022-01-20,1851.6958398481445,1877.000661590857,1840.4159188750336,1862.5264892578125,1252017
2022-01-21,1857.5352474673005,1869.6636290686183,1807.52451486172,1825.0931396484373,1929667
2022-01-24,1818.7545565777173,1824.1948000063528,1693.5280635391332,1712.7437744140625,2381112
2022-01-25,1665.028934533119,1747.431944033089,1665.028934533119,1738.2982177734375,1817963
2022-01-27,1714.9400752057384,1722.4766766638943,1651.5531748707183,1682.9970703125,3549583
2022-01-28,1699.467479507798,1740.9933565454596,1680.9504723261944,1690.68310546875,1624750
2022-01-31,1705.9059509371143,1730.911380345893,1701.9630354612152,1711.895263671875,1024738
2022-02-01,1724.8721327109945,1761.9559856303986,1696.1235042828512,1743.7884521484375,1574361
2022-02-02,1751.8739393411352,1782.8187211756508,1743.8881891902925,1776.1805419921875,1405276
2022-02-03,1768.7935412138083,1783.8167810883515,1743.2891270525524,1748.7293701171875,588866
2022-02-04,1754.868626284246,1766.8472517196333,1730.611861036435,1754.169921875,855996
2022-02-07,1761.8561467877494,1762.3552561777742,1719.0325367530409,1728.71533203125,854871
2022-02-08,1736.301826017416,1743.8882646182756,1674.062907457855,1712.9434814453125,1480201
2022-02-09,1721.5281174929034,1788.708291449997,1715.0396952952271,1779.973876953125,1674022
2022-02-10,1795.7956260267497,1805.77781405358,1762.85440553821,1782.9185791015625,1747943
2022-02-11,1760.85783427359,1771.7384427675102,1740.2445931922732,1761.1573486328125,1196002
2022-02-14,1733.2073099276838,1734.8044355990933,1650.0556371256916,1660.986083984375,1919476
2022-02-15,1633.085885991472,1748.2803548873624,1624.9503787536412,1741.14306640625,2261554
2022-02-16,1741.1430981566546,1772.836544260409,1726.9184806140247,1735.0040283203125,1663614
2022-02-17,1746.882815176536,1758.8614401948894,1720.9291276367703,1727.86669921875,1075487
2022-02-18,1735.9025395517504,1751.47472887698,1721.9274759785908,1733.2073974609375,945100
2022-02-21,1735.7028663691713,1735.7028663691713,1668.3230986041085,1682.1982421875,1449291
2022-02-22,1633.1856818080698,1675.9094932926014,1627.0965717689576,1664.7293701171875,1717579
2022-02-23,1679.0039994708625,1714.4407664038083,1667.0253740287396,1685.6920166015625,1285012
2022-02-24,1623.1038568985955,1645.6635786325128,1526.0770330133405,1541.199951171875,2798065
2022-02-25,1591.160695876969,1635.182118613153,1575.9878195382382,1615.816650390625,1741584
2022-02-28,1600.893298132167,1648.1589309192282,1589.4137826662154,1641.520751953125,1869037
2022-03-02,1635.0824521068466,1661.285696531636,1612.6225283141705,1638.875732421875,1249817
2022-03-03,1667.0253534640178,1675.2106986740075,1632.037736675613,1640.8720703125,1333325
2022-03-04,1618.9112272978937,1652.5511506355217,1598.3478234410286,1612.123291015625,1433490
2022-03-07,1587.167765134244,1589.1642025746646,1536.5581247607345,1561.2640380859375,1508821
2022-03-08,1572.0946793508274,1604.536787603325,1550.632976968406,1598.7470703125,1396347
2022-03-09,1606.7329205012925,1666.975399375633,1605.1357948272637,1653.599365234375,1498176
2022-03-10,1679.0040160597564,1746.4835823465166,1675.2606955721085,1739.74560546875,2294474
2022-03-11,1746.882810879287,1753.8703421228042,1718.1340621648094,1731.0111083984375,1354129
2022-03-14,1728.914895805699,1749.3284207477045,1719.3818578873288,1733.007568359375,659190
2022-03-15,1736.900728511654,1751.0753868652516,1683.645779395968,1698.3695068359375,1085901
2022-03-16,1720.9292131061577,1760.857965150384,1715.5887668908183,1754.86865234375,1269866
2022-03-17,1772.4373469286477,1820.3518512214853,1756.8651574040528,1816.408935546875,2392329
2022-03-21,1832.7796649449565,1838.619220517624,1792.9507107050786,1799.738525390625,1081052
2022-03-22,1799.7383238011348,1833.7277186611784,1786.8114406116,1828.2874755859373,964066
2022-03-23,1844.7583481978968,1844.7583481978968,1797.642346548325,1807.7742919921875,1553366
2022-03-24,1811.767057640657,1836.273377051272,1796.9435333578087,1829.535400390625,1030145
2022-03-25,1832.2805069873505,1874.6548449164352,1818.754593949811,1863.6744384765625,1366115
2022-03-28,1873.5568372390887,1920.97222890154,1847.7529063575728,1906.29833984375,1895438
2022-03-29,1915.8313985026973,1927.460671690549,1882.141514589989,1913.8349609375,1715098
2022-03-30,1924.2661988373284,2011.4107427870688,1913.8848215181447,1991.6959228515625,3215951
2022-03-31,2001.4285004536853,2038.362592482008,1987.453438605131,2011.1611328125,2786973
2022-04-01,2014.4055509452785,2045.350333937996,2009.4644165956583,2040.0098876953125,1267111
2022-04-04,2046.3485446579316,2071.8031241158715,2028.3806062170324,2062.17041015625,1334265
2022-04-05,2074.2986446051523,2185.899554013704,2063.9172666765357,2136.03857421875,4970260
2022-04-06,2149.913720448812,2178.9619847401977,2120.416306442768,2156.152587890625,2259018
2022-04-07,2162.0917694746117,2211.004486339069,2077.542693350054,2095.31103515625,3499044
2022-04-08,2111.2327159128367,2172.1240613836085,2101.500082825295,2167.0830078125,1924054
2022-04-11,2177.963613362692,2196.081185662107,2154.655108750754,2176.31640625,1615715
2022-04-12,2184.102612075268,2215.047393142148,2151.161393520202,2193.03662109375,2632324
2022-04-13,2206.063483334956,2213.2006500634434,2169.5785385232653,2195.5322265625,992512
2022-04-18,2175.917320565279,2236.0100416946725,2152.9083292075825,2229.87109375,1747434
2022-04-19,2241.0013255857184,2250.9835141183944,2136.288265360259,2164.43798828125,1639219
2022-04-20,2174.1207050415187,2204.017311541866,2158.0492837065126,2180.06005859375,1119025
2022-04-21,2212.052799765934,2289.4647143111683,2199.974255136896,2282.277587890625,2243636
2022-04-22,2292.908468048487,2301.8924367957384,2260.96546805826,2269.250732421875,1786042
2022-04-25,2255.924300064865,2290.911914205977,2238.605351860649,2280.131103515625,1683622
2022-04-26,2292.908728427221,2409.6004160355246,2291.0122100697354,2391.03369140625,3199358
2022-04-27,2400.6662835714496,2416.637784566066,2320.858738280131,2329.942626953125,2559876
2022-04-28,2355.6468329489594,2385.643114201378,2332.138730467,2374.3134765625,1679893
2022-04-29,2384.744411671345,2389.885140359044,2297.4002777151954,2327.845947265625,1916180
2022-05-02,2320.85859180898,2358.0921998939903,2306.8835293206685,2335.332763671875,1006544
2022-05-04,2354.4984466602277,2358.690916544036,2229.0723619458977,2249.785400390625,1744686
2022-05-05,2265.9569059412315,2299.696753546184,2232.017463297178,2251.3828125,1636796
2022-05-06,2206.063490032508,2257.970866268567,2196.0813022948046,2243.6962890625,1161579
2022-05-09,2225.5289641011677,2240.202732705733,2176.1171301818995,2193.735595703125,1450886
2022-05-10,2186.0992936529688,2216.045859319448,2093.7640495146584,2105.74267578125,1471866
2022-05-11,2105.842472888855,2153.906610510753,2073.3004426049515,2115.525146484375,1397917
2022-05-12,2099.253975730855,2109.8351916833126,2007.4678128369808,2041.556884765625,1553685
2022-05-13,2080.787003621908,2131.1970509631915,2031.6746894087776,2050.490966796875,1547617
2022-05-16,2078.940338103356,2138.1347631584504,2053.984867481964,2102.14892578125,1742552
2022-05-17,2129.250712245805,2188.3452179124133,2115.624879068528,2180.95849609375,1061085
2022-05-18,2195.781564832316,2212.9508772556296,2168.1309563493014,2177.21484375,1296983
2022-05-19,2141.1792722387027,2150.9119052943333,2093.863799789017,2110.983154296875,986930
2022-05-20,2155.154242577803,2228.423400030758,2147.1684927210995,2215.596435546875,1444803
2022-05-23,2227.774961809618,2241.0013618293237,2151.810408365074,2166.78369140625,1455450
2022-05-24,2157.1509187370643,2175.0189385362887,2138.7338298332866,2156.352294921875,1008943
2022-05-25,2164.137994222501,2177.5639860820456,2062.5192887415737,2070.455078125,1382448
2022-05-26,2073.300352318158,2084.2807586135355,1902.8045403724136,2042.7548828125,4967514
2022-05-27,2076.2949447519063,2090.5695212382243,2044.052431243697,2076.444580078125,1354005
2022-05-30,2116.223889020035,2171.125923876687,2098.2559503396765,2161.79248046875,1384584
2022-05-31,2156.1526083021663,2221.8354540925234,2146.5696103385185,2163.689208984375,2861556
2022-06-01,2166.084965673006,2185.4005980888005,2122.213295534232,2147.06884765625,1448212
2022-06-02,2151.161354263378,2214.0491339935834,2138.4840251858977,2205.46435546875,1855167
2022-06-03,2231.0189660477317,2238.256052179206,2172.174017899167,2186.09912109375,1651685
2022-06-06,2184.6017260079625,2226.0278039743007,2164.337836719424,2221.086669921875,1664487
2022-06-07,2206.063487192358,2250.683817581297,2203.1187905546776,2223.582275390625,2046676
2022-06-08,2240.951348260868,2240.951348260868,2154.705337499797,2173.322021484375,1530739
2022-06-09,2156.4520815870437,2220.0385692030104,2151.1614733059746,2215.2470703125,1440385
2022-06-10,2186.0992610953717,2211.054732112442,2167.1331031223976,2199.176025390625,1305761
2022-06-13,2168.630197650897,2168.630197650897,2063.068566626003,2076.04541015625,1764172
2022-06-14,2269.9495130358946,2269.9495130358946,2049.44308130552,2192.53759765625,6515102
2022-06-15,2214.448338424141,2215.746071517381,2170.327119194201,2180.708740234375,1313510
2022-06-16,2201.072232104012,2213.350370847372,2072.351979561797,2079.28955078125,2131789
2022-06-17,2058.3270522087923,2133.59264810018,2056.480250048226,2092.06689453125,2280135
2022-06-20,2103.5465656480537,2119.518066749231,2021.3931081177209,2076.1455078125,2603594
2022-06-21,2096.2592547962768,2173.122094138807,2087.9240312294355,2157.94921875,1331500
2022-06-22,2146.120554527633,2146.120554527633,2073.400457978878,2085.478759765625,1774137
2022-06-23,2101.250496587573,2124.2095281417364,2076.2950275069607,2106.591064453125,1026783
2022-06-24,2117.2219540986925,2164.1382350240287,2104.8441391666474,2157.599853515625,1156536
2022-06-27,2185.10058758925,2207.0613975147703,2165.4856889335174,2177.7138671875,1202504
2022-06-28,2166.134870690524,2206.3131787759125,2156.152682346328,2200.67333984375,1282047
2022-06-29,2181.107932782979,2243.7961179903846,2173.3217779202246,2216.1455078125,1692493
2022-06-30,2216.0455769303203,2244.4948106882093,2176.615937160614,2186.997314453125,1568415
2022-07-01,2185.9994139958085,2238.006714796998,2134.4415066524,2228.22412109375,2141743
2022-07-04,2228.2239554347707,2272.944206392159,2224.38095928027,2257.8212890625,1581159
2022-07-05,2259.9675203682373,2286.6199154406117,2234.0138297633016,2242.44873046875,1356776
2022-07-06,2241.0010248567232,2272.9440238747256,2232.5161657425665,2268.801513671875,1045463
2022-07-07,2275.9388217507253,2290.862143792545,2251.9815709954546,2270.2490234375,946131
2022-07-08,2281.927841783293,2299.496587566277,2259.8671120597905,2288.96533203125,898576
2022-07-11,2288.965608155201,2380.352585643809,2286.9691706074686,2369.022705078125,1967308
2022-07-12,2360.1882617469128,2385.543163648088,2345.963644880471,2361.43603515625,1273008
2022-07-13,2369.272482825612,2380.402525719752,2329.5433231443008,2349.30810546875,982185
2022-07-14,2361.760389473484,2400.706966720615,2333.299429177503,2379.835693359375,933554
2022-07-15,2411.192406665757,2419.630782355267,2373.7437774464715,2401.955078125,1169788
2022-07-18,2420.6796279988466,2438.505274762161,2402.7542644982973,2420.2802734375,937204
2022-07-19,2403.6527939387206,2455.9311798823696,2401.7055139049003,2447.942138671875,843301
2022-07-20,2458.627402635097,2469.412656899364,2440.652060130048,2447.742431640625,693601
2022-07-21,2450.438714414101,2495.5267682300496,2447.892158766639,2492.08154296875,1314165
2022-07-22,2502.067815594798,2510.6061520524377,2479.698597982839,2495.97607421875,833522
2022-07-25,2501.5685680395754,2558.6401845544083,2496.575417205165,2547.106201171875,1220351
2022-07-26,2551.499846774262,2565.08131334414,2529.529985079924,2556.193359375,865142
2022-07-27,2556.4933102478813,2568.976187739326,2524.5371438697825,2545.208740234375,953588
2022-07-28,2556.392991423258,2562.135114264556,2528.131955788413,2546.906005859375,759442
2022-07-29,2561.4862222373417,2618.4081382870604,2556.4930717066645,2565.680419921875,1107195
2022-08-01,2572.321770339433,2665.743433124708,2565.680733039449,2656.506103515625,1267039
2022-08-02,2656.3561279194487,2693.305442480734,2636.383525453889,2679.9736328125,1096480
2022-08-03,2681.322051606111,2713.2782175842844,2667.540906266784,2707.685791015625,815831
2022-08-04,2721.267125295338,2740.141137375829,2680.5729471831232,2719.869140625,1223799
2022-08-05,2756.219330647159,2763.8587540954945,2681.3220662274,2694.70361328125,1639981
2022-08-08,2696.3011893887365,2803.803618917268,2691.9570510611425,2788.0751953125,1581696
2022-08-10,2797.9120595471018,2831.016551932356,2777.7397790131317,2823.3271484375,1304663
2022-08-11,2837.1083998828767,2844.49816584478,2811.2439752100154,2830.16796875,978616
2022-08-12,2836.1095582048097,2867.2167891112376,2830.167757715582,2860.6259765625,843025
2022-08-16,2875.056016195477,2981.9094353455,2867.066975511364,2971.7734375,1969492
2022-08-17,2981.909446314865,3024.401205371042,2975.917665779738,3004.5283203125,1510171
2022-08-18,3000.8835616438355,3181.635616438356,2999.884931506849,3149.329833984375,3502295
2022-08-19,3173.646432393473,3254.435509314248,3071.037190439908,3125.911865234375,6109949
2022-08-22,3129.7069502951917,3187.427822836603,3025.050459801044,3047.419921875,3473580
2022-08-23,3028.4955512657616,3069.789004459807,2923.389730602328,3026.498291015625,4169136
2022-08-24,3033.838448864857,3148.680918127352,2981.9096801548594,3130.35595703125,3475387
2022-08-25,3162.661685285638,3173.4469396676795,3051.5141008211194,3062.149658203125,3119494
2022-08-26,3075.780794685868,3168.6034163356867,3073.783534429578,3135.249267578125,2897602
2022-08-29,3050.81506849315,3162.1123484990367,3033.6886591663097,3138.295166015625,1924984
2022-08-30,3160.6642304703937,3258.6299396861164,3156.669710115929,3189.97412109375,4392183
2022-09-01,3195.6163496481868,3240.554704565114,3180.03762242118,3228.82080078125,1880363
2022-09-02,3256.532937485727,3364.784348832755,3220.582251883309,3351.203125,4835905
2022-09-05,3369.477883910314,3427.0987913372715,3308.461487893936,3341.965576171875,3686950
2022-09-06,3365.3833539981456,3442.877145369355,3350.40390286759,3431.09326171875,2580772
2022-09-07,3431.0934899580484,3483.1719543304494,3401.4342235078225,3468.991455078125,2188110
2022-09-08,3494.2070044274283,3496.70357988072,3445.274125542906,3458.056640625,1560414
2022-09-09,3474.2343797429494,3503.1446745555986,3410.471745529874,3446.472412109375,1614634
2022-09-12,3460.2532389794696,3490.7114565231564,3453.162867864864,3459.054931640625,1647756
2022-09-13,3473.235484608286,3564.0108630923974,3416.613206751554,3550.928955078125,3479669
2022-09-14,3513.180799520372,3603.057511276152,3506.190388606033,3567.206787109375,2740337
2022-09-15,3585.082379145114,3762.7885725479055,3570.10292630746,3743.56494140625,4716688
2022-09-16,3749.856137586057,3861.652731861507,3609.648564877617,3697.12841796875,5687429
2022-09-19,3713.855462976884,3796.741763538672,3675.7078408771526,3773.4736328125,3092486
2022-09-20,3813.768372241564,3879.6779591931063,3806.777961504279,3829.297119140625,3338704
2022-09-21,3832.392964037498,3857.508659028948,3566.3579849897887,3635.11376953125,6089846
2022-09-22,3634.0150701305647,3730.832213193773,3603.107516138149,3711.209228515625,3490772
2022-09-23,3726.887509200207,3732.779329229795,3649.99299199538,3669.2666015625,3001474
2022-09-26,3641.305122355048,3652.989046212917,3527.1616487763863,3581.287353515625,3123908
2022-09-27,3591.073963817168,3624.578053592328,3481.074952019714,3554.224609375,3546332
2022-09-28,3523.167096688975,3592.022595353108,3498.2013434528003,3543.888671875,2259832
2022-09-29,3578.5908324198667,3659.72952507624,3438.882584063852,3465.9453125,15060223
2022-09-30,3443.2267494122666,3518.9729432068625,3366.4821692818387,3451.01611328125,4307707
2022-10-03,3435.287799131802,3455.310382885073,3105.939518930543,3152.97509765625,7578847
2022-10-04,3225.575245375395,3286.691359158114,3120.719084148021,3233.2646484375,5642467
2022-10-06,3265.520304919378,3314.253500738735,3203.655221298423,3280.499755859375,2845165
2022-10-07,3275.5067221351133,3306.4142749135367,3223.7276540203543,3273.110107421875,1930275
2022-10-10,3229.569759728773,3274.2584569297205,3209.94677568703,3241.802978515625,1590792
2022-10-11,3253.0876511681995,3333.4273969192923,3244.549314736603,3269.465087890625,2544394
2022-10-12,3292.483753191251,3292.483753191251,3140.691963538515,3219.234130859375,2972601
2022-10-13,3213.5917508680614,3258.330429349276,3184.631477165397,3229.22021484375,1840193
2022-10-14,3267.517652063211,3300.472445008836,3190.4734381991657,3205.103271484375,1344415
2022-10-17,3206.601313036665,3230.5684358995986,3131.804014624399,3208.19921875,1985298
2022-10-18,3244.5495741198306,3293.4824547390585,3221.681039679449,3279.80126953125,1635079
2022-10-19,3295.479578676863,3305.465880430429,3255.1847535787456,3272.7607421875,1396513
2022-10-20,3255.5341400521083,3360.3903010047065,3240.554688487451,3352.501220703125,2211287
2022-10-21,3370.2767354341454,3377.3671068948074,3282.4972443415827,3307.363037109375,1120790
2022-10-24,3320.4452427726874,3335.5246555330177,3282.896651677805,3305.26611328125,248249
2022-10-25,3317.3995731222217,3340.418048194639,3289.487907549519,3295.97900390625,879424
2022-10-27,3315.302220888748,3350.4039712317904,3292.483425678454,3320.445068359375,1106870
2022-10-28,3317.4490466188618,3383.3086500624795,3293.132307228494,3318.747314453125,1323334
2022-10-31,3335.37477570468,3355.397359303429,3321.543894182934,3342.864501953125,575722
2022-11-01,3357.294584223826,3602.5082648904754,3347.408243318838,3570.8017578125,4393335
2022-11-02,3575.095929532698,3620.183983188547,3521.169901545333,3575.794921875,2534755
2022-11-03,3545.137127830713,3609.7484515119095,3537.597421234228,3585.481689453125,1275216
2022-11-04,3637.0110072026014,3844.52640118534,3561.864088396453,3827.9990234375,6112097
2022-11-07,3847.17280399286,4008.201921179741,3814.767303279902,3955.1748046875,5985652
2022-11-09,3971.551842167836,4042.454578097913,3937.6483995934914,3991.72412109375,3732472
2022-11-10,3989.5272386268903,4024.479292031632,3956.722142408827,3986.781005859375,2313795
2022-11-11,4034.4658747583017,4043.4035659918864,3969.704610904617,4003.358642578125,1476875
2022-11-14,3993.522005915747,4072.413788478224,3984.534334484578,4017.039794921875,1803092
2022-11-15,4019.536559967805,4059.431787941687,4016.490689077851,4052.24169921875,1065546
2022-11-16,4051.741933452028,4090.3888693696513,3858.257352533969,3951.179931640625,3059841
2022-11-17,3964.561565192897,4027.475262575052,3894.657456990504,4012.6455078125,2266112
2022-11-18,4022.831793428864,4037.461627353516,3978.5424495118496,4014.29345703125,1440776
2022-11-21,4014.443223497236,4014.443223497236,3916.5774687785615,3996.3681640625,1492003
2022-11-22,3996.368258528681,4050.4439849172654,3982.537133099126,4028.47412109375,1705043
2022-11-23,4044.452119685135,4056.285984520763,3867.694582602599,3897.953125,2861156
2022-11-24,3904.643867631715,3929.609621261073,3815.765784711197,3915.728759765625,2797181
2022-11-25,3923.617786661991,3944.4890588878575,3840.032493416709,3895.756103515625,2506346
2022-11-28,3894.0582653534993,3919.623294426885,3866.0966214696896,3880.826416015625,1119166
2022-11-29,3879.677970298993,3909.636873544545,3858.756718293752,3873.0869140625,1513444
2022-11-30,3892.460396406925,3934.502576726916,3861.702541009258,3912.53271484375,1968428
2022-12-01,3932.106278743472,3939.546024719157,3897.1042426628783,3909.737060546875,945838
2022-12-02,3899.650681602036,3958.3701823679335,3879.678078879362,3917.126708984375,1297832
2022-12-05,3923.5176798585935,3933.6039413332,3804.8306394381984,3925.015625,2392866
2022-12-06,3914.629962372503,4051.442285037053,3903.6450313556415,4026.27685546875,2962621
2022-12-07,4025.478059606744,4052.341112618485,3979.091738765219,3993.821533203125,1257261
2022-12-08,4004.506875970497,4039.458930997671,3997.866083037809,4019.486328125,895075
2022-12-09,4038.460244532781,4088.391751018103,3936.100656237873,3991.324951171875,2129800
2022-12-12,3991.524545381,4026.376638660079,3963.3132448038136,4011.197509765625,802499
2022-12-13,4022.282663479584,4066.422068407841,4006.104903422501,4054.63818359375,1215308
2022-12-14,4070.416665899175,4086.4447292550376,4034.4659789579655,4050.244384765625,1114492
2022-12-15,4050.244235500516,4067.470605691662,4019.486377934216,4038.210693359375,866138
2022-12-16,4013.39458601006,4042.354860170264,3938.647266056142,3975.346923828125,1598960
2022-12-19,3982.53706779283,4098.378166053604,3966.009689926283,4069.717529296875,1643404
2022-12-20,4089.390249191903,4166.284766698076,4060.829330881426,4159.59375,3778426
2022-12-21,4169.280999765554,4184.260452459323,3877.930644871758,3896.60498046875,3585883
2022-12-22,3942.591600270132,3942.591600270132,3811.821038581677,3863.25048828125,2879658
2022-12-23,3816.7644435739344,3842.728827543825,3611.845585003573,3637.210693359375,3036157
2022-12-26,3647.995777994573,3739.769787233038,3615.0409844895576,3711.658447265625,2162662
2022-12-27,3727.3368490734574,3792.6971400256234,3689.988181045413,3764.48583984375,1804911
2022-12-28,3750.9047116113024,3819.760209635522,3739.8698000222303,3792.49755859375,1377950
2022-12-29,3784.808248449631,3819.760303514469,3742.965742908771,3805.380126953125,1531692
2022-12-30,3824.453555150027,3892.6600381351273,3816.814132587392,3853.064453125,1528747
2023-01-02,3864.698584649178,3868.6931051501074,3817.31363396814,3835.93798828125,923051
2023-01-03,3836.637099887522,3847.572295143734,3785.806922455374,3825.7021484375,799905
2023-01-04,3833.741198883845,3869.641904511737,3798.389788607288,3821.8076171875,1028377
2023-01-05,3821.8074780869633,3837.1363042598846,3751.753428361386,3824.5537109375,997006
2023-01-06,3823.7547235313705,3862.950955680393,3791.848540008243,3819.01123046875,912159
2023-01-09,3837.735356074661,3874.6846686364,3806.028851376412,3850.0185546875,753981
2023-01-10,3853.7138550494574,3856.759725852133,3550.130281083396,3641.904296875,3595798
2023-01-11,3654.986381159526,3659.480216874066,3555.223325819205,3630.819580078125,2226506
2023-01-12,3637.510100622327,3673.960098885255,3607.051882895771,3642.20361328125,1199785
2023-01-13,3646.198120356253,3730.93198065524,3637.210449584437,3716.05224609375,1364712
2023-01-16,3714.9039965127777,3734.826618378002,3595.068383722043,3614.84130859375,1863848
2023-01-17,3615.041155104074,3644.6007051655215,3555.323023172885,3634.36474609375,1668381
2023-01-18,3643.002723783188,3643.002723783188,3522.268438272387,3591.77294921875,3652240
2023-01-19,3465.2465354700857,3532.853746204908,3422.0058022748854,3458.805419921875,3696319
2023-01-20,3445.2740493868846,3472.5866817646456,3436.2363976845013,3451.41552734375,1510258
2023-01-23,3438.3333509098934,3455.2600820302814,3407.8751334237886,3431.642578125,974857
2023-01-24,3442.727397564,3503.194500778526,3425.301350533165,3437.284912109375,1518123
2023-01-25,3417.3121460710104,3423.303926572596,3310.458727126066,3384.307373046875,3686439
2023-01-27,3330.4316195379342,3341.915866501858,2708.285023144491,2757.667236328125,14764368
2023-01-30,2846.096049881873,3033.389191329199,2661.3494641877865,2888.887451171875,20947906
2023-01-31,2975.9176688070875,3069.3895427726256,2902.019042132012,2969.825927734375,11568020
2023-02-01,2990.897041683693,3006.6254651917125,1938.54063147796,2132.4248046875,13525314
2023-02-02,2345.632697537082,2345.632697537082,1492.702526288108,1563.10595703125,34474080
2023-02-03,1487.9588972007682,1677.5987837145583,1016.056240349317,1584.6263427734375,43885579
2023-02-06,1572.8424302510225,1612.787634828826,1433.233891490362,1570.5455322265625,19308603
2023-02-07,1568.8478979964882,1960.011262122092,1523.510066760975,1800.4801025390625,19188072
2023-02-08,1867.2886464847647,2219.1059911817024,1838.3283708182164,2161.285400390625,19173006
2023-02-09,2165.030143387138,2165.030143387138,1729.0282486705132,1923.06201171875,18279862
2023-02-10,1766.5766328883385,1987.2738832378711,1730.775768467912,1844.4197998046875,11334878
2023-02-13,1847.4656649934127,1919.067393626788,1659.9728657488113,1715.2969970703125,12210940
2023-02-14,1732.623286344715,1886.412327322863,1609.1426456202787,1747.3031005859375,14579030
2023-02-15,1777.5617554275182,1821.9009606738584,1747.6028494371667,1776.6629638671875,7636578
2023-02-16,1817.506886074343,1872.3815644503493,1787.5479813588315,1794.138916015625,5578515
2023-02-17,1797.5342462258966,1813.3625095134337,1700.8668002231775,1720.340087890625,5392513
2023-02-20,1647.7398226805285,1682.6918795252668,1558.3624201775542,1619.2288818359375,6762330
2023-02-21,1623.7726980973705,1642.197376445538,1559.1613732012306,1568.9478759765625,5571915
2023-02-22,1532.8972750735954,1557.8630287392891,1379.3079097610098,1402.925537109375,10606476
2023-02-23,1378.1095872052058,1436.030135073251,1348.1506831355273,1380.7559814453125,8907540
2023-02-24,1408.0685083836645,1425.0452208960917,1259.8717700710345,1313.8477783203125,8736727
2023-02-27,1298.2192258031787,1312.0003709614052,1129.5007067186891,1191.8651123046875,10271008
2023-02-28,1143.4316105951143,1396.085058176393,1102.2381137068624,1361.9818115234375,33948366
2023-03-01,1422.0493646928312,1577.8356714990682,1409.067172458978,1562.1572265625,20114340
2023-03-02,1497.8453016171263,1643.7451338964556,1405.9713330153804,1605.0482177734375,26970925
2023-03-03,1686.536437992499,1903.339010634236,1683.1910515024358,1876.92529296875,22888891
2023-03-06,1964.005834518024,2132.075334723761,1852.4588973829404,1980.1837158203125,27180456
2023-03-08,2037.205453194072,2085.1396991515794,1938.3410709067125,2036.85595703125,13568243
2023-03-09,2046.9921149628888,2066.016067939729,1902.739917729498,1950.4744873046875,12627794
2023-03-10,1867.4383561643835,1937.3424657534244,1818.1060030166416,1893.6024169921875,9419942
2023-03-13,1914.3740179230529,1982.280868845728,1854.8556847302689,1871.8323974609373,7572604
2023-03-14,1871.4328684192676,1872.2816796513257,1649.0878450239477,1735.81884765625,12679663
2023-03-15,1758.487845089001,1888.8589372566337,1725.7327276019785,1836.4808349609373,12296703
2023-03-16,1858.4506815559164,1872.431503448331,1792.5410926345353,1841.2742919921875,6509495
2023-03-17,1898.3959510555665,1916.2214751895929,1842.4726615978536,1873.9794921875,5969594
2023-03-20,1834.483561643836,1847.415773156571,1774.9652298600706,1802.4774169921875,5168139
2023-03-21,1834.4335301870904,1858.4506330726667,1802.4773666952449,1821.7509765625,4094018
2023-03-22,1831.4877045126543,1847.4657869947712,1803.6758790728384,1812.9132080078125,3248124
2023-03-23,1791.54248046875,1831.487686276303,1777.5616584361064,1791.54248046875,4108804
2023-03-24,1793.539654424571,1820.5026670467664,1692.9276721398965,1738.2655029296875,6187968
2023-03-27,1738.2655632037304,1754.9926179104705,1679.695881596228,1720.689697265625,5053055
2023-03-28,1725.582976403996,1730.6261075907018,1570.8452782689983,1598.6571044921875,8144878
2023-03-29,1600.754087275338,1753.594474487803,1588.9203448434955,1738.015869140625,9332702
2023-03-31,1785.55061080138,1822.499924335861,1737.6163662161082,1748.052001953125,4893249
2023-04-03,1748.0520847523933,1752.5459203951202,1693.177407165221,1715.0972900390625,3445796
2023-04-05,1715.0972573417905,1735.569174879484,1669.2602321823051,1695.6739501953125,3690559
2023-04-06,1702.66447913722,1791.193070131045,1685.837584765076,1751.6473388671875,6012473
2023-04-10,1771.569813826897,1810.216750294016,1758.1881459821975,1794.7879638671875,4197975
2023-04-11,1807.5205236062516,1826.4944959534996,1790.3939926069331,1800.679931640625,2883672
2023-04-12,1811.5150310533395,1856.2037287598648,1794.588299342495,1844.719482421875,4809035
2023-04-13,1852.4588318156573,1882.417734756072,1823.548539239392,1868.187255859375,3402280
2023-04-17,1868.187350413106,1902.290594366948,1844.469884384876,1876.1763916015625,2983032
2023-04-18,1889.4082451591648,1900.1435192793872,1827.4931758146251,1848.4144287109373,2542401
2023-04-19,1844.4698328587856,1875.1277288018075,1832.4862714108672,1851.3104248046875,2455884
2023-04-20,1852.4587655842668,1876.3260484540824,1834.3336055727311,1840.3753662109373,2016823
2023-04-21,1843.4712476005705,1850.711316151548,1793.5897206209363,1800.5301513671875,2090833
2023-04-24,1801.5286857621008,1814.910353373989,1773.3673659321546,1799.4814453125,1963582
2023-04-25,1803.526021339606,1911.128418238467,1799.3318235395884,1842.0731201171875,5364841
2023-04-26,1851.460271791572,1871.43287450777,1823.898104423837,1845.36865234375,2422711
2023-04-27,1845.468465801407,1862.3951976112387,1830.039679174856,1850.5115966796875,1782360
2023-04-28,1865.491032343779,1941.3369407052608,1854.6059397256677,1922.31298828125,6159130
2023-05-02,1932.3492410797935,1963.3067741410205,1905.386228413564,1917.219970703125,3813963
2023-05-03,1916.3712464872424,1937.3424795128976,1782.9043033504904,1836.4808349609373,5849432
2023-05-04,1836.5307893136808,1932.3493015246893,1836.5307893136808,1908.6318359375,4842127
2023-05-05,1952.1221721120655,1952.3218493712263,1900.5429029641723,1917.66943359375,6137744
2023-05-08,1917.669546749908,1924.260481431271,1873.4301818605131,1884.9144287109373,2835197
2023-05-09,1897.397123039421,1927.3560249821487,1886.5120309529468,1893.50244140625,2700563
2023-05-10,1896.3985752582191,1912.2768183574287,1881.369143370266,1889.5579833984373,1970906
2023-05-11,1922.3629639051624,2010.991386267024,1907.383512238369,1981.9312744140625,8835941
2023-05-12,2006.247907929644,2007.2465380480755,1943.883505794809,1962.008544921875,3816201
2023-05-15,1957.2150745498225,1962.0084256851355,1877.424508555593,1913.4251708984373,4836782
2023-05-16,1924.3602598152988,1932.349300852415,1878.4232738518824,1886.5621337890625,3058799
2023-05-17,1897.3972642882995,1917.3198868020893,1855.2051409113624,1896.89794921875,3632797
2023-05-18,1907.433594299924,1921.3644363322585,1874.628495876452,1887.4110107421875,2437396
2023-05-19,1885.4137731979145,1980.2836399636992,1869.535529011232,1953.37060546875,7541150
2023-05-22,2007.2465019386616,2343.7848457960395,1980.6829656468572,2322.91357421875,26311368
2023-05-23,2407.59720636295,2755.6697758713185,2396.71223581443,2630.092041015625,28432888
2023-05-24,2705.289172113217,2746.233009712568,2422.0278175611616,2472.208984375,23465761
2023-05-25,2436.65765806072,2555.2949731242607,2383.380640022856,2533.97412109375,8434009
2023-05-26,2561.4863613831885,2596.388436727347,2531.6771535732705,2540.86474609375,3963515
2023-05-29,2566.479563646272,2579.9610710817674,2519.5439451671373,2530.578857421875,2779432
2023-05-30,2525.835372495851,2550.651186278082,2471.7594017625897,2493.0302734375,1736953
2023-05-31,2478.5997776115805,2569.4751119236894,2424.673755052747,2489.934326171875,4268439
2023-06-01,2496.475467812266,2556.4932386323226,2481.895613594407,2488.736083984375,1704946
2023-06-02,2531.527416331126,2535.421976372237,2421.6781004351005,2441.70068359375,5543791
2023-06-05,2459.825653556212,2510.556112222338,2424.67392222587,2430.61572265625,2956768
2023-06-06,2471.609616250829,2503.5158007175564,2422.5767784625286,2430.316162109375,6473608
2023-06-07,2449.63977882384,2463.5706207738094,2431.6644359706684,2436.208251953125,2522516
2023-06-08,2446.643801210839,2472.5082238725945,2365.804741519823,2425.822265625,3781621
2023-06-09,2444.5966685549524,2455.531620122402,2424.674045484471,2447.792236328125,1948506
2023-06-12,2456.6299221015743,2501.56827433514,2429.267556264047,2481.39599609375,2804898
2023-06-13,2495.5767785097164,2501.568559490532,2438.8545364634238,2459.1767578125,2210990
2023-06-14,2466.516469751801,2481.396205027936,2448.9907059499687,2453.783935546875,1364403
2023-06-15,2465.618021490937,2523.5385744461714,2459.526279605921,2482.2451171875,3744029
2023-06-16,2495.77621041228,2523.4382144595875,2483.992326880621,2506.162109375,7999982
2023-06-19,2500.570157340272,2518.146147342466,2346.7810981428274,2398.110595703125,11475674
2023-06-20,2431.6642220252083,2431.6642220252083,2386.725868846098,2411.491943359375,2479711
2023-06-21,2423.375627416324,2436.6574565761093,2389.821802166851,2402.654052734375,7418013
2023-06-22,2421.7780109254445,2446.593823219964,2356.767092338878,2393.966064453125,8459191
2023-06-23,2389.0230189662566,2389.0230189662566,2160.33670864692,2230.490478515625,15213238
2023-06-26,2207.022469672374,2333.249214982948,2170.073156501309,2292.455322265625,7847341
2023-06-27,2325.759846417898,2340.639583263109,2267.889272827595,2281.32080078125,3361053
2023-06-28,2296.8492036258845,2415.286829648367,2290.707726103876,2398.70947265625,28353193
2023-06-30,2434.6103561857567,2434.6103561857567,2346.780882145015,2384.77880859375,5125497
2023-07-03,2401.705465290787,2414.53795999787,2369.9489783606323,2382.232177734375,2662358
2023-07-04,2393.716263434662,2410.6929745228517,2369.799122162829,2384.428955078125,2308684
2023-07-05,2387.7245435445784,2408.745755685827,2370.747832026277,2395.86328125,2198481
2023-07-06,2395.8635352056344,2424.274759303015,2386.7261664423622,2399.6083984375,2476366
2023-07-07,2392.8779567782058,2407.8146618362807,2366.001888570337,2377.49169921875,1823645
2023-07-10,2390.6797691847128,2460.517732654762,2352.913215288222,2408.1142578125,3771285
2023-07-11,2421.602274057813,2442.7834395937502,2385.883952738549,2420.7529296875,2247776
2023-07-12,2427.7467184904226,2429.844955207315,2378.340585928651,2385.783935546875,1445282
2023-07-13,2394.8760131957174,2403.568255322333,2353.462790913841,2359.95703125,1247741
2023-07-14,2372.895506049521,2382.8866450223613,2337.926519644581,2373.99462890625,1353535
2023-07-17,2397.7732901143995,2457.320574611058,2389.181057147298,2406.415771484375,3090373
2023-07-18,2412.860081930401,2507.775902958719,2403.0687168710424,2414.75830078125,5978272
2023-07-19,2426.4978554213158,2440.835237336417,2414.7582671942573,2421.602294921875,1637260
2023-07-20,2426.797511428259,2431.7430761484384,2397.873214562455,2417.605712890625,1564275
2023-07-21,2407.8644692697358,2455.672166364164,2393.177543905936,2414.158935546875,2280563
2023-07-24,2427.8467214413163,2437.238294316684,2409.912676131576,2416.05712890625,1113193
2023-07-25,2425.848458112805,2476.803265099524,2413.859091762989,2464.464111328125,3017555
2023-07-26,2470.259235945113,2503.779557739616,2443.83272076261,2468.560791015625,4021773
2023-07-27,2468.5603688339256,2482.7977401810404,2412.8597756688987,2426.247802734375,2243944
2023-07-28,2434.8405983308794,2479.4509368364484,2428.9459238324184,2461.017333984375,2339800
2023-07-31,2474.8049735449013,2515.768640850247,2464.8138351777434,2489.991455078125,3359974
2023-08-01,2502.6305666107664,2511.7723612867826,2453.074419271827,2478.901611328125,1575727
2023-08-02,2490.79087022355,2511.7722614288023,2448.828087813045,2471.358154296875,2506971
2023-08-03,2467.711320452885,2547.740441296261,2459.818418224076,2530.35595703125,4720470
2023-08-04,2543.044505862047,2555.6331938921007,2499.782827803062,2539.547607421875,3294056
2023-08-07,2548.6895427024497,2566.723597299396,2514.170108831296,2548.239990234375,4684333
2023-08-08,2560.978778595422,2560.978778595422,2459.1191623153045,2472.357421875,6127920
2023-08-09,2486.145275692751,2514.6697836036888,2469.809665167734,2504.878662109375,5781400
2023-08-10,2507.7758524213677,2575.216039687679,2507.7758524213677,2550.13818359375,8140756
2023-08-11,2547.790456317522,2565.8742716014794,2515.968580947403,2537.249755859375,7157372
2023-08-14,2477.802217464882,2482.7477819769847,2397.9231181504138,2453.823486328125,9786919
2023-08-16,2447.8291544892577,2462.8158635983755,2417.855736271022,2442.93359375,7084828
2023-08-17,2452.7743748529456,2484.995794907252,2439.88590440093,2477.50244140625,7769452
2023-08-18,2475.304589690472,2663.5875479397905,2459.1189939332558,2575.115966796875,14679923
2023-08-21,2585.706744912516,2652.6473754801887,2578.213390744492,2637.410888671875,10479200
2023-08-22,2666.4851039667474,2718.5887938274286,2651.748174636004,2695.6591796875,10291468
2023-08-23,2717.589712728803,2719.9874884350265,2486.644640409817,2528.057861328125,5251316
2023-08-24,2577.7139139724804,2610.684673337245,2528.8573408471398,2537.2998046875,4558367
2023-08-25,2546.7413906375214,2546.7413906375214,2483.797213466017,2493.53857421875,2808721
2023-08-28,2547.740362421628,2579.71200618535,2453.473871442314,2470.259033203125,4457038
2023-08-29,2469.909587548648,2534.402195118707,2442.833503093922,2504.22900390625,4802150
2023-08-30,2514.769737735604,2540.746699666921,2490.191437723177,2510.873291015625,6484593
2023-08-31,2447.7789478302248,2487.7435021536207,2381.6376592098613,2417.106201171875,6230369
2023-09-01,2378.8902842486177,2463.365416415763,2377.891170311512,2447.879150390625,6764397
2023-09-04,2451.8255004309467,2477.8024617232063,2447.879049327173,2468.410888671875,5998454
2023-09-05,2479.80047356849,2499.183183890494,2461.81642500917,2491.83984375,6489319
2023-09-06,2491.8400615361084,2501.7811960181757,2468.8104374444533,2494.287841796875,7416248
2023-09-07,2495.786557176479,2517.767063284519,2482.798076294456,2507.2763671875,4298988
2023-09-08,2511.5725006561674,2536.3505734709424,2503.8793726252834,2517.067626953125,5640973
2023-09-11,2562.7271225819463,2627.9193037704345,2543.743958710969,2612.6328125,9148241
2023-09-12,2620.126257794036,2624.2727269278103,2527.758224425482,2533.453125,5658774
2023-09-13,2543.44427073164,2564.675441643265,2493.7883574314264,2516.66796875,1780068
2023-09-14,2539.597647942488,2542.7447590135976,2503.8293231762223,2517.567138671875,1218481
2023-09-15,2517.5672598840038,2555.733362168272,2511.9721244612206,2537.79931640625,1547001
2023-09-18,2549.738562258568,2552.735903828621,2488.79261700082,2500.232421875,861677
2023-09-20,2500.1822460913004,2531.4045519734163,2456.720796303395,2468.11083984375,1203019
2023-09-21,2477.602539910416,2501.581271980346,2458.819151004116,2477.052978515625,1279908
2023-09-22,2487.743426339028,2495.786341436358,2457.820015986165,2462.715576171875,865589
2023-09-25,2477.752393590148,2486.7944229002146,2421.852021337935,2479.900634765625,1216898
2023-09-26,2488.792488559772,2496.785399000751,2450.426616012782,2455.771728515625,698863
2023-09-27,2457.820206600792,2495.7865349954386,2442.933506984188,2481.099609375,1077373
2023-09-28,2487.743565930512,2508.7749619672254,2444.531890460547,2473.056640625,2225560
2023-09-29,2459.8684677793017,2477.352961324276,2402.91897451853,2411.760986328125,1689201
2023-10-03,2415.857272153825,2422.751060100185,2369.8980353800134,2385.134521484375,2019899
2023-10-04,2400.0712311867383,2500.5321771496574,2390.1300972075787,2462.765625,2857377
2023-10-05,2475.754125130253,2484.2965973647247,2444.23203425939,2464.16455078125,1132455
2023-10-06,2464.1647083427224,2512.72149838548,2463.864925382571,2475.904296875,1510035
2023-10-09,2437.83799721936,2457.520492920246,2409.1634761188934,2440.435791015625,1408224
2023-10-10,2440.835375656318,2515.718917295297,2440.835375656318,2496.08642578125,1771910
2023-10-11,2531.6544367589954,2535.750901032501,2480.3000834567315,2486.394775390625,1627836
2023-10-12,2497.684670777482,2519.515406448075,2488.442867462465,2504.129150390625,1804818
2023-10-13,2486.694415102413,2492.78910728312,2420.20358214978,2452.375,2278682
2023-10-16,2452.375131875176,2462.516040637928,2419.7041553327645,2427.197509765625,803856
2023-10-17,2457.7698912386286,2459.818123269908,2421.35224278823,2426.247802734375,707543
2023-10-18,2437.837857800152,2439.5863070834107,2398.9224211090605,2404.2177734375,776977
2023-10-19,2397.8732873339677,2412.5602124340307,2380.438799092167,2400.0712890625,1168822
2023-10-20,2395.925144819454,2441.7843754155333,2379.939322365146,2391.62890625,1240350
2023-10-23,2395.675400145814,2410.212556430173,2299.7604640666364,2306.604248046875,1483549
2023-10-25,2317.9441736818785,2345.969366463191,2233.3192778499874,2255.0,1540819
2023-10-26,2247.0072703643614,2247.0072703643614,2165.129931062802,2201.247802734375,2226073
2023-10-27,2220.0310287553125,2272.9840640946604,2210.0398900120395,2259.69580078125,1244293
2023-10-30,2258.0472996145686,2302.9574182706083,2248.0061566632835,2297.062744140625,996448
2023-10-31,2317.944088267482,2317.944088267482,2273.983079696892,2292.616455078125,1155280
2023-11-01,2296.962758453175,2310.2010170654,2205.044283560747,2215.335205078125,1666579
2023-11-02,2245.0087736554274,2295.9135744556834,2202.246652991422,2213.3369140625,2340997
2023-11-03,2213.336868739075,2276.980369555216,2213.037085811673,2227.8740234375,1853300
2023-11-06,2251.952672154799,2257.997359889804,2231.0212852362533,2244.009765625,770061
2023-11-07,2255.000039572348,2257.9973812288463,2224.6768355777226,2231.37109375,641554
2023-11-08,2243.3103454925026,2295.9635958821423,2233.019424193468,2257.947265625,1169180
2023-11-09,2266.989187876452,2270.5860950875663,2208.141483257563,2212.687255859375,1267890
2023-11-10,2218.282718811482,2235.0178772576446,2196.5519906798977,2203.146240234375,1072597
2023-11-13,2213.536690577262,2239.9131981220817,2193.604418451706,2211.688232421875,853633
2023-11-15,2238.014893302841,2248.0060312193714,2218.5321743656064,2223.427734375,696475
2023-11-16,2224.027353623528,2230.821376354761,2194.153948105481,2203.945068359375,1307584
2023-11-17,2203.945196848642,2235.966845291737,2199.0496364362853,2206.8427734375,916518
2023-11-20,2209.0407844342344,2216.5341385198326,2140.101926846735,2147.945068359375,1577213
2023-11-21,2158.085943638873,2230.571703169563,2156.437503334973,2194.703369140625,1839502
2023-11-22,2203.196057303752,2223.0285670333,2151.591918699421,2170.724853515625,1247205
2023-11-23,2188.0594397824243,2188.0594397824243,2158.685588708486,2173.322509765625,729114
2023-11-24,2177.0689954399363,2249.954299210081,2158.984937880571,2223.477783203125,1946259
2023-11-28,2298.960854390441,2510.17341419498,2272.983895583769,2421.352294921875,11972275
2023-11-29,2466.512279623492,2475.4542996761843,2387.882069468121,2394.476318359375,4561574
2023-11-30,2397.9231846785,2406.865204628149,2340.973696648693,2356.4599609375,2983879
2023-12-01,2367.900025822468,2401.2205731226427,2352.014211826543,2360.6064453125,1792983
2023-12-04,2547.690416699847,2592.700546258872,2485.2457985336896,2528.95703125,5681516
2023-12-05,2528.9570255305443,2997.241656238271,2528.9570255305443,2956.727783203125,22879079
2023-12-06,3077.270863401712,3151.7548546757257,2842.329323462043,2881.39453125,19355777
2023-12-07,2897.430018486752,2943.2892443130936,2850.521674386104,2884.59130859375,6325887
2023-12-08,2900.1275915180445,2924.406105752087,2757.5541004016945,2819.64892578125,6959428
2023-12-11,2834.5361455800576,2917.312586039068,2808.559184117737,2853.26953125,5064123
2023-12-12,2866.5577248233158,2893.383786091956,2838.0329748227146,2855.11767578125,2017772
2023-12-13,2857.465728560262,2896.5311792721827,2802.514464549488,2872.50244140625,2805832
2023-12-14,2898.379139236367,2930.350780945696,2884.4415504635595,2891.4853515625,3224681
2023-12-15,2909.4695946292804,2997.341610732395,2891.3355315297786,2989.14892578125,4921484
2023-12-18,2991.297008569593,3025.067107134368,2958.476263348125,2977.958984375,2315922
2023-12-19,2986.1517142119733,2991.696845218165,2912.4170585920897,2938.643798828125,1741493
2023-12-20,2943.389520506198,2965.3700260904266,2763.748794264784,2781.38330078125,3417739
2023-12-21,2747.56312819504,2819.449321982413,2722.585281575085,2797.26904296875,2678577
2023-12-22,2813.4546914255675,2845.076792192562,2788.9263968010587,2805.861572265625,1513956
2023-12-26,2814.503628774352,2891.185614400348,2797.618702799053,2862.91064453125,2048484
2023-12-27,2878.147323707943,2892.2349270756063,2831.0892060140523,2840.83056640625,1698325
2023-12-28,2852.470044355241,2864.809197983723,2797.618791509856,2807.409912109375,4102912
2023-12-29,2821.3976847735057,2860.762919348035,2800.36653201878,2846.425537109375,1507086
2024-01-01,2849.772357653715,2944.3883862975613,2839.531441142161,2914.61474609375,2898619
2024-01-02,2919.410826643,2945.5875621353644,2838.482600442424,2929.801513671875,2671368
2024-01-03,3044.29987623054,3196.1651801974067,2952.980968651754,3000.3388671875,19725411
2024-01-04,3036.706746241598,3041.752320314753,2987.350616238677,2995.643310546875,2975620
2024-01-05,3007.282676049684,3064.182160871475,2978.458387908171,3003.935791015625,3219949
2024-01-08,3017.32370962597,3024.317506303911,2950.3330798045527,2960.873779296875,1849061
2024-01-09,2988.0499857637988,3066.080881373526,2977.359515482998,3011.928955078125,2885706
2024-01-10,3021.3203883586957,3109.242410242149,3017.373937297648,3095.45458984375,3590297
2024-01-11,3117.235125758298,3126.2271501595246,3062.283865528585,3078.169677734375,2008103
2024-01-12,3093.6062329820634,3122.230746899931,3065.4810320594224,3101.349365234375,1795933
2024-01-15,3124.2292231152137,3127.2265648706807,3064.7319404843324,3086.762451171875,1407007
2024-01-16,3092.2573874005707,3101.748969042026,3032.3105559808505,3053.79150390625,2515564
2024-01-17,3030.3122902067403,3042.3016563401,2943.68916867807,2968.417236328125,2897218
2024-01-18,2972.913425573758,2982.355003180879,2882.5436217496685,2916.3134765625,2552342
2024-01-19,2942.740284843709,2946.8365055653094,2900.477717199736,2913.06640625,2014096
2024-01-23,3012.2781317966887,3012.2781317966887,2882.9428979147388,2893.983154296875,1827002
2024-01-24,2898.429173066692,2926.50436879675,2868.7055371140086,2900.876953125,5807940
2024-01-25,2900.877013585749,2923.7568667471432,2801.914739507602,2891.035888671875,2601969
2024-01-29,2926.404389424962,3089.959273569048,2920.4597109591923,3061.93408203125,4402976
2024-01-30,3078.2696926486747,3127.126261086924,3018.2228542389184,3088.36083984375,3115506
2024-01-31,3090.009461575902,3148.907176192516,3069.6773964876134,3139.2158203125,2671051
2024-02-01,3154.1024559701286,3234.081569473812,3080.3180435553622,3150.70556640625,4686595
2024-02-02,3182.12773155314,3205.656912420749,3137.2176110335527,3154.652099609375,2708695
2024-02-05,3167.190801427032,3226.538064615924,3148.657191327833,3170.6376953125,2191195
2024-02-06,3181.078624478421,3225.339418697097,3157.1999000195083,3200.9111328125,2078891
2024-02-07,3217.1966723787345,3275.0452679989044,3207.155529180089,3226.988037109375,2095911
2024-02-08,3242.724002623775,3242.724002623775,3143.312174748227,3165.792236328125,1679004
2024-02-09,3181.628320725232,3222.0924350825485,3118.4343643523844,3212.35107421875,1572789
2024-02-12,3226.1386583961425,3239.077134116157,3157.19980196092,3166.941162109375,1083138
2024-02-13,3177.181976000948,3191.169569605984,3089.3099635313115,3175.63330078125,1225207
2024-02-14,3181.178517482066,3252.365379721575,3167.041153989476,3204.35791015625,1741264
2024-02-15,3216.99693615965,3249.867685365284,3181.22861033657,3190.969970703125,2035204
2024-02-16,3211.15206137354,3249.4181723707834,3189.8208821266844,3220.74365234375,2193673
2024-02-19,3237.1289638295348,3305.6682734111955,3232.9327343279465,3255.912353515625,1779444
2024-02-20,3264.1048872284496,3266.9024547412628,3207.3051683428725,3225.739013671875,1467630
2024-02-21,3235.1306839368845,3297.0757433575413,3202.159926503309,3220.34375,1657021
2024-02-22,3236.12995309624,3271.0989399311798,3207.655206673504,3260.15869140625,1138722
2024-02-23,3260.1587404758966,3317.0082252163534,3222.2424158218955,3270.399658203125,1975035
2024-02-26,3269.1004297432573,3341.0366250187817,3260.108405333817,3324.801025390625,1695378
2024-02-27,3336.0412095144684,3337.0403233837446,3270.0996941422145,3299.373779296875,1125570
2024-02-28,3306.2674808002253,3315.8590712636924,3204.657651741855,3216.1474609375,1358879
2024-02-29,3217.1965820421246,3301.821475841046,3202.509657320705,3282.488525390625,1352988
2024-03-01,3306.9170663564937,3343.0349343808853,3278.8918741438483,3315.80908203125,1161067
2024-03-04,3332.044729222231,3347.0314371497675,3307.116887154285,3314.21044921875,1061244
2024-03-05,3322.353563448896,3331.045805758848,3292.130367400844,3307.266845703125,1190416
2024-03-06,3320.0556176653345,3320.0556176653345,3180.3294357951336,3231.08447265625,1935203
2024-03-07,3237.128950785146,3259.1094560065267,3217.146673311164,3223.69091796875,856328
2024-03-11,3238.327915715626,3256.112191875564,3197.164471924457,3204.508056640625,738851
2024-03-12,3204.5080663236263,3219.8443183416557,3108.2433444411777,3119.733154296875,1199487
2024-03-13,3122.2309250957364,3135.2694102237942,2847.624373202,2903.624755859375,3407040
2024-03-14,2924.8558899421664,3098.4519272284806,2877.447984947251,3084.714111328125,3759100
2024-03-15,3108.243151813272,3140.6143426134577,3058.537238344062,3129.42431640625,2199094
2024-03-18,3047.397401466364,3121.231821046236,2973.4129684470386,3108.99267578125,3042515
2024-03-19,3123.2299687640434,3161.9956358432205,3039.154633873267,3049.994873046875,1460452
2024-03-20,3072.2752751297558,3080.4679604119087,3018.423132917524,3048.74609375,966481
2024-03-21,3086.812092600552,3104.346588592593,3056.8886830460747,3063.782470703125,1175751
2024-03-22,3063.832848709505,3126.177459921739,3045.3492411379325,3104.9462890625,951557
2024-03-26,3097.7525146300286,3169.1391509509026,3086.362714226259,3107.194091796875,937103
2024-03-27,3112.23993366657,3135.6691068542555,3103.497686661888,3119.333740234375,900231
2024-03-28,3131.2229063172326,3234.13163616748,3094.005914211197,3194.26708984375,2327053
2024-04-01,3227.337764461118,3288.8832800532364,3205.007714503999,3249.218505859375,1292646
2024-04-02,3256.0621507550563,3282.0891162762905,3237.128991395793,3265.853515625,868829
2024-04-03,3247.120100246062,3257.261008527885,3219.1449116900963,3230.584716796875,1153109
2024-04-04,3247.1202956756742,3270.099916229686,3198.863043727388,3207.955078125,1403826
2024-04-05,3208.254571892513,3231.1341814206776,3176.132915354681,3221.9423828125,755607
2024-04-08,3238.078241972609,3240.626031278437,3194.367007544235,3221.69287109375,577440
2024-04-09,3237.828283847886,3248.1192055386327,3182.177689830989,3195.61572265625,833679
2024-04-10,3197.164414327576,3251.716129716755,3189.671060231496,3239.127197265625,1441138
2024-04-12,3207.155428875664,3244.6221979045845,3202.459642608894,3207.055419921875,705173
2024-04-15,3147.208677814963,3177.481876738802,3100.4501001025696,3144.660888671875,1035378
2024-04-16,3098.252099488408,3146.409339060643,3097.252985622078,3103.647216796875,1134184
2024-04-18,3122.380566934596,3142.2130745295585,3005.63425931181,3016.62451171875,1703646
2024-04-19,2997.341750987447,3054.3412487369174,2959.874979100104,3024.267822265625,1727317
2024-04-22,3050.294815485689,3074.7731066679357,3022.319625563121,3060.6357421875,993929
2024-04-23,3056.289341001143,3088.260984973695,3040.403527971996,3062.384033203125,1654272
2024-04-24,3069.2277633043136,3085.1138199804104,3037.3061243676093,3040.85302734375,605917
2024-04-25,3047.29708252247,3118.134153198941,3022.968563982461,3112.4892578125,1515529
2024-04-26,3117.135162578286,3127.12630094858,3063.333028808819,3077.670166015625,662764
2024-04-29,3107.244255916619,3107.7438128709464,3048.7960922603097,3078.4697265625,648544
2024-04-30,3091.2581416108355,3105.6952874433946,3042.3015647074967,3051.992919921875,804552
2024-05-02,3069.2279269138485,3117.085629555464,3012.3784430068963,3036.90673828125,2219085
2024-05-03,3027.31509176898,3042.301800144074,2972.463836685852,2990.59765625,1472168
2024-05-06,2990.597539561118,2997.5413320524503,2847.47448016343,2872.1025390625,2377944
2024-05-07,2887.3889134493857,2902.775412515381,2819.4991786795704,2833.436767578125,1262311
2024-05-08,2847.4744369479995,2888.338095333086,2817.501021822231,2858.01513671875,951411
2024-05-09,2862.261413155652,2881.094562918924,2753.557777229096,2764.1982421875,1485510
2024-05-10,2792.4732295753424,2806.51082806984,2758.003801462701,2794.771240234375,2354794
2024-05-13,2800.5163590152374,2887.4392713357247,2788.02743483126,2877.048583984375,3784373
2024-05-14,2892.384662356332,3043.3008618926274,2872.0028368851367,3034.8583984375,5725807
2024-05-15,3044.0500218303628,3116.0862256030646,3034.908227974865,3047.04736328125,1688836
2024-05-16,3062.283996160724,3074.2233580623665,2972.3137438345057,3038.95458984375,1835312
2024-05-17,3038.355369399214,3088.2610598375472,3012.8279605112016,3057.7880859375,825436
2024-05-21,3065.181402366068,3172.186597443239,3031.811096044569,3114.737548828125,3091659
2024-05-22,3127.176251887083,3142.2129636617974,3070.776325537213,3138.16650390625,3371077
2024-05-23,3153.902592075303,3402.9817197610478,3132.7714320487285,3384.29833984375,6979082
2024-05-24,3402.9818351640542,3454.785986801078,3352.626593775381,3381.950439453125,3473668
2024-05-27,3355.0243500773345,3355.0243500773345,3264.15499307317,3286.135498046875,2582485
2024-05-28,3306.717014346945,3326.5495215888404,3226.188585407905,3241.17529296875,1621168
2024-05-29,3247.1201026067865,3319.955406723236,3209.15377525323,3255.912353515625,1910729
2024-05-30,3251.1164864722746,3271.3985465279934,3171.6869349435265,3191.41943359375,1990208
2024-05-31,3222.392193186234,3431.406777938173,3222.392193186234,3408.327392578125,6384589
2024-06-03,3721.699105227372,3740.5822594935785,3582.872284033344,3642.019775390625,8511359
2024-06-04,3516.8809764130897,3516.8809764130897,2731.52743572212,2938.643798828125,20306909
2024-06-05,3027.314892848024,3147.2085519707184,2747.563021561738,3112.58935546875,8778345
2024-06-06,3181.1787080460763,3219.544584844753,3134.3701235190847,3182.8271484375,5873271
2024-06-07,3167.5906701680037,3230.8846344851936,3148.8075236365253,3216.697265625,4740455
2024-06-10,3264.105171374568,3281.4896559848057,3202.659665393688,3217.246826171875,4935698
2024-06-11,3221.143070915793,3262.1067390012613,3192.218773576886,3218.3955078125,4173692
2024-06-12,3222.042179473788,3242.1244655667338,3205.157252862275,3216.197509765625,3022477
2024-06-13,3227.1377260324025,3251.116458362055,3204.407886011586,3221.9423828125,3202978
2024-06-14,3223.401998843125,3273.3772236313907,3219.5040289175013,3260.1337890625,4224855
2024-06-18,3308.3598808576357,3343.3425382080936,3285.5711295511205,3307.410400390625,1755612
2024-06-19,3312.357974429863,3312.357974429863,3224.7014769581465,3260.28369140625,1419264
2024-06-20,3262.282707250336,3313.3574858619845,3238.394646815333,3257.8349609375,1366545
2024-06-21,3263.432191865297,3275.476269803204,3174.825972198153,3187.7197265625,4697655
2024-06-24,3184.171377642112,3213.207031412063,3133.446525593038,3193.01708984375,3261647
2024-06-25,3203.1620373157666,3206.860155151377,3154.7861172604457,3169.52880859375,1694962
2024-06-26,3167.4797223854885,3186.1203833369123,3162.332127899688,3168.928955078125,2142889
2024-06-27,3175.4258411150927,3200.663330094682,3148.439219235928,3173.57666015625,5114980
2024-06-28,3188.4194142653464,3210.358489644213,3155.435765152257,3175.57568359375,960905
2024-07-01,3178.374222253659,3191.567632585238,3155.9854195103526,3182.222412109375,832170
2024-07-02,3178.2743917528737,3206.2104929312877,3129.498524732904,3151.637451171875,1490844
2024-07-03,3156.435271383278,3192.967210361073,3146.1903500622907,3189.368896484375,1152522
2024-07-04,3190.418480286436,3192.867217596758,3136.495259349938,3142.692138671875,1055391
2024-07-05,3142.342069928811,3156.984957125745,3122.4020041481945,3146.340087890625,663988
2024-07-08,3146.3401828888173,3156.635128255256,3073.4764009426262,3112.057373046875,1155112
2024-07-09,3114.406115025787,3156.4353296343825,3098.9638187243204,3109.208740234375,922403
2024-07-10,3118.5542215420373,3125.700581415063,3061.882118750566,3094.466064453125,586710
2024-07-11,3117.1545411753686,3128.249138398057,3072.5767882338755,3076.774658203125,899781
2024-07-12,3088.469037676798,3097.2647264585803,3056.8348165006923,3063.93115234375,756036
2024-07-15,3064.580887870172,3101.9622590845297,3056.8347278869574,3088.86865234375,724171
2024-07-16,3108.459125859896,3136.1953769025367,3094.5661103328894,3107.759521484375,988357
2024-07-18,3104.4609353281567,3109.458457761073,3055.635043550696,3090.667724609375,1021653
2024-07-19,3090.4679824230443,3092.966743728367,2998.513566387171,3004.210693359375,1026941
2024-07-22,3004.2107318326093,3025.400179169175,2970.677305881804,2999.36328125,662085
2024-07-23,3018.503655649862,3036.494737041153,2884.919973927393,2993.865966796875,1443331
2024-07-24,2993.865960161793,3006.009842466137,2957.8337734290485,2969.22802734375,693702
2024-07-25,2959.2329050078,3016.154637106892,2943.6407813214846,2972.026611328125,1105721
2024-07-26,2993.515997491783,3107.459511252739,2986.619514003587,3078.9736328125,1942427
2024-07-29,3092.766834426602,3118.803975550434,3072.4768441987176,3087.8193359375,1037474
2024-07-30,3090.46791662505,3153.436700178536,3065.130379920667,3127.19970703125,1647048
2024-07-31,3139.4437585301707,3195.9157650112134,3133.446731293246,3167.82958984375,2414005
2024-08-01,3178.4242201462816,3256.3855689423226,3150.138194791994,3215.65576171875,6149883
2024-08-02,3198.4144645813417,3213.4070323840665,3109.458562285173,3159.333740234375,3360209
2024-08-05,3083.4714403598,3131.497681289919,2994.815438350145,3036.694580078125,2238921
2024-08-06,3082.471940115904,3141.2428547041463,3055.735194202123,3071.177490234375,2125201
2024-08-07,3116.4550553880717,3188.419379951234,3110.458028341141,3184.371337890625,1868169
2024-08-08,3188.9690718213837,3241.0431088886835,3154.985919454991,3165.98046875,2139376
2024-08-09,3207.410026420388,3217.7049718501007,3169.4788784332154,3185.970703125,760165
2024-08-12,3098.463875785774,3168.2793610464187,3012.50649084462,3150.188232421875,10307245
2024-08-13,3168.479246497756,3176.5253064186822,3080.222951528508,3090.667724609375,2192588
2024-08-14,3084.171009117328,3084.171009117328,3026.2497717280007,3038.59375,1232383
2024-08-16,3068.4789406332598,3120.053472552745,3037.8442240618383,3107.259765625,970067
2024-08-19,3120.503032811305,3132.7469627785026,3091.417354628305,3101.0126953125,557265
2024-08-20,3117.404534478981,3124.451090059919,3057.3344599974275,3069.12841796875,662263
2024-08-21,3069.128521618086,3151.737718354416,3066.87963640054,3114.15625,1379240
2024-08-22,3129.1986474756904,3148.439108695496,3089.46834443739,3097.514404296875,1378912
2024-08-23,3099.463371249126,3121.452469658504,3066.0800194536564,3074.82568359375,1375224
2024-08-26,3086.4698331602312,3088.468842119532,3053.4861853317702,3067.479248046875,1632446
2024-08-27,3070.6776487584525,3094.216028327826,3062.48176073535,3065.580322265625,1310440
2024-08-28,3076.4749830036844,3076.4749830036844,3020.602776664212,3026.499755859375,1569652
2024-08-29,3028.4985369265387,3040.4425665108183,2979.822718156764,3018.6533203125,1853966
2024-08-30,3028.498629203013,3037.0444414655863,3001.811907908026,3017.85400390625,3509174
2024-09-02,3019.60320319324,3057.6341549662006,2996.11484697158,3040.642578125,1842658
2024-09-03,3035.495159565084,3051.5372555573645,3022.301748999156,3034.595703125,1371577
2024-09-04,3008.508488736068,3023.5010559556827,2953.735594356478,3010.857421875,1212270
2024-09-05,3023.5010777374946,3036.394588031391,3000.5124745018047,3013.85595703125,734273
2024-09-06,3017.504055280505,3023.5010822204463,2966.529326291003,2973.9755859375,1251165
2024-09-09,2970.627408297665,2971.0271124879523,2925.8495581011493,2962.68115234375,1523581
2024-09-10,2970.127694508329,3005.909760690181,2946.139586308837,2984.920166015625,803782
2024-09-11,2983.5210730370068,2991.467085382368,2926.5493138533857,2936.39453125,888628
2024-09-12,2948.5383804408016,2998.513607227934,2915.704558833791,2989.51806640625,1314173
2024-09-13,2970.527488488992,3000.4626006138096,2954.58543990349,2966.87939453125,815948
2024-09-16,2970.5273879348774,3024.900335382082,2970.5273879348774,2983.4208984375,695162
2024-09-17,2988.5685699626088,2994.415525053723,2951.0371260417023,2973.725830078125,698700
2024-09-18,2974.52539494368,2983.2710593273355,2933.5457104031257,2954.835205078125,831891
2024-09-19,2973.5759912067674,2973.775843308192,2888.9180065922624,2941.691650390625,1655401
2024-09-20,2946.6890833796665,3023.501101533935,2940.592252363572,3007.00927734375,1787210
2024-09-23,3018.503566605088,3068.478791217755,3013.7559202668845,3042.441650390625,897314
2024-09-24,3053.48631505702,3099.463523074245,3038.743623355844,3092.366943359375,1021918
2024-09-25,3106.459988882328,3122.352012839212,3078.673714952616,3103.5615234375,913008
2024-09-26,3083.471293333565,3146.440075012662,3083.471293333565,3121.1025390625,1548019
2024-09-27,3120.45308718206,3177.42484437917,3114.45606010868,3128.7490234375,2297441
2024-09-30,3127.4496830613584,3208.309502155208,3118.8538464716057,3134.29638671875,1607429
2024-10-01,3134.7461099187017,3190.4184635010506,3105.46057835143,3184.521484375,1367116
2024-10-03,3148.439208044167,3194.766339713251,3082.5719584107246,3114.4560546875,1309703
2024-10-04,3118.354059403136,3147.9394908510344,3068.4788813820214,3109.108642578125,987583
2024-10-07,3109.1086347594887,3126.9498880334527,2978.973195175389,3016.504638671875,1743454
2024-10-08,3017.0042995538392,3168.4292296126123,2993.3661160007096,3159.1337890625,1776511
2024-10-09,3173.4267260732518,3178.374224448554,3132.84674655088,3152.187255859375,897335
2024-10-10,3138.4441914997187,3209.409012390317,3054.5858599143253,3172.627197265625,2905725
2024-10-11,3172.627174775017,3188.4193948764555,3114.456060951421,3135.6455078125,1035260
2024-10-14,3143.4416261366423,3148.539196651752,3091.3175645066567,3099.5634765625,437728
2024-10-15,3122.452107050716,3126.4501251135207,3089.968210290425,3103.16162109375,371613
2024-10-16,3096.464951709064,3113.856232461349,3059.483285081163,3084.370849609375,543476
2024-10-17,3088.41878348898,3098.4638522008504,2991.5168740764984,3012.256591796875,2655289
2024-10-18,2988.5183974030333,3030.197685445828,2966.6293468827566,3000.512451171875,796339
2024-10-21,3003.66089058639,3013.456083620827,2915.504641315772,2936.1943359375,1051690
2024-10-22,2936.544244932578,2953.5358215710576,2816.603703955073,2822.40087890625,1209732
2024-10-23,2839.44244215855,2877.5734410339983,2818.7027238878118,2834.14501953125,1270530
2024-10-24,2839.642328932659,2873.725286215764,2806.508608107791,2828.797607421875,942066
2024-10-25,2843.5904417101274,2845.5894508079905,2653.384677244529,2692.115478515625,1954174
2024-10-28,2699.761714406559,2821.0014155729323,2670.776083779347,2797.26318359375,1385033
2024-10-29,2801.6112162241147,2861.631512453755,2731.496070586129,2847.188720703125,1529844
2024-10-30,2862.5809813362703,2995.664912242695,2813.655283269948,2967.828857421875,2884272
2024-10-31,2966.4292204899184,2975.025056544369,2932.3962884839534,2945.78955078125,1156390
2024-11-01,2958.533371651975,2974.125739732058,2926.948931292692,2948.03857421875,304673
2024-11-04,2933.5458237660887,2941.541860082998,2856.334098080933,2895.96435546875,1059384
2024-11-05,2895.9643151964915,2922.5512331883533,2868.577988799786,2914.10546875,752303
2024-11-06,2916.5542646568524,3068.4789556191013,2916.5542646568524,3044.74072265625,1676755
2024-11-07,3043.4912075347315,3043.4912075347315,2941.591772395094,2968.62841796875,1285585
2024-11-08,2963.6308430639906,2993.5159295272038,2909.80742899368,2927.648681640625,835641
2024-11-11,2926.5492141406758,2945.339947789499,2886.569033619628,2902.211181640625,584144
2024-11-12,2908.5580603835474,2928.9978783613506,2853.58531353781,2868.577880859375,597231
2024-11-13,2858.582791687032,2887.5684213929494,2806.608559110904,2815.30419921875,890146
2024-11-14,2822.600752614333,2843.390495346869,2799.612148750973,2825.3994140625,646797
2024-11-18,2825.39930653396,2857.233377738805,2791.9159065290223,2817.30322265625,489692
2024-11-19,2829.597343881524,2893.36578213782,2808.407896503793,2820.10205078125,536296
2024-11-21,2538.0918116290777,2538.0918116290777,2153.982189234129,2182.56787109375,21796668
2024-11-22,2099.95892629846,2288.565374111626,2023.996585318601,2226.89599609375,20939196
2024-11-25,2313.852854850152,2332.493515662577,2236.89101043397,2256.38134765625,7466733
2024-11-26,2264.4773863197843,2291.713882663976,2134.941511603406,2149.434326171875,7723187
2024-11-27,2178.9199205937166,2416.8020036677094,2141.0885757406795,2396.612060546875,17502156
2024-11-28,2438.791043642777,2525.048333047681,2398.810862599453,2435.892578125,14445549
2024-11-29,2462.829143832785,2518.7513725260087,2398.8108309771515,2461.929443359375,8191680
2024-12-02,2490.115571833662,2506.757223737457,2425.3976570661184,2455.83251953125,3807565
2024-12-03,2462.779025734978,2556.732446359608,2460.830040813184,2512.9541015625,4070042
2024-12-04,2526.7474415021547,2528.796474584203,2468.8762270597917,2493.513916015625,2344949
2024-12-05,2503.758696581083,2536.892172143549,2469.0259162592497,2521.300048828125,3333144
2024-12-06,2518.751317671733,2533.743885038827,2501.259989076791,2505.157958984375,1240437
2024-12-09,2506.6573599862927,2524.748489924975,2481.919622406861,2494.613525390625,958369
2024-12-10,2499.7608411373003,2499.7608411373003,2453.783632543812,2465.9775390625,1119816
2024-12-11,2467.7766487602057,2478.7711984306643,2449.7855674812736,2456.032470703125,712674
2024-12-12,2455.7826143334846,2533.5441150686925,2445.0379407054484,2502.859375,2579624
2024-12-13,2502.759228018965,2543.738911864323,2477.821639946268,2526.297607421875,1940935
2024-12-16,2528.746406252581,2536.242690065583,2501.759784525775,2511.155029296875,654321
2024-12-17,2510.755243242607,2523.7488014281776,2479.520728373446,2486.367431640625,1061891
2024-12-18,2487.7668142995235,2495.363146454869,2450.785146107847,2456.182373046875,990217
2024-12-19,2427.7964882340034,2432.794010852847,2395.912391533648,2418.1513671875,1181898
2024-12-20,2427.7964900262,2452.6342750680496,2331.8440556735795,2343.7880859375,1337016
2024-12-23,2372.773673336799,2378.320972149316,2331.5941364914124,2337.791015625,758920
2024-12-24,2354.0329613514014,2411.704322485464,2338.840541679466,2371.2744140625,1156186
2024-12-26,2376.8718388569305,2408.8059603573192,2366.826769346943,2399.060791015625,895785
2024-12-27,2413.8034059844063,2444.9378740479365,2389.3155453439845,2408.755859375,1982291
2024-12-30,2423.7984926164027,2608.7068312283754,2420.749954986705,2591.065673828125,7825097
