date,close,high,low,open,volume
2015-01-01,195.77297973632807,197.2342902439024,195.5580807464968,196.84747468548468,208341
2015-01-02,198.5236968994141,199.1683939102044,195.98789128025103,195.98789128025103,582581
2015-01-05,198.2658233642578,200.5437607628988,197.32027558062885,198.5237048021184,967248
2015-01-06,190.95925903320312,197.70709333488657,189.75582979859223,197.70709333488657,1479156
2015-01-07,189.1970977783203,191.64693867593235,187.47790566081227,190.830325043395,1172388
2015-01-08,194.612548828125,195.55810977027568,190.14265179951207,190.7873488646888,1084102
2015-01-09,192.3776092529297,196.33174343178044,190.87331608223312,194.87043268924003,1225314
2015-01-12,195.98789978027344,196.50366265783208,191.73290194779645,192.46355072187723,1035171
2015-01-13,197.79307556152344,200.07100006870104,194.4406427710932,195.9879184346459,2105508
2015-01-14,200.1569366455078,201.01653265752824,197.75006518857185,198.78157777971748,3179578
2015-01-15,206.6898651123047,209.3116356565382,201.05950842927083,202.1340034788424,3732809
2015-01-16,205.74432373046875,208.10821291296617,203.76725015455557,205.87325789386517,1204955
2015-01-19,212.1483154296875,212.7500300631527,205.0136653335835,205.7013448217132,2395181
2015-01-20,212.4921417236328,213.9964348167036,211.03083105650015,212.32022513627516,1960237
2015-01-21,212.01934814453125,213.52364114446803,209.1826918377657,213.1798079910401,1033591
2015-01-22,214.0394287109375,214.85604238193707,210.68700917045692,212.4062013689384,2518070
2015-01-23,217.0479888916016,217.82162004109324,210.85890034648617,214.9849637486944,2926698
2015-01-27,215.0709228515625,216.18840030744448,210.772942726166,215.3288042823652,2395358
2015-01-28,214.08236694335935,216.61817228934092,212.32019268042544,213.3946875826543,2733606
2015-01-29,220.0135955810547,220.95914331983224,212.62107778354493,213.26577478941812,2751278
2015-01-30,213.8245086669922,220.3144480851764,207.1626395527442,219.19698375912768,2568740
2015-02-02,214.2543029785156,215.58667940166083,209.35460840228572,214.89899997845097,845482
2015-02-03,210.6440277099609,216.96205119856924,208.4520550235476,214.68412677167427,2247358
2015-02-04,213.8245086669922,215.71561727614505,208.88183158222756,211.5036020504685,2304210
2015-02-05,212.7930145263672,216.1884164557732,211.2887213701143,213.17983014326745,1218994
2015-02-06,213.39471435546875,215.1139064147273,211.46062328880288,211.5465881383236,864075
2015-02-09,211.4606170654297,216.01647851166288,209.74142505676767,212.44914722385272,807547
2015-02-10,214.55517578125,217.0479990385007,210.6010287700304,210.6010287700304,1479339
2015-02-11,215.6296539306641,216.6181840478169,213.9104619937766,214.89899211092947,1570176
2015-02-12,223.23709106445312,225.21415136577025,216.1024285448723,216.23137581434565,2027412
2015-02-13,227.87892150878903,228.65255271879843,222.63538027883004,225.0422387617014,1674012
2015-02-16,228.82444763183597,230.37170981659415,226.4175632821402,227.7499527166466,955073
2015-02-18,232.1768798828125,233.3803090105266,227.7929351299799,227.7929351299799,2423402
2015-02-19,227.83590698242188,234.66970560581623,225.3001145479658,234.66970560581623,2789435
2015-02-20,226.15969848632807,228.6525214814863,224.4834758996463,228.007824522422,830196
2015-02-23,225.3430633544922,227.79291695318733,222.8502404532597,226.9762903426938,1068181
2015-02-24,221.17405700683597,226.46059379223124,218.3374004857668,225.4290680212297,1165496
2015-02-25,224.39752197265625,227.62100692475985,222.07662854681428,223.408991833902,1385462
2015-02-26,223.28005981445312,226.93334279505527,219.6697592569015,225.2141508041837,3015768
2015-02-27,231.6181182861328,232.39174932465195,223.9247247358749,223.9247247358749,1907559
2015-03-02,245.37168884277344,246.70405215047083,232.43475329521,233.8101121426065,2832881
2015-03-03,241.54644775390625,245.8444272513067,238.3229631308559,245.45759860342667,1657278
2015-03-04,236.08804321289065,243.91037229334967,234.66971501703773,242.4920440974968,3325192
2015-03-05,234.97059631347656,237.2485207041137,231.27431738891917,236.38892461460603,1196807
2015-03-09,226.71847534179688,236.38893163599676,224.82735339559224,236.04509843653904,1477604
2015-03-10,223.06515502929688,228.6954981602355,222.20555905615893,227.62100319381307,1755355
2015-03-11,223.36602783203125,226.7614163225396,220.1855121106448,224.2256238396721,1390394
2015-03-12,226.976318359375,230.9734608345818,224.35456099412997,224.35456099412997,1700626
2015-03-13,220.05657958984372,231.0164287686348,218.3373875617981,230.37173175811768,1480291
2015-03-16,220.61529541015625,223.1940832611991,219.32590148463484,221.6897903480908,976672
2015-03-17,222.3774871826172,224.01071427355515,218.46630979262707,223.19408761169265,1014172
2015-03-18,217.21990966796875,223.4519938730513,215.7585990704517,223.4519938730513,1030832
2015-03-19,216.36032104492188,220.744252987194,215.0709269825369,220.744252987194,1354373
2015-03-20,219.3689117431641,222.20558136256085,208.8818424414015,218.50931568373443,1780884
2015-03-23,220.18551635742188,222.6353702730069,216.7901146850313,220.0995515084421,1117431
2015-03-24,217.77867126464844,222.20558581281367,216.48927714968048,219.1110346903325,662042
2015-03-25,213.8674774169922,219.6267677242516,211.93338650748316,219.1110049018252,1470418
2015-03-26,214.9849548339844,216.57519949008488,210.94484332903076,212.2772196902563,1416055
2015-03-27,215.28582763671875,217.3918353314154,212.3632063195554,215.97350709852037,769766
2015-03-30,221.00213623046875,221.6898025354365,214.77006524784196,217.34885324065303,789976
2015-03-31,219.45486450195312,222.3774988127904,218.33738706299752,221.43193795296776,1383023
2015-04-01,223.70985412597656,224.6983842578816,217.8216164077075,219.15399280195743,1346375
2015-04-06,224.7843780517578,227.3201970162037,222.80731753332907,226.67549994722165,2100720
2015-04-07,223.58094787597656,226.54653864176728,218.5523055114557,224.7843771533753,1385846
2015-04-08,221.4749298095703,228.9534263690105,220.57236439813045,223.7528542268923,1722699
2015-04-09,220.18551635742188,223.49496629722705,217.95057456428623,223.49496629722705,1162924
2015-04-10,222.0336151123047,222.89321103025057,219.4978228940357,220.22848467084685,771330
2015-04-13,221.43194580078125,223.66690075790197,218.7671928223985,223.3230413546608,1109353
2015-04-15,223.45196533203125,225.2141264389164,221.43190971474348,223.8387677484576,2877879
2015-04-16,217.0479888916016,224.2685900081705,214.8989989025758,224.2685900081705,3346874
2015-04-17,212.1912841796875,215.71562001503955,211.24572330490835,215.24283957765,1579668
2015-04-20,213.22280883789065,217.6927058006466,209.56952552238124,211.6755332809841,1651654
2015-04-21,206.30303955078125,213.1368251126221,205.65834255218505,212.32021153767903,1187332
2015-04-22,208.06521606445312,209.39759249824144,202.9935917546128,206.90475620874204,2817535
2015-04-23,204.2400054931641,212.2342374339443,202.95061155221327,209.61248024712572,1605610
2015-04-24,200.5867462158203,204.58386265560077,199.16840484437935,204.58386265560077,1431828
2015-04-27,197.8360137939453,201.53227921050748,196.58960221948905,201.53227921050748,1045609
2015-04-28,198.1798553466797,199.3832844692949,192.59248148980652,197.62111009115617,3076993
2015-04-29,204.8417053222656,207.59240957534783,196.15978149719515,197.70705673842653,4216759
2015-04-30,199.7701110839844,206.990725568178,198.99647990757532,202.4778464342049,2718627
2015-05-04,207.4205322265625,208.8818429075752,199.42628623274663,201.40335979712617,1225037
2015-05-05,205.61534118652344,207.16261646388915,202.69272030869377,207.16261646388915,1425990
2015-05-06,194.9563751220703,205.7872768355001,193.0222841250585,205.6153602590445,1784868
2015-05-07,198.91050720214844,199.81308561657303,191.08819154872108,193.4090981026744,1204512
2015-05-08,200.45779418945312,206.26006746769477,199.12541770228168,200.07097859418263,1726625
2015-05-11,205.013671875,205.78730312608323,198.17988543577917,201.1025069580888,966021
2015-05-12,196.7185516357422,205.7872790251084,195.60107420229977,205.7872790251084,1408233
2015-05-13,202.13400268554688,203.07956357201675,195.9878962726765,198.35178537245656,1485322
2015-05-14,202.04806518554688,204.19705542764717,198.69563253803312,201.6182671371268,1388619
2015-05-15,201.74717712402344,203.68126811009685,199.72713440840536,201.96207612247605,688530
2015-05-18,206.9047698974609,208.7958786142136,200.8016457153775,202.3918905632944,1454344
2015-05-19,205.4434509277344,208.8388526189515,203.81022371921813,207.76435758271856,1281230
2015-05-20,205.27154541015625,207.8503336361221,204.1540678889587,205.7013434478172,1327514
2015-05-21,207.3345489501953,207.67839521401743,202.3488896141216,205.2715238328377,1900169
2015-05-22,207.67840576171875,210.30016315590132,206.3890117187852,207.33455948043311,1215616
2015-05-25,199.68414306640625,207.76433980075893,198.73858226889132,207.5924232329544,1474372
2015-05-26,194.9563751220703,201.05949884280452,194.3546605462788,200.5007666902254,2058074
2015-05-27,195.64405822753903,198.09389900003904,193.40910334235852,194.01081792947812,1051814
2015-05-28,197.66407775878903,199.5122168433298,194.09675996300837,196.11680249064108,1925339
2015-05-29,204.2400054931641,206.1311139832799,197.49217195563085,198.09388650479585,3367891
2015-06-01,206.2170867919922,207.2056301176204,204.1970439478208,204.24002637352544,896412
2015-06-02,198.82456970214844,206.3890175925872,196.8904785827042,205.48643911356757,1281246
2015-06-03,194.0968017578125,198.4377646806018,192.7644251812184,197.87901934647107,1280160
2015-06-04,196.84750366210935,197.53518315407703,190.05669983036768,194.09679881063408,1682455
2015-06-05,190.65838623046875,196.7615096663633,189.2830274502256,196.3317116870865,2306031
2015-06-08,191.7328948974609,193.70996836687573,189.2830409937348,190.14263701379383,1452746
2015-06-09,194.0538024902344,194.9133985145544,190.3145545378847,191.3460802601842,1635006
2015-06-10,194.1397705078125,195.90193189331345,191.2601185327835,193.9248714982251,1326034
2015-06-11,190.7443389892578,200.1998945845438,189.2830284750832,195.30020021753796,2285209
2015-06-12,187.7787170410156,190.4004870938024,184.64119733094776,189.11109327601145,2071964
2015-06-15,185.37185668945312,188.9391876616976,184.8990894220073,187.8217103316404,1311042
2015-06-16,188.7243194580078,189.9707311340244,184.21144009848916,185.37188692109973,1211923
2015-06-17,190.873291015625,192.5495005624209,186.1025306775184,188.33748548417543,1548357
2015-06-18,190.95925903320312,192.97931501600883,189.54093078409775,190.57244343039213,1018469
2015-06-19,194.7844390869141,195.98786811827625,190.4864595229168,191.30307301679773,1392473
2015-06-22,196.3747100830078,198.4377484211968,193.6669878398532,195.8589603357564,1162719
2015-06-23,198.2658233642578,198.86755109139736,195.12830303340635,196.37471468060508,1256867
2015-06-24,195.12828063964844,199.9420232059504,194.0967681229818,197.62110364795888,1613338
2015-06-25,194.7844390869141,196.503630912513,192.89331758564109,195.1282722054768,2082661
2015-06-26,195.12828063964844,197.5351519227994,193.452071160516,194.6984826646712,1388968
2015-06-29,195.5150604248047,196.20273968223745,189.32597334069132,192.5494575632911,980547
2015-06-30,197.62110900878903,198.43773567651283,193.4090939863113,195.12828593285627,1597249
2015-07-01,204.71278381347656,206.13112509481445,196.84748559625376,197.7070816032243,2913864
2015-07-02,206.1741180419922,207.9362794531108,202.69275141278655,204.79875911408053,2573710
2015-07-03,208.3230743408203,208.8818064365833,205.44342279153668,205.48640521037828,1396131
2015-07-06,211.2457275390625,212.0623411565246,203.7242621638161,203.81022701466253,1515391
2015-07-07,211.2886962890625,212.9219234182779,209.39758774039365,211.03081486960903,2317825
2015-07-08,207.16265869140625,210.3001791885146,203.8102391707591,210.3001791885146,1262638
2015-07-09,208.1511993408203,210.30018968345277,205.8732748241884,205.8732748241884,634397
2015-07-10,207.97923278808597,210.1712050344229,205.0995942903744,208.1511493509296,1117210
2015-07-13,213.05088806152344,213.5236553999517,206.81881664571347,207.16264982209677,882744
2015-07-14,216.9190826416016,218.20847680087465,211.84745774529,213.5236675290659,1491806
2015-07-15,219.3689117431641,221.1740555981293,215.0709314460159,217.17693916833952,1257139
2015-07-16,218.5952606201172,220.01358874239483,215.62965710855875,219.19697518361696,821358
2015-07-17,215.41476440429688,220.5723404415931,214.9419839775992,220.5723404415931,6722087
2015-07-20,216.0594787597656,216.9620441456583,210.9448716189328,214.8990188116248,2520171
2015-07-21,208.1082000732422,217.6497079513453,207.29157336746528,215.7585993453028,1874950
2015-07-22,211.93338012695312,212.62105949735377,205.486410622684,207.42050147396472,928326
2015-07-23,210.1282501220703,212.83598552779523,208.7958736319258,212.75002067692344,609596
2015-07-24,206.43197631835935,211.20273679167065,205.44344615455,208.5379970335611,1229746
2015-07-27,201.1884307861328,207.7213520085324,199.55519064323812,203.81020100563745,2260013
2015-07-28,197.8789978027344,204.32596784267832,196.07385406138656,197.49218222361657,3148609
2015-07-29,200.75863647460935,201.919083135706,194.91338139922604,197.96494964088288,1599267
2015-07-30,198.60964965820312,202.6927304780079,197.44918986285916,200.7156571419816,2314400
2015-07-31,199.68414306640625,201.48928670294376,198.4807008589879,198.9964636787948,1135189
2015-08-03,197.3632659912109,199.9420542413588,196.4177050529319,198.78159428223412,1027084
2015-08-04,196.93345642089844,198.91051680382373,194.2687034718506,198.1368856206264,985064
2015-08-05,197.40621948242188,199.85607337029285,196.76152247155,197.70708333405312,741013
2015-08-06,198.00791931152344,200.414777320176,195.94488129731675,197.8789720576648,1552864
2015-08-07,196.41769409179688,199.12541635678895,195.94491364904096,198.8245656142313,1059600
2015-08-10,194.82745361328125,198.05093903452283,193.40912527449328,196.76154486602616,833181
2015-08-11,191.34605407714844,194.69847286670688,190.14261193793809,194.31165733197207,1663784
2015-08-12,191.90480041503903,193.23717679259912,188.46641653302268,190.87328787371283,1937108
2015-08-13,190.9162750244141,194.0967775707799,176.21717831814755,192.3775855871882,1686056
2015-08-14,194.5265655517578,195.3001966579872,190.0136868271687,191.389032473398,754609
2015-08-17,194.5265655517578,195.7299946317576,190.35751995962767,194.1397499986431,1935464
2015-08-18,195.2142639160156,196.58960969598576,193.49507185375708,194.35466788488637,930090
2015-08-19,198.566650390625,199.68412766978145,193.6669564458231,194.74145130724423,2290638
2015-08-20,192.50653076171875,198.13688745363683,190.83032110502117,196.073862201762,1763388
2015-08-21,195.1712646484375,204.4978729114928,189.88474164336813,190.14262305373137,3353922
2015-08-24,182.36328125,192.0767184121008,180.08535715780715,192.0767184121008,3420210
2015-08-25,178.45213317871094,185.67273426466824,173.72435522289763,183.0939462887701,5337022
2015-08-26,170.3719482421875,178.3661947759048,169.68426872338677,177.93639671620383,13203158
2015-08-27,180.42919921875,181.37476008661235,172.17708530265543,175.35758795103754,9588672
2015-08-28,177.16275024414062,183.00799286108577,176.0882551871441,182.2343616666062,2305680
2015-08-31,178.10829162597656,181.8045571125363,173.98222813205857,177.07677903159563,2519792
2015-09-01,178.45213317871094,180.21429446912623,174.97076678796964,177.93637033697374,2862960
2015-09-02,180.42919921875,184.38334615439976,178.9249061848563,179.69855047212394,3979719
2015-09-03,187.7787170410156,190.4004870938024,182.44922521742467,182.44922521742467,3757279
2015-09-04,181.80455017089844,187.47788889796627,180.1713230518545,186.40339392059687,4209879
2015-09-07,177.8504180908203,183.5667397121969,177.506584916233,182.2343632069801,2205149
2015-09-08,179.26878356933594,180.17136216956732,176.26019697949562,178.40918740081014,2767023
2015-09-09,182.36328125,186.1025289960155,180.12833957993024,181.37475112313751,2977388
2015-09-10,181.6326446533203,183.17992013818971,177.29168205724582,180.4721847605696,3337613
2015-09-11,177.93637084960938,183.86757796470545,177.3776386997793,183.86757796470545,3237366
2015-09-14,181.58966064453125,182.234357664571,176.90486492218793,178.71000870846257,3455014
2015-09-15,175.701416015625,181.8905176686605,174.58395171597678,181.41773724844336,5716055
2015-09-16,180.9019775390625,181.718591124642,177.07677792084732,178.53808851342012,3528310
2015-09-18,180.3002777099609,182.6211845017803,178.9249187359371,182.2343688892096,3986002
2015-09-21,180.42919921875,181.07389623327583,174.97077236560088,179.39768661878747,2320677
2015-09-22,178.66705322265625,182.0194727396621,176.303163966297,180.73007859982977,2351761
2015-09-23,179.397705078125,179.95645041804343,175.4005884233343,175.4005884233343,2097301
2015-09-24,177.93637084960938,179.56959799249265,175.8303632865039,177.3346562767784,4214954
2015-09-28,174.54095458984375,177.89337343917236,173.72434108720142,177.89337343917236,816802
2015-09-29,174.4979705810547,178.4950863354922,168.6956981602561,172.34898079557374,2655447
2015-09-30,176.9048614501953,177.50657603381077,175.05672215918352,175.35758600918834,1873748
2015-10-01,180.47218322753903,181.3747616790788,177.7644609893144,178.10829415352265,3720910
2015-10-05,180.47218322753903,182.75012056870068,179.82748620735276,181.3747616790788,2664054
2015-10-06,180.34327697753903,182.96504788861856,178.45216804896242,182.23438590611568,2279449
2015-10-07,179.7845001220703,180.64409613148285,178.49510610795153,180.60112682412756,1205766
2015-10-08,180.42919921875,181.6756239399488,178.9249061848563,179.6555680478767,2837012
2015-10-09,179.7845001220703,182.06243741685,177.29167694133167,181.5036921408953,4634135
2015-10-12,180.47218322753903,180.9449636656213,179.09683745431164,179.9994027894569,1486928
2015-10-13,180.47218322753903,181.15986267235,180.08536763870617,180.5151656521637,2682919
2015-10-14,180.47218322753903,181.15986267235,179.65556962524866,180.601130501413,2170530
2015-10-15,180.21429443359372,181.5466708441572,179.74152713122078,180.9449562731784,2993217
2015-10-16,182.36328125,184.59823603646345,179.9564230078316,181.33176870101445,3865670
2015-10-19,180.5581512451172,184.3833510087327,180.1283532241178,184.3833510087327,3187045
2015-10-20,180.47218322753903,180.85899881637195,179.56960477599935,180.85899881637195,2407020
2015-10-21,179.82748413085938,180.5581459918579,178.92490568974188,178.92490568974188,1299281
2015-10-23,179.61260986328125,181.80458263176615,178.79599615795445,180.94498649639135,1604359
2015-10-26,179.35472106933594,180.3862468827451,177.33467810360006,180.3862468827451,874211
2015-10-27,176.56100463867188,180.51515129453816,175.44354038567755,179.31172219913194,4472757
2015-10-28,179.440673828125,180.0853708598428,174.58396143574203,175.3575926272455,3866274
2015-10-29,178.32318115234375,180.51515349665328,174.24010029944324,175.35757768246316,4392554
2015-10-30,177.89340209960938,180.85900588509563,177.20572262792106,178.3232001298652,2865884
2015-11-02,180.51516723632807,180.7300662449428,176.2171870640346,178.49511130879233,965211
2015-11-03,180.2572784423828,198.5666758520164,179.52662971276376,181.5466724414219,4046742
2015-11-04,179.6985626220703,181.76158796148252,178.79598411742924,181.37477234989217,2195061
2015-11-05,178.92491149902344,180.25728799189477,177.76446470824757,179.6555733837449,1127252
2015-11-06,180.38624572753903,180.5151798951917,176.94786134858305,178.8819525617458,1717509
2015-11-09,176.21719360351562,178.45214862260605,174.755882913985,174.755882913985,3763169
2015-11-10,169.08253479003906,175.70142153169434,168.22293876861903,175.3575883696841,5616108
2015-11-13,165.60118103027344,169.21149509132482,164.61265077608746,167.8361361046009,3043549
2015-11-16,166.8905792236328,168.48083727096292,162.24876548415435,165.30033429269838,3882134
2015-11-17,171.0596160888672,171.66133070811185,167.44931525700426,167.7071966985077,3433667
2015-11-18,169.7272491455078,174.2831111477415,168.5668022678757,170.80174428205368,3293580
2015-11-19,170.24302673339844,171.0596404842903,167.87913722921854,170.32897848189415,1583080
2015-11-20,173.59542846679688,175.14270405844505,170.15704409264336,170.20002652059935,1408094
2015-11-23,172.5209503173828,175.27165546395958,171.61837170711942,175.27165546395958,825259
2015-11-24,174.1541748046875,176.26018262275792,171.96220213020786,172.00518455841245,2351546
2015-11-26,174.66990661621094,175.7873840525377,172.86476286497006,173.38051260115566,2387706
2015-11-27,174.1541748046875,176.21720019455333,173.03669725334535,174.92780604678828,772024
2015-11-30,170.97364807128906,174.49799710167386,170.28598172853617,174.1541639302974,3352994
2015-12-01,172.6068878173828,174.92779450697282,171.91920836066123,172.00517321139944,1088925
2015-12-02,172.04812622070312,175.1426769245782,171.1885302603371,174.79884378698918,2388672
2015-12-03,169.942138671875,172.30602784011816,169.51234064128533,171.231532763644,1969587
2015-12-04,167.66419982910156,169.8131897958514,167.19141941313782,169.34040937988766,2711059
2015-12-07,168.3948516845703,170.62980653817712,167.7501546825369,168.91061453275466,1962362
2015-12-08,167.32034301757812,167.7071716803245,166.11691395861368,167.62120684051575,1650962
2015-12-09,162.8074951171875,167.62123849488074,161.8189648546733,166.84760725607794,2732209
2015-12-10,163.2372589111328,164.9564507400711,161.68999675820254,163.7960041253734,1553164
2015-12-11,162.4636688232422,167.14846511576548,161.26023948592473,163.3232649545821,2526945
2015-12-14,166.116943359375,167.19143846519242,162.5066424271075,163.71007169906488,1484031
2015-12-15,166.20291137695312,166.84760845271106,163.45219336060282,166.76164359605178,955636
2015-12-16,167.0625,167.4063331784555,165.08542643289329,166.76163613155518,1968396
2015-12-17,170.3289337158203,170.93066137912763,166.93353230729787,167.23439613895152,1386966
2015-12-18,171.4894256591797,174.06821401495682,167.62124312551398,170.20003148129112,2885447
2015-12-21,172.6068878173828,173.9822336144313,170.32895043676726,171.91920836066123,928789
2015-12-22,171.91917419433594,173.63836593627929,171.31745970793418,171.91917419433594,1053432
2015-12-23,173.16563415527344,173.3805331832935,172.30603804319324,172.73583609923335,810750
2015-12-24,174.755859375,175.5294904839594,172.52090465694994,173.50944786994617,494077
2015-12-28,174.24012756347656,175.78740317312057,173.2945797194243,174.4980090178165,1402316
2015-12-29,176.68995666503906,177.3346536513262,173.55242346193876,174.32606771531957,1357720
2015-12-30,176.17420959472656,177.0767880795762,175.61547740316936,176.99082322715435,685334
2015-12-31,174.54095458984375,176.9907950977707,173.98220937069374,176.21716401450806,1177258
2016-01-01,176.77590942382812,177.4206064138733,174.49798530555938,174.92778329892283,553703
2016-01-04,173.76730346679688,176.7329197727283,172.13407652658472,175.40054352340135,1079102
2016-01-05,175.3575897216797,175.959304318034,173.4664810832542,174.49799369363225,1097743
2016-01-06,174.54095458984375,176.1741815951284,172.3489823654091,176.1741815951284,1593489
2016-01-07,169.85618591308594,174.068201340951,168.26592796291928,173.63840331294864,2114333
2016-01-08,170.50088500976562,171.61834940292218,166.84760172772062,171.05961720634392,1860881
2016-01-11,170.15701293945312,170.88767473174576,167.23439200306876,168.48080348722112,1818961
2016-01-12,167.7931365966797,171.23152059708866,166.93354059657744,170.54384117372803,1601848
2016-01-13,170.15701293945312,170.93065715183232,166.80459403498912,169.29741700329384,1692489
2016-01-14,170.15701293945312,171.48938926377863,165.4722177106636,166.84757645507568,1391517
2016-01-15,166.6756591796875,171.01662160364984,165.5581948726268,168.9535964498826,1561732
2016-01-18,164.26881408691406,167.4493169199894,162.50663952160087,167.10547062243836,2315714
2016-01-19,164.4836883544922,165.5581832794199,162.46363264907083,163.32322858901298,2220899
2016-01-20,160.7014617919922,168.48080783842252,159.1971688648634,162.46363612990743,1976025
2016-01-21,165.12840270996094,167.10546308704744,161.00233914017326,162.4636497687829,1546722
2016-01-22,165.9020233154297,169.03954338027802,164.74156350163994,166.5897027192905,1064284
2016-01-25,169.29745483398438,171.3604934116028,166.37483324451995,166.93356548131885,1102255
2016-01-27,164.9564971923828,169.68427605332172,164.09690103584848,169.29746040616055,1409030
2016-01-28,166.073974609375,167.6212503124616,164.18286569066754,164.95649698401263,2728142
2016-01-29,167.92205810546875,168.91058810737752,165.90200256856926,166.71861602011023,1857531
2016-02-01,171.87620544433594,172.6068672393177,167.9220719932865,168.91060207695054,1699676
2016-02-02,168.99661254882812,173.595444196117,168.13701637740257,172.60691384553624,1122874
2016-02-03,164.9564971923828,169.81322334663977,164.2688307602725,168.30893007270464,954604
2016-02-04,168.17996215820312,169.34042207379468,165.68713885646662,165.68713885646662,802383
2016-02-05,168.051025390625,171.40344469150162,166.84759618425764,166.84759618425764,1742979
2016-02-08,169.4693603515625,172.7788104753854,167.965067225533,168.05103207929275,924357
2016-02-09,169.89913940429688,170.45788465851484,167.62121531452868,168.91060927848662,962190
2016-02-10,168.136962890625,169.34039190123414,164.1828165133793,169.34039190123414,2357622
2016-02-11,166.20291137695312,168.26593677282028,161.6900318466476,162.0338650404936,3151319
2016-02-12,167.32034301757812,168.78166659596883,163.6670603043874,167.62120684051575,1650757
2016-02-15,170.20001220703125,171.3604720822733,167.8791055729415,168.48082016453597,1061877
2016-02-16,166.7616424560547,171.23153952747396,165.3862834572816,170.97365807565455,704409
2016-02-17,166.24586486816406,167.2773905843285,162.03384962060525,166.76162772624627,986654
2016-02-18,167.92205810546875,168.82462327399762,165.6441211848216,167.6211943050311,1106473
2016-02-19,167.57821655273438,168.17993105396582,166.76160307846368,167.36331757969512,1086947
2016-02-22,169.52430725097656,170.3892271859305,168.6593873160226,169.30807726723808,1609745
2016-02-23,167.44851684570312,169.8270468395476,166.67008092913858,169.35133820125233,1271281
2016-02-24,165.54563903808594,168.0539142948014,164.98344646548554,166.92951595197226,905452
2016-02-25,163.296875,166.62680859936603,162.51843919411047,165.0699633828468,2832446
2016-02-26,163.4698944091797,166.3673819436337,161.22109693190498,165.1132372749807,1864015
2016-02-29,162.5616912841797,166.06461949109604,160.0101802388165,164.33477970473044,2396243
2016-03-01,164.6807403564453,165.58890887263766,162.77791925438467,163.68608777057705,1759654
2016-03-02,169.22158813476562,170.3892353821732,165.7619082285286,166.92955547593618,1346291
2016-03-03,172.68125915527344,173.58942772345495,169.35132533544893,171.16764927418117,2223554
2016-03-04,175.05982971191406,175.7517684581245,172.5948152504338,174.54088555048165,1767133
2016-03-08,174.41110229492188,176.8328807896781,172.76775967221107,174.71382955587805,3088272
2016-03-09,176.7464141845703,177.6113342183629,174.28138680920847,174.54086545887273,4723889
2016-03-10,174.2813720703125,176.9626292273698,173.63268209982746,176.78963467713547,5056909
2016-03-11,173.58944702148438,175.27603843696028,172.68127835234128,172.98400564126638,3751968
2016-03-14,176.18418884277344,178.17350734096084,174.62733031386023,174.62733031386023,2540418
2016-03-15,177.2220916748047,178.51947159393978,175.1895377200716,176.48691763920672,2283229
2016-03-16,178.34649658203125,179.6438765472705,175.7084880131851,177.30859524936614,2060089
2016-03-17,188.6822967529297,190.19590678527427,179.47090383514268,179.47090383514268,4253989
2016-03-18,192.05548095703125,193.00688500039465,187.38490522528187,189.417472423029,2980833
2016-03-21,200.61819458007807,202.3480346078393,191.5797830745523,192.2717217251832,5598530
2016-03-22,198.80186462402344,200.57494004223827,194.08804012887185,200.0127473287992,4129162
2016-03-23,197.41798400878903,201.43985660768115,195.688144061286,198.75861260763023,2525210
2016-03-28,198.67210388183597,203.81837478955447,194.73671558853445,197.20174265072072,4176299
2016-03-29,199.70999145507807,201.9587883820674,195.73136799653605,199.7964887205892,2206647
2016-03-30,200.1424560546875,202.91021024402735,199.01807076260204,200.445183293406,2195098
2016-03-31,201.1371612548828,202.3912926940158,198.6721338212232,200.40197392971905,3951966
2016-04-01,203.5589141845703,204.46706956804528,198.1963999714232,200.5749298184178,1438907
2016-04-04,199.969482421875,204.89952331543705,199.4072897541716,204.4238279185944,1587549
2016-04-05,195.5583953857422,199.88299490159116,194.8232081889957,198.93157772905224,2201058
2016-04-06,198.10992431640625,199.79651564007537,195.25568573916456,196.20710299745565,1630990
2016-04-07,195.86111450195312,199.19106149438448,194.69348052103496,198.10991158744324,1036460
2016-04-08,195.25567626953125,200.09923320798285,192.92039507327567,195.21242763304616,2292188
2016-04-11,194.2177734375,196.8990173090517,191.57976500445872,196.29357599596776,1953589
2016-04-12,193.52584838867188,195.77464564900075,191.5797784048752,194.21778702243705,1992521
2016-04-13,199.8830108642578,201.09389354634453,195.5151623649077,196.3368336990117,4045604
2016-04-18,197.720703125,202.95345819230204,197.11524861023665,202.95345819230204,2161949
2016-04-20,195.68814086914065,200.185722019756,195.08269953691703,197.8071921307388,2229815
2016-04-21,191.27703857421875,197.547708110444,190.3688831994908,197.28824268773937,1539176
2016-04-22,191.0608062744141,192.2284534529556,187.2551638810569,190.0661536390866,2644190
2016-04-25,193.1798858642578,194.08804129950127,191.45004587692668,192.87715858742217,1167120
2016-04-26,194.13128662109372,195.9043752173332,192.2284653070742,194.52049797206544,1853159
2016-04-27,194.86648559570312,196.9422883907506,193.78533555710916,195.1259642444921,1052496
2016-04-28,190.1526641845703,197.8071981414238,189.5039741951269,195.2989354612952,2041651
2016-04-29,191.14730834960935,194.0880308913202,189.8931770655748,192.877148244176,2815037
2016-05-02,193.5691070556641,194.04481571587365,189.37423959422384,191.1905769522486,1083922
2016-05-03,189.07150268554688,195.42865627629013,188.37956409942785,194.04479230168292,2144066
2016-05-04,185.8712921142578,188.9417605785688,185.1361180747894,188.46605196618864,1684800
2016-05-05,186.69297790527344,188.0335932798562,184.01172076084555,185.741560673991,1192764
2016-05-06,190.2391662597656,191.19058361333217,186.39027459785163,187.64440605654727,2109197
2016-05-09,190.5418701171875,192.44469139255392,189.93642878379336,191.36354144091035,2535941
2016-05-10,190.62835693359372,192.66092415093905,188.1200942887957,189.6337042428435,2697582
2016-05-11,190.7581024169922,191.88250101984065,187.6876338776246,188.76878384235744,1385627
2016-05-12,191.14730834960935,192.53118554431504,189.5472011680829,190.54186702603727,702627
2016-05-13,187.9038848876953,191.75277655311808,187.6011575846574,190.28241507614717,1070227
2016-05-16,187.9038848876953,189.4174950076192,186.13079610768645,188.33634492195927,965999
2016-05-17,187.60113525390625,189.2877397448802,185.9577925983685,188.55255249508997,2549385
2016-05-18,187.3848876953125,187.90384490505744,185.39558251909372,186.99567638681884,816161
2016-05-19,184.7901611328125,187.68764854376224,183.49278107375423,187.68764854376224,1695453
2016-05-20,180.63853454589844,185.87128961893768,179.5141359856306,184.96313424105875,1384674
2016-05-23,183.88198852539065,184.6171625718137,180.63853867979435,181.89266998056533,1347184
2016-05-24,186.34698486328125,187.51463197630304,183.3630139271067,184.74689100938213,2405753
2016-05-25,192.3582305908203,193.09341797639087,186.99572845339915,187.90389722450576,2306509
2016-05-26,194.26104736328125,198.49915030423145,192.87717001239048,192.87717001239048,8149868
2016-05-27,199.14784240722656,200.66145250152687,195.47193217821152,195.47193217821152,5155370
2016-05-30,198.1964111328125,201.18039566700747,197.28825569819492,200.66143839211315,1338209
2016-05-31,197.54771423339844,201.39661862613747,196.553061555186,197.6342115087349,4144610
2016-06-01,200.09922790527344,201.35335914432105,197.67744950022572,198.0666608230156,5666522
2016-06-02,198.71534729003903,200.09922441093696,198.06665736417384,200.09922441093696,1578557
2016-06-03,197.7639617919922,202.1750592733733,197.28826632827844,199.0613418515005,2388282
2016-06-06,197.98016357421875,200.4451906148779,197.2449895638968,197.8071822304742,1874667
2016-06-07,202.6074981689453,203.25618813106573,197.76394117272707,198.93158838359625,2061597
2016-06-08,206.02392578125,206.715864368453,201.69932610826984,203.5589118862298,2491761
2016-06-09,200.574951171875,207.494311463412,200.2722370776997,206.7591373510156,1986233
2016-06-10,203.51565551757807,204.03459954004043,199.71000003136956,199.7964973005951,4770107
2016-06-13,205.2887725830078,206.5429039758839,200.2289851732276,200.6614451844009,7155871
2016-06-14,202.3047637939453,205.93743801218915,201.91555246988509,205.2454994373984,2441739
2016-06-15,206.3698883056641,207.1050622838699,202.3047543182848,202.91020879138725,2439469
2016-06-16,202.82373046875,207.0185975506743,202.3047732140845,206.19691303118205,1589162
2016-06-17,204.0346527099609,205.15905151475144,202.3913097474751,203.3427271663672,978870
2016-06-20,209.31065368652344,209.916095086586,202.73725597764567,203.0399832764933,3103000
2016-06-21,207.75376892089844,210.04581470223775,205.93744494823272,209.613354728132,2247740
2016-06-22,210.0458221435547,210.86749348393892,207.14833493534385,207.97000627572808,5593979
2016-06-23,216.14349365234372,217.0084136160548,209.9593211908621,210.00256982857397,10068647
2016-06-24,214.58663940429688,215.581292042391,205.67796150685044,211.47292238461225,2400680
2016-06-27,220.0356292724609,220.9437978564804,214.370414176822,214.413649616074,3601057
2016-06-28,217.8733673095703,220.8573522044406,217.05169585636497,218.82478469599755,2876613
2016-06-29,221.33303833007807,223.58183576772345,217.7436253559937,218.6517940595671,3730629
2016-06-30,220.38162231445312,222.63040643337317,218.3058063612592,220.6411009583064,2354039
2016-07-01,218.7815093994141,222.63040072538797,218.08957076608996,221.160039378094,1201416
2016-07-04,218.95448303222656,221.1600315741576,218.21930898333707,218.82475031702,1619285
2016-07-05,219.30044555664065,221.37624805909533,217.74358708098435,218.4787742826536,2790794
2016-07-07,222.2411956787109,224.01427104976423,218.8247512571056,220.55459118799183,2048744
2016-07-08,223.23585510253903,225.7441177990312,222.1547051130801,222.37093511097189,1621615
2016-07-11,225.44140625,226.39282358614864,224.4899889138514,226.34958814165947,1927776
2016-07-12,225.57110595703125,228.2091275663168,224.18725519277945,224.96567784648644,1576218
2016-07-13,225.39813232421875,227.4306993782369,223.8412606594288,225.57110046791047,1366007
2016-07-14,227.1712188720703,227.9064061063044,223.71153908298032,224.9224217301094,790661
2016-07-15,225.61441040039065,229.20382348918687,224.70622847016045,228.29566795422303,1179457
2016-07-18,224.8359222412109,227.25768722729944,223.92774057498372,226.17653743078515,1575126
2016-07-19,227.2144927978516,228.33887823103535,223.711550987831,225.0954282561627,1137771
2016-07-20,226.60906982421875,231.06340313140475,224.576502277658,227.64698451892508,2450710
2016-07-21,229.98220825195312,231.53907999116305,227.30095114158772,227.47394568880952,2164365
2016-07-22,229.24700927734372,230.97684907991268,226.86847954881148,230.93361364295276,628541
2016-07-25,232.6634521484375,233.00941482797043,228.59831807695912,229.5929970740995,983068
2016-07-26,233.35536193847656,236.98803581935852,231.9715113126727,234.56627082894303,2261427
2016-07-27,231.79855346679688,240.44775322302064,230.4146762267485,240.44775322302064,5029755
2016-07-28,234.86900329589844,236.85833503018048,230.2417026514052,232.6634679680608,2946512
2016-07-29,234.60952758789065,237.7664800072561,232.7931904823515,235.6041802138193,1313996
2016-08-01,234.3933258056641,236.07993040554487,232.9662130493688,234.95551854053625,1126254
2016-08-02,229.56451416015625,235.43739812731872,228.7814682749404,234.7413366888821,1581110
2016-08-03,228.3899078369141,232.26167118105505,226.08426264915616,230.73907179547564,2730261
2016-08-04,230.0430603027344,231.34814577330815,227.8679178517781,231.34814577330815,1128677
2016-08-05,240.04867553710935,240.70121816355245,230.6520723371405,230.6520723371405,2703051
2016-08-08,240.5707092285156,241.6582802467277,236.56844257108972,239.6136414220836,2391360
2016-08-09,235.35037231445312,241.0057417046341,232.91422381333996,241.0057417046341,2564563
2016-08-10,226.6062774658203,235.95938696316668,225.34468463374105,235.95938696316668,3625493
2016-08-11,225.95376586914065,229.69499955933415,222.9520592313613,228.82494274282155,3841083
2016-08-12,230.13003540039065,231.00009224500457,226.6063158005152,226.6063158005152,1527202
2016-08-16,234.61083984375,235.3069013011066,228.99898872047385,230.78259476039256,7699939
2016-08-17,234.6978454589844,236.6119812327516,230.47806424319924,233.175245905497,1319046
2016-08-18,236.74249267578125,239.13514920005463,234.6108426060712,236.8729959030629,1825211
2016-08-19,240.52720642089844,241.5277664032048,236.6554431456827,237.30798572788584,2054831
2016-08-22,236.04644775390625,241.31030840745137,234.91538430215303,239.57019444965763,1097012
2016-08-23,235.7854156494141,238.35209407895545,230.91309178684327,234.74133676742423,1487494
2016-08-24,232.39219665527344,235.74192093489572,230.56507190711324,235.61139116200465,1248576
2016-08-25,230.5650634765625,235.3503761147553,228.43341358964736,232.82721657956827,5272138
2016-08-26,231.56564331054688,233.95829983396456,228.12893441721943,230.56508316570543,1427315
2016-08-29,229.86903381347656,231.3481145492828,228.3464343033056,230.56506868302912,804577
2016-08-30,239.30914306640625,242.22383903251912,230.39105971685527,231.26111662900664,3635226
2016-08-31,241.83233642578125,245.0950499417684,239.26565783905912,239.30915006512677,8488820
2016-09-01,241.0057830810547,242.6153938019302,237.00351566894128,238.13460567238192,3369272
2016-09-02,240.4402008056641,242.52833180496975,237.83003041852535,239.35262981102292,1481785
2016-09-06,241.353759765625,243.05038120798696,239.8746790831815,242.74585600653387,1601423
2016-09-07,238.39556884765625,242.6153497380293,237.6995340119776,241.44076771979783,3232463
2016-09-08,240.09217834472656,241.87578411758915,238.09103182548796,238.43904922604332,2096981
2016-09-09,237.2210235595703,240.2227306762618,236.22046337135015,239.7006911926592,1727563
2016-09-12,226.0842742919922,234.7848426576488,225.3447206705059,234.1323000302245,1068330
2016-09-14,229.73851013183597,231.43513168037964,226.21479036428084,226.21479036428084,2426881
2016-09-15,226.78033447265625,230.39106543733052,224.12667144551776,228.998995584948,1956420
2016-09-16,228.3029022216797,232.2616766485931,227.56334862086933,228.60742741636943,2048885
2016-09-19,232.39219665527344,233.69728196795523,228.60744393809057,229.25998659443147,1626067
2016-09-20,232.47921752929688,234.30631580304663,230.17354547065403,232.6097207557033,1718370
2016-09-21,230.0430603027344,234.3063341962024,228.8249858406052,232.39222477058,1487530
2016-09-22,231.04360961914065,233.69729921532556,229.3470145186591,231.95718533665897,1727116
2016-09-23,225.34474182128903,231.43514024889143,224.60518813038848,231.43514024889143,2209059
2016-09-26,221.73399353027344,224.2136608631496,220.51590597467955,223.08257102694628,2197248
2016-09-27,224.6051788330078,227.4328637002017,219.51535403766752,221.73400174251483,3217108
2016-09-28,226.91082763671875,227.95490653172155,223.43060005608177,223.43060005608177,1300572
2016-09-29,221.4294586181641,228.8249415189672,220.42889859493133,228.8249415189672,3691665
2016-09-30,219.03680419921875,222.56053697162835,217.12268185248192,222.56053697162835,2507938
2016-10-03,225.2577209472656,225.77976038573087,220.1243906650864,220.47240810672028,1887091
2016-10-04,222.86505126953125,227.0848321973979,221.2989595993256,227.0848321973979,1959624
2016-10-05,222.86505126953125,224.2571475052847,220.1678830672776,223.60460488402785,2378894
2016-10-06,219.81985473632807,225.17069897782213,217.73172363623624,224.5181563495417,2156677
2016-10-07,219.95037841796875,220.9944440021461,216.8616738879328,219.25433026984575,944786
2016-10-10,223.60459899902344,224.7356622252896,220.6029056754454,220.9944285826924,2052030
2016-10-13,219.7328643798828,222.4300327015303,217.77523642945505,221.8645010484791,1326731
2016-10-14,220.0808868408203,221.82100061426183,219.03682123195824,219.68936389699888,741714
2016-10-17,214.38201904296875,220.7769426934612,213.2509556716566,220.298408733898,1089984
2016-10-18,218.47129821777344,219.515363867982,212.38089976953935,214.20801133840052,2689051
2016-10-19,218.5147857666016,220.733433523323,216.6441687365115,218.81931099290216,1045041
2016-10-20,220.1678771972656,222.12550500884296,218.47126908243465,219.60233230831312,2187759
2016-10-21,214.90403747558597,220.9074243051867,213.25093480541,219.2978271318077,1340192
2016-10-24,215.25205993652344,216.90517592140893,213.85997693853,215.73059386046435,764022
2016-10-25,216.07862854003903,217.0791886281197,214.25150380631047,215.99161754280848,868665
2016-10-26,216.3396148681641,217.1226739424013,214.29498938346163,215.77408326678133,1378812
2016-10-27,211.7283477783203,216.8616780773688,211.03229961675075,216.8616780773688,9951930
2016-10-28,210.0317230224609,211.59782804302895,209.1616661528136,211.59782804302895,8345630
2016-11-01,212.72889709472656,213.7729626461237,207.50855606172715,208.55262161312427,4536782
2016-11-02,209.33567810058597,212.728894418949,208.7266277002525,211.20629497014264,2117728
2016-11-03,211.5108184814453,213.51193854880148,204.94188682812927,208.8136370261192,8480593
2016-11-04,209.55319213867188,213.9469684951612,207.11703036734232,211.38030351015885,3607951
2016-11-07,210.2927398681641,215.2955668003501,209.8142059411869,210.94528251149268,1864133
2016-11-08,212.8594207763672,213.46847124292108,210.3797665128845,210.94529820209584,1154383
2016-11-09,200.80911254882807,204.46334846188037,192.2825532343641,200.11306445205312,3758610
2016-11-10,200.93963623046875,205.3334261832367,200.15659033932835,204.0283408473263,2307162
2016-11-11,191.02099609375,199.59104863995933,190.2379369138633,199.59104863995933,3015979
2016-11-15,181.45037841796875,198.37298333210532,180.6238269759547,193.3266503991557,6762551
2016-11-16,175.968994140625,185.32210507764216,175.09893730927456,184.88707666196692,6974899
2016-11-17,168.83453369140625,175.44695775813568,167.5729539193867,174.66391190681702,5780478
2016-11-18,172.96728515625,173.9678451118219,166.92039337794003,169.8785810278145,3710895
2016-11-21,168.44300842285156,174.83791818904334,167.92096901189095,174.83791818904334,2867373
2016-11-22,170.05262756347656,171.44472398848947,166.18087680617964,171.09669324422853,1928825
2016-11-23,172.31478881835938,173.40236005140127,168.5735411214921,172.31478881835938,2378798
2016-11-24,175.09893798828125,180.10176478794642,169.7480937651318,170.53113960597827,4846094
2016-11-25,176.62152099609375,177.49157774976908,172.70626560455472,174.4463791119054,3346339
2016-11-28,177.6656036376953,179.0576998886916,174.01136757384728,176.62153808745498,2608101
2016-11-29,178.40516662597656,180.3627946139514,177.44809874367198,178.70967856960843,3137705
2016-11-30,183.40798950195312,183.97352115288703,178.70967447290795,180.97182762867203,5187692
2016-12-01,180.0147705078125,185.0175977719728,179.27523009524126,184.3650550853432,1385541
2016-12-02,178.40516662597656,180.7978230557236,177.49160424305208,178.36166112659646,2361842
2016-12-05,182.84243774414065,183.8865165622652,177.75261324784498,178.70966779644093,1735522
2016-12-06,183.2339782714844,184.45205255341264,182.1029017091144,183.4949847061733,1484899
2016-12-07,182.05938720703125,186.5401744611001,181.31983360928555,183.58198662214383,1400139
2016-12-08,186.1051483154297,188.5413100643787,182.9294462357729,182.9294462357729,1977604
2016-12-09,187.9757843017578,188.9763443646156,184.45205141897557,186.62719353476533,1771357
2016-12-12,181.2763519287109,186.8882160154715,180.362789571328,185.2786055155105,1120383
2016-12-13,179.57974243164062,182.5814494173269,179.1447139729632,181.8418957271693,1061287
2016-12-14,178.57916259765625,180.1017620351515,178.10062869066934,179.36220842653412,1515452
2016-12-15,175.62098693847656,179.6232406299852,174.48991033669705,177.3175952031386,1431281
2016-12-16,176.14300537109375,177.01306221488875,173.92435776421374,176.2735218632713,1623830
2016-12-19,175.01194763183594,177.49161521360864,174.27240720072172,174.96845540578207,1049084
2016-12-20,178.66619873046875,179.23173043356658,175.01194894547697,175.49048291979875,1657227
2016-12-21,175.88197326660156,179.14468620087698,175.4034526570515,178.36164040705603,933162
2016-12-22,173.9678497314453,177.01304844789075,172.40174487921365,175.49044908966803,855815
2016-12-23,174.0548553466797,175.8819665545394,172.79327571544056,173.92433886868173,1270774
2016-12-26,172.57577514648438,174.79440941139077,171.40119313187577,173.83735487727773,688512
2016-12-27,176.5345458984375,176.8390711345365,172.27127224914258,172.619289710957,811268
2016-12-28,175.09893798828125,178.14413690981658,174.70741506785802,176.70854844292683,1319957
2016-12-29,177.4045867919922,178.10063492871495,174.53340980153357,175.9689982967629,1088592
2016-12-30,179.49273681640625,180.66730563760143,176.18651802057045,176.18651802057045,835096
2017-01-02,186.71420288085935,187.4537432280884,181.841879274114,181.841879274114,1715063
2017-01-03,187.2362365722656,188.67183837953465,186.19217097898817,187.06222785272175,1544119
2017-01-04,184.58255004882807,189.84639649344095,183.79950421700724,187.67125443170124,2063229
2017-01-05,186.49668884277344,186.9317172624897,183.4949821259201,185.40911779348275,1267500
2017-01-06,184.97409057617188,187.45374461906516,184.45205115871337,186.80120198524887,836675
2017-01-09,183.32098388671875,186.71421371997576,183.01647194112823,186.71421371997576,484422
2017-01-10,182.18991088867188,185.01759583445508,181.05884753117044,185.01759583445508,1300113
2017-01-11,187.80178833007807,188.3673200081493,183.01647535065632,184.01703548140225,2074058
2017-01-12,186.40966796875,189.58536995396176,185.5831166702989,188.88933514011643,1073953
2017-01-13,185.5396270751953,187.06222659398355,184.19103627478003,186.14866422750777,498983
2017-01-16,184.8870849609375,187.93228400735296,184.10403908797923,187.93228400735296,851558
2017-01-17,185.235107421875,185.84415786848564,183.1904816865873,185.4091294214864,1035770
2017-01-18,189.2808532714844,190.9774613204958,185.5831119930693,185.84413167968935,2843646
2017-01-19,191.717041015625,192.5870979055965,188.5848309013218,189.9334217359805,2242082
2017-01-20,189.4113922119141,191.9780575165548,187.93229807669863,189.7594229517393,3285021
2017-01-23,191.49952697753903,192.978621036712,188.8458508053677,189.15036275154225,1106903
2017-01-24,194.3706817626953,194.89272114760303,191.63000818196235,192.9785988629631,2036543
2017-01-25,199.37353515625,200.1130888384502,194.80573638928536,196.1543272518779,2727761
2017-01-27,202.5492401123047,203.15827726045225,199.76506080933427,199.8520585299187,2174191
2017-01-30,199.63455200195312,202.8537598598532,198.45998315872703,201.28766806888507,874850
2017-01-31,199.2865295410156,201.11364100985455,196.7633566421224,201.11364100985455,1633654
2017-02-01,203.9413146972656,205.7684393422108,199.24301314742607,199.54753834692144,2228274
2017-02-02,201.50518798828125,204.98541566838276,200.5481200658473,204.46337620596148,1488349
2017-02-03,199.4605255126953,201.80967626593005,198.54696319865585,201.41815335305984,831310
2017-02-06,208.4656219482422,211.2498011513077,198.80798581696868,200.3740907674473,5393544
2017-02-07,204.3328399658203,210.55374062853087,203.7237895993903,209.5966728607233,1433247
2017-02-08,207.63905334472656,210.55374898194816,204.4633512841232,204.5503622759261,2588609
2017-02-09,207.4215545654297,213.07692427680945,206.20348024569213,208.0306050013129,1958912
2017-02-10,206.6820068359375,209.94472001496405,205.07239635721217,207.4215471909085,1136518
2017-02-13,208.11756896972656,210.2927108136326,203.15824822082325,207.0735035398541,1610639
2017-02-14,206.89952087402344,208.55262357293563,204.1588338403357,208.07408965187773,1109494
2017-02-15,204.5068817138672,207.81310066527493,202.549253643746,206.7255295152076,1068726
2017-02-16,205.0288848876953,206.0729636953838,202.5927364057916,202.5927364057916,1253416
2017-02-17,207.24752807617188,208.63962427310196,203.9413095654729,205.50741446801592,994116
2017-02-20,208.2915954589844,210.0317090827888,206.4209786238,207.94357804462885,1414109
2017-02-21,207.90008544921875,208.4656303776558,202.50573553590343,207.07353408182607,3463345
2017-02-22,202.85374450683597,207.94358227030105,202.5492325820901,207.42154286214588,1424660
2017-02-23,201.8531951904297,203.98483188098783,201.0266438136028,203.2017860031548,2648601
2017-02-27,200.02606201171875,201.85318668435332,197.1548850633127,201.6791779717248,1944289
2017-02-28,199.5475616455078,200.67862503051927,196.8503798596764,200.67862503051927,3643448
2017-03-01,199.1125030517578,200.89610886253905,198.3729494648389,199.06899755676025,1500099
2017-03-02,198.89498901367188,203.1582620066175,197.98142672203693,199.46052062105807,2028929
2017-03-03,196.1108245849609,200.2871004588763,195.3277786668584,198.37297788883612,1834150
2017-03-06,195.7193145751953,197.72044828009803,195.2407805820205,195.76282007930504,1354047
2017-03-07,195.5887756347656,196.5458301703921,194.6317078231257,195.71927884725585,1237467
2017-03-08,195.98028564453125,198.1119220562726,193.93564694338417,195.7627714540268,1509986
2017-03-09,197.63340759277344,198.1119415140856,194.1096879813245,194.80572283849065,1284718
2017-03-10,199.2865295410156,200.1130809156819,197.50291029504257,197.9379387318158,1069153
2017-03-14,203.33230590820312,204.37637158965424,200.98315480593425,203.59332564756977,1695627
2017-03-15,202.7232666015625,204.76790571674832,201.8532096633584,203.41931480732885,1878148
2017-03-16,205.8716583251953,206.57130980863167,203.55407696510065,204.47236870306455,1385524
2017-03-17,204.7347412109375,206.74622089186303,202.7232481852697,206.6150420760609,2156569
2017-03-20,204.8221740722656,205.65300431494916,203.16051358689865,204.8221740722656,938903
2017-03-21,207.4021453857422,208.4516293099796,204.8221929856005,204.8221929856005,1673926
2017-03-22,203.7727203369141,206.39640343138075,202.5046095102036,206.39640343138075,1517447
2017-03-23,203.4666290283203,205.43439144965703,201.9361471450584,204.12254983543252,1252511
2017-03-24,201.06158447265625,205.040840006494,200.14330602578383,203.86019056991103,1614604
2017-03-27,199.0500946044922,201.14903572634853,198.4816219314637,200.97412619031752,1781771
2017-03-28,199.70602416992188,201.36768485252333,198.8314631065016,199.3561917377081,1396538
2017-03-29,201.7174835205078,202.7232366484763,199.83718276239065,199.92464419777625,1942783
2017-03-30,204.64727783203125,206.39639986478363,200.05583249605615,201.71749308927411,3539094
2017-03-31,206.96487426757807,207.66452580060607,203.3791818460172,204.6472927432125,2172143
2017-04-03,207.751953125,211.64374662329843,205.52182006807905,209.15124261649132,2178311
2017-04-05,208.8014678955078,210.02584812851592,206.8774360958906,208.97637745097416,1693179
2017-04-06,212.8244171142578,214.52980833462084,206.6150288973304,209.2387118039632,2881107
2017-04-07,212.03732299804688,215.5792979043694,210.81294287117265,212.16851516183215,2654510
2017-04-10,214.17999267578125,214.79219607762488,211.643771005758,213.6115333394892,1886939
2017-04-11,217.67823791503903,219.0775409194877,212.3871542891847,212.95561362832436,1952615
2017-04-12,217.8531646728516,221.0453071935357,215.5793005863761,218.11552231420103,3115592
2017-04-13,214.44235229492188,219.252437744764,213.74270083326925,216.8911257383353,1148283
2017-04-17,215.8854217529297,216.67252143740816,210.46313203409952,213.91765919698955,1336022
2017-04-18,210.5505523681641,217.63450152405488,209.50108187889091,216.1914679246557,1923359
2017-04-19,210.02581787109372,211.5562996142365,207.09604654106556,210.50682908788696,3524341
2017-04-20,210.8566436767578,215.31689637305817,210.02580012488932,210.8566436767578,4090611
2017-04-21,209.3698883056641,212.51831309684715,208.14550830061572,211.20647165797772,2063116
2017-04-24,215.75421142578125,218.6402656006585,210.2007566863702,210.2007566863702,8783579
2017-04-25,215.4918365478516,218.64026165355983,214.70473694379575,216.89113956033137,3652900
2017-04-26,215.1419982910156,219.51480313432896,212.86813443459616,216.27893021922537,3337224
2017-04-27,218.2029571533203,219.12124882030852,213.0867702549152,215.44809549709663,4294652
2017-04-28,215.05453491210935,218.46533066590416,213.2179649013656,218.46533066590416,5255357
2017-05-02,211.4688720703125,214.26746486076988,206.0028653136602,213.91764576624132,4524291
2017-05-03,212.124755859375,216.45382978614987,210.5942742346245,212.29966537611264,2293214
2017-05-04,213.3054351806641,214.26745767547135,209.982113859859,212.51833557199816,1670754
2017-05-05,215.6230316162109,216.8036810381984,210.1132942793745,212.8244388982958,2543955
2017-05-08,228.04180908203125,236.87488161735345,225.63676603322747,226.4238656931204,24262308
2017-05-09,225.2431640625,229.48479004679805,224.2374242986724,226.51128812742328,5049653
2017-05-10,227.1234893798828,227.73566603116413,223.14422104388467,226.3801072345221,3553905
2017-05-11,227.6482391357422,231.05904870963224,225.0245558878182,227.56080437906695,3705195
2017-05-12,225.9865264892578,227.38582923784827,223.75640691675557,227.38582923784827,1880787
2017-05-15,225.76791381835935,230.44682044421253,223.53779397372483,225.8990926287232,8669217
2017-05-16,227.95431518554688,229.61597571756985,226.07401440748183,226.07401440748183,3788577
2017-05-17,225.63674926757807,227.6045116158419,224.76218822390533,227.6045116158419,4352685
2017-05-18,220.56430053710935,224.01881411583696,219.602291361058,223.97509673786328,1506862
2017-05-19,219.73345947265625,223.88762437810945,218.85889843992925,220.65175122596804,2197778
2017-05-22,212.8244171142578,221.26392512603,211.73121590316083,220.60800439937185,2517117
2017-05-23,209.71974182128903,214.0050856153623,207.83942756266063,213.39289555117224,2556514
2017-05-24,205.7842254638672,210.24447897956316,203.81646302745168,209.71975033669816,2125257
2017-05-25,209.9383850097656,211.55631496305543,203.90390569214455,205.78421997698544,1912885
2017-05-26,210.2444610595703,212.51832501907032,208.32042951023905,209.8946419941435,2050152
2017-05-29,210.11328125,213.17424476456816,209.10754143311007,209.9821024372724,1067127
2017-05-30,212.03732299804688,213.61153555027272,207.53333894767812,209.89465110364569,2348911
2017-05-31,210.98785400390625,214.09254841052885,209.89465268782385,213.08679519288745,3097509
2017-06-01,210.20074462890625,212.78069694605512,209.67600268366763,209.8946429367267,1610540
2017-06-02,210.2882080078125,212.518341420058,209.4573776547485,211.2939612518314,2142258
2017-06-05,210.20074462890625,211.6000342416392,209.50109315016877,211.6000342416392,966410
2017-06-06,205.5655670166016,210.94411186265745,204.6472752918564,210.900381143433,1884219
2017-06-07,206.9211578369141,208.0580765704549,204.8222032282185,204.8222032282185,1376882
2017-06-08,205.52183532714844,209.151258145029,205.17201626448832,207.35841876796863,1605121
2017-06-09,205.5655670166016,206.3963973028979,202.9418840000393,205.87165536168868,1013263
2017-06-12,201.7174835205078,206.5275688824034,201.1927549424186,205.1282793294241,2245461
2017-06-13,202.24224853515625,204.60356076802356,201.54259700641035,202.5046195265288,1295348
2017-06-14,204.6909942626953,205.2594535457599,200.0120878138117,202.8106802019025,1635872
2017-06-15,206.48385620117188,206.9211366985528,202.28596075736655,206.39639476379895,4396221
2017-06-16,207.48960876464844,208.6265407966909,204.64728535691356,205.95912692971424,4001169
2017-06-19,207.9706268310547,209.5885568170596,207.4021541240181,208.40790736966295,865666
2017-06-20,210.9441070556641,211.7312199495412,206.83367309233344,208.14551457072037,2335353
2017-06-21,210.20074462890625,211.0753056411426,207.7082404061358,209.8946429367267,2413141
2017-06-22,214.22373962402344,215.92913110682528,210.63804710667603,210.63804710667603,4917780
2017-06-23,212.78070068359372,214.48609201846185,210.28819641704197,212.9556102201649,2469136
2017-06-27,210.5505523681641,213.96133479448704,208.10177899669927,212.6932240639178,2654226
2017-06-28,214.8359222412109,215.53557376854863,207.3147050203737,210.59430904407267,3461166
2017-06-29,215.9291229248047,217.6782450654503,213.5678107038817,214.8359215869012,6508472
2017-06-30,215.6230316162109,216.67250221733627,213.74271733381627,215.49183945060608,3444695
2017-07-03,216.4101104736328,218.33414194860725,214.79218067763355,215.49181878144867,3166023
2017-07-04,217.8531646728516,221.0015764717299,216.978603615706,220.38938640067656,3624710
2017-07-05,221.4825592041016,222.57576038477336,217.3721254337239,218.33413446587048,2653067
2017-07-06,224.412353515625,225.81165642594704,221.438838167376,222.83814107769808,2680640
2017-07-07,221.65750122070312,224.32491516155324,219.82093097476425,224.32491516155324,1668483
2017-07-10,222.4883270263672,223.27543998261464,201.80496341609268,222.13850794230785,179284
2017-07-11,223.1442413330078,225.0245422084852,221.395119274055,222.6632434425896,2464271
2017-07-12,228.26043701171875,228.9600751850026,223.88763170498083,223.88763170498083,1859209
2017-07-13,230.14073181152344,230.84039665561343,227.69197158092032,229.13499195572163,2101852
2017-07-14,229.04751586914065,230.7966378333028,227.1234977222521,229.9220768512217,2298401
2017-07-17,232.76438903808597,233.9450516459713,229.39732407836905,229.61596431355215,1049035
2017-07-18,232.8518524169922,237.0060169202061,231.7586512319359,234.7321531173926,2615130
2017-07-19,231.40884399414065,234.38234603126747,229.1349800753436,233.55150241245283,2569184
2017-07-20,228.78518676757807,236.8311327919332,227.8231642294796,231.75868913939385,3702155
2017-07-21,232.72071838378903,234.7321982754709,227.47335168602376,229.2224739186122,1399985
2017-07-24,234.46983337402344,235.25693301647868,231.5400483870362,234.12001427620848,1786012
2017-07-25,234.2074279785156,240.50427793104944,232.10848689083235,240.50427793104944,5705127
2017-07-26,231.6712188720703,234.0762617810073,230.88411925795165,233.9013655831395,1699994
2017-07-27,231.40884399414065,233.0705045422865,230.7091791863274,231.67120161614343,2277932
2017-07-28,229.6597442626953,234.12001109532392,228.12926237724824,231.1027647025053,1754006
2017-07-31,230.14073181152344,231.75867506971844,228.69771143672216,229.57227247472107,1524550
2017-08-01,228.08551025390625,233.07051889480493,227.21094920739668,231.2339353592378,2370928
2017-08-02,234.59722900390625,235.7411657142864,227.1175725864981,228.70148908613757,2324968
2017-08-03,239.4369659423828,240.22892405744037,232.30928919840383,234.50918777035844,3813836
2017-08-04,244.14476013183597,244.80472971930251,236.9730691313139,238.77700211626137,4142004
2017-08-07,245.9486541748047,247.6645857595767,239.78893832785076,243.48477857771508,1632831
2017-08-08,241.24090576171875,247.0486441746044,240.53694886195328,244.62875540708825,921821
2017-08-09,240.40499877929688,241.8129128041789,237.8091069442232,240.1409947589525,949202
2017-08-10,235.34523010253903,240.75697683140788,234.113265051733,239.34903595494285,1402846
2017-08-11,231.7373809814453,236.2691678429676,231.0333971434861,231.5173910672526,1515060
2017-08-14,233.27731323242188,234.42125005851264,231.2094026428844,233.05732331554,2162725
2017-08-16,237.6330718994141,238.24905434208483,232.57330435567636,233.71726791288847,1804763
2017-08-17,238.3810272216797,241.90086528137,237.017100715243,240.4489374525944,2464131
2017-08-18,241.9449005126953,243.52881703627767,235.03721234605857,237.76509245154872,2173179
2017-08-21,241.4609222412109,244.3648051945689,239.8329915202093,241.72492624837287,1420376
2017-08-22,240.3609313964844,243.6607795124554,238.90900359630365,243.6607795124554,1561082
2017-08-23,243.44081115722656,244.1007808387594,239.87698561864337,241.10892365332427,1018756
2017-08-24,242.34085083007807,244.62875099439768,240.4049559635261,243.9247941073304,1073190
2017-08-28,245.81668090820312,248.06056679303725,241.6368734666336,243.92477343707583,2031129
2017-08-29,241.9889068603516,245.37675692724403,240.75696870536456,245.244768348895,2313805
2017-08-30,246.52066040039065,248.01660236396933,243.8807817735346,244.67273999074465,1271563
2017-08-31,246.6967010498047,248.14862914737253,245.0687702749761,248.14862914737253,2076018
2017-09-01,248.67662048339844,250.74453118161537,246.872686957618,248.06063794206088,1197940
2017-09-04,243.5727996826172,249.38053824999764,242.07688451726327,248.4565914376977,2196967
2017-09-05,248.5445709228516,249.07252513820396,241.54888217287308,243.61679236377884,2029499
2017-09-06,248.67662048339844,252.37243516870592,246.52070844295628,247.62065808517383,2217173
2017-09-07,247.3126373291016,251.14046699850053,246.7406689541882,249.55655044424253,1675064
2017-09-08,248.63255310058597,250.3924721509649,246.6966582577093,250.3924721509649,1275740
2017-09-11,250.87646484375,253.4283420841675,248.23658628037327,248.23658628037327,1599816
2017-09-12,254.13229370117188,254.66027477376957,250.48046713490663,251.22843808323395,1258233
2017-09-13,251.44839477539065,256.5081612494361,249.6884760018096,253.86828308906453,1322504
2017-09-14,250.5244903564453,253.25234343156097,249.5125154078072,250.788467475252,791428
2017-09-15,250.21652221679688,252.10843002062444,246.82867232385743,249.8205296478448,1184804
2017-09-18,248.41259765625,252.50443149901085,247.70864068020364,251.22847926890992,916191
2017-09-19,250.87646484375,252.5483825630419,247.70860519685124,251.22844328135355,1731903
2017-09-20,246.3006591796875,251.66841751144244,244.93673269360883,251.66841751144244,2413483
2017-09-21,243.52882385253903,246.12471546276112,241.1969362397938,245.94871279777655,2685318
2017-09-22,237.5010681152344,242.2088568990137,235.8291504048526,242.2088568990137,3292766
2017-09-25,230.7694396972656,237.501126275642,228.87753164447537,236.70916788775767,3633108
2017-09-26,229.9334259033203,232.04535036393003,228.78948919901924,231.4293679205464,1308037
2017-09-27,230.90138244628903,235.8291613376236,228.877486206354,231.38537631530625,4003318
2017-09-28,235.8731384277344,238.16103854896537,228.7894750384302,229.7574358805933,5296128
2017-09-29,234.4652099609375,241.1088931734775,233.18925799624648,235.961124937431,2334479
2017-10-03,236.1371612548828,239.0850312510756,234.113238086134,236.0931471628587,1314526
2017-10-04,237.19308471679688,238.46903679929855,234.3772302841058,236.00516081391464,1029485
2017-10-05,241.06497192382807,241.9889188723725,237.2811290798258,237.63310759097416,2205375
2017-10-06,245.2887115478516,246.82864067864529,240.93290126477052,242.07686473161417,2113361
2017-10-09,246.6086578369141,248.45657821742188,242.9568311648591,242.9568311648591,2399561
2017-10-10,244.32077026367188,247.1806388781584,243.3968234529933,246.74065909131437,1111212
2017-10-11,241.10894775390625,245.94872590225108,239.3490284272354,245.64073464923612,915071
2017-10-12,244.1007537841797,244.54073352310368,239.74497048137152,241.94486917599144,773049
2017-10-13,244.2327423095703,246.03667535151,242.56082467267976,242.86881586074088,1798301
2017-10-16,246.21267700195312,247.62061768512976,244.32076929685715,245.8606985447177,1535618
2017-10-17,247.13665771484372,249.38054394120076,244.40877759852256,245.5087270926653,1548583
2017-10-18,244.540771484375,248.2805998457809,243.2208320627024,247.48864156362453,1225832
2017-10-19,241.15289306640625,246.1246857832018,239.30499957808317,244.1887641187652,143094
2017-10-23,247.9726104736328,248.98458552124356,241.2849388369493,241.2849388369493,3075417
2017-10-24,248.3246154785156,252.46040957952107,247.57664443075015,249.90853205264767,2847254
2017-10-25,247.92860412597656,251.4924295749135,246.7406533582528,249.95250035673973,2019634
2017-10-26,243.2648468017578,248.85256888495,240.53696661887872,248.2366132657427,2537382
2017-10-27,245.4207000732422,246.3886608976151,243.26481540292775,245.0247344093393,1799125
2017-10-30,249.51254272460935,251.97644580490197,245.06875732803985,245.50873714370957,1982624
2017-10-31,247.70864868164065,254.1323435718316,247.04867892494,248.98460095295712,3084319
2017-11-01,249.07257080078125,252.9884020260093,248.19261114156035,248.236625237064,2056294
2017-11-02,245.9926605224609,251.40443277771044,245.46470632078663,250.30448343383568,1519341
2017-11-03,248.67662048339844,249.5565801971725,246.388719856738,246.388719856738,1336410
2017-11-06,246.43267822265625,248.5446027716208,244.3207805279279,248.1486102051309,2012960
2017-11-07,243.44081115722656,249.380538291022,241.6808920064724,246.87264813035023,2025509
2017-11-08,240.6689300537109,246.1246898496384,239.74498329428408,243.3088086283403,1707405
2017-11-09,238.46905517578125,244.144805422582,237.6770968947532,240.0969858310388,1331818
2017-11-10,237.6770782470703,241.1089150984274,236.2691376055757,237.14909714973055,1686868
2017-11-13,238.64501953125,241.416886497008,236.753085183198,238.38101557712943,1685529
2017-11-14,238.77708435058597,242.29692336263292,236.8851762524588,238.46909306618372,1691237
2017-11-15,243.00082397460935,244.6287545103633,238.7330147930601,238.77702888303065,3970046
2017-11-16,242.1208953857422,247.97262176132867,241.5929142182239,245.90473804109175,2588111
2017-11-17,241.5489044189453,246.3006807743726,240.6689448400056,244.7607515112281,1670648
2017-11-20,232.9252777099609,240.05292778850628,231.4293358997151,240.05292778850628,3261832
2017-11-21,230.2414093017578,235.3011766794283,229.53745240829733,232.7492993728413,3037842
2017-11-22,233.7172698974609,235.3011864002996,230.6813986037457,231.78134807911565,2773825
2017-11-23,233.14529418945312,237.14909941185564,232.39732319893992,235.1691904186212,2837249
2017-11-24,233.14529418945312,235.9171614091344,232.74930164911248,234.02525374200172,1999089
2017-11-27,230.90138244628903,234.0692422231637,230.2414127783666,232.74930288731883,2787181
2017-11-28,231.47337341308597,233.7612738563623,230.5494265293768,231.47337341308597,1485419
2017-11-29,231.47337341308597,233.8932624320012,230.8134036806545,231.6933633238964,1398926
2017-11-30,230.9893798828125,233.0572901783245,228.12951136997768,230.9453926473856,2858463
2017-12-01,231.913330078125,236.0491507300944,230.81338063390277,232.00133140450967,2069676
2017-12-04,229.7574462890625,234.15724408527493,228.30551838715928,233.1892831992613,1260611
2017-12-05,229.18548583984372,230.5494124619512,225.48964482204192,229.6694528724017,2016019
2017-12-06,230.2854156494141,231.64934215497703,226.7655775919785,228.7014724110281,3182304
2017-12-07,233.9372711181641,234.68524216847428,230.0654541482621,231.16540367688404,1345304
2017-12-08,235.91717529296875,237.5890931703574,232.04535840474344,233.8052776134128,1272951
2017-12-11,236.79714965820312,238.42508039854752,236.2691684918431,237.1491281510306,1199568
2017-12-12,233.45330810546875,237.28113834245008,232.44135977607465,236.26919001305595,2006310
2017-12-13,232.39732360839844,237.8530567312717,231.64935261656737,233.8932387378261,3204666
2017-12-14,232.9692840576172,234.94919298728533,228.43749787833465,234.4212119018605,1666551
2017-12-15,232.66128540039065,235.43315244228765,231.6933245838241,234.94918546112075,1808962
2017-12-18,232.3093414306641,234.5532277368792,224.38970479098236,231.38539456439585,1221276
2017-12-19,238.1610412597656,239.3489919952949,232.3093157601392,232.3093157601392,1565382
2017-12-20,235.34523010253903,239.70101446049944,235.08122608269264,239.70101446049944,1553248
2017-12-21,236.3571319580078,239.34898894902395,234.15723316252047,235.8291508762442,1597801
2017-12-22,235.4771881103516,237.2371072638605,234.64121577074076,237.2371072638605,1112049
2017-12-26,240.49295043945312,241.1089329075537,234.68523850244108,235.389195448068,2217661
2017-12-27,238.7330322265625,240.888944019758,236.1811547201228,240.66895411654363,1652849
2017-12-28,238.99700927734372,240.66892698242623,236.5331065265925,239.34898771195589,1463113
2017-12-29,239.3929901123047,241.10892201431955,238.0730507582117,239.70098133244005,1948608
2018-01-01,235.8731384277344,240.31695011313624,232.61730431857367,238.55703107437907,1408955
2018-01-02,235.961181640625,237.85308957231203,233.27731537174785,237.589112411328,981714
2018-01-03,239.87698364257807,240.4929392277269,235.2571959099054,236.181142714746,1906004
2018-01-04,240.62493896484372,241.46088438754612,238.20505031019516,238.9970084990517,2142231
2018-01-05,241.0209045410156,244.27676547136852,239.5689767196221,241.54888561813135,1304360
2018-01-08,241.63693237304688,242.34088937207176,238.7770634263712,239.56902176383372,1215089
2018-01-09,243.88079833984372,245.81672020606825,239.87699289216903,242.34086903624024,3305059
2018-01-10,242.95681762695312,244.6287352669238,240.5809162909412,244.6287352669238,1860881
2018-01-11,239.1290435791016,245.42074993443816,238.4690738176137,245.0687714324923,2869673
2018-01-12,237.0611114501953,241.4609094609793,235.5651962390703,238.55705351555625,2131954
2018-01-15,243.704833984375,244.8047835386388,237.06112256407957,237.67710505616213,2520552
2018-01-16,244.49679565429688,246.38870354279584,242.0769066016444,244.7167855681744,2689358
2018-01-17,243.88079833984372,245.46474173609172,240.0969827926838,242.29688179783167,2384660
2018-01-18,242.56082153320312,244.62873165001184,240.7129012829862,244.18875191682835,1271915
2018-01-19,236.3571319580078,243.3527940151176,234.4212102762856,242.86882702180367,1942776
2018-01-22,236.2251739501953,236.88514367419,233.45327962602812,236.70914100609667,1955296
2018-01-23,231.1654052734375,237.0611186750282,230.54942279146027,236.225173140044,3127752
2018-01-24,228.92149353027344,233.6292829454068,228.2175365644114,231.3853966192643,2345935
2018-01-25,231.4293670654297,232.74930642131616,228.43750989626733,229.49344526843552,3313959
2018-01-29,232.0013427734375,234.42123166931,229.3174767397096,232.2653467655287,1420895
2018-01-30,230.1094665527344,232.0893759207789,227.38158605258064,230.37344372677788,1787102
2018-01-31,230.3733673095703,231.69330645042933,226.28156134375345,230.28539285023083,2708846
2018-02-01,234.4652099609375,237.149075584862,229.58141882243936,231.7813174827813,3355964
2018-02-02,228.39349365234372,233.58527655328044,226.23760883725836,232.5733015732518,3017102
2018-02-05,227.9975128173828,228.78947099999772,221.7937956298442,226.1495924884593,2745947
2018-02-06,224.6536865234375,225.6216340183686,217.7899990204013,220.033898665429,1907347
2018-02-07,218.4939727783203,226.98559102950236,216.95404346836236,224.65369001815228,3906454
2018-02-08,230.46139526367188,234.4212131439901,216.07406502145253,218.0539739616117,4063203
2018-02-09,227.8215484619141,230.28545159929905,224.477712527037,227.4695699720697,1742418
2018-02-12,226.0615997314453,231.51735960367296,224.96165030996664,228.96548231668928,1200752
2018-02-14,223.6417236328125,227.38155187702085,222.4537862468052,226.67759494921697,1060437
2018-02-15,222.9817352294922,226.89756580414328,221.48580674277432,224.3016744990285,1620357
2018-02-16,226.19358825683597,230.109418938399,223.77371295706723,223.77371295706723,4870752
2018-02-19,226.6335601806641,229.53744266495215,224.4776755020574,226.58957294702773,2519233
2018-02-20,232.04537963867188,237.3251377478181,226.23764034776332,228.2615368812407,7529895
2018-02-21,230.2854156494141,236.57712080623347,228.8774750555932,235.82914984818177,6498774
2018-02-22,226.0615997314453,227.90952013037625,224.21369275963136,227.2935377126546,3842909
2018-02-23,228.9654998779297,230.5494164246489,224.91768032558105,226.2376197325924,2201036
2018-02-26,231.3853759765625,233.1892823245492,229.0974757602672,229.8014326633268,1668982
2018-02-27,221.22183227539065,229.5814482564537,219.5939151142963,227.29354798552623,10403386
2018-02-28,222.0578155517578,223.06976374424733,217.35002621234355,219.98990507322225,3500262
2018-03-01,222.7617645263672,225.4896446224024,221.1778480082748,222.5417746291746,3184053
2018-03-05,216.55804443359372,222.18978002171323,214.71012406058625,222.18978002171323,2291003
2018-03-06,211.7622528076172,219.10992015972369,211.1462838299409,217.78998088165304,2727521
2018-03-07,206.9665069580078,211.19031596268525,206.3065372206244,211.19031596268525,3023002
2018-03-08,207.8904571533203,208.99040666206804,203.75464968585248,207.6704672515708,2111425
2018-03-09,207.14247131347656,209.38637083638943,206.08652254596373,208.99039172696175,1257500
2018-03-12,211.9382781982422,213.21421695188732,204.59061005758488,208.55042831676397,1926518
2018-03-13,210.1343536376953,215.0621193055985,209.16639271388544,212.99422231690335,1942169
2018-03-14,214.6221466064453,215.59010756226607,209.91437068125452,210.22234849292968,2973976
2018-03-15,213.21421813964844,216.07408689832047,212.5542484261088,214.79814813756732,3060758
2018-03-16,206.5704803466797,213.91814710578907,205.95451141871547,213.214176862209,3348952
2018-03-19,203.4026336669922,208.33041225268585,201.59872742825027,207.58244130458567,2932815
2018-03-20,202.74269104003903,205.86655037589085,201.0707731331924,201.0707731331924,1711628
2018-03-21,202.25872802734372,206.39453563770223,201.07077714600567,203.1386876647442,2202091
2018-03-22,200.85076904296875,204.89858837919425,199.92680882196976,202.65468882165877,3027467
2018-03-23,199.9268035888672,200.80676312352517,196.2309762287271,198.78285350838843,1842220
2018-03-26,203.3586578369141,204.89858705290547,199.70681763986408,200.05880951693243,2279430
2018-03-27,203.8866271972656,206.96648565470804,202.83067841156597,204.32660697690025,2987115
2018-03-28,204.986572265625,208.46240976503373,200.8507651108684,202.5666835293495,17268096
2018-04-02,211.3663024902344,212.95023252501773,203.7546569877702,205.99855675145335,2609084
2018-04-03,211.7622528076172,213.47818461080237,210.0023337701897,210.8383060546611,1586599
2018-04-04,208.19845581054688,214.71015176367996,207.67047465667403,211.71829436404985,1640569
2018-04-05,211.2157745361328,212.8575832422279,209.04149721246,211.2157745361328,2110899
2018-04-06,211.7926177978516,212.2807241842239,209.5296024874063,211.21577341314665,664865
2018-04-09,209.97335815429688,213.16821084868457,209.4852517096919,211.92577039113132,857711
2018-04-10,208.5534210205078,211.65953580166436,207.9322007725937,211.03831555375015,899391
2018-04-11,210.77207946777344,211.26018593906863,207.31098547420024,208.50905022201275,1288646
2018-04-12,209.44085693359372,212.94632619514005,208.9971263044972,210.10645287723864,2341840
2018-04-13,210.01773071289065,212.2807599461615,208.7309144168224,209.6183757991572,986965
2018-04-16,214.45501708984372,215.20936460923167,208.68651865701895,209.4408661764069,1117203
2018-04-17,217.29489135742188,218.27109060243217,213.2125642118619,214.8099971619325,2079834
2018-04-18,217.3392791748047,219.15857765042455,215.43124268914576,218.53735741380905,1693395
2018-04-19,219.20294189453125,222.3978080027454,217.7386361608576,219.20294189453125,2315449
2018-04-20,218.84796142578125,220.0460260527053,216.6293081815685,218.84796142578125,894175
2018-04-23,219.7354431152344,220.9778836306599,217.64990345549936,217.78301724587135,1051719
2018-04-24,219.91290283203125,221.42158426499896,217.91611499797816,219.5579102032491,1321262
2018-04-25,218.0492401123047,221.64346110887368,216.3630690480303,219.4248078445206,1575990
2018-04-26,215.20936584472656,220.001651461336,214.1887907635401,217.6055086530313,1013598
2018-04-27,217.3392791748047,218.31549207633307,214.58815711505423,215.6531080266217,1464396
2018-04-30,222.4421844482422,224.30585872071623,217.8717638612694,217.8717638612694,2454697
2018-05-02,217.82737731933597,223.4183863188496,217.25053288052905,222.6640387835621,1602224
2018-05-03,212.9463348388672,218.2267268311368,212.45822841873127,216.6736695662584,1148958
2018-05-04,210.0621032714844,217.16179422137205,207.13347804633847,213.92256564212013,4083676
2018-05-07,208.77528381347656,211.3489163269553,206.86724731640635,209.13026293892685,2213157
2018-05-08,203.6280059814453,209.66274592702715,203.0067857388676,209.0859014606876,2782140
2018-05-09,199.36817932128903,204.69294721992043,198.92444866306977,203.761123670928,2975035
2018-05-10,195.28585815429688,200.38876053473032,194.35402109824864,199.81190257546976,3566843
2018-05-11,192.71221923828125,196.2620645001724,191.8247579228085,195.68522006174908,3917464
2018-05-14,192.9784698486328,195.0640094593753,191.07043334299783,193.1559594121547,1683423
2018-05-15,190.0054626464844,194.75337229911295,187.07683775760464,193.20031508214785,2421775
2018-05-16,187.96432495117188,190.27171643826657,186.36689174220717,189.11802746551228,2481091
2018-05-17,193.15597534179688,195.8627354188862,188.1418236654606,188.1418236654606,3620351
2018-05-18,186.7662506103516,193.2890973759632,185.65692385032148,193.2890973759632,1556445
2018-05-21,184.63633728027344,188.85177870885693,181.26398142908957,186.7662391117656,1715130
2018-05-22,184.5919647216797,186.6331285783616,183.1276588797045,185.0356954061068,1483612
2018-05-23,184.14822387695312,185.56816740540944,183.2607625570642,184.1925996512646,1418518
2018-05-24,188.8517608642578,190.1385769967592,181.2639643014612,185.4794053317277,2792312
2018-05-25,187.7868194580078,190.36045185195977,185.96752105600075,189.47299053796465,1499518
2018-05-28,188.2305450439453,190.31607095069745,187.7424386260809,188.05304195266035,1181241
2018-05-29,184.8582000732422,189.9167270095726,184.4588451780345,188.4967834470725,1459474
2018-05-30,182.9945068359375,186.72184137342995,182.5507762114364,184.19258493872408,1963564
2018-05-31,182.2845458984375,185.4794120002431,181.5745876905561,183.8819789493403,6571778
2018-06-01,180.6427459716797,185.70127255150413,179.88839846821782,182.3289169844264,2911603
2018-06-04,178.77908325195312,182.32892859244,177.80288390827042,181.4858430323914,6313873
2018-06-05,179.31158447265625,180.3765354793461,176.6935759649142,178.3797472637076,2631652
2018-06-06,181.17523193359372,183.5270126717125,177.89162759711127,178.82346473706076,2884900
2018-06-07,182.8170318603516,183.97073428429212,181.7077052107135,181.92957054064112,4036226
2018-06-08,182.8170318603516,184.23697538852232,181.7077052107135,182.19581164487127,2601050
2018-06-11,182.8614196777344,186.8993716566696,182.0626963124408,183.660129501442,4756149
2018-06-12,183.61573791503903,184.14822011272184,181.8851910849473,182.728276613291,2857333
2018-06-13,186.36688232421875,187.78682589189455,182.99452650717768,183.7044982910156,4884946
2018-06-14,182.8614196777344,186.98810966953383,181.7520929550371,186.98810966953383,4024884
2018-06-15,181.88519287109372,184.2813357010271,179.26718471354462,181.4858379897024,6832521
2018-06-18,180.06590270996094,182.7282867630895,179.710923586178,181.48584628826373,803881
2018-06-19,177.7141571044922,180.37654148058945,176.47171647894834,179.48908002189037,1605387
2018-06-20,175.4954833984375,179.0897046036632,174.43053247804096,178.3353570333568,1716864
2018-06-21,174.8298797607422,175.93920640897025,173.54306355711466,175.71734107932463,2532830
2018-06-22,181.88519287109372,182.81702995539695,173.63179997547002,174.91862970890944,3167408
2018-06-25,183.5269927978516,185.4794048777213,181.75207026313652,181.9295598082912,3363586
2018-06-26,188.0974273681641,190.93730093370755,183.3938795812655,183.70449646535312,7976623
2018-06-27,182.19583129882807,189.384260638967,181.086504529524,189.384260638967,3049747
2018-06-28,178.2909698486328,184.8138158237521,177.58101164152126,182.4176730207887,3785931
2018-06-29,184.10385131835935,184.591957761141,179.0009486398663,179.17843819862725,3749070
2018-07-02,177.40353393554688,184.5476011350351,175.93922799684842,184.41448733754865,3041228
2018-07-03,178.2909698486328,179.53342379424754,175.58422371545433,177.8028769666398,4134828
2018-07-04,178.37973022460938,181.30835536944988,177.22602776857093,178.7347093457356,2262034
2018-07-05,184.10385131835935,185.3463053128567,178.82345908110534,179.08970019003945,4657759
2018-07-06,184.1925811767578,188.4080220234217,183.4382337138792,184.3700707146164,3029745
2018-07-09,182.95013427734372,186.3668655626256,182.2845383289058,185.5237800695877,2007632
2018-07-10,181.35272216796875,185.3906602518459,180.64275041927465,185.3906602518459,3550279
2018-07-11,179.7552947998047,182.01832389584476,178.5572165896702,181.5745932315853,2524353
2018-07-12,179.00096130371094,182.99453759550136,178.60160638284916,180.15466382965653,4308979
2018-07-13,174.7411346435547,180.59838497840752,174.20866595775888,180.06590275102616,2220084
2018-07-16,169.10577392578125,175.67298292535887,168.218312518185,174.4305423713587,1994603
2018-07-17,173.58743286132812,173.85366041371185,167.73018296036415,169.5051055313733,1248112
2018-07-18,173.6317901611328,176.24981171228623,171.23564746663865,174.34176187768992,1675322
2018-07-19,171.59066772460938,173.9424350264446,169.86010715510778,173.45432854636945,1596782
2018-07-20,172.4337158203125,173.4542907952324,170.12631125755877,171.6349926063208,1105960
2018-07-23,175.7173614501953,178.0691288004446,172.30062956091797,172.87748760982262,3302774
2018-07-24,188.7186279296875,192.40160021352443,179.71090172880326,179.71090172880326,11675077
2018-07-25,184.99131774902344,192.4016255202693,183.34952235828248,190.1385963443762,7567233
2018-07-26,198.34759521484372,200.3443830861341,189.9167130916177,189.9167130916177,18529989
2018-07-27,199.7675323486328,201.897433927276,197.59324145768727,198.1257236231401,4962191
2018-07-30,201.45372009277344,202.74053630134856,197.8594990303783,200.12252810978157,2775674
2018-07-31,204.73731994628903,205.62478124951667,198.92444570183136,200.56625452943635,2919886
2018-08-01,207.66595458984372,208.9971466064453,203.09553408281252,203.67237854003903,6542652
2018-08-02,203.05116271972656,207.31097997373763,202.3855666969619,206.7784977388916,1820808
2018-08-03,200.655029296875,204.60422984493573,199.54570253946545,203.2286619574306,1909383
2018-08-06,202.784912109375,204.07172831816345,197.3270303948377,201.18747902120296,1628672
2018-08-07,204.20486450195312,206.82287280755037,202.38556600430567,204.116112949254,4307531
2018-08-08,204.9591827392578,207.000346419774,201.18747224715045,203.8498561239321,2470588
2018-08-09,206.2460021972656,206.91159817708677,204.0273489311953,205.8022715440516,1211459
2018-08-10,202.07493591308597,206.9559730778541,198.79133180146792,206.82285929908528,1723589
2018-08-13,196.04019165039065,199.6787883208714,195.41897146170925,199.6787883208714,1728996
2018-08-14,200.8768615722656,201.89743660440143,196.57266904560407,197.01639967550383,1810299
2018-08-16,199.23507690429688,200.6550205082224,197.46015417018288,199.67880758782536,1030961
2018-08-17,202.91802978515625,203.80549112432877,199.76755286436224,200.7881279877764,1721617
2018-08-20,203.89422607421875,206.7784751916996,201.89743822365517,203.49487121242288,1591893
2018-08-21,212.41387939453125,214.23316432752432,204.47108948417,205.0035717104417,6380758
2018-08-23,210.5502014160156,214.7212669760032,208.64216496523375,212.99072008364067,2837007
2018-08-24,210.0621032714844,214.10005520755016,208.64217320645832,209.88461370605435,1731653
2018-08-27,214.49940490722656,215.25375246897127,208.64216814073148,210.3283392837561,2145678
2018-08-28,209.79586791992188,216.05247344982425,207.3553490888071,215.65311853123177,2900755
2018-08-29,206.9116058349609,211.79264320096468,206.0685202709683,210.5945785178968,1711404
2018-08-30,211.12705993652344,213.3900891965454,205.93541891344668,207.0891214324369,5025712
2018-08-31,214.1887969970703,216.00808188677664,209.9733556877392,211.2157961306974,2735230
2018-09-03,212.9907073974609,217.78299289727,211.5264017007372,215.6087154675712,2393818
2018-09-04,202.29681396484372,212.9019744907634,200.47751547157387,204.11611245811363,3810744
2018-09-05,198.08135986328125,203.4505034477549,194.2209113252104,201.80869462270945,3947663
2018-09-06,201.09873962402344,206.82286240395737,197.68200814075905,201.49809450791,4887812
2018-09-07,201.8974456787109,203.40612717986127,197.6820045051994,202.51866588017464,2406640
2018-09-10,194.97525024414065,202.34118194428925,194.3540300254357,201.3649690709064,2611742
2018-09-11,195.4189910888672,198.3032405431853,193.9990610209236,195.72960798519733,3757737
2018-09-12,201.09873962402344,201.94182516591397,194.22091442496225,196.1289508377452,2404591
2018-09-14,203.9386138916016,206.42350829405785,201.4980952634291,202.42993235704836,2588077
2018-09-17,200.47750854492188,205.7135385041943,199.7231745411996,202.78491341396872,1802238
2018-09-18,199.14633178710935,202.20808443567657,197.99264280591817,200.56627543692565,1344871
2018-09-19,199.6788024902344,200.92124295576164,197.01641845703125,199.6788024902344,2120702
2018-09-21,200.07815551757807,201.58683708064729,184.7694474696886,200.610637735878,3464829
2018-09-24,194.04339599609372,202.34116406175087,192.53471458640627,198.4807022255181,1734859
2018-09-25,200.2556304931641,201.80868771825664,191.6028830962196,193.4665571829644,1801355
2018-09-26,200.655029296875,203.40615153029884,198.3032484462149,202.0305836427937,2420982
2018-09-27,201.67559814453125,208.37593425655012,199.6788100440904,200.74376098934164,8039387
2018-09-28,198.3919982910156,204.95920722156055,196.3064585884525,201.09875826404877,4202032
2018-10-01,197.63763427734372,201.36496913229468,192.4459936534573,197.90387538303708,2070915
2018-10-03,189.29551696777344,197.19391791264465,187.2543530649098,196.57269764870864,4433444
2018-10-04,189.6504821777344,192.0910008180556,183.9263593478435,187.0324739809796,4756385
2018-10-05,184.99131774902344,190.1385963443762,183.7045014855817,189.02926964458405,3007099
2018-10-08,184.68067932128903,186.94369452577783,179.62213969774606,183.2163602307328,2483769
2018-10-09,181.66331481933597,188.0974088695337,179.66652701065388,186.36686214365935,1790998
2018-10-10,186.2781524658203,186.89938631251405,180.2877876935165,181.1308869021474,2655944
2018-10-11,184.45884704589844,185.3019326202265,177.80288691975227,181.04211543117583,3596264
2018-10-12,194.8865203857422,195.951471311136,185.39067298521744,186.3668858994201,5695694
2018-10-15,192.5791015625,194.26527261115987,186.0118933774634,194.1765346063584,5976849
2018-10-16,196.5726776123047,198.6138413071151,192.5791017691653,193.46656306764075,3761860
2018-10-17,194.62026977539065,202.2080667537645,192.9340851459825,198.3476046032419,5346216
2018-10-19,185.6569061279297,190.80418451143905,184.4588414664136,190.71543296247407,5427052
2018-10-22,182.8170318603516,189.42861598387736,181.66332943641095,188.1861755529168,3803442
2018-10-23,178.02476501464844,182.81705123225748,174.6524089340856,179.97717741657854,8424281
2018-10-24,174.29739379882812,181.4414599678603,171.23565502398142,179.26718249248134,14849782
2018-10-25,170.88067626953125,175.229231229163,170.2150802935722,172.1674924480684,7180208
2018-10-26,169.0170135498047,171.85688719762297,167.2864666036018,171.85688719762297,16413375
2018-10-29,171.3688201904297,172.4781470597577,167.7745984254893,170.3926071287859,16772923
2018-10-30,170.7919158935547,174.91861885611857,170.43693680802804,171.36877383451562,3981871
2018-10-31,174.96299743652344,176.33856521926302,167.15334849242532,171.28003829905867,8628188
2018-11-01,177.44789123535156,178.37972834547332,175.00737256395826,175.3623652229303,3416848
2018-11-02,181.0865020751953,184.5919719103682,178.7347212311931,179.2672034898768,4174804
2018-11-05,182.32891845703125,182.90577641774485,179.62215882705792,180.9533507557414,2629132
2018-11-06,181.21961975097656,183.6601386626468,180.37653410798964,182.81705301965985,1757806
2018-11-07,182.4620513916016,183.12764737643244,181.53021430452137,182.4620513916016,172463
2018-11-09,182.19583129882807,184.10386792539663,181.707724812017,184.01512990880423,1849981
2018-11-12,180.4652557373047,184.9469243440145,179.0896880523611,182.72827115590687,3828786
2018-11-13,182.6839141845703,183.17200706673785,178.73470056278018,180.110268287324,2024625
2018-11-14,187.43182373046875,190.2273349486117,183.30513410477144,183.70448898119625,5341589
2018-11-15,193.33346557617188,194.35404073875927,184.7694551994896,187.60932888552875,3028344
2018-11-16,192.80096435546875,194.35402160574296,190.80417646225905,193.37780877465107,1845708
2018-11-19,195.5964813232422,196.7058080402333,190.759819545478,193.4665794432536,3289421
2018-11-20,190.8041839599609,194.57589457312295,189.9610984135712,194.57589457312295,1207441
2018-11-21,193.11160278320312,193.64407148922547,189.96111215828975,191.69165915063803,1599264
2018-11-22,190.49354553222656,194.17651772164336,189.7392116198763,194.17651772164336,1093305
2018-11-26,192.0910186767578,192.57912515851837,187.8312012183904,190.0942305126718,2129029
2018-11-27,191.5585479736328,193.59969835361883,190.1829800998611,191.6472859883878,1843182
2018-11-28,190.4048309326172,193.0228391460512,189.60610761119963,192.13537781664405,1252402
2018-11-29,192.4016265869141,195.24150024580868,190.7154418689306,193.11159838703412,2647720
2018-11-30,192.9784698486328,196.0402088295384,191.4254124700416,193.11159717746347,4396332
2018-12-03,195.24148559570312,197.7263799388745,193.11158389674756,193.99904519490983,2823065
2018-12-04,194.35403442382807,198.43636202470708,193.02284240722656,195.2414957682292,1995824
2018-12-05,192.26849365234372,194.1765436558932,191.1148047450643,194.1765436558932,1836318
2018-12-06,184.72506713867188,191.29228898886555,183.5713782634513,190.53794145514289,1873533
2018-12-07,188.54116821289065,189.4730053738662,184.23698862794413,186.1894009632921,1040049
2018-12-10,181.8408203125,186.3225027178992,181.4858411986721,185.83439628019696,1114367
2018-12-11,189.11802673339844,191.42541821156075,177.71414250906614,177.71414250906614,4298081
2018-12-12,191.6472625732422,193.9990431130859,188.71863761241707,189.0292544800745,3558108
2018-12-13,194.0877990722656,195.8183460368892,191.82476986856443,191.8691456454185,2819659
2018-12-14,194.7533721923828,199.5456711556281,193.64404560944425,198.4363445726895,5023903
2018-12-17,194.13217163085935,196.2620734686894,192.8897311490561,194.84214342399792,1236838
2018-12-18,194.93087768554688,196.08458013450968,193.4665718928999,194.5758985665977,1565567
2018-12-19,201.67559814453125,204.6929614130076,195.72960962042444,196.2177160866272,6142902
2018-12-20,199.7675323486328,203.67235642333995,198.30321316442965,200.5218662845096,2215666
2018-12-21,195.8627166748047,200.7437540858023,194.62027620500317,199.900668514038,1677202
2018-12-24,189.2511444091797,194.88652974139825,188.62992413467663,191.69166327025937,2431010
2018-12-26,196.2176971435547,197.01640688998836,186.2781198365578,188.71863839037525,3303641
2018-12-27,192.4459991455078,197.7263914691796,191.73602735725945,192.9784678305049,1684054
2018-12-28,196.08457946777344,197.7263883558978,192.66786144935307,192.66786144935307,2241527
2018-12-31,199.7675323486328,200.4331282846568,194.88649548445693,197.01639706310007,2836456
2019-01-01,197.8151397705078,203.2286597032552,196.173344312704,199.23508342087683,1594627
2019-01-02,194.3096618652344,198.6138548734728,193.5109520586844,197.81513152533708,1826162
2019-01-03,189.7836151123047,196.04020679647596,189.16238133404224,194.3540356481264,1612955
2019-01-04,192.1797637939453,192.53474292791932,187.43184001292343,190.36046526376003,2344100
2019-01-07,193.4665985107422,195.46338679812368,192.04665475641377,193.9103292412714,1280088
2019-01-08,194.0877990722656,194.93088466615035,190.9816842746797,192.66786900403503,1678459
2019-01-09,188.8961639404297,194.79777681922968,187.78683719316757,194.79777681922968,2005058
2019-01-10,189.1623687744141,191.15915667931608,187.5205735108899,189.78360251142908,2033769
2019-01-11,188.8961639404297,190.04985292431329,187.69808563675207,189.78362533823935,1279076
2019-01-14,190.6710662841797,191.070421162041,187.74244127722227,189.02925745770187,1231366
2019-01-15,192.3572235107422,193.0228194398451,190.67105257364832,191.2035211919804,1294415
2019-01-16,192.4459991455078,195.241496981103,191.4254104681553,192.5791129313607,975644
2019-01-17,191.0260467529297,193.8215444595093,190.09420967020816,193.46656535256065,934332
2019-01-18,188.7186279296875,191.6916285107235,188.31927307860693,191.42538742947517,787152
2019-01-21,188.4080352783203,190.62668851159876,187.43182243904397,189.02925547532132,1028461
2019-01-22,189.7836151123047,190.80419024816064,187.6093239715572,188.31929575986743,996452
2019-01-23,188.4967803955078,191.2922916998763,187.69807061802263,189.0292626082214,979376
2019-01-24,187.43182373046875,189.73922852561043,185.25754625519184,189.73922852561043,1682064
2019-01-25,179.5778045654297,189.65048248119436,178.6015916911051,188.05304938756555,2945463
2019-01-28,177.2703857421875,181.3527129331093,175.62857700328578,178.37971231128753,3278879
2019-01-29,178.2466278076172,181.70772185488525,175.98359852674824,176.33857767051398,2643774
2019-01-30,181.6189422607422,182.63953083929147,176.1610609037826,179.13406155481263,1461921
2019-01-31,186.2781524658203,188.14182692272743,181.44149028390723,182.5508170935931,7669625
2019-02-01,188.5855407714844,191.11481108787743,186.0119082199432,187.07685915362967,3350137
2019-02-04,188.5855407714844,189.02927145565255,184.4144750486205,188.14181008731617,816759
2019-02-05,185.70127868652344,191.07042230787968,182.8614052094312,188.23054883078743,1990920
2019-02-06,190.36045837402344,191.2922954939616,185.16880409264317,186.6331234358561,2419386
2019-02-07,190.7598114013672,193.99905340163983,189.47299517291276,189.96110161586728,1560735
2019-02-08,189.2511444091797,192.9341038192654,188.2305692111809,191.38104636221468,1071280
2019-02-11,184.2369842529297,189.65049043867864,183.5270124546846,189.29551131034896,1168695
2019-02-12,184.10385131835935,185.4794190965311,180.8202470857331,184.19260286853253,1731437
2019-02-14,181.39707946777344,184.19259061320295,180.2433906417957,182.7726471544212,1234816
2019-02-15,181.7520904541016,182.7726656083054,177.9360038722157,180.7758775349264,1516899
2019-02-18,175.7173614501953,181.75210182447896,174.47492087677807,181.08650575837973,4557434
2019-02-19,177.13729858398438,179.9771723192319,174.51927665430424,176.24983719537042,12045263
2019-02-20,183.5269927978516,184.4144540652091,177.1372743811943,177.1372743811943,3528149
2019-02-21,186.01190185546875,186.810611643009,182.3733049531513,183.6157454096773,2197983
2019-02-22,187.2099609375,187.6536915932142,184.7250665571836,186.3224996260716,1375220
2019-02-25,186.4556121826172,188.5411379743735,185.47939940071672,188.0086693546328,1323218
2019-02-26,188.45242309570312,189.029267556589,184.0594785797816,184.81382614394207,1651331
2019-02-27,191.22311401367188,196.00481460586164,186.93299228464795,189.56963883128623,2325569
2019-02-28,189.52493286132807,193.4128447261205,188.31833152933604,192.3850092491791,5667560
2019-03-01,194.351318359375,196.0048071165017,190.15057972522672,190.3293319492057,1389426
2019-03-05,198.41799926757807,199.62460066423844,194.5300735564911,194.84290018167584,2838170
2019-03-06,196.8538818359375,202.35059090195463,196.22824226029715,199.22237938583305,4240764
2019-03-07,197.70297241210935,201.00993626688,195.8707314429504,197.97110756528977,6193867
2019-03-08,202.1271514892578,202.976248400466,197.1220211405539,197.79235219387388,2803088
2019-03-11,208.5176696777344,209.76894897923188,202.3953066631636,202.6634418386049,4030315
2019-03-12,208.3835906982422,211.91401209455805,207.66858176331763,208.91986103735684,6903177
2019-03-13,205.3894500732422,210.57334659806236,204.31692304967413,209.1433014746909,3736991
2019-03-14,200.3396148681641,208.20483579269376,199.89272747061037,205.568202874711,2916976
2019-03-15,201.41217041015625,205.1213306286648,199.80337293254308,200.11618595118432,3226639
2019-03-18,202.3953094482422,205.16601690272668,201.09933866001757,202.79750539797783,1524697
2019-03-19,205.43414306640625,206.7748052653049,202.48468350124497,202.48468350124497,1620753
2019-03-20,203.28907775878903,206.41728959304848,202.7081295875951,206.3725981249748,1640049
2019-03-22,205.43414306640625,208.60703269346283,203.2443838978682,204.45098533204543,2103761
2019-03-25,204.9872589111328,207.53450894660324,202.26124300264297,204.67443227127015,2495275
2019-03-26,206.8194580078125,207.5344804880774,204.13813393525876,204.1828253973852,2582780
2019-03-27,207.5791778564453,212.94182615413604,205.92568917615608,208.24950889365664,4639012
2019-03-28,207.22169494628903,209.94769720372395,203.33376907151143,207.6238908828023,5196003
2019-04-01,209.63487243652344,218.08104118090472,208.65171474652328,211.82461786833775,5454846
2019-04-02,205.52349853515625,211.377725804036,204.4956630403259,210.03706369534237,3626882
2019-04-03,202.66343688964844,210.84147089441504,201.9484143185726,206.46197980819755,4591977
2019-04-04,198.9542694091797,204.9872491112892,198.46269055771995,202.66342925234545,11011371
2019-04-05,200.2055511474609,203.69126734173497,198.90958044127805,200.83119076721255,8983871
2019-04-08,201.63558959960935,204.5850353722369,200.6077404515818,203.5571998621298,3693810
2019-04-09,203.02093505859372,203.7359576074899,198.23924818632256,201.6355950651385,2110961
2019-04-10,200.1161651611328,203.46782054215615,199.35646479085324,202.4399850138106,1489964
2019-04-11,203.0656280517578,204.4956731603018,198.95427223105537,200.25024293934283,1907836
2019-04-12,204.80848693847656,206.37259281536453,202.6187414384176,202.9762595358874,2171386
2019-04-15,203.28907775878903,205.8810328899282,202.7974988858212,205.7469584857072,2875556
2019-04-16,207.3557586669922,208.24953348883267,203.46783273681748,204.13816385319785,4568324
2019-04-18,208.60704040527344,210.26052930020995,205.56821143059847,207.3557610952124,2742711
2019-04-22,202.08248901367188,207.44513784759943,201.18871420801727,206.90886750903817,1348195
2019-04-23,202.7081298828125,204.54037097313144,201.63560283708867,202.39530324376247,965185
2019-04-24,200.29493713378903,202.30593042373505,193.10004730217585,199.31177940353592,6235599
2019-04-25,197.12203979492188,205.43414837027876,196.1835735038794,198.7308372027202,7167694
2019-04-26,201.99310302734372,202.484681890614,198.1945601606791,199.31177865087457,2114460
2019-04-30,197.0773468017578,203.51252274525132,194.4854052921867,202.8868831020364,9288005
2019-05-02,197.5689239501953,201.94841505232512,194.8875995273596,196.1835702708126,5897979
2019-05-03,198.14987182617188,199.57991697139903,196.76451814884328,197.9711195924988,1515314
2019-05-06,196.36231994628903,197.7476736076216,194.8875969881125,196.85389881165491,1376657
2019-05-07,195.0216522216797,198.82019499681428,194.39601260982988,197.7476679996545,1610407
2019-05-08,190.68685913085935,195.82606423343836,189.8377621600964,195.06635019788865,3350658
2019-05-09,191.22311401367188,191.93813657482937,188.1842851761538,189.9271432929045,1599486
2019-05-10,191.9381256103516,192.9659611072296,190.46340274301872,191.22310309003976,1105200
2019-05-13,187.69271850585935,192.78723242343403,186.7542521857457,191.35720084614252,1616073
2019-05-14,190.4634246826172,192.1168999610128,185.9498589935189,187.6033342719145,1809112
2019-05-15,187.4692840576172,191.223135885656,186.5755091634212,190.50811324271467,3417094
2019-05-16,192.38504028320312,193.90445483079384,186.08392473798068,186.441442867834,2642018
2019-05-17,195.7366943359375,196.63046919591892,190.55279742046068,191.6700159954375,3107238
2019-05-20,200.38430786132807,204.54036887297664,196.63045642087744,200.2055556285297,6025899
2019-05-21,197.0326385498047,202.93155728431395,195.8707286611383,201.18869927027447,3868084
2019-05-22,197.12203979492188,199.40116831947608,195.46855091842215,197.0773483262205,1891609
2019-05-23,198.9095764160156,206.2832182175414,198.06049311796951,200.5183737184781,5029385
2019-05-24,207.04293823242188,208.07078749111167,198.90959529254573,199.49054348899332,5347116
2019-05-27,213.7462310791016,214.4165621575072,206.59603290944167,208.2495216913438,2276077
2019-05-28,213.07591247558597,214.7294013542944,210.66272317962563,212.7184080013405,5089113
2019-05-29,209.0092315673828,213.07589578559288,208.3835783295778,212.89714356247163,1736796
2019-05-30,208.24952697753903,210.26052026380285,207.445135118202,209.05391883687616,2792300
2019-05-31,206.1044769287109,210.03708064302893,203.7806569643004,209.9923891748823,2038520
2019-06-03,211.95870971679688,212.5396715780736,205.0319543190202,208.1601664341452,2560455
2019-06-04,202.84217834472656,212.58433137739377,202.26123020792733,210.260511554356,3043423
2019-06-06,198.194580078125,204.4510042519553,196.6304740346674,204.4510042519553,4193682
2019-06-07,198.6414337158203,202.8421722186721,197.4348323753144,198.8648773982903,2565750
2019-06-10,199.40115356445312,201.099320146074,198.1945521884085,198.8201917901677,2438810
2019-06-11,199.53521728515625,201.0099401996207,198.01580290463392,200.205548362262,1805276
2019-06-12,197.12203979492188,199.13303314518944,196.22826497258075,196.22826497258075,1890005
2019-06-13,197.0326385498047,198.41799212329465,193.18940444325597,197.47952591945173,1941299
2019-06-14,191.44656372070312,197.34548298800385,190.5974803692684,196.63046040440352,1998514
2019-06-17,183.76010131835935,192.5190833042253,183.04507876251373,192.5190833042253,3979462
2019-06-18,187.69271850585935,188.49711041571567,183.84948392315505,183.84948392315505,1935444
2019-06-19,184.51980590820312,189.8824547423747,183.49197033682205,188.80992770312463,3145947
2019-06-20,190.99966430664065,191.53593462011744,183.04507436356556,185.19012834163144,1857056
2019-06-21,190.2399444580078,192.34030675520307,189.39084760897052,190.9996447467264,4181731
2019-06-24,192.1615753173828,193.85974192315888,189.92713839508767,190.4634087116068,2639044
2019-06-25,192.29563903808597,193.0553530585309,188.85461430752667,191.58063012227996,2274581
2019-06-26,196.0494842529297,196.5410494234638,191.7146715391836,192.1615588854288,2806007
2019-06-27,195.2451019287109,196.54107265844704,193.59162673488248,195.28979339620275,2614407
2019-06-28,190.2399444580078,196.1835405737534,189.52492199256972,196.1835405737534,1995352
2019-07-01,190.329345703125,193.05536163903832,189.03337493822505,191.67000793672943,2294542
2019-07-02,192.1168670654297,192.1615585275549,190.68683574286004,191.08903162614777,1735201
2019-07-03,192.1168670654297,192.83188954567424,190.4633920701536,192.1615585275549,1379872
2019-07-04,193.1447296142578,194.39600881352152,191.71468455402467,192.5190763767056,2031484
2019-07-05,187.8714599609375,195.69198944963665,187.1564373943865,194.21726648693613,2278543
2019-07-08,183.58132934570312,187.5586379184732,182.1512979194905,187.5586379184732,2756090
2019-07-09,188.6758575439453,189.3908664425668,182.106607593976,183.89415711637085,2289398
2019-07-10,186.66485595703125,189.4355494096912,185.8157590616497,189.3014886566941,1424627
2019-07-11,189.2121124267578,190.19527010993625,187.29050216354224,187.37987145606365,874940
2019-07-12,191.44656372070312,193.2788048293285,189.92714925425335,190.64217183785368,2316539
2019-07-15,196.2729339599609,196.5410554656152,188.76521812948465,192.16156479294392,2672310
2019-07-16,196.5410919189453,197.3008060269929,193.54695423447149,196.40703114125336,3230318
2019-07-17,195.9601287841797,198.14987435999905,193.7703832083604,196.6304598974665,2325693
2019-07-18,193.90444946289065,197.7029925456725,192.25097418607984,195.73669061864032,3614814
2019-07-19,191.26779174804688,200.02678680801807,189.52493375643135,198.41798957040376,7523729
2019-07-22,192.8766021728516,193.68099402769587,188.1842845311108,190.82091743079047,2095341
2019-07-23,194.53009033203125,195.87075260485827,192.2956532106529,193.23411952921617,3846881
2019-07-24,192.7872009277344,195.6919687157723,190.7762078437081,194.3959981225393,1690968
2019-07-25,191.3125,196.63045736945324,188.58648411343012,193.14474108034503,4148175
2019-07-26,190.77622985839844,192.69785387652183,186.88831763005248,192.42971870679284,4479103
2019-07-29,183.3578948974609,191.17842440311784,182.41944226711905,190.82091993802769,3642296
2019-07-30,180.6318817138672,185.90514726278772,179.73810696741148,184.02821484006265,2875238
2019-07-31,180.45309448242188,181.391560582638,176.788626638704,180.18497300057615,4384931
2019-08-01,175.89486694335938,180.4978012783908,173.4816779362757,180.27435759925496,4009344
2019-08-02,178.30807495117188,180.67657274723445,173.61575718929893,174.01795312701807,3109814
2019-08-05,176.29705810546875,178.30805116370604,174.15200429851677,176.60988470302902,2295191
2019-08-06,180.408447265625,181.7044179867659,174.5542196489722,174.5542196489722,4770543
2019-08-07,183.1344451904297,184.341046586894,180.05092495692398,180.8106389677231,6120163
2019-08-08,184.3857421875,188.98867690789425,182.19599667622435,183.13444929682743,5105516
2019-08-09,190.329345703125,192.0722038792265,185.90516305981467,185.90516305981467,5559737
2019-08-13,186.2626495361328,191.04434982912937,185.1901225804656,190.3293273127112,5125593
2019-08-14,191.26779174804688,192.3403186938164,186.3073392812028,186.3073392812028,3676384
2019-08-16,191.1784210205078,192.1168872721661,187.3798781849696,191.1784210205078,2152191
2019-08-19,189.48025512695312,193.59162460846107,188.85461550270304,191.625309163788,1881382
2019-08-20,183.9835357666016,189.92713233509647,183.35788253798503,189.5696278941044,1823430
2019-08-21,179.7381134033203,184.78793544644665,179.20184308107645,184.11760436260224,2235406
2019-08-22,176.56521606445312,179.55935348877964,175.62674978838135,179.46998419072406,2970844
2019-08-23,176.34178161621094,178.4868358130072,175.22456304747914,175.71614194530554,5629349
2019-08-26,181.1234588623047,181.7491121364326,173.92858258904602,180.9000151609508,3332737
2019-08-27,183.31321716308597,185.6370234632225,181.30222386058563,181.88317202613948,2434000
2019-08-28,183.2238311767578,185.458268142328,181.2128379077446,183.2238311767578,1674581
2019-08-29,178.7996368408203,183.35787976517904,178.21867508559342,181.92784838491596,3138802
2019-08-30,180.85533142089844,181.3915881038709,177.99524122669555,179.64873001784906,3324682
2019-09-03,172.81137084960938,179.33591627430903,171.8729045395882,178.75496808320733,5785632
2019-09-04,170.62159729003906,172.49852975288113,168.4318518420037,172.49852975288113,5847593
2019-09-05,172.67727661132812,173.21354690916365,170.17470461796276,172.09632848693985,2928347
2019-09-06,174.01792907714844,175.8054784536737,172.76664996874854,173.0347851028112,1565369
2019-09-09,174.7329864501953,176.78867137131144,173.07949749153354,174.28609901681884,1534947
2019-09-11,176.38645935058594,177.28023413596935,174.95641423880411,174.95641423880411,1746891
2019-09-12,174.9564208984375,178.9337161172034,174.37547272099312,176.52052683239543,2256605
2019-09-13,179.64874267578125,180.676578285673,173.3029358624133,175.1798684798663,2245097
2019-09-16,180.05093383789062,182.24067940807456,176.38646527743944,178.30807567541447,2090311
2019-09-17,173.7051239013672,179.82747260750872,172.9454099271394,179.51465963535378,2829653
2019-09-18,175.0010986328125,175.8054904519789,173.48168428665352,174.28607610581994,2266964
2019-09-19,171.42601013183594,175.62674898297945,170.04065645807552,174.73297417899482,2032982
2019-09-20,192.34033203125,194.26195601201135,170.93442854380595,171.7835118665047,8240226
2019-09-23,197.12203979492188,201.09933502675565,193.23411386256933,193.23411386256933,5258243
2019-09-24,192.8319091796875,196.138873144872,190.10589336752372,196.138873144872,2701974
2019-09-25,187.78208923339844,192.78721988528687,185.2795170884937,192.11688879136173,3960724
2019-09-26,188.1396026611328,191.08906234254965,185.5476610962669,188.00554189112728,3991305
2019-09-27,185.0560760498047,188.2289793342297,183.98354901169628,187.78209193185776,1996223
2019-09-30,182.28536987304688,185.0113857726435,180.9893991254121,185.0113857726435,2199055
2019-10-01,178.6208953857422,183.8047782036884,173.1241723014484,182.68755972776532,3940452
2019-10-03,175.49269104003906,179.87218219483162,173.16887105713602,177.3249185073387,2884359
2019-10-04,169.50439453125,177.14617221208448,168.7893855629208,176.5205325458355,2548653
2019-10-07,166.19741821289062,170.48753989994927,165.5717785922181,170.4428484332039,2614126
2019-10-09,171.91758728027344,172.81136207530906,164.54394522122942,165.79522447911089,3360027
2019-10-10,168.02969360351562,171.33665825004263,167.00185784781252,170.97915371882164,1878899
2019-10-11,169.1021728515625,170.48752638330964,167.0018104602605,169.05748138836037,2290001
2019-10-14,173.43699645996094,174.55421491997367,168.6999874619228,169.68314516190227,2856315
2019-10-15,176.02896118164062,177.41431498340282,173.39232799385465,174.1967199365953,2661814
2019-10-16,181.1681365966797,181.52565467449693,177.5930376460282,178.03992501485965,3790120
2019-10-17,184.9219970703125,186.0839070153115,180.58719755732517,181.4362808732364,3304474
2019-10-18,185.5923309326172,187.51395492675312,184.29636020601268,185.94984903376672,3446793
2019-10-22,175.09046936035156,183.5813295479342,172.05164064312174,183.2238251004673,9355044
2019-10-23,175.89486694335938,176.78864165990296,172.58790321973214,175.17984444254054,2890392
2019-10-24,176.6545867919922,178.26338418714485,173.8392015789161,176.96741343252123,3930744
2019-10-25,176.47579956054688,177.95053589612368,174.5541895438507,177.14613053910398,2875494
2019-10-27,176.56521606445312,177.7718038726129,176.07363719242304,176.6545853625087,178702
2019-10-29,178.03994750976562,178.7549701178213,175.9842626258263,176.8780374764154,2409517
2019-10-30,179.29122924804688,182.06192292849423,178.4421322828584,178.57620668479814,2471767
2019-10-31,180.8106231689453,181.43626272662564,178.03991616475022,180.542488033391,2177954
2019-11-01,180.18499755859372,182.3300515332282,178.57620025865762,181.4362767708104,2770430
2019-11-04,181.7490997314453,184.7432369424749,180.6765591278141,181.43627311573283,4243318
2019-11-05,180.14031982421875,182.6428920773331,179.20185352456068,182.19600466205983,2190913
2019-11-06,180.76596069335935,182.1066229481927,178.66558437228517,180.4978255148084,1636076
2019-11-07,181.6150360107422,183.22383337281943,180.31906528276252,181.88317117740857,2560585
2019-11-08,180.76596069335935,183.1344585550629,178.7549673111094,181.6150440605028,2181870
2019-11-11,178.88900756835938,180.49780481726413,177.6377283958335,178.75494681341738,1436622
2019-11-13,174.509521484375,180.7212533243525,173.88388188141334,178.88901234302722,2726347
2019-11-14,179.24655151367188,179.64874747446314,172.49854857000688,174.3754812375955,4639427
2019-11-15,179.64874267578125,180.76596122476,177.86119299741526,179.0231030159375,2190854
2019-11-18,179.82748413085938,182.4641170207325,179.02309227900687,180.54250668690656,1975524
2019-11-19,180.00624084472656,180.9447071205476,177.5930515911305,180.05093231270305,2382060
2019-11-20,180.18499755859372,181.4362767708104,179.64872724597484,180.22967538637815,1906946
2019-11-21,179.69342041015625,180.7212559414837,179.0230893320069,180.1849992617166,1272618
2019-11-22,179.469970703125,180.72124988523657,177.05678163024112,179.3805877738655,4861070
2019-11-25,179.38058471679688,179.78278061576978,176.96739568503943,179.64871986208547,1484115
2019-11-26,179.02310180664062,181.43629112854933,177.05679990130471,179.6040499930166,3628754
2019-11-27,182.0619201660156,183.40258233754437,178.79964767046408,179.38059582295818,2692917
2019-11-28,183.17913818359372,184.34104812359328,181.70441525377333,182.46411563298477,3042069
2019-11-29,182.91099548339844,186.08389854487896,182.24066442694144,184.11759684018912,2788327
2019-12-02,187.55865478515625,188.58649039136228,182.9110147277332,183.6707287934832,3517119
2019-12-03,180.5872039794922,188.45242507390049,180.05093363567653,188.0949069653829,3310100
2019-12-04,183.62603759765625,184.11761648576083,179.46999005933566,179.78280306964098,4612402
2019-12-05,179.82748413085938,184.47511028828467,179.55934896760158,182.95569588038495,2482546
2019-12-06,179.55934143066406,181.43627385676425,178.17400148150287,180.67655986574263,1407240
2019-12-09,178.48683166503906,180.4084557413531,177.32492165297597,179.55935873851206,1881525
2019-12-10,175.04579162597656,179.06777803276051,174.55421278200777,178.66556848174574,1652751
2019-12-11,171.1578826904297,176.29708804536426,169.99597266520794,175.62675691211194,4141191
2019-12-12,172.72198486328125,173.70514262556298,170.75568297663932,172.05165374479503,1583815
2019-12-13,176.8780059814453,178.17399019437357,173.07946354281162,173.57104235068928,2466144
2019-12-16,173.79449462890625,177.86117240391653,173.21354650587057,176.5205103003694,3104923
2019-12-17,177.45899963378906,178.0399478325565,173.57107357150878,174.50953989391317,1508604
2019-12-18,175.67144775390625,178.57621598761548,173.5710714220555,177.50368890583027,2341481
2019-12-19,176.07362365722656,177.19084208144753,174.8670223038998,175.62673628753817,931812
2019-12-20,173.79449462890625,176.07362293252038,172.58790691846596,174.9564045128978,5153265
2019-12-23,176.7439727783203,177.45899537049456,173.30293422481267,173.39231716305508,2275861
2019-12-24,175.67144775390625,177.5483667375499,174.50953773283825,176.96741854597678,938136
2019-12-26,173.48170471191406,176.47584229170647,173.03481728466846,175.71614184814212,1119466
2019-12-27,174.1967010498047,175.04579801031963,173.52636995755876,174.2860839839392,2876977
2019-12-30,174.86703491210938,176.43114081879344,172.945424539066,174.01795157606514,2510251
2019-12-31,175.4033203125,177.1908700736465,173.97327504841385,174.91174140060025,1972433
2020-01-01,176.07362365722656,176.74395471175913,175.00109669755847,176.25237587751786,1459556
2020-01-02,183.5366668701172,184.47511953166057,176.25239381990949,176.38646822721682,8633553
2020-01-03,181.79379272460935,183.93886047290533,180.7659571379552,183.1791464216069,2007973
2020-01-06,175.9842529296875,181.30222390802797,175.4926876992846,181.30222390802797,2119702
2020-01-07,177.86119079589844,181.03409416330908,175.80550596363793,177.056798905759,3557312
2020-01-08,180.2296905517578,182.86633723308668,174.86704152601243,175.1798681743496,4943334
2020-01-09,185.8604736328125,187.06707511147977,182.1960050034586,182.24068283473235,5537880
2020-01-10,189.2567901611328,191.26778320888985,184.83260818365125,186.39671388746223,5362463
2020-01-13,189.0333709716797,191.98283055130432,188.2736569334099,190.0165287108616,2628821
2020-01-14,187.0670928955078,189.882478429488,186.6202054369127,189.65903470019043,3725008
2020-01-15,189.52493286132807,190.2846331936136,184.6985411712797,186.7989172268452,3359831
2020-01-16,187.4692840576172,191.62533186045968,186.8883358315588,190.8209399108523,3126006
2020-01-17,188.0502166748047,189.83776631482343,186.44143290912496,187.37988555979769,1968147
2020-01-20,185.0560760498047,189.2568149045167,184.6985579451544,188.94398826768784,1743715
2020-01-21,185.54763793945312,187.60330889190064,183.84945778309736,184.11759292756616,3142796
2020-01-22,188.0055084228516,189.6589833895662,186.17326761072408,186.70952423320483,3780055
2020-01-23,190.9549865722656,192.1168965764035,187.20113502175388,187.6927139048032,4656562
2020-01-24,193.0106658935547,193.859749228439,190.01652848760253,191.35719069150025,3540793
2020-01-27,192.6531524658203,195.6472897324908,191.53593401454316,191.80406917043376,2903622
2020-01-28,193.1894073486328,196.85388929001692,191.3124885506403,192.8765943679276,5093967
2020-01-29,191.3125,195.06635145855984,190.59747742743596,193.72568924922268,3410299
2020-01-30,187.60330200195312,191.44653589707207,186.5307751013877,191.401844434982,2971434
2020-01-31,182.7769470214844,189.25681433642697,181.88317221942333,188.18428730153795,2906515
2020-02-03,179.42529296875,180.94470741699075,175.22455409258268,175.22455409258268,4031740
2020-02-04,184.8326416015625,187.69271839233755,180.9447155511239,181.2575422036132,3761981
2020-02-05,184.47511291503903,186.5754891462249,183.40258588465696,184.9220003141917,4000586
2020-02-06,185.45828247070312,187.022388467444,182.8216493752101,185.234838756883,3569538
2020-02-07,187.51394653320312,189.4802482687857,185.14543524709103,185.5476447976206,1957283
2020-02-10,185.1007843017578,188.407748651587,184.25168724992173,187.51397376579956,1734578
2020-02-11,189.48025512695312,190.77622584245424,185.9051559736144,185.99453890761623,4444457
2020-02-12,188.9439849853516,191.26780489248472,187.91614943292012,189.48025531405028,3036372
2020-02-13,186.3967437744141,188.9886853297264,185.81578195138087,188.22898490595907,1177002
2020-02-14,183.8047790527344,189.70369808802508,183.2238308977392,186.2626597111187,3183445
2020-02-17,182.1512908935547,184.43041916001613,180.81062881186207,183.5366444388877,1397181
2020-02-18,179.51466369628906,181.9725442547311,176.74395652069535,181.65971763757943,4007197
2020-02-19,183.93885803222656,184.4751147337439,180.2743758678791,180.7659547393776,1630613
2020-02-20,183.58132934570312,187.91614236554625,178.84433405134322,183.17913343326583,3826080
2020-02-24,187.60330200195312,190.10587386188547,180.5424874051378,184.8773001074092,7946307
2020-02-25,189.12277221679688,191.26782649805463,187.06708724180336,188.5865018275212,6147428
2020-02-26,190.9102935791016,193.10003900649704,187.7373904636899,189.3908655816365,6034979
2020-02-27,189.12277221679688,192.2956621665901,188.13961438243223,190.9103219971525,3753324
2020-02-28,183.26852416992188,187.1564363396402,181.659726813729,185.68171338525067,7650031
2020-03-02,180.76596069335935,193.54694358368803,178.57621507138262,186.44143636065576,5187934
2020-03-03,188.72055053710935,189.6590168393652,182.01723928945563,182.2406829977108,4549626
2020-03-04,185.9945373535156,190.3740283245938,182.95569491581657,188.8993053913322,3541106
2020-03-05,182.6875457763672,189.39085611999005,182.0172147420049,186.08389241138676,2414347
2020-03-06,183.31321716308597,184.60918789711303,174.6435906819699,177.63774172086104,2587514
2020-03-09,173.12417602539062,181.65972809262848,171.11318272547223,178.57620776033784,3909789
2020-03-11,170.21942138671875,175.58207061058758,169.63847317596853,173.48170784732562,3553042
2020-03-12,156.8574676513672,164.23110929309811,151.137314742041,163.56077823475894,8015838
2020-03-13,167.80621337890625,170.44284622771505,135.8984567582776,148.36661209533122,3970438
2020-03-16,160.38787841796875,164.49924778101965,153.86331992352737,160.8794572649736,5362750
2020-03-17,153.1929931640625,162.44356767237582,152.03109685033274,161.32634918769648,6785864
2020-03-18,142.69113159179688,156.2765185316593,141.35046948361995,155.87430898887004,5655031
2020-03-19,137.59661865234375,144.03179406009895,133.5299408531217,137.64131011697876,11032806
2020-03-20,143.36148071289062,150.64575393473157,135.31750705009426,137.5966356488043,14150719
2020-03-23,130.35707092285156,134.87062312949556,124.72628648497296,129.59735682423027,4517269
2020-03-24,127.05008697509766,139.25012162055296,125.21785947894854,129.68673364111058,3874319
2020-03-25,124.54751586914062,129.10575887484387,123.3409145111461,124.23468925398048,6937525
2020-03-26,128.74826049804688,131.0273889272255,122.04494961100438,126.2456883726335,14408540
2020-03-27,126.5138168334961,135.85376011373108,126.02223800023738,132.77023999662845,7706424
2020-03-30,132.5021209716797,138.26696600306553,122.80465843359208,125.12847848927592,6410760
2020-03-31,139.1607208251953,140.3226306858468,131.1167483654971,135.85375709712557,3947970
2020-04-01,140.00982666015625,141.5739326684666,134.69186895948542,138.8926080827917,2690125
2020-04-03,136.74755859375,140.00983149719005,135.4515877268186,139.9651536628896,3738943
2020-04-07,142.1101837158203,143.45084582634692,137.19442264388942,137.64131001406497,6642876
2020-04-08,133.79808044433594,142.55707592465765,132.45741828830467,141.66330115397017,10421305
2020-04-09,141.9314422607422,143.5402396429844,134.73655232760427,135.1387482636845,8828432
2020-04-13,147.47283935546875,154.04208947283524,140.54608477968156,142.06549918485072,12551498
2020-04-15,150.645751953125,155.47213063214744,149.34978116319505,149.34978116319505,9909012
2020-04-16,151.673583984375,156.0977666087306,146.44500947847163,149.3497776388362,6792496
2020-04-17,154.57835388183594,156.8574824223952,151.405450512659,155.51682017946877,3706597
2020-04-20,152.2098388671875,157.2149691599597,151.89701225729922,157.2149691599597,2682022
2020-04-21,149.75196838378906,151.45013502499066,146.6684480942804,149.9307206137175,2369603
2020-04-22,157.75125122070312,158.82377824646082,148.67944251218805,149.61789513602537,5333046
2020-04-23,153.2376708984375,160.43256002257712,152.29920472782453,159.53878531493046,4629629
2020-04-24,150.1094512939453,153.37173698296988,148.5453456402527,151.8523091519047,2729008
2020-04-27,153.99740600585938,155.51682048995855,150.69044186095607,152.2992256453425,4140704
2020-04-28,149.88604736328125,159.98570641779946,149.1263468842743,159.98570641779946,13325257
2020-04-29,151.4948272705078,152.6120457607033,148.05378886553729,149.1710073557328,3900447
2020-04-30,153.41644287109375,156.2765332142538,152.4332987488138,153.01424692843733,4691743
2020-05-04,145.10433959960938,151.76295891930633,144.34462558871104,149.483830524532,4948952
2020-05-05,147.29408264160156,150.91387313406292,146.35561641941968,147.47283486536944,4097025
2020-05-06,150.02011108398438,152.43330040404857,147.02595994006663,148.00911771094394,7032421
2020-05-07,150.69044494628906,152.6567468858486,149.08164749104148,150.0647916418603,4497992
2020-05-08,151.3607635498047,154.57834455595503,150.82449322981924,152.5673513128908,3874840
2020-05-11,155.47210693359375,156.1424379611642,152.0757603329861,152.0757603329861,4258713
2020-05-12,156.58935546875,157.57251328702375,152.52267705741372,155.0699409078997,3910077
2020-05-13,163.56076049804688,170.71095767828936,162.66698585051657,162.75636877043712,14928662
2020-05-14,163.1138916015625,164.63330594643134,159.67285336466276,161.9519817009262,2891248
2020-05-15,162.4882354736328,165.0801765254154,160.745377618957,164.45453699270087,6194720
2020-05-18,153.86331176757812,163.06919406178588,152.83547630025896,162.66699816752703,3640916
2020-05-19,157.42477416992188,159.40835956880332,153.50267391479514,156.79362147945318,3512226
2020-05-20,161.97799682617188,163.69110390871322,155.39610180956578,157.3346028748188,2833520
2020-05-21,163.19520568847656,165.62960655768453,160.03949729118557,162.92471364572083,5097083
2020-05-22,168.55990600585938,169.3713821283185,159.76900410489745,162.2935735562202,6953578
2020-05-26,170.0025177001953,171.30987982095382,167.2976248609171,169.32629449037574,5800498
2020-05-27,169.01072692871094,171.21972011055595,166.8919023493074,171.21972011055595,3151132
2020-05-28,172.4820098876953,173.11314882455878,167.1623788305958,168.8304016531179,3701233
2020-05-29,172.70741271972656,175.72786817370618,168.60498911013977,172.21151294137272,8512956
2020-06-01,170.36317443847656,176.40409937769903,169.77711979248974,172.9328282876743,6736796
2020-06-02,172.391845703125,174.69100752141796,169.68695268343853,170.8590757435288,4978019
2020-06-03,169.28121948242188,174.91641320687,168.37958848651016,174.24018995993623,4718925
2020-06-04,168.37960815429688,170.63368590736644,164.14194473008584,169.64188619289632,5769947
2020-06-05,175.90821838378906,177.03525716441868,167.97386261659705,169.5066326066938,7431679
2020-06-08,172.6172332763672,179.37946503510028,171.67051807858542,179.37946503510028,4469383
2020-06-09,169.3262939453125,176.04344172300486,168.46974730052423,173.29346459369827,4251785
2020-06-10,173.11314392089844,175.23198217513226,169.59678868812384,169.59678868812384,4235647
2020-06-11,170.85906982421875,175.14181695701578,170.4082543365559,172.66233177487013,3397620
2020-06-12,174.64593505859375,175.77297389319722,163.78127794145666,164.00668570837738,5199081
2020-06-15,172.66233825683594,175.27706268032182,171.40006034711118,173.8795456223399,1996939
2020-06-16,171.85086059570312,178.88357083669683,169.32629124257392,173.6541224539674,5481750
2020-06-17,168.74021911621094,172.6623190734788,167.11729448624783,170.0025106434883,3189979
2020-06-18,168.92056274414062,170.40824829758833,167.43286343289654,168.78530984795677,3259969
2020-06-19,172.0312042236328,174.91642078397385,169.10090335998376,169.86728148502868,7723363
2020-06-22,172.30169677734375,174.285282308376,171.80579695513623,172.61725938580466,2476845
2020-06-23,174.24017333984375,176.89998177251505,172.3016723866585,172.9328112720354,4619623
2020-06-24,170.1377410888672,178.70323428698086,168.0639873525017,175.14179512985052,6600942
2020-06-25,167.92877197265625,172.52709552710687,167.1173095843636,169.59679480812093,4477214
2020-06-26,169.50662231445312,170.13776124172418,167.8385995172826,169.50662231445312,3303912
2020-06-29,169.1009063720703,170.09269227352354,165.17880579697444,169.5066375934738,3555861
2020-06-30,174.5557403564453,175.77293376525992,169.1910257222273,169.1910257222273,6481812
2020-07-01,173.29345703125,176.4491651958693,171.67051865217235,175.0516345428359,2866671
2020-07-02,174.64593505859375,177.0803361897776,173.1582493000365,173.744303990911,2693150
2020-07-03,176.53933715820312,176.94506832126592,173.1582212030197,175.45738280410364,4168368
2020-07-06,174.82623291015625,178.52292524924394,174.33034690181202,178.2975175153434,2632204
2020-07-07,174.24017333984375,175.45738057133877,172.3016723866585,175.45738057133877,2551741
2020-07-08,176.31393432617188,177.26064957148387,173.8344492234862,175.1418113442521,3253782
2020-07-09,182.1294708251953,182.94093326139637,176.35903764870434,177.08033147741727,8857415
2020-07-10,177.8016357421875,184.2483058388047,177.17049677495584,182.3097908764103,6643771
2020-07-13,178.92864990234375,180.05568853080118,174.69098741090292,177.8016112738863,5213191
2020-07-14,171.76071166992188,179.6048989001383,171.30989615372786,178.38770526109306,4391973
2020-07-15,170.09268188476562,174.24018996930124,169.23613519016288,173.56396672233112,4521037
2020-07-16,173.56394958496094,174.01476503842838,167.4328566662447,170.81397256725046,3137329
2020-07-17,174.42050170898438,176.3590164748545,172.48200070091048,174.1049391362587,3254793
2020-07-20,176.4491729736328,177.62129595228842,175.3672185924878,175.81803406444791,2204858
2020-07-21,184.78927612304688,187.53925350533365,180.32620529359005,181.227836320058,12976607
2020-07-22,181.1376495361328,184.7892575784286,179.51472485759805,184.7892575784286,3320086
2020-07-23,178.4778594970703,182.35487567459148,177.84672052812445,181.67865240262145,3302917
2020-07-24,181.1827392578125,182.5802700019796,177.17048422414317,178.4778463688943,5135301
2020-07-27,186.7728576660156,188.3957962307754,182.1745477832932,185.64581890684877,11855463
2020-07-28,195.3834228515625,197.32193763622053,185.55565106315348,186.4121977085622,8290461
2020-07-29,194.39163208007807,197.99815576425175,192.7236093730294,195.2030944058988,5678086
2020-07-30,199.48585510253903,200.34240178531823,192.0924837892812,194.752292439089,5871670
2020-07-31,198.448974609375,203.31777616292973,196.19489726832256,199.4858446831406,6638453
2020-08-03,199.39569091796875,203.58828333886035,197.00637426184787,197.00637426184787,6020079
2020-08-04,199.7563323974609,203.00219544373232,198.5842094538924,199.3506012364015,4706837
2020-08-05,199.17027282714844,202.10057343635336,197.68258725174763,199.8014255030606,4114590
2020-08-06,201.0186309814453,202.6415695514368,199.35062186717977,199.57602961973976,3245608
2020-08-07,197.95309448242188,203.99401960422503,197.09654775940007,200.16208774425616,4871444
2020-08-10,200.02682495117188,201.5145104649085,197.9530710852087,199.2604331666433,3306247
2020-08-11,200.83831787109372,206.69891973938604,199.57603989488848,200.928486479879,6916287
2020-08-12,199.9817352294922,201.2440129791652,197.7276579923649,200.6128741043287,2396639
2020-08-13,200.16204833984372,202.7317017608381,198.17846322497184,200.43254034591604,2238706
2020-08-14,199.03504943847656,202.4612500965648,197.3219559883313,199.98176476947168,2751124
2020-08-17,197.77276611328125,201.01862947107875,196.64572735894936,199.9366750184796,2479307
2020-08-18,205.75218200683597,206.65381296546167,197.90799541835125,197.90799541835125,5469182
2020-08-19,204.62515258789065,209.0431527401821,203.4981138384995,207.55545333630752,4820916
2020-08-20,203.1825408935547,205.84234945507183,201.965333603096,202.6866411175235,1540485
2020-08-21,203.7235107421875,206.20299585884075,202.32598001578728,204.30957911534708,1700347
2020-08-24,202.14569091796875,204.89566853880623,201.19897550649367,204.21944521029533,2503427
2020-08-25,200.47764587402344,203.94891675326957,199.350607194178,202.5063154977452,1638069
2020-08-26,199.1251983642578,201.604683446296,197.9981596906041,201.604683446296,2595484
2020-08-27,199.57601928710935,201.6948437967972,198.53913542433745,200.16207391030463,2046018
2020-08-28,200.5677947998047,203.00219552493093,198.67437812817136,200.25223223343045,4113864
2020-08-31,189.83840942382807,202.05551220107856,188.03514742741612,200.6128971008301,4230643
2020-09-01,192.04739379882807,193.26460109362947,187.89988589442024,190.2441318852241,4386376
2020-09-02,195.87933349609372,197.0063722388791,190.46954753072407,192.27280951918064,3871634
2020-09-03,193.49002075195312,198.358822715487,192.49822113525676,196.8260527460632,3292415
2020-09-04,187.9900360107422,191.68672807330407,186.63758970850665,190.8752520372857,3950168
2020-09-07,189.83840942382807,191.4613479721583,186.14171682806472,187.9900631259464,4220400
2020-09-08,186.18679809570312,189.79332202976036,185.4204062565972,189.79332202976036,2070634
2020-09-09,188.8465881347656,189.7933033257167,184.20319453039008,185.5105565760865,2844517
2020-09-10,192.00230407714844,193.3547504741574,186.90809481819977,190.0638030778874,2591774
2020-09-11,191.55149841308597,193.39984466846985,190.3343048481723,192.0023139018236,1841491
2020-09-14,190.33432006835935,195.6539377577315,189.16219695235256,193.21953667543917,4594264
2020-09-15,196.0596618652344,196.42032252665797,189.83841335200077,190.1990602556268,3027667
2020-09-16,197.09652709960935,199.260435831768,194.7973654730682,196.5104587395441,4891756
2020-09-17,198.6293182373047,200.79322720157455,196.01458000119771,196.55556412116405,4404608
2020-09-18,198.3588409423828,201.0637342279608,195.69903196312424,199.93669535897,3567707
2020-09-21,189.1170959472656,198.5842211317533,187.2687497073063,198.3588133892655,2412725
2020-09-22,186.45730590820312,189.83842238227183,183.0311051295872,188.89170701797295,3532427
2020-09-23,188.6662750244141,190.60477605081755,184.4286123393437,186.09662133099883,4129810
2020-09-24,178.7483367919922,187.719562040838,178.0270292765812,185.8712158319088,3308708
2020-09-25,185.28515625,186.36711061522908,179.42455520072994,181.8589559619444,4205656
2020-09-28,190.83018493652344,191.64166104565763,185.33024439988637,186.27695964831133,2153072
2020-09-29,195.3383636474609,197.00638661159368,190.06383020109715,192.99413114612085,4723181
2020-09-30,195.65391540527344,196.78095408848355,192.85885396779383,196.55554635184157,3645700
2020-10-01,199.44076538085935,200.1169886001149,196.1498178836013,197.00636454309893,3358699
2020-10-05,199.57601928710935,202.1456592785772,197.86291220166748,199.44076638789736,3259415
2020-10-06,203.137451171875,205.3464441976339,198.4489730899427,201.01861298439016,4929339
2020-10-07,211.7029571533203,214.36276579650195,202.86697078533308,203.7686017666012,16914910
2020-10-08,214.72341918945312,216.34635775645089,208.6374098815595,211.7029635653992,8142299
2020-10-09,215.8053741455078,216.88732853775824,211.88327399607883,213.28080472505903,6602984
2020-10-12,214.9488067626953,218.51025991847064,210.26032870979887,214.58815989624023,6441927
2020-10-13,217.9692840576172,224.82168484031345,213.50621356787263,213.6865370078812,16150050
2020-10-14,222.3421936035156,223.60447140672545,216.5266630788376,218.1496015099618,10384771
2020-10-15,219.41189575195312,225.40773602715691,217.11273409291684,223.60447413893968,8031726
2020-10-16,223.6044921875,224.50612320438503,216.52668320183312,219.3668291596996,12591419
2020-10-19,223.24383544921875,225.1372522465875,219.45697433888748,224.68643675800493,10966621
2020-10-20,226.7151031494141,229.8257272236983,222.7479324108772,225.3175724036352,20195023
2020-10-21,228.42822265625,229.28476936707645,221.75614490509167,227.1208466811072,9477826
2020-10-22,228.6536102294922,230.45687209641943,224.95691789917285,228.1126261662955,11569723
2020-10-23,223.0634765625,230.8175077154336,220.89956793078605,230.36669227067688,15337661
2020-10-26,220.94467163085935,224.5061112056548,218.6004256091274,224.2356191634862,8116705
2020-10-27,230.68228149414065,231.71915157198623,219.682373020284,220.9446645909181,13206984
2020-10-28,227.0306701660156,229.64539435114943,225.72330807344872,228.87901631789111,4873497
2020-10-29,229.0142822265625,229.91591325895047,224.23563500334632,225.8585736132044,4794121
2020-10-30,234.153564453125,239.6534911353989,227.5716421287434,229.7806489222152,18101740
2020-11-02,234.87486267089844,236.13714049883265,231.899491539654,234.42404719552243,6267645
2020-11-03,236.227294921875,237.17399635711925,232.30519501833624,236.3174635146581,5173220
2020-11-04,238.3912506103516,239.20271307433555,234.10850300619504,236.22734153452868,4122454
2020-11-05,246.4371795654297,249.27977072079375,241.86014494984497,242.6791991307396,12065738
2020-11-06,238.96939086914065,247.641667150682,237.6685435456457,247.641667150682,8457488
2020-11-09,240.2220458984375,242.82372573352205,238.10215916996708,240.36657794915823,8012202
2020-11-10,240.8002014160156,247.0635121300305,239.35482202047373,241.86015218734352,8645746
2020-11-11,250.24334716796875,251.39963296078437,242.34192858863557,242.34192858863557,9322013
2020-11-12,253.2786407470703,254.7240200596011,246.8707983427808,248.7016062573896,6698839
2020-11-13,248.316162109375,252.7004673203768,246.4371573581939,251.97777770935565,7158835
2020-11-14,249.5688323974609,251.39964034459567,248.6534137207346,250.4360541191229,489361
2020-11-17,258.2892761230469,262.0954534783665,250.53241876608564,251.49600499210905,13207472
2020-11-18,252.45957946777344,257.9520324629959,251.15873224192427,257.4702393724085,8891945
2020-11-19,249.27978515625,256.16942125320446,247.1117160022652,250.3879035092449,7297426
2020-11-20,247.738037109375,252.3632394654584,244.5100172078304,249.66520965879636,4879945
2020-11-23,248.7497711181641,252.941376960487,248.12344597076344,249.5688252676805,6727698
2020-11-24,245.8590240478516,250.9660487801173,245.28088112388204,248.79797973312336,4054652
2020-11-25,246.87081909179688,249.7615779598211,245.90721809929556,246.6299078163016,6671995
2020-11-26,251.255126953125,253.03776748391263,244.31730855507053,248.3162005096817,5364946
2020-11-27,251.54417419433597,253.61590811895857,248.1234548319949,251.88143525692465,10177429
2020-12-01,252.45957946777344,259.73464337311583,251.39962878721792,252.652308466535,6262243
2020-12-02,252.94137573242188,254.5794840235015,249.76155305716964,252.4595826357887,5076458
2020-12-03,251.5923614501953,254.86854863264077,249.85788865502988,254.86854863264077,5223075
2020-12-04,243.35372924804688,253.42320340071308,240.80021666564912,252.45961707599557,11266087
2020-12-07,243.8836669921875,246.96712511115925,241.42651930310524,246.91895756489268,9578732
2020-12-08,247.738037109375,250.14700279615167,243.78732750179745,245.2327069138634,9736539
2020-12-09,243.64279174804688,250.1469990037352,241.86015128559444,249.4724768591362,13190004
2020-12-10,239.25845336914065,241.8601331355447,236.27133030572512,241.5710543385757,11038230
2020-12-11,236.8494873046875,241.33015718539676,234.8741326840464,240.4147532499265,7933577
2020-12-14,237.475830078125,239.93297797391145,236.1268151996961,238.00580546006472,4162472
2020-12-15,238.58395385742188,239.16209676729432,234.24781586916376,238.92120021239108,7713444
2020-12-16,238.24668884277344,240.60747210098825,236.17498438627365,240.0293292007169,7488289
2020-12-17,237.7649078369141,242.34194253691544,237.23493245733465,239.45118377901983,8321438
2020-12-18,241.90830993652344,243.01642814625916,237.5239899402005,238.05396527217945,7695230
2020-12-21,226.82818603515625,241.76377216389247,217.72229936826812,241.76377216389247,12498745
2020-12-22,228.94808959960935,230.44163646403288,218.9749664351604,227.0209171777378,10098570
2020-12-23,228.5626373291016,230.05619883810624,223.07019908281296,226.34638619023897,8750579
2020-12-24,237.7167053222656,251.3996260027655,236.0786117730435,245.71447347806568,24151514
2020-12-28,238.1985321044922,238.82487202581925,235.78956633745003,238.00581778376085,4547753
2020-12-29,235.5004730224609,239.2102859568316,233.66966503336016,238.5357785241713,5978220
2020-12-30,243.20916748046875,243.7873251209126,232.89879738239011,236.56042813116224,10481131
2020-12-31,239.78842163085935,243.49821952239012,237.90941685763696,242.8237121514898,7969910
2021-01-01,241.7156219482422,242.5346614566511,239.1139272541584,239.93298146572693,4011077
2021-01-04,243.69094848632807,244.55818490383763,240.8965543372792,243.69094848632807,4860584
2021-01-05,244.943603515625,247.3043867111768,241.33015534799728,242.8237168645817,9383253
2021-01-06,251.5923614501953,252.4595831446196,244.02820393654545,246.09990837498023,8653520
2021-01-07,253.42320251464844,257.37391231344134,251.6887588987495,255.35037515734535,7685276
2021-01-08,260.1200866699219,261.51726890987334,254.67580152891597,255.35032358014416,8135272
2021-01-11,260.5055847167969,261.9027673293802,256.3139780664013,259.01200817825537,6276642
2021-01-12,258.3375244140625,264.6008361278379,256.98850931082177,260.1683327260552,5997355
2021-01-13,255.2539825439453,259.5901205126635,251.5923666884437,258.3374701953386,5267492
2021-01-14,257.32568359375,260.6500677546261,253.5677032855752,255.35034364131576,4747011
2021-01-15,254.48313903808597,257.27753333158466,250.14700083586823,256.6993756900251,5926799
2021-01-18,246.72625732421875,254.9167407736909,238.96939946695244,254.48314458780487,7230336
2021-01-19,252.4114227294922,253.23044749350805,246.96713704767765,247.59349161731492,3685114
2021-01-20,252.5559234619141,254.2421991420596,248.26795354130408,251.49597286741687,4999049
2021-01-21,243.35372924804688,255.6876371450635,240.02935936840348,253.90499656307185,8233030
2021-01-22,248.316162109375,250.43603399124757,241.7637586589944,245.7144677471728,6396348
2021-01-25,247.6416473388672,254.62764711788196,245.61811048713068,251.8814206338336,9713572
2021-01-27,243.30551147460935,251.01420094707225,242.0528464947025,246.77442761848096,9165809
2021-01-28,238.96939086914065,241.3783565029021,237.04221836213145,240.8965633761498,9545181
2021-01-29,234.48870849609372,242.5828267239923,232.94696468927563,242.5828267239923,9156862
2021-02-01,251.3032989501953,252.4596142896226,233.2842525206444,237.42766190867104,8108261
2021-02-02,266.19073486328125,269.41875508587424,251.59240723077664,254.09773767546025,12896237
2021-02-03,259.15655517578125,268.55152189182223,258.24113639989497,266.04619155294705,8099652
2021-02-04,262.8181457519531,264.98621478198754,256.4584707159217,258.24111113299153,7803083
2021-02-05,261.42095947265625,265.564398333962,258.7710970661072,263.0590679955968,5119967
2021-02-08,264.3598937988281,268.0697067458204,262.0954602280937,262.577253353513,5445773
2021-02-09,260.6982421875,269.2741831405908,260.0237494717823,266.7688530668671,4725675
2021-02-10,261.99908447265625,267.68423722724464,261.13186276539994,261.4691238199767,6276033
2021-02-11,266.8170166015625,267.6842383123342,261.6136569306149,262.28817904250263,5475278
2021-02-12,267.3470153808594,274.5257152607899,264.2635276349884,264.9862173185846,9937677
2021-02-15,273.0803527832031,275.4893185441812,268.8405789251459,270.76775153392833,7339663
2021-02-16,273.7066955566406,276.8383512467913,269.9969115718276,275.4893362153755,6116048
2021-02-17,276.2120056152344,279.82545422193897,273.85123683597936,275.34478383088924,10058896
2021-02-18,272.5021667480469,279.9217922819013,270.5749943399099,279.439999179867,7081013
2021-02-19,265.2752990722656,277.994650112016,263.10722987728457,277.994650112016,18015854
2021-02-22,257.2293701171875,266.8170359932641,255.97669030497067,265.4680210777626,7287185
2021-02-23,255.061279296875,260.9873285547738,253.5677030407755,259.2046882007542,7106597
2021-02-24,258.6265563964844,260.45736448067385,255.3985364182365,256.3139551634913,3316417
2021-02-25,269.5151062011719,271.34591433289813,261.27642549892244,261.32462245884625,9436339
2021-02-26,263.5408020019531,277.99459370224304,261.6136297752478,266.91335339868743,21250569
2021-03-01,267.7806396484375,269.46691575378827,263.540865607677,265.51620585427355,4095441
2021-03-02,268.6478271484375,273.0803296544874,267.0097482135028,268.744191651979,4657410
2021-03-03,271.82769775390625,275.4893138861533,269.37053507546267,270.47868283183203,5079575
2021-03-04,281.3671875,283.5834241321642,268.5996695740582,271.2495317851028,10478749
2021-03-05,274.4293518066406,287.43776616121846,272.8394403779004,281.3190170083794,14706128
2021-03-08,275.34478759765625,280.40361571624834,273.8512405823144,276.54927048303534,4470385
2021-03-09,280.4517822265625,282.6198514121851,274.814825869,277.32012673621875,6082622
2021-03-10,281.3671875,283.1016310028834,278.47642872431504,281.8971481796813,3837384
2021-03-12,278.9582214355469,283.1979950856005,277.03104892131165,282.3307733354585,5744777
2021-03-15,273.3211975097656,280.30719689134486,268.84052792560186,280.30719689134486,4879115
2021-03-16,275.1520690917969,279.44004009019227,273.89941860564534,274.5257438487211,7122222
2021-03-17,270.6231994628906,276.8865099783992,269.8041452834451,275.4892981777969,5016639
2021-03-18,270.8158569335937,275.53745226654706,267.3469705589612,272.6948615584477,4353319
2021-03-19,274.10382080078125,275.2158959722359,265.013743197845,268.8335117338441,6753108
2021-03-22,285.8531799316406,287.9806215714806,268.8334992563147,275.07083505438004,11182565
2021-03-23,294.411376953125,296.29706186429814,283.87075922312937,287.4004313222256,11750637
2021-03-24,293.7828063964844,297.3608182910196,290.97843384982565,292.8641484044933,9936778
2021-03-25,284.4026184082031,297.0706767546281,283.3388829113914,296.8772595692736,6506272
2021-03-26,285.1762390136719,291.6553313232416,283.870746740989,287.8355631015621,7195972
2021-03-30,289.9630432128906,293.4926857554615,285.61142184254606,287.01359324397555,6088708
2021-03-31,298.6662902832031,300.6970528544005,289.14106857665763,289.38282532295915,7721201
2021-04-01,300.74542236328125,303.11465051761826,297.1190708074539,301.567401284867,4689185
2021-04-05,295.9586181640625,304.5168134968845,291.6069964197114,300.1651917525333,7064466
2021-04-06,295.4267883300781,299.39160546688777,293.29931683871905,296.8773290256432,4010075
2021-04-07,298.47283935546875,301.03545467443627,295.42671059853313,295.6201277782477,2808495
2021-04-08,310.2222595214844,316.12113030868875,299.1014486728274,299.7783793985792,7223424
2021-04-09,305.91900634765625,319.02221077842046,303.9365832325709,315.2508112697888,13515479
2021-04-12,294.2663269042969,301.9058644003091,289.67294830138223,300.6487114969273,10520709
2021-04-13,292.332275390625,298.85970820097,288.6575842797013,294.9432603192928,5975419
2021-04-15,285.46636962890625,296.39376244299405,283.33889851809874,293.00916809209525,9069002
2021-04-16,290.7850036621094,295.3783814849345,285.65974333195504,287.1586527493527,5575878
2021-04-19,291.0267944335937,292.2839177592118,282.75869567852465,285.27297184108346,7452061
2021-04-20,285.94989013671875,303.5014239427035,282.8070524479138,299.00475438252386,12222234
2021-04-22,285.8531799316406,287.4971080836095,275.8927843747038,285.1762492440926,7474006
2021-04-23,285.46636962890625,288.94764306648847,282.5652887567073,283.53231571410697,6813166
2021-04-26,293.3476257324219,294.45970080198805,285.5147016807454,287.2069988117913,5179998
2021-04-27,296.442138671875,297.3608261996231,292.0905168250512,293.92789188054746,3740765
2021-04-28,298.6662902832031,300.9871491454337,294.4597169952918,298.2311163353317,4312684
2021-04-29,303.69482421875,304.6135116934657,297.1190522787852,300.7454036084693,6658734
2021-04-30,298.8597106933594,309.3036209838048,296.63556018840814,303.6465065987291,19822885
2021-05-03,301.3739624023437,302.4860375639339,291.2685478332407,294.4597251684685,6232670
2021-05-04,296.8289489746094,304.6135045074943,296.103678725782,304.6135045074943,5668182
2021-05-05,301.1805419921875,302.00249125408897,297.0223085852613,300.64865948654153,2600385
2021-05-06,304.03326416015625,305.77393035967214,299.8750601209553,302.6794323458573,3861134
2021-05-07,301.9541931152344,307.3211813804875,300.8421179219585,304.6135174741356,3399984
2021-05-10,301.0838623046875,304.758553099578,299.77836995262936,303.8398951565164,4632214
2021-05-11,304.51678466796875,306.4508385934704,296.0069592002899,297.36079104587685,3809984
2021-05-12,298.8597106933594,304.51682507843503,297.8926836022806,303.54979798735627,3974894
2021-05-14,296.9739990234375,301.5673772954192,290.10810138831624,298.9080530326929,4140603
2021-05-17,299.9718017578125,301.42234232818623,294.5080753336794,297.7476218431121,4763864
2021-05-18,305.2420654296875,306.4992182314641,299.8750774056329,304.1299902863896,4169602
2021-05-19,307.1761169433594,314.1870626088112,304.6135013265275,305.0970148206966,10886866
2021-05-20,309.4486694335937,311.3827236175537,303.98497226617184,308.9168163375347,5608173
2021-05-21,310.8508605957031,313.6552331706336,309.69041631785143,312.0596444220804,4039119
2021-05-24,315.4442138671875,317.4749469237697,308.96512127228544,310.8508356949078,4875842
2021-05-25,311.6727905273437,316.31453783759025,310.6574239811172,315.78265528040134,3511483
2021-05-26,312.4464111328125,314.2837564219382,308.8683996397885,311.67277187175097,3103367
2021-05-27,319.2156066894531,323.9540329103553,308.9651149697269,311.3826823795057,12478623
2021-05-28,314.912353515625,320.47275906346124,313.5585215453731,319.21563570065376,2648245
2021-05-31,316.0244140625,317.62003223300394,311.86620973719954,314.67058215505256,2664186
2021-06-01,313.5101623535156,318.0551715053908,312.4464267609247,316.21782612436374,2649537
2021-06-02,320.1826477050781,321.4397710088055,311.9145490939838,313.7035549579976,5346766
2021-06-03,322.9386901855469,324.92108380303017,320.47275353917644,321.14968426829535,3322366
2021-06-04,321.101318359375,326.1782103435957,320.27936898051223,322.7936156874485,1739342
2021-06-07,327.8704833984375,331.4968345472684,322.16503015987445,322.79359179007423,4163074
2021-06-08,329.1276550292969,330.5298265137304,325.3078864624589,329.1276550292969,2954871
2021-06-09,323.32550048828125,330.3364466098563,321.2947377783879,328.78919742558884,2484987
2021-06-10,330.2880859375,332.80236223686416,323.7606531757998,324.72768025160724,3729387
2021-06-11,326.5650329589844,331.8836815119885,324.8727356921194,330.6265286926669,1478762
2021-06-14,329.1276550292969,329.6595080904056,321.53648695383646,326.7584270051079,1670528
2021-06-15,330.1913757324219,333.0924566865401,326.3232677935975,328.7891748000694,2056457
2021-06-16,327.7254638671875,332.6573077624419,326.4683404970333,329.7562265900951,2006979
2021-06-17,334.8330993652344,337.39571501767864,324.9210725970217,325.50129470035216,7239110
2021-06-18,330.0462951660156,336.0418742228658,324.292502364532,335.461652134893,3129778
2021-06-21,333.382568359375,334.4463039938957,323.9540548234681,326.7584273062425,2879360
2021-06-22,334.8330993652344,339.90999112456285,331.8836788143438,333.96278096589964,2549800
2021-06-23,333.7693786621094,337.00892516495543,332.17378994020714,335.4616759907713,1690045
2021-06-24,335.0748596191406,336.3803519874537,331.2550911176547,333.76936725082754,3375247
2021-06-25,336.5737609863281,337.9759620468462,333.7693883766163,335.4616857545332,2206671
2021-06-28,332.9957275390625,339.2814025518088,332.4155054817758,338.2176670320032,2552962
2021-06-29,333.04412841796875,334.3979604600949,330.72326927270603,332.9474198053901,1671869
2021-06-30,329.417724609375,335.0264986260675,328.4506976593922,332.222096862061,2767540
2021-07-01,329.07928466796875,331.30346453135,327.4353564329368,330.04631169257203,1909998
2021-07-02,328.0639038085937,330.67488846583626,326.12984984362043,330.2397145191887,955697
2021-07-05,329.07928466796875,333.8660802442841,328.30567485281523,329.5627981802704,1403833
2021-07-06,340.2484436035156,348.08136792379923,330.046291413994,330.046291413994,12291310
2021-07-07,345.663818359375,346.7275244669496,339.08801694976165,342.1341461451269,4334221
2021-07-08,348.8550109863281,349.9187466518222,344.0198756989223,345.90559026554007,5505696
2021-07-09,351.61102294921875,352.4330018011254,345.76049189497206,349.00003824582643,2443343
2021-07-12,359.4923095703125,363.98897949723926,351.6593844817141,352.09455846326216,6429310
2021-07-13,356.7846374511719,361.9582084950732,355.0923401347831,361.2329382166209,3725976
2021-07-14,360.7010803222656,363.4571132457593,355.9626538020661,358.7186867255598,4877918
2021-07-15,373.4658508300781,376.1735147098357,361.378012953798,361.6681092582996,7207046
2021-07-16,370.4197082519531,374.9164077473528,369.11424531336536,374.67465097927,3141218
2021-07-19,373.8043212890625,375.54498781119474,367.85711040559335,369.6944560306282,3708612
2021-07-20,391.1140747070313,395.4173270704971,374.8680037012841,378.1075499935185,16347083
2021-07-22,387.0042419433594,393.8217709246338,384.9734792112807,393.8217709246338,4093799
2021-07-23,389.0349426269531,395.9975486942376,387.2943058657928,389.9536300633731,7785242
2021-07-26,394.6437377929688,395.99756973595527,378.059230090907,389.2283805096996,8586195
2021-07-27,395.3206176757813,400.3491697770261,388.3096720697826,395.36898673158095,7469960
2021-07-28,395.9008483886719,398.1250281982232,389.6635419377305,396.9162444467242,3242782
2021-07-29,395.2723083496094,399.575590544734,391.6942964450345,397.8349241406204,3312853
2021-07-30,397.5931091308594,401.6546339674657,392.612926434265,398.2216707216553,2700828
2021-08-02,404.3139953613281,406.10300121695127,396.916244699704,398.4151247479891,2758639
2021-08-03,408.2788391113281,409.10078850845264,400.9294275067145,406.9733466698303,2912201
2021-08-04,405.232666015625,413.3073476362962,404.21729943640247,410.50297514534174,3559071
2021-08-05,405.0875854492188,407.6985700316153,401.0260899459939,403.7820931580205,2472169
2021-08-06,390.5821838378906,405.1842968584424,389.0349347972648,405.1842968584424,5940472
2021-08-09,392.08111572265625,396.43273729777417,389.7118877272297,394.4019746604546,1861592
2021-08-10,387.48773193359375,393.7734074535312,382.2657625079727,393.7250383965845,3317325
2021-08-11,385.1185302734375,391.6459629899365,378.8811938731422,386.7141190352057,3337019
2021-08-12,386.6174011230469,394.5470347034795,382.4108570826935,387.1009146459678,4066743
2021-08-13,389.1800231933594,391.5975906637833,383.13610451729977,388.2613357500696,2351561
2021-08-16,383.1844787597656,390.8239867558027,382.3624998431265,389.1800584338488,1762903
2021-08-17,388.2613525390625,389.5184758735141,379.3163525116993,385.2635628438438,2736839
2021-08-18,395.9008483886719,397.4480974928549,387.68111887847897,391.5492268832757,7112861
2021-08-20,378.8811950683594,400.01074249735376,377.1405581429983,394.45033683242497,6967987
2021-08-23,377.7690734863281,383.6196042618546,368.6790260256004,383.6196042618546,5438059
2021-08-24,382.3141479492188,383.4262231481403,373.5625354896109,379.7515321835324,3978409
2021-08-25,383.95806884765625,386.1822487141277,380.0416211971007,383.8130206960288,2891821
2021-08-26,385.2152099609375,387.6811169975023,378.25260378155633,384.8767446098956,3558058
2021-08-27,396.5294189453125,397.88328038646375,384.3932416121498,387.77783619238255,4555890
2021-08-30,403.92718505859375,406.5381402217696,398.41511941746427,398.5118280186163,5235500
2021-08-31,407.1666870117188,408.5205483558251,399.8173057733617,403.9271703261916,6342929
2021-09-01,407.6018981933594,410.06780534587176,404.9909133754918,409.0524387563251,1910281
2021-09-02,414.5644836425781,417.75566091447945,407.6018774894748,407.6502170345889,4193528
2021-09-03,422.6875,423.4127702369556,411.4699810994888,416.6435813587032,4507212
2021-09-06,423.8479309082031,427.4259426854384,422.2523422280447,426.313867515105,3574072
2021-09-07,426.94244384765625,427.9094709005389,419.6897409510369,422.73587026535233,2060092
2021-09-08,421.575439453125,426.89408804142016,419.2062114592645,426.89408804142016,3195625
2021-09-09,423.8963012695313,425.8303553147794,417.8523823781307,418.67436124962575,1362416
2021-09-13,421.8655395507813,425.2017945907263,420.076533652714,422.6875184240904,1790853
2021-09-14,418.1908874511719,422.44580085251465,414.3711185445391,422.1556750113824,2872240
2021-09-15,422.6391296386719,423.6061566182925,417.22380216185337,418.190829141474,2587288
2021-09-16,416.01507568359375,425.2018332541449,413.6941870040784,422.6391877964571,3329646
2021-09-17,405.9579162597656,418.0941226211724,404.6524534398405,417.65894867364966,5274442
2021-09-20,396.2876586914063,405.3777362357053,394.78877862363487,403.15355639582094,4182620
2021-09-21,399.5755615234375,400.3491713059736,389.13165239127136,394.30525265703074,4386443
2021-09-22,405.6678466796875,408.9073931931011,399.4305104148864,400.97775959411774,3233311
2021-09-23,405.7161560058594,408.9557022779599,401.4129036691383,407.9886753018894,2177190
2021-09-24,397.1580200195313,409.535954416979,395.3690140802621,407.11838679940536,2871092
2021-09-27,404.2173156738281,406.15136981580815,394.01519187941307,398.415153247888,4682546
2021-09-28,399.4788513183594,410.5029529874906,397.5447973584654,407.1183585576762,4657118
2021-09-29,393.0481567382813,396.4810909652805,387.9228956604725,396.4810909652805,5728780
2021-09-30,387.0042419433594,394.8855065948964,385.263575525296,394.547041220996,9312005
2021-10-01,388.9866333007813,391.4525404892088,382.9427142003962,386.7141138167717,4662848
2021-10-04,393.0964660644531,396.43272093890135,389.2283581572999,391.54921699932754,4122450
2021-10-05,390.3404235839844,394.1601918519604,389.5184447718645,393.0481167585372,2505330
2021-10-06,381.8789367675781,392.4195246234839,380.5251049394351,390.6788879174886,4685363
2021-10-07,389.61517333984375,391.355839650846,384.1998162244848,385.79543438740063,5508787
2021-10-08,389.76019287109375,392.6129341230677,388.0195561992141,391.5491985963323,3321119
2021-10-11,389.6635437011719,393.5316517234738,387.1008985273391,390.6789102524973,3522402
2021-10-12,390.2920837402344,391.6459155708076,385.4085799257073,389.5668135262144,2117480
2021-10-13,390.678955078125,394.4503549303269,389.7602675128913,392.613009311185,3780216
2021-10-14,395.2723083496094,401.1228102221812,391.8877136603773,393.5800110049933,5426954
2021-10-18,397.061279296875,404.2172729638269,396.0458832728287,404.2172729638269,5319195
2021-10-19,376.511962890625,399.1887280048852,374.2877831160955,398.65687496712906,8255248
2021-10-20,379.79986572265625,386.71410307925095,374.8196824244837,378.1075684215368,5245333
2021-10-21,367.37353515625,381.8305999716359,365.7296070357209,381.8305999716359,9834178
2021-10-22,363.6988525390625,369.1142095212685,359.73403602469807,367.6636690534269,5253226
2021-10-25,363.5054321289063,365.7296118667489,353.69011428544985,365.5361946682161,3368928
2021-10-26,367.8087158203125,368.72737373971177,360.94281839598136,365.2461002389884,3427318
2021-10-27,369.2592468261719,374.2877692602839,361.3779830845186,362.6351063152165,5357395
2021-10-28,377.1888732910156,379.5581012690712,368.2438734521904,370.9515667858714,7419992
2021-10-29,391.4525146484375,393.4349376892933,369.6460677782765,379.0745809524772,10104769
2021-11-01,396.2876586914063,399.04369158467466,389.66354725191087,392.6129678412633,3997407
2021-11-02,393.8217468261719,400.7843530497269,391.7426446727548,396.4810710834389,1970517
2021-11-03,399.2854309082031,401.02609716490826,390.19538327203577,395.272274875947,2147236
2021-11-04,399.5755615234375,401.02610199918377,398.6568740842696,399.5755615234375,320391
2021-11-08,415.5798645019531,416.16008661992726,399.8173357797066,401.31621586576046,7089536
2021-11-09,417.0303955078125,420.6567467730978,412.4370172384511,416.6919301541215,2378131
2021-11-10,414.2260437011719,419.1095185101232,410.79307995915855,413.500773412041,2202717
2021-11-11,407.3117980957031,412.67878632421287,403.10522459997554,412.4370295659679,1653866
2021-11-12,408.9073791503906,413.0655835099078,405.8612499557376,410.01945431525473,1246774
2021-11-15,407.3601379394531,411.0831979214018,404.31400868561263,409.0524352484004,1057472
2021-11-16,396.2876586914063,410.0194541002356,394.3052651164412,407.40846935686073,1933354
2021-11-17,395.6590881347656,397.39975442830354,391.6942715626936,394.3535957924426,1448686
2021-11-18,387.6327819824219,398.2700790683187,383.4262085961892,394.5470191859904,1868114
2021-11-22,375.8834228515625,389.5668495871047,372.3054109933311,387.63279550402245,3484890
2021-11-23,382.749267578125,383.7162945598902,370.564751216941,374.2394419431201,2061119
2021-11-24,380.525146484375,385.408621311983,377.9141616289997,383.95808072817977,2461617
2021-11-25,377.72076416015625,380.5251366474152,376.1735150084994,379.9449145266285,997067
2021-11-26,360.072509765625,374.9647196804567,358.67030880948647,373.272422428514,5577674
2021-11-29,356.97802734375,363.0219463679613,348.1780753422337,357.8000062333074,2691096
2021-11-30,362.248291015625,365.6328852438599,354.89888050347975,357.7999612705382,4809537
2021-12-01,359.15380859375,367.9054203263609,355.91426236148675,367.0834415045447,4416048
2021-12-02,364.90765380859375,366.8900474054373,355.8659452220197,359.63734471748853,2307562
2021-12-03,364.182373046875,374.6262528120801,363.40873374232376,364.8592742381201,5101471
2021-12-06,357.9450378417969,366.45489314131663,356.1560319910616,366.1164277893415,1157264
2021-12-07,360.4593505859375,364.8109725246008,358.6703445533332,360.6043987482946,1229614
2021-12-08,364.5208740234375,367.85709978303134,362.8285766129504,363.9889914162038,1526507
2021-12-09,365.1010437011719,368.43729876220925,362.7318451823294,366.8900496105496,1862168
2021-12-10,365.1977233886719,368.7757349241056,364.2306964343731,365.1493838454852,1486593
2021-12-13,367.3252258300781,370.032889728584,366.1164420340803,370.032889728584,2654339
2021-12-14,366.0680847167969,368.2922646795656,361.6681233627688,365.439523024982,1789446
2021-12-15,366.406494140625,369.3075749010597,362.9251913258396,366.1163978691094,1796520
2021-12-16,363.3120727539063,369.0175264193853,362.2483371017232,367.47027724451215,2366346
2021-12-17,356.4461669921875,364.7626053018675,354.89891785133403,363.215356161014,1784077
2021-12-20,338.74957275390625,352.1912727128437,335.5583952091844,349.29019148625133,6661464
2021-12-21,349.53192138671875,351.80441123047103,339.66823416999364,341.40887096761713,2065774
2021-12-22,351.7560729980469,354.8989107636652,347.839625433113,349.33850548603283,1383949
2021-12-23,357.21978759765625,358.28352325858344,352.9648744652711,354.8989285719302,1546807
2021-12-24,355.76922607421875,358.57359846152167,351.2242168979201,357.3164751707272,1174085
2021-12-27,357.7516784667969,358.5252883228424,351.9978555617388,354.8989367888959,635418
2021-12-28,367.6636962890625,368.63072333925857,356.5428852118081,357.9934257871021,2526008
2021-12-29,363.4087524414063,369.5493800918394,362.1516290848933,368.19554812836617,935759
2021-12-30,358.7186889648437,365.4878781820488,357.4131965706896,363.3120673622329,2179706
2021-12-31,365.05267333984375,371.62844479017895,359.7340251189983,360.12082999643206,1907096
2022-01-03,374.2394409179688,376.608668821332,365.7296153062748,366.2614683402601,1643912
2022-01-04,377.5757141113281,378.7844978938445,370.6614472662765,374.771312126832,3034913
2022-01-05,380.7185363769531,381.6371943073047,375.9317409894082,377.0921851776984,1521048
2022-01-06,374.2877807617188,380.0416030965901,370.90318633210535,377.2372307571747,2579347
2022-01-07,384.1514587402344,388.69649724351433,374.2877719724577,374.2877719724577,2731750
2022-01-10,386.1822509765625,388.6965271610186,384.1998278549639,386.8108126448458,2408661
2022-01-11,384.5382995605469,391.6459542623882,380.380095060562,387.7778460721424,2105501
2022-01-12,384.780029296875,389.4217765059445,382.60421859268286,385.1184946420136,1370663
2022-01-13,383.3294982910156,387.2943149076909,381.6372010348647,385.8437744024186,2490304
2022-01-14,389.42181396484375,391.6459644274328,381.202083847231,382.0724023103604,2146874
2022-01-17,394.3536071777344,395.2239551052919,381.9756731191615,390.1954027938776,3057067
2022-01-18,368.0987854003906,396.4810309578046,366.5031969097755,396.4810309578046,7265319
2022-01-19,362.4900512695313,369.4042879292946,360.7977541389651,369.355948387235,3999114
2022-01-20,362.7318420410156,367.2768513399595,360.1692263336622,362.8768901921257,3354873
2022-01-21,356.4945068359375,362.2483294387639,352.0461766190229,362.2483294387639,1426135
2022-01-24,341.2154846191406,358.96043606329164,337.4924247475975,355.86593784273896,4250468
2022-01-25,339.9100036621094,344.7451388493371,332.125447815202,340.3451776334892,3178488
2022-01-27,340.0550231933594,342.61763872463257,329.2243389923714,339.3297529763205,2852549
2022-01-28,348.8066711425781,354.99563840295133,341.3605510017498,342.7143829788121,3157848
2022-01-31,353.1098937988281,357.0747102961204,351.03079170613864,352.5780407674382,1955762
2022-02-01,367.8570556640625,370.2262835591207,354.41538660372964,357.7999810187721,6354846
2022-02-02,367.4702453613281,373.562503414106,365.3911432964164,371.048256923322,3322525
2022-02-03,369.3076171875,371.6284761593266,364.8592869432272,364.8592869432272,3772405
2022-02-04,367.8570556640625,372.20867705483136,365.5361968245834,370.37133170321545,5637748
2022-02-07,370.0328674316406,371.2416511548012,361.86150716986816,367.47025184080456,2535377
2022-02-08,363.8922424316406,373.3691245857215,360.94282193369696,370.371335031764,2089451
2022-02-09,370.1779174804688,373.1757070315928,364.424124635418,366.8416920941759,2140597
2022-02-10,362.4900512695313,371.7251466632357,361.0878504139628,369.1625311963566,4638095
2022-02-11,355.76922607421875,363.4571025001474,354.51210278342427,362.63512365094095,2050063
2022-02-14,343.3912658691406,352.9648264936919,342.3758698943533,350.0637457279903,1341336
2022-02-15,351.5626525878906,352.9648535366059,342.0857998317105,345.2286375686803,2027130
2022-02-16,348.8066711425781,355.720908695448,347.646226870054,353.061584289627,1368175
2022-02-17,347.93634033203125,352.4813795268944,345.7121897966111,350.54732531824203,1439893
2022-02-18,327.193603515625,342.32757072596297,326.0815283265482,341.07044738375845,11901556
2022-02-21,327.3869934082031,330.04631777486986,320.32770780303537,323.1804493827163,5812598
2022-02-22,326.2265625,327.29029809622466,320.18264378431644,322.98701616612925,3078034
2022-02-23,320.0375671386719,329.2726623093401,318.73207491007145,327.72541335364025,5312647
2022-02-24,296.8289489746094,311.7211588482669,292.090493073213,305.5805315059308,12821969
2022-02-25,298.521240234375,305.53218583241966,296.00696418660505,300.7453904816399,5240212
2022-02-28,303.88824462890625,305.53220238687743,292.9608509782035,296.2003679244572,7116898
2022-03-02,294.1212463378906,304.4684466973086,291.07511729175275,302.48602370663525,6623505
2022-03-03,280.6312255859375,300.84208242671787,278.40704595048527,298.42451511295656,11872107
2022-03-04,282.9520874023437,286.4333902745336,274.3455535734024,275.7960939775381,6171233
2022-03-07,271.9280090332031,279.47080796261315,268.83351077372475,278.4554413991119,6936569
2022-03-08,273.5719299316406,275.1675185649929,264.965395611488,271.78292409550306,6513565
2022-03-09,282.0334167480469,283.0004437415333,271.734585169681,276.376302933887,7788795
2022-03-10,283.5323181152344,292.0421436078895,281.40484698641006,290.1080896767114,5031572
2022-03-11,283.7740478515625,286.23995457462064,280.7278895907848,283.3388739539319,4357253
2022-03-14,281.5982360839844,287.6904935547339,279.51910470638313,284.9344610755594,2658414
2022-03-15,285.36968994140625,291.8971225651413,283.1938790668279,283.919149358354,6826748
2022-03-16,299.1498107910156,301.18057340983535,287.2070213413903,290.10810236504074,6876362
2022-03-17,296.1036682128906,304.51678509379485,295.3783979898133,303.83988392571524,9901093
2022-03-21,290.4465637207031,299.0047585248925,290.10809837034003,295.9102603377468,4583683
2022-03-22,290.9784240722656,292.91247810998266,286.28833712853725,290.54327962057283,3537814
2022-03-23,288.02899169921875,293.34764008559864,285.8048119399398,293.0091747405648,4697043
2022-03-24,287.25537109375,289.76964730584643,285.2729774616812,287.15869199858435,4048136
2022-03-25,287.9806213378906,290.0113838875661,284.83778366927794,290.0113838875661,3115402
2022-03-28,282.178466796875,289.527877899176,278.9872895013879,289.527877899176,4811353
2022-03-29,292.4773254394531,293.2509352282719,283.387248108563,283.387248108563,8193664
2022-03-30,299.291748046875,301.02004562212466,295.0944539355544,297.06965116441114,6489029
2022-03-31,295.53887939453125,299.9337051955605,295.0450800972973,299.2917419978625,4950492
2022-04-01,301.168212890625,302.69897870444555,294.7981897007406,295.1932231231022,3456879
2022-04-04,307.7850952148437,309.6121586381394,301.3163364919266,301.71136990096204,3638554
2022-04-05,312.8712463378906,313.7601092514406,306.501253005206,310.5504135766332,5323145
2022-04-06,316.7228698730469,320.9695316203777,311.5379774391792,312.8712113823094,7255760
2022-04-07,321.5621337890625,323.3397993438884,316.0809430732969,316.2291069854654,5192205
2022-04-08,333.1664123535156,335.5860109752404,319.43879707430784,323.1916599083523,8276853
2022-04-11,355.7330322265625,364.9176872658335,334.1045985046546,334.2527624078023,30662312
2022-04-12,355.1898498535156,366.9916658234744,351.33822113106214,359.4859100258795,19884358
2022-04-13,364.6214294433594,369.5594226365841,354.54791127353354,355.4861420358937,17817591
2022-04-18,358.8933410644531,374.9418190233125,356.0293110257728,364.4238994965608,10936057
2022-04-19,349.8568115234375,365.4114898057075,346.64711600487385,362.2017942871439,9971239
2022-04-20,366.69537353515625,371.1395675431245,350.5975272952745,350.5975272952745,13525255
2022-04-21,372.67034912109375,379.58353953225816,370.15195453069856,374.2011149422042,14385266
2022-04-22,369.5594177246094,376.2750763224868,366.448457942932,373.3122804459318,5946333
2022-04-25,371.6827087402344,382.7931920815779,365.4114521152975,367.1891173942665,12835090
2022-04-26,380.3735961914063,386.15105405093817,376.571335539296,377.2626666175406,11192640
2022-04-27,379.7810363769531,382.8919961339703,371.58397990577527,380.2254678105607,11121579
2022-04-28,378.5959167480469,385.0646753072887,375.7318869311104,385.0646753072887,7163762
2022-04-29,367.584228515625,380.7192784667418,366.152198421646,379.92921160468927,10529413
2022-05-02,373.46038818359375,375.7812508196329,364.1769677785536,366.9916296929364,5959678
2022-05-04,363.5350646972656,377.2626797384592,360.1278373403153,374.84305101956767,5415006
2022-05-05,361.8067626953125,370.6951503301082,360.4241306466124,366.3990902788,5794511
2022-05-06,360.8685302734375,367.7323527486079,356.0786709312704,356.0786709312704,5868878
2022-05-09,362.2017822265625,364.4238790500384,354.9923245882655,358.84395305446685,3690073
2022-05-10,353.75787353515625,369.2631553546101,350.5975455757266,363.9794961751517,6322735
2022-05-11,354.5972900390625,361.2635810546294,346.8446645989211,355.53552083023453,5728451
2022-05-12,368.9174499511719,377.2626702893986,344.9681835780883,352.42457119214794,7493279
2022-05-13,354.64666748046875,373.85544239408506,351.6838716454425,373.3122752133107,10195371
2022-05-16,363.4363098144531,373.01602894944926,355.8811860322755,362.4487111464791,50459752
2022-05-17,364.2263488769531,367.5348101898205,359.48588768835793,366.39907783621095,9431128
2022-05-18,356.62188720703125,367.97927195796143,355.2392550912637,364.67081037225785,11887905
2022-05-19,359.48590087890625,360.4241316319024,352.8196101345859,353.70844287267164,9179791
2022-05-20,358.498291015625,363.43628400482095,357.5600602920308,363.43628400482095,4308673
2022-05-23,358.9427490234375,362.744979795416,357.90575233543643,361.1154480161224,3889679
2022-05-24,356.967529296875,361.1648233853387,355.9799306878247,360.2759605258993,4200025
2022-05-25,357.21441650390625,359.7327808135984,356.17741991706146,357.90571742268617,2440985
2022-05-26,360.8685302734375,361.7573630049766,355.23923621427787,357.6588347535166,3900318
2022-05-27,361.7573547363281,363.5844181721919,359.23899036467634,363.4362844101743,1603075
2022-05-30,366.9422607421875,367.8804915009918,362.20179935030535,363.9300969613838,5001959
2022-05-31,364.8189392089844,368.1767686273033,364.07824021351166,366.9422703015155,11507115
2022-06-01,367.041015625,368.3742797699534,364.5720191117966,365.41148395410926,2369910
2022-06-02,368.86810302734375,371.6827652630069,366.3497384759776,366.7941397937436,5215564
2022-06-03,362.3499145507813,370.6951346437385,360.8191488007676,370.3494691114111,8010976
2022-06-06,360.3747253417969,364.9176849577274,359.3377588610282,361.46108983634167,10390245
2022-06-07,358.843994140625,362.94252272314384,357.2144623113248,359.09089381594686,5708056
2022-06-08,358.54766845703125,360.0290663933183,357.313170176792,358.89333400332185,5020929
2022-06-09,360.769775390625,363.9301031315397,358.0045112216639,358.4983105474869,5238450
2022-06-10,360.6216125488281,362.05364253391787,358.74518128979497,358.74518128979497,3916129
2022-06-13,358.2020568847656,360.42415393705545,357.41195984936826,358.5476923149368,4509163
2022-06-14,355.091064453125,358.79455920186064,353.5602986792946,357.6094589657357,6976071
2022-06-15,357.4613342285156,357.95513354081413,354.5479062303073,355.43673896462093,4077501
2022-06-16,354.9429016113281,359.6339945753959,354.2022027222648,359.3377270754166,2940387
2022-06-17,352.9183349609375,356.5724313788049,352.22700394557927,354.54786648100776,4012167
2022-06-20,352.86895751953125,355.486117845138,351.6838573172743,353.06648928946566,2297837
2022-06-21,354.4491271972656,356.47372238608955,353.6590603825305,353.6590603825305,3693727
2022-06-22,353.51092529296875,354.44912586454944,351.09129670587504,354.44912586454944,2588905
2022-06-23,354.4985656738281,357.5107296553312,353.60970273189696,353.9553683049679,2799410
2022-06-24,356.1280517578125,357.510683733378,354.7454197822471,357.510683733378,2713333
2022-06-27,360.6216125488281,361.1648098469144,356.0292852167133,357.7575827177653,3073581
2022-06-28,361.905517578125,362.7943502867464,358.99208966413096,361.3129523926716,4285971
2022-06-29,360.9673156738281,362.9425130236165,359.5846835568002,360.4241484582842,4586257
2022-06-30,358.498291015625,361.4117189348976,357.6094583053932,361.016655384468,4383329
2022-07-01,362.9918518066406,364.02884841563247,357.60945754335694,359.4365209732896,2763265
2022-07-04,363.9794921875,365.312756472625,361.5104954147205,362.3993583642177,2275112
2022-07-05,362.10302734375,366.6459870154008,361.0660608502627,364.3745222491344,3120800
2022-07-06,363.6831665039063,365.7571294893892,362.3993004429061,362.4486683148231,2209031
2022-07-07,362.3993225097656,365.3127203299321,361.55985766225,365.3127203299321,2378264
2022-07-08,363.8807067871094,364.47324182044593,361.461078224224,362.4486767986072,2126285
2022-07-11,364.6214294433594,365.3621284223431,362.30056661472,362.5474662743813,3135297
2022-07-12,366.3003234863281,368.2261528581053,363.1893938496341,364.22636034882606,2870836
2022-07-13,366.59661865234375,369.3125148488441,365.7077557858311,368.3249162319349,2291028
2022-07-14,365.312744140625,368.1767742725429,363.9301120223667,368.1767742725429,2772420
2022-07-15,364.572021484375,366.6953524717248,363.4362891087338,363.4362891087338,3856534
2022-07-18,366.1028442382813,367.7817439177185,365.0164796579865,366.0040783420508,1745124
2022-07-19,366.3497009277344,366.8928680845953,364.7201391789188,364.7201391789188,1567448
2022-07-20,363.28814697265625,367.3373072151699,362.0536487364702,365.36211003727226,7381308
2022-07-21,366.1521911621094,366.7447563664597,361.7079973381593,363.4362949363621,3275734
2022-07-22,367.9298400878906,368.47303739208,364.3745092999311,365.41147575656646,3091493
2022-07-25,366.5472106933594,368.8680734079531,365.8065117507732,367.9298426916969,3224932
2022-07-26,365.3621520996094,366.54725245931246,363.97948980460825,366.4484865612237,3457867
2022-07-27,366.2509460449219,367.584210179859,364.1276150873422,364.6707822605193,2093379
2022-07-28,366.2509460449219,367.8804777035706,365.0164477975945,367.8804777035706,2711190
2022-07-29,370.1519470214844,371.3370774092888,365.4114857485023,367.7817163849933,6522804
2022-08-01,370.7445068359375,373.312269212844,369.6087744785896,372.3246706170429,2858911
2022-08-02,373.9542236328125,378.0527520116746,370.300126703094,370.74452801311867,9280180
2022-08-03,377.0157775878906,377.6577106705637,371.8308847723401,375.2874799827071,4871595
2022-08-04,376.52197265625,378.9909691982582,373.3122771516393,377.2626716188525,6766464
2022-08-05,377.9046020507813,378.29963546691806,375.3368396372152,376.3738362610818,5063415
2022-08-08,375.4849853515625,378.2008813972326,374.1517212649557,378.1021155132032,3347503
2022-08-10,375.33685302734375,376.9170168873811,373.7073212906972,375.2874851507346,4144801
2022-08-11,375.4849853515625,377.2626507076273,373.9048216244403,377.2626507076273,2409612
2022-08-12,380.0279235839844,383.1882511127258,374.1517300846692,375.2874624299892,5187959
2022-08-16,391.1878356933594,394.0518657827536,380.6699159803654,384.07711327772216,11560886
2022-08-17,393.3605041503906,399.928058848604,392.07663804618846,393.8049355690621,9431378
2022-08-18,404.5204162597656,409.35964365512666,391.5828678148558,393.3605333432352,15635959
2022-08-19,415.23583984375,421.7045985623024,405.2116900289261,406.8906196900904,25171485
2022-08-22,402.9402160644531,415.0382985320746,399.3354873162096,412.9149676370092,11430999
2022-08-23,400.4218444824219,409.31023143973096,393.0642232232252,395.0394203248494,15303452
2022-08-24,399.1379699707031,402.49579919809423,393.163010469277,400.421866239991,15732854
2022-08-25,392.2247619628906,403.23647987588686,390.9902637632472,399.1379518808939,11274377
2022-08-26,397.8540954589844,401.6563560339344,387.3361765707302,395.0394334677036,13259855
2022-08-29,398.4466857910156,400.471250959702,390.2002310689539,392.0766624685615,7557377
2022-08-30,406.14990234375,407.7300660463452,399.48361215330544,401.6069430009573,7851221
2022-09-01,404.7178955078125,408.66828992034016,402.5945645389024,404.5203938706566,10762759
2022-09-02,410.4459838867188,413.1124820212921,400.5205998805296,406.3474557275489,8068140
2022-09-05,412.766845703125,414.445745234682,408.9151870632388,411.9767487419946,6074232
2022-09-06,431.0867919921875,435.5309857240657,412.3224184575906,414.1988497832267,23184248
2022-09-07,443.3330078125,451.826361844393,430.5929918342193,434.592754129326,28272706
2022-09-08,456.1717834472656,458.2457465175175,440.7158715160392,448.32039272725694,14949706
2022-09-09,449.0610961914063,478.6890542386303,446.2464341490965,459.5296172567981,29429693
2022-09-12,469.7512817382813,473.55354248680186,435.135961856155,448.9623426586894,27759936
2022-09-13,480.46673583984375,482.5900668768826,470.3438498329406,477.2570402766793,17846212
2022-09-14,518.0941772460938,527.0813602532011,476.0225029627532,476.0225029627532,57236617
2022-09-15,532.0687255859375,537.8955812164083,503.0827017466112,522.4396396008556,37879876
2022-09-16,510.2922058105469,543.1792269502516,504.7122496405823,524.3654857815307,42869715
2022-09-19,557.8944091796875,565.8445649410016,507.6256221015325,510.58841756126907,75771183
2022-09-20,567.2272338867188,578.436514204922,560.46220756311,571.8195915049175,43803577
2022-09-21,534.636474609375,568.6592582193343,526.1925186885525,564.9063956187726,48990918
2022-09-22,527.4270629882812,541.994143518003,509.6996546269718,517.9955076501093,24714675
2022-09-23,532.6612548828125,548.1171963321191,528.3652252931238,528.3652252931238,17014661
2022-09-26,504.86041259765625,537.2536343796031,492.910463599257,530.3404442313362,17756139
2022-09-27,498.0953674316406,517.5016741857839,468.1217434428656,501.6507284729543,29131156
2022-09-28,493.8486633300781,507.971311124478,484.9602760118669,488.8613025016176,12029150
2022-09-29,500.070556640625,512.5636728903801,489.0588382893969,503.2802520874337,11297808
2022-09-30,509.2057800292969,516.6621971837308,494.7868655439007,500.7124567480192,11027478
2022-10-03,482.5900573730469,513.5019121176191,465.2083157146998,509.6996212815006,14296197
2022-10-04,486.0960388183594,500.1199207349511,476.91135383344,496.1695263687364,12515966
2022-10-06,500.6137390136719,507.4281635259672,489.9970537518923,491.7253513526471,9447220
2022-10-07,515.3289184570312,520.4644430436589,493.6017500567267,500.5149400022782,9384553
2022-10-10,516.16845703125,531.2787042766171,508.9589386846463,510.5885005636978,12806265
2022-10-11,493.9968566894531,520.0694248774333,492.12039514352335,518.4892911490361,7659702
2022-10-12,499.1817321777344,501.1569294084084,478.1952616018231,496.5152038606773,11786907
2022-10-13,490.6883544921875,499.13231019214186,485.40469612606427,499.13231019214186,6212954
2022-10-14,495.6263732910156,505.65049325247446,491.3303132677853,501.7000987739395,6337662
2022-10-17,514.0944213867188,516.2177824145446,491.2809186273584,492.8116843487471,9626670
2022-10-18,501.5519409179688,517.6991836012098,499.77424540454456,516.514053258927,10116195
2022-10-19,504.36663818359375,512.563694850997,500.4162436182682,504.66290572034575,6646701
2022-10-20,511.27978515625,512.5636512250594,500.7124685377748,502.6876656523222,5223412
2022-10-21,506.2430419921875,516.4153562718707,497.5521859602216,511.576098793609,9693780
2022-10-24,510.4897155761719,514.5882133995195,509.6008527681904,511.57604987194304,1415497
2022-10-25,506.73681640625,515.3289362625258,505.30481652294895,509.7984082262885,5007924
2022-10-27,521.0570068359375,525.9949999267945,506.88499077647225,508.95892376333785,10067299
2022-10-28,513.6500244140625,523.6248067646349,509.2552587240624,523.6248067646349,6679582
2022-10-31,526.3406982421875,531.920594295818,514.8845180471683,515.9709126995313,8601980
2022-11-01,537.3030395507812,538.8338054199382,527.1307853964369,528.3652837228922,8669246
2022-11-02,538.2412719726562,542.1916666293363,532.6119475312395,539.9695696349538,7740170
2022-11-03,532.8094482421875,540.710237094713,531.8218496356218,533.3032475454703,3945015
2022-11-04,551.672607421875,553.3515372605636,532.1675331777287,534.1921587269288,8028860
2022-11-07,561.0548095703125,565.8940674169376,546.2902569065482,554.0428827589911,9287441
2022-11-09,557.4993896484375,573.498498448645,554.2403264413031,562.9311817530723,10307830
2022-11-10,551.2281494140625,561.3510344527679,544.660595009366,556.0179782235233,5700059
2022-11-11,550.6356201171875,559.8697037432213,546.9814930242526,557.993242180346,5254274
2022-11-14,573.1034545898438,579.2759458297788,550.6355864764802,551.968880751247,9070550
2022-11-15,579.17724609375,585.6460052597744,568.1654969257152,576.6588815669147,11897606
2022-11-16,570.0419311523438,586.139776479365,561.153543640441,579.2265861923295,8557056
2022-11-17,567.0791625976562,574.09108897199,563.1781358352149,570.8320254498101,3652873
2022-11-18,566.9803466796875,568.8568081790727,556.9068889241055,567.3754102411064,4114267
2022-11-21,557.0549926757812,566.68407927472,555.7217586426074,565.8940124299415,3480076
2022-11-22,558.8326416015625,571.2764200818053,553.5490132226844,557.0056083097128,7405911
2022-11-23,555.9193115234375,563.9188365825779,553.2527830776445,560.7585088052765,2782614
2022-11-24,550.931884765625,558.9314700262365,547.6728212645928,557.252540259572,3977412
2022-11-25,557.6475830078125,560.3634792036248,549.6479980459329,553.4502888870117,4010892
2022-11-28,561.400390625,565.4001525744659,555.8204348769469,557.0055651563298,4078114
2022-11-29,557.94384765625,567.2766665911355,556.7587172667313,562.5361450330608,3646853
2022-11-30,563.6719360351562,566.8322638075144,553.5984176324939,558.8821066383124,6139270
2022-12-01,573.7454223632812,577.7451846629934,562.4374062659398,566.3878006909858,8400806
2022-12-02,570.7825927734375,576.9057158256238,566.2890314364618,575.3255219821584,7097523
2022-12-05,566.2396850585938,575.1280732726498,564.7089191440433,573.6466752369737,5491648
2022-12-06,573.7947998046875,577.7451942955976,563.5237500170268,565.4002115115036,6009003
2022-12-07,574.7824096679688,581.0536369336353,567.9679549265896,575.6712725571008,5406859
2022-12-08,580.4611206054688,583.4732845053236,574.387364649471,576.7082577001626,2897290
2022-12-09,573.7947998046875,590.5839763910553,565.1533118558217,586.5348461491669,7795856
2022-12-12,577.7945556640625,580.0166525401745,566.2890680058016,572.8071947311026,4062852
2022-12-13,577.3007202148438,581.6955458169851,575.8193223901825,579.7203487174369,2436178
2022-12-14,574.9799194335938,582.189377188766,573.8441569274446,577.843919218896,1682787
2022-12-15,554.2404174804688,576.7576563936119,551.8207885444018,575.7700576669105,5047769
2022-12-16,549.1542358398438,561.5485872606608,546.6358712528634,551.0800653280899,4854309
2022-12-19,556.8574829101562,559.3264795715975,548.1172588399498,550.0430882915218,2341796
2022-12-20,553.1539916992188,557.993249300019,547.2283996712539,556.9069148728545,2314297
2022-12-21,532.5132446289062,557.0056809557072,525.6000535532148,555.0304835055098,6698446
2022-12-22,526.241943359375,537.8462280882488,518.7362173481658,536.7598936291826,7913985
2022-12-23,485.1578063964844,525.2049170876619,479.972913809041,522.3902852229148,10542194
2022-12-26,507.77386474609375,515.8721253695709,483.8245675926916,487.82436016720806,8583591
2022-12-27,516.810302734375,520.7606968852638,503.03332121661975,513.551239615538,5808135
2022-12-28,511.9710998535156,520.9582223264331,510.0452706726818,518.4892260120898,3959786
2022-12-29,516.2671508789062,527.772698295296,498.3422429163858,510.7859908879188,7354986
2022-12-30,517.6004028320312,525.3037201447889,515.6252056294236,518.4892656844986,3361557
2023-01-02,519.970703125,524.3161614124591,516.5141077575973,520.2176027941002,2226882
2023-01-03,524.365478515625,526.7851070941589,516.5634256162464,520.9582513563208,3247177
2023-01-04,512.41552734375,530.0935670106877,510.98355754646906,525.6000052798448,7145153
2023-01-05,518.2423706054688,519.427500993134,507.1812541176516,512.5143107230277,3166328
2023-01-06,513.353759765625,521.8965120921065,507.9713351350912,519.3287194674202,3454408
2023-01-09,518.2423706054688,520.9582667830105,514.1932404157006,516.5140730379421,1841059
2023-01-10,508.0700988769531,519.9706496480082,496.4658156227004,519.9706496480082,5366443
2023-01-11,501.79888916015625,509.5515447305679,499.3792603682868,509.5515447305679,3308303
2023-01-12,504.0703125,508.1194727322985,500.7124833338685,503.5765132067713,4129397
2023-01-13,512.218017578125,514.0450508039836,505.057897874496,505.057897874496,4195766
2023-01-16,510.5884704589844,515.1313998566101,506.5393403558064,514.5388648145664,2181662
2023-01-17,511.082275390625,514.045071189991,504.9591520162885,510.8353757406779,2346252
2023-01-18,513.9956665039062,515.9708635620224,506.63804540677774,511.4773023104544,2338626
2023-01-19,512.810546875,518.8843020662758,510.637818010254,512.5636472376023,2809131
2023-01-20,511.32916259765625,516.5140551203751,509.0083300559231,513.5512593931072,2656548
2023-01-23,494.88568115234375,512.2674231254708,492.0710190197408,511.5760920265444,4154237
2023-01-24,492.7623596191406,502.19391469292754,491.7747609668438,495.97205523910526,2166537
2023-01-25,454.4928894042969,491.8241045624243,445.1107026706764,490.83650595888525,33646469
2023-01-27,375.7319030761719,451.8263638898412,340.8696540739878,451.8263638898412,91035714
2023-01-30,382.6944885253906,422.34656950219744,347.63473538306454,395.0394720262097,71717149
2023-01-31,396.224609375,409.50779376895866,385.2622578081809,389.1138866994632,40532400
2023-02-01,329.9566955566406,407.58195090192896,316.5253486799937,404.12535583054057,78282914
2023-02-02,348.1778869628906,362.4486993045056,311.3898377828012,350.59751567602046,79579639
2023-02-03,368.96685791015625,375.97881428156825,314.55016682152814,347.5853533832356,58296804
2023-02-06,375.0405883789063,379.04035086686514,354.00474913114186,366.3991001674107,33168803
2023-02-07,379.2872314453125,401.65636391566585,367.09041280895167,379.7316628723315,42723721
2023-02-08,379.8797912597656,392.66920504393,377.262661026541,388.7681785614381,18573925
2023-02-09,353.3627624511719,373.3122659686346,349.60989987538795,373.3122659686346,28134958
2023-02-10,356.3255615234375,363.8807148971482,345.6595087380253,350.35060207089856,12021081
2023-02-13,338.2031555175781,362.34992341058353,332.3762996164595,358.99209416969467,20202357
2023-02-14,332.3269348144531,344.6719175341579,321.0683166019059,339.733924446276,29650470
2023-02-15,340.5733642578125,346.5977214099011,330.84551256211813,332.32691037956045,14504126
2023-02-16,343.4867858886719,349.90617687958064,341.8572542034186,347.53594623383793,13932368
2023-02-17,348.9185791015625,351.53573954619003,338.7463254087827,342.10415467655633,12417704
2023-02-20,348.07916259765625,351.5851258134629,341.3634735716802,345.363266260614,10433187
2023-02-21,348.4741516113281,361.9548656833061,347.14088755165653,348.9679508823831,18031338
2023-02-22,331.2405700683594,347.63471313612524,327.9815066883554,347.63471313612524,12696127
2023-02-23,332.7219543457031,339.5857765070073,327.24079430258735,331.8331216548082,10669135
2023-02-24,340.96844482421875,342.64737463859564,334.4996855153522,335.09222061301944,10758533
2023-02-27,325.80877685546875,340.1783547781389,321.9571482872182,336.1785623064374,8739164
2023-02-28,337.85748291015625,349.0667329093754,320.2782099640566,325.907533970096,21986286
2023-03-01,349.2148742675781,350.49874040398896,339.9314533682136,339.9314533682136,14144946
2023-03-02,366.1028442382813,367.3867104719168,342.9930109198808,350.0543656222365,24526040
2023-03-03,386.9905090332031,394.4468662456198,370.9420321317424,377.9539880672809,40022359
2023-03-06,380.7192687988281,399.87867603870166,376.5713425305866,392.8667197943497,24525562
2023-03-08,387.2374267578125,388.6200588045157,373.9542132004607,380.0279387143087,12403307
2023-03-09,379.92919921875,390.1014528968693,378.250269517724,389.9533191324536,10496900
2023-03-10,373.657958984375,377.60835362379936,368.76933356243967,375.2874907453137,8021603
2023-03-13,363.4363098144531,384.3240156142805,361.8561459178707,378.15152393944265,12295435
2023-03-14,349.017333984375,363.2881455962648,336.5735857829418,361.51045005942177,18116432
2023-03-15,360.6216125488281,362.4486759349064,343.3386375383081,350.103693784535,17244370
2023-03-16,374.1023254394531,379.2378500478308,355.7823840617996,361.3623099422321,17263261
2023-03-17,373.7567138671875,381.8550045559575,366.44845988826063,379.2378742122643,12121438
2023-03-20,360.8685302734375,371.8802488754964,355.83177127589187,371.43584757928585,9301805
2023-03-21,366.3003234863281,370.0532163396932,361.658628038614,365.1152232214113,7159231
2023-03-22,370.89263916015625,373.5097995401809,366.794111031288,368.7693082152358,6498593
2023-03-23,367.5348205566406,372.6209474239131,365.8065229709284,368.3742854118102,8428310
2023-03-24,367.1891479492188,371.8308734315007,363.4856531939249,368.37427832655976,9512792
2023-03-27,365.4114990234375,370.15196046863457,362.89313453176135,367.9792615308854,6288107
2023-03-28,354.4985656738281,369.01624849072425,349.906207604252,367.18918486659527,15688794
2023-03-29,359.3871154785156,362.4980449624949,353.75782168348564,355.5354870631548,9558023
2023-03-31,361.01666259765625,366.0040536998637,359.48589679606744,362.94249195756805,5945285
2023-04-03,370.1519470214844,371.9790104780504,358.9920947826502,364.3745192635117,6083504
2023-04-05,375.2380981445313,376.17629872610746,366.6459783142474,369.8556737473015,6528840
2023-04-06,378.84283447265625,381.7068644262978,372.5222093689706,374.15174105473926,5658596
2023-04-10,379.5835266113281,384.76841924320894,378.49716212730107,380.9167907444924,3153982
2023-04-11,379.6329040527344,383.6820644284516,376.0775429877359,381.1636999994333,3415299
2023-04-12,391.138427734375,392.817357471232,377.9540100549949,381.11430760674176,9415387
2023-04-13,387.7806091308594,391.6816359066823,385.2128465783632,390.00270612336425,6239974
2023-04-17,386.6942138671875,390.1508089143844,382.2500202350773,387.13864528604535,4916449
2023-04-18,378.2996520996094,389.4101369494897,375.1887223694668,386.6942406528523,3986619
2023-04-19,375.33685302734375,383.3858060964769,372.9666223068471,379.2378797312687,3600019
2023-04-20,375.9787902832031,377.558923894957,373.411027955428,375.7812585121756,4345525
2023-04-21,370.4482727050781,377.2626976025355,368.7693428852304,376.521998588918,4286701
2023-04-24,375.5837707519531,378.151533380618,368.7199779216392,370.4482756337436,3030412
2023-04-25,377.7564697265625,382.7438306699197,375.88003838842405,376.9170048771243,4790001
2023-04-26,381.657470703125,385.1634334907923,375.4355817709581,377.262645111494,4369712
2023-04-27,383.9783630371094,385.65729288508703,378.0034029494675,381.6575302001857,5093452
2023-04-28,391.5828247070313,394.5456203542472,379.33660872636216,385.1634341380635,11030482
2023-05-02,389.5088806152344,394.4468736000602,384.22522209364735,393.0642415921324,7419371
2023-05-03,378.8922119140625,395.5826228892829,371.0901886919425,388.0274993269713,13078081
2023-05-04,383.4845275878906,386.0029221227932,375.8800363866452,379.2378656273976,6828148
2023-05-05,395.5826416015625,400.9650664956372,382.6451229269156,383.6820894915149,11844907
2023-05-08,400.4712524414063,403.8290818224624,395.7307909786352,399.7799213309893,6282119
2023-05-09,400.6193542480469,407.2856446014602,398.4466554755895,402.841451032518,7401793
2023-05-10,403.2365112304688,404.2241098669765,397.5084511943712,402.7921099275114,3823364
2023-05-11,407.0881652832031,409.8534293775732,401.1625735331659,404.91543625254224,5043085
2023-05-12,404.9154357910156,409.6065292544481,402.0514058095857,405.9030344148961,5365495
2023-05-15,401.5575866699219,406.3968136601661,398.1009916570165,405.9030143726082,2396533
2023-05-16,395.9282531738281,404.7178742522526,394.8418887396148,399.9774132618329,3189110
2023-05-17,401.2612915039063,401.952622566424,394.3481014351962,395.039432497714,4399478
2023-05-18,394.1012268066406,403.73031358500754,390.59526367631867,402.940246725507,4266534
2023-05-19,398.1503601074219,400.9650220784064,390.74337078331337,394.10119991575255,4401094
2023-05-22,418.6430358886719,428.32152014525286,399.9774285826388,400.4712278771853,17691079
2023-05-23,422.0008850097656,435.4816304993494,419.18625300911,423.48228296342376,18654251
2023-05-24,417.0628967285156,424.6674183689088,414.3963984640892,422.7909869667304,6096592
2023-05-25,414.0013427734375,419.38373702873616,410.5447476934941,415.77900818747577,4130074
2023-05-26,419.2849731445313,420.3713376312411,412.3224150773157,416.1740435855438,3769455
2023-05-29,421.70458984375,425.556218243071,417.50729591673377,421.6058239588205,7799828
2023-05-30,425.5562133789063,427.58080850991325,420.0750534278056,421.70458502360987,3733902
2023-05-31,418.3467712402344,425.4574630470599,415.6308751015797,425.0624296365336,6180317
2023-06-01,423.92669677734375,425.9018939667548,418.7418041551398,419.7294027498453,3422014
2023-06-02,432.6175537109375,434.54338303229576,426.09942707674696,426.09942707674696,5425758
2023-06-05,433.6051635742188,436.17292602303695,431.6299663272999,434.5927621976782,3391422
2023-06-06,453.4559020996094,455.2335977059582,434.54339448126,436.3210599484906,15043392
2023-06-07,450.0980529785156,455.7767448153263,446.8883575924922,455.2829455251688,4545088
2023-06-08,446.0982971191406,454.2953533965178,440.3208393144267,450.3449590191568,4925548
2023-06-09,450.0487060546875,452.46830460562,445.4069804554907,446.39457908177786,4370589
2023-06-12,450.6412048339844,452.7151678100176,447.826573086992,450.3449373256007,2768142
2023-06-13,453.2583923339844,458.0482214623677,449.9005329618855,451.82636229946473,2313541
2023-06-14,458.83831787109375,459.7271505876933,453.70279306989136,454.5422579118922,4260531
2023-06-15,452.6658020019531,463.0849546621943,451.3819058018339,460.2209248913375,2606044
2023-06-16,455.1842041015625,459.8259297341422,451.33257545916575,455.6780034182575,4270855
2023-06-19,447.2340393066406,458.2951257229441,443.6786782610325,455.1841961102062,2390979
2023-06-20,443.3824157714844,449.9499406150503,441.0615529695607,447.87597746994567,3007712
2023-06-21,442.5429382324219,446.7402322781026,439.0863431359789,443.4317709436837,2653187
2023-06-22,439.3332824707031,447.3328378728945,436.2717205094792,443.8268444463355,2318198
2023-06-23,420.5194396972656,439.4813434242501,418.7417744087237,439.4813434242501,4859137
2023-06-26,426.6919555664063,428.51901897208126,414.1000736379693,420.4700965515312,3401951
2023-06-27,428.4696960449219,435.1853550555784,427.77836490891895,428.61782982003103,3022273
2023-06-28,428.86468505859375,436.3210423113923,426.494454485057,430.0004174022554,6405277
2023-06-30,420.6182556152344,435.5310011377991,419.7294228652259,430.59300792762,6318237
2023-07-03,430.4448547363281,431.77811887073983,422.6921997183434,423.08723312950906,3025642
2023-07-04,427.33392333984375,433.45701653430734,425.753759562876,431.0374180644005,1585173
2023-07-05,427.0376281738281,429.3091230349669,421.408334243077,428.0252267728144,2057486
2023-07-06,426.1487731933594,429.80289987430217,424.2229439703271,426.64257246704807,2151838
2023-07-07,415.1225891113281,427.8375372313389,413.7318997130588,427.1421773748266,3734746
2023-07-10,416.7119445800781,422.0263937979835,409.31144619166975,416.21526764970855,3524816
2023-07-11,416.9602661132813,419.4436506642835,415.6689182726612,418.2019583887824,2512215
2023-07-12,418.7483215332031,420.18869680417856,412.2418656589458,417.2086351247163,2231762
2023-07-13,414.1292114257813,419.84099602774864,411.8941652771853,418.74830073659547,2744632
2023-07-14,413.8312377929688,416.4139639771345,411.29816717753977,414.1292318348992,7579025
2023-07-17,413.8312377929688,419.79136114961807,412.2915210703147,415.2219271799026,5100742
2023-07-18,413.4338684082031,421.8773758046461,411.5464719148432,414.1788837667128,3809061
2023-07-19,416.5132751464844,418.20198889023294,413.43390233045056,414.8245917174909,2260225
2023-07-20,418.1026306152344,420.7350122624219,415.76824299801007,417.2582737773336,2876080
2023-07-21,413.3345336914063,416.71193064200224,412.5398324405434,416.6125891963003,1990506
2023-07-24,419.9403381347656,425.9501167734185,412.68886718938666,414.2285535238256,3203223
2023-07-25,437.1750183105469,438.96304304455424,420.3376590871754,420.3376590871754,6432788
2023-07-26,440.5524291992188,445.3702013988464,433.7976351953464,440.7511120936429,5027847
2023-07-27,446.7608947753906,451.9760024965042,435.7346609592285,441.3471041580475,4479151
2023-07-28,451.7773132324219,453.6150238950052,445.07217482835705,451.9759961258511,4573656
2023-07-31,459.9228515625,465.68429200476754,451.7773375298755,451.97602043399024,5162855
2023-08-01,458.48248291015625,465.2373076557101,449.64163921507264,460.91621210428144,3111674
2023-08-02,457.8367919921875,466.2306443080782,447.0092408869869,458.9294873106399,8819107
2023-08-03,471.1973876953125,477.95218150405896,455.4030681169548,461.9095234722216,12633488
2023-08-04,468.61468505859375,474.3264697731394,466.9756572469358,473.82979284143977,2994518
2023-08-07,470.9490661621094,472.8364324134139,465.63461700375575,470.2537063414823,2245398
2023-08-08,463.1015930175781,472.8364489584682,453.21770974222926,471.7934395057853,5371066
2023-08-09,459.5751647949219,463.6479217505936,457.439460023885,463.101589244545,2483919
2023-08-10,454.1614074707031,462.753912496406,451.6780227629997,459.9725034349253,2526713
2023-08-11,453.36669921875,460.3201762936228,450.98265599888737,454.4593945363237,2572588
2023-08-14,438.0193786621094,449.4926031469197,434.7412928701973,447.5555510737556,4208119
2023-08-16,434.2943115234375,437.37368417953127,429.2282008700764,437.37368417953127,1740262
2023-08-17,443.0357971191406,444.02915092434046,430.7678715619718,434.49294833147127,2130151
2023-08-18,450.0389404296875,457.8864599362944,436.8770021858699,442.9861524904632,4745941
2023-08-21,462.1578979492188,465.8829750417702,450.5853311779765,451.0820081236501,3554493
2023-08-22,460.7174987792969,467.5219786449656,459.2771539004203,465.1379354923654,3093757
2023-08-23,450.2872924804688,463.6975695865486,447.1085783182504,461.4128678351181,3474824
2023-08-24,445.9662170410156,458.92947248197527,443.9795093679335,453.41637081507366,4316497
2023-08-25,431.7116088867188,445.3205390611552,427.241516358631,445.22122792344624,5518417
2023-08-28,435.9333190917969,441.545761971795,429.2281809741149,436.2809989830715,3347943
2023-08-29,438.2677307128906,444.52584784151776,433.549299925746,437.0756939670789,4051913
2023-08-30,441.0987854003906,442.5391606755172,437.2743971525298,441.7444896846057,2230876
2023-08-31,425.55279541015625,439.41009413864873,422.2747397375958,436.926709442844,12006942
2023-09-01,431.0162353515625,434.49297387415015,422.67206896030285,424.708432254774,3846763
2023-09-04,438.2180480957031,440.9994570850637,432.2579249517568,432.45660784912326,4347480
2023-09-05,437.2743835449219,441.4961374716162,434.59231598323794,438.3670485447335,2261743
2023-09-06,434.8406677246094,439.0624217801881,430.6189136690306,438.0690678847578,2410656
2023-09-07,436.52935791015625,437.6717087652893,432.3076040824556,435.0393271474384,2211370
2023-09-08,436.2810363769531,438.2677441376592,433.9963042632883,437.1253629234495,1913450
2023-09-11,447.90325927734375,450.38664398204713,436.3306926163771,436.3306926163771,5287778
2023-09-12,442.04248046875,450.883324015174,433.7479694352056,450.883324015174,5467782
2023-09-13,440.9497680664063,446.9595770493171,437.4233740238932,444.0291710651556,2583760
2023-09-14,442.24114990234375,443.4331563436166,438.764411397812,441.8437841071655,2000637
2023-09-15,442.0921325683594,445.1218800939552,439.5590922979679,442.04247700021625,2963506
2023-09-18,433.7479553222656,442.7378259112925,430.1222198094554,442.0424660859299,3707587
2023-09-20,425.304443359375,435.4366647206092,422.2250403719604,433.5989540414462,2289507
2023-09-21,423.2680969238281,427.7381894112112,420.38737671713216,424.65878630139633,2680700
2023-09-22,418.1523132324219,425.65212263723487,415.2715628297486,423.1687380244155,2666687
2023-09-25,420.0893249511719,423.11907229489015,411.9438418056282,417.7052818430799,3913804
2023-09-26,426.8938293457031,431.11558332992473,419.6423581575302,420.48668470257087,6162665
2023-09-27,427.5891723632813,428.9798616757106,423.1687356513505,425.1554433304648,1952178
2023-09-28,417.1092529296875,428.632163027681,415.867560684532,428.13548612961887,3461405
2023-09-29,421.9767150878906,425.6521365609936,417.2086286012072,420.9833612102687,2835399
2023-10-03,429.3275451660156,431.5129054424301,419.6920007159839,421.2316870542476,2833284
2023-10-04,426.7944946289063,431.1155901321216,421.4800452313772,427.14217455486704,3214525
2023-10-05,429.9732055664063,431.95991319955147,425.900448855508,427.14214112622375,1287179
2023-10-06,432.8042907714844,434.0956386690834,428.93018644917896,431.1155770763895,1547935
2023-10-09,427.3408508300781,434.59232202017,424.65878323113753,427.2415093792369,4370429
2023-10-10,434.2943115234375,435.9333392985608,425.15544405797226,427.291148753724,3288646
2023-10-11,442.1418151855469,444.0291814823645,435.0889966203034,435.9830090435586,3228077
2023-10-12,442.6384887695313,447.3569196332122,441.09877208831966,446.01588585110994,1700298
2023-10-13,436.9763488769531,442.8371304797115,435.9829950353075,441.5457826114736,950920
2023-10-16,440.3040771484375,441.8437634310646,436.032667882938,436.0823234476347,1353905
2023-10-17,439.7080993652344,441.545810149844,437.1750590369586,440.6021118155226,1043674
2023-10-18,430.1221923828125,441.0490841061634,428.6321616932647,439.45971197436194,1919224
2023-10-19,434.5426330566406,437.1253286915,427.2414765448596,429.6751751722851,1131689
2023-10-20,427.9865112304688,436.6286715143041,425.2547881500216,434.0956313292454,2066618
2023-10-23,413.185546875,429.8738794630902,408.8644515557479,429.8738794630902,1925177
2023-10-25,415.1722717285156,419.9403582892808,410.8511762307725,414.2285734042108,3289897
2023-10-26,413.5331726074219,419.6919782604584,405.0400097886436,411.8444893452843,2296586
2023-10-27,414.4768981933594,421.132381183001,412.3411934567519,416.6622888118324,1693364
2023-10-30,419.1456604003906,420.7846881557903,413.23519299013526,417.40729119911,1290400
2023-10-31,421.6290588378906,424.60912042379226,418.201975888202,421.13238190690697,1078687
2023-11-01,403.94732666015625,422.67205231447673,401.3646006535684,422.67205231447673,5188883
2023-11-02,416.9106140136719,420.5860049908547,407.4240667611359,408.2684235784459,3289570
2023-11-03,418.1026306152344,421.1323780553778,414.47689511516455,418.20197206347336,1579359
2023-11-06,418.4503173828125,422.175394392155,417.20862504636494,419.1456772171248,1061040
2023-11-07,416.7615966796875,420.53635950794205,415.32125178245207,418.9966428477546,662939
2023-11-08,418.2019653320313,423.1687345164972,416.4139405515249,418.7979836971178,1055490
2023-11-09,415.5198974609375,420.7350050997874,413.1855401982073,419.5926542513709,882283
2023-11-10,415.3212585449219,417.0596278150569,412.688876855954,415.9669324965926,1025880
2023-11-13,416.6126098632813,419.34433302445706,415.61925598649,419.0463389873215,698694
2023-11-15,415.3709106445313,420.68535986038177,414.9239195962239,418.2019752094941,2736651
2023-11-16,417.1092529296875,417.8542682767808,414.2285329838772,417.2085943722504,1724084
2023-11-17,418.3013000488281,425.1554353501677,415.2218971410516,419.195312424698,2116735
2023-11-20,418.69866943359375,421.4303926624013,415.4206136849268,418.30133393599095,1481395
2023-11-21,417.3576354980469,421.4800481247975,416.3146260277594,419.592681775596,1003554
2023-11-22,411.4968566894531,418.4006784809961,410.5035027807278,417.20864166462354,1457858
2023-11-23,412.8378601074219,413.9802109553257,405.88438325874216,413.9802109553257,1212949
2023-11-24,411.5465087890625,413.2352225455594,408.6161329718834,413.185566976444,1929621
2023-11-28,428.3341979980469,432.55595191724126,414.4768994785543,418.2019764660787,7654493
2023-11-29,432.7546081542969,434.3936359796932,425.2051126662316,432.10893420062615,4081524
2023-11-30,436.3306884765625,440.0557654982748,427.8375249929603,433.1022883910785,6906477
2023-12-01,439.0624084472656,441.0491161777962,435.0889929862044,441.0491161777962,2478791
2023-12-04,471.3960876464844,472.637780038678,450.23766140940734,456.9428003272529,13146040
2023-12-05,505.6667785644531,510.08721543953885,471.3960698348249,471.8430912050262,22838581
2023-12-06,497.7696228027344,520.1697704218044,496.18025057178585,511.5772353242637,13223984
2023-12-07,501.7430419921875,505.0210976124084,493.0511956956505,500.3523526476924,3608185
2023-12-08,491.0644836425781,506.2131299115967,479.1442373981045,505.5674559696384,4085720
2023-12-11,500.65032958984375,503.133714161222,486.24669907585024,494.59086517273033,4277828
2023-12-12,498.0179443359375,507.1071257372291,494.4418645165637,502.68668910686046,3392736
2023-12-13,505.6667785644531,509.9879043037204,498.71330143090535,500.6503536154384,3481573
2023-12-14,516.7923583984375,519.9214473863395,508.4481918317933,511.3785676021435,5858223
2023-12-15,518.9280395507812,525.8815160191826,511.08052042749847,520.2193873404409,5777967
2023-12-18,522.156494140625,528.9609440041801,520.8154300175565,526.4775592905454,2875095
2023-12-19,518.8783569335938,527.0238705924143,513.5639381120898,524.888196202341,2762093
2023-12-20,487.1903991699219,522.802109805525,482.76996249035375,520.5174081171716,5434428
2023-12-21,500.5509948730469,502.53770255685714,477.2568654692236,477.80319795637,3610387
2023-12-22,500.45166015625,507.0078016639451,494.9385583854347,501.7430383569459,2571515
2023-12-26,501.9913940429688,505.1701083000168,499.3093264158378,500.6503602294033,1869260
2023-12-27,513.5639038085938,519.524026483355,509.7395160107566,517.4876633620455,5618393
2023-12-28,510.8322143554688,516.4943433930399,508.6468237724317,514.557291271041,1945694
2023-12-29,517.4380493164062,518.9777356716913,508.1998402404338,511.1798715021702,2686563
2024-01-01,530.7489624023438,536.1130975702104,516.3453312388409,517.3883406799514,4251624
2024-01-02,527.37158203125,533.4310162508251,515.0539700671375,533.4310162508251,2655551
2024-01-03,532.5369873046875,545.3512765239948,524.6398725143679,534.871405285,13711402
2024-01-04,545.7982788085938,550.8643591342444,533.1826729309948,534.7720148211383,6112049
2024-01-05,538.7454223632812,554.1921228349223,534.8217232608574,546.3446033710629,5130749
2024-01-08,526.67626953125,540.6328802204081,523.3982136650031,540.6328802204081,3333769
2024-01-09,521.70947265625,535.2190612437697,519.7724204541215,532.2886551563969,2741683
2024-01-10,522.6531372070312,525.186177324855,514.8056177687872,525.186177324855,1792977
2024-01-11,534.6727294921875,538.3481509987139,521.9081563004714,525.6332333754286,2505937
2024-01-12,528.8616333007812,541.1295295443848,527.5702247450254,539.3911602434162,2315342
2024-01-15,527.9179077148438,533.6296922658578,523.0007941058956,533.4310093729647,1838608
2024-01-16,525.1861572265625,531.3946183706502,521.510736103362,530.2522372683367,2732941
2024-01-17,517.09033203125,535.7653721964915,514.8056303130222,524.4908303044394,6229815
2024-01-18,520.6664428710938,523.4478215152658,505.6171078455004,519.1764121014115,2084710
2024-01-19,533.5303344726562,534.4243771993283,521.7591154720208,523.348457397762,2661086
2024-01-23,521.5604248046875,540.1858094203403,513.6135940353422,540.1858094203403,2682760
2024-01-24,523.9445190429688,527.4709132106598,511.08057409959406,521.560445465919,3893697
2024-01-25,556.4271850585938,562.2382808473508,522.8517763206405,526.4775421362118,8019238
2024-01-29,570.284423828125,575.0525708350993,559.059537394014,567.1057399961525,7828638
2024-01-30,567.0560302734375,580.0690022984766,564.2746515739548,570.3838021029417,4572466
2024-01-31,556.5761108398438,582.5523364401266,543.3645176909909,569.5890817362879,13741694
2024-02-01,561.2945556640625,566.0129862401218,550.3676638037145,564.2249615161477,6228014
2024-02-02,553.6954345703125,568.4467143070824,550.8643398513686,566.8573724725735,3263916
2024-02-05,551.3114013671875,559.4072597111399,547.3379858618384,556.2781707488739,2366641
2024-02-06,562.8342895507812,564.2250092479146,546.2949836679629,555.2351686736517,2969565
2024-02-07,564.4237060546875,572.1221988881055,560.5496015383242,566.2117309739662,2248160
2024-02-08,559.6058959960938,567.4534160674744,555.9305350652171,566.2117236909592,2089376
2024-02-09,572.3704833984375,578.3802618855159,548.8776412958968,560.9469144646746,6956624
2024-02-12,559.7548828125,583.2973806928933,556.5264828672638,578.2312397857419,3475737
2024-02-13,564.4733276367188,566.2116968815304,548.8280044334133,562.5859310619772,2529788
2024-02-14,567.105712890625,569.539381215126,555.93048255749,556.4271594611848,2094616
2024-02-15,568.44677734375,570.9798176988029,565.0693497840053,570.0858355538196,1240706
2024-02-16,581.2113037109375,586.7244659902958,569.2414021435368,569.3904294703597,9619487
2024-02-19,580.9630126953125,590.0522252656024,578.0326671508853,584.8867727838395,3141571
2024-02-20,584.8867797851562,586.078816622834,575.5989448243789,580.9630196496603,1867263
2024-02-21,583.8933715820312,592.7342449576865,579.3736237625922,587.9661586797122,4209055
2024-02-22,588.8104858398438,591.0455319691388,579.1252859462318,589.0588242986543,1838366
2024-02-23,598.9426879882812,604.6544723588073,583.3470211463352,589.8534764338161,4824640
2024-02-26,604.5551147460938,611.1609419461972,598.5949917852207,598.9427020023086,5715227
2024-02-27,599.3400268554688,608.4292389213625,595.0189618186059,603.9094909867055,3604237
2024-02-28,585.3338012695312,601.9724795406635,581.2113582221922,599.8864605465353,2831925
2024-02-29,601.8731689453125,605.6479017440433,580.1186936804893,585.3338018000485,3263796
2024-03-01,613.495361328125,615.8794350057586,602.9658339491863,604.0584990175529,4011709
2024-03-04,613.04833984375,617.6177432055309,608.478875852463,617.121066291011,1878206
2024-03-05,609.0252685546875,620.846204540952,606.7405666478792,620.846204540952,2430074
2024-03-06,594.3236083984375,609.571626683294,591.5422296878556,608.8762668482714,4127035
2024-03-07,599.1414184570312,602.5684408479077,592.5355908868743,594.3236157493988,2393414
2024-03-11,598.0486450195312,608.3298932591313,596.2109647356317,600.8797397360173,2547145
2024-03-12,583.64501953125,601.8730983409312,580.1682811927255,600.9790556592228,2900178
2024-03-13,555.5331420898438,586.4264226551961,547.1392899091203,585.4330688025544,5946259
2024-03-14,578.5789794921875,580.8140257220341,548.0333476842842,551.8080803021232,3200499
2024-03-15,596.7573852539062,599.8367582460245,572.0228476557467,579.920023681389,3693325
2024-03-18,580.7643432617188,591.0455311911402,578.3306142426775,591.0455311911402,6348109
2024-03-19,576.4432373046875,584.688062280757,568.7447448299554,578.1319510056917,2021483
2024-03-20,572.5194702148438,583.5953899525549,562.8342701262694,577.4862394910357,1678012
2024-03-21,583.2974243164062,586.9728458856068,576.145264084626,576.145264084626,1977799
2024-03-22,585.43310546875,590.747585290938,577.6849570587732,584.0921019354986,1818091
2024-03-26,591.09521484375,596.4096944855303,582.6020512859437,585.433085595376,2175165
2024-03-27,597.5023803710938,605.9458886556396,592.9826321799745,594.0256416656925,5070366
2024-03-28,608.2801513671875,612.8992706081747,598.2473026317232,603.4624098775788,3861492
2024-04-01,617.369384765625,622.4851810713977,609.223871505246,615.2833660439628,3976554
2024-04-02,630.481689453125,632.8657022728141,615.5317264037077,617.8660836576857,4503263
2024-04-03,630.7300415039062,636.0444603691554,622.3361893146231,627.7996355097235,4389047
2024-04-04,620.5481567382812,636.5411293301784,619.4554311352312,635.7464583831008,2100754
2024-04-05,623.0315551757812,629.04133392273,614.0913704062517,620.597826084841,2386291
2024-04-08,626.3592529296875,630.2830127313792,617.9654008391208,623.0315418108834,2965491
2024-04-09,618.958740234375,629.7366655459173,614.4389924847953,627.2036254339115,2431726
2024-04-10,621.4918823242188,624.5712551155293,616.2767744286219,616.2767744286219,1293786
2024-04-12,604.803466796875,626.1109189868221,601.5750667871712,619.3561249385739,4161320
2024-04-15,602.8167724609375,611.5086188335773,589.5058669651143,596.0123226953029,2647237
2024-04-16,613.4456787109375,617.8661156190011,597.2540225336405,600.9294440289802,1983635
2024-04-18,611.1609497070312,633.561066660193,606.9391958894695,633.561066660193,4944023
2024-04-19,605.5982055664062,610.0682979405811,597.0553259847227,607.9325628877832,2001911
2024-04-22,612.2039794921875,616.9720659542572,609.0252349743048,611.905985456341,1566507
2024-04-23,632.3193969726562,634.7531260921821,614.6377101244722,617.1210948118438,3751042
2024-04-24,640.1669311523438,642.5012885588717,630.8790358361672,636.7398480812307,4701815
2024-04-25,634.1073608398438,644.6866028424495,625.0182101358686,639.7198339453581,3367321
2024-04-26,628.1472778320312,637.7331666605858,625.9122316871927,637.7331666605858,1663147
2024-04-29,625.4652709960938,634.0577453534615,620.9454625104561,633.7597513267016,2217374
2024-04-30,615.7800903320312,629.7863556942481,612.1543244425558,629.7863556942481,5514688
2024-05-02,621.54150390625,626.7069559510546,605.1015101364109,610.9126057933746,6286712
2024-05-03,618.3131103515625,630.2333564415422,612.2039599786451,625.3162428035242,2566478
2024-05-06,603.4127807617188,621.5911432609482,595.8632554686612,620.8957834717909,3525659
2024-05-07,590.0025634765625,608.131272226709,584.8867666185524,606.6412413705326,2548462
2024-05-08,590.5985107421875,597.0056551067553,584.0920552458771,587.0224611863623,2526772
2024-05-09,570.4830932617188,592.187910856068,568.1983915753416,592.0388835295518,2481928
2024-05-10,577.9332885742188,582.1053870922497,569.4897803996724,572.1718480633716,3039660
2024-05-13,584.2907104492188,587.8171042720561,565.6156713536329,580.168267975653,2203837
2024-05-14,606.1445922851562,612.84973144621,583.0987685242245,583.1980796673977,3537595
2024-05-15,609.1742553710938,614.1410246770138,605.8465441879306,607.9325630446137,1479399
2024-05-16,611.3099975585938,612.3530069991076,602.1711298031462,609.0252351476003,2013842
2024-05-17,616.5747680664062,618.0151433244392,607.0882505979279,611.9059926846313,2065379
2024-05-21,627.5016479492188,630.5313651082009,609.2239126017228,616.77343834504,3811359
2024-05-22,628.8426513671875,631.524718925411,617.5184536973114,627.50164790283,2209062
2024-05-23,642.2032470703125,643.9912718272058,622.4354817253945,630.779678096904,4718924
2024-05-24,631.0776977539062,652.5838331640566,623.1805224081959,643.6933039542193,4865705
2024-05-27,628.2963256835938,634.4551318320066,622.4355135716586,634.4551318320066,1632214
2024-05-28,625.4652709960938,632.2697205633942,622.832859062448,629.6870248254644,2482711
2024-05-29,625.9122314453125,629.2896587591216,616.2767476837823,622.3858374329426,1702062
2024-05-30,615.0350341796875,626.7565969825583,612.2535950150192,624.7698893675123,2485481
2024-05-31,629.8359985351562,635.597438758177,618.5118009856689,620.8461582890326,3662225
2024-06-03,666.3417358398438,672.1528921125976,649.1070711721386,663.5603572467467,11189978
2024-06-04,552.9007568359375,666.4908117500852,514.9049701370404,666.3417844131873,20044195
2024-06-05,594.919677734375,597.8500232494232,546.5929860223484,571.1784951619271,6564509
2024-06-06,605.9954833984375,618.1144120810093,599.7373664827792,603.9591202012915,3774112
2024-06-07,617.1707153320312,619.8527827679861,603.2637618724931,605.9954848734737,3023546
2024-06-10,636.0941162109375,638.7761837428661,619.8528049484659,621.839512656634,4340712
2024-06-11,635.4981079101562,645.679984590233,633.3623729400939,641.6072581700046,2706589
2024-06-12,664.2557373046875,671.2588698812092,633.7597617228435,640.4649002677169,5320428
2024-06-13,660.0836181640625,675.9276238335556,650.2991072180981,674.1892546359828,8012245
2024-06-14,674.7300415039062,686.4869908686109,669.7482781449178,686.4869908686109,15699653
2024-06-18,671.6412963867188,680.459053818166,667.8551684829092,680.459053818166,2670571
2024-06-19,664.367919921875,672.836917256484,651.9135120768618,672.1893245360662,3104511
2024-06-20,656.7459106445312,667.0581368291203,654.6535334738968,663.5709023572728,2840525
2024-06-21,655.0520629882812,665.513765830582,650.6182815259411,656.7458746585903,3723454
2024-06-24,655.3509521484375,660.0338217417286,640.9038387981489,652.6607878448414,2151184
2024-06-25,646.43359375,664.1188534678591,641.6511131437348,659.9840264157149,2786086
2024-06-26,654.6535034179688,663.4712609509038,645.686329473483,646.4335939688568,4247865
2024-06-27,658.2404174804688,675.6765892510286,650.0703134026124,655.6000585730533,6564930
2024-06-28,667.8053588867188,672.4882284707373,657.5927442972538,663.5708601545016,3948035
2024-07-01,692.465087890625,699.2402737103564,661.6279613824843,665.5635664905576,6820204
2024-07-02,689.8247680664062,704.3715539854547,676.8223774836154,694.4080269775624,5783589
2024-07-03,690.1735229492188,696.84909815817,685.1419540095576,692.4651219817578,1357858
2024-07-04,679.6121215820312,692.1163960510537,669.2998959288359,690.7712834794153,4072206
2024-07-05,683.4979248046875,688.4796881050132,674.5307508641013,679.6121251054174,4592446
2024-07-08,681.056884765625,686.0386483303104,676.7227747893662,683.9463319581599,2099399
2024-07-09,675.1784057617188,685.4906314888975,668.9512016239199,679.5125155166106,2756185
2024-07-10,662.5745239257812,679.163820165631,653.8066326137829,677.5198139391448,7590766
2024-07-11,676.6729125976562,685.4408035740711,670.1467542249048,677.5197880076505,6139579
2024-07-12,674.0325927734375,679.9609034237536,671.2926228841146,678.0180035215435,1807744
2024-07-15,681.7045288085938,687.931733177255,679.0143643588235,684.0459333261933,2184021
2024-07-16,682.8502807617188,689.4760503684552,680.7579644714552,686.9353632124091,2484802
2024-07-18,687.732421875,689.9244098841216,676.5234544775444,682.850269527981,3034365
2024-07-19,675.427490234375,689.9244092254016,667.9548453098726,688.5294911811452,2613915
2024-07-22,684.5938720703125,686.0884010247485,671.2925887008474,675.3776101846237,3014997
2024-07-23,688.828369140625,692.4650805794752,660.1832309152151,685.490612141984,4681258
2024-07-24,679.9110717773438,690.4723855282286,677.6194120353713,688.8283793329075,1157565
2024-07-25,673.434814453125,682.5015997007752,670.0471909471114,675.6267417437357,1226783
2024-07-26,683.896484375,688.9280531030113,673.5841979435406,673.5841979435406,1914855
2024-07-29,677.370361328125,690.9706000595045,668.5526642248414,689.4760710038603,3176753
2024-07-30,671.9900512695312,678.5659543788789,668.7519051844281,677.3703190464869,1526425
2024-07-31,677.4700317382812,684.1456070027203,669.8977147172224,675.2780436318552,5007055
2024-08-01,661.5781860351562,678.51618176196,652.6110118268484,677.519829072148,7613696
2024-08-02,650.4190063476562,659.8843566476663,646.2343129998806,658.5891103480678,3552731
2024-08-05,633.8297729492188,648.1772148554513,631.4385022252429,644.6401750528319,3071394
2024-08-06,623.2684326171875,646.6329160930748,620.6779398669478,635.7726471064015,2519055
2024-08-07,640.9536743164062,645.6365441292348,631.239235573721,631.6876064474303,2259244
2024-08-08,636.1712036132812,642.8965843875799,634.7762854980391,642.5976907378974,1121594
2024-08-09,629.6948852539062,643.1456462522096,627.8017908624621,642.6474699189391,2605583
2024-08-12,633.13232421875,638.6620694437814,615.4968695770608,618.8346267382168,3209718
2024-08-13,622.1226196289062,636.6195385389025,619.8309598815026,632.9828270376227,1379099
2024-08-14,620.927001953125,626.6062243881084,615.2477795181416,624.214953632576,930171
2024-08-16,638.1638793945312,639.6086029155438,621.1760786863496,622.7204131484497,958226
2024-08-19,631.388671875,641.3023926758843,629.8941429345412,640.6547391433369,938492
2024-08-20,624.1651611328125,637.1177462339601,622.3717384351621,633.680317256147,1390850
2024-08-21,626.9548950195312,629.4457766048293,622.5211136351928,624.7131015927629,1038309
2024-08-22,629.49560546875,637.1675331990972,620.1797323185333,627.1542010165688,5299763
2024-08-23,631.2890014648438,657.5927351977699,629.2962962066687,653.6073246814198,14351644
2024-08-26,625.3607788085938,637.5660990386963,623.1189852969422,636.6195518379352,3688932
2024-08-27,622.1724243164062,627.5526921376838,619.7811536319231,626.5065340179249,2374774
2024-08-28,614.1517944335938,624.9621963020857,612.8564873456305,623.7665609661022,2570418
2024-08-29,610.2659912109375,616.7422833625639,598.5090422366469,615.4470370947463,6301579
2024-08-30,614.7993774414062,619.3826360214307,607.1773163185736,610.4154623621888,3540177
2024-09-02,618.13720703125,621.9233349304502,614.0521246876729,617.738641647107,2224671
2024-09-03,615.5466918945312,620.2295617926633,611.9100409916264,619.9804736152365,2546441
2024-09-04,624.812744140625,626.7058385662393,610.3656302150122,612.756900982889,2347174
2024-09-05,629.54541015625,634.4275625638148,625.1116894251928,626.6560239010419,2834101
2024-09-06,620.976806640625,628.6985398960841,618.0375540776516,624.7131291835891,2085086
2024-09-09,627.8516845703125,629.1967364038783,612.507828510347,620.6281274223662,1675042
2024-09-10,624.762939453125,628.6985447244473,621.4251822807933,627.8516692665546,1466555
2024-09-11,620.7277221679688,629.6948963244884,618.3863176854499,624.7131329041997,1659410
2024-09-12,625.8589477539062,627.4032822145213,618.3364365202743,623.8163761507112,1052634
2024-09-13,627.3035888671875,633.4311818407607,623.2185674264975,625.8589262098345,1898585
2024-09-16,625.0120239257812,631.5381218164824,623.9658657744163,628.6985410038429,737033
2024-09-17,620.7277221679688,625.1116983028395,618.4361231571444,623.6669747484475,1091216
2024-09-18,617.8382568359375,623.7167618235073,612.7568826221358,620.7277038594968,736543
2024-09-19,606.1809692382812,621.7240460648878,595.8188774788508,621.7240460648878,2512582
2024-09-20,614.3012084960938,616.5430019377966,604.8358584089042,608.7714635024014,1799104
2024-09-23,619.7811889648438,621.724088905181,614.84923090477,617.7386780788657,1601273
2024-09-24,616.0448608398438,621.6244724346201,613.6536508528333,617.7386725884819,1309122
2024-09-25,613.8030395507812,617.3400793054589,607.7751181642828,616.04483301942,1456337
2024-09-26,622.869873046875,624.7629065626654,608.6219817403255,613.8030275961127,1936586
2024-09-27,631.6876220703125,634.1286983875093,620.8772194245684,622.7204476245194,3874843
2024-09-30,630.2428588867188,640.9536499131659,625.7592719454153,631.68758239698,4215188
2024-10-01,630.1432495117188,632.4348484582363,620.7277047490842,627.9014560354982,1508022
2024-10-03,615.197998046875,630.6912706531765,610.814021761551,620.7277434706618,1552493
2024-10-04,608.4725952148438,619.7313683618022,602.3948073655712,613.2052704555488,1538542
2024-10-07,588.19677734375,617.0910049178912,584.5103210963925,612.7568951067865,3195158
2024-10-08,604.1882934570312,608.1737042032846,582.3183398244573,586.5528387423516,3481559
2024-10-09,605.7326049804688,615.1481496738259,603.5406169906732,607.7751157479335,3148946
2024-10-10,583.1154174804688,611.2125757736039,579.877271206549,608.5722167944676,6417410
2024-10-11,583.0656127929688,590.63786899562,580.9234301607823,586.8019354217524,1939238
2024-10-14,586.7521362304688,588.6451698951254,581.2721963162559,585.8055889918687,1202564
2024-10-15,588.19677734375,594.8225469573196,584.4106493413708,588.0473609300292,1805205
2024-10-16,586.9015502929688,592.2818792394266,574.2977250284163,588.1967966504366,20191089
2024-10-17,569.1664428710938,593.6268879033088,567.2235430699013,585.8553495110777,3483057
2024-10-18,571.8566284179688,575.2940572998451,556.9113383337595,569.415552208373,5208678
2024-10-21,569.8141479492188,575.7922643012824,564.2345361997661,572.2053580025176,3650658
2024-10-22,556.4629516601562,581.1226795985427,554.0716809896,566.924654421896,5527745
2024-10-23,553.8226318359375,562.4909126115618,549.687804559736,558.9538726388337,4336713
2024-10-24,556.8615112304688,560.4981618554968,551.4811826841445,554.9684169016595,1330005
2024-10-25,550.6841430664062,558.9538582179965,543.211497903064,554.0219002476823,1607719
2024-10-28,567.3232421875,580.1263498426956,545.0547232285551,550.6841402141321,6419282
2024-10-29,572.9027709960938,574.148211802607,564.5832507336011,567.9210077700408,2417223
2024-10-30,577.5856323242188,583.6135535789585,568.3693704879313,572.8031518581664,2364199
2024-10-31,578.4325561523438,584.65976061702,572.2551571608761,577.5856806701652,2016146
2024-11-01,580.3256225585938,583.3644860278275,577.9343518348298,580.8237988916662,216563
2024-11-04,569.31591796875,578.5819852792678,563.9355894335907,577.8347208056366,1059806
2024-11-05,569.9137573242188,572.9028154920031,563.2879873939457,568.917404601624,625470
2024-11-06,580.52490234375,582.8663067724351,569.9137221774921,569.9137221774921,1682970
2024-11-07,568.6184692382812,582.9161054337443,567.3232229564252,582.0692300066761,822608
2024-11-08,562.8396606445312,572.603904874183,559.4520371630506,572.603904874183,901220
2024-11-11,558.3560791015625,565.7290526164394,556.5127901134362,561.942924507444,745179
2024-11-12,554.5698852539062,563.4374485570986,552.4775689211515,559.9004086552787,761972
2024-11-13,543.3609008789062,556.2138745669564,539.275879282338,551.9793757458018,838603
2024-11-14,542.5140380859375,550.2855768822359,539.0766091531876,543.3609135448933,1535042
2024-11-18,548.5419311523438,552.9757125415358,535.9381068044609,539.0267756485962,1707792
2024-11-19,547.5455932617188,558.3061898492455,544.9052951948363,549.0401222547791,1267125
2024-11-21,482.3841552734375,498.1763517036991,451.39758011621313,492.7960531865534,38274180
2024-11-22,498.0268859863281,512.9721455642052,475.4096683144769,475.4096683144769,11645446
2024-11-25,503.1083068847656,512.4241802835887,501.364689663726,511.6271102879077,5805213
2024-11-26,491.8993225097656,506.4460470830074,489.9066171812372,505.4496944187432,4602794
2024-11-27,513.1216430664062,521.5906410587644,487.2662782095807,495.1872943767066,8458453
2024-11-28,511.12890625,520.644061835421,508.78747145590495,516.608845790692,6194006
2024-11-29,529.5614624023438,533.7461559234409,511.6271137226783,513.61981913153,6608627
2024-12-02,536.8347778320312,539.0267657517547,528.1166924340131,530.0595921995075,3153526
2024-12-03,564.4835815429688,569.8639101765356,537.0340782053692,539.1263944447899,5596923
2024-12-04,562.640380859375,570.6112024453055,558.3560764194459,570.6112024453055,1530852
2024-12-05,569.0169677734375,571.2587612110518,561.3451011036332,566.9246515566798,3051624
2024-12-06,563.2381591796875,571.4580688092171,562.4410891963021,569.6148406718545,855417
2024-12-09,569.2162475585938,574.6463815756088,562.9392381278178,565.9282960293815,1156965
2024-12-10,571.4082641601562,572.4544223156395,564.0352299750085,569.6646469635036,1086901
2024-12-11,576.3402099609375,582.0692377720551,573.3511519725283,575.891839100168,2670785
2024-12-12,569.6646118164062,577.5856273264267,568.1202774143044,575.8918157059603,2304456
2024-12-13,570.6610107421875,572.8529988516761,561.992730062076,567.9210408084624,2266790
2024-12-16,574.845703125,576.6391258246675,569.7642678613088,571.1591859680184,1121729
2024-12-17,569.0169677734375,576.3900016266068,567.4726333455889,573.8991200292576,1085240
2024-12-18,562.4909057617188,576.8882144683865,561.0461821812842,574.8955090643507,1635003
2024-12-19,561.2454223632812,562.34144673999,551.630656004765,553.7229721954681,1365391
2024-12-20,546.79833984375,567.5224634715663,545.0049171782495,561.4447364349974,2113009
2024-12-23,548.6416015625,552.4775348736678,545.2539782860499,548.9903006589558,832775
2024-12-24,541.119140625,554.9684678275821,540.0231769525126,549.9867042025589,978111
2024-12-26,546.79833984375,548.7412397366013,538.429013800567,542.015859131568,1688865
2024-12-27,545.9514770507812,551.4314169301234,544.506753465537,547.9939879342093,1167271
2024-12-30,542.6136474609375,556.8615394942599,539.4751729934025,546.0012709120509,3433945
