date,open,high,low,close,volume
2015-01-01,1087.6463036895505,1093.416310605675,1076.106289857301,1082.7418212890625,76848
2015-01-02,1081.9247094082432,1095.3399320319932,1080.4822073028456,1084.6173095703125,172991
2015-01-05,1084.616890660593,1100.6286813245256,1082.8859592373235,1088.22314453125,137885
2015-01-06,1086.2519973295605,1092.0700175502575,1048.9392367486892,1055.815185546875,164585
2015-01-07,1067.4510416960857,1071.297712116612,1038.3605966408545,1064.085205078125,208499
2015-01-08,1067.4992044019364,1095.3394354582538,1061.392521011329,1083.17431640625,228503
2015-01-09,1090.8197902402874,1093.2239596471547,1063.6526759426863,1081.5396728515625,148255
2015-01-12,1082.8380320228168,1086.5404298796664,1069.3746817134745,1075.577392578125,59612
2015-01-13,1076.1060762486786,1112.8417326994895,1076.1060762486786,1106.013916015625,327470
2015-01-14,1110.1493182567365,1133.4697621222765,1107.8412920866715,1116.0635986328125,338840
2015-01-15,1117.5059361124606,1123.756775817735,1096.3011175404474,1103.8983154296875,117612
2015-01-16,1111.447539312548,1145.8271625272776,1107.6489985291737,1140.345703125,343994
2015-01-19,1156.8861631406544,1162.6561689418545,1146.4039624569268,1154.2415771484375,417946
2015-01-20,1155.0590293561415,1173.234572023907,1149.6255834747012,1164.291015625,194900
2015-01-21,1173.2347037649856,1190.4965936385354,1165.8779216934877,1177.9468994140625,257565
2015-01-22,1177.9468356409302,1200.9307180551325,1177.9468356409302,1194.102783203125,192743
2015-01-23,1198.2380655066984,1257.6691818438028,1194.4395246952752,1244.4942626953125,241916
2015-01-27,1235.7433042740577,1314.648205795237,1227.6172571284646,1297.434326171875,372173
2015-01-28,1293.4431573986546,1384.705452726041,1280.9414763234258,1367.0107421875,473816
2015-01-29,1356.9132051191675,1362.5389380193683,1301.3287618084548,1307.2430419921875,228610
2015-01-30,1336.6701824368618,1336.8144560927194,1251.754981634835,1263.1988525390625,294980
2015-02-02,1298.2515724123894,1307.0988695049848,1259.881002460649,1297.62646484375,202501
2015-02-03,1302.0983338379,1304.5025035828005,1237.7147150259154,1247.0428466796875,161039
2015-02-04,1251.0336356669402,1277.4313692121434,1248.6774791765868,1259.303955078125,151396
2015-02-05,1264.5931088662749,1280.9414608440138,1239.1570434808737,1245.023193359375,127358
2015-02-06,1249.206368585656,1251.9952284525543,1209.345288538335,1214.8748779296875,108730
2015-02-09,1202.0847536817462,1211.5571580625403,1179.8702509119253,1185.159423828125,86314
2015-02-10,1179.2449702561282,1196.8435354231071,1164.579538414003,1168.6666259765625,144598
2015-02-11,1174.1962911646897,1239.5896964056385,1170.8304541302286,1228.530517578125,259947
2015-02-12,1240.2629901272428,1259.7848946108572,1223.9146365330562,1245.504150390625,207270
2015-02-13,1246.3213663218608,1252.091372647425,1238.243333987855,1247.667724609375,101960
2015-02-16,1254.9763172412456,1270.6034169770085,1227.8573357331518,1248.8697509765625,174397
2015-02-18,1261.7077490907352,1261.7077490907352,1245.35940173209,1255.937744140625,311680
2015-02-19,1259.7849905741582,1267.4302036750173,1242.7153847858442,1255.505615234375,45964
2015-02-20,1256.9000330144495,1297.193944314634,1243.1001211646244,1284.6922607421875,188335
2015-02-23,1298.203545641857,1329.6020263209623,1297.7227116877857,1305.3680419921875,314114
2015-02-24,1305.2715221863682,1330.2267502481511,1293.4429633715984,1301.0401611328125,175082
2015-02-25,1307.868073150156,1317.3886068667437,1257.861352706179,1262.81396484375,92279
2015-02-26,1263.631672675567,1277.0950238304056,1241.0806064476546,1250.0240478515625,220880
2015-02-27,1253.0531119046746,1271.1325130466869,1240.6475741182685,1252.2357177734375,184480
2015-03-02,1262.669919550945,1309.7916454138517,1261.7082516761918,1296.4244384765625,214128
2015-03-03,1297.818899817167,1358.7885478711464,1297.7707694680105,1350.47021484375,261983
2015-03-04,1365.5683070727343,1374.0790438181734,1322.4855416959747,1363.548828125,314313
2015-03-05,1370.376674664287,1397.6399345030736,1333.9775703277387,1354.5091552734375,229156
2015-03-09,1354.5090713871543,1354.5090713871543,1304.9831805980607,1310.8974609375,156149
2015-03-10,1317.7253425483136,1335.612340687609,1290.7986433391527,1305.9930419921875,106063
2015-03-11,1310.7531877061936,1329.5057094672138,1286.230659249475,1295.462646484375,130472
2015-03-12,1298.2514762361689,1324.2165057608922,1273.8250916495083,1309.1663818359375,117807
2015-03-13,1313.6380504036292,1351.0469466202785,1313.1090862233914,1329.409423828125,173201
2015-03-16,1330.852001630525,1375.0405870869104,1309.7914547607809,1368.693603515625,160844
2015-03-17,1376.146493960378,1407.8815284122943,1360.7598105897516,1395.427978515625,283042
2015-03-18,1407.689488893,1422.018246383902,1380.2819543287203,1385.619140625,198184
2015-03-19,1400.1401791435685,1406.919984054607,1383.022562827591,1391.7255859375,141486
2015-03-20,1382.878341936031,1391.7256390309228,1352.1049713227114,1359.9906005859375,391071
2015-03-23,1361.4811083997367,1374.3193493023336,1300.367076319657,1305.1754150390625,225885
2015-03-24,1302.1943034479,1317.4848444640577,1282.864804755513,1303.2041015625,175387
2015-03-25,1298.2995774641215,1386.724879072692,1298.2995774641215,1371.0977783203125,338946
2015-03-26,1366.5296808977023,1371.4341622559273,1325.177973453226,1334.0252685546875,414179
2015-03-27,1334.025502637229,1341.0938547605322,1266.9973050675117,1302.050048828125,172279
2015-03-30,1317.484513903294,1344.5073479730263,1281.9509456854632,1289.1634521484375,197216
2015-03-31,1286.7114668533443,1326.9572392554055,1281.903128038496,1316.7154541015625,188491
2015-04-01,1299.213098320172,1340.4205369167298,1299.213098320172,1336.7181396484375,132827
2015-04-06,1341.4303938776784,1374.992622479518,1327.1015206475422,1357.0574951171875,231232
2015-04-07,1360.7600301064972,1370.3285784147647,1336.718333461506,1347.8736572265625,149342
2015-04-08,1349.2198374268414,1367.4915244625577,1323.2548084813498,1328.9766845703125,305178
2015-04-09,1329.0249241450108,1339.6032701403765,1304.502394792118,1317.1002197265625,199931
2015-04-10,1317.003698187461,1349.7003946010234,1312.6761942503715,1342.1993408203125,180183
2015-04-13,1346.3349733510563,1358.2596780218132,1331.1405745525144,1345.9984130859375,178785
2015-04-15,1352.777779285061,1354.9896617432682,1325.2260961865973,1334.3619384765625,110697
2015-04-16,1338.6415832558696,1351.14326470869,1304.598519513817,1324.36083984375,192463
2015-04-17,1327.0055651535215,1327.0055651535215,1254.9766156143694,1267.766845703125,282557
2015-04-20,1265.554667278155,1270.507279309928,1218.096390733439,1230.6942138671875,170718
2015-04-21,1237.5702576672445,1241.5130719854185,1173.3789350064958,1176.5523681640625,259560
2015-04-22,1176.119582703859,1232.665689728144,1168.522384488636,1214.4420166015625,471038
2015-04-23,1217.4714285754603,1257.3806420714177,1217.4714285754603,1247.860107421875,518336
2015-04-24,1254.976529252631,1258.4385099930405,1226.126494097398,1245.6964111328125,370654
2015-04-27,1240.551285393183,1245.1673371324705,1103.3213568258852,1132.17138671875,450290
2015-04-28,1129.959701113323,1144.8174221417378,1103.994669683485,1122.7471923828125,476845
2015-04-29,1120.3428955078125,1136.5469731362975,1111.2070521538865,1120.3428955078125,372241
2015-04-30,1120.3429712502764,1129.863505814655,1086.684598723444,1093.560546875,548858
2015-05-04,1099.1862116824827,1163.6179493751567,1099.1862116824827,1155.5399169921875,224235
2015-05-05,1161.598604768558,1168.4264229387882,1137.6530521288778,1154.72265625,80767
2015-05-06,1155.9247109895405,1180.5433835190863,1107.8413203493765,1129.046142578125,175887
2015-05-07,1134.7678852500476,1144.1922756602498,1102.5038869799398,1124.2376708984375,201421
2015-05-08,1133.8063239825174,1148.0870671804155,1126.882362853563,1140.4898681640625,80236
2015-05-11,1140.6340534662977,1237.5702061102825,1139.5762424578438,1202.66162109375,438636
2015-05-12,1200.3536789396162,1201.1230601219097,1171.9844793610764,1191.458251953125,129070
2015-05-13,1196.0264256748,1221.1260539896152,1168.0900411525338,1188.2369384765625,446265
2015-05-14,1188.7173506720983,1206.8447622741637,1167.5126495672089,1199.728515625,383250
2015-05-15,1200.209604538298,1213.62482406018,1179.966449383392,1200.8345947265625,184809
2015-05-18,1206.3158721645575,1227.0878690399998,1198.141697488351,1223.5777587890625,158100
2015-05-19,1229.396355470783,1245.3600202834532,1204.0082976022263,1226.030517578125,223496
2015-05-20,1230.3578577563424,1266.5646754041493,1224.587850717364,1256.4671630859375,195341
2015-05-21,1269.4017006150443,1281.903384030193,1239.8304109984442,1246.94677734375,237550
2015-05-22,1250.119993148718,1267.526274011781,1236.8009177727824,1258.9674072265625,117761
2015-05-25,1252.1876434627322,1258.91931819477,1222.0875111669884,1228.0498046875,110271
2015-05-26,1234.877506272761,1235.1660535476456,1182.8513056566478,1192.51611328125,223883
2015-05-27,1182.8512982874736,1191.0254739260454,1174.196288787809,1179.822021484375,149441
2015-05-28,1182.4185364115915,1203.046261077962,1145.6347478534526,1175.3983154296875,438239
2015-05-29,1173.234813318152,1190.9775387434502,1157.8481272418485,1166.0704345703125,417282
2015-06-01,1166.2142756616631,1185.73617530148,1157.8478143252082,1178.37939453125,181381
2015-06-02,1177.0813847931338,1177.0813847931338,1155.2515727342063,1160.7330322265625,112464
2015-06-03,1161.7428688237706,1174.1964202640736,1105.918004343722,1166.310791015625,277102
2015-06-04,1165.3009210883172,1178.0430190494644,1144.1923604789265,1167.3685302734375,152960
2015-06-05,1177.418108064523,1177.418108064523,1144.3848381066407,1149.9144287109375,90148
2015-06-08,1156.0206970381282,1173.0422854439396,1149.914130735727,1164.291015625,111351
2015-06-09,1167.4646656974232,1167.4646656974232,1120.8719094800183,1127.0264892578125,251965
2015-06-10,1119.3813237646457,1169.3880495685646,1119.3813237646457,1157.9923095703125,134566
2015-06-11,1168.4263397147963,1183.1399035417132,1155.1552775418486,1172.513427734375,297957
2015-06-12,1167.464882110232,1171.1192672479092,1126.1131605857345,1133.181396484375,129271
2015-06-15,1111.6878710237454,1202.0846356225622,1110.7262033152474,1140.2974853515625,111299
2015-06-16,1128.0361634651897,1168.4262051237895,1128.0361634651897,1146.6444091796875,200631
2015-06-17,1154.914840684103,1160.540690950437,1135.393055738343,1142.3170166015625,174430
2015-06-18,1144.4327246878372,1157.3671086506838,1136.691252534365,1143.8076171875,185924
2015-06-19,1148.616018215847,1210.7397332339883,1147.6543504372655,1204.9697265625,453935
2015-06-22,1207.8546931233989,1254.8802695424868,1194.3432142892718,1248.581298828125,409342
2015-06-23,1250.1680996472662,1256.4189401455026,1219.3947310405645,1226.84765625,265053
2015-06-24,1229.4922865787405,1245.0712580365207,1218.52925014237,1234.82958984375,113545
2015-06-25,1235.743124033704,1259.688675751952,1229.876973927015,1251.2259521484375,295158
2015-06-26,1248.5815435836853,1274.210017604672,1243.7251909323836,1259.352294921875,283454
2015-06-29,1248.2446569683907,1253.2452819813257,1217.615564634246,1234.06005859375,163259
2015-06-30,1234.059985207224,1275.171276356734,1230.8384221275228,1265.5064697265625,273137
2015-07-01,1264.400980807666,1305.848843128798,1256.899924356216,1279.69140625,402115
2015-07-02,1280.9417131971736,1303.4447667721022,1265.555025951562,1268.968994140625,153699
2015-07-03,1265.5548258586414,1283.826514073926,1240.6476063395887,1251.2259521484375,143567
2015-07-06,1240.5515589918173,1270.3632631226285,1233.2429066186123,1249.4951171875,294876
2015-07-07,1253.0528441254755,1272.2861955318529,1245.407633897865,1253.389404296875,135604
2015-07-08,1236.7047378384418,1282.8647902616497,1231.5117084626145,1263.6795654296875,336702
2015-07-09,1266.5165200648803,1296.3282225113585,1265.5548522440265,1273.055908203125,310982
2015-07-10,1272.286354587622,1284.4033440102412,1259.7846746105704,1277.6236572265625,158863
2015-07-13,1277.0948696164985,1295.3665582631202,1271.32486267546,1286.7115478515625,175378
2015-07-14,1293.8756799419095,1303.8290339338448,1284.739837357247,1297.48193359375,144436
2015-07-15,1300.17475606303,1325.8993675457862,1288.6347434352515,1311.330078125,211459
2015-07-16,1312.5804279395245,1330.852116476974,1309.262603533596,1317.1002197265625,104971
2015-07-17,1316.523159325401,1328.7362928827968,1301.7134523894697,1307.2430419921875,107946
2015-07-20,1316.9077950197973,1317.4847721717297,1292.0967209669932,1298.6361083984375,80054
2015-07-21,1298.2514269073226,1312.2917521941786,1288.2500591033022,1293.154541015625,100383
2015-07-22,1288.634798147374,1317.3886876439535,1274.209781750202,1314.7921142578125,103101
2015-07-23,1314.599820117152,1344.4115205002038,1304.02147481994,1326.861083984375,818251
2015-07-24,1338.6416224986806,1350.566327096859,1317.677216799089,1326.236083984375,286276
2015-07-27,1329.746153608917,1331.621358866936,1300.8479891938316,1307.4835205078125,239786
2015-07-28,1314.7922861073373,1314.7922861073373,1263.631601554859,1280.653076171875,118691
2015-07-29,1271.3244688812406,1291.5194869194447,1264.592796201839,1273.7286376953125,197121
2015-07-30,1289.0381011584038,1300.0972806430684,1274.98489397799,1282.9049072265625,172360
2015-07-31,1283.6289992424522,1321.2975703263166,1283.6289992424522,1313.42578125,210203
2015-08-03,1338.683032960845,1338.683032960845,1308.741348962442,1331.6322021484375,197974
2015-08-04,1334.8197614127778,1340.6149268024135,1305.650809446121,1321.8289794921875,162803
2015-08-05,1333.5155310724156,1340.711145759521,1317.482267850141,1326.9959716796875,132363
2015-08-06,1333.612569532103,1392.7715555062773,1332.9365139964366,1382.3885498046875,457090
2015-08-07,1383.1125956528222,1413.8752369964989,1382.1950751003951,1387.8453369140625,325877
2015-08-10,1386.975808781277,1406.2930206027434,1386.975808781277,1396.248046875,200671
2015-08-11,1405.3272616326913,1425.803460482944,1349.9833986010428,1379.20068359375,378403
2015-08-12,1371.5221947044356,1371.5221947044356,1294.301678860941,1316.564697265625,226751
2015-08-13,1323.2295005888232,1337.7174148288468,1284.2570348637491,1291.1146240234375,168700
2015-08-14,1295.2192619188809,1328.058527321746,1293.480665412854,1306.2783203125,168265
2015-08-17,1321.2978316787592,1335.5926214633655,1287.879065072153,1327.527587890625,93833
2015-08-18,1333.853800755368,1339.6006255091074,1294.2535068879022,1306.664794921875,123985
2015-08-19,1308.7413280185626,1352.0119371688334,1283.3391429039698,1329.265869140625,347458
2015-08-20,1337.669011913121,1351.1910645699247,1289.4243069166307,1292.5150146484375,239263
2015-08-21,1291.355769051419,1291.355769051419,1238.7647005619883,1257.888671875,231773
2015-08-24,1207.325918079165,1228.961222111728,1154.2035776836815,1210.5133056640625,328925
2015-08-25,1213.0246818214068,1263.249446713932,1189.940583607524,1235.722412109375,298534
2015-08-26,1231.4724318411118,1253.1077357928657,1202.7380750981524,1210.5615234375,181639
2015-08-27,1254.652908613968,1287.4921687316546,1213.7003959454487,1255.763671875,414799
2015-08-28,1261.4142814129118,1313.570767780674,1259.4342194914796,1296.90966796875,226525
2015-08-31,1301.014556170289,1328.2517847953084,1262.3801224310082,1294.4466552734375,208370
2015-09-01,1285.5606279769684,1301.980260340311,1241.469062197174,1266.0985107421875,126534
2015-09-02,1273.6324245898718,1299.0828342300747,1260.448400498325,1265.422607421875,168729
2015-09-03,1273.4874992449734,1296.5232563674529,1270.106986353538,1280.489990234375,95433
2015-09-04,1286.5266646820708,1291.2110662694324,1220.4617583205122,1267.7889404296875,127509
2015-09-07,1270.3484080740636,1279.427523109427,1207.3259913268046,1217.419189453125,122741
2015-09-08,1218.529865697741,1278.7995984499858,1199.6473592871537,1269.1409912109375,180292
2015-09-09,1281.6971912821043,1322.987737572466,1281.6971912821043,1306.8095703125,182975
2015-09-10,1285.5605095861083,1371.5221063953973,1270.2516420495303,1362.4913330078125,309451
2015-09-11,1376.06185394901,1384.2716708644564,1313.570706471431,1324.533203125,238000
2015-09-14,1332.8878292870384,1337.4756678298745,1308.2100400691418,1320.95947265625,139241
2015-09-15,1327.092935414757,1335.3510936369228,1306.56839038014,1320.3802490234375,137718
2015-09-16,1328.0585800449692,1328.251705040895,1284.8363098944146,1290.534912109375,99528
2015-09-18,1301.0144357155284,1329.0243975831977,1301.0144357155284,1323.5672607421875,179322
2015-09-21,1317.4342145992057,1323.229379766064,1304.9263636085768,1317.1444091796875,102645
2015-09-22,1318.5929084400682,1356.9858691675431,1311.059266133405,1327.092529296875,181094
2015-09-23,1310.673073308233,1335.7854534895257,1305.3608390391134,1322.8428955078125,118053
2015-09-24,1331.9218841858112,1373.4538936274284,1319.8486256272015,1360.946044921875,177258
2015-09-28,1369.590577983383,1375.3857426292927,1347.0377524836354,1354.957763671875,147381
2015-09-29,1352.205151343371,1405.3274965747175,1345.685590792251,1391.2259521484375,385820
2015-09-30,1381.181047228832,1405.327569033532,1363.5057461066162,1392.385009765625,312679
2015-10-01,1393.8820298322155,1424.693012772138,1375.0477443304264,1395.041015625,162812
2015-10-05,1400.4980943975172,1452.509672460592,1398.952740770491,1428.556396484375,285834
2015-10-06,1434.3518484556294,1462.2169132339131,1423.679037815575,1447.8255615234375,245563
2015-10-07,1439.1326176802563,1464.1484364272312,1420.78126215279,1429.1842041015625,193207
2015-10-08,1434.30325002413,1439.180894096157,1384.1268299538167,1398.6629638671875,127999
2015-10-09,1405.327407568653,1424.6929629921951,1394.6063766997452,1404.9893798828125,117199
2015-10-12,1414.020364200671,1419.815529627723,1388.4250502311918,1405.85888671875,111447
2015-10-13,1406.196787271836,1422.616421163416,1390.8395766985366,1403.0093994140625,117775
2015-10-14,1395.6688529921944,1408.7079737640936,1388.6663622072854,1392.046875,53177
2015-10-15,1400.4982590291645,1408.225145975532,1388.9079286096126,1392.5782470703125,61684
2015-10-16,1406.7279631520723,1406.7279631520723,1384.7546291999104,1390.839599609375,82852
2015-10-19,1395.6689994404253,1399.097852793999,1369.5907551602236,1376.9312744140625,167016
2015-10-20,1384.8993816885122,1384.8993816885122,1355.2957267856154,1362.3948974609375,199443
2015-10-21,1357.0343316692197,1370.5563819491974,1332.887813312116,1335.8819580078125,227192
2015-10-23,1362.249932661642,1373.212427847416,1337.7170477008412,1358.0001220703125,329820
2015-10-26,1353.3158711755798,1385.8171103801683,1353.3158711755798,1371.90869140625,206156
2015-10-27,1371.5223987323484,1371.5223987323484,1321.2976348351074,1332.2601318359375,257255
2015-10-28,1325.1609064448423,1329.0726895178918,1288.8927892858585,1298.454833984375,345836
2015-10-29,1285.0777352475898,1291.3074899596609,1257.1161135358411,1274.0186767578125,309069
2015-10-30,1274.9362063476003,1298.1168646448295,1260.9312252930245,1267.9337158203125,166319
2015-11-02,1271.5558602120016,1303.670734767299,1256.6333566399644,1295.94384765625,246234
2015-11-03,1299.0828658723813,1313.136188645782,1293.384263177558,1302.46337890625,195631
2015-11-04,1310.6729714734693,1323.229160588543,1310.5280687877118,1319.4622802734375,280779
2015-11-05,1327.092637847545,1327.092637847545,1287.2992230878117,1298.26171875,203743
2015-11-06,1290.3902239260356,1312.6050256852411,1289.4243629799832,1299.9039306640625,135338
2015-11-09,1290.3902531077156,1290.3902531077156,1256.923146989564,1278.94482421875,239119
2015-11-10,1289.1828029490969,1289.1828029490969,1225.9189156344942,1229.4925537109375,487049
2015-11-13,1226.5467453036692,1226.5467453036692,1197.8606066548462,1206.3602294921875,139225
2015-11-16,1202.4966465483417,1242.917895785466,1171.5891022193882,1235.9154052734375,285736
2015-11-17,1246.9263806112413,1284.5949544639434,1241.1312154031332,1276.240234375,271560
2015-11-18,1279.765508323572,1299.3241887338002,1253.2043373961017,1259.192626953125,181288
2015-11-19,1262.3802400617533,1275.950633338362,1246.0571667053082,1274.1636962890625,148355
2015-11-20,1281.6971960401445,1294.1084829110414,1272.7146440386036,1286.2366943359375,136181
2015-11-23,1286.526403557532,1311.5422183183998,1286.526403557532,1303.1875,229252
2015-11-24,1308.741544790812,1313.5708493841362,1275.0813153559325,1283.33935546875,158839
2015-11-26,1280.1518136594093,1301.0143814970409,1261.6072172125776,1292.8045654296875,185307
2015-11-27,1289.4240609620383,1302.9461110395428,1284.4016323801332,1286.8162841796875,88153
2015-11-30,1284.5948063577346,1289.230985150872,1260.544849936317,1279.8138427734375,373088
2015-12-01,1266.243555894809,1302.8979274569065,1266.243555894809,1294.6881103515625,201618
2015-12-02,1301.0145571073756,1339.6489908744838,1301.0145571073756,1332.2601318359375,250437
2015-12-03,1340.6148794525968,1346.0236767112992,1300.8696813118693,1314.1986083984375,228062
2015-12-04,1303.8636406698497,1328.0584990315565,1303.0910228303471,1315.6954345703125,189838
2015-12-07,1323.519150381662,1342.2085339727284,1319.2209989208393,1323.808837890625,135849
2015-12-08,1316.468165408212,1324.7263217507743,1294.2533687799005,1301.30419921875,150588
2015-12-09,1303.912257864584,1330.6665585129235,1299.469321159116,1314.874755859375,205079
2015-12-10,1328.058577104584,1355.2958040338488,1299.9037116893812,1345.975341796875,281558
2015-12-11,1352.205233322088,1366.6931465362534,1318.4966649965424,1333.998779296875,338710
2015-12-14,1331.922121837511,1361.7672459001717,1317.4342089821355,1352.2535400390625,142947
2015-12-15,1363.7956114845092,1366.6931942284564,1328.058757642493,1344.5267333984375,163136
2015-12-16,1347.37594376792,1357.0345526838191,1326.175344358698,1330.76318359375,106199
2015-12-17,1342.546456477255,1383.1126083995896,1342.401553782662,1375.8203125,232468
2015-12-18,1375.8688827759458,1403.733946782641,1363.3610310027968,1396.538330078125,334044
2015-12-21,1396.5380418479845,1407.6936624479492,1383.7403872784826,1400.44970703125,157640
2015-12-22,1400.4980674410604,1412.5229864451612,1384.078434926234,1399.966796875,153141
2015-12-23,1410.1566171287593,1410.2531796178423,1374.7095767223743,1380.9393310546875,195097
2015-12-24,1389.6322783102923,1395.6689085375308,1379.5873020315807,1387.797119140625,63405
2015-12-28,1398.5661447438165,1402.4295871326117,1388.5211709523685,1393.1090087890625,75240
2015-12-29,1397.600674332188,1420.926237847207,1393.9786960815,1410.011962890625,144460
2015-12-30,1419.7670419684798,1419.7670419684798,1406.2933309111013,1412.2333984375,144226
2015-12-31,1412.7161526825228,1420.2015729816649,1399.242325402318,1416.3863525390625,223953
2016-01-01,1408.7077945752585,1429.473799089052,1399.5321181621866,1410.9293212890625,107024
2016-01-04,1400.8847761556542,1419.8156276098623,1395.669103330783,1400.594970703125,121226
2016-01-05,1401.4637720084004,1446.5694161999538,1383.4987878981783,1418.3663330078125,667535
2016-01-06,1405.3274996357643,1429.4740202480627,1395.7654538927077,1405.66552734375,233987
2016-01-07,1382.1467766454628,1400.4981314716429,1333.081001843768,1348.969482421875,184861
2016-01-08,1352.253601531677,1369.6390977487188,1339.214479368896,1356.5999755859375,168754
2016-01-11,1357.0345040488128,1360.99450998182,1308.7414612001005,1314.3917236328125,189400
2016-01-12,1313.9086460928072,1326.513176026232,1304.8778716718143,1314.9710693359375,117095
2016-01-13,1317.820638483815,1348.1969166954807,1285.367735751923,1318.7381591796875,165141
2016-01-14,1309.127675644032,1347.0859321312098,1292.4182376161832,1329.797119140625,114952
2016-01-15,1331.5357387394547,1350.7563931557947,1312.6048897380945,1317.6756591796875,121314
2016-01-18,1310.0452971055715,1335.0611158760216,1297.1994189660493,1304.0086669921875,170876
2016-01-19,1318.9793473426062,1371.5221929634806,1302.9944235114372,1360.414794921875,150741
2016-01-20,1360.8977621431354,1386.0101410045418,1299.179238207018,1312.89453125,477896
2016-01-21,1331.922081773412,1338.1518369526584,1312.7014277161825,1321.1527099609375,189511
2016-01-22,1329.9903156886314,1362.8295827426718,1324.2434911153462,1354.28173828125,159715
2016-01-25,1358.9661035191657,1380.1184779647615,1353.12259869894,1372.584716796875,113996
2016-01-27,1396.6347561540274,1396.6347561540274,1340.421703171242,1344.478271484375,228839
2016-01-28,1351.23944689636,1376.0138034382728,1333.3226794064271,1361.236083984375,186359
2016-01-29,1371.4258258386142,1435.0277383652822,1367.658944994272,1422.7130126953125,318543
2016-02-01,1431.4055881383242,1455.7452311398322,1419.815259489431,1447.2457275390625,216940
2016-02-02,1455.455572583775,1472.9376283959557,1375.965186526221,1385.3341064453125,282208
2016-02-03,1371.473835561052,1446.7144066708163,1361.911909080575,1433.8685302734375,290952
2016-02-04,1458.449725435146,1458.449725435146,1363.7953723936598,1373.4056396484375,239809
2016-02-05,1385.0443975597843,1411.0742991533095,1366.789604722657,1406.2449951171875,127527
2016-02-08,1398.5665444871809,1420.7813445722672,1384.0786313882115,1403.975341796875,104129
2016-02-09,1386.0102441423344,1404.1684742929667,1371.6188946818036,1386.203369140625,94810
2016-02-10,1376.351407781995,1406.872580331877,1373.1640205185993,1397.600341796875,214115
2016-02-11,1381.1810799944883,1410.0603443385978,1365.5824029580183,1374.2269287109375,92229
2016-02-12,1376.448093700075,1384.0784169975334,1294.2533696976238,1356.6962890625,362415
2016-02-15,1376.3518636679248,1420.9745927182948,1337.7174253895269,1395.28271484375,295431
2016-02-16,1392.288542961089,1405.3276656319003,1364.761506211598,1375.5791015625,127262
2016-02-17,1371.570607941932,1384.6579503888536,1323.2292301465754,1373.2608642578125,178587
2016-02-18,1381.1806689254954,1403.3471227096757,1371.5220628490931,1381.0841064453125,163690
2016-02-19,1376.834707332849,1390.3084196717025,1366.6931679242236,1379.9254150390625,116095
2016-02-22,1377.3176629274567,1400.4017623453287,1358.9663055672731,1379.345947265625,91313
2016-02-23,1376.3513134757131,1396.5860452740726,1371.570350811116,1388.18310546875,108844
2016-02-24,1388.183415849124,1410.1567487491536,1376.2550587125509,1389.53564453125,175968
2016-02-25,1384.0785043019075,1407.838656021969,1384.0785043019075,1395.3790283203125,151914
2016-02-26,1400.4982224617384,1405.3275266771236,1377.365902431217,1384.6580810546875,81389
2016-02-29,1390.7429261947666,1432.8544315772892,1368.2383234179913,1413.875244140625,251871
2016-03-01,1428.508051406507,1447.8252664356692,1424.8377333897972,1446.086669921875,255374
2016-03-02,1458.44983210391,1492.1583981616,1439.3740809886438,1446.714599609375,370595
2016-03-03,1438.1667462641171,1449.129242878358,1369.8804341500222,1380.02197265625,462370
2016-03-04,1386.0101610703127,1387.9418825491564,1332.8878204021123,1361.960205078125,345879
2016-03-08,1361.8637280786245,1364.712970277617,1344.0918657770123,1359.9803466796875,185424
2016-03-09,1357.2275006440116,1357.2275006440116,1329.845371520158,1346.5064697265625,431486
2016-03-10,1352.1087190501855,1376.351804446157,1342.5950126140765,1356.1170654296875,296303
2016-03-11,1356.0686554889105,1375.289310297581,1353.1710728917117,1366.5,198719
2016-03-14,1376.351753355395,1377.6556419621963,1350.853002554749,1360.221923828125,117752
2016-03-15,1360.221917669286,1360.801410613803,1303.912181485443,1307.96875,190320
2016-03-16,1309.2244268080767,1321.297687844669,1278.799808995864,1313.57080078125,284410
2016-03-17,1327.9621995710386,1343.8989047160255,1320.5733399686833,1335.6890869140625,206801
2016-03-18,1332.2119520323529,1352.7364956258511,1308.5965828971289,1348.7281494140625,256494
2016-03-21,1352.2049052872742,1366.6928149867806,1332.5013245153632,1353.4605712890625,399776
2016-03-22,1359.8628257519902,1378.3900718606724,1339.1044997914555,1348.22265625,287944
2016-03-23,1340.5597269427058,1368.981192540708,1340.5597269427058,1350.4053955078125,188225
2016-03-28,1356.4677996951104,1364.2279128301968,1326.057880028976,1333.8179931640625,128023
2016-03-29,1319.219403778943,1326.8339920967076,1288.566976608421,1296.7635498046875,229900
2016-03-30,1300.983052248857,1309.4706768548904,1265.8685840998712,1281.2432861328125,285966
2016-03-31,1275.5684492745663,1306.6088982302974,1253.258126587635,1289.439697265625,490746
2016-04-01,1296.9089880022782,1312.42921523342,1284.2988033769757,1308.5006103515625,192858
2016-04-04,1315.3390722800293,1323.923673074209,1300.3038542709287,1313.738525390625,145809
2016-04-05,1312.137847120896,1326.9791081949345,1300.3037240755184,1306.851318359375,124200
2016-04-06,1301.7588339808494,1315.7270597562188,1295.2112392495746,1308.6944580078125,71835
2016-04-07,1309.5188483051288,1330.956133176883,1306.0268217249632,1313.8839111328125,108498
2016-04-08,1309.9072603633754,1338.6196583385026,1302.729131267108,1329.550048828125,413123
2016-04-11,1317.279324281417,1340.9476951743525,1305.7361312629423,1312.332275390625,220906
2016-04-12,1309.5188923316773,1317.7640112833951,1305.250807074688,1308.7913818359375,153608
2016-04-13,1309.6161759026595,1322.1293830337563,1300.4495888794977,1307.6761474609375,189753
2016-04-18,1310.2465606272997,1325.0392758222406,1296.9088665990744,1320.5286865234375,274622
2016-04-20,1327.464600798652,1349.726382143717,1322.8570327651892,1344.827880859375,309626
2016-04-21,1359.426366376552,1359.426366376552,1325.2333654957831,1334.9820556640625,311154
2016-04-22,1328.9193404904902,1348.319622833417,1315.3391428504417,1317.61865234375,193174
2016-04-25,1315.3393451452698,1327.949530607577,1280.4673796346367,1285.4144287109375,235523
2016-04-26,1279.4487061679636,1289.9733363615812,1266.0140334280957,1286.287353515625,239769
2016-04-27,1290.0218591195678,1298.8489643213186,1270.7671016650509,1277.314697265625,231338
2016-04-28,1285.2686913335797,1285.2686913335797,1256.1682681335742,1273.7740478515625,409825
2016-04-29,1274.6955573569687,1284.5412245573666,1257.3322805735463,1272.8040771484375,181374
2016-05-02,1263.928472620206,1275.9081240240669,1254.2768789231118,1267.3720703125,138461
2016-05-03,1274.5985241378478,1284.2986651130218,1251.366733866276,1255.1982421875,271266
2016-05-04,1246.4681644199682,1270.718517813353,1241.6180937412914,1267.468994140625,214814
2016-05-05,1272.6586237918386,1274.1621931580062,1253.5978211788229,1262.7645263671875,115007
2016-05-06,1257.7689068265458,1296.8604071303914,1249.766289862876,1292.640869140625,214154
2016-05-09,1301.8560059155657,1304.6690707165696,1288.1788296740554,1296.4239501953125,240658
2016-05-10,1302.7289974321134,1304.6690257231517,1257.138332592717,1261.9884033203125,395379
2016-05-11,1255.1499887402797,1283.2319745010532,1251.3184795196848,1280.7099609375,270580
2016-05-12,1285.268853730579,1288.7608812738213,1270.8156180330543,1282.9407958984375,149049
2016-05-13,1292.0591227760478,1292.0591227760478,1272.1252803872549,1283.862548828125,110336
2016-05-16,1290.119036383467,1305.9787467201756,1285.9479274732844,1303.5537109375,259988
2016-05-17,1306.6090153140929,1323.0992552994971,1292.8832918795504,1298.0244140625,215961
2016-05-18,1294.968790358168,1317.6671433992392,1288.1786918319451,1316.16357421875,149865
2016-05-19,1318.2493345735652,1323.972442195203,1271.6886516747195,1281.3887939453125,102928
2016-05-20,1278.0419612064914,1302.728769527164,1273.191891327388,1289.342529296875,175391
2016-05-23,1294.9688957003234,1322.4203436248345,1294.823369895225,1317.8612060546875,192837
2016-05-24,1328.8710013407856,1328.8710013407856,1300.789135598444,1319.8013916015625,152475
2016-05-25,1326.8823187860264,1328.822346997305,1282.8436547080155,1299.721923828125,362778
2016-05-26,1308.549134546986,1316.1152925480735,1297.248445618541,1305.5421142578125,168898
2016-05-27,1299.3338739968494,1316.697149895739,1295.938824680695,1307.77294921875,112823
2016-05-30,1308.3066279539914,1364.2279692274872,1307.7730727899254,1357.098388671875,338648
2016-05-31,1362.869794101412,1362.869794101412,1305.881466412118,1328.0462646484375,519143
2016-06-01,1334.7396626059185,1375.4802627726688,1328.0465403251055,1371.066650390625,281108
2016-06-02,1367.7199053436814,1371.5999618127414,1349.435162915221,1359.3778076171875,149565
2016-06-03,1361.1723108218348,1366.7013439294012,1319.3161779561956,1325.5242919921875,223031
2016-06-06,1324.069484920186,1324.069484920186,1302.4381192311378,1313.4478759765625,112677
2016-06-07,1314.3691172290123,1321.8381785016943,1302.1953928014084,1309.1795654296875,156744
2016-06-08,1312.4293246286177,1337.1646888400217,1307.5792532146168,1319.9954833984375,270174
2016-06-09,1326.0092353390355,1352.5876445720728,1312.089557099209,1346.9130859375,216724
2016-06-10,1347.2526063070918,1347.2526063070918,1300.255352146308,1314.66015625,301458
2016-06-13,1310.7318504062378,1312.8658345470817,1273.7257804019548,1279.1578369140625,219740
2016-06-14,1280.4185988865331,1288.1787116070575,1270.0879251453505,1285.9476318359375,164119
2016-06-15,1292.058902815561,1297.200025393441,1275.5686615634104,1282.6982421875,239179
2016-06-16,1280.4188255278566,1286.820895973507,1263.9771311549423,1268.390625,263697
2016-06-17,1279.448762517404,1280.612732223194,1251.3183499980676,1256.119873046875,335605
2016-06-20,1241.6180642083905,1265.8684170249603,1241.6180642083905,1261.06689453125,120646
2016-06-21,1269.7483919906483,1278.33299265482,1263.9283076881702,1268.0023193359375,114652
2016-06-22,1272.4646267514468,1272.4646267514468,1252.530788332121,1267.177978515625,101446
2016-06-23,1265.8685634044791,1268.6816283384771,1254.2769407817243,1264.0255126953125,119245
2016-06-24,1250.2513178581105,1270.6700455881653,1229.83247171812,1266.8870849609375,139827
2016-06-27,1252.5793661781684,1273.6771747309515,1252.5793661781684,1263.782958984375,174336
2016-06-28,1265.1894305921944,1286.190141006394,1264.1708684291837,1279.5941162109375,231423
2016-06-29,1285.2688604067428,1285.9963710824447,1270.9126023755816,1276.2476806640625,129610
2016-06-30,1276.5385959325115,1285.1717453772626,1268.0509722893432,1276.0535888671875,239072
2016-07-01,1276.5385945882238,1298.8489195696288,1275.132121464237,1289.9732666015625,194781
2016-07-04,1294.9688691173649,1307.579052861579,1290.1673465171932,1303.2139892578125,113802
2016-07-05,1302.6805768850502,1309.519224644392,1290.6524950310843,1304.960205078125,99081
2016-07-07,1272.7557115136185,1323.4875056581243,1272.7557115136185,1316.5518798828125,142705
2016-07-08,1326.009405258663,1347.5922211087036,1322.42040009926,1329.1134033203125,232027
2016-07-11,1333.769572973034,1338.668192223202,1316.2123390035226,1321.11083984375,143710
2016-07-12,1322.5174951167205,1340.5597370711446,1317.764401455246,1337.358642578125,135544
2016-07-13,1340.559752452508,1354.139952549711,1333.7696524039063,1349.2413330078125,188248
2016-07-14,1348.3196587516877,1348.3196587516877,1326.9793476059776,1329.6954345703125,120880
2016-07-15,1335.4183986559854,1342.4025714026343,1327.5128782643933,1338.0859375,158804
2016-07-18,1334.7394131767812,1341.5295119356747,1318.3461510626105,1320.8681640625,90889
2016-07-19,1326.9797280836972,1326.9797280836972,1291.574201713043,1301.1773681640625,252487
2016-07-20,1301.7590004487522,1302.8745404127922,1287.2573361460268,1293.46533203125,218106
2016-07-21,1293.7078932411716,1309.5191720903858,1288.1788596563204,1293.0289306640625,236119
2016-07-22,1299.9646491231924,1303.6506323074805,1289.7309511989004,1294.1929931640625,76202
2016-07-25,1294.9687879115424,1314.272091653032,1281.4855686101046,1312.3804931640625,125998
2016-07-26,1312.429112373155,1320.6256843732292,1306.8515311491003,1314.369140625,80600
2016-07-27,1314.3690000947167,1331.344245483394,1300.788803783775,1316.406005859375,179374
2016-07-28,1316.4062935735085,1321.9354457545082,1300.7890880846076,1307.5306396484375,374325
2016-07-29,1308.2579984085862,1324.069275954282,1301.904476958205,1321.062255859375,107074
2016-08-01,1322.6142579833818,1337.6494769043516,1322.129250921415,1332.411376953125,126523
2016-08-02,1333.672406930226,1347.2526043012897,1315.3391167973057,1320.6741943359375,147724
2016-08-03,1319.219391200481,1326.9795052663658,1296.4726042088323,1300.0130615234375,82995
2016-08-04,1300.7889133378956,1324.117799900804,1296.9088569222718,1317.76416015625,151809
2016-08-05,1326.979574041836,1326.979574041836,1302.244209174828,1321.595947265625,133991
2016-08-08,1321.59595690594,1367.7201849760268,1319.2194691967352,1363.2095947265625,221666
2016-08-09,1364.7131730752164,1399.730666411561,1342.4998214231466,1360.299560546875,268271
2016-08-10,1364.3249470803134,1368.3989592810303,1332.4114568082505,1339.0560302734375,122331
2016-08-11,1341.529300538402,1350.259426138435,1324.9420855803205,1341.1898193359375,131800
2016-08-12,1342.7905536354535,1380.330051595985,1337.8433870430458,1373.2489013671875,316873
2016-08-16,1381.8822036509414,1389.981798527307,1358.0198780472415,1369.85400390625,221890
2016-08-17,1372.4729909268196,1380.1845557542383,1361.3178286373889,1370.1934814453125,141459
2016-08-18,1370.6299083646354,1374.94642369863,1353.3636102088117,1357.7772216796875,109024
2016-08-19,1353.169782687058,1363.5488870612571,1345.458217310987,1351.084228515625,82979
2016-08-22,1354.673538549914,1362.6761566461396,1328.9196111308077,1332.605712890625,156224
2016-08-23,1333.7693980127758,1333.7693980127758,1307.6759948351223,1313.3021240234375,172803
2016-08-24,1304.6690765804597,1324.0693602470838,1304.6690765804597,1317.230712890625,165437
2016-08-25,1317.2307354728043,1323.9238571345213,1307.579141547169,1314.854248046875,165854
2016-08-26,1314.854278293587,1322.5174143315464,1303.6505666623366,1311.459228515625,100278
2016-08-29,1307.4821480857645,1316.2607054438795,1288.2758197935357,1301.080078125,116272
2016-08-30,1299.0429961788163,1309.0341900097055,1296.6179606285946,1302.0015869140625,140266
2016-08-31,1309.519129127147,1327.9493983518994,1305.5905243757925,1309.4705810546875,374014
2016-09-01,1311.459169202038,1331.8294669485192,1305.3965805870137,1316.0181884765625,409739
2016-09-02,1317.2790204458113,1336.6793005701977,1306.608866377399,1333.041748046875,212780
2016-09-06,1333.4785692958867,1365.7800918433763,1330.8595781314718,1362.7730712890625,244571
2016-09-07,1367.719887933823,1372.5214103891951,1330.859351946954,1335.4669189453125,257776
2016-09-08,1335.4670099243526,1343.954633920603,1317.2792442181012,1323.390380859375,202360
2016-09-09,1322.2749355980302,1324.7969489413008,1307.6761739147664,1312.5262451171875,129028
2016-09-12,1304.6688300495198,1309.4219223316827,1267.905275766142,1273.579833984375,206870
2016-09-14,1265.86825232655,1274.598378204664,1248.1169490104205,1255.68310546875,212815
2016-09-15,1259.5631536557762,1260.9696265635112,1234.8277971534874,1240.5509033203125,278462
2016-09-16,1245.983337893243,1280.2733188780708,1235.0706772849917,1266.3536376953125,339922
2016-09-19,1262.9583889741757,1274.1135513959905,1251.3182194905428,1261.2608642578125,139657
2016-09-20,1257.1383805121825,1271.688593249592,1251.318295417219,1258.4478759765625,163986
2016-09-21,1260.824582804009,1278.3818172320869,1259.660494645773,1272.51318359375,250010
2016-09-22,1279.1575354309934,1304.6689534080722,1279.1575354309934,1301.7589111328125,341784
2016-09-23,1304.4263858364347,1307.2394502463794,1284.2985944208513,1299.09130859375,239458
2016-09-26,1300.7889561766694,1302.6320067167728,1287.2087582747504,1296.8603515625,158922
2016-09-27,1310.4890938622143,1320.6742422601071,1295.7933560632691,1317.1336669921875,151778
2016-09-28,1320.722797090546,1329.646879797071,1306.6090440172568,1318.34619140625,210283
2016-09-29,1314.4662122908912,1325.912427158725,1287.742392257927,1295.93896484375,290220
2016-09-30,1280.51577166222,1291.0889505364298,1251.3183667858711,1274.0167236328125,259945
2016-10-03,1293.1259613063628,1309.519225665197,1272.3192031958813,1302.7291259765625,145959
2016-10-04,1303.698881421666,1322.5656073044631,1295.1142807728595,1316.45458984375,120626
2016-10-05,1321.0621128301884,1322.614111574696,1284.783564928995,1303.5048828125,250901
2016-10-06,1304.6688569756411,1308.015357980869,1292.5436817249383,1298.7032470703125,110326
2016-10-07,1299.8189518511422,1299.8189518511422,1275.5685982718298,1280.0306396484375,180271
2016-10-10,1280.3702428591914,1309.519218001649,1280.273265117624,1303.7476806640625,67070
2016-10-13,1307.0457338080546,1309.5678657403985,1289.1490171640016,1306.124267578125,228691
2016-10-14,1307.5304302179272,1316.309104995462,1281.0005688434444,1287.6451416015625,222752
2016-10-17,1294.2899473207024,1310.9741435895376,1283.0376882822582,1308.59765625,158014
2016-10-18,1308.5488970801532,1341.044366355309,1297.8787429898036,1336.8248291015625,191501
2016-10-19,1348.3194560163265,1351.6175272885646,1319.2190361023052,1324.2630615234375,147752
2016-10-20,1328.725513733435,1334.6425767391784,1309.5677330641424,1313.15673828125,99224
2016-10-21,1313.399068215489,1336.6794062045376,1313.399068215489,1329.0648193359375,113541
2016-10-24,1328.9192520792997,1331.3442872108312,1279.98209048896,1283.8135986328125,327825
2016-10-25,1290.1187522979476,1291.573773447156,1278.5271311732254,1280.806640625,122050
2016-10-26,1282.2131289520696,1293.1743357704142,1273.3860242238948,1288.90625,81388
2016-10-27,1287.9365108725667,1294.1930558604056,1275.229346987296,1291.18603515625,58572
2016-10-28,1292.592411624518,1302.2440051178437,1288.6638069266703,1299.8189697265625,61241
2016-11-01,1304.6205654731348,1310.5861765516413,1292.0589288070414,1297.68505859375,87648
2016-11-02,1281.388806358031,1285.268863303854,1261.0185073924604,1262.3280029296875,132149
2016-11-03,1260.921455745364,1260.921455745364,1238.2231002607132,1241.0845947265625,229850
2016-11-04,1246.468064075521,1256.1682046519843,1217.367642346131,1247.050048828125,126910
2016-11-07,1261.0184622582497,1274.0651059076392,1231.9665842801978,1242.1517333984375,96398
2016-11-08,1246.4197125473963,1257.1384169385092,1234.2461052503202,1240.793701171875,317694
2016-11-09,1177.597288368156,1271.6886697287089,1164.9871032373603,1257.865966796875,164165
2016-11-10,1278.478577166154,1291.0887604007214,1253.2582106970187,1265.6744384765625,124982
2016-11-11,1260.048505915311,1260.048505915311,1222.2179503104633,1227.7955322265625,202269
2016-11-15,1222.2182079990607,1222.2182079990607,1138.1180024793027,1153.8807373046875,410902
2016-11-16,1176.6274367974618,1178.5674655473338,1131.0367611754662,1136.9053955078125,302184
2016-11-17,1139.7665676178142,1164.0169201203207,1125.7013631663604,1133.7039794921875,181797
2016-11-18,1141.7068628771551,1170.5647891053586,1126.1866336451803,1160.379638671875,160168
2016-11-21,1160.1368519166365,1168.866978728718,1108.0955722937424,1113.2366943359375,280192
2016-11-22,1115.516404765113,1152.328398758384,1115.516404765113,1143.2587890625,263843
2016-11-23,1151.4069699293852,1159.1670843012766,1130.6971883813897,1154.656494140625,212501
2016-11-24,1145.6835591580164,1260.0482381755648,1137.3414620945723,1195.6392822265625,335857
2016-11-25,1182.447213624459,1187.2487361599476,1157.226846475783,1166.7330322265625,135157
2016-11-28,1171.7771979145848,1207.6191765960918,1165.9571124944794,1199.7620849609375,173989
2016-11-29,1205.7275521839854,1206.6975663048092,1182.2047097540085,1188.558349609375,269253
2016-11-30,1183.417186330985,1197.7248941165442,1153.2982015608052,1159.4578857421875,513631
2016-12-01,1157.227064947031,1184.4844432139191,1154.3170220343395,1171.001220703125,177639
2016-12-02,1173.668489277914,1191.1287427260347,1159.2153742071291,1162.0283203125,186602
2016-12-05,1173.717084212834,1176.0935714408645,1154.413779559084,1162.949951171875,269574
2016-12-06,1167.896975462464,1190.2072997445543,1162.0768908671362,1181.4771728515625,127886
2016-12-07,1184.484193930606,1195.057371303507,1181.4771739023304,1189.3828125,116776
2016-12-08,1194.0872856103322,1199.5678886291948,1182.4471171072255,1187.3941650390625,116515
2016-12-09,1188.267158023515,1193.6992127782114,1178.567017958017,1188.3641357421875,72551
2016-12-12,1187.2973766179168,1199.8105834358282,1179.0522559469591,1189.722412109375,49462
2016-12-13,1202.720405598257,1204.7574113557646,1186.1816192136666,1200.5863037109375,71030
2016-12-14,1197.9673991411298,1214.4576386434774,1193.0687806308752,1200.87744140625,111709
2016-12-15,1193.11746973641,1200.19862078256,1167.897100457429,1171.3406982421875,122873
2016-12-16,1173.7171643302277,1188.7523842038793,1156.3538867296363,1179.3917236328125,206152
2016-12-19,1176.627171365547,1176.724149099172,1155.286859931052,1159.7489013671875,163836
2016-12-20,1155.335388564863,1165.9569960316287,1141.270183537859,1144.4227294921875,225371
2016-12-21,1144.6165951274716,1157.9057404357463,1129.096370108794,1144.4710693359375,182246
2016-12-22,1149.466917188253,1149.466917188253,1120.3664889050062,1124.53759765625,143555
2016-12-23,1125.2165313964215,1125.2165313964215,1098.201658182384,1102.32421875,210102
2016-12-26,1100.9659664499611,1102.6634910678356,1078.2676135918282,1092.23583984375,129792
2016-12-27,1090.7809666907754,1110.666257768731,1084.37889665986,1106.8831787109375,122414
2016-12-28,1112.412143210828,1128.8538337476325,1110.7146186488014,1120.3662109375,150297
2016-12-29,1120.3663419279712,1129.0964692676696,1108.2411650672789,1125.3619384765625,173151
2016-12-30,1134.916490106656,1149.4667015182797,1134.4800311282768,1144.5196533203125,108026
2017-01-02,1144.6165676068572,1155.2381739846658,1135.886441243754,1153.5406494140625,65245
2017-01-03,1154.316675588144,1174.444466359954,1143.064536718175,1169.3033447265625,118476
2017-01-04,1173.7172583703575,1192.5355587567967,1171.1952449682449,1184.3388671875,167158
2017-01-05,1187.2972972535722,1193.9904184445854,1166.9270004869668,1171.049560546875,122753
2017-01-06,1173.717139467653,1182.7383185647243,1152.9103829956084,1160.6219482421875,138714
2017-01-09,1160.2341951694705,1170.7588276822266,1145.6839792320304,1154.99609375,95226
2017-01-10,1162.6106791025657,1170.2736972949986,1137.778218455365,1161.0101318359375,106111
2017-01-11,1164.1139529661768,1170.2735191114684,1156.2568620653365,1163.3380126953125,102818
2017-01-12,1164.987087066296,1180.0223075904655,1156.9844696905284,1169.837158203125,129905
2017-01-13,1169.8370389118904,1169.8370389118904,1149.4667422144196,1151.7947998046875,134476
2017-01-16,1151.7949266912815,1155.3355023321585,1138.1177496553728,1141.3187255859375,133225
2017-01-17,1136.856608746284,1147.6237423655634,1125.4589422336828,1132.103515625,175754
2017-01-18,1132.1034342771793,1144.325588275158,1125.216357837915,1139.3785400390625,129619
2017-01-19,1149.4666654458083,1159.748790838698,1136.9534603425154,1144.4710693359375,177150
2017-01-20,1146.3625463094454,1146.5079536756489,1115.5160549901038,1120.0750732421875,129650
2017-01-23,1123.0823678877298,1123.0823678877298,1103.4395824406697,1114.44921875,423831
2017-01-24,1121.1423319310245,1141.1730281498849,1111.6361464906086,1139.1845703125,112195
2017-01-25,1144.6168404783707,1189.9650076752891,1138.6997771036497,1185.2119140625,394691
2017-01-27,1188.267531110572,1202.817745777232,1185.35748817724,1195.5911865234375,251629
2017-01-30,1183.902318095191,1212.5177366808591,1183.902318095191,1202.4295654296875,197401
2017-01-31,1202.8177326213186,1208.3467667701952,1185.3574752122995,1193.1661376953125,136631
2017-02-01,1194.5724437323374,1206.697620790116,1189.237365826915,1198.258544921875,113915
2017-02-02,1198.2585684317703,1198.840553259976,1182.883748892907,1193.3114013671875,87560
2017-02-03,1193.3116707007327,1233.373312891634,1193.020737425933,1227.2137451171875,224355
2017-02-06,1242.394387779599,1246.3714228075585,1217.8044300523122,1228.9595947265625,154621
2017-02-07,1231.5300166857037,1232.6941047830533,1205.727662395274,1219.307861328125,58065
2017-02-08,1213.4876032764062,1236.767940989143,1188.5582890063188,1199.13134765625,219476
2017-02-09,1198.5495332461498,1207.4251869426182,1191.1774489379677,1203.49658203125,184922
2017-02-10,1205.2426612941126,1227.5529882235005,1183.4173414718853,1189.2374267578125,127799
2017-02-13,1184.3871542523975,1197.8218251538667,1172.5530302143345,1180.361572265625,162416
2017-02-14,1174.6871211336568,1217.3677432062257,1154.02577263001,1209.55908203125,506834
2017-02-15,1222.217984715837,1223.7215542038705,1185.9394272018064,1194.6695556640625,129756
2017-02-16,1193.1175064265703,1221.1509414384184,1183.7084157317354,1217.8043212890625,148914
2017-02-17,1222.2179474604825,1243.55826082884,1206.6977195562224,1233.8095703125,241550
2017-02-20,1241.618527798066,1255.877693214259,1213.4881080276411,1240.0665283203125,68660
2017-02-21,1238.659696844575,1254.51952517041,1229.9781163369323,1245.4013671875,201985
2017-02-22,1255.198330484535,1291.3799062310993,1253.694761163645,1286.4327392578125,517355
2017-02-23,1290.9919175988623,1303.650531815216,1275.5686681949742,1283.9107666015625,321408
2017-02-27,1280.4186896858637,1292.0588595920988,1246.4681941260112,1254.27685546875,274556
2017-02-28,1267.8084483176915,1270.7184906627208,1238.5624990681638,1262.618896484375,214423
2017-03-01,1280.1760774637585,1298.6063449173,1266.983909705313,1286.0931396484375,217624
2017-03-02,1296.9089563767466,1297.8304224821509,1272.9496535369017,1280.9522705078125,128015
2017-03-03,1246.9530376497391,1250.2511090392363,1204.7574272741938,1209.0255126953125,11491327
2017-03-06,1218.240890116191,1225.4674487359198,1202.0901295712924,1213.1483154296875,372468
2017-03-07,1207.6675440798151,1225.6128047749771,1205.824493623733,1222.36328125,182547
2017-03-08,1225.0309141722205,1225.0309141722205,1205.9701121244625,1211.4991455078125,154933
2017-03-09,1212.8570223001254,1212.9055703657348,1185.3571481506274,1188.752197265625,215058
2017-03-10,1192.9237275354233,1198.6467176285753,1166.539265449716,1169.40087890625,277582
2017-03-14,1188.1703801938102,1188.1703801938102,1156.2568903274505,1164.0655517578125,528728
2017-03-15,1164.0170662928638,1183.7568320267592,1159.7005503693367,1176.5302734375,789166
2017-03-16,1179.5371991602383,1196.027439609025,1179.5371991602383,1189.285888671875,327363
2017-03-17,1190.5955542542706,1196.0276105553387,1169.6916990983473,1179.7313232421875,257105
2017-03-20,1183.0293832804362,1188.4614395254637,1170.273671912685,1175.414794921875,162905
2017-03-21,1176.578758617656,1181.4288299560528,1149.563884944776,1158.7305908203125,276008
2017-03-22,1146.5566975602028,1150.388205996031,1140.348583468416,1148.01171875,360841
2017-03-23,1158.196569877635,1161.882669976548,1146.6049514040417,1149.660400390625,158252
2017-03-24,1144.6166422491517,1146.7991739822537,1140.7365858347475,1143.16162109375,210816
2017-03-27,1144.6168791862146,1150.824994416333,1127.6416288593005,1130.2606201171875,237568
2017-03-28,1125.2165320014578,1133.9466602669863,1116.6319295556766,1123.470458984375,449855
2017-03-29,1126.1866580201297,1134.9167871520683,1111.7819686344212,1116.9229736328125,391444
2017-03-30,1116.4860616457454,1137.050310117482,1115.467499629543,1121.0936279296875,709342
2017-03-31,1120.608993181601,1138.6997831244312,1120.608993181601,1130.212158203125,550326
2017-04-03,1134.9164815523743,1149.466692854328,1134.9164815523743,1137.632568359375,466859
2017-04-05,1145.586870734288,1146.5568850194145,1119.44503311411,1125.071044921875,570139
2017-04-06,1116.4861139150994,1123.5672634785258,1103.8759319160583,1110.8599853515625,344716
2017-04-07,1109.6960653988483,1147.4296353605653,1097.279838282167,1127.2532958984375,642531
2017-04-10,1136.66262165584,1143.5496983983908,1116.6802355552963,1139.62109375,263634
2017-04-11,1151.2612717340692,1151.3582494672085,1136.080526584955,1146.5081787109375,346748
2017-04-12,1150.4365327056394,1150.4365327056394,1127.3501535723738,1137.389892578125,300890
2017-04-13,1129.096460205111,1149.4667571675743,1129.096460205111,1140.3001708984375,326016
2017-04-17,1141.7066657940309,1144.5197305387214,1131.0365100389463,1139.815185546875,124892
2017-04-18,1135.4016386582657,1143.3072781925086,1124.7314822932583,1130.45458984375,216089
2017-04-19,1134.8681881303617,1134.8681881303617,1114.3039322399457,1116.680419921875,102906
2017-04-20,1125.167958264693,1129.0965632585635,1116.243874716316,1124.634521484375,342726
2017-04-21,1123.2761146606697,1141.7063790635648,1120.705554101443,1132.539794921875,281126
2017-04-24,1132.5402029575573,1137.7297555955763,1125.2165478896425,1127.787109375,173546
2017-04-25,1128.6116919577746,1134.9167852089354,1128.5147142051323,1132.7342529296875,154925
2017-04-26,1134.916686060812,1188.267470448286,1127.4476236105431,1180.8953857421875,931424
2017-04-27,1207.618842590152,1231.9177398624254,1198.11277674582,1208.055419921875,1353125
2017-04-28,1205.7276580396058,1220.2778711293838,1189.2859646121317,1196.27001953125,315690
2017-05-02,1197.967430989977,1204.7575297891103,1178.858200304957,1191.4683837890625,530508
2017-05-03,1185.357392589198,1198.9375918496307,1179.2948036336477,1186.5213623046875,233195
2017-05-04,1197.9676470969353,1213.7303792955793,1189.2860665730457,1206.2127685546875,283313
2017-05-05,1198.937405115638,1233.8579120607535,1198.937405115638,1227.5042724609375,597665
2017-05-08,1227.0681358144916,1234.0521916741186,1218.3865548657932,1228.814208984375,202470
2017-05-09,1227.8438468833026,1250.3481257547974,1226.3888257904923,1240.696533203125,361604
2017-05-10,1250.3481506946152,1269.7969803870767,1236.7679535575132,1265.4803466796875,363003
2017-05-11,1265.771624147976,1290.118958249493,1262.6675074881769,1281.0977783203125,538718
2017-05-12,1270.718563583325,1279.933698204731,1254.9558333098678,1269.9425048828125,144887
2017-05-15,1270.6217886319353,1274.7927791855402,1256.6535586629925,1267.1297607421875,242767
2017-05-16,1258.3993241130952,1285.2686669949835,1258.1082725226368,1270.4759521484375,283881
2017-05-17,1262.2796522573951,1274.7443122939028,1232.742645862925,1241.812255859375,344774
2017-05-18,1221.2476658117632,1233.3242931414873,1208.7344611218596,1209.0255126953125,7857139
2017-05-19,1213.4876034257904,1232.499855544882,1208.7345107935375,1223.187744140625,233895
2017-05-22,1223.1879021214995,1234.7310947449985,1220.277859531203,1223.2364501953125,145220
2017-05-23,1214.943016105078,1225.5646262471626,1184.9211182806764,1195.2032470703125,448902
2017-05-24,1190.207332173612,1199.228510906136,1174.4446026317855,1181.865234375,321204
2017-05-25,1178.5672576277614,1193.7964332635856,1163.968496496463,1169.109619140625,556828
2017-05-26,1178.5672919943793,1195.9790000964929,1160.428073218195,1180.8468017578125,272742
2017-05-29,1189.2372944941012,1199.131391015808,1169.837012365323,1176.6756591796875,153830
2017-05-30,1182.447259086134,1208.104086211766,1151.6978576289166,1171.4376220703125,524881
2017-05-31,1168.8671167205289,1179.0037177961633,1147.5268042160874,1174.7841796875,770125
2017-06-01,1166.9267887827573,1237.4953040645075,1165.0837385848265,1215.7669677734375,802199
2017-06-02,1226.970606297422,1231.1415950232004,1206.7458401560707,1226.1461181640625,314510
2017-06-05,1227.0680620176183,1239.6296995572986,1222.557471941651,1232.839599609375,312837
2017-06-06,1240.648079605556,1272.1735390169558,1221.635826227128,1267.468994140625,614066
2017-06-07,1267.4690008785724,1299.77040072432,1254.8102689759596,1268.6815185546875,717411
2017-06-08,1269.2633799737323,1294.8232264196113,1269.2633799737323,1286.7236328125,384073
2017-06-09,1270.1365070822278,1317.2791694344965,1269.990981282853,1311.944091796875,509041
2017-06-12,1311.9440991036042,1317.2306287009014,1295.4053109708968,1301.12841796875,424218
2017-06-13,1302.5350682845367,1311.7502028531585,1282.261748551582,1288.663818359375,197245
2017-06-14,1298.655034337188,1301.3225733379172,1273.7741468847628,1286.287353515625,323787
2017-06-15,1280.4188103866716,1289.779471583987,1256.21700220584,1262.1824951171875,210713
2017-06-16,1276.732623069665,1276.732623069665,1243.17015594706,1250.2027587890625,292538
2017-06-19,1258.0599595149092,1258.0599595149092,1222.2179796194132,1226.2919921875,210848
2017-06-20,1227.0679997917694,1245.0132630298308,1222.4118841281884,1228.280517578125,253281
2017-06-21,1234.3916082357352,1246.419689496793,1213.4877550198994,1235.6041259765625,217518
2017-06-22,1245.498235340879,1262.958490976499,1241.181719506048,1249.7177734375,234540
2017-06-23,1246.2743155858334,1249.6693653513817,1232.209109414276,1241.666748046875,140512
2017-06-27,1251.2214188609746,1251.2214188609746,1227.6985730333208,1241.230224609375,296958
2017-06-28,1240.6481981059617,1246.565261217129,1223.6244010338075,1238.07763671875,194333
2017-06-29,1236.7680327068454,1267.808485292429,1236.7680327068454,1240.5025634765625,793401
2017-06-30,1241.812028014193,1265.8684255339035,1229.0078890049472,1236.33154296875,205845
2017-07-03,1228.0378972689523,1254.131301232561,1228.0378972689523,1243.41259765625,117759
2017-07-04,1244.528111903352,1248.4081683707047,1226.825354271056,1234.43994140625,78102
2017-07-05,1229.977967218137,1243.4611878593762,1225.0793482970255,1236.76806640625,237722
2017-07-06,1236.768207205164,1245.7408392966522,1216.3979073217847,1221.1510009765625,199784
2017-07-07,1216.7855957456882,1229.4927555729805,1203.9813397896312,1210.189453125,140507
2017-07-10,1204.7576480275457,1222.217903796061,1202.9145973477705,1211.4022216796875,47879
2017-07-11,1213.4877639919987,1220.0353598408765,1194.3299835452824,1197.28857421875,215421
2017-07-12,1197.3854921325842,1212.1296598694294,1189.2373495790937,1193.94189453125,127282
2017-07-13,1201.07160665946,1215.4278650390625,1194.0875513671874,1212.517822265625,186206
2017-07-14,1205.485156903363,1220.9568361558506,1205.485156903363,1215.5247802734375,307920
2017-07-17,1210.5775024094837,1221.0537012366085,1198.5008751700857,1201.798828125,150672
2017-07-18,1211.9840595998546,1218.095195741984,1198.1613587921115,1210.3350830078125,137562
2017-07-19,1217.2708977343116,1217.2708977343116,1206.2127116774757,1212.663330078125,224099
2017-07-20,1217.3677553471448,1217.4647330799276,1193.844912265736,1196.512451171875,211523
2017-07-21,1208.6376652703486,1234.682522256507,1193.1659865018485,1229.7354736328125,383795
2017-07-24,1229.735492524239,1259.078421846943,1229.735492524239,1253.306884765625,283684
2017-07-25,1261.0182906459795,1265.5773094097317,1246.4680796000644,1255.4892578125,126466
2017-07-26,1249.717753740326,1272.6586129375362,1242.7821286235044,1253.98583984375,249160
2017-07-27,1259.078599056509,1280.3703662143232,1246.4684127793637,1258.8846435546875,382696
2017-07-28,1255.0527337709746,1279.448612343358,1207.7645458621505,1235.45849609375,240157
2017-07-31,1244.528266500726,1262.95853701009,1205.4851934479948,1221.2479248046875,230943
2017-08-01,1222.218020766395,1244.0918906448844,1222.218020766395,1229.7841796875,119289
2017-08-02,1227.650079311697,1246.4683804890074,1223.6730443477686,1239.2418212890625,103463
2017-08-03,1246.4683274956976,1251.3183988089104,1222.3149486739087,1229.5416259765625,230588
2017-08-04,1229.5415834405037,1240.405695442278,1212.517786356088,1220.3748779296875,94519
2017-08-07,1225.5158997820436,1239.6295346069544,1218.337771395973,1230.0264892578125,83444
2017-08-08,1229.2018887439965,1242.0545762861605,1209.219620850995,1213.5362548828125,182983
2017-08-09,1221.344779706359,1221.344779706359,1173.7171091254845,1183.9508056640625,238162
2017-08-10,1175.657247333672,1202.526594153807,1163.2410178196374,1177.4033203125,218907
2017-08-11,1166.5873313579357,1203.3993143654868,1162.5132016147477,1180.74951171875,179177
2017-08-14,1194.087357358342,1207.473599305208,1149.4667087486882,1155.529296875,429844
2017-08-16,1138.8935923388783,1144.568151446878,1119.396331562965,1124.682861328125,478904
2017-08-17,1115.1766209362677,1115.5646502189995,1035.0049399994105,1068.421875,1613900
2017-08-18,1043.7350153763457,1064.153856489074,1025.3047502349418,1036.2174072265625,1455258
2017-08-21,1045.6752082208482,1048.779206001875,1018.4178354733288,1019.77587890625,629596
2017-08-22,1026.275091255476,1071.8657616609653,1024.8686179367314,1065.5606689453125,1028554
2017-08-23,1075.7456575714264,1100.9660246560586,1050.2827869571342,1059.83740234375,1081455
2017-08-24,1060.2254239385393,1066.4819675941517,1041.4071264922288,1050.71923828125,399263
2017-08-28,1058.624920567191,1071.865637417273,1052.465354387096,1059.885986328125,224857
2017-08-29,1059.2554483104418,1059.2554483104418,1035.6356275177395,1044.7537841796875,210879
2017-08-30,1044.7051385735483,1071.8169840815683,1044.7051385735483,1059.7403564453125,409962
2017-08-31,1058.2854719073086,1059.7404931794083,1042.9592004772162,1050.1373291015625,642601
2017-09-01,1062.165637278529,1062.165637278529,1048.536889271844,1057.84912109375,127477
2017-09-04,1066.0455278620066,1083.8938115191158,1053.9688993188968,1078.4132080078125,336154
2017-09-05,1086.319101481697,1088.5500634555822,1064.105749036769,1069.828857421875,465730
2017-09-06,1066.9186623765374,1074.7757538626793,1049.5553841872013,1065.318115234375,294714
2017-09-07,1073.169562196742,1085.4588557377645,1068.780520284921,1077.6072998046875,380813
2017-09-08,1074.8275351659197,1081.8012585028916,1063.1234240751835,1066.0982666015625,171607
2017-09-11,1071.706753151892,1079.6557019971713,1062.148345758735,1068.6343994140625,74150
2017-09-12,1070.438747488977,1082.0453508865874,1062.6360049104696,1067.6102294921875,311737
2017-09-13,1067.6100054603885,1071.7065158907174,1040.690573025506,1043.714111328125,492432
2017-09-14,1041.8123692707263,1049.468785950948,1022.1591892905144,1036.8868408203125,1533039
2017-09-15,1037.861807798209,1049.175755649215,1028.9374011656953,1034.8870849609375,381823
2017-09-18,1036.5454257137192,1047.0303594482968,1031.7175271066026,1034.1558837890625,199046
2017-09-19,1038.740205714486,1040.64207677684,1024.1100619720287,1031.27880859375,275698
2017-09-20,1033.8632517199906,1045.2747135723678,1031.0835488647076,1040.10546875,233776
2017-09-21,1040.2031679497193,1050.931939489754,1031.4250821442365,1034.985107421875,221528
2017-09-22,1032.888136067526,1032.888136067526,1006.5538776408752,1009.187255859375,280377
2017-09-25,1006.6513558533104,1006.6513558533104,974.367530554914,984.5598754882812,382754
2017-09-26,980.5607384958136,999.1897598521662,980.5607384958136,985.9739379882812,481307
2017-09-27,991.923582917172,991.923582917172,973.0507243994113,980.9022216796876,290896
2017-09-28,981.1946897201276,988.8511055842972,961.5903265904794,967.9300537109376,399760
2017-09-29,973.099492117288,1001.5306981032464,962.6633125874532,980.219482421875,282914
2017-10-03,986.5592467785824,1031.912687189066,986.5592467785824,1027.3773193359375,580476
2017-10-04,1031.912667344234,1033.8145381523252,1006.943915840612,1023.37841796875,371380
2017-10-05,1023.0855727297952,1067.9513323334768,1020.2083596837095,1053.906494140625,619003
2017-10-06,1068.0001473796722,1068.0001473796722,1033.8631563675365,1037.27685546875,197203
2017-10-09,1037.2769742404894,1053.3701289889314,1024.1098476281277,1026.4993896484375,116350
2017-10-10,1027.523482241984,1066.0495169344929,1027.523482241984,1061.4654541015625,481349
2017-10-11,1068.975503506035,1070.194681771895,1046.932784271362,1050.0538330078125,343484
2017-10-12,1050.4442784123985,1063.1237358119906,1044.592221151048,1047.2744140625,418779
2017-10-13,1043.7630666402974,1059.2710401612662,1041.666055917897,1049.1761474609375,387681
2017-10-16,1050.2976779109026,1061.2702824002777,1045.0796186991422,1054.9793701171875,257489
2017-10-17,1055.3208596980658,1056.296202451946,1039.3252147223563,1043.811767578125,126262
2017-10-18,1043.5194030586713,1051.0783106099948,1034.7413168700375,1037.130859375,91975
2017-10-19,1036.7406429539492,1037.7159858116358,1028.2063929491903,1032.01025390625,14784
2017-10-23,1029.9618948043278,1049.9564202242982,1019.3306355250464,1036.2528076171875,191956
2017-10-24,1040.6418199684135,1045.5673481036904,1026.548165932028,1031.2298583984375,172262
2017-10-25,1031.4249868710824,1039.6665857141202,1005.5784032757314,1008.6507568359376,324021
2017-10-26,1006.5536818857842,1020.0134589770174,994.8495693057168,997.8731079101562,187034
2017-10-27,1001.1892833852864,1019.2331233683628,997.141587360789,1001.2380981445312,196083
2017-10-30,1011.381623801225,1014.1126311437796,997.336723824734,1006.1148681640624,135511
2017-10-31,1009.479563875605,1019.2329896135336,1007.8702248167722,1012.9420776367188,169921
2017-11-01,1019.08680198661,1019.08680198661,996.0199827206246,1008.3580322265624,465171
2017-11-02,1003.822787378398,1019.2332516300762,1003.627766437654,1007.3828125,123536
2017-11-03,1004.6029608525752,1018.2577583787267,991.0456737823904,997.4829711914062,256989
2017-11-06,990.9481845440232,997.2391568735944,985.096128336086,987.2906494140624,265461
2017-11-07,994.8496379846356,995.7274703008194,976.318125120216,978.3175659179688,187484
2017-11-08,984.998577025846,984.998577025846,951.4955209068072,964.6138916015624,297319
2017-11-09,971.441394634607,975.3427656973968,963.4435720498489,971.1488037109376,488527
2017-11-10,970.4660593274532,991.7285198770302,970.173468401535,975.5866088867188,356813
2017-11-13,983.9744505960258,993.8742027277168,958.9081910463806,972.0753173828124,602133
2017-11-14,974.3673088167154,987.2418437221336,933.5492426648484,961.6390991210938,1080449
2017-11-15,966.5646300367232,977.6347460338447,965.5892873222564,973.148193359375,274673
2017-11-16,982.2676136881186,1001.4331216396848,973.3920188910693,996.8489990234376,594917
2017-11-17,1002.0672197104898,1040.690770900918,998.5559499012325,1028.84033203125,657736
2017-11-20,1032.3024150700107,1037.0816166193863,1011.9665499386492,1033.4727783203125,374408
2017-11-21,1042.2026561910343,1100.1867413442808,1033.8634271497674,1080.48486328125,1478626
2017-11-22,1082.630219660722,1128.4713190517616,1082.630219660722,1121.15625,1421476
2017-11-23,1120.668599709872,1120.668599709872,1098.0893956686564,1111.45166015625,471973
2017-11-24,1102.1372410615895,1124.5701229593033,1093.359156840745,1116.96240234375,333025
2017-11-27,1107.1599989947024,1111.8903860355013,1090.5303627022215,1104.087646484375,507563
2017-11-28,1104.478369448928,1138.3715366256151,1064.0991479069212,1081.850341796875,982931
2017-11-29,1075.8028777958168,1093.9442261750405,1070.2434726516658,1078.826416015625,704071
2017-11-30,1082.630326576415,1096.2851234881896,1058.58810677325,1079.0216064453125,6939736
2017-12-01,1090.384205560681,1124.6675215588527,1088.5798455734878,1119.9371337890625,706026
2017-12-04,1118.7182384422963,1135.5917172129728,1102.7225920404562,1127.9351806640625,449257
2017-12-05,1127.9349654679695,1150.806822158218,1114.9629795959495,1137.3470458984375,860512
2017-12-06,1127.9840109037495,1136.2744251646072,1118.718253788673,1126.0333251953125,699351
2017-12-07,1122.131815323494,1146.612894131685,1121.6441439565565,1143.58935546875,588537
2017-12-08,1152.8552629663443,1164.5593773111805,1144.1259919749843,1161.3406982421875,540714
2017-12-11,1160.6579826918835,1179.18949670125,1156.756611321491,1160.7554931640625,545253
2017-12-12,1170.2647405989824,1172.3129361520482,1147.3930053124006,1160.8526611328125,741336
2017-12-13,1159.4873805187506,1163.4374467829114,1145.0522617919398,1154.41552734375,259342
2017-12-14,1154.7569271683112,1180.164651800231,1154.7569271683112,1177.14111328125,763305
2017-12-15,1177.1412921166425,1184.9927305071058,1149.490346539019,1168.5582275390625,317833
2017-12-18,1168.9482281772446,1171.1915640156742,1133.1043838839498,1143.9306640625,307113
2017-12-19,1144.5649876100758,1158.7074608272433,1127.5939959373902,1145.7353515625,334631
2017-12-20,1148.95377678456,1161.048050878582,1139.6880205201685,1144.7110595703125,201152
2017-12-21,1147.6371160232193,1172.6058675994072,1132.6656280302243,1163.92529296875,359699
2017-12-22,1165.5343272828666,1178.2137802156508,1145.686130542466,1149.489990234375,214258
2017-12-26,1150.90444313801,1163.4863884047334,1139.5904910683932,1150.5142822265625,172183
2017-12-27,1157.7318128414647,1173.3372964180978,1147.1005533428054,1170.4600830078125,460519
2017-12-28,1171.5815302345663,1211.3755575262476,1170.4111666920269,1201.865966796875,706961
2017-12-29,1199.6717323952994,1199.6717323952994,1170.5577714821784,1175.0931396484375,183120
2018-01-01,1186.01674948154,1186.01674948154,1169.5334336742003,1172.8984375,117565
2018-01-02,1175.2880857444768,1182.115485412702,1157.2442437641675,1162.559814453125,211424
2018-01-03,1165.534687163827,1174.263957907963,1144.077144805999,1147.4908447265625,261936
2018-01-04,1155.7813005239418,1159.1461858000378,1128.2278644565988,1131.4952392578125,263585
2018-01-05,1139.2001257131312,1169.4357454880517,1131.397385126055,1166.8023681640625,232491
2018-01-08,1162.6085791023309,1179.1894061532869,1146.1252625160655,1151.587158203125,505510
2018-01-09,1159.6824729685084,1161.389322697436,1141.150961625866,1143.4429931640625,125593
2018-01-10,1145.0526517058029,1150.9047095509773,1130.3249966075314,1143.248291015625,136692
2018-01-11,1146.759073148582,1164.5590757724065,1141.1508531438155,1143.49169921875,243414
2018-01-12,1149.392691744515,1153.4892030003064,1131.3976644470824,1134.6650390625,145921
2018-01-15,1146.808135945754,1153.196559983663,1139.0540890866882,1150.3680419921875,155322
2018-01-16,1154.805996512824,1154.805996512824,1110.5742196983383,1118.913330078125,161108
2018-01-17,1111.8905620136084,1115.1092402120084,1090.7743709492572,1097.943115234375,219833
2018-01-18,1104.0880143993663,1106.5263713216266,1078.7779171704651,1088.92138671875,187463
2018-01-19,1088.4827371861795,1115.792339911281,1088.385226702817,1111.3057861328125,152932
2018-01-22,1119.6935350153162,1143.10176222818,1113.7926634479134,1139.980712890625,246204
2018-01-23,1144.0770517607937,1146.0277372710425,1113.890241113855,1118.23046875,229030
2018-01-24,1118.2304549042087,1123.789860915423,1078.63156334855,1083.4107666015625,791316
2018-01-25,1089.45779620922,1110.4276642651716,1080.6797119067282,1105.7459716796875,327271
2018-01-29,1115.7921672171462,1119.6935384311923,1099.2113395574509,1110.622802734375,255731
2018-01-30,1107.9896326166122,1120.6202766670776,1091.4088018468212,1111.9398193359375,158413
2018-01-31,1107.0139653344684,1144.9060054459535,1107.0139653344684,1134.1285400390625,495268
2018-02-01,1136.274256533674,1194.3559625068258,1131.6901934233165,1188.50390625,1036405
2018-02-02,1180.115639115954,1180.115639115954,1111.8904771963423,1128.4224853515625,435779
2018-02-05,1116.2796895995946,1132.177822798649,1098.0895249303464,1101.6983642578125,276192
2018-02-06,1086.5319303896438,1129.8371765619586,1059.5636768870118,1112.7686767578125,747984
2018-02-07,1131.1048828118212,1131.1048828118212,1094.237000147442,1104.7706298828125,368495
2018-02-08,1104.0879652568794,1128.520348154609,1088.2874607280664,1103.8929443359375,355444
2018-02-09,1082.6302864428335,1104.3316593017105,1080.7284159962062,1095.01708984375,236165
2018-02-12,1094.3345796013314,1136.2743183917569,1092.432708838482,1123.156005859375,580640
2018-02-14,1131.3975073402992,1170.4112144899648,1131.3975073402992,1162.4134521484375,287229
2018-02-15,1162.4134718524376,1185.919206996478,1131.934012625106,1178.1651611328125,472687
2018-02-16,1204.5481351096078,1213.5212395850583,1094.3344191036276,1113.6949462890625,1146020
2018-02-19,1123.594744657751,1165.3394581424532,1119.693374016579,1156.951416015625,1171614
2018-02-20,1150.9042211440744,1185.9677385624086,1150.8554063919114,1169.6795654296875,750134
2018-02-21,1162.608429826197,1188.942681172931,1147.0029475466506,1181.3349609375,640761
2018-02-22,1165.5344876924876,1219.178334406368,1165.5344876924876,1215.7158203125,551254
2018-02-23,1214.3017951650995,1214.3017951650995,1188.504025534548,1201.232177734375,361498
2018-02-26,1204.5483527053857,1232.2481119157108,1196.3554494093175,1205.0848388671875,484408
2018-02-27,1215.9596375186848,1215.9596375186848,1163.2911342719428,1167.1925048828125,289501
2018-02-28,1160.852738415888,1179.2867377414543,1151.2456374233138,1173.385986328125,438159
2018-03-01,1170.8988177384513,1180.1645726476684,1151.6358009534997,1154.3179931640625,166112
2018-03-05,1155.439526073755,1167.094821421818,1133.0066483866583,1139.1025390625,169347
2018-03-06,1141.2484721403998,1159.6824730258063,1116.7673941249354,1132.1778564453125,302547
2018-03-07,1136.9569586992206,1153.8304353440462,1107.2578205615623,1123.9361572265625,498463
2018-03-08,1121.6439586689037,1143.4916561107027,1115.2554171932054,1134.03076171875,204357
2018-03-09,1144.759630578948,1144.759630578948,1117.547665656967,1120.717529296875,294431
2018-03-12,1123.5949083286714,1124.9604120640677,1086.726902774977,1101.7960205078125,278157
2018-03-13,1102.137212864934,1102.6248841980605,1063.123506214848,1068.8780517578125,386569
2018-03-14,1060.88023634398,1068.78060767958,1056.2473583915587,1063.2698974609375,393419
2018-03-15,1065.0743368107037,1087.994892593718,1060.7828046818038,1068.9757080078125,186303
2018-03-16,1067.9514886916031,1069.2194818815035,1038.7400211665235,1045.22607421875,384296
2018-03-19,1046.542664512349,1053.7602239417515,1011.6253499827512,1030.1568603515625,357297
2018-03-20,1029.9618163893083,1033.5705364930357,1015.4291874028,1017.0873413085938,545440
2018-03-21,1023.134527318612,1053.3701520534803,1000.7016444508064,1003.0911865234376,261715
2018-03-22,1002.6522997919384,1008.016684664366,988.3147501359564,997.0928344726562,370697
2018-03-23,986.7054337993376,990.9969058200096,978.2686959098728,983.4867553710938,209179
2018-03-26,984.1208041252128,993.5328851818977,968.905481510776,980.2681884765624,184658
2018-03-27,983.340351851448,1016.6482635734644,983.194026659696,1004.4564819335938,384056
2018-03-28,1004.6029134748356,1044.6894719383088,994.8494871304196,1038.3985595703125,677515
2018-04-02,1039.7153496255305,1077.704901314614,1029.9619223307318,1071.121337890625,277903
2018-04-03,1065.0742998682329,1097.2606111279872,1057.271557744656,1068.829345703125,327389
2018-04-04,1068.8290227797868,1076.8269024763065,1034.8383614855704,1040.6416015625,622425
2018-04-05,1048.4935686953895,1064.6842362696743,1048.4935686953895,1056.97900390625,231441
2018-04-06,1058.9781699094367,1073.8521437442228,1045.1770490637746,1049.76123046875,215531
2018-04-09,1070.926580762266,1070.926580762266,1029.9621760336547,1034.9364013671875,276142
2018-04-10,1043.6166376558183,1070.9262319122329,1025.67030904667,1059.5147705078125,344748
2018-04-11,1070.633742972702,1090.9697355827282,1059.9049721823535,1082.191650390625,496196
2018-04-12,1087.5072419687715,1091.067267066221,1045.0310146246643,1049.4688720703125,344451
2018-04-13,1058.3441793225848,1061.1726965353505,1044.5918731519855,1055.6619873046875,225161
2018-04-16,1055.711024804221,1077.1197507127474,1042.9340584897325,1066.8299560546875,252664
2018-04-17,1066.04955562551,1067.0248983113522,1050.1027265240675,1056.7349853515625,118433
2018-04-18,1063.1238191843806,1064.099162137761,1044.5923030701574,1049.5665283203125,154437
2018-04-19,1057.2714513006908,1099.1136755378595,1053.3700806316845,1094.33447265625,557968
2018-04-20,1100.674311077784,1115.694613481443,1081.5088019199552,1106.0386962890625,364982
2018-04-23,1102.2345194355587,1119.6931737441646,1093.9929230543569,1104.28271484375,142729
2018-04-24,1105.0634672998567,1105.0634672998567,1073.852495584415,1079.5582275390625,332495
2018-04-25,1087.2145161689518,1087.2145161689518,1048.4934566049994,1061.416748046875,417466
2018-04-26,1069.950921705085,1069.950921705085,1038.008448882987,1050.3465576171875,722867
2018-04-27,1053.370223062888,1055.2720938970358,1039.7154238750356,1045.9576416015625,325182
2018-04-30,1043.860516094484,1071.9016184889867,1043.860516094484,1064.098876953125,119488
2018-05-02,1069.950832695696,1070.926175296148,1052.3946658875627,1053.4188232421875,244124
2018-05-03,1048.4936109727882,1053.3703254424292,1034.7412999804835,1042.9342041015625,262980
2018-05-04,1043.6165296543627,1083.6055742485953,1035.1797927754567,1074.2423095703125,383173
2018-05-07,1064.5865333827685,1066.537218739402,1029.0353403822758,1054.2479248046875,265231
2018-05-08,1061.172890684529,1061.172890684529,1039.5690253939008,1045.17724609375,319466
2018-05-09,1046.347792002971,1047.2743200286618,1015.9170255400544,1019.7208862304688,318210
2018-05-10,1016.3071216997422,1026.9870769379772,994.8495817022427,998.8972778320312,344596
2018-05-11,1007.5290180717564,1026.597015650707,987.5344925437108,1019.1356201171876,292768
2018-05-14,1012.4545780490524,1023.0370229572763,994.849593982364,998.4583740234376,123672
2018-05-15,1004.6029691979284,1023.8171725380448,998.7509130666784,1016.112060546875,245651
2018-05-16,1009.4796667454816,1016.112044547287,994.8495266477212,1004.0664672851562,123756
2018-05-17,1005.5783938662604,1012.405793242656,985.096195737074,992.703857421875,166169
2018-05-18,993.5817162124029,1009.382281382174,986.169075259446,991.582275390625,156262
2018-05-21,990.9482744582484,993.923058061163,952.9099056552252,959.2496337890624,254209
2018-05-22,953.8851524211694,959.2007819966308,933.4029558967884,944.42431640625,414262
2018-05-23,944.619499483232,958.957050514108,933.4030573107416,940.1817016601562,156097
2018-05-24,940.9131690096054,950.5690265798928,923.0644084734398,942.717529296875,325892
2018-05-25,948.0331583196275,980.0731440248323,931.5010867083232,969.3931884765624,407561
2018-05-28,979.2440728399728,979.2440728399728,946.08242097089,960.85888671875,249842
2018-05-29,948.8132922392628,992.8012802774352,940.8642855758136,980.121826171875,444641
2018-05-30,975.3427615390216,985.3400248447964,955.1531544691244,963.2973022460938,221514
2018-05-31,973.8797711112542,979.049075967247,920.5285088498956,926.9169921875,883312
2018-06-01,927.1119084755704,937.1091702544476,895.6083539954888,904.2401123046876,911000
2018-06-04,917.7976444833728,924.62504460174,892.63381023886,917.9439697265624,474667
2018-06-05,919.7482450444004,926.575644530414,901.9969944747254,916.6271362304688,359086
2018-06-06,921.6501351903648,924.283572497608,904.7279029126584,907.166259765625,251767
2018-06-07,910.3849960040668,951.4469041925038,910.3849960040668,946.8140258789062,513903
2018-06-08,941.2057367771448,1004.9443605281612,939.9865583616304,993.2890625,1098153
2018-06-11,999.7261937551644,1003.2374034040822,969.0029009714692,974.7574462890624,319664
2018-06-12,974.8551574084464,989.9729712552006,954.4704684739678,958.1768188476562,330705
2018-06-13,967.5399816882016,976.51314665022,947.7405363076778,951.1542358398438,355482
2018-06-14,954.762947161261,954.762947161261,937.6456359710868,945.98486328125,229030
2018-06-15,945.9848919962238,1015.9169147389148,945.9848919962238,1007.7728271484376,1440836
2018-06-18,1016.9897977530547,1049.6637785913942,1014.3564200559116,1026.987060546875,1539678
2018-06-19,1020.2085300002602,1042.6414135471111,1003.6765177931524,1034.058349609375,800666
2018-06-20,1031.4249730243423,1049.8589750777078,1017.3800134093784,1022.3055419921876,668483
2018-06-21,1022.305441041218,1027.377175289498,992.9475910230528,998.6533813476562,394821
2018-06-22,1004.2127395594454,1007.041256974646,980.2193348760476,996.2637329101562,392103
2018-06-25,997.7755291853488,1026.5969520660285,994.4105851427616,1006.1634521484376,413983
2018-06-26,1002.6523865258928,1018.2090563774996,991.484699692108,997.1904907226562,301606
2018-06-27,1002.1646676100614,1002.1646676100614,986.607938965939,995.2885131835938,242918
2018-06-28,997.5805404753748,997.5805404753748,975.3427379560168,987.43701171875,314066
2018-06-29,988.9974553387772,1030.3031930982957,981.5360601920444,1021.6226196289062,523238
2018-07-02,1036.7894271628404,1042.6414841364783,1010.7478212543136,1038.25244140625,712570
2018-07-03,1043.6165342268478,1046.8352122836584,1021.4274910925856,1037.5694580078125,536081
2018-07-04,1027.1820457969156,1058.2466826696605,1027.0357206001404,1055.22314453125,449504
2018-07-05,1055.320870744528,1062.6359414751971,1010.601428823117,1022.3055419921876,735496
2018-07-06,1032.8877893189467,1038.496009138195,984.120660455918,991.6795654296876,777700
2018-07-09,999.72641748438,1004.5543169495322,965.1505016760746,975.3916015625,823792
2018-07-10,979.3416585372528,990.8995061623928,967.1498738252054,983.6819458007812,381829
2018-07-11,988.9973633106435,989.436279371996,968.2713337540844,974.2697143554688,313357
2018-07-12,975.3915042379464,1002.8473669043624,972.416720759516,975.9767456054688,564013
2018-07-13,983.1455025318776,983.1455025318776,943.546610269756,950.8128662109376,539104
2018-07-16,952.9098106469784,953.6413176664108,911.9454175587769,917.5048828125,642308
2018-07-17,914.1886267051908,957.9815341976724,897.3152112688899,953.2023315429688,1068778
2018-07-18,962.3706202402924,969.3930993400132,934.3782738261024,945.789794921875,424396
2018-07-19,945.7898708760896,947.057804537402,913.8961512374312,930.42822265625,402078
2018-07-20,924.6249692788724,935.9877366480188,902.3384102343888,906.6298828125,774467
2018-07-23,909.994732386038,936.2802298631416,888.7322735889516,930.2330932617188,631604
2018-07-24,934.3782885337204,934.3782885337204,907.8489557006284,916.2369384765624,475690
2018-07-25,920.7235878281168,932.2813760030745,911.1652404537376,916.6271362304688,282128
2018-07-26,914.8713622271064,922.381512181277,907.0686213978772,914.2373657226562,361900
2018-07-27,921.6989486018416,921.7964590700368,907.11756179464,910.8238525390624,355108
2018-07-30,916.8221393829464,917.7974820844177,887.6593687968792,908.4829711914062,1201433
2018-07-31,921.6988832983992,938.1821993091472,914.432568026674,928.4287719726562,641898
2018-08-01,934.3782765322296,939.2549898752998,920.7234791716334,929.404052734375,517987
2018-08-02,919.2116186731464,943.1562669041268,914.8713323227208,936.8652954101562,484728
2018-08-03,938.3771055507588,953.8850769325976,932.8664554972268,946.5700073242188,851942
2018-08-06,947.0577420698924,963.6385676262138,944.765710584478,957.103759765625,381899
2018-08-07,965.1016688558605,965.1016688558605,937.3043999701686,943.497802734375,174781
2018-08-08,940.913212828938,950.9592317817204,932.5740437793538,947.7893676757812,166887
2018-08-09,945.058317241831,958.7618702152678,936.328988206162,939.7914428710938,211012
2018-08-10,939.7426069156276,964.4675183244252,915.115205955981,920.6259155273438,1084312
2018-08-13,924.6248026181488,1060.4900770405156,921.6987747617624,1042.2510986328125,5440911
2018-08-14,1035.813949814337,1111.8906805916613,1020.4523022535312,1103.3076171875,4297981
2018-08-16,1097.2606051861849,1124.2775520186108,1080.094596419351,1112.37841796875,1905494
2018-08-17,1111.890513231162,1179.6768208360445,1103.1124302319686,1159.8773193359375,4204744
2018-08-20,1156.756492623189,1191.3811599824833,1150.904436168097,1171.532958984375,1701643
2018-08-21,1160.6578070104315,1175.287947434933,1143.150453259933,1152.708740234375,1506268
2018-08-23,1162.218416075036,1169.5334868195418,1113.3049525513595,1119.254638671875,1035541
2018-08-24,1121.6441670120075,1176.068340305096,1120.6688242580842,1168.16796875,2318913
2018-08-27,1169.4359896884862,1180.115945473075,1152.562512021282,1167.290283203125,972125
2018-08-28,1169.8260361603573,1169.8260361603573,1131.3975106920168,1143.8331298828125,1051068
2018-08-29,1153.830542424051,1196.501790294763,1151.099534936165,1164.0228271484375,2311788
2018-08-30,1167.6801800766143,1203.962998314104,1154.1717081038132,1162.803466796875,1334841
2018-08-31,1171.4840485350485,1171.4840485350485,1145.1011009412314,1153.5377197265625,739373
2018-09-03,1162.4620509432093,1171.6791099252143,1134.9574373196365,1144.418212890625,969364
2018-09-04,1153.6841461589345,1159.585017411045,1122.5219929710074,1150.5142822265625,704258
2018-09-05,1150.5143642230837,1150.563178988141,1095.309984540089,1107.74560546875,917615
2018-09-06,1116.7675316763573,1129.4469883678794,1080.7286620119237,1090.140625,701990
2018-09-07,1089.945563030385,1135.7866739587323,1069.3170393005491,1130.6173095703125,1338252
2018-09-10,1132.2265038700796,1146.1739515423485,1093.407937410156,1102.6248779296875,664718
2018-09-11,1109.0134151380544,1109.0134151380544,1065.0741808409305,1081.06982421875,516085
2018-09-12,1087.6342311859305,1099.29342782527,1069.7046507808082,1082.490478515625,824802
2018-09-14,1091.0634682552522,1100.2732594403633,1086.4095964989374,1094.1007080078125,1140819
2018-09-17,1093.8067858215643,1100.2731938511986,1081.7067438964318,1096.550048828125,600162
2018-09-18,1097.333792155214,1113.009989186003,1090.867384799992,1097.23583984375,1063178
2018-09-19,1102.232787248514,1110.7566729632713,1040.0178699238204,1049.2276611328125,860904
2018-09-21,1056.1840522223636,1062.503472969439,976.5783432770324,1023.1170654296876,1087190
2018-09-24,1025.81133186993,1033.3065388737762,987.3556539559904,996.41845703125,461495
2018-09-25,996.4182621906072,1032.5715150927224,989.8048666450944,1024.9293212890625,626059
2018-09-26,1027.7708777899904,1038.548265450324,1011.1149150422024,1022.186279296875,668783
2018-09-27,1020.4225753169964,1053.146664542391,1004.2564951511486,1045.9454345703125,981316
2018-09-28,1037.7641492096975,1059.1230145493523,1015.9155223346152,1021.1572265625,775318
2018-10-01,1011.5067312993116,1066.3243900438852,1004.5014061804136,1042.5162353515625,635567
2018-10-03,1037.5683814774004,1062.7482273144642,1023.8517078790212,1049.6195068359375,527109
2018-10-04,1030.366971685257,1047.904739498162,1014.2498112639496,1026.0069580078125,420704
2018-10-05,1018.6587266742782,1052.2646184748323,1014.0538921056344,1035.8045654296875,387404
2018-10-08,1027.182844941255,1070.1944349074322,1016.8953405338503,1060.0048828125,371858
2018-10-09,1060.1029805956302,1087.634281772448,1043.740995370948,1076.4649658203125,509541
2018-10-10,1068.920945035412,1108.6013284212363,1067.0593722652286,1099.9793701171875,484956
2018-10-11,1068.920712821362,1117.908829815925,1063.0421387820145,1098.4605712890625,734133
2018-10-12,1102.820318256482,1115.4102387190287,1081.7065144177038,1109.0908203125,553890
2018-10-15,1108.992964107895,1116.9290147665215,1091.357242822108,1110.0706787109375,462964
2018-10-16,1108.8952740431907,1114.9697538604598,1079.3554099835826,1086.556640625,281120
2018-10-17,1097.3337895897496,1124.6201460626949,1090.03460820431,1100.9588623046875,349443
2018-10-19,1089.0058073882883,1112.8629957129388,1078.8162554459636,1098.75439453125,388626
2018-10-22,1103.5064018552978,1116.9290984440076,1088.0261086158514,1109.6788330078125,424717
2018-10-23,1109.6789275040492,1130.547915539432,1101.252994349824,1120.309326171875,807931
2018-10-24,1126.72661376592,1126.72661376592,1088.5158851251626,1103.604248046875,417573
2018-10-25,1087.879353182568,1137.112422664626,1050.0115056709103,1087.14453125,759796
2018-10-26,1070.4396821160217,1073.6728269531186,1045.4066997140137,1060.9359130859375,408899
2018-10-29,1061.0826797940276,1126.726760630777,1061.0826797940276,1119.721435546875,296748
2018-10-30,1111.1972451931906,1152.200266470311,1107.1312084281046,1142.990478515625,617733
2018-10-31,1143.382795923009,1151.2208956379911,1107.278573030855,1117.9580078125,1242170
2018-11-01,1120.5540901863303,1161.0183208543756,1119.9662567286607,1148.67333984375,374447
2018-11-02,1154.4540062907715,1179.3889098575637,1115.4594175475274,1130.4498291015625,713553
2018-11-05,1126.726830226518,1171.991808087828,1126.726830226518,1140.982421875,354525
2018-11-06,1140.443347343781,1145.048182435538,1098.4605555990852,1104.5350341796875,460744
2018-11-07,1110.0709803787902,1116.9293182981648,1102.3308322355117,1108.7972412109375,30818
2018-11-09,1109.9730210074258,1135.7407044097995,1107.1316856817098,1125.55126953125,401528
2018-11-12,1125.5511807985088,1133.438196974074,1103.359536786682,1113.7449951171875,330778
2018-11-13,1120.8482277228347,1131.037780985751,1089.7407703537788,1120.456298828125,442309
2018-11-14,1126.7267401746492,1153.9641822553529,1119.8684034953253,1144.4114990234375,531312
2018-11-15,1177.5765728690574,1260.9543377131697,1156.2177025254807,1236.5582275390625,3884208
2018-11-16,1225.3399373148804,1242.3387919759575,1201.4337095114497,1208.5369873046875,837770
2018-11-19,1210.0067683977356,1239.3996453628629,1190.8034460338372,1200.2581787109375,1068208
2018-11-20,1202.3643755835378,1214.8074298870572,1164.496654309974,1168.66064453125,933231
2018-11-21,1175.7149944118387,1198.2495318047322,1173.7554694211522,1188.7947998046875,422957
2018-11-22,1182.8669699771378,1199.228951127239,1170.815846893015,1189.67626953125,601981
2018-11-26,1197.269879035026,1229.5530083752558,1190.950458200875,1224.8502197265625,720471
2018-11-27,1229.6017876590197,1238.419649084463,1200.649761472188,1208.242919921875,744253
2018-11-28,1201.2869801832885,1224.458391141072,1197.5149178413087,1206.5286865234375,520657
2018-11-29,1206.234382811505,1228.4260228862108,1200.2088207303093,1220.6368408203125,506815
2018-11-30,1224.8987442932664,1263.6483899806606,1224.8987442932664,1239.203369140625,1035249
2018-12-03,1239.399460234191,1302.937029196572,1235.9212558062204,1266.0489501953125,1475095
2018-12-04,1261.9340609288436,1271.8786739159282,1210.1536383270172,1218.3836669921875,581813
2018-12-05,1210.006592312703,1243.318514692162,1190.1664032484664,1206.283447265625,749896
2018-12-06,1209.5168701188943,1213.6318249962203,1156.3157157196265,1164.8397216796875,788698
2018-12-07,1169.0525419084713,1190.5093641149865,1143.67678938652,1184.5328369140625,665538
2018-12-10,1165.917416101558,1185.022785525071,1144.3626403416974,1152.78857421875,434842
2018-12-11,1151.2207987814077,1162.2921615373082,1121.5829867276736,1155.9237060546875,504464
2018-12-12,1158.0792033965574,1194.8693308368086,1158.0792033965574,1190.9012451171875,394876
2018-12-13,1190.4115436972556,1214.9056083823843,1185.51273076023,1197.4168701171875,314906
2018-12-14,1203.1484908088871,1236.4604197075046,1196.877986155044,1223.0377197265625,552532
2018-12-17,1220.78399658819,1227.642333647674,1185.610501177425,1192.419921875,493775
2018-12-18,1194.33021080501,1203.1480712621428,1175.7147276177293,1201.2864990234375,454828
2018-12-19,1203.1483895289618,1229.3080012984597,1190.4605125770724,1219.5103759765625,446235
2018-12-20,1212.8479684719125,1249.1971316776085,1207.1163820230204,1241.89794921875,476760
2018-12-21,1248.119334782201,1257.4759938635616,1218.873451308165,1227.054443359375,450623
2018-12-24,1235.137491923825,1252.0873096625287,1208.5859548372582,1243.661376953125,382470
2018-12-26,1238.4197841678338,1248.2174090425792,1212.7989712003916,1238.5667724609375,275494
2018-12-27,1251.1566311934623,1256.5453245932774,1210.6923947330688,1217.6488037109375,715199
2018-12-28,1217.89380431959,1227.593357237181,1200.3069959611073,1216.718017578125,491844
2018-12-31,1210.9863335194025,1239.3994432864436,1205.1077590848422,1232.8350830078125,559848
2019-01-01,1227.6421574018766,1245.2778787372586,1224.702870512646,1240.77099609375,292677
2019-01-02,1242.339049698982,1261.9343028488083,1226.4669424875965,1233.2762451171875,658775
2019-01-03,1232.5409018178468,1247.2373354643237,1228.6708887975612,1241.015869140625,322081
2019-01-04,1233.5208425853757,1271.0457897668923,1233.5208425853757,1266.832763671875,725206
2019-01-07,1272.7114520921382,1273.6912145648805,1249.197152746325,1256.1534423828125,683914
2019-01-08,1255.9572103883131,1256.055162690076,1220.3428777062736,1224.212890625,893261
2019-01-09,1230.8266011181656,1245.2780975293042,1224.2132044554412,1241.7509765625,289161
2019-01-10,1237.4400152250755,1266.0980678342073,1231.3164997103038,1259.38671875,428709
2019-01-11,1259.9745794962284,1269.0864186187098,1243.5635575626654,1266.5389404296875,467514
2019-01-14,1263.6976049292462,1301.565326415939,1256.0554102872252,1295.833740234375,887486
2019-01-15,1296.5685509308446,1307.884854515338,1290.5429882378014,1302.251220703125,466539
2019-01-16,1301.320705644389,1326.5986298884402,1301.222753299243,1320.328125,513687
2019-01-17,1317.682321301477,1331.154052723141,1314.1061650404758,1325.5693359375,420061
2019-01-18,1322.6789978852344,1345.1155766582267,1308.0316005263835,1338.649169921875,702678
2019-01-21,1338.6494261885982,1359.17540080081,1288.9264839715206,1299.2139892578125,1293001
2019-01-22,1289.465454157272,1296.2258395989738,1262.4240319903838,1267.6168212890625,1100328
2019-01-23,1270.6539727911206,1290.3471745418224,1258.0640489564616,1267.6656494140625,671259
2019-01-24,1283.4888802411006,1312.6368147351257,1268.0085848379213,1288.0447998046875,831256
2019-01-25,1294.462259384254,1304.9457906411042,1254.9288636126726,1266.147216796875,571327
2019-01-28,1260.9542655847947,1275.7486545710526,1237.0970739904096,1240.183349609375,254670
2019-01-29,1233.5207816332015,1280.304433200307,1228.621969950782,1273.34814453125,463118
2019-01-30,1272.7114482917602,1296.2257475673584,1271.2418045870354,1292.89453125,315858
2019-01-31,1288.387528229306,1307.0030134280564,1286.7708963841717,1298.822021484375,471658
2019-02-01,1293.2862520386766,1330.4192675891593,1293.2862520386766,1314.106201171875,530789
2019-02-04,1307.9827460779352,1309.8443184754788,1252.6261729293185,1270.5068359375,548166
2019-02-05,1273.691168581294,1283.292888307485,1256.05544470863,1264.726318359375,423344
2019-02-06,1271.7315694475726,1288.387529910291,1261.835993327937,1277.6591796875,410854
2019-02-07,1277.6592457630577,1292.3066462639947,1263.9914880930437,1269.6251220703125,305098
2019-02-08,1272.2216582832789,1272.2216582832789,1226.760652503962,1232.394287109375,581292
2019-02-11,1273.6910899772104,1273.6910899772104,1067.9409908270457,1099.1954345703125,5424327
2019-02-12,1110.0710035759134,1165.8195183197902,1078.8165533416554,1109.336181640625,4732005
2019-02-14,1132.1155726806985,1146.2730930148875,1104.045353038256,1129.029296875,708081
2019-02-15,1118.9865799319643,1128.7842036413765,1107.1314791635557,1119.6724853515625,386448
2019-02-18,1119.8684929395736,1125.8940559947948,1061.180697604823,1094.2476806640625,1323161
2019-02-19,1102.232818390673,1123.4936169143314,1089.5938581531434,1093.806884765625,969990
2019-02-20,1104.1920220305797,1120.2601463598735,1097.333686490017,1106.7393798828125,1188434
2019-02-21,1112.030456766745,1134.5649946571723,1104.192356630944,1128.88232421875,1308447
2019-02-22,1121.8281169625768,1132.1156237120151,1116.5373752857388,1123.0037841796875,511047
2019-02-25,1122.7096491611735,1173.7552413290446,1108.5030957394113,1163.418701171875,1374338
2019-02-26,1151.808766134158,1153.2294935130062,1124.7673451702567,1133.9281005859375,1071336
2019-02-27,1142.4030004675485,1156.0217222490212,1117.6149629947993,1126.041015625,1037445
2019-02-28,1131.674698141,1136.5244745675086,1113.9899375717737,1117.81103515625,695585
2019-03-01,1117.0272191624604,1142.2561039176337,1116.9292668309674,1128.5394287109375,904319
2019-03-05,1136.3284600093018,1170.816048062048,1123.5915490262,1167.77880859375,564049
2019-03-06,1162.880107765989,1188.304896201872,1159.5488914245082,1168.6116943359375,1679631
2019-03-07,1171.15873744708,1177.6741800838258,1155.4336256875856,1162.9287109375,642857
2019-03-08,1161.9983433687094,1164.3987136916885,1143.3828555744385,1148.1837158203125,268170
2019-03-11,1148.771312499379,1187.2760192572257,1148.771312499379,1179.682861328125,938550
2019-03-12,1187.3739912932133,1187.3739912932133,1109.7767430203965,1133.8299560546875,1370850
2019-03-13,1136.5242443813631,1142.4518540131348,1069.900409365904,1094.9822998046875,1797280
2019-03-14,1100.273287721017,1120.2604666450147,1093.512902549676,1109.0421142578125,717230
2019-03-15,1114.9697109480612,1129.5681959340598,1087.536361293803,1101.4000244140625,731215
2019-03-18,1103.6043628263656,1116.8311548853465,1092.4350478343572,1096.990966796875,353486
2019-03-19,1099.1465378448204,1121.7790276983071,1099.1465378448204,1116.831298828125,398908
2019-03-20,1124.4734947179695,1156.2178270625234,1112.030557465594,1142.4031982421875,1269611
2019-03-22,1149.5064660611954,1158.2263770878883,1120.8484101206116,1127.3148193359375,754339
2019-03-25,1125.747036758056,1137.3571976819242,1111.491445502228,1123.8365478515625,467825
2019-03-26,1122.8076351434054,1136.5243078240403,1115.9002628464136,1128.5882568359375,434281
2019-03-27,1139.4635581366806,1154.2579449887266,1126.7756841555963,1130.4007568359375,486185
2019-03-28,1130.6456948633156,1163.9576130828589,1130.6456948633156,1159.009765625,693131
2019-04-01,1206.0876160990117,1252.9203106079715,1201.6786849272444,1243.8084716796875,1002709
2019-04-02,1243.3185719961982,1258.0150090174295,1223.3804296907092,1229.8958740234375,638278
2019-04-03,1233.5210374702322,1250.8627865827848,1229.8469279463932,1234.255859375,336310
2019-04-04,1237.3908984491006,1243.3185089202425,1223.7722965135858,1230.8265380859375,236648
2019-04-05,1242.338734626004,1249.1970714890813,1211.0353734980624,1219.80419921875,469357
2019-04-08,1223.7232838345492,1231.9533122254754,1205.6467147115436,1212.0640869140625,479351
2019-04-09,1216.8649359958304,1237.439946990929,1201.2866894652743,1234.059814453125,452314
2019-04-10,1227.838108974235,1244.0532234398509,1215.199270547142,1221.02880859375,251194
2019-04-11,1214.90531235149,1234.3046546951257,1210.0065006081372,1215.2972412109375,325454
2019-04-12,1222.4495923504894,1242.534723090174,1206.675440421256,1238.7137451171875,365799
2019-04-15,1244.8860641259914,1259.3375593240696,1239.4973710012844,1245.669921875,525419
2019-04-16,1245.5229307587906,1268.694335062209,1245.3270261219352,1249.3929443359375,375036
2019-04-18,1248.2172984080653,1253.997920491788,1230.3856705564824,1245.8658447265625,283213
2019-04-22,1243.3185064550971,1243.3185064550971,1194.3303856333837,1207.1163330078125,534002
2019-04-23,1208.0470324755738,1228.622042761046,1204.9118406529865,1217.7467041015625,280002
2019-04-24,1217.746631859516,1243.02442837928,1197.2695751083068,1203.9320068359375,569926
2019-04-25,1207.067195336008,1234.3046360577362,1205.1567066249063,1221.02880859375,360981
2019-04-26,1217.844849631474,1229.5040478962808,1201.4828628866912,1214.1217041015625,242464
2019-04-30,1214.709618032052,1222.7436228421702,1180.7117868869873,1191.881103515625,336375
2019-05-02,1192.3711113114025,1200.1112599473784,1130.4501614234523,1170.37548828125,1083586
2019-05-03,1170.3753030852824,1188.0110274956594,1159.352975328797,1175.0291748046875,347353
2019-05-06,1146.664970878467,1181.4465382005033,1146.664970878467,1166.2113037109375,225661
2019-05-07,1171.3059342866752,1174.8330549617867,1129.029163344972,1141.3741455078125,320142
2019-05-08,1132.6055580114023,1159.6469816702363,1128.6865076376605,1146.6162109375,246581
2019-05-09,1141.4230491006342,1174.7349664134424,1133.6829032167984,1145.929931640625,310077
2019-05-10,1152.3474356189745,1172.2855742021422,1144.019456195056,1162.5369873046875,173882
2019-05-13,1162.9289856553878,1168.807560322368,1137.700102709598,1148.5755615234375,200737
2019-05-14,1152.1026280617166,1152.1026280617166,1107.131510060517,1119.3785400390625,625364
2019-05-15,1124.963103042521,1137.504109192266,1123.836471999295,1133.046142578125,235916
2019-05-16,1138.386077290851,1138.386077290851,1089.6428927179957,1113.4510498046875,505445
2019-05-17,1113.450865205799,1135.7404584758865,1109.3849471683145,1118.104736328125,270312
2019-05-20,1134.6138803219696,1182.4752490160788,1134.6138803219696,1174.04931640625,326706
2019-05-21,1171.796045242318,1190.4115342553648,1141.5213576116412,1148.967529296875,253823
2019-05-22,1153.8662923471618,1155.1400314856292,1130.64596805294,1139.414794921875,221323
2019-05-23,1168.8567909612989,1168.8567909612989,1120.2115535700402,1126.824951171875,222973
2019-05-24,1136.279443844319,1164.4476128553335,1132.115453642691,1146.8118896484375,257237
2019-05-27,1153.6701981147737,1188.3538101564204,1151.3677804504052,1174.5391845703125,294036
2019-05-28,1175.7149385640275,1184.973645865256,1157.0994520367638,1166.701171875,512288
2019-05-29,1167.3869970623186,1184.5328404937836,1149.55536773356,1178.9482421875,278890
2019-05-30,1187.423000501303,1209.5166906038128,1168.3666695383124,1178.6541748046875,1087194
2019-05-31,1185.1206018430817,1241.2610364689426,1185.1206018430817,1213.729736328125,1342593
2019-06-03,1217.844653683847,1341.000738561553,1217.844653683847,1329.83154296875,3836627
2019-06-04,1322.6792714666633,1329.9784536803506,1297.2054484606388,1305.3375244140625,1306110
2019-06-06,1309.942237182299,1347.1732057783554,1300.4385904069477,1314.988037109375,1226417
2019-06-07,1314.841089626433,1377.5458807859643,1303.8187630554214,1369.9036865234375,1963985
2019-06-10,1371.667489703775,1374.1168959353886,1340.5600305622784,1351.1904296875,731973
2019-06-11,1357.6568276482233,1373.0880867872424,1347.1734168985054,1352.023193359375,827845
2019-06-12,1352.9539690151532,1370.5406568652902,1337.3757223947496,1353.7867431640625,523008
2019-06-13,1352.5620280245644,1355.7952918677724,1328.067967393913,1346.487548828125,376393
2019-06-14,1343.2542335625678,1366.670578549029,1338.8453028178328,1342.8623046875,349894
2019-06-17,1351.0924255331208,1359.910287628696,1328.6558413921755,1333.5057373046875,418598
2019-06-18,1334.3386640006067,1338.3556666055729,1310.92231472786,1327.2843017578125,434991
2019-06-19,1329.5375513295844,1355.0113732415734,1313.861353229899,1324.393798828125,486030
2019-06-20,1363.829295914664,1375.7823496624596,1327.87206274883,1346.487548828125,1462438
2019-06-21,1345.2137179778765,1357.2648428252116,1316.163740133611,1320.964599609375,563852
2019-06-24,1326.500301958681,1329.6354937152378,1303.1329932608728,1317.4375,420849
2019-06-25,1317.7803206086037,1324.099739733647,1283.4396034472106,1298.0380859375,1156668
2019-06-26,1293.2865329454062,1298.2343815364145,1274.720080937407,1281.4803466796875,597977
2019-06-27,1284.027707209414,1296.1766657251935,1266.440899738752,1285.88916015625,688891
2019-06-28,1298.0872149339812,1354.031623504679,1292.6005694678354,1331.6929931640625,1568379
2019-07-01,1335.4160828243582,1358.538450360472,1328.7047346479717,1342.960205078125,675302
2019-07-02,1346.5853033957644,1348.5937443125815,1322.6790798110535,1328.606689453125,527306
2019-07-03,1329.1946907865797,1336.5918251850742,1311.6569198154714,1314.44921875,220036
2019-07-04,1308.619747437552,1322.3364218127597,1295.4418706528536,1298.6260986328125,369704
2019-07-05,1300.4877004816638,1314.3023274932846,1275.6017096352475,1280.2066650390625,374619
2019-07-08,1269.8700410299489,1297.744353471803,1264.432431391487,1276.8753662109375,523713
2019-07-09,1276.8753633559013,1325.5205910285165,1276.3854821499333,1301.7613525390625,806802
2019-07-10,1301.0753540734013,1310.4811682354652,1286.4769908591504,1291.4737548828125,440764
2019-07-11,1291.4738174443603,1305.141454935861,1272.2214625736128,1288.6815185546875,560976
2019-07-12,1293.58026605592,1340.314881859756,1290.3470024921776,1335.6610107421875,1433514
2019-07-15,1343.2542785394974,1375.5864384168158,1339.8741460286487,1357.65673828125,1269223
2019-07-16,1344.3809133517734,1370.197626987111,1333.3585870710403,1362.0655517578125,739553
2019-07-17,1360.2042189871563,1398.120976897678,1342.2745188155704,1355.7952880859375,1150697
2019-07-18,1352.0720934637925,1371.667341195152,1337.4736099839497,1359.959228515625,464854
2019-07-19,1360.057489335988,1370.6388537511514,1339.3845222101374,1345.6549072265625,294619
2019-07-22,1345.8505759937254,1360.8899041462043,1323.658934846308,1337.03271484375,344053
2019-07-23,1340.8049970992663,1349.96575266257,1327.578203192916,1338.3555908203125,209290
2019-07-24,1332.5747498598523,1344.870815206565,1291.0328022517142,1308.423583984375,398286
2019-07-25,1308.4236042011344,1321.699432104111,1287.4077492845086,1316.40869140625,391683
2019-07-26,1316.9476763647992,1340.070045479597,1296.127725009331,1335.4652099609375,336855
2019-07-29,1335.465111219373,1350.1125104264947,1308.3746584798785,1338.2083740234375,396917
2019-07-30,1337.277569334556,1346.1933822255332,1302.1040793142167,1306.6109619140625,364277
2019-07-31,1300.1448150778335,1329.0478083293754,1292.4537035054566,1324.2469482421875,343969
2019-08-01,1316.8006238900768,1353.5417127262956,1313.8613367831797,1337.91455078125,492611
2019-08-02,1327.67604956184,1332.4278734437826,1249.1971025675762,1283.6846923828125,976127
2019-08-05,1277.3161803979929,1284.6154819656904,1261.1991369174698,1275.3077392578125,362139
2019-08-06,1263.8934076839676,1327.871935773354,1263.8934076839676,1313.12646484375,335196
2019-08-07,1312.881755361126,1327.5781929211385,1283.5379162062668,1288.0447998046875,230845
2019-08-08,1288.387484042536,1312.8815426745234,1279.5696229350206,1307.3948974609375,203895
2019-08-09,1304.063825486534,1343.2543236228685,1304.063825486534,1331.30126953125,399477
2019-08-13,1331.3012646109937,1342.8134733959948,1285.350381795986,1295.73583984375,610748
2019-08-14,1370.6875573354462,1415.756626411522,1318.4172587508897,1332.6727294921875,3189181
2019-08-16,1337.375733108771,1456.9067510129985,1334.6323504316622,1440.838623046875,3588110
2019-08-19,1440.838773061191,1478.4126426977336,1431.4821125274057,1453.9185791015625,1815260
2019-08-20,1457.8863949154666,1459.8459196398153,1433.8331810841266,1445.2474365234375,561093
2019-08-21,1441.4754175912146,1458.8662000294437,1427.7587441188089,1436.3316650390625,779790
2019-08-22,1440.2506870503594,1445.4434754626775,1416.0506042983843,1421.733154296875,602866
2019-08-23,1418.74503508648,1435.2540081176428,1396.1614632272974,1411.690673828125,737187
2019-08-26,1414.7767799372218,1442.749041812641,1393.7609261638452,1431.4327392578125,501588
2019-08-27,1431.4328856112152,1450.0483714610532,1420.8514037092405,1445.6884765625,466048
2019-08-28,1448.7744305910942,1503.9350946044906,1447.108882560803,1490.6103515625,1429654
2019-08-29,1489.2387020340282,1498.840420452888,1474.6402197849006,1487.6220703125,619177
2019-08-30,1489.0429177933747,1511.2344400924287,1465.9694658295807,1477.628662109375,869797
2019-09-03,1465.7245161202784,1474.4933415552362,1457.8864171035923,1463.22607421875,301790
2019-09-04,1471.5051351178045,1474.5423745607072,1454.9961630169553,1466.6063232421875,320979
2019-09-05,1465.2345801221584,1478.4613717180457,1456.9066002284517,1466.7042236328125,314054
2019-09-06,1472.5828600484408,1505.3558638842096,1454.7512325371822,1469.8394775390625,1098301
2019-09-09,1469.6435368707337,1481.841530386802,1443.238989164915,1463.8629150390625,625979
2019-09-11,1469.6436512102423,1482.08658628386,1444.218863884268,1466.9002685546875,626957
2019-09-12,1546.383280446658,1553.9577561161511,1430.3061639754712,1434.978759765625,2491122
2019-09-13,1441.028799566834,1452.9316004425225,1407.287685931692,1434.3887939453125,883257
2019-09-16,1431.2902382090583,1437.782664757904,1405.5172249074374,1412.4522705078125,408800
2019-09-17,1408.6648319673156,1416.534467900094,1387.1709128421378,1391.9910888671875,605036
2019-09-18,1393.9093051390844,1420.4693271847832,1378.8585779474076,1410.533935546875,790353
2019-09-19,1411.5668707561813,1411.5668707561813,1383.62975612134,1389.679443359375,465939
2019-09-20,1391.9418144100875,1450.9640821589253,1370.3003162355135,1445.4061279296875,1265101
2019-09-23,1465.7198371355405,1494.2472702073062,1421.4531306448698,1446.53759765625,928873
2019-09-24,1455.292248974731,1464.1455881829413,1409.845035657258,1429.4207763671875,410553
2019-09-25,1432.2738219452067,1433.700145507415,1394.647122982704,1404.2874755859375,274220
2019-09-26,1411.616056995529,1420.4693981195433,1395.778437445463,1405.9105224609375,450521
2019-09-27,1408.369716802553,1410.5830519781337,1371.3824507735187,1377.7274169921875,553438
2019-09-30,1381.5147605577877,1382.941084191518,1338.0349453055103,1372.759765625,708880
2019-10-01,1375.219006755523,1385.9905239047414,1338.330084900493,1346.9375,356435
2019-10-03,1333.5592489064625,1361.2996723392866,1326.5749698232755,1356.6270751953125,443258
2019-10-04,1362.4310820688734,1399.3200102837343,1362.3818487987949,1377.6292724609375,860655
2019-10-07,1386.2363981565372,1406.6975007452809,1376.2026598200334,1387.662841796875,673596
2019-10-09,1384.564183815159,1408.5173661050787,1374.7763713652205,1401.8282470703125,381888
2019-10-10,1398.827813309048,1414.56708547005,1382.5966888930147,1389.2366943359375,435916
2019-10-11,1396.171943915685,1431.0934561427368,1385.006800983827,1424.5025634765625,649286
2019-10-14,1433.4050459304406,1453.1774824985605,1421.2563192891196,1428.093017578125,878725
2019-10-15,1436.1104454107617,1464.7362267665333,1433.2576779038543,1459.57177734375,594035
2019-10-16,1459.8176513743529,1470.0482034056013,1455.8828329070366,1459.0306396484375,304772
2019-10-17,1464.7360924960203,1468.6709107431557,1446.6851378035133,1463.0638427734375,354752
2019-10-18,1466.703411759439,1506.0515918200542,1466.0639798172308,1483.27880859375,562505
2019-10-22,1477.5241428706288,1514.904913462562,1477.5241428706288,1494.640625,621477
2019-10-23,1495.2310396882742,1505.9042109224542,1485.3939933745355,1489.0828857421875,193859
2019-10-24,1493.558426751602,1514.9047640304998,1493.558426751602,1511.7569580078125,340507
2019-10-25,1514.904952912522,1518.1512258440673,1482.7869764855234,1494.5914306640625,289340
2019-10-27,1502.116913694818,1508.2650674018205,1495.2309815429755,1504.7237548828125,31619
2019-10-29,1501.2312969483442,1502.1166549458694,1370.300262173933,1407.6810302734375,2296243
2019-10-30,1436.0119623191224,1464.9820135302289,1416.5345640312437,1438.1268310546875,751366
2019-10-31,1447.0292010955416,1475.3599364098002,1439.2087989928991,1460.6043701171875,457117
2019-11-01,1468.4742996912703,1483.4265618311215,1426.47004051382,1436.208740234375,551152
2019-11-04,1437.1922553710074,1447.0293002400765,1388.0070310256615,1391.6959228515625,519503
2019-11-05,1400.3032992933474,1423.223661251703,1389.4825502296123,1391.892578125,620983
2019-11-06,1392.925741036025,1406.648372443865,1379.2031096281862,1390.8599853515625,604579
2019-11-07,1399.5164650644456,1445.0620353829622,1397.3523630098691,1440.045166015625,909619
2019-11-08,1443.980212234783,1443.980212234783,1391.9422074591278,1395.4835205078125,504630
2019-11-11,1401.7790586701408,1421.4531507216516,1391.1058877484218,1395.8768310546875,475250
2019-11-13,1396.9097095285294,1411.616044679325,1356.676168977542,1366.0213623046875,506842
2019-11-14,1371.2840993260006,1418.0100639730488,1363.7096225630316,1396.0242919921875,1643108
2019-11-15,1414.02607658699,1421.8465999144737,1357.5122974537037,1374.481201171875,1282545
2019-11-18,1395.876823707665,1405.3203638264597,1375.4157200493369,1381.072021484375,783234
2019-11-19,1385.8431389104924,1397.6475945397772,1379.153899354778,1387.9580078125,472316
2019-11-20,1398.8278729221945,1413.6817876409382,1391.9419410583016,1398.38525390625,660964
2019-11-21,1404.730265068171,1439.11069516186,1401.7791510659272,1431.73291015625,1123652
2019-11-22,1435.8643038631762,1451.013377247154,1417.1739182795827,1427.9454345703125,882624
2019-11-25,1427.74875808642,1440.8319560964055,1416.6820822849252,1426.7158203125,337740
2019-11-26,1431.29014607842,1463.7523968142193,1427.011055224926,1434.634765625,989762
2019-11-27,1443.586437491276,1455.8827444545748,1436.2086533132967,1440.09423828125,400326
2019-11-28,1441.471644567057,1452.3416294322456,1416.5347546728972,1420.96142578125,397266
2019-11-29,1429.8145799576666,1442.94701183579,1407.681227326743,1417.7149658203125,359720
2019-12-02,1426.5683537838,1426.5683537838,1391.4009145582238,1393.171630859375,308438
2019-12-03,1400.6970102946154,1400.6970102946154,1377.1864462320004,1381.5147705078125,405568
2019-12-04,1381.12119902812,1454.456421838024,1378.219318615318,1446.2916259765625,1204381
2019-12-05,1447.8656162636537,1468.2283738806934,1427.9455977728646,1459.0306396484375,725914
2019-12-06,1455.7842960855355,1485.3937771637693,1435.815046942875,1441.1270751953125,830784
2019-12-09,1442.1109302469956,1450.4231860075784,1379.8423816111106,1388.794189453125,878632
2019-12-10,1389.4825231857635,1413.5832819950035,1345.7076755526548,1351.5606689453125,1141233
2019-12-11,1357.5122061537593,1384.0722275785067,1357.5122061537593,1367.7918701171875,735568
2019-12-12,1372.268169049277,1383.0889216367625,1352.3481472404974,1362.9229736328125,698123
2019-12-13,1370.300452932286,1374.9730495951922,1323.082634022918,1330.9522705078125,2563372
2019-12-16,1347.6752230629918,1367.2509674726125,1343.7404048934648,1348.21630859375,825493
2019-12-17,1347.6259774490188,1347.6259774490188,1319.4920518110437,1341.4287109375,1184021
2019-12-18,1348.708273426163,1372.1203714401156,1347.6753355380065,1362.2833251953125,1244195
2019-12-19,1362.873504071963,1380.6786535802169,1348.8066001957834,1373.6451416015625,730557
2019-12-20,1377.1864455924135,1379.5473606582264,1353.0856827945463,1356.725341796875,629259
2019-12-23,1355.5449593876804,1367.3494147669635,1343.297884964126,1363.6605224609375,476672
2019-12-24,1369.218512399733,1375.6617057429005,1349.8394589435134,1353.0364990234375,295536
2019-12-26,1361.8406042908614,1365.0867572601787,1348.1178537570456,1357.1187744140625,344456
2019-12-27,1357.4629821666354,1401.7296848435142,1357.0203631723132,1394.9913330078125,1085655
2019-12-30,1398.0408908516113,1409.5010731411255,1388.5973509688165,1395.7784423828125,527326
2019-12-31,1393.909339513263,1430.3064076586338,1391.9419304243238,1418.501953125,985801
2020-01-01,1416.5347709334094,1418.5021803374834,1399.024779204693,1403.107177734375,268255
2020-01-02,1404.7301334275496,1484.606896903725,1404.7301334275496,1470.2940673828125,2000143
2020-01-03,1470.2938999035443,1480.4752170812028,1457.407395452149,1461.8831787109375,629443
2020-01-06,1455.882922676282,1455.882922676282,1434.3889994894848,1438.6680908203125,378702
2020-01-07,1450.9641012390298,1474.5237753928047,1448.5540733067048,1454.603759765625,365266
2020-01-08,1440.1435788399092,1455.4893470572229,1434.2413510577785,1449.6363525390625,190163
2020-01-09,1465.7198093571235,1474.2779910840077,1448.996831666472,1455.4892578125,254798
2020-01-10,1459.8175828074002,1477.524265078649,1451.9479462424008,1461.6866455078125,364434
2020-01-13,1468.9658295285087,1479.4914185830612,1455.341427514573,1459.2762451171875,374704
2020-01-14,1460.8994936290803,1477.5241232935457,1459.7190962900524,1468.9659423828125,308514
2020-01-15,1464.0476158785837,1504.0843453851617,1463.7524564637806,1487.3121337890625,932167
2020-01-16,1494.9357238027249,1580.8131771659685,1493.3127073957323,1565.614990234375,2305288
2020-01-17,1569.5499241596654,1597.5362720256935,1554.2532695816478,1592.2242431640625,893254
2020-01-20,1593.6014228189488,1631.965901516442,1590.158456781994,1602.995849609375,1047368
2020-01-21,1603.2908630653549,1615.7347498429272,1594.585101671467,1599.7003173828125,317357
2020-01-22,1616.8661949965256,1636.8845608926574,1599.9956359927328,1607.8160400390625,736367
2020-01-23,1612.0949707281236,1672.1992912180674,1604.6679537755213,1659.4111328125,764590
2020-01-24,1662.4608920708793,1669.8879103608103,1622.227347057197,1641.5079345703125,1023849
2020-01-27,1640.8190293364596,1685.0857297681985,1634.9168026122277,1668.4119873046875,791549
2020-01-28,1668.2646629805893,1677.0196579778767,1646.5248152348522,1650.410400390625,681671
2020-01-29,1659.5097035774122,1667.330107319376,1643.8196628297462,1660.493408203125,230705
2020-01-30,1657.5423896151,1681.889080501138,1652.8697923743457,1663.2479248046875,634505
2020-01-31,1671.5107175518103,1671.559950811589,1629.4573481846217,1633.146240234375,377299
2020-02-03,1589.6667806138362,1689.6111532005575,1589.6667806138362,1668.215576171875,584886
2020-02-04,1668.2155054009609,1677.1180805090553,1633.933422391101,1643.8197021484375,384789
2020-02-05,1653.6074537683858,1653.6074537683858,1623.112610778011,1630.441162109375,438855
2020-02-06,1638.5566898805444,1638.5566898805444,1595.765540154174,1618.2432861328125,552992
2020-02-07,1622.9160284574607,1651.1483047298896,1601.471218409449,1636.0484619140625,554048
2020-02-10,1635.9008082129278,1673.8717831125275,1607.8652261118643,1638.5567626953125,778081
2020-02-11,1643.278605590985,1675.1506600299283,1641.8030486269706,1670.28125,606839
2020-02-12,1677.2163414998972,1688.9715634269323,1643.3277660926583,1656.1650390625,728165
2020-02-13,1647.7050295272643,1679.1835733749494,1628.0309396224611,1667.8709716796875,902548
2020-02-14,1692.9556937914526,1719.2205597765658,1647.1641945411072,1676.626220703125,3179224
2020-02-17,1698.8578833411982,1708.694929567841,1672.3962049753031,1687.1026611328125,808709
2020-02-18,1688.0369527305434,1755.3223657716908,1677.0195101624183,1745.9771728515625,1860803
2020-02-19,1745.976997044064,1763.3885172253763,1722.1712780590808,1751.4857177734375,1029649
2020-02-20,1760.8314631069975,1783.8992909459698,1749.272932553083,1771.3570556640625,799535
2020-02-24,1766.7333444257986,1783.9974070432536,1735.5007254472243,1768.15966796875,708469
2020-02-25,1771.9047044984084,1783.7305423482308,1752.194974748704,1764.4642333984375,459592
2020-02-26,1760.0295069918511,1770.869858124987,1737.412640701719,1741.5516357421875,494854
2020-02-27,1739.3835949033437,1776.8320802327073,1729.6272549288603,1769.3424072265625,919960
2020-02-28,1754.658367484374,1773.628978871105,1701.0478883889014,1710.607177734375,1234826
2020-03-02,1724.601282658071,1752.096378595605,1686.3643603859684,1703.462646484375,980080
2020-03-03,1713.662424075177,1727.7548082305843,1670.3995445547105,1700.6539306640625,672514
2020-03-04,1701.935153384712,1746.282045047892,1686.8079599548892,1729.775146484375,1164850
2020-03-05,1739.3340673358025,1743.1774881208032,1693.6567995451346,1702.1319580078125,661463
2020-03-06,1675.3270597476676,1685.1819248050067,1648.7189240928517,1664.38818359375,498503
2020-03-09,1626.0527420514998,1647.4870736512696,1582.7898601880972,1617.0848388671875,486073
2020-03-11,1605.3573881590935,1618.9571489590855,1587.6186324888274,1605.603759765625,617459
2020-03-12,1557.0688036202753,1566.9729919146637,1458.8158392581288,1486.11376953125,1279868
2020-03-13,1360.0697612621743,1575.3000158228092,1358.9857502781697,1491.6815185546875,828569
2020-03-16,1410.2310582570767,1518.5360392018158,1343.5628782986137,1451.4244384765625,1197701
2020-03-17,1471.134149606662,1496.9045227902438,1394.9066801429192,1406.042724609375,610719
2020-03-18,1432.8971063424983,1432.8971063424983,1215.6466956633203,1264.083251953125,1731130
2020-03-19,1177.7547072898992,1230.133330605948,1037.076531488578,1162.972412109375,2412020
2020-03-20,1172.9752403565838,1380.07524069099,1133.3094109725448,1343.168701171875,2002316
2020-03-23,1208.896011632369,1280.491616307541,1132.323773257389,1141.833740234375,816579
2020-03-24,1231.8580125854917,1246.6403087365177,1107.8345719381111,1139.2222900390625,1641749
2020-03-25,1162.8738842232049,1204.4613597598725,1056.4906816630833,1166.5694580078125,2323541
2020-03-26,1172.7289334206002,1316.905656295885,1115.5707164975795,1198.2037353515625,2809679
2020-03-27,1240.7272386461011,1240.7272386461011,1113.8952012899704,1150.0625,2480908
2020-03-30,1122.4691216850672,1150.062743640451,1064.4732653135702,1082.310546875,1207547
2020-03-31,1105.7157196291369,1138.3352947848514,1031.8535634828104,1122.518310546875,1882578
2020-04-01,1119.512711579858,1122.469171205509,1064.374787680926,1073.0469970703125,1017298
2020-04-03,1078.31928778441,1221.4612029187883,1072.2586420055886,1172.2855224609375,2397409
2020-04-07,1218.0612917557753,1260.092314272934,1194.9023594287034,1208.1571044921875,1473088
2020-04-08,1208.1079023589205,1318.975131585333,1193.4241297172048,1245.6055908203125,2070258
2020-04-09,1247.625817311237,1281.1323558488216,1238.4115432731285,1261.2747802734375,1156777
2020-04-13,1281.132418235362,1281.132418235362,1211.9513157701092,1260.8314208984375,1027810
2020-04-15,1276.20490630136,1394.4139535570782,1272.854228433583,1340.8035888671875,2274130
2020-04-16,1350.855561237887,1419.1004984005526,1314.688256377273,1402.7906494140625,1281806
2020-04-17,1428.9554322089557,1450.636135318333,1340.2616467615032,1354.156982421875,1718038
2020-04-20,1364.898581394766,1443.7374886233442,1353.072745310479,1429.891357421875,1859711
2020-04-21,1395.4489391225882,1412.251532730777,1310.79562136891,1331.5401611328125,1669510
2020-04-22,1331.6385822569907,1348.4903767035305,1292.366970791878,1328.7314453125,1272533
2020-04-23,1352.087364962395,1396.3357291728594,1342.0354516222162,1363.9625244140625,1301177
2020-04-24,1340.2616641573188,1357.5076782181666,1321.6359449118738,1339.7689208984375,755944
2020-04-27,1350.21497530923,1402.692129324555,1350.21497530923,1398.3067626953125,1179779
2020-04-28,1409.048546092751,1437.0362644729785,1396.483594107047,1405.7470703125,1214114
2020-04-29,1399.390534275334,1408.062861762122,1355.0436511468902,1397.3702392578125,1010961
2020-04-30,1420.9729669361438,1420.9729669361438,1367.1161072233217,1374.113037109375,731401
2020-05-04,1374.4084804466954,1406.4367849191983,1335.8266680762483,1351.8408203125,1532116
2020-05-05,1378.695784488827,1381.455195150513,1315.082574904921,1328.041748046875,652241
2020-05-06,1330.4067262214603,1339.27610439627,1243.4375457851315,1286.7989501953125,1621448
2020-05-07,1275.1700673371752,1315.6243318015363,1247.1330276365877,1252.7010498046875,935845
2020-05-08,1261.7183683492026,1308.233281344207,1257.677777606703,1295.7176513671875,1250585
2020-05-11,1300.8420961201257,1322.2764261130142,1263.7878301691587,1285.2713623046875,717988
2020-05-12,1277.2889982809877,1300.8421491318147,1262.3588541005415,1282.2164306640625,663107
2020-05-13,1314.6389978403568,1314.6389978403568,1239.7420234506512,1265.90673828125,1508002
2020-05-14,1270.587690773333,1290.987211569519,1247.428759878765,1275.6136474609375,907116
2020-05-15,1280.1468285227863,1357.1132919978015,1271.4252979771034,1335.6297607421875,1984090
2020-05-18,1335.3341427001465,1345.0904826364288,1237.7709839346007,1247.6751708984375,860662
2020-05-19,1271.2776386155458,1283.1034771142952,1248.6114481596098,1255.7562255859375,960164
2020-05-20,1256.3968512357503,1280.0977310477604,1251.6664675837417,1269.7501220703125,531853
2020-05-21,1273.248281071198,1290.987034213057,1253.735604495706,1261.7181396484375,608962
2020-05-22,1251.567985534668,1277.1906372070312,1234.469817036111,1261.4228515625,775343
2020-05-26,1271.2774571620248,1319.369241645437,1267.4340361387851,1302.566650390625,1145344
2020-05-27,1303.0098888568257,1339.7685745872348,1298.8708946715522,1318.1864013671875,1386447
2020-05-28,1320.551790111926,1334.3485998593642,1297.8856026697065,1317.6446533203125,523206
2020-05-29,1303.798402754051,1347.7510686133216,1295.8651897501195,1337.255615234375,870048
2020-06-01,1352.0871059159256,1377.7097478647695,1337.8468780291855,1353.3682861328125,868868
2020-06-02,1358.9858747789094,1374.6058116439417,1330.8995097091497,1340.9022216796875,608623
2020-06-03,1350.1164958423926,1386.5794960950705,1320.6012234870475,1330.209716796875,738592
2020-06-04,1335.334201090629,1347.8991539053195,1316.609957680502,1344.449951171875,762916
2020-06-05,1349.7223725835763,1360.7598942680286,1332.082139046688,1339.3255615234375,548928
2020-06-08,1348.736698676681,1387.5648879240557,1332.4269705041984,1344.2528076171875,746452
2020-06-09,1350.066891040149,1371.7969117925168,1333.0672525858236,1344.745361328125,517243
2020-06-10,1345.1888827908012,1358.39442408818,1312.6678328771775,1335.974609375,710311
2020-06-11,1339.276081267274,1370.8116475664297,1319.5663523303017,1327.9923095703125,677212
2020-06-12,1286.0598196723322,1389.5358971172325,1283.3004094876792,1383.228759765625,1340007
2020-06-15,1374.5564487593024,1408.2600347822956,1351.1018248331193,1390.2255859375,1375760
2020-06-16,1419.100374476416,1419.100374476416,1335.6297269582617,1352.826416015625,1021337
2020-06-17,1355.04382562147,1366.5247664582807,1327.1053097129288,1332.7225341796875,481888
2020-06-18,1335.2847024266014,1348.638090794696,1316.806833078848,1327.8935546875,591592
2020-06-19,1337.3047951628555,1363.9129229958676,1330.554238642721,1350.805908203125,894818
2020-06-22,1359.9712873314888,1388.3040224842282,1351.742499616421,1378.0057373046875,758430
2020-06-23,1387.5648255780627,1401.361634923299,1374.1622348452734,1395.5472412109375,630401
2020-06-24,1403.3327009910363,1419.1004841482393,1380.6665127025576,1391.309814453125,681132
2020-06-25,1391.3097660542364,1423.042380434783,1385.1011535326088,1416.63671875,872300
2020-06-26,1431.911696774236,1458.5198287858702,1356.3249402532308,1368.0029296875,3862478
2020-06-29,1360.9568649737223,1385.1506068188178,1339.5225334652655,1345.2384033203125,911358
2020-06-30,1357.014893328984,1364.3567195416265,1324.49383924049,1330.2589111328125,759369
2020-07-01,1330.406681495976,1333.9052064445498,1291.9727106972034,1300.4971923828125,1066663
2020-07-02,1310.6970249981855,1348.046986837938,1307.001450679582,1342.774658203125,1095777
2020-07-03,1352.087449335691,1380.6665572298127,1346.174530461045,1359.7742919921875,1034372
2020-07-06,1364.7014326593142,1392.3442503099702,1361.5478044211266,1389.5849609375,684284
2020-07-07,1387.564889025894,1405.3036447094637,1374.753565476649,1398.651611328125,750569
2020-07-08,1406.2892635136266,1410.2312095921511,1367.0668519128485,1373.620361328125,931697
2020-07-09,1384.6084112183662,1397.4197345961873,1370.1710111982484,1383.6229248046875,534658
2020-07-10,1379.6809433825954,1418.3119616778556,1376.4781126211717,1382.0953369140625,722285
2020-07-13,1394.4140337782176,1421.9584528170371,1386.136043662178,1410.674560546875,769099
2020-07-14,1405.25421865602,1433.882645365062,1398.010918012355,1420.824951171875,846728
2020-07-15,1429.0536235203476,1448.5169774543565,1419.1987607689507,1443.9837646484375,821199
2020-07-16,1448.6158285541762,1470.2965314942896,1406.8312973085094,1415.7498779296875,1040680
2020-07-17,1415.8482621365215,1485.1280041454402,1415.8482621365215,1477.441162109375,1195304
2020-07-20,1485.9165129644623,1495.6235304080662,1443.984016523509,1463.5458984375,1032717
2020-07-21,1479.1166843750932,1497.9394521149673,1473.3022900736028,1478.3282470703125,731642
2020-07-22,1478.2297163549656,1485.1774441412908,1446.940520692119,1459.6533203125,477423
2020-07-23,1463.4473689874612,1512.721691175591,1456.9431825183558,1509.075439453125,1015614
2020-07-24,1514.643375152446,1526.863431385356,1474.3370749491708,1490.1048583984375,1481040
2020-07-27,1496.9539510810712,1509.4203790125412,1470.3951387781217,1486.45849609375,442729
2020-07-28,1496.3626359187151,1585.9433774560391,1489.0700121963453,1575.9898681640625,1886396
2020-07-29,1575.9895701403027,1625.4610522973603,1558.0537684271278,1617.4786376953125,1522653
2020-07-30,1613.734022261374,1702.9205437970409,1607.4762075172173,1691.2425537109375,2000500
2020-07-31,1692.129628032396,1692.129628032396,1619.6470484766978,1650.295654296875,885944
2020-08-03,1645.7621569231785,1678.4310525409887,1544.3555903799836,1551.5003662109375,2067390
2020-08-04,1547.213770774538,1642.8552816033382,1545.2921202615044,1629.9453125,2098343
2020-08-05,1642.7074781736717,1690.1093549735506,1633.9366242251583,1651.9217529296875,1857434
2020-08-06,1663.9937168153203,1714.7462642929568,1630.1914865894046,1668.871826171875,1406163
2020-08-07,1675.8690022040137,1727.557717509177,1675.8690022040137,1717.89990234375,1570379
2020-08-10,1733.4211524673408,1771.9044422269253,1728.543043195788,1759.240966796875,1082244
2020-08-11,1764.020673617557,1771.8552424563486,1713.268123510683,1725.34033203125,697840
2020-08-12,1725.340248058746,1728.1981825679193,1678.3817988555109,1682.2252197265625,804252
2020-08-13,1699.9640974867075,1752.0963538693604,1686.6600306368114,1700.0626220703125,1005174
2020-08-14,1709.8187895552396,1724.6010845658036,1663.0081886884536,1682.570068359375,765898
2020-08-17,1690.1093408067138,1702.1815503839048,1661.530232419895,1679.6632080078125,479355
2020-08-18,1679.6632097211805,1691.88326634498,1654.434779455086,1672.5184326171875,639935
2020-08-19,1685.1819630065374,1693.312226863148,1657.5883402204654,1660.5447998046875,606462
2020-08-20,1654.6317508698555,1679.2689121395078,1647.733345714353,1668.6256103515625,455458
2020-08-21,1690.1091825254985,1723.6157202548668,1641.4754525574506,1653.1534423828125,1091774
2020-08-24,1670.892392374431,1675.3270817083649,1651.0841374092556,1666.0142822265625,525574
2020-08-25,1666.4575596175011,1691.5874636803314,1634.577097542618,1640.2928466796875,682054
2020-08-26,1640.292802317056,1640.292802317056,1611.4673249069397,1627.235107421875,748724
2020-08-27,1631.965653409091,1655.568007100712,1614.4239454884962,1626.052734375,476278
2020-08-28,1629.7974835080129,1651.5767092500073,1623.638193405716,1637.8291015625,548801
2020-08-31,1645.762350381629,1652.611433001786,1598.4590013886238,1610.826904296875,626908
2020-09-01,1611.2701917202012,1670.3993730677314,1602.4993390939253,1646.599853515625,1106516
2020-09-02,1663.205190659824,1683.6048293749516,1645.762131161572,1673.996337890625,1098000
2020-09-03,1678.4312294235351,1692.0801923551412,1663.9938292321815,1674.2921142578125,588865
2020-09-04,1660.5447762171316,1665.22583715899,1619.1543426259627,1625.9542236328125,456702
2020-09-07,1629.994537052827,1643.6928223368795,1596.882217433609,1625.3134765625,443358
2020-09-08,1635.858421619273,1661.431870881945,1607.180785828167,1627.678955078125,710352
2020-09-09,1612.2556916628964,1663.6488296102873,1577.566619766129,1583.134521484375,1000765
2020-09-10,1576.7784621508065,1591.56076023347,1562.0454865145446,1585.54931640625,936677
2020-09-11,1590.5750043207042,1624.722131168356,1571.900085691781,1588.406982421875,867578
2020-09-14,1614.128133770394,1629.2060029054446,1567.0711600609584,1600.1341552734375,1094575
2020-09-15,1577.813070537674,1673.8979958590423,1577.813070537674,1648.5709228515625,2802668
2020-09-16,1668.3793317627851,1713.1697656275792,1653.6956790662662,1664.38818359375,2077987
2020-09-17,1673.3704731342616,1763.9363135177264,1661.673437739559,1754.1640625,2006191
2020-09-18,1754.1642026724223,1847.7900166856973,1751.1536391628688,1804.8514404296875,3235148
2020-09-21,1800.5084179069856,1875.478140647017,1787.5773932782286,1807.91162109375,2220744
2020-09-22,1819.1642845342865,1819.1642845342865,1740.2461914902226,1766.0587158203125,1384803
2020-09-23,1768.871923412532,1811.168864669718,1737.433012935222,1794.3389892578125,1421474
2020-09-24,1800.4587875675743,1948.5228325978028,1772.030442723839,1922.512939453125,5742817
2020-09-25,1941.7613027689936,2020.5807068284305,1895.8120450435267,2001.48046875,3665739
2020-09-28,2008.735672337879,2069.935481519672,1973.2989845352604,2033.314208984375,2422864
2020-09-29,2033.3140805152384,2087.653633271137,2028.5268209835808,2058.28759765625,2160713
2020-09-30,2076.8453738191192,2140.0193775854805,2059.176491036595,2120.326904296875,2025626
2020-10-01,2123.238792955198,2131.0861405750143,2049.700303845406,2062.779296875,1224430
2020-10-05,2067.9615293838897,2129.161345527948,2041.4088023237184,2099.3017578125,1594662
2020-10-06,2114.84843166239,2128.026230071193,2076.6479504296008,2098.364013671875,903168
2020-10-07,2092.3425173715304,2160.1558079737188,2069.935538047446,2145.053466796875,1470503
2020-10-08,2161.735461925396,2227.771941969154,2159.6133066120806,2219.62841796875,1899346
2020-10-09,2215.9265714122853,2284.134843114647,2207.48711299027,2247.711181640625,2181213
2020-10-12,2202.2057318528014,2302.8892749496126,2202.2057318528014,2244.30517578125,2053057
2020-10-13,2252.7947708021475,2262.9124820085103,2217.209991971098,2225.353515625,939023
2020-10-14,2235.767624302453,2244.602066275595,2181.674831816751,2198.948974609375,1405987
2020-10-15,2215.037865844587,2260.444167907355,2146.928412750436,2154.430419921875,2782519
2020-10-16,2181.4773138799837,2190.361158144653,2146.92903062849,2182.020263671875,1036072
2020-10-19,2195.5927891395954,2212.077207413681,2157.836451262053,2183.55029296875,760641
2020-10-20,2186.2151351339576,2196.283442492619,2148.01465783775,2183.697998046875,869774
2020-10-21,2196.283636206276,2202.650342818913,2108.136114429363,2121.758056640625,1473524
2020-10-22,2121.7580820980224,2142.733824942676,2065.5431394722896,2074.574951171875,1391948
2020-10-23,2071.120255548293,2079.856132464696,2026.1089208499493,2048.2197265625,1124706
2020-10-26,2052.167854259364,2083.754853459123,1998.0257875424936,2025.8125,1236009
2020-10-27,2052.611884524967,2119.290110152236,2008.3407575106,2091.305908203125,1429726
2020-10-28,2080.645438990565,2104.5330570358624,2039.335473492256,2052.4638671875,958986
2020-10-29,2051.0818558324686,2072.896722498438,2034.40006908061,2058.929443359375,606805
2020-10-30,2061.0024919554726,2117.0694690936243,2051.131553761774,2092.095947265625,1071769
2020-11-02,2110.505111537117,2121.0175629225755,2038.348466520125,2042.593017578125,637352
2020-11-03,2058.090326881427,2131.924982489783,2053.0560527075763,2084.100341796875,1528660
2020-11-04,2085.729023996947,2120.277304091549,2061.0516810722315,2076.450439453125,725363
2020-11-05,2104.532574465523,2111.935775116074,2077.3381025445788,2095.20458984375,466474
2020-11-06,2100.5355030977853,2140.463397146232,2035.930265262945,2058.978759765625,1290149
2020-11-09,2072.69918876292,2082.2739484816875,2002.9610018480123,2057.497802734375,1534921
2020-11-10,2063.025851903271,2063.025851903271,1960.3681061626296,2007.1563720703125,2804380
2020-11-11,2036.3741739743336,2180.243071626665,2023.5419566880196,2167.01611328125,3735087
2020-11-12,2127.186987927333,2176.7390449702098,2066.974270403636,2083.2119140625,2435538
2020-11-13,2093.6753046355607,2284.135000776341,2084.2485108639776,2236.55712890625,4605948
2020-11-14,2245.6379730936105,2293.5120133991227,2240.751907899535,2255.163330078125,325596
2020-11-17,2254.521824256849,2311.3785130682945,2236.803542005826,2277.570556640625,1832334
2020-11-18,2261.5797083993625,2298.546561466332,2252.8440734621763,2259.161376953125,1036844
2020-11-19,2259.1611699576224,2383.831145124159,2247.612222545636,2269.377685546875,2584654
2020-11-20,2304.863483978844,2367.6918932597555,2294.6963720186104,2319.275146484375,2144949
2020-11-23,2343.3601983424733,2371.837945000413,2298.4474396969035,2344.69287109375,1693126
2020-11-24,2351.8985603901456,2392.1226261421566,2267.2061190340783,2283.4931640625,2018323
2020-11-25,2305.357619997595,2324.60594951588,2207.4873639966613,2212.57080078125,1501778
2020-11-26,2227.327683091749,2288.083352668791,2215.03841388644,2274.609619140625,1207176
2020-11-27,2285.072479226945,2344.347503243736,2268.34128945436,2317.59716796875,8998610
2020-12-01,2353.23127125203,2476.470010355871,2318.7323962409614,2431.211669921875,2001392
2020-12-02,2442.760649935612,2452.9771657866368,2344.7916034694726,2380.42578125,1611325
2020-12-03,2468.7213840390723,2468.7707869228143,2341.287488890925,2359.05517578125,1745381
2020-12-04,2369.0250800064096,2413.44430025653,2369.0250800064096,2403.227783203125,1219317
2020-12-07,2403.2272745065184,2436.689891272316,2386.841665765336,2401.302490234375,778998
2020-12-08,2434.1730858381297,2472.669740480339,2384.571626972207,2418.82373046875,1412683
2020-12-09,2472.817783929343,2487.476222349777,2401.599067054368,2411.173828125,1650915
2020-12-10,2423.265802900004,2423.265802900004,2339.4122353213397,2362.164794921875,1121002
2020-12-11,2372.5783226803696,2381.856906317407,2314.7345401219723,2329.442138671875,1654915
2020-12-14,2345.1373493688234,2359.499611445048,2316.709001535513,2326.382568359375,800654
2020-12-15,2330.5284147786765,2361.7206746252127,2304.8639764964887,2324.80322265625,1060707
2020-12-16,2338.4246334697937,2380.1293361984126,2329.540791468431,2358.857421875,948217
2020-12-17,2364.088920391778,2391.727538250221,2349.529291341349,2373.46630859375,1184865
2020-12-18,2373.9604726844705,2396.6636289720973,2336.5988777891757,2356.93310546875,1065060
2020-12-21,2354.2181515100924,2402.585736174241,2274.954490076835,2305.3076171875,1241568
2020-12-22,2309.799142428656,2393.702102730552,2221.947807524318,2377.26708984375,1249868
2020-12-23,2359.1536802909463,2429.1385194317527,2359.1536802909463,2402.388427734375,1093766
2020-12-24,2403.5729062340365,2421.192623318305,2374.2562746310828,2381.90625,543157
2020-12-28,2394.19577307023,2398.0947449933547,2344.841087993541,2357.969482421875,784636
2020-12-29,2371.985860595446,2384.423336035624,2340.398866197171,2345.827880859375,585199
2020-12-30,2352.0965967601023,2372.973534580686,2320.8549328778126,2365.42236328125,569168
2020-12-31,2359.2531734247414,2396.663934992703,2354.218898252717,2381.66015625,855723
2021-01-01,2374.4539269955008,2398.63772296781,2364.089443007368,2383.683349609375,423934
2021-01-04,2386.891393295596,2397.65061832407,2367.2974867829157,2378.155517578125,527018
2021-01-05,2373.960600297294,2483.3800449438822,2355.008447445043,2477.0625,1720467
2021-01-06,2489.4501058952624,2506.082729763104,2448.9792675361405,2469.856201171875,1108589
2021-01-07,2469.85677119592,2530.9086219872447,2467.734615822196,2476.17431640625,1014690
2021-01-08,2501.196568730201,2545.714589904941,2483.231512028456,2520.543701171875,862326
2021-01-11,2531.648272508046,2558.398605061412,2491.917755705844,2517.631591796875,422296
2021-01-12,2525.972634233942,2551.6370689701994,2475.828228935938,2484.761474609375,500012
2021-01-13,2495.373106105554,2504.9972705772825,2406.287891380069,2447.202880859375,662618
2021-01-14,2449.8674880659123,2496.260886861071,2443.056638681205,2479.5791015625,603193
2021-01-15,2487.476248946862,2579.9668850847665,2477.7041172218733,2558.892578125,1941813
2021-01-18,2565.9500552421678,2596.895538917067,2514.177039236427,2575.57421875,1572820
2021-01-19,2584.70491478011,2624.682210578695,2546.701806428369,2611.3564453125,1202289
2021-01-20,2611.1096200099687,2648.224439669188,2609.135432602344,2641.265380859375,1064146
2021-01-21,2640.47555028562,2650.346486922202,2541.173831325742,2551.6865234375,994932
2021-01-22,2556.622064582112,2617.772470589695,2533.968312553789,2564.37060546875,1194708
2021-01-25,2577.153641932289,2673.049696961767,2577.153641932289,2652.221923828125,1764152
2021-01-27,2663.178821091032,2714.162114654151,2553.858193056995,2566.83837890625,1665899
2021-01-28,2560.520836952525,2664.659213320486,2547.244476030559,2588.55419921875,1410605
2021-01-29,2588.7521451467883,2641.9564014648918,2518.076136796913,2528.19384765625,921579
2021-02-01,2556.573112578022,2642.006134866169,2495.472098677159,2629.12451171875,879244
2021-02-02,2644.917955696844,2709.5726024959267,2643.4373149304524,2670.23681640625,607131
2021-02-03,2679.860745509271,2771.907238384756,2669.101519949727,2685.5859375,1286454
2021-02-04,2694.7661669603226,2712.4350501939603,2651.334038262061,2696.394775390625,455213
2021-02-05,2704.636473320778,2747.0814982670527,2652.9620267868368,2703.254638671875,941316
2021-02-08,2705.623707961582,2744.120360500984,2689.8302094838787,2695.012451171875,564043
2021-02-09,2711.05287806807,2799.9901178515006,2702.7613872890743,2753.300537109375,1052950
2021-02-10,2777.533749132868,2791.5010288182475,2710.2137649106435,2720.923828125,745906
2021-02-11,2724.378656130963,2743.626983592758,2694.7658446512787,2720.923828125,581642
2021-02-12,2732.2756385848247,2753.991702186294,2690.916504757906,2712.632568359375,693562
2021-02-15,2741.1595886566256,3086.6424320235037,2724.823137436622,3050.761474609375,4446974
2021-02-16,3049.1323997230165,3211.5587141476976,3007.67446486113,3161.414306640625,4381584
2021-02-17,3135.996853340538,3241.615884913543,3135.996853340538,3193.248291015625,2081001
2021-02-18,3183.870695958145,3196.0119965387444,3054.0678757694936,3066.6533203125,1477343
2021-02-19,3050.2182954182017,3069.1210431086997,2858.623314575153,2882.26416015625,2037556
2021-02-22,2880.7836417410167,2929.5953783834866,2829.898911874266,2891.740478515625,1246303
2021-02-23,2907.188270429798,3013.1034709395467,2899.587697259597,2958.072998046875,1465930
2021-02-24,2976.087736227098,3079.73258276237,2961.3307324659663,3020.161376953125,1088420
2021-02-25,3060.977506067285,3099.4247567604584,3018.4336720024403,3051.4521484375,819639
2021-02-26,3030.3781723355974,3132.9865316341643,2981.664993592884,3019.174560546875,2103433
2021-03-01,2999.827046281985,3058.0161695478505,2968.733595881483,3041.383544921875,678218
2021-03-02,3065.419402358816,3111.319258166153,3027.811037011132,3047.454345703125,944553
2021-03-03,3074.895649937816,3079.2387657776976,3010.043401716814,3017.54541015625,536623
2021-03-04,3018.5325843176347,3041.5319161043867,2978.061741951048,3002.837890625,687383
2021-03-05,2961.28096715467,2978.801879543669,2832.958791911302,2842.336181640625,1486110
2021-03-08,2863.558708723875,2897.959019183521,2810.00887764898,2829.602783203125,952087
2021-03-09,2833.4525597332854,2889.1739527466166,2790.2178060428155,2848.851318359375,883183
2021-03-10,2872.442652889898,2887.1996554344737,2843.5701623067266,2866.618896484375,432551
2021-03-12,2893.270291668985,2991.880850831711,2889.7166581358742,2937.936279296875,1512021
2021-03-15,2959.3068835987137,2985.958413237528,2877.378107301618,2957.925048828125,918701
2021-03-16,2963.25479074092,3040.2480864363865,2952.1993913518045,3033.585205078125,1081398
2021-03-17,3040.248636717207,3042.519000455548,2931.668328263021,2958.714599609375,740599
2021-03-18,2986.945366448177,3025.442018560365,2884.2876274823448,2920.513916015625,789785
2021-03-19,2915.874617911532,2944.352365873661,2849.9861173206064,2896.72509765625,2288304
2021-03-22,2875.4039007369347,2906.2505783538345,2837.8943407547845,2867.60595703125,488626
2021-03-23,2880.240754795123,2929.49687748086,2859.462624163323,2908.718505859375,630061
2021-03-24,2919.6747857387118,2938.4295633973197,2866.569103960093,2881.91845703125,627981
2021-03-25,2889.223274886509,2954.371459424435,2751.5237030222565,2773.091796875,1001626
2021-03-26,2803.346314728152,2867.5074099596054,2782.617345499528,2814.895263671875,918204
2021-03-30,2865.0391064349947,2932.556210686908,2837.894033075145,2887.841064453125,1420415
2021-03-31,2863.558647750313,2890.1607731328263,2844.8532714825883,2865.187255859375,665173
2021-04-01,2849.0981567515564,2876.341799801591,2806.702287173459,2856.69873046875,842489
2021-04-05,2884.288046968659,2976.0877692027743,2848.752670619969,2881.8203125,1241115
2021-04-06,2901.068624990497,2976.087752414546,2889.4208701661937,2945.043701171875,1015604
2021-04-07,2960.294416660513,3074.797301733077,2960.0476432013047,3057.8193359375,1240450
2021-04-08,3094.3415896497163,3103.62017466562,3049.5273880245413,3074.40234375,800699
2021-04-09,3106.877080688668,3123.3120925989147,3065.813890867345,3091.72509765625,934037
2021-04-12,3078.74517918244,3078.74517918244,2940.6014672564293,2965.9697265625,961549
2021-04-13,2993.21392060742,3022.382349018841,2912.913745197046,2942.27978515625,544916
2021-04-15,2997.803566173976,2999.728350690575,2864.842093014112,2954.864990234375,692875
2021-04-16,2961.034405742896,3033.3390212010727,2955.3586168161446,3021.493896484375,622872
2021-04-19,2998.790762802228,3201.292945862865,2966.85818412306,3116.649658203125,3552506
2021-04-20,3168.5706432696666,3266.292915445273,3140.6852474215766,3227.45068359375,2575420
2021-04-22,3226.809520709517,3291.069421265133,3175.727418324471,3187.2763671875,1307224
2021-04-23,3215.9512997423976,3256.4221417588,3130.074147171008,3158.749267578125,1030125
2021-04-26,3188.6580668782763,3211.0156416423256,3111.3191830484507,3133.6767578125,557667
2021-04-27,3158.699919154073,3163.6353877777515,3117.044612168165,3149.865478515625,505348
2021-04-28,3168.570484812114,3207.067135562168,3141.524216322039,3157.959228515625,575824
2021-04-29,3157.9594878360845,3217.925429505551,3157.9594878360845,3197.09765625,589707
2021-04-30,3213.977409108679,3267.280474247459,3141.7221912296045,3156.232421875,906562
2021-05-03,3167.3862575100206,3180.218475386192,3099.47416393666,3162.9443359375,728281
2021-05-04,3191.4217140435703,3201.391456229279,3125.533213402761,3140.191650390625,581864
2021-05-05,3158.5024936038,3313.673576232105,3135.157582826531,3289.884521484375,1679977
2021-05-06,3314.5127793016736,3342.2005656500064,3258.100228010703,3303.95068359375,1124908
2021-05-07,3303.950694508825,3353.1574135318874,3259.383508826109,3268.119384765625,774478
2021-05-10,3272.2157993223823,3299.459683368724,3219.505089177136,3280.803466796875,627199
2021-05-11,3272.2156526348376,3272.2156526348376,3203.3658662784937,3216.148681640625,670759
2021-05-12,3232.633223478253,3232.633223478253,3144.485944449561,3155.491943359375,703372
2021-05-14,3158.6997955979523,3170.298146409913,3055.4005377409057,3100.411865234375,842794
2021-05-17,3106.3839911722607,3148.7796189898463,3074.895797349387,3111.6650390625,847722
2021-05-18,3133.034892314189,3147.2983457526643,3099.473711993244,3122.67041015625,639445
2021-05-19,3139.1549806704134,3194.3336568388627,3120.8937492906057,3188.01611328125,711069
2021-05-20,3204.007613593913,3230.5111780612733,3172.519418314547,3178.392578125,752076
2021-05-21,3204.5008232311825,3217.3330410586686,3183.377114895649,3205.83349609375,471439
2021-05-24,3206.0799639692136,3242.602426612952,3198.331182931374,3219.010986328125,611909
2021-05-25,3224.0947845971,3224.835104869109,3129.728530862545,3158.354248046875,622276
2021-05-26,3163.6351825525503,3178.4415874630927,3137.082459475509,3142.511474609375,260821
2021-05-27,3145.3739756244017,3181.9952471326687,3112.898690316818,3157.712646484375,1084157
2021-05-28,3157.712718661418,3165.6094681923,3099.4741908711635,3108.70361328125,555829
2021-05-31,3104.409552977071,3145.176569231586,3084.6676798261838,3127.85302734375,635444
2021-06-01,3148.828771578107,3207.06729744742,3120.0550878198965,3197.986083984375,706976
2021-06-02,3202.4282034670728,3258.396369183929,3178.4417778770835,3231.35009765625,843219
2021-06-03,3228.783785966138,3390.66716746979,3224.884813694934,3381.437744140625,1098294
2021-06-04,3381.1414860281816,3384.398702431354,3331.441222067542,3336.524658203125,380548
2021-06-07,3336.5245991721263,3336.5245991721263,3265.305886702933,3272.51171875,526855
2021-06-08,3256.4226441704054,3269.7484112805296,3213.58286704189,3246.995849609375,766456
2021-06-09,3247.5382169927907,3288.601410600482,3209.041563356706,3263.23291015625,587528
2021-06-10,3279.5692893482706,3301.8282996258936,3254.497206727545,3282.77734375,749909
2021-06-11,3299.2127405136907,3302.8155361402096,3259.0872368212317,3293.487548828125,277612
2021-06-14,3301.8283427287856,3316.6347478531297,3242.6027222314083,3306.961181640625,317756
2021-06-15,3311.699365802859,3313.6241503212627,3252.4737437616755,3255.731201171875,461588
2021-06-16,3267.279965683056,3282.086370361378,3235.6929690359693,3251.683837890625,419575
2021-06-17,3214.964364254245,3240.579399032175,3183.574734606113,3198.776123046875,356502
2021-06-18,3193.248618595277,3211.0163079723147,3121.7337170506453,3179.9228515625,520516
2021-06-21,3153.764683497843,3210.029029964002,3139.9453703307163,3196.209716796875,200280
2021-06-22,3196.2094368722787,3260.3211252169176,3188.4114929496527,3216.148681640625,567861
2021-06-23,3232.682409006543,3232.682409006543,3170.544909858404,3202.921630859375,504942
2021-06-24,3188.2136640579965,3239.2957601301623,3101.2014557434954,3161.90771484375,1754163
2021-06-25,3211.262810549857,3420.2799165619776,3180.6629036484364,3394.615478515625,3717669
2021-06-28,3403.351082609802,3444.9569853348107,3358.290110972866,3409.569580078125,1213113
2021-06-29,3375.860520009382,3558.4234551961645,3375.860520009382,3544.801513671875,2268589
2021-06-30,3570.317790171463,3612.614850158384,3536.361864454556,3573.131103515625,1291906
2021-07-01,3573.1315462511934,3649.2363327412186,3548.6021692141558,3630.97509765625,876022
2021-07-02,3653.233940242834,3696.5672591338175,3619.672753004721,3685.018310546875,573795
2021-07-05,3711.472411998473,3714.384290293993,3654.911893266624,3670.11328125,444545
2021-07-06,3669.9153158946624,3702.341438082973,3648.298061762226,3658.415771484375,344090
2021-07-07,3667.053155186989,3709.30081443257,3649.8778209233033,3667.6455078125,466002
2021-07-08,3652.246600524243,3671.9884740405914,3609.801572464097,3624.015625,459811
2021-07-09,3625.594615093381,3695.678257258268,3625.594615093381,3677.811767578125,469932
2021-07-12,3696.6662275601248,3739.900983573052,3681.95862654862,3699.03515625,464757
2021-07-13,3719.369461388799,3721.294246112757,3672.976052502049,3701.89794921875,246112
2021-07-14,3705.55012051306,3726.279090286841,3661.032093793489,3706.33984375,395272
2021-07-15,3726.13090810219,3748.982031831885,3702.144481975471,3713.792236328125,399845
2021-07-16,3713.7923511864033,3738.1241162815054,3694.0996376342023,3730.326171875,226565
2021-07-19,3730.325982493544,3869.357988691422,3716.407864612669,3833.625244140625,1044561
2021-07-20,3839.7945080289214,3857.5621946984647,3768.032843955982,3832.83544921875,357815
2021-07-22,3839.794187489192,3952.3228603359184,3839.794187489192,3933.8642578125,760359
2021-07-23,3933.864205102564,3948.12765954365,3862.49728902914,3868.321044921875,335985
2021-07-26,3886.188072081307,4105.125271818804,3879.278415869834,4047.429931640625,1982531
2021-07-27,4067.7141945813264,4135.576884164835,3998.173493962413,4025.61474609375,859687
2021-07-28,4047.0839606441714,4047.0839606441714,3934.061737840816,3976.407958984375,455244
2021-07-29,3987.858623007583,4002.220884810657,3941.662588780748,3986.624755859375,449417
2021-07-30,3978.974964785664,4033.709265830437,3955.778261319412,3982.92333984375,627367
2021-08-02,4007.254898018896,4040.1251668796986,3982.97253725815,3995.9033203125,344295
2021-08-03,4037.805665751417,4170.470965268465,4011.5982792983623,4039.87841796875,981680
2021-08-04,4057.744835292468,4075.3153934058246,4000.345429551752,4013.91796875,305863
2021-08-05,4032.080284850281,4058.633249255565,3983.910065395827,4021.1728515625,270458
2021-08-06,4037.015988247575,4124.126768997192,4020.6301359211375,4035.28857421875,717143
2021-08-09,4055.967866515073,4057.942053843628,3938.503720466085,3952.02685546875,431991
2021-08-10,3972.0652165774536,4034.0547517537857,3948.374966776793,4010.364501953125,364246
2021-08-11,4012.535593772227,4030.451246706492,3864.471549721591,3974.384521484375,831738
2021-08-12,3975.0265796720905,4089.480294170565,3924.043283259408,4079.75732421875,556973
2021-08-13,4091.4538311633614,4092.243313255705,3986.081347831543,4011.647216796875,553736
2021-08-16,4092.490541103176,4318.041454909754,4071.909540756026,4289.02099609375,3709012
2021-08-17,4288.921764254776,4909.803649114673,4276.336320642751,4856.994140625,8069431
2021-08-18,4790.325271663115,4901.934912013204,4703.457221507821,4728.9892578125,2941548
2021-08-20,4660.93699531069,4873.983195825157,4639.4054174004295,4688.0986328125,2331020
2021-08-23,4721.186004865467,4780.101963889923,4662.121987923142,4684.88818359375,699991
2021-08-24,4760.694274760496,4828.796100500712,4692.19746711191,4781.18896484375,1576663
2021-08-25,4805.14047199959,4819.955910248304,4691.555445426116,4712.93896484375,469002
2021-08-26,4717.680483861794,4721.18661155306,4589.230337001414,4642.56591796875,800419
2021-08-27,4659.061291125216,4772.5474746450045,4618.812675729565,4706.470703125,937887
2021-08-30,4731.26086241265,4768.595572703009,4663.504830521476,4699.01220703125,632354
2021-08-31,4707.45784187656,4983.913846415053,4707.45784187656,4908.404296875,2883159
2021-09-01,4923.664057680766,5009.395868824909,4884.452337571826,4977.048828125,841956
2021-09-02,4977.048896216419,5058.978465088108,4951.319610598728,4981.4443359375,900686
2021-09-03,4991.815384489549,5010.8777236183,4905.885835923939,4952.8505859375,567961
2021-09-06,4967.122970829997,4977.987626363728,4910.824301246122,4934.03515625,439776
2021-09-07,4958.627790217184,4961.195895696101,4800.20148379117,4817.04150390625,479021
2021-09-08,4839.709655626433,4841.142007515505,4733.137370072515,4752.19970703125,642506
2021-09-09,4756.447326838848,4760.694226289046,4627.35528011705,4661.47998046875,838279
2021-09-13,4676.740433485217,4736.989887855354,4623.75064097338,4687.45703125,1151299
2021-09-14,4714.272063270772,4714.272063270772,4638.911066482317,4674.22119140625,528943
2021-09-15,4691.555471413732,4759.904219822419,4628.885974365179,4733.087890625,659281
2021-09-16,4759.706555348979,4829.832964444181,4733.087957860529,4820.69677734375,779552
2021-09-17,4815.017509781044,4884.650070691724,4804.597510951284,4847.8583984375,814867
2021-09-20,4804.15298084181,4891.613262121089,4722.865799095891,4818.07958984375,434640
2021-09-21,4798.226409131486,4858.426663719827,4731.211149675667,4831.4130859375,462221
2021-09-22,4864.402589884657,4948.3567462583005,4809.980446180705,4844.5498046875,562041
2021-09-23,4870.723335800698,5070.8306162953895,4844.648261185993,5021.6435546875,696944
2021-09-24,5092.658746487706,5134.043106780648,4653.578260294261,4673.5791015625,1949974
2021-09-27,4690.370280765875,4712.297323514269,4409.173536383428,4509.375,1885178
2021-09-28,4523.6472968829385,4572.933226654124,4322.157329947541,4356.77587890625,1051440
2021-09-29,4365.616306198429,4451.644723981144,4345.862386260879,4369.0732421875,571896
2021-09-30,4390.308241696162,4445.273421653273,4329.713002243047,4426.4580078125,808446
2021-10-01,4426.458293133902,4464.385721391929,4380.431565126815,4404.53125,534563
2021-10-04,4405.025052662595,4508.831993031317,4386.2096378025735,4492.2880859375,535335
2021-10-05,4514.758000883447,4520.536118406856,4414.0622100327055,4427.248046875,425555
2021-10-06,4439.69268528761,4453.520426687839,4302.402967099629,4324.873046875,480575
2021-10-07,4355.739807377929,4413.026181261811,4327.096620435988,4373.814453125,276775
2021-10-08,4404.135436847955,4404.135436847955,4311.884748417758,4325.36669921875,269607
2021-10-11,4346.948478226447,4368.529729879077,4306.354080690036,4323.29296875,331320
2021-10-12,4295.4902106971895,4352.825774681563,4240.475346659764,4297.76171875,612692
2021-10-13,4331.047369137278,4354.75207537657,4286.601044938607,4323.6396484375,302343
2021-10-14,4349.763288213647,4375.245647980617,4259.29025279966,4275.142578125,436160
2021-10-18,4394.25849082708,4394.25849082708,4268.475337773892,4277.11767578125,345049
2021-10-19,4298.4526951654925,4333.663958679252,4174.644913660492,4248.12939453125,285362
2021-10-20,4248.129313814422,4264.229046560796,4084.1226003656857,4095.72802734375,510321
2021-10-21,4135.482608409157,4182.793144135711,4025.1075949174633,4083.974365234375,698306
2021-10-22,4104.370227109453,4137.9026951265805,3953.1046996243344,3978.833984375,347114
2021-10-25,3995.6238489798006,4198.595303171421,3906.336259502957,4112.7646484375,1151030
2021-10-26,4112.765827510233,4255.487888527339,4084.665685563249,4215.43701171875,790450
2021-10-27,4226.152979814259,4271.88358887005,4163.286232891387,4223.9306640625,623848
2021-10-28,4225.165931379396,4260.920720973817,4173.015773322758,4236.72216796875,537955
2021-10-29,4236.721822021616,4295.489731663833,4109.852083002288,4209.609375,705546
2021-11-01,4228.523930441809,4296.477216263235,4205.609192379047,4283.2421875,239375
2021-11-02,4286.600856048711,4340.924138786655,4218.005172482049,4237.1171875,389193
2021-11-03,4263.883381683656,4395.197750084065,4247.141742557119,4383.9873046875,667752
2021-11-04,4393.27141928351,4422.902296661771,4365.467875798254,4383.9375,69818
2021-11-08,4383.987374973556,4419.939411384661,4324.132903473083,4351.146484375,285968
2021-11-09,4399.197357987862,4499.497679605606,4365.615698766581,4477.12646484375,547476
2021-11-10,4466.459407924339,4527.597683327869,4424.877317039453,4496.8310546875,359967
2021-11-11,4489.176831003729,4669.925184708262,4471.348630249706,4511.05419921875,1110123
2021-11-12,4556.141732972418,4630.317781949352,4514.905434466363,4612.04541015625,423439
2021-11-15,4741.729283364751,5084.212764429996,4741.729283364751,5018.4326171875,3044498
2021-11-16,5017.495410433202,5140.95740380016,4977.987572555775,5034.13818359375,1118231
2021-11-17,5017.495018789709,5772.4896452411085,5012.704597366308,5663.39892578125,6482125
2021-11-18,5663.398596860672,5771.896596042571,5477.909033913522,5519.8369140625,2165157
2021-11-22,5528.13489995978,5570.605830940354,5247.629216274132,5352.81884765625,1204625
2021-11-23,5308.371391996136,5471.835056592909,5284.172843460661,5387.14013671875,763056
2021-11-24,5398.745765174471,5414.005859670351,5239.825592032264,5330.79248046875,697909
2021-11-25,5333.557672954628,5679.251225831317,5259.5296749364,5630.9033203125,1575738
2021-11-26,5638.75524572241,5862.369475354896,5558.208847234185,5617.61865234375,2613669
2021-11-29,5699.004904551778,5785.922137064873,5481.711823269042,5657.02783203125,1189390
2021-11-30,5684.190130035493,5758.218133587108,5560.333155715813,5617.767578125,1352746
2021-12-01,5648.336985335404,5694.067114612783,5463.637843890028,5502.4541015625,835169
2021-12-02,5556.530020572076,5737.525288095487,5510.207180891154,5524.1337890625,1236317
2021-12-03,5524.133444580826,5585.073986375357,5353.311262224671,5365.55859375,844674
2021-12-06,5399.73327292544,5400.720968786593,5211.132555328857,5234.59033203125,489242
2021-12-07,5234.5904322264505,5368.374032089771,5171.526436103397,5249.2578125,595254
2021-12-08,5247.628697424739,5300.96427989433,5213.059338416671,5267.87646484375,557196
2021-12-09,5303.926611683703,5319.72974497736,5146.882974577984,5168.41455078125,689987
2021-12-10,5200.218542940323,5262.838362083451,5166.143036818491,5180.7607421875,416165
2021-12-13,5221.651899319414,5263.431241314855,5111.326078777327,5142.63623046875,480443
2021-12-14,5062.929245311301,5185.40353840896,5002.728986560795,5147.87109375,1007056
2021-12-15,5165.650052443301,5205.059026178383,5106.437484649802,5128.66064453125,377883
2021-12-16,5165.600901565998,5177.502445487628,5079.720541232901,5140.26611328125,265216
2021-12-17,5136.018725386768,5136.018725386768,4671.801648284502,4727.80419921875,1133941
2021-12-20,4721.18693970301,4764.645564252577,4586.020643939041,4647.060546875,994682
2021-12-21,4701.432335285915,4810.078880849244,4637.281295700763,4787.95458984375,1004676
2021-12-22,4839.907195743394,4839.956387624502,4691.555092335368,4716.79052734375,779992
2021-12-23,4743.903593493067,4838.722403606607,4727.6558023923735,4817.5361328125,582129
2021-12-24,4819.955585312338,4845.586484664066,4764.397695625081,4782.9169921875,348742
2021-12-27,4794.621899950336,4800.202285576623,4696.494211505523,4780.49755859375,315490
2021-12-28,4795.066359775949,4833.784235981293,4751.015503885513,4784.59716796875,348173
2021-12-29,4805.140235891076,4929.886026906304,4773.533969180178,4915.3671875,861183
2021-12-30,4938.429777276712,4948.010137112875,4879.217221527184,4909.5888671875,617460
2021-12-31,4918.725410016886,4994.580259575267,4892.057621649324,4951.71435546875,504012
2022-01-03,4976.456893795347,5005.64311645251,4917.590118228475,4929.0966796875,310798
2022-01-04,4953.294420133325,4967.023295251908,4860.549881283801,4903.5146484375,369814
2022-01-05,4900.947014967576,5075.423397794242,4861.439179296737,4912.05859375,966342
2022-01-06,4908.848706929365,4976.012029277695,4844.648472331697,4903.3671875,585391
2022-01-07,4898.972426065041,4996.85320143567,4896.997033957757,4960.0615234375,549876
2022-01-10,4960.060367249894,5022.433262043612,4901.934371587502,5002.92626953125,542304
2022-01-11,4987.863304601689,5078.237461506848,4958.528549287091,4996.8017578125,742409
2022-01-12,5012.556615512882,5036.261316748804,4944.059809445236,4952.7021484375,360219
2022-01-13,4963.073241440718,4988.852201976092,4892.20605761736,4922.03466796875,457570
2022-01-14,4936.4062578917965,4953.295957711773,4869.341788936997,4912.849609375,207639
2022-01-17,4912.79950063941,4923.368039881067,4839.710002640352,4851.3154296875,337077
2022-01-18,4839.7102217058045,4849.488315290893,4449.5703160785,4559.0068359375,3507266
2022-01-19,4558.216334658426,4558.216334658426,4345.861727518325,4460.38525390625,2404880
2022-01-20,4469.323646130638,4666.862812810445,4434.754291961672,4587.6494140625,2747887
2022-01-21,4592.737194411899,4675.505926055673,4488.930248666807,4633.923828125,1008450
2022-01-24,4632.294771580894,4652.838657829041,4407.346981766917,4442.80517578125,737762
2022-01-25,4360.676823010999,4479.200315369169,4197.805887050146,4430.80322265625,917284
2022-01-27,4372.530019015922,4372.530019015922,4098.938237839639,4239.43798828125,1244330
2022-01-28,4292.526065742545,4508.831451936198,4281.908335598337,4423.49462890625,932049
2022-01-31,4527.597432830452,4527.597432830452,4304.427379548511,4402.505859375,934551
2022-02-01,4423.692313636155,4476.484853708786,4389.320688373732,4456.533203125,548762
2022-02-02,4474.262493640509,4625.379968591281,4465.027440383283,4608.88525390625,676206
2022-02-03,4610.515254027598,4646.862270117729,4546.166480537243,4585.67431640625,777217
2022-02-04,4582.910153810836,4735.015361501972,4545.130775926512,4630.220703125,829635
2022-02-07,4629.725354781195,4666.418158551257,4395.2956521800825,4420.0869140625,597040
2022-02-08,4442.162363421092,4473.9663646911295,4326.108093781963,4345.3681640625,628869
2022-02-09,4459.150965422622,4530.561187569126,4375.54211992923,4520.93115234375,842211
2022-02-10,4519.746045985264,4566.11856566469,4472.386312588427,4534.16650390625,487802
2022-02-11,4553.277124408493,4556.68486744345,4421.370558106364,4459.34716796875,572726
2022-02-14,4423.988131591626,4620.440719870223,4348.5774646021,4431.14892578125,1094132
2022-02-15,4474.262458559073,4617.478365069242,4446.508107118631,4606.02099609375,791080
2022-02-16,4637.232469831209,4665.875652285969,4499.004229178951,4528.38818359375,584166
2022-02-17,4527.598472739922,4610.071088899124,4494.016808675097,4508.5361328125,520450
2022-02-18,4448.582173712405,4536.289373570744,4407.641987219491,4416.53125,388145
2022-02-21,4415.988492880755,4469.274881091149,4336.627028632971,4372.18408203125,392246
2022-02-22,4273.760135833756,4548.882634358765,4247.092346680182,4519.74560546875,833525
2022-02-23,4538.462469440061,4676.739889618866,4534.017838077171,4554.06787109375,755051
2022-02-24,4370.554294661806,4479.200842099727,4297.513990997597,4328.0341796875,814710
2022-02-25,4513.770441168195,4689.185336386875,4410.803139528854,4576.43994140625,1187316
2022-02-28,4558.2164735657325,4766.620303668087,4514.955587050992,4743.70556640625,1617666
2022-03-02,4767.608424904378,4843.611822349978,4721.384446633815,4801.43701171875,1194676
2022-03-03,4819.956301119955,4907.861241857594,4815.067013192033,4857.291015625,930907
2022-03-04,4819.955986031387,4829.240231025212,4673.974725101512,4688.83935546875,738388
2022-03-07,4563.155062988683,4674.566967721129,4527.449952619326,4606.95947265625,643012
2022-03-08,4602.662902764175,4681.678574914633,4538.8576510480025,4664.14697265625,670238
2022-03-09,4720.198347827835,4755.656531491813,4636.244202700117,4652.98583984375,447387
2022-03-10,4746.47186082503,4759.706890398846,4686.61738845041,4711.013671875,363906
2022-03-11,4689.580363410965,4803.165397486841,4676.9872400677705,4794.375,436703
2022-03-14,4829.833084870392,4954.825811570509,4804.202182645615,4862.9208984375,626924
2022-03-15,4889.0457913121945,4937.492085054543,4642.170994150101,4753.7314453125,686998
2022-03-16,4833.388283537707,4896.156158980734,4772.743857618888,4882.822265625,477521
2022-03-17,4886.131444701761,4936.503933822399,4765.533683117093,4780.34912109375,852493
2022-03-21,4815.017383382316,4854.426352280862,4696.543070444924,4708.7412109375,509842
2022-03-22,4738.964875296525,4768.59575196574,4416.827957562381,4620.04638671875,1255679
2022-03-23,4639.701540191282,4658.023106424138,4539.055423352615,4551.50048828125,896055
2022-03-24,4543.351892797636,4627.355235160513,4502.510571375214,4571.599609375,719101
2022-03-25,4612.5398579155,4705.383272614442,4565.525436570721,4625.57763671875,968364
2022-03-28,4654.813102519449,4661.924705997277,4543.450388409026,4601.2802734375,524802
2022-03-29,4628.244095932633,4639.701464764376,4542.462611034149,4556.98193359375,778391
2022-03-30,4619.45342864489,4635.948142028547,4523.301142479168,4558.0185546875,4839707
2022-03-31,4568.093681860678,4577.674525302807,4445.47132845525,4460.53369140625,1225845
2022-04-01,4501.918136806509,4501.918136806509,4400.284320080545,4451.44677734375,827880
2022-04-04,4500.930826745654,4526.907039529362,4443.644456776102,4508.783203125,619577
2022-04-05,4548.339432046646,4548.339432046646,4486.262650835374,4498.2138671875,487075
2022-04-06,4510.806518656148,4552.289740417383,4442.803569385746,4456.236328125,653418
2022-04-07,4475.249801845965,4527.301564951131,4434.754272851111,4480.68212890625,413722
2022-04-08,4517.721257723227,4571.550686788796,4458.4595009537925,4549.4755859375,685882
2022-04-11,4550.314802877185,4628.984681254109,4519.20238345226,4604.7861328125,652187
2022-04-12,4611.552250096099,4624.392297055029,4538.018095948861,4569.37744140625,574409
2022-04-13,4572.0445290004745,4705.383481563677,4572.0445290004745,4686.07421875,812061
2022-04-18,4666.36923904243,4686.073964985734,4462.410037462949,4498.4609375,579482
2022-04-19,4537.475536261828,4810.079639006335,4527.00586194811,4757.08984375,1713344
2022-04-20,4746.86560819888,4790.324219676357,4673.18341137559,4722.1240234375,777140
2022-04-21,4780.447876420091,4843.314620323712,4711.408033502498,4825.14111328125,771623
2022-04-22,4790.276146009737,4800.202297357254,4729.088189248258,4754.47216796875,381911
2022-04-25,4706.963094695159,4706.963094695159,4551.647933650733,4618.5146484375,421185
2022-04-26,4674.763940733601,4682.665506659201,4544.388102961187,4567.154296875,548203
2022-04-27,4563.154510816255,4601.625454417426,4444.631017028821,4467.298828125,476441
2022-04-28,4523.647400655747,4546.364407252927,4449.61939711775,4482.01611328125,552600
2022-04-29,4489.077996524859,4539.450488895105,4376.480660638427,4399.54345703125,465103
2022-05-02,4385.370058147976,4385.370058147976,4237.215664291625,4251.7841796875,568610
2022-05-04,4249.561260298019,4272.130206211797,3946.881924860432,3963.919677734375,1729814
2022-05-05,3992.2668632353816,4004.2672720722194,3881.644921453501,3900.510009765625,1122769
2022-05-06,3850.6805824691032,3850.6805824691032,3744.404646699632,3780.258056640625,891448
2022-05-09,3758.1831416020127,3761.0967964673714,3693.6371139242815,3720.0087890625,521295
2022-05-10,3723.6137634156826,3736.157453860856,3616.745108937036,3641.5361328125,836241
2022-05-11,3664.252799972213,3688.945196643464,3575.113247988999,3634.375,524764
2022-05-12,3605.089842874852,3605.089842874852,3497.875410416265,3536.790771484375,717916
2022-05-13,3557.5816629006254,3667.215904630945,3486.566426198453,3504.1474609375,957908
2022-05-16,3536.939095729746,3662.277611743121,3509.3330429446182,3641.387939453125,600622
2022-05-17,3666.3273184348313,3785.789093797117,3632.795089598362,3766.232666015625,843357
2022-05-18,3774.9739826493474,3794.727901972473,3679.167473932187,3689.04443359375,427461
2022-05-19,3565.18697029646,3672.105044070112,3565.18697029646,3587.11376953125,572640
2022-05-20,3649.5364423146552,3649.5364423146552,3541.8775865061853,3622.86865234375,692428
2022-05-23,3622.868641445206,3718.329355839948,3620.893249601452,3671.21630859375,401917
2022-05-24,3693.982519136837,3693.982519136837,3569.0389927542674,3586.965576171875,471324
2022-05-25,3605.337020063616,3628.7453650629072,3443.256023672648,3480.936767578125,370431
2022-05-26,3344.338161289448,3663.3639220976256,3320.1890458890443,3617.732421875,1730687
2022-05-27,3654.474808265764,3832.2600692084234,3529.037429711777,3814.234619140625,1733752
2022-05-30,3842.1370295143593,3867.3727078455777,3773.4427318261664,3844.06298828125,666686
2022-05-31,3807.5674926758734,3950.585899642371,3791.8137921332536,3930.338134765625,1361696
2022-06-01,3891.077521723551,3940.65980883134,3743.4169812334735,3791.7646484375,794887
2022-06-02,3797.6909487437633,3797.6909487437633,3579.1632185982344,3600.398681640625,1891062
2022-06-03,3643.6103975414494,3648.4994443175865,3502.715665259542,3544.643310546875,1305662
2022-06-06,3536.049883378361,3604.990858349046,3498.5174424121587,3588.990234375,561188
2022-06-07,3588.990306915997,3588.990306915997,3481.627817893675,3564.890625,490554
2022-06-08,3555.7049323967067,3600.1512440516653,3513.2340123708573,3591.45947265625,342056
2022-06-09,3580.1995897414813,3635.362252495364,3517.1845528944737,3624.892822265625,483671
2022-06-10,3575.9528375797504,3669.2900957350566,3551.260441242368,3654.968505859375,624657
2022-06-13,3604.102331085422,3632.794945143956,3547.803664910615,3606.966552734375,523342
2022-06-14,3583.5583497405914,3711.613272631241,3578.1754551122667,3660.5986328125,655865
2022-06-15,3691.957870406748,3709.8846958156905,3601.040413864619,3676.8955078125,466405
2022-06-16,3698.92118015688,3728.552057434506,3602.126981049972,3618.572021484375,678602
2022-06-17,3555.705024696049,3678.179308880024,3512.345273766233,3655.709228515625,768620
2022-06-20,3654.4749496932727,3777.936941236964,3637.585252795415,3764.800537109375,673219
2022-06-21,3802.579563170945,3821.3952172106,3747.3674619926182,3761.34326171875,596024
2022-06-22,3742.4293166098673,3760.899182297296,3667.5619167921823,3741.145263671875,359601
2022-06-23,3715.51423062603,3809.542825645107,3677.3396420209774,3803.122802734375,646244
2022-06-24,3853.989431173446,3873.743349324002,3715.7120041195553,3791.171875,1024811
2022-06-27,3801.641932402161,3822.383548557122,3728.552427856107,3747.8125,708737
2022-06-28,3712.798371518546,3799.320388850949,3677.093019566878,3790.135009765625,463753
2022-06-29,3720.84776419902,3770.973328671477,3649.536171935493,3667.314697265625,567477
2022-06-30,3668.302458387064,3719.168795653336,3611.411079863704,3638.177734375,534241
2022-07-01,3634.720662969418,3698.92089207078,3590.4718414537588,3690.1796875,316894
2022-07-04,3686.081092166791,3736.2560920238384,3654.524256445917,3723.71240234375,300790
2022-07-05,3714.724224309561,3827.0746312532497,3714.724224309561,3770.43017578125,468762
2022-07-06,3762.2323227908537,3841.6924049378176,3736.947212817449,3835.716796875,390568
2022-07-07,3846.1375537458775,3881.645175765037,3820.654949402826,3867.07666015625,398354
2022-07-08,3869.792410592173,3897.447894894517,3861.890843648647,3887.718994140625,268377
2022-07-11,3886.5832040808928,3919.325225342936,3847.124802752186,3884.854736328125,199806
2022-07-12,3852.014112032821,4048.269485470623,3852.014112032821,3881.3486328125,1125104
2022-07-13,3902.5348116370974,3910.238888383508,3813.691607904161,3820.704345703125,385514
2022-07-14,3878.681883463744,3930.338428381981,3832.309608179848,3850.088134765625,656393
2022-07-15,3850.087619474861,3895.472192763112,3827.3211833055434,3883.323486328125,318645
2022-07-18,3891.620552811021,3921.9427674729855,3842.284951715332,3898.534423828125,291155
2022-07-19,3895.8672290431127,3983.3277406293423,3875.125617179343,3970.734619140625,412946
2022-07-20,4039.676403265845,4090.74047638275,3980.464079763164,4059.67724609375,753440
2022-07-21,4061.406151234537,4118.544464092176,4045.9488045309554,4098.98779296875,542974
2022-07-22,4099.135762045313,4118.296966260779,4039.6268422809735,4074.541748046875,378496
2022-07-25,4093.012020279889,4200.572012871654,4087.135036463027,4138.34716796875,1127478
2022-07-26,4133.507390982561,4137.408982743624,4037.700887535654,4059.6279296875,363638
2022-07-27,4061.405617956384,4086.0488240388977,3972.51298526765,4074.83837890625,440198
2022-07-28,4097.95055885802,4154.249228864023,4084.122815347773,4138.93994140625,364711
2022-07-29,4154.248900228242,4200.472874824995,4135.482678377472,4160.47119140625,333278
2022-08-01,4187.830598145371,4240.91925254403,4138.445803355921,4235.3388671875,311325
2022-08-02,4257.956768275387,4294.748438332974,4218.399742773821,4272.67333984375,440869
2022-08-03,4272.722815358321,4332.774526757843,4227.436866723373,4257.01806640625,367949
2022-08-04,4269.760119493879,4354.751157499202,4256.969264872207,4341.71337890625,358472
2022-08-05,4341.713473528952,4367.591299192457,4281.661755314179,4320.28076171875,207510
2022-08-08,4334.947578572379,4419.493951366313,4326.156700327873,4372.875,445755
2022-08-10,4384.28311050301,4569.031912755687,4342.997615955821,4461.5703125,867000
2022-08-11,4483.743827524693,4496.485006541612,4363.63992507432,4375.146484375,446510
2022-08-12,4296.526411503974,4340.725803590845,4223.4865881345095,4259.685546875,1412625
2022-08-16,4296.476502965847,4327.638110899872,4155.137144999826,4295.8837890625,596342
2022-08-17,4295.489330673373,4316.280135789012,4233.116433053082,4252.771484375,502434
2022-08-18,4273.569950969884,4296.943454604579,4209.194042090848,4225.68408203125,580509
2022-08-19,4249.800214294224,4268.073261134782,4080.442060799861,4095.644775390625,719126
2022-08-22,4093.3173096065207,4093.3173096065207,3957.236642149004,3986.255126953125,723542
2022-08-23,3986.155998144278,4054.1467595932186,3949.56082131362,4031.86279296875,497236
2022-08-24,4039.835315487146,4179.48149824853,4038.7953487455807,4170.3203125,956039
2022-08-25,4174.530045672712,4199.141547286927,4116.790001467535,4128.7734375,414795
2022-08-26,4166.606068669007,4195.080022668111,4116.294023387776,4174.77685546875,342452
2022-08-29,4060.6342981888743,4230.982858990945,4046.7687176584736,4210.6796875,914112
2022-08-30,4210.680159339473,4295.854449284951,4192.556056195303,4281.39453125,848217
2022-09-01,4256.732423375808,4287.385448014369,4203.250908517201,4236.08251953125,390072
2022-09-02,4268.419506024708,4355.772852158697,4242.8674167002855,4270.9453125,735146
2022-09-05,4240.886626573912,4267.231324942887,4192.357097217975,4241.43115234375,522750
2022-09-06,4257.624407989147,4379.542571313059,4250.543154779019,4373.10498046875,1078704
2022-09-07,4337.154250439135,4367.658337453944,4293.378433755748,4334.47998046875,396347
2022-09-08,4357.753428354335,4402.222224575074,4319.127886603012,4372.4111328125,562760
2022-09-09,4394.29937386623,4431.934520000294,4372.609741628632,4417.5244140625,476210
2022-09-12,4430.052788109192,4458.576073388168,4404.3517518704,4438.5703125,331303
2022-09-13,4476.601590412936,4476.601590412936,4423.416993125011,4446.98876953125,309270
2022-09-14,4363.0520128662565,4436.985162209926,4363.0520128662565,4385.08837890625,362669
2022-09-15,4407.0260178996905,4416.3356676990325,4286.494319011964,4300.162109375,427750
2022-09-16,4300.310017606534,4321.40531089781,4216.1261503802425,4238.65771484375,458526
2022-09-19,4254.653256262178,4289.416343899953,4186.117963181381,4266.83544921875,266140
2022-09-20,4275.055345626566,4550.881342095233,4275.055345626566,4515.57373046875,1173769
2022-09-21,4512.256625909404,4623.676483331442,4512.256625909404,4560.587890625,1177984
2022-09-22,4525.6756681160905,4586.734127856524,4478.780681913419,4564.64794921875,511789
2022-09-23,4565.738021917594,4673.691480570309,4340.769053196178,4376.02734375,1205497
2022-09-26,4376.026681750369,4378.007478857188,4150.859473914062,4241.580078125,843901
2022-09-27,4293.378410212161,4312.295122302192,4164.626577841323,4202.21240234375,651304
2022-09-28,4188.395783849815,4253.762093079914,4142.936583694771,4227.96240234375,395837
2022-09-29,4256.189101880708,4362.3595527422185,4243.809118086704,4349.5341796875,631907
2022-09-30,4310.412843101041,4441.8384429802245,4310.412843101041,4341.31298828125,761064
2022-10-03,4342.897784434554,4446.889635601174,4309.174906136316,4323.2880859375,454169
2022-10-04,4387.466119140672,4401.876226388194,4323.288478600415,4362.11181640625,307009
2022-10-06,4383.949746994342,4407.273438834557,4319.424896178329,4348.3447265625,272050
2022-10-07,4337.548891294772,4390.436068672071,4311.748723045398,4351.90966796875,501530
2022-10-10,4332.993931975627,4377.561869561661,4253.762042933787,4298.92431640625,207878
2022-10-11,4320.46542367766,4320.46542367766,4222.712888550551,4234.49853515625,258216
2022-10-12,4238.9060668041175,4308.233969765867,4204.242115323243,4245.88818359375,621343
2022-10-13,4229.100759576127,4276.491424833578,4195.32807378386,4225.08935546875,277038
2022-10-14,4259.703755771079,4282.482920240444,4223.10833941462,4255.890625,254366
2022-10-17,4248.80991995481,4259.258431565494,4180.52174423766,4249.65185546875,254734
2022-10-18,4283.473253796202,4334.973972685775,4217.116558303867,4324.07958984375,387469
2022-10-19,4337.945828734691,4363.597055523894,4299.419420262029,4346.61181640625,249672
2022-10-20,4341.908057403123,4351.118572208081,4253.960843108306,4280.99853515625,370651
2022-10-21,4302.439891910539,4387.46570666923,4281.196132538595,4346.90869140625,364601
2022-10-24,4367.8564507148485,4392.41814453453,4278.522296367344,4367.806640625,30919
2022-10-25,4395.19060032571,4407.174519795353,4330.022567563103,4361.7646484375,474364
2022-10-27,4402.321005871362,4455.802520903319,4360.575808912236,4389.29736328125,421237
2022-10-28,4411.482948859515,4539.987166767024,4372.609803943371,4523.150390625,691801
2022-10-31,4538.106322409953,4580.594333127248,4448.376096700765,4474.12646484375,433481
2022-11-01,4533.054732502494,4602.3826397070325,4427.082074346984,4468.03515625,866656
2022-11-02,4468.678393541244,4489.2784905707,4328.041795162952,4341.01611328125,643118
2022-11-03,4328.042278823592,4382.514206817939,4307.5906425770645,4352.80224609375,457168
2022-11-04,4367.65768604208,4367.65768604208,4298.379112754828,4320.712890625,669679
2022-11-07,4342.353485861522,4377.561963875824,4294.814351412192,4321.9013671875,356178
2022-11-09,4305.262319606777,4392.417388418693,4302.291124079098,4319.326171875,378028
2022-11-10,4332.4990078734345,4335.420877404681,4209.194372719648,4244.30419921875,527721
2022-11-11,4343.8882287153865,4496.409612030974,4288.4752340021405,4378.9482421875,1685313
2022-11-14,4387.466479756694,4524.141507794262,4382.712759175253,4512.9501953125,886587
2022-11-15,4516.217545409482,4584.555047741336,4483.534392120335,4567.6689453125,492794
2022-11-16,4560.78529262101,4565.737285338296,4418.167902363154,4436.24267578125,499585
2022-11-17,4446.889231180316,4472.59026549706,4328.734884466116,4358.05029296875,430622
2022-11-18,4387.466004340549,4406.283578625531,4278.522153216969,4356.912109375,385705
2022-11-21,4361.665522839326,4397.369194142857,4299.319745895077,4376.42236328125,336664
2022-11-22,4378.503200827331,4436.986048950476,4337.946181786403,4426.8837890625,310657
2022-11-23,4439.263035037735,4571.827971934678,4405.292559680643,4560.9833984375,799422
2022-11-24,4585.545770088129,4786.5966969408055,4569.699391616982,4768.81884765625,1822610
2022-11-25,4768.769334945764,4838.097238049856,4705.433150029868,4743.46484375,1069669
2022-11-28,4715.288172226256,4723.062898676442,4638.284673929556,4676.51416015625,598162
2022-11-29,4679.633278468259,4795.50991203033,4662.449766430827,4673.88916015625,910558
2022-11-30,4673.888951965787,4714.396155260703,4598.024327593491,4681.01953125,1113421
2022-12-01,4719.249221471737,4747.970780217315,4655.913039007628,4729.8466796875,611403
2022-12-02,4725.191039348564,4836.066340070414,4697.509209032348,4824.6767578125,996306
2022-12-05,4838.097104136179,4854.884553646097,4721.180744217564,4732.47119140625,684834
2022-12-06,4724.547872344288,4753.913092960318,4669.729215272479,4742.07763671875,354855
2022-12-07,4758.569348519812,4768.770262809843,4665.669650128903,4682.01123046875,354913
2022-12-08,4692.508430259592,4731.975910039799,4636.4517744120885,4659.330078125,336491
2022-12-09,4682.604210801676,4690.478072486746,4630.360688779724,4640.1162109375,271785
2022-12-12,4632.094254666539,4710.335744108202,4585.545520441752,4696.76708984375,445259
2022-12-13,4700.431929544989,4715.634645336196,4616.544971583427,4633.9267578125,363818
2022-12-14,4666.75801523083,4666.75801523083,4611.890031719433,4621.34814453125,356293
2022-12-15,4635.015845160555,4641.601898739271,4583.217711312998,4598.3212890625,316614
2022-12-16,4593.468006542005,4593.468006542005,4507.996813829013,4521.3173828125,342890
2022-12-19,4555.833247371746,4575.6412180124935,4477.641089830186,4566.18310546875,308464
2022-12-20,4566.08427924837,4572.12580742304,4496.657240715072,4552.515625,282355
2022-12-21,4566.530131734572,4742.474847633696,4558.013089790535,4720.4384765625,877375
2022-12-22,4748.961170118581,4802.244420049948,4679.63326982488,4735.7890625,902304
2022-12-23,4719.942892291479,4758.8653645833065,4641.354665150452,4655.02197265625,473498
2022-12-26,4678.345861571701,4694.489164628882,4607.829290809256,4639.076171875,247357
2022-12-27,4640.01701434898,4667.45124648362,4581.236766125228,4599.21240234375,226485
2022-12-28,4607.334626080933,4634.669726170111,4538.006718981693,4544.5927734375,313366
2022-12-29,4544.591588848561,4565.736691720787,4435.499300189055,4481.00830078125,530411
2022-12-30,4506.313152765093,4538.451777368723,4425.199612733924,4434.6083984375,348965
2023-01-02,4444.9098308371085,4473.334469939488,4403.313081083285,4411.5830078125,246577
2023-01-03,4424.11130440323,4465.658726230844,4382.613692669991,4447.78173828125,430096
2023-01-04,4451.84068315983,4470.757388787955,4382.512797103949,4390.73291015625,414977
2023-01-05,4412.721139804738,4412.721139804738,4314.176475140712,4386.52490234375,468816
2023-01-06,4399.399591549664,4431.339944104413,4327.051172455884,4345.32421875,299640
2023-01-09,4381.869921953433,4409.402808209624,4338.9853745773,4365.3798828125,407803
2023-01-10,4367.657689655071,4445.89917661261,4363.696095378739,4423.763671875,557940
2023-01-11,4431.044032316635,4439.413095238263,4294.418330551689,4318.73291015625,462687
2023-01-12,4328.982794065883,4340.322567460816,4283.721386281959,4317.89013671875,207917
2023-01-13,4323.090286451289,4328.042279906559,4227.070939916346,4293.9228515625,366497
2023-01-16,4322.346874910109,4322.346874910109,4243.857789766815,4253.4150390625,210854
2023-01-17,4274.759160056879,4294.814734190156,4233.954539247235,4281.34521484375,294500
2023-01-18,4295.358913175313,4310.214892815071,4263.666156610497,4298.1318359375,331806
2023-01-19,4298.131975999743,4298.131975999743,4244.501984471206,4276.68994140625,162244
2023-01-20,4260.694644784435,4280.9484889622045,4223.257772305139,4244.10546875,242706
2023-01-23,4253.167094819368,4311.699741142079,4245.739106290927,4293.8232421875,161350
2023-01-24,4308.184133197705,4308.184133197705,4249.6016752565365,4263.66552734375,178860
2023-01-25,4273.5207394682,4276.5412618365735,4153.731832362804,4183.79052734375,423714
2023-01-27,4187.404576082956,4244.204022952536,4151.849369045314,4203.3994140625,421866
2023-01-30,4195.823535311869,4219.097901670852,4083.413297790826,4197.01220703125,623069
2023-01-31,4198.794669807527,4262.4277769039145,4087.424158969706,4215.037109375,671038
2023-02-01,4233.953686448206,4310.214372730431,4171.063380228449,4221.72216796875,321331
2023-02-02,4221.079230455364,4221.079230455364,4129.962550680167,4190.8720703125,479256
2023-02-03,4204.242568600953,4218.900276227376,4118.077879915845,4210.779296875,413966
2023-02-06,4170.568414520668,4294.021500625614,4149.423308148764,4279.21533203125,257669
2023-02-07,4263.666228274082,4318.138154535423,4230.339410107353,4274.16455078125,319090
2023-02-08,4278.52150939368,4362.011909299504,4261.238862174317,4349.08740234375,250175
2023-02-09,4305.609803757645,4362.161665177045,4283.474296512537,4347.15673828125,284239
2023-02-10,4343.2942487163855,4382.81105909469,4308.481832040096,4373.84814453125,359807
2023-02-13,4387.861384811424,4396.973244380372,4286.444675889751,4316.80029296875,272935
2023-02-14,4338.391363843513,4338.391363843513,4210.233409264731,4227.86279296875,339582
2023-02-15,4129.961513266086,4470.658578149427,4129.961513266086,4444.80908203125,2724361
2023-02-16,4466.648053334779,4623.1803478978345,4456.941857564264,4598.56884765625,1419679
2023-02-17,4595.597441173532,4624.121207745251,4532.063474972664,4570.39208984375,408098
2023-02-20,4548.900432183861,4605.303821704869,4531.41999490986,4566.33154296875,232327
2023-02-21,4566.727849119943,4595.44940791944,4447.880019604785,4458.82373046875,490637
2023-02-22,4461.745012515149,4492.398037947317,4397.369113333466,4406.3818359375,333978
2023-02-23,4428.4183717790165,4474.917290590096,4358.743741496613,4405.341796875,443522
2023-02-24,4418.23487064422,4448.929304641132,4360.565498241383,4433.7060546875,358946
2023-02-27,4447.937593922447,4457.607023474453,4378.565441540578,4403.0615234375,215703
2023-02-28,4412.234688386447,4436.432956652199,4325.259223352488,4365.27587890625,312308
2023-03-01,4365.276183857498,4409.259787584704,4301.408460121853,4377.32568359375,287008
2023-03-02,4392.400116751811,4413.425120221169,4345.143978432122,4365.82177734375,313250
2023-03-03,4380.2514594828335,4408.268010958554,4357.59018736915,4371.87109375,168868
2023-03-06,4379.507965452868,4451.80545254417,4375.590412953731,4384.56591796875,242661
2023-03-08,4378.415764434054,4404.498715325529,4323.969547485815,4339.88671875,246734
2023-03-09,4362.647995092156,4500.747275227774,4348.912350452039,4381.6396484375,684685
2023-03-10,4363.34258571735,4363.34258571735,4256.185183217042,4281.57373046875,328154
2023-03-13,4291.242984820016,4399.292848774149,4286.284303303007,4309.09423828125,496455
2023-03-14,4309.094065456896,4318.763494027254,4239.672527003045,4264.0693359375,279237
2023-03-15,4298.928856618925,4331.854694942771,4273.688974495275,4293.02783203125,279479
2023-03-16,4295.15995797293,4333.887061702256,4230.746500050761,4283.35791015625,300181
2023-03-17,4304.136232547021,4340.03728606541,4261.194237565989,4310.58251953125,368653
2023-03-20,4286.28402458773,4317.920313759854,4160.33352224561,4277.3583984375,563835
2023-03-21,4284.301024362424,4317.920789718238,4230.747261557894,4238.68115234375,239304
2023-03-22,4239.7222124405935,4259.5075459626005,4176.300964556611,4249.689453125,302705
2023-03-23,4240.66507404808,4263.822217080463,4208.483032441963,4237.7392578125,233054
2023-03-24,4242.152346915593,4318.664711449046,4225.788696717087,4247.9541015625,354933
2023-03-27,4269.127821442784,4371.474726096355,4241.656529807477,4282.4169921875,495895
2023-03-28,4298.977878827784,4307.606177451741,4209.969555027555,4297.7880859375,343628
2023-03-29,4297.788363237051,4343.804828959432,4275.474297334862,4326.9453125,250790
2023-03-31,4348.615467962385,4364.582520916168,4264.41714411139,4275.2763671875,465663
2023-04-03,4307.6068118597095,4308.05328691319,4185.276036929901,4199.35888671875,493574
2023-04-05,4214.879335799448,4214.879335799448,4133.556958026376,4166.23486328125,622533
2023-04-06,4182.151510168851,4190.085399683044,4148.5811433126855,4167.22607421875,286725
2023-04-10,4180.169102963845,4208.582255177434,4152.697809822356,4201.9873046875,323560
2023-04-11,4227.772199690385,4251.375331901474,4186.267935222774,4236.00341796875,284178
2023-04-12,4252.267596196512,4293.176715386997,4231.242594574678,4284.4990234375,304498
2023-04-13,4293.226961368018,4444.070167670749,4284.598660817131,4361.9541015625,1257056
2023-04-17,4373.55647764316,4411.639049442791,4304.134946251998,4350.44921875,334963
2023-04-18,4343.804284594491,4347.870499609668,4258.415706260422,4302.7958984375,409038
2023-04-19,4319.012080053581,4319.012080053581,4186.66466199613,4284.5986328125,517278
2023-04-20,4284.59841991464,4322.8301472966,4198.168692636776,4312.46630859375,484517
2023-04-21,4304.135974013267,4391.408777172982,4282.764248301647,4325.259765625,485292
2023-04-24,4326.251441731013,4425.32629406154,4326.251441731013,4362.69775390625,571150
2023-04-25,4373.507738829549,4409.507573223946,4346.879522027292,4380.00341796875,252655
2023-04-26,4383.424985348069,4451.606854922591,4364.631389054126,4373.95361328125,438486
2023-04-27,4383.3257943480985,4401.821579544248,4328.9783544122665,4380.9951171875,400508
2023-04-28,4406.236007720911,4491.574742391274,4394.335169366153,4476.4013671875,713399
2023-05-02,4492.317778057091,4535.507702849534,4439.90441456612,4453.689453125,384900
2023-05-03,4472.482651739762,4487.061368633679,4444.961970197376,4478.1357421875,287955
2023-05-04,4472.731014008219,4532.135925526834,4462.813650340795,4515.57421875,391146
2023-05-05,4512.399670270913,4591.738565572379,4484.135188819765,4564.4658203125,332169
2023-05-08,4572.896303447825,4621.49138452979,4547.111158383925,4586.8798828125,274255
2023-05-09,4607.508092706845,4609.491565527851,4544.433560149592,4555.0947265625,207566
2023-05-10,4555.094542132122,4595.706340196416,4539.177367086533,4563.2763671875,293523
2023-05-11,4572.847234227151,4606.615665590712,4546.764275863433,4557.326171875,409446
2023-05-12,4557.028062825715,4601.656194017697,4497.523887903073,4567.193359375,427837
2023-05-15,4571.855511180811,4650.252081622244,4553.161182781417,4587.6240234375,401847
2023-05-16,4586.7812682063,4603.888722666096,4503.475403010769,4517.458984375,310725
2023-05-17,4542.202227450562,4561.590965140506,4421.160990269235,4445.111328125,266803
2023-05-18,4472.731042112224,4492.466499085149,4396.367341393235,4405.29296875,167057
2023-05-19,4418.18610728013,4428.103472279637,4373.805898907339,4410.40087890625,177405
2023-05-22,4422.945526871823,4586.780563621184,4415.1607840149,4567.2431640625,361967
2023-05-23,4566.945775177082,4578.896004191043,4495.540759799721,4512.796875,433331
2023-05-24,4503.425215763694,4568.929205706813,4485.970559760886,4498.96240234375,225979
2023-05-25,4531.243951758797,4559.954916392634,4493.508572604532,4530.40087890625,202680
2023-05-26,4552.069719814745,4581.821809486738,4513.639937321756,4571.80517578125,289579
2023-05-29,4596.698358376715,4626.450451311192,4542.7973864944925,4602.103515625,332364
2023-05-30,4633.392131422045,4755.375699950494,4497.97072932738,4561.14404296875,1298380
2023-05-31,4561.9875395029285,4691.905010736598,4487.607307880598,4583.75634765625,1655511
2023-06-01,4650.2513415373305,4806.945671237245,4647.27613274556,4774.46630859375,1692479
2023-06-02,4799.656900387556,4960.863940369859,4766.2850678706345,4926.251953125,1326161
2023-06-05,4926.89677718481,4967.805901485339,4893.276527635366,4909.29345703125,698352
2023-06-06,4927.938430365734,4928.384905467694,4853.062328233995,4899.27734375,382992
2023-06-07,4923.42495348484,4998.3504294178165,4909.14356486098,4984.91259765625,552840
2023-06-08,4978.516179591247,4986.99533117871,4879.342550515725,4885.9375,411502
2023-06-09,4885.937427325963,4924.813683043812,4866.499299467038,4885.9873046875,249400
2023-06-12,4908.102827336572,4953.722696008522,4874.43318708563,4884.05322265625,343835
2023-06-13,4884.301205651027,4948.764064202766,4876.119381296383,4910.1357421875,308751
2023-06-14,4923.971022082127,4981.045255839979,4910.136106176561,4967.607421875,360156
2023-06-15,4998.301759576124,5216.334606488622,4976.532953218562,5175.6240234375,1712253
2023-06-16,5175.623297370198,5250.251446472399,5120.383397293083,5157.07763671875,797312
2023-06-19,5176.864118303572,5218.467654868535,5092.86384973526,5102.48388671875,327818
2023-06-20,5132.1858753011375,5154.945932465507,5058.946053896802,5119.39208984375,334154
2023-06-21,5127.128510344182,5130.252383146367,5044.56645527035,5076.45068359375,410174
2023-06-22,5087.508579328321,5112.401260394048,5013.227618097365,5024.13671875,329800
2023-06-23,5042.384187839478,5042.384187839478,4959.673473316093,5003.75634765625,335552
2023-06-26,5008.218743315315,5013.226817753256,4958.73071631282,4995.326171875,430106
2023-06-27,4998.351449719125,5107.442453582043,4995.326847401441,5100.3017578125,556456
2023-06-28,5102.483238635525,5133.177670669446,5073.871549670702,5084.53271484375,362944
2023-06-30,5085.624352344013,5106.401424003064,5022.202614703918,5056.07080078125,411015
2023-07-03,5085.1281676866765,5100.004213033396,5018.185963626443,5026.61572265625,150815
2023-07-04,5077.59063025544,5082.351255085127,5010.301224858358,5067.72314453125,233404
2023-07-05,5082.648261226747,5105.954063009934,5008.664640418965,5035.689453125,279982
2023-07-06,5047.937597264838,5266.119575928544,5028.301412883593,5239.39208984375,1251554
2023-07-07,5231.359805307951,5231.359805307951,5087.607428991074,5103.72314453125,559765
2023-07-10,5137.045475417127,5160.499942542341,5068.516398836989,5115.72314453125,271366
2023-07-11,5157.029132287902,5228.83074874204,5122.417629768533,5213.55810546875,503174
2023-07-12,5218.169202823368,5244.748026194699,5162.830511016038,5208.6484375,263391
2023-07-13,5246.1854905902255,5246.1854905902255,5125.292938597549,5139.17724609375,338327
2023-07-14,5137.193954670413,5155.491682821352,5054.136040828011,5129.0615234375,508041
2023-07-17,5109.624310674958,5274.996350096142,5109.624310674958,5176.16943359375,469609
2023-07-18,5163.474623155858,5280.003628864263,5064.251608163904,5119.9375,511024
2023-07-19,5119.937507262378,5180.780621220991,5119.937507262378,5132.830078125,265631
2023-07-20,5127.2762329043535,5166.945681514831,5090.23478841508,5152.51611328125,276787
2023-07-21,5087.657105768118,5209.591289382798,5082.698423786981,5161.888671875,313184
2023-07-24,5101.492086823739,5182.517145120525,5101.492086823739,5137.98779296875,249814
2023-07-25,5111.210627498681,5176.863767831371,5111.210627498681,5169.12841796875,547945
2023-07-26,5153.061918125394,5211.574360998642,5100.549286288953,5113.14453125,297720
2023-07-27,5104.219005562409,5221.491827713816,5101.690271595068,5172.40087890625,363050
2023-07-28,5134.218869109271,5319.673558798943,5134.218869109271,5302.7646484375,453505
2023-07-31,5295.822836504808,5295.822836504808,5115.921471120154,5130.69873046875,689230
2023-08-01,5166.946439357076,5166.946439357076,4980.053528480672,4990.81396484375,1044095
2023-08-02,4991.408937977654,5002.020710383957,4934.879967291239,4955.45849609375,1016605
2023-08-03,4919.011885944501,4988.433424657427,4915.342268056899,4955.01171875,412037
2023-08-04,4983.475341418444,4994.830916740687,4922.979421850976,4939.14453125,358846
2023-08-07,4939.144582649213,4983.37612279006,4915.39278649668,4972.962890625,608113
2023-08-08,4975.541244545371,5013.227225668098,4938.995663370526,4981.8388671875,519420
2023-08-09,4981.83896245686,4984.466966973001,4917.0288942005855,4940.18603515625,268668
2023-08-10,4940.234946657135,4940.284824018251,4863.078058735037,4881.82177734375,370166
2023-08-11,4889.259941111458,4970.58231741392,4771.391985438458,4865.60693359375,1066479
2023-08-14,4822.813796698727,4886.830183419082,4690.912864154839,4781.01220703125,832136
2023-08-16,4760.334713597288,4913.01272587045,4714.814109747772,4901.06201171875,667417
2023-08-17,4899.673280289954,4919.012138495734,4832.2846037667,4852.31787109375,375779
2023-08-18,4843.574894861282,4863.4956585081845,4794.045633670805,4817.14599609375,336848
2023-08-21,4849.585354066648,4913.620740924717,4808.849234518045,4900.90283203125,243126
2023-08-22,4916.054998147738,4927.083655080973,4874.573703007663,4887.98681640625,175172
2023-08-23,4926.089626106855,4954.902978094974,4879.392124608867,4913.76953125,597123
2023-08-24,4923.109378687578,4951.425951299606,4868.562814788981,4888.28515625,534065
2023-08-25,4868.463012456968,4881.478796313912,4814.810562931932,4834.18505859375,249504
2023-08-28,4843.525233793508,4880.237619068055,4810.837073957718,4873.87890625,204098
2023-08-29,4874.424904386094,4913.173899753207,4827.627943722693,4847.00244140625,591619
2023-08-30,4850.529686838972,4858.478198385028,4813.817305080169,4843.12744140625,396122
2023-08-31,4855.994222207823,4880.18711578481,4774.869339237909,4783.1162109375,488260
2023-09-01,4808.849421221771,4818.735576380771,4770.299334793052,4809.197265625,206097
2023-09-04,4828.721040859734,4838.656680861503,4786.594024279968,4793.79736328125,354446
2023-09-05,4828.721199781823,4959.8716521215765,4800.950891007438,4952.419921875,800554
2023-09-06,4947.948203053051,5011.1884480181625,4922.11554175197,5000.70654296875,535407
2023-09-07,4997.57770122719,5012.431192732709,4954.903931105741,4996.68310546875,334709
2023-09-08,5007.562017934712,5017.298750025248,4945.9115724638,4953.06494140625,292671
2023-09-11,4971.79442506908,5073.932613686886,4971.546034060633,5063.15283203125,543287
2023-09-12,5078.105343007955,5092.015238293047,4934.038570412346,4947.15380859375,483061
2023-09-13,4942.980720734696,4988.883569925422,4913.173801815693,4978.7490234375,232238
2023-09-14,4968.813124510355,5067.1759518102,4963.348522993697,5051.8251953125,414391
2023-09-15,5051.825957425445,5117.252247936388,5029.123406719532,5059.029296875,658355
2023-09-18,5067.176490996119,5128.777460102347,5034.736722841302,5042.486328125,371912
2023-09-20,5018.93890285225,5027.234773878494,4897.276800851115,4974.0791015625,509910
2023-09-21,4957.883833401646,5014.467491247119,4943.427672792567,4987.740234375,422586
2023-09-22,4980.73579076112,4984.511139495397,4923.109085023209,4957.4365234375,348459
2023-09-25,4982.622972000229,5080.538974952543,4940.843808530558,5064.244140625,386746
2023-09-26,5064.195441284996,5064.195441284996,4997.875047777879,5021.17431640625,267102
2023-09-27,5021.472094464322,5085.904812253033,4987.690920896497,5072.49169921875,460768
2023-09-28,5072.491854844086,5112.383350768128,4962.8519749464185,4987.79052734375,407714
2023-09-29,5021.472606260036,5153.567138068235,4994.249048873146,5104.68359375,410567
2023-10-03,5105.875673604012,5121.772696862222,5033.394989130652,5086.00439453125,268482
2023-10-04,5052.273143998666,5064.046974901798,4950.233923023097,5014.9150390625,442482
2023-10-05,5022.416927134969,5047.156575634616,4994.298772661176,5014.5673828125,363289
2023-10-06,5017.497610820858,5051.278782854108,4996.433862438798,5027.681640625,407753
2023-10-09,4967.819562401384,5033.394780625083,4954.952715679313,5014.81494140625,176296
2023-10-10,5036.32585077332,5051.825059274112,5000.607035039024,5034.09033203125,202645
2023-10-11,5040.300440024911,5106.918708893836,5032.401412557836,5060.072265625,336099
2023-10-12,5060.021837339619,5081.036101111044,4840.34525577931,4961.708984375,1029595
2023-10-13,4956.8411504096,4996.732646682587,4901.996225340447,4985.00830078125,410013
2023-10-16,4997.626757970924,5016.951771199852,4954.307271947659,4989.38037109375,259806
2023-10-17,5017.497831339058,5035.381982025019,4979.941308953995,4996.43408203125,217907
2023-10-18,4988.68473262328,5007.512964058392,4906.666220309883,4945.21630859375,341459
2023-10-19,4945.216785553546,4987.642165553705,4903.387641025317,4964.88916015625,231958
2023-10-20,4957.983189589226,4967.769890785547,4908.702324362259,4945.513671875,252447
2023-10-23,4944.967675014576,4978.301550779644,4912.32900291668,4937.5654296875,363474
2023-10-25,4928.076937026999,4939.353984303767,4800.403976057651,4828.62109375,894230
2023-10-26,4828.621172312789,4828.621172312789,4695.583061154196,4729.662109375,836962
2023-10-27,4749.186204401943,4829.267070788232,4746.056089843552,4799.11279296875,333727
2023-10-30,4808.849641948934,4837.066761828505,4752.26597948252,4810.58837890625,234759
2023-10-31,4800.901127375672,4868.11563325915,4774.273806900162,4788.87890625,276660
2023-11-01,4803.881928986635,4824.746772938801,4759.171549089138,4765.67919921875,281746
2023-11-02,4806.6633361010845,4863.495386356661,4779.241360031512,4855.546875,214035
2023-11-03,4918.88695458507,5132.254822786281,4905.274933780561,5120.0341796875,1262458
2023-11-06,5107.961442730136,5194.352017022793,5094.498846075817,5131.7080078125,399720
2023-11-07,5116.853841855184,5148.598401007183,5088.089974261548,5103.78857421875,222204
2023-11-08,5101.9511726411565,5120.481044331972,5054.70739819437,5078.05615234375,400498
2023-11-09,5114.37035098901,5278.805182089289,5089.083954809675,5263.50439453125,1032216
2023-11-10,5265.888968812163,5303.644399154589,5185.062443932948,5244.52734375,696409
2023-11-13,5216.211005143992,5245.024361172406,5166.731711950667,5187.0498046875,150128
2023-11-15,5249.843086503745,5260.921227755423,5173.487598285645,5191.322265625,356675
2023-11-16,5190.378182802622,5333.451394579724,5168.271384455119,5304.3896484375,449045
2023-11-17,5297.881987603034,5457.994724120591,5271.999355136937,5443.6875,735541
2023-11-20,5439.762286308109,5558.989952857328,5419.940492688854,5438.71923828125,526567
2023-11-21,5464.602242978433,5484.771399019767,5387.50157612249,5431.61572265625,382979
2023-11-22,5431.814336703639,5504.295023874623,5404.14348253722,5496.39599609375,302473
2023-11-23,5494.408606412771,5514.27988527864,5438.073336772575,5458.5908203125,234584
2023-11-24,5457.646626851791,5457.646626851791,5360.277362436813,5366.53662109375,270183
2023-11-28,5366.537236605,5389.935960749153,5306.62551925603,5332.25927734375,362746
2023-11-29,5337.524939775766,5400.02001458193,5329.973756803084,5387.05419921875,277119
2023-11-30,5347.3608274626895,5514.279560092517,5347.3608274626895,5493.365234375,775261
2023-12-01,5514.279979127868,5651.043961222111,5494.756544337605,5555.1650390625,546990
2023-12-04,5589.790294070803,5621.832728657327,5533.753389216975,5586.3623046875,936113
2023-12-05,5573.893655634064,5652.385206221425,5489.440721457791,5544.28564453125,787929
2023-12-06,5498.5317251789165,5602.707000248144,5473.295298389246,5507.42431640625,574427
2023-12-07,5454.914416670906,5484.274037016,5406.47817463954,5426.25,510609
2023-12-08,5459.634503426411,5536.6852021353925,5404.044400277809,5519.59619140625,456382
2023-12-11,5514.2803085616,5519.595973093985,5454.66646738796,5511.6474609375,238128
2023-12-12,5514.279501982734,5514.279501982734,5368.424519301048,5394.0087890625,615205
2023-12-13,5368.176613897347,5416.910732281061,5334.842251818551,5391.8232421875,476781
2023-12-14,5459.435117233466,5497.339970861913,5417.010226728243,5480.3994140625,490550
2023-12-15,5494.40890545031,5552.035617297709,5464.601985529242,5515.47265625,349758
2023-12-18,5514.776641149927,5571.658176634268,5458.640278619529,5463.26025390625,428321
2023-12-19,5473.344513329129,5638.822868784738,5468.277725647168,5519.744140625,682732
2023-12-20,5519.744807933255,5569.7208831315065,5340.505959168323,5367.431640625,437044
2023-12-21,5309.605913964736,5517.26078597421,5250.836701521845,5440.607421875,487514
2023-12-22,5474.538025077041,5513.287023802632,5427.542638626872,5505.73583984375,220537
2023-12-26,5505.736001720155,5608.669339414569,5490.584149208894,5596.8955078125,243281
2023-12-27,5598.733077848037,5678.218196965668,5579.4580334897455,5650.845703125,307177
2023-12-28,5638.475091849937,5732.863661669451,5638.226700876728,5723.4248046875,568149
2023-12-29,5703.057032115314,5721.885262888295,5640.7603788414535,5667.38818359375,325682
2024-01-01,5704.050920330004,5727.896456314662,5671.11437077893,5713.04248046875,127030
2024-01-02,5701.169308479461,5745.432387697418,5643.443146868448,5709.3662109375,166449
2024-01-03,5693.121499020018,5748.761080860353,5636.537837360858,5731.1748046875,198997
2024-01-04,5731.174609660099,5802.363853185293,5694.611651178978,5725.1142578125,220702
2024-01-05,5725.114359451551,5771.414051189904,5678.217947179666,5717.21533203125,144894
2024-01-08,5712.992522129917,5737.682682492414,5603.700491271779,5645.43017578125,157009
2024-01-09,5665.501029801236,5811.356035964532,5638.178018861071,5760.33642578125,329437
2024-01-10,5762.670830891254,5781.846420807556,5684.477155044221,5763.56494140625,239740
2024-01-11,5766.645324668897,5854.0789546776605,5764.906587708495,5832.12109375,213210
2024-01-12,5832.220040550671,5883.885362886043,5705.888488829499,5758.3984375,250919
2024-01-15,5797.445467709997,5886.021594066391,5766.644986219163,5858.4501953125,375458
2024-01-16,5844.143664867814,5929.043905873808,5791.4847709137175,5866.54833984375,347797
2024-01-17,5835.052366655163,5941.860495414615,5793.720007707492,5887.7607421875,378205
2024-01-18,5920.647858416249,5990.147854065309,5800.426614773294,5952.29296875,591170
2024-01-19,5948.46725623772,6080.611259090504,5912.698954713658,6055.42431640625,326813
2024-01-23,6386.628951160369,6387.324639967818,6094.173310919503,6114.14404296875,982889
2024-01-24,6113.945422875097,6189.903583050012,6044.197522701455,6173.36083984375,435151
2024-01-25,6170.081515663033,6198.050728522308,6079.71716692868,6129.14697265625,337391
2024-01-29,6159.152710106179,6308.137825718828,6138.03947514059,6289.01171875,554591
2024-01-30,6290.25320236766,6346.737408470509,6243.356791102957,6269.189453125,304312
2024-01-31,6239.581813383024,6330.641855399328,6215.288979942651,6312.0625,499281
2024-02-01,6249.169724750527,6335.957637305728,6227.460254290908,6247.48095703125,255111
2024-02-02,6279.324339336456,6318.12281861186,6250.808859119764,6279.87060546875,239428
2024-02-05,6279.870496464058,6305.753128718198,6169.2375375736365,6194.37451171875,147909
2024-02-06,6219.660742795732,6257.366203008437,6115.435498006596,6157.41357421875,326654
2024-02-07,6197.6043915474975,6208.633049954932,6115.386963243933,6138.189453125,323738
2024-02-08,6161.586836130274,6322.246320906085,6110.418292703569,6190.89697265625,794455
2024-02-09,6229.049211493039,6432.282991595555,6173.608541763198,6395.91845703125,933104
2024-02-12,6423.291134513304,6634.820790953551,6333.969837286587,6571.87890625,709946
2024-02-13,6571.879755296367,6696.621524505231,6555.783824045496,6675.6572265625,521773
2024-02-14,6675.557272578849,6731.395760619074,6656.878464376059,6710.63037109375,452781
2024-02-15,6706.556462767966,6720.863686194144,6543.214651280277,6584.9443359375,446114
2024-02-16,6588.372059957472,6617.583228301985,6483.104250164831,6558.068359375,391508
2024-02-19,6577.393880800887,6632.983982353462,6469.1448856406905,6614.3046875,334607
2024-02-20,6630.564063809969,6747.413149298935,6601.078412969933,6722.0048828125,559251
2024-02-21,6747.363590319611,6784.1586213302,6680.087962727034,6722.70068359375,537325
2024-02-22,6727.523268232535,6836.367131599488,6652.988281843264,6731.7001953125,564432
2024-02-23,6741.44621009606,6749.2028060172925,6685.855977790408,6736.5234375,352524
2024-02-26,6732.446447198475,6754.125486686771,6534.498840635703,6547.5263671875,453443
2024-02-27,6551.503354121756,6631.507866026674,6533.603071733445,6583.9228515625,313760
2024-02-28,6593.271690386247,6593.271690386247,6310.148652980312,6327.1044921875,536602
2024-02-29,6357.136749836006,6357.136749836006,6028.467633440517,6067.798828125,1543361
2024-03-01,6068.196614286932,6073.168915675237,5908.933897934798,6051.6884765625,1749136
2024-03-04,6110.95835952127,6137.5601717453865,5989.485134648651,5999.876953125,551616
2024-03-05,6001.616969087564,6069.687965520066,5943.093373478652,6027.52294921875,724456
2024-03-06,5991.622763989888,6045.22407218236,5912.065947206619,6020.76025390625,588776
2024-03-07,6031.898206538261,6108.819798382016,5998.583790592497,6015.29052734375,738112
2024-03-11,6015.290421046194,6190.514495453217,6002.66106836106,6170.3271484375,521556
2024-03-12,6205.432089347652,6239.492353620114,6073.666103476088,6110.75927734375,482112
2024-03-13,6145.764218599238,6145.764218599238,5923.054655961718,5975.11474609375,356191
2024-03-14,5975.114914326191,6061.235269744964,5946.872340127135,5989.783203125,439181
2024-03-15,5981.678819699755,5997.441112873581,5908.685529389258,5950.05517578125,764270
2024-03-18,5964.524280008823,6110.909030784271,5945.529991113613,6102.55517578125,419258
2024-03-19,6043.334818097429,6091.765225532047,6000.622556985677,6079.33447265625,542392
2024-03-20,6113.941186230738,6166.349431943734,6039.804374047205,6139.8466796875,413963
2024-03-21,6155.609397007202,6179.9736731031,6071.776592262852,6148.25048828125,350032
2024-03-22,6134.9744419338,6355.496005525888,6134.52722616068,6340.5791015625,727548
2024-03-26,6362.557063440687,6427.644684961338,6274.547326004848,6287.42578125,629120
2024-03-27,6319.794562533644,6363.94849823924,6185.542435713496,6196.92919921875,603420
2024-03-28,6196.929273715708,6390.003626492861,6078.63803743162,6321.58447265625,818070
2024-04-01,6365.540125984842,6520.675926586879,6337.446623632231,6421.478515625,440465
2024-04-02,6433.660431394269,6433.660431394269,6368.7223728741765,6384.18603515625,213898
2024-04-03,6364.098163859047,6373.496007843689,6276.0388992824965,6339.73388671875,289202
2024-04-04,6389.406734044717,6439.129743648178,6291.352861991439,6404.92041015625,547885
2024-04-05,6404.920824571324,6444.102461558751,6346.197655084335,6362.30810546875,239001
2024-04-08,6362.308063106273,6362.308063106273,6245.210368693274,6272.806640625,491584
2024-04-09,6312.63479232064,6503.770253008067,6295.8785250075,6469.013671875,592624
2024-04-10,6469.013943094631,6479.803934736454,6415.263556757385,6453.8984375,174947
2024-04-12,6414.269065456845,6442.014411275882,6327.452873731659,6371.0595703125,450885
2024-04-15,6290.060529984147,6363.6505873796505,6248.193656972259,6268.23193359375,251305
2024-04-16,6265.049717626846,6312.4356489387765,6167.64214701769,6299.65673828125,290190
2024-04-18,6271.1657320714085,6299.308762253649,6019.66683787977,6040.50048828125,518459
2024-04-19,6105.985478073306,6164.658628432642,6016.484062270928,6135.37158203125,560178
2024-04-22,6120.405557016566,6223.3321920236685,6115.930485929301,6203.98974609375,197001
2024-04-23,6206.9239784648325,6268.878661084158,6146.759130159599,6160.58203125,217146
2024-04-24,6195.387896886435,6275.541491219393,6151.880260369384,6248.5419921875,207837
2024-04-25,6245.2104758243,6366.733714664014,6134.676314279071,6348.73388671875,520353
2024-04-26,6344.657077725783,6344.657077725783,6216.421220458765,6223.9296875,261065
2024-04-29,6165.653228893527,6165.653228893527,5701.240316330095,5935.28662109375,2785015
2024-04-30,5966.761636469192,5989.634222742324,5868.31006946745,5914.15478515625,1040838
2024-05-02,5914.154249597694,5966.761096146802,5906.546726315359,5925.54052734375,572406
2024-05-03,5966.761677950019,5994.308421927078,5927.032795547145,5976.30859375,563849
2024-05-06,6016.484870916297,6052.434513980144,5953.038497417164,6023.14794921875,419144
2024-05-07,6046.3181909664845,6046.3181909664845,5823.9567866966045,5867.56396484375,455928
2024-05-08,5859.36024958843,5877.260535483302,5780.449725486597,5814.1123046875,511587
2024-05-09,5827.437509985339,5859.35978106055,5757.924835767241,5774.23388671875,598157
2024-05-10,5787.708630665811,5848.420229499576,5721.377943439625,5810.083984375,372227
2024-05-13,5787.758864275289,5810.034677565485,5758.124141984266,5797.8525390625,348407
2024-05-14,5822.564693436686,5861.994944757767,5708.201766067734,5830.3212890625,558136
2024-05-15,5837.432148565266,5850.857361962913,5787.758664763453,5816.39892578125,509306
2024-05-16,5857.370658608796,5911.568740254666,5817.592250061367,5898.83984375,378026
2024-05-17,5892.176387808704,5939.910475001078,5877.35902869132,5920.07080078125,267904
2024-05-21,5966.761166624638,6008.428951656313,5887.602038032164,5915.2978515625,606639
2024-05-22,5925.591217862684,5925.591217862684,5812.57090231844,5835.64208984375,735701
2024-05-23,5845.88488295831,5958.258887981104,5828.133670890339,5936.97705078125,308200
2024-05-24,5905.4024783195255,5938.766907493277,5834.497664289608,5881.58544921875,608807
2024-05-27,5917.038379649063,5926.485751851865,5885.215652229103,5906.3974609375,189637
2024-05-28,5911.220779014871,5938.36983509881,5847.724395140209,5871.79052734375,314362
2024-05-29,5877.160559325219,5912.066211363753,5848.321211952713,5870.74658203125,337183
2024-05-30,5867.315340199446,5869.055645596963,5718.14630612658,5734.50537109375,643549
2024-05-31,5823.510238084031,5926.337340404286,5711.185748145155,5806.85302734375,1382132
2024-06-03,5953.136827429214,5984.810481522877,5780.3493698154325,5818.78564453125,804820
2024-06-04,5718.494525461947,5930.712243089998,5661.6612199877945,5813.31640625,642000
2024-06-05,5882.232390663183,5911.8175831606,5744.797789604321,5901.7734375,487289
2024-06-06,5936.927361243605,5941.899662216171,5867.315147627684,5928.9716796875,490549
2024-06-07,5954.579615427206,5997.590023070682,5932.403345138668,5981.23095703125,436163
2024-06-10,6006.540267823873,6041.346378647357,5958.855701765173,6023.14794921875,443756
2024-06-11,6048.058230172286,6133.084575990469,6025.633347230861,6074.11328125,521348
2024-06-12,6083.411631047337,6154.565554894163,6041.34615574894,6134.427734375,321285
2024-06-13,6173.559641357561,6176.144849520622,6125.875078617354,6171.8193359375,401804
2024-06-14,6175.598033219894,6185.493106746791,6140.791925142165,6173.21142578125,216573
2024-06-18,6190.515025197609,6215.177445043382,6132.040957021441,6201.80224609375,267887
2024-06-19,6230.293684941507,6234.271526081135,6094.102154692988,6139.35009765625,401714
2024-06-20,6131.544020457637,6159.388908651088,6081.870534610581,6141.6376953125,252844
2024-06-21,6118.118625763517,6204.537125524207,6110.958317637636,6135.81982421875,434583
2024-06-24,6135.819812976391,6260.127345654195,6122.046441240431,6224.87353515625,357273
2024-06-25,6223.332397571155,6280.016633215379,6207.6696482484085,6260.4755859375,348730
2024-06-26,6245.011532349152,6250.829222158528,6091.06927375084,6102.8037109375,538411
2024-06-27,6081.8704856555305,6166.051451633224,6021.457023364957,6158.1953125,440975
2024-06-28,6188.028558101733,6188.028558101733,6111.106964968935,6151.4326171875,334692
2024-07-01,6145.764088391113,6145.764088391113,6074.610654705055,6106.48291015625,374933
2024-07-02,6100.764901242284,6129.604247937101,6043.334822910365,6063.82080078125,436037
2024-07-03,6098.279211521251,6183.305567684987,6045.373729011066,6158.39453125,188203
2024-07-04,6166.59883646262,6209.410158459136,6126.869952957517,6190.56494140625,222050
2024-07-05,6166.648000481449,6307.712283835749,6124.8806700476125,6293.4912109375,350300
2024-07-08,6344.65592653286,6352.562079167115,6257.93880490523,6282.45263671875,317731
2024-07-09,6274.348046302099,6315.220460898839,6221.2439644998185,6285.287109375,176239
2024-07-10,6285.286885122135,6381.451384935202,6266.243068567219,6340.38037109375,295890
2024-07-11,6360.467911220236,6376.130659407556,6304.877683023031,6353.65576171875,354777
2024-07-12,6349.827579770596,6384.385072354621,6284.988579310489,6318.70068359375,211028
2024-07-15,6305.374843668079,6430.875914055184,6305.374843668079,6401.5888671875,359221
2024-07-16,6401.589177016455,6428.190988424307,6367.528913812011,6417.9482421875,298376
2024-07-18,6396.368667482709,6503.472236322672,6394.379746877148,6484.7265625,583444
2024-07-19,6489.10216008757,6489.10216008757,6329.739894863397,6346.59619140625,228785
2024-07-22,6346.595788041587,6398.357249834364,6334.860865743363,6366.68359375,222285
2024-07-23,6368.523663561139,6438.53357049252,6289.76221477814,6368.1259765625,284679
2024-07-24,6364.545122452339,6408.251841390932,6314.871642461446,6387.02001953125,309594
2024-07-25,6369.319061888742,6398.5065684730125,6336.700958654755,6350.42431640625,412373
2024-07-26,6397.362805533417,6642.944959164911,6358.131154334409,6627.6298828125,432671
2024-07-29,6739.457136167379,6739.457136167379,6579.746722382726,6644.63525390625,367708
2024-07-30,6644.635160831205,6675.960658369286,6547.625758717602,6604.21044921875,264929
2024-07-31,6627.331856494038,6649.707212576285,6547.675491725978,6578.65283203125,352268
2024-08-01,6578.652622025413,6697.6897068135495,6570.001109295568,6669.248046875,361725
2024-08-02,6669.247825010647,6758.202484622607,6643.98863290635,6672.97705078125,587569
2024-08-05,6651.944881666126,6719.070951259856,6563.487444615418,6650.552734375,907845
2024-08-06,6652.093843641484,6697.689944312309,6594.31560461612,6620.818359375,334936
2024-08-07,6664.077276919475,6730.507027941093,6625.094240564947,6683.12109375,358284
2024-08-08,6702.662348349294,6706.988347722022,6463.991878971871,6505.65966796875,509454
2024-08-09,6545.785906016914,6561.448654776042,6493.825358546158,6551.35498046875,115598
2024-08-12,6513.714824341823,6555.382612896779,6385.3799196286345,6466.37841796875,230114
2024-08-13,6474.234578962188,6605.205192317711,6474.234578962188,6552.896484375,400126
2024-08-14,6563.437144445174,6826.969090396383,6424.461335212415,6479.75341796875,1723346
2024-08-16,6529.9017091728565,6687.865137603918,6529.7023168916085,6660.0771484375,611092
2024-08-19,6722.924220163302,6729.796445434941,6538.715902001771,6697.9248046875,398225
2024-08-20,6747.8238504638375,6761.369394867304,6623.32525543683,6646.13330078125,146064
2024-08-21,6648.225219245503,6761.269947692598,6600.517453138968,6725.36474609375,291296
2024-08-22,6733.431665205967,6830.490965093489,6723.92016700877,6803.15087890625,344641
2024-08-23,6836.467232626043,6899.612826292235,6803.300999584239,6833.1806640625,468784
2024-08-26,6802.603148333795,6850.410608234237,6582.290242763536,6752.8037109375,385016
2024-08-27,6752.803668670495,6823.269872145192,6706.988186552672,6754.248046875,297297
2024-08-28,6758.680846094708,6821.02984727093,6719.488586387282,6749.26904296875,250361
2024-08-29,6772.62437226047,6879.643566958727,6733.183117185793,6829.69482421875,659960
2024-08-30,6837.463102430869,6961.961702256632,6823.519259250384,6899.71240234375,499581
2024-09-02,6960.965812398308,6970.925700525934,6837.5128045273095,6852.45263671875,248292
2024-09-03,6863.309223967324,6898.019044630054,6807.03585670109,6817.39404296875,361990
2024-09-04,6810.571371144691,6910.170250512118,6762.813513958948,6903.0986328125,389768
2024-09-05,6903.098598664039,7015.745027935887,6872.522034643088,6906.48486328125,387284
2024-09-06,6906.484906706516,6934.522380344161,6830.391460032308,6879.09521484375,185503
2024-09-09,6879.095359419296,6900.210516846332,6793.0921142208335,6833.1806640625,304409
2024-09-10,6872.322768549933,6947.868616828162,6833.180602962473,6893.7861328125,354522
2024-09-11,6872.322291878011,6926.056078819644,6845.878985414401,6872.5712890625,223028
2024-09-12,6915.150355891202,7067.985034376988,6887.262669017379,7033.4736328125,831152
2024-09-13,7067.736350729547,7071.471308958705,6979.939543564655,6990.9951171875,238034
2024-09-16,6996.821369904109,7034.619339662762,6982.379532201105,7003.14599609375,226343
2024-09-17,7003.195889995092,7123.760631863761,6971.822241276675,6979.939453125,266003
2024-09-18,7001.701313510832,7039.648582676887,6932.828787757235,7007.67724609375,251334
2024-09-19,7039.648379436187,7096.071044013068,6983.325410997337,7002.0498046875,407897
2024-09-20,7011.661226287806,7091.4400238203125,6989.749473405215,7054.23974609375,493357
2024-09-23,7061.958795416672,7153.191465535991,7061.958795416672,7124.1083984375,254282
2024-09-24,7047.816037068572,7171.119254159646,7047.816037068572,7093.43212890625,333949
2024-09-25,7064.2994875150125,7116.290296861779,7045.773998763713,7104.83642578125,236185
2024-09-26,7079.488119864654,7165.093548482394,7065.942575437753,7139.09814453125,405696
2024-09-27,7130.582352980152,7250.698698373635,7081.480300139749,7204.98291015625,772592
2024-09-30,7131.778077876355,7287.600726184317,7131.778077876355,7170.27294921875,442794
2024-10-01,7172.613011235926,7214.892928368183,7106.3797591013445,7124.65625,310719
2024-10-03,7064.897226629451,7171.11933450731,6828.4495836145325,6878.2490234375,655420
2024-10-04,6874.414245540814,6930.388523100485,6700.365206493092,6746.4296875,429272
2024-10-07,6773.719830664667,6829.993197880158,6716.101781304275,6745.9814453125,260810
2024-10-08,6791.647478528614,6912.162120690509,6721.629661950389,6896.52490234375,345891
2024-10-09,6931.085901804395,7041.640656093846,6908.576458171023,6980.78564453125,391824
2024-10-10,7026.6510324572055,7026.750242274186,6856.4361658759535,6927.1513671875,237853
2024-10-11,6953.99389651925,6990.795877710645,6902.302174358209,6955.38818359375,75315
2024-10-14,6948.8642045829965,7072.914408810763,6933.82467720022,7064.14990234375,168515
2024-10-15,7086.460743045883,7121.669046532018,7011.761578502181,7111.509765625,322659
2024-10-16,7056.680484381746,7106.579621517922,7027.697112461229,7042.935546875,223419
2024-10-17,7060.564930935862,7074.110476509149,6932.7296652575005,6961.2646484375,183572
2024-10-18,6955.288434976651,7013.404479076011,6922.122202263216,6954.89013671875,236651
2024-10-21,6944.282345173698,7003.792671126457,6929.5915115702965,6958.37548828125,222611
2024-10-22,6991.791244294563,7009.02165470728,6843.986128452772,6864.3046875,112233
2024-10-23,6857.382654493906,6931.036218274933,6827.25399431984,6879.04541015625,109466
2024-10-24,6909.423744842668,6950.010291039263,6843.090789254367,6926.255859375,147408
2024-10-25,6926.255176771926,6952.997572391807,6848.468356916967,6916.99267578125,175261
2024-10-28,6895.230033256111,6942.041503942668,6766.996483237084,6898.5166015625,238427
2024-10-29,6929.990601482619,6969.631248815988,6828.300044403761,6959.42236328125,196146
2024-10-30,6952.599905938007,7006.78160244361,6911.963268816791,6954.4921875,191699
2024-10-31,6971.821925215581,7021.7210615129925,6928.147718937242,6994.53076171875,224153
2024-11-01,6994.530755923158,7017.737100485966,6972.668607185229,7003.74365234375,18769
2024-11-04,7061.560005425659,7061.560005425659,6864.503540449787,6930.48779296875,273442
2024-11-05,6892.2423593160765,6958.5252181125215,6786.916545804852,6938.3564453125,246059
2024-11-06,6991.841133726807,7113.102765924989,6863.358582978836,6940.1494140625,459745
2024-11-07,7287.152382502199,7453.880817846269,7171.418284214943,7395.06787109375,2502817
2024-11-08,7360.407000816398,7514.735663342134,7350.397507682564,7391.63134765625,1032481
2024-11-11,7370.316906324547,7424.249601016434,6954.5912905215255,7126.748046875,625620
2024-11-12,7132.52487550812,7203.837771667591,6972.917668484182,6991.39306640625,194183
2024-11-13,6942.041452488712,6970.128529221518,6803.051419658393,6831.33740234375,299775
2024-11-14,6832.483075647031,6880.290537400829,6799.665050601561,6833.13037109375,192648
2024-11-18,6846.875543582557,6846.875543582557,6667.696765664991,6714.85693359375,268706
2024-11-19,6722.924136518968,6769.635912143735,6634.480529074262,6660.0771484375,290018
2024-11-21,6596.981525687408,6734.826766838141,6567.699551770419,6715.45458984375,258574
2024-11-22,6724.517801045079,6922.420475621128,6724.517801045079,6907.28173828125,498633
2024-11-25,6952.001671543729,7118.331797496136,6903.098525271636,7046.62060546875,639047
2024-11-26,7066.540739198721,7083.52215419796,7014.251325695136,7048.16455078125,179222
2024-11-27,7048.164074157438,7086.858334797971,6942.041666171349,6954.69091796875,227250
2024-11-28,6954.69129315865,7001.801369579959,6788.659763166003,6813.6591796875,412343
2024-11-29,6839.504687918847,6864.803192472588,6784.675699060755,6801.5078125,410883
2024-12-02,6830.491239919844,7051.600755122849,6793.73935019793,7037.45751953125,579743
2024-12-03,7075.902325522623,7106.777976542611,7048.163941777238,7097.96337890625,351470
2024-12-04,7187.702624737906,7239.94243290613,7096.469951508705,7203.33984375,604278
2024-12-05,7228.140019493662,7305.52854700212,7111.758626107617,7245.56982421875,510951
2024-12-06,7233.86670663391,7280.727785483219,7178.838325036564,7204.28564453125,189048
2024-12-09,7134.018791617868,7198.957456038171,7134.018791617868,7164.994140625,203674
2024-12-10,7199.803390025749,7279.134284217463,7186.258331879629,7229.18505859375,333300
2024-12-11,7226.595750542978,7334.461137379791,7187.104407642246,7311.35400390625,391192
2024-12-12,7270.718326967703,7289.293421045356,7160.661563251275,7198.11083984375,396742
2024-12-13,7192.034605283496,7248.158667373907,7175.302189181224,7230.33056640625,314999
2024-12-16,7222.562024079061,7240.938211815018,7137.305286244866,7230.08203125,219812
2024-12-17,7198.010852678572,7277.689954410173,7172.115144615801,7189.7939453125,237831
2024-12-18,7204.235884428723,7238.348500340199,7148.858810677242,7208.369140625,253532
2024-12-19,7119.327902358066,7283.915050632362,7108.770323872915,7268.27783203125,292899
2024-12-20,7295.418698211739,7360.257667516113,7181.128981367319,7222.6123046875,349055
2024-12-23,7222.014652570108,7300.498377302682,7156.179694097524,7235.95849609375,179062
2024-12-24,7230.87876057493,7250.549539572363,7181.477618334569,7210.958984375,146814
2024-12-26,7243.029893735596,7268.775814972087,7195.770030986828,7232.02392578125,116439
2024-12-27,7232.024418564594,7265.738738763628,7126.30029826645,7217.23388671875,189089
2024-12-30,7210.958480555935,7348.803224963915,7191.088310655739,7284.91064453125,428884
