date,open,high,low,close,volume
2015-01-01,24.54160311890455,25.23209477118098,21.73803616050026,24.453004837036133,16552206
2015-01-02,24.34235604568738,24.691345262640287,24.000853696793524,24.33070945739746,10896534
2015-01-05,24.22755429419573,24.35858078880061,23.801195472561396,23.871076583862305,7117209
2015-01-06,23.867745092196618,24.242108905772497,23.232575624774235,23.555360794067383,14174127
2015-01-07,23.634809652177296,27.28610177521683,23.634809652177296,26.72954750061035,106931187
2015-01-08,26.68795589398283,27.162148373378056,25.965017442803163,26.159687042236328,53019450
2015-01-09,26.330230573151017,27.61138698547342,26.21376152277777,26.639705657958984,41711868
2015-01-12,26.77863158146736,27.19542364361695,26.35934494369006,26.746601104736328,30037887
2015-01-13,26.887615449137677,28.517757889385525,26.837698799160208,27.727436065673828,67516218
2015-01-14,27.66129718317693,27.91087413861366,27.17046585538653,27.362224578857425,20496861
2015-01-15,27.553150181604178,27.76944939220054,27.087277133861964,27.20832061767578,11048400
2015-01-16,27.42835765704832,28.02734169000269,27.24117652128005,27.402984619140625,21368655
2015-01-19,27.506969930018965,27.72784350795405,26.954160770507286,27.04567146301269,11937024
2015-01-20,27.237014967449653,27.301072772684535,26.130563967254176,26.31649780273437,17753967
2015-01-21,26.42298077465833,26.985359827143704,26.06400857024857,26.217498779296875,18738423
2015-01-22,26.355180422697742,27.03735247913428,26.20460264987669,26.69169044494629,38991249
2015-01-23,26.94584811438795,27.286935793615356,26.462921496585498,26.760332107543945,28132434
2015-01-27,28.46824815042148,29.732765095575555,27.96077811302342,28.322664260864254,58023207
2015-01-28,28.45309949225241,28.710198579794632,28.152664818866864,28.403928756713867,19361529
2015-01-29,28.335170789099145,28.335170789099145,27.618457784462937,27.890560150146484,11334510
2015-01-30,27.96306616775724,28.14682615023392,27.53512062298045,27.818056106567383,8474994
2015-02-02,27.91847638997627,29.151889588830656,27.585120705800374,28.527267456054688,20583486
2015-02-03,28.72435847950733,30.232788245778995,27.885135816312715,30.007776260375977,44045100
2015-02-04,30.335302460224288,30.60782027943289,29.46107818766473,29.613588333129883,22104819
2015-02-05,29.593583153383047,29.61025140820525,29.00187899116917,29.101051330566406,7194330
2015-02-06,29.168548828369925,29.61316246809774,28.285159843078507,28.40974998474121,8053254
2015-02-09,28.409764673288286,28.439349575454248,27.460120787061136,27.543458938598636,8275806
2015-02-10,27.41845069887118,28.40184657233735,27.2046871870264,27.82639503479004,10634481
2015-02-11,28.37684693128106,29.33440950599598,28.37684693128106,29.15439796447754,31994127
2015-02-12,29.31856692009383,30.91033492708563,28.852286960738567,30.729907989501957,44479017
2015-02-13,30.96075036169062,31.085340513781173,30.02193999219669,30.173200607299805,20106603
2015-02-16,30.376974978969123,31.205780276610703,30.04362237277397,30.505735397338867,16078788
2015-02-18,30.751166077817647,34.54307857001773,30.67699295432469,33.280914306640625,109588149
2015-02-19,33.16048351241943,33.543843977396435,31.718723359705542,31.97790908813477,37016100
2015-02-20,32.08541805832457,32.82713036595441,31.77872966253785,31.888322830200195,24559821
2015-02-23,32.11625936049149,32.48545065636107,30.87826324915841,31.04119110107422,20875833
2015-02-24,31.40204693273943,31.797908729138577,30.555326885658733,30.829509735107425,31191039
2015-02-25,31.151598405343485,31.54370838943485,30.751991483562144,30.88866424560547,21727827
2015-02-26,31.02701526734978,31.49371390724426,30.168625149398675,30.39197540283203,34231131
2015-02-27,31.16869099500886,34.04387728516752,31.143688608788104,31.403289794921875,161824707
2015-03-02,31.327027607454085,31.33536173472077,30.2144562379706,30.35196304321289,24964632
2015-03-03,30.51865246369145,30.72033337405183,30.04362279013334,30.336557388305664,19086210
2015-03-04,30.52697899172013,31.22702370638834,30.302797874574573,30.517810821533203,26097885
2015-03-05,30.65991276305627,30.793671151343197,29.601928257589936,29.854860305786133,24376671
2015-03-09,29.82694543370945,29.833611479613754,28.57686354483456,28.706039428710938,17811090
2015-03-10,28.83520842858872,29.01022201053643,27.33511224473008,27.634716033935547,32164803
2015-03-11,27.75180199636724,28.793536612711996,27.46011693325663,27.958480834960938,38426553
2015-03-12,28.218504345409595,28.651866555002584,28.085995443307198,28.21100425720215,20495079
2015-03-13,28.451847457339,28.626857869922453,27.598458464410783,27.74555206298828,22500522
2015-03-16,27.835144401820845,27.900149356844302,27.045510763502108,27.20093536376953,11763873
2015-03-17,27.401781162847588,28.14349667210444,27.29344062447681,28.05307388305664,27175302
2015-03-18,28.08057481276237,28.260170898064104,27.32677671567486,27.45553398132324,12434202
2015-03-19,27.665549647185664,27.85181178147667,26.973420315948697,27.039674758911133,16199865
2015-03-20,27.16842861353285,27.18009891155354,26.25253682663714,26.59547615051269,15232635
2015-03-23,26.785072189567423,27.08717492257965,26.377129480755336,26.565473556518555,20835441
2015-03-24,26.751740367775454,27.218439082418264,26.57172881572672,27.091346740722656,23075019
2015-03-25,27.168425297739542,27.168425297739542,26.43504724172495,26.589637756347656,11144727
2015-03-26,26.58005427424197,26.760065767560807,26.04335438956776,26.345457077026367,11206899
2015-03-27,26.58505968176827,26.667982377490727,25.68500206954569,25.847511291503903,17418456
2015-03-30,26.418383824651816,27.282605954905787,26.418383824651816,27.06800842285156,44026785
2015-03-31,27.24343982605835,28.14308208430368,26.928001820963317,27.92264938354492,36140247
2015-04-01,27.960149755925,29.960277761267136,27.918479111093006,29.12022399902344,57692745
2015-04-06,29.243563194996405,30.07695087006729,29.243563194996405,29.951526641845703,23404095
2015-04-07,30.126963217243176,30.201133203079028,29.093977939674424,29.885698318481445,16399251
2015-04-08,30.00111888507061,31.042438241989792,29.73151858490046,30.6890811920166,21605661
2015-04-09,30.95200643638094,31.29369308670892,30.34363399123248,30.78866004943848,13617351
2015-04-10,30.82617652970012,30.82617652970012,30.001956753699684,30.286975860595703,10212444
2015-04-13,30.40947476444452,30.51864933844841,28.585191174865862,28.699363708496094,22594671
2015-04-15,28.81853571605077,28.901877002830204,27.339275085659256,27.70929718017578,31522194
2015-04-16,27.90847466078929,28.297248483287152,27.34343782145137,27.494279861450195,19918404
2015-04-17,27.584706719195776,27.750967548948168,26.669230389483197,26.746736526489254,13110966
2015-04-20,26.81841099467789,27.364277604539232,25.83501359243085,26.00419044494629,18779310
2015-04-21,26.251697622465656,26.47004671531499,25.835005433202312,26.06918716430664,11051964
2015-04-22,26.26004620912913,26.663404961421545,26.08503573947836,26.486310958862305,12318372
2015-04-23,26.80757339106678,27.16842729733472,26.54338970765212,26.63297843933105,15151257
2015-04-24,26.710070189398103,26.81257557713888,25.853763552283542,25.964187622070312,12249567
2015-04-27,26.085023985084916,26.135027178690677,24.793273505548875,24.83285903930664,12447864
2015-04-28,24.668264429192654,25.15496269881599,24.368245271273736,24.85452651977539,12513897
2015-04-29,24.908282724159594,25.418316927073526,24.593263357632235,25.01453971862793,14457663
2015-04-30,25.001620440591093,25.918346182452098,24.68493302278501,25.706249237060547,11784564
2015-05-04,25.99169510065448,26.459223171608347,25.835017843210537,26.11628532409668,9386982
2015-05-05,26.19170418964284,28.03515674608192,25.876683208519925,27.272605895996094,30648519
2015-05-06,27.401780589149443,28.00181902879565,25.434985827644716,26.196287155151367,32678316
2015-05-07,25.935020743386204,26.87674752419707,24.68493902402866,25.0437126159668,35901459
2015-05-08,25.430819160796524,26.168365982012435,25.430819160796524,25.87584686279297,20133630
2015-05-11,26.210035303520108,26.65964866920673,25.960436317371325,26.07752799987793,11096118
2015-05-12,26.193366253369003,26.542556163392515,25.677083048125176,26.1762809753418,18304902
2015-05-13,26.443383728651444,26.58422357465597,26.260036050960466,26.404630661010746,15410835
2015-05-14,26.400878993449396,26.626728207732945,26.126694667077327,26.19669914245605,7010487
2015-05-15,26.459217126545973,27.084257928378623,26.1808672845866,26.313793182373047,10490337
2015-05-18,26.501726803297316,26.75174128269493,26.210457117938446,26.377552032470703,6051672
2015-05-19,26.49338962546149,26.71007070441616,26.266290884313804,26.548810958862305,8670123
2015-05-20,26.793401993038145,26.87798961158716,26.41837883945031,26.502132415771484,5335011
2015-05-21,26.71006730281824,27.207600308076405,26.50213582765433,26.832992553710938,12054933
2015-05-22,26.895911311649428,26.951748086517604,26.468384350117184,26.62422752380371,4779918
2015-05-25,26.74048852861464,27.04175723516293,26.585060792000483,26.77424049377441,5633595
2015-05-26,26.77048756617898,27.65179652901651,26.77048756617898,27.488868713378903,16580421
2015-05-27,27.33510250706893,27.776795501250344,27.09508720315288,27.602619171142575,8275707
2015-05-28,27.668470183829825,28.101829239574176,27.61013126946885,27.80472755432129,8401536
2015-05-29,27.935152993323808,30.235303809895655,26.52922795731536,29.829442977905277,84869631
2015-06-01,29.876938869184944,30.459893550709364,29.67942820069489,30.071535110473636,22627737
2015-06-02,29.793598914234217,29.87693704940113,28.58601898095197,28.94270896911621,23190651
2015-06-03,29.026469182213265,29.026469182213265,26.355879609450778,27.120927810668945,24557346
2015-06-04,27.41844713039069,27.80180447381481,26.690900961316192,27.582624435424805,18543294
2015-06-05,27.485115492168426,28.293503926425007,27.10175816998228,27.688461303710938,15275700
2015-06-08,27.710129393119537,28.11848908206109,27.29343557605025,27.42427635192871,8058699
2015-06-09,27.31677438689419,27.70179983959189,26.81841043813573,26.965919494628903,8142849
2015-06-10,27.00175703158064,27.651800298001653,27.00175703158064,27.2613582611084,6222150
2015-06-11,27.46011828616133,27.611375805704224,26.57297730755018,26.726318359375,8519544
2015-06-12,26.818408172725896,27.168428993007776,26.44380041355215,27.078840255737305,8975538
2015-06-15,27.08508828287882,27.576786098785732,26.89757669732637,27.237598419189453,7584984
2015-06-16,26.96925566267921,27.25177576169277,26.85591715339856,27.170936584472656,5414607
2015-06-17,27.326779202157603,27.804311019936755,27.115099216734063,27.522624969482425,13570920
2015-06-18,27.53512158437376,28.26766885486245,27.53512158437376,28.071823120117188,12617847
2015-06-19,28.232660398731117,28.543512629077544,28.168489510433066,28.384336471557617,11836044
2015-06-22,28.585181417243245,28.66685144877535,28.08848259662314,28.37433242797852,7175916
2015-06-23,28.368499201316265,28.6951856079762,28.12806533299537,28.288494110107425,7694577
2015-06-24,28.376845885918748,28.610192073663526,27.730969723311595,28.019737243652344,7587063
2015-06-25,27.93514767261274,28.238084451310417,27.707633502948752,28.075990676879883,6584886
2015-06-26,28.12308023334853,29.042723755351464,27.959733808006977,28.698116302490234,15173235
2015-06-29,28.22141394556585,28.31850276455148,27.289269381283724,27.77680015563965,9170766
2015-06-30,27.901395686184877,28.288504650179533,27.76847136356178,28.0543212890625,11378862
2015-07-01,28.16015879597097,28.73436069163332,28.134322370159385,28.44309425354004,9997515
2015-07-02,28.50018520590409,28.9602146614749,28.335173853486463,28.472265243530277,9492714
2015-07-03,28.54102328901127,28.785205734404972,28.33975783456143,28.48476791381836,6734277
2015-07-06,28.301834750073645,28.418509401248148,26.58505779097333,28.199329376220703,8270658
2015-07-07,28.285173002923205,29.2935711937165,28.25142103756116,28.77562141418457,14410341
2015-07-08,28.535193148491533,28.98855666269753,28.119748671954877,28.41101837158203,8962668
2015-07-09,28.585196544656803,28.87521359264316,28.40226741117375,28.563945770263672,5673393
2015-07-10,28.709366329929424,28.918547309375302,28.335173997228825,28.66227912902832,4535784
2015-07-13,28.75186973275442,28.88521266235346,28.51310383787936,28.751035690307617,4255911
2015-07-14,28.793536475083997,29.35190421248495,28.710195188311108,29.087305068969727,9681408
2015-07-15,29.293561179412173,29.58524616864276,29.168552427647985,29.35981559753418,6866046
2015-07-16,29.566096240710927,30.650332755604225,29.335245834334057,30.487823486328125,24660603
2015-07-17,30.877001358268537,30.985341879560504,30.30196538571618,30.40697288513184,14044833
2015-07-20,30.53530992194378,30.66323310705344,30.235290789933018,30.444887161254883,5303826
2015-07-21,30.58448209656276,31.043262011748773,30.106119497713067,30.21404457092285,12587157
2015-07-22,30.235296508639284,30.660324479543263,29.835270923630723,30.52073097229004,5129982
2015-07-23,30.809915582412533,31.58413343458661,30.68032429463379,31.325363159179688,18236295
2015-07-24,31.493714164730854,31.57705230901345,30.47406430568538,30.59657096862793,13132845
2015-07-27,32.57711779006982,32.734210466581835,30.543653130502133,30.68115997314453,40279536
2015-07-28,30.98534263882412,31.410370606051355,30.735328224021316,31.265363693237305,12994542
2015-07-29,31.44954350577941,32.93547351356155,31.048268378477687,32.749629974365234,27314100
2015-07-30,33.127151645916435,33.17715327132452,32.585864458747125,32.726707458496094,14478750
2015-07-31,32.82880424830962,33.46051119964605,32.6146252767215,33.21174621582031,19211247
2015-08-03,33.21881571761099,34.61890494614109,33.17714508394629,34.370140075683594,20486565
2015-08-04,34.58557564691191,34.66891693160979,33.91928284812699,34.39056396484375,16490925
2015-08-05,34.502235972336834,34.60224236218913,33.52717445810924,33.70093536376953,10469547
2015-08-06,33.78552531935527,33.83553009139788,32.710457341064505,33.1759033203125,10861389
2015-08-07,33.252157306845746,33.70218767248789,32.83755013591437,33.04506301879883,12000879
2015-08-10,33.21271897731737,33.530013418119445,32.71896622771275,32.84303283691406,5712597
2015-08-11,32.81914093699159,33.05302465714583,31.775466850491483,31.937257766723636,11398761
2015-08-12,32.039519576686615,32.06424804572167,31.12787770345616,31.26828956604004,10953360
2015-08-13,31.51978233747904,32.16945954412981,31.313561886807918,31.503437042236328,12544983
2015-08-14,31.645535733665177,32.337964804258235,31.42506571987527,32.22772979736328,11867130
2015-08-17,32.399992155194866,32.399992155194866,31.653911544828727,31.78426551818848,7882083
2015-08-18,31.855102204834136,32.08144166294016,31.02141927284253,31.117822647094727,12560724
2015-08-19,31.43554523589562,31.43596629441505,30.487856479397383,30.555339813232425,26581401
2015-08-20,30.585941431903777,30.84539265712127,30.136614952776792,30.368824005126957,13040478
2015-08-21,30.17850980916574,30.261499445591728,29.7174478311946,30.02174949645996,15330051
2015-08-24,29.41567703133276,29.41567703133276,26.163103190632206,26.59608268737793,20647935
2015-08-25,26.910021223326183,28.190092805125197,24.746388508522116,27.9520206451416,29554767
2015-08-26,27.7055577693922,28.476784811947248,26.963247625324467,28.20937156677246,13196007
2015-08-27,28.46002998636232,29.055216799060343,28.46002998636232,28.670021057128903,12168684
2015-08-28,28.862405163986036,29.9689499666108,28.862405163986036,29.13317108154297,16223328
2015-08-31,29.21448025182321,29.25639613851219,28.149848388447797,28.242481231689453,12774465
2015-09-01,28.007766067444336,28.007766067444336,26.917566488779748,27.0039119720459,12255012
2015-09-02,27.32832291652394,28.292359838171134,27.09695608147424,27.453649520874023,18747630
2015-09-03,27.663642967907503,28.16661783410905,27.41299606872948,27.672447204589844,7975539
2015-09-04,27.666162323893104,27.666162323893104,26.92301629824945,27.06049346923828,15925536
2015-09-07,27.060075230697752,27.20258610629819,26.238968499968124,26.459020614624023,16773471
2015-09-08,26.573866794779416,27.62927673215492,26.456503872486923,27.417186737060547,13866336
2015-09-09,28.08237382447441,28.41810937968256,27.72945085279628,28.09159278869629,23537052
2015-09-10,27.705558774859632,29.13065475240144,27.454069759597992,28.51828384399414,37580499
2015-09-11,29.046825032920484,29.40687112725293,27.873214949353663,28.025365829467773,54376938
2015-09-14,28.92108078670183,28.92108078670183,27.110368160726797,27.52783966064453,14214090
2015-09-15,27.537895409371675,28.03961337642709,26.87648551224262,27.35179710388184,11272899
2015-09-16,27.63472812751194,28.26721815202048,26.96451379371069,27.075166702270508,10171392
2015-09-18,27.625919758776917,28.03836074830696,27.153124948767573,27.35557174682617,13291344
2015-09-21,27.53789999319406,28.06602442357466,27.413415487670136,27.715200424194336,9001212
2015-09-22,27.940282000955428,28.00189900236572,27.336712082706796,27.520299911499023,9080445
2015-09-23,27.387006921444577,29.04682552274425,27.236112882302454,28.733722686767575,22769439
2015-09-24,29.17005100153048,29.927028496213868,28.484748407538543,29.469322204589844,45326292
2015-09-28,29.72583751473696,30.34198203891377,29.48063908114765,29.7547607421875,11624745
2015-09-29,29.398906177445337,29.70069108823227,28.713603536130726,28.87329864501953,9061635
2015-09-30,29.172570863532258,29.29705536268464,28.2923624693323,28.55516624450684,7614486
2015-10-01,28.669591250516827,29.039280528601346,28.44199810305681,28.771446228027344,7382925
2015-10-05,29.069470571642817,29.92452977024501,29.069470571642817,29.77112197875977,9730083
2015-10-06,30.43001083327629,30.848739252355266,29.494479026157425,29.89057159423828,18573786
2015-10-07,29.876734455165213,30.555749708304106,29.45297557359342,30.270313262939453,10532973
2015-10-08,30.296721464858752,30.430007037445563,29.927032159301827,30.261510848999023,5093979
2015-10-09,30.354567052612826,30.78083972351145,30.253972058904804,30.36839866638184,7844793
2015-10-12,30.505448844449305,30.631190161570125,30.17851445506036,30.35078430175781,4172223
2015-10-13,30.18103054235387,30.378449934519484,29.69063050218917,29.877988815307617,4650525
2015-10-14,29.788715196950356,30.142052862245915,29.630276927658613,29.83398056030273,3386955
2015-10-15,30.10056099676888,30.10056099676888,29.603873467670965,29.75225067138672,2798169
2015-10-16,29.9270374243164,30.12948742064142,29.354904389102504,29.96476173400879,6246306
2015-10-19,30.100562742414063,30.266545264919024,29.801291464401583,29.891828536987305,2439591
2015-10-20,30.123197520711173,31.56170738810242,29.876739016175264,31.351713180541992,15788388
2015-10-21,31.58684952672358,31.65978127675353,30.178519926479368,30.938011169433597,10940028
2015-10-23,31.15932137199688,31.25488897314117,30.330672041851003,30.575870513916016,4580829
2015-10-26,30.782090917049203,30.782090917049203,30.05277655507387,30.204927444458008,8727213
2015-10-27,30.08546890353161,30.88268444058967,30.07792467647462,30.58844375610352,7597887
2015-10-28,30.593472541739608,30.90280166260156,30.17851791643136,30.480302810668945,8467767
2015-10-29,30.468979825186214,31.184462382387974,30.329403741195453,30.637475967407227,31515660
2015-10-30,31.561714390651407,31.90876479126127,31.058736188565238,31.280048370361328,23721390
2015-11-02,31.285066255999933,31.48248567862668,30.74436706887626,30.958131790161133,3293103
2015-11-03,31.209624039735434,31.813193962486626,30.304269155608647,31.635896682739254,11755029
2015-11-04,31.813185699166297,32.190416011438735,31.268716066371983,31.58936309814453,7079688
2015-11-05,31.434698797133212,31.569244360685467,31.05872215938961,31.1920108795166,3305280
2015-11-06,31.22596884400926,31.73774800940241,31.08387902054972,31.298900604248047,8562015
2015-11-09,30.896519871897176,32.693401118634895,30.55575377354248,32.45448684692383,11813043
2015-11-10,32.51734749843432,32.51734749843432,31.184463593778705,31.42086410522461,5994417
2015-11-13,31.81318298448247,31.81318298448247,30.77202601847951,31.07758140563965,3767379
2015-11-16,31.05872401165495,31.780494092865684,30.81100870556416,31.39571952819824,4003890
2015-11-17,31.44476063145692,31.913784897237846,31.39320471777262,31.5390682220459,4960758
2015-11-18,31.56171491617608,31.635903537389765,30.81353815226181,30.946826934814453,4275975
2015-11-19,31.087643083420332,31.498823970007088,30.94681014732693,31.383140563964844,2664156
2015-11-20,31.43595830353984,31.863487718902988,31.154292386617502,31.50763320922852,8867463
2015-11-23,31.73774561954267,31.793072065953176,31.25111602863792,31.458593368530277,4149420
2015-11-24,31.586847386267785,32.014376777405374,31.38565745700922,31.5642147064209,6782490
2015-11-26,31.564218829724453,32.475861013632944,31.38566155698744,32.174076080322266,15326388
2015-11-27,32.20928466467324,32.6179519741135,31.91504394860801,32.062164306640625,3939540
2015-11-30,31.737751010451166,32.06342869195123,31.389440642262365,31.532787322998047,7236141
2015-12-01,31.56799369468808,31.83583122349251,31.05873135194194,31.132923126220703,4438302
2015-12-02,31.30896082939097,31.30896082939097,30.48030827371539,30.64251708984375,6123315
2015-12-03,30.4300141139926,31.18825188711073,30.406124582517474,30.767009735107425,5696559
2015-12-04,30.505456421218188,31.159322196547294,30.44258258118935,30.82987403869629,3926439
2015-12-07,31.16937959929073,31.16937959929073,30.50545282155952,30.77705764770508,3788235
2015-12-08,30.628690904580942,30.932992760053946,30.432531444874723,30.55198860168457,3471864
2015-12-09,30.48030288384095,30.80472045873045,29.80505819203442,30.111873626708984,6490077
2015-12-10,30.153381070392605,30.335708927109007,29.64034811726359,29.976083755493164,7385664
2015-12-11,30.05277542574303,30.417434175953897,29.273165188369003,29.451719284057617,6885648
2015-12-14,29.44920548704909,30.11690599270231,29.12227103955184,29.827695846557617,3628944
2015-12-15,29.90189161248454,29.992425525253346,29.45424309230422,29.60890769958496,4976697
2015-12-16,29.98236704737879,30.570848549846755,29.725847439986698,30.0515251159668,6116022
2015-12-17,30.178523279772463,30.59347797882665,30.177266436087127,30.29546356201172,10445721
2015-12-18,30.304269945459986,31.42338960212824,30.1797822605871,31.02352333068848,32125863
2015-12-21,30.756942336845988,31.78427112567192,30.756942336845988,31.633377075195312,13544388
2015-12-22,31.561695673777127,32.16526535932397,31.46109756033398,31.945213317871094,12566730
2015-12-23,32.06215626554158,32.2407134997812,31.51139927672581,31.99425506591797,5534331
2015-12-24,32.316180025230835,33.55853091838366,32.04331820522597,33.12471389770508,20373309
2015-12-28,33.320862120615864,33.36109694602539,32.77638922908971,32.86818313598633,9020814
2015-12-29,32.9612302341116,33.93448614419604,32.894585870602086,33.78988265991211,21020076
2015-12-30,34.02628278308769,34.60344625495178,33.85023920224447,34.012451171875,16273092
2015-12-31,34.22369563646392,34.768168457441426,34.076575302107344,34.48147201538086,19482474
2016-01-01,34.62985611166321,34.701531027960925,34.24508148039518,34.598419189453125,7632504
2016-01-04,34.50034284746323,35.63203728135553,34.32807293700876,34.455074310302734,14444199
2016-01-05,34.680155457342785,35.007089983159695,34.17718048141427,34.35699462890625,8738796
2016-01-06,34.328069648097014,34.70530003463488,33.774795670768825,34.03634262084961,5917362
2016-01-07,34.02628046749675,34.02628046749675,32.312392310527045,32.537471771240234,14032953
2016-01-08,32.81913550714813,33.19511214412641,32.36645976286039,32.64435195922852,6597558
2016-01-11,32.49220563338473,33.62138293804075,31.966594958074733,33.462947845458984,10047939
2016-01-12,33.749652193326675,34.44250242450313,33.56103696619483,33.70186996459961,16810035
2016-01-13,33.950827386332506,34.202316356745555,32.55507278151155,33.69305419921875,17194683
2016-01-14,33.246668042490484,33.44408745417531,32.44190827324657,32.88704299926758,5554494
2016-01-15,33.032907984686126,33.3221213376058,31.259919389743693,31.67613410949707,6103053
2016-01-18,31.486253906771665,31.75157452355645,30.10433071286058,31.06375503540039,7673622
2016-01-19,31.18446727460779,31.76289069092017,30.695324065202783,31.6396598815918,5920530
2016-01-20,30.819819630695044,31.149267826032933,29.59130074746609,30.50294303894043,8477106
2016-01-21,30.706654951554057,31.180709907984618,29.24425207974981,29.475622177124023,16178118
2016-01-22,29.9245217436068,30.48030944044877,29.141137691656983,30.018829345703125,11598576
2016-01-25,30.465210328789407,30.90782811514071,30.178513925712465,30.4149112701416,7404012
2016-01-27,30.68024154837729,33.16116868715778,30.015054649204465,30.32941436767578,37507305
2016-01-28,30.379708821922076,31.15931903228564,30.077923917989143,30.87765312194824,12522939
2016-01-29,30.95812464480949,31.212127298161157,30.604787047118727,30.97195625305176,5345769
2016-02-01,31.31021954322664,31.39823976268115,30.731799149180787,31.019752502441406,6798957
2016-02-02,31.159323826961177,31.31021788507296,30.555753926220333,30.76323127746582,5510934
2016-02-03,30.518027618093186,31.184468083443136,30.147081502889,30.58089828491211,7856574
2016-02-04,30.87323435040642,31.164303000730623,30.252041931512537,30.767391204833984,8496345
2016-02-05,30.769916039312708,31.25754830973751,30.59350972320524,31.145404815673828,3783747
2016-02-08,31.147913629352797,31.63932404107497,30.87070832547426,31.000490188598636,4560798
2016-02-09,30.492694461652597,30.846763203701816,30.25455063647429,30.4687557220459,4598781
2016-02-10,30.54310315952273,30.54310315952273,29.807245320399563,29.942068099975582,6421965
2016-02-11,29.7366832942849,29.99876906490037,27.859239973968496,28.32671165466309,13682889
2016-02-12,28.35065064116936,29.18226975202266,27.4346082828718,28.36199188232422,14815482
2016-02-15,28.72865698775524,29.847563173441632,28.702199380111917,29.26543235778809,4469619
2016-02-16,29.61194168999993,29.76188401290256,27.77104080140399,28.131406784057617,5975376
2016-02-17,27.947434132741744,28.36828447742531,27.216617441668944,28.227161407470703,11192577
2016-02-18,28.703462456663758,28.9806677932294,28.35065306909123,28.848363876342773,7631679
2016-02-19,28.4766563250612,28.72362257632029,28.290171410495635,28.470355987548828,5712927
2016-02-22,28.70093709412837,29.5854777405099,28.42751326073056,29.16966819763184,8107869
2016-02-23,29.371275849601044,29.371275849601044,28.086048231430365,28.147789001464844,8421996
2016-02-24,28.19944917043737,28.675743288642742,27.26702772530819,27.49383354187012,9448065
2016-02-25,27.720641358438627,27.922245838289047,26.586615366186084,26.88650321960449,8384673
2016-02-26,27.06541944541313,27.177562904800894,26.461867153838288,26.60551071166992,8811000
2016-02-29,26.674813213373028,27.183865247170708,25.830594968158607,25.955337524414062,12762288
2016-03-01,25.83059616740521,26.295545861051725,25.402185894423127,26.190963745117188,19493628
2016-03-02,26.511005635473108,27.09061914946152,26.359802316978843,26.47950553894043,12335598
2016-03-03,26.71261707630353,27.4031131642144,26.59921416783409,27.094406127929688,16994406
2016-03-04,27.341373743755216,27.96508818499869,26.83862198787863,27.73450088500977,14022426
2016-03-08,27.8466407931023,28.086047266815036,27.20276598690935,27.370349884033203,6107805
2016-03-09,27.36782352447413,27.69543149667613,26.91673403594108,27.594629287719727,5204232
2016-03-10,27.62235269732964,27.753393982910428,27.065416923393222,27.314905166625977,5288217
2016-03-11,27.31490323654631,27.84537502247494,27.141019041670702,27.387985229492188,7105395
2016-03-14,27.49382792855987,27.645032832855406,26.574007346855456,27.08305931091309,10004445
2016-03-15,27.16622110238511,27.16622110238511,26.37618392992098,26.7995548248291,6046491
2016-03-16,26.964618466002072,26.964618466002072,26.35980512753805,26.841136932373047,9017316
2016-03-17,27.090618268750035,27.61983065936909,26.964614714340776,27.314905166625977,12100539
2016-03-18,27.569433270630636,27.91467967366327,27.406887118423164,27.792457580566406,13588113
2016-03-21,27.846635921418137,30.316291584921345,27.769775626313574,29.662338256835938,30386136
2016-03-22,29.98869411549849,30.29110084306458,29.679987049501285,30.02397727966309,21158181
2016-03-23,30.102091003477483,30.795109057788743,29.606902267314897,30.28353500366211,9746913
2016-03-28,30.550657723924576,30.714463296693587,29.18478858165152,29.425451278686523,10003983
2016-03-29,29.49979731616345,30.06680858113,29.27172893599529,29.739200592041016,8062098
2016-03-30,30.139882323505347,30.64641529354683,29.837475763918672,30.490169525146484,12866271
2016-03-31,30.71950026289408,31.47551839964621,30.1650897120006,30.853063583374023,26654034
2016-04-01,30.442295580811077,30.71824142887237,30.02774550613745,30.2180118560791,7250529
2016-04-04,30.6187099361574,30.718252748757788,30.29740218268027,30.389385223388672,6463941
2016-04-05,30.29738788204532,30.29738788204532,29.48719199788242,29.76313781738281,8653590
2016-04-06,29.887887640216928,30.167615013241168,29.36497548636889,29.524999618530277,6180009
2016-04-07,29.610679231060203,29.610679231060203,28.8080397875286,29.03988647460937,11185977
2016-04-08,29.232669234499443,29.669898618857257,28.844579935784928,29.425451278686523,5622408
2016-04-11,29.53507647949949,29.610677344924863,28.54091129932512,28.997041702270508,8720118
2016-04-12,29.104146900219995,30.064291619761143,28.980665369702315,29.8274040222168,9551091
2016-04-13,30.147449596725927,30.616180673878254,29.86268136614957,30.090749740600582,8398434
2016-04-18,30.165097266920096,30.656507751315267,29.81354730185334,30.395681381225582,7556703
2016-04-20,30.395680999530533,30.764869367824414,30.04287160581476,30.194076538085938,6570828
2016-04-21,30.29109922894489,30.467505523240177,29.162114172858303,29.467042922973636,6347979
2016-04-22,29.031066650664744,29.6988833848742,29.031066650664744,29.469558715820312,7199775
2016-04-25,29.60563801421865,29.89670659598943,29.390173474264973,29.53507804870605,5381013
2016-04-26,29.4846759828831,30.083188959114143,29.425454084480226,30.0227108001709,7310721
2016-04-27,30.0806752364681,30.79511326582837,30.063036827885544,30.558225631713867,9726387
2016-04-28,30.69430061770068,31.059710620107776,29.688800532507805,29.829923629760746,16132512
2016-04-29,29.984900970312545,30.386850308184112,29.61067183886325,29.783296585083008,5478495
2016-05-02,29.488455524521083,30.21549088568548,29.488455524521083,29.91812515258789,3579312
2016-05-03,30.10713387853403,30.214236445038622,29.50988027561585,29.63336181640625,4534959
2016-05-04,29.56028013516498,29.82992887638551,28.72866094413316,28.900026321411133,5203704
2016-05-05,28.95042806142754,29.283073823370657,28.747561002626146,28.892465591430664,7493508
2016-05-06,28.90002000030333,29.094064647260364,28.6026542797814,28.782838821411133,4345869
2016-05-09,28.8483570434622,29.257866199920137,28.739995069535595,29.04366111755371,7226010
2016-05-10,29.10162943522755,29.585480117098623,29.099110569233545,29.47585868835449,6585249
2016-05-11,29.13187374086827,29.42672066744723,28.85466522224028,29.168413162231445,2995509
2016-05-12,29.15706711370354,29.451913991682424,29.14572904542551,29.233930587768555,2950497
2016-05-13,29.20746979338321,29.225111370793098,28.87986179886036,28.952943801879883,3763254
2016-05-16,28.98066328152002,28.99326395472616,28.049501448485547,28.596355438232425,11061171
2016-05-17,28.728653114053635,28.9806602066888,28.35064564747548,28.54090881347656,7111038
2016-05-18,28.47917844054926,29.13187571600055,28.3506559819582,28.97689247131348,6377085
2016-05-19,28.98065743614882,29.02601921606652,28.030594784931875,28.169198989868164,5153676
2016-05-20,28.30024709391314,28.45144881673185,27.594628479510156,27.723154067993164,17118783
2016-05-23,27.86680147086804,28.3506521542976,27.527855374817253,27.686616897583008,5337123
2016-05-24,27.71811760791832,28.107466389296423,27.2670248879105,27.944923400878903,6896406
2016-05-25,27.99784333698337,28.38719531222636,27.79623888153009,27.95122528076172,9635175
2016-05-26,28.025564370316737,28.602657472102827,28.023042332100896,28.325448989868164,12716385
2016-05-27,28.577459573314297,30.366701560335517,28.577459573314297,29.81354713439941,27444186
2016-05-30,30.114690643876337,30.21549286274025,29.4846759828831,30.0227108001709,10446975
2016-05-31,30.137374250794657,30.139896289360312,29.610683771770116,29.69258499145508,4653825
2016-06-01,29.837480503752044,30.24068931391935,29.087762734433323,29.14446258544922,6768168
2016-06-02,29.27803262773495,29.459476634001604,28.89246530405906,29.34481430053711,3668346
2016-06-03,29.61067698848713,29.648479006932213,28.72865527043388,28.81181907653809,5763450
2016-06-06,28.90506062064095,30.090748365148933,28.90506062064095,29.896703720092773,13310682
2016-06-07,30.0138880003242,30.82030573982492,29.99120869104139,30.67792320251465,19364730
2016-06-08,30.996713533861897,32.76705434969685,30.996713533861897,32.48858642578125,41726619
2016-06-09,32.33235287556544,33.11231009287619,31.50073351335088,31.794321060180664,25260246
2016-06-10,31.878726451342065,32.60954322554199,31.62672252680309,31.8963680267334,15447861
2016-06-13,31.74516642898645,31.856050451402155,31.198315603592448,31.39739799499512,7603332
2016-06-14,31.57884295681639,31.803126679396417,31.03072956431849,31.331876754760746,7024908
2016-06-15,31.50071865116142,32.226494514514826,31.39991644791789,31.741384506225582,8456415
2016-06-16,31.92913177493657,32.322258817928905,31.702326003469896,31.987091064453125,13936791
2016-06-17,32.20633686694237,32.28571920370128,31.62672494111922,31.687206268310547,6652965
2016-06-20,31.52592184236236,32.79855184367878,31.37346066668865,32.376441955566406,14185578
2016-06-21,32.65996497774758,32.85904746469318,32.186192754850325,32.34873580932617,12154956
2016-06-22,32.33234582812642,32.48102871910486,31.551126175406477,31.86991500854492,8904258
2016-06-23,31.85605589481636,32.229022566945495,31.640591322237835,32.11561965942383,5525520
2016-06-24,30.29108878110245,31.67586201043218,29.73793768689596,31.45535659790039,10806411
2016-06-27,31.62673593884887,31.97702335075904,31.42512827239681,31.6922550201416,6742791
2016-06-28,31.73761186967342,31.934178599992485,31.350781919140577,31.47300720214844,10660155
2016-06-29,31.63429572323147,32.25170988312847,31.63429572323147,32.01986312866211,9329430
2016-06-30,32.25673995642875,32.43314622620655,31.777930189603826,31.93165397644043,10950225
2016-07-01,32.0047441843279,32.33109285327036,31.99844384549401,32.04884338378906,7899738
2016-07-04,32.25170069549533,32.50244522230294,32.03623615202056,32.11813735961914,10511523
2016-07-05,32.230279124358745,32.552846206156865,32.00473278471869,32.12317657470703,5635905
2016-07-07,32.45834291518845,32.48354108807464,31.879987268848303,32.00221252441406,5829021
2016-07-08,32.07529724959603,32.07529724959603,31.500726140686783,31.709890365600582,4411572
2016-07-11,31.901410792953623,32.18113494346041,31.640584479300472,31.703584671020508,6797505
2016-07-12,31.80314233113242,31.9795454883988,31.708640413141406,31.7981014251709,4329402
2016-07-13,31.878722459982374,32.20128947332519,31.271390444813196,31.407472610473636,8253366
2016-07-14,31.50072436364384,32.30714213583148,31.147915002124154,32.230281829833984,13721796
2016-07-15,32.297054516687325,32.405416478138086,31.47299539529815,31.56749725341797,10370745
2016-07-18,31.74516845469336,31.871172024268738,31.252498590017616,31.325580596923828,5091273
2016-07-19,31.449064326890777,31.732569998974338,31.054674617563748,31.28778076171875,5785461
2016-07-20,31.32432320088756,31.878737095793998,31.248722315519856,31.491907119750977,6440181
2016-07-21,31.527188012043027,31.8018744872204,31.141617496918844,31.18697929382324,8993292
2016-07-22,31.18067166261594,31.412518325159247,30.91102615514011,31.15043258666992,9319200
2016-07-25,31.18446203300247,31.551128381551543,30.89717486765301,31.343223571777344,8267259
2016-07-26,31.513326580644595,31.575067349529935,30.76990897087374,30.90473175048828,4663791
2016-07-27,30.99671653592825,31.202099299553723,30.52042559228455,30.723289489746094,6979368
2016-07-28,31.198319911445644,31.47426581416085,30.65398787661867,30.77242851257324,15301506
2016-07-29,30.845516933429582,31.270148987486333,30.79511739481036,31.145404815673828,10115787
2016-08-01,31.14791172704949,31.70232547332176,31.130273322871982,31.266355514526367,10576599
2016-08-02,31.62547297085918,31.65319636430599,30.996720746624817,31.23738670349121,9098661
2016-08-03,31.22351253354709,31.54986107871671,30.814003354161407,31.161771774291992,12184260
2016-08-04,31.344484420511936,31.369682598787705,30.92111188117273,31.020654678344727,4116882
2016-08-05,31.208388584414635,31.929126668592957,31.16302997527531,31.73634147644043,14064567
2016-08-08,31.24871762868595,31.551124297176035,30.92110961139455,31.307939529418945,15772878
2016-08-09,31.37220475919749,31.65192896643666,31.21092119020357,31.29030036926269,8674182
2016-08-10,31.29911404711947,31.42511442109763,30.996707439297623,31.044588088989254,5608812
2016-08-11,31.04459158708424,31.08743133837903,30.27975419379961,30.52042007446289,7988772
2016-08-12,30.61870472655695,31.047114991634857,30.507823861172312,30.96521377563477,3440019
2016-08-16,31.019392233636523,31.321798894964463,30.695565695284863,31.14287376403809,4589079
2016-08-17,31.198320492646896,31.46040629207568,31.05341589831768,31.26006126403809,4400286
2016-08-18,31.41432952684869,31.68206704983363,31.149143872114237,31.26006507873535,3674847
2016-08-19,31.36332948500224,31.61321352482493,31.240936123086204,31.35312843322754,2686464
2016-08-22,31.33782442067376,31.541813320456573,31.109610434712177,31.169532775878903,3929574
2016-08-23,31.19502632277454,31.219251404396367,30.91453923091309,31.123628616333008,4007025
2016-08-24,31.15806261160107,31.443647119090727,31.06881785424764,31.31233024597168,3262083
2016-08-25,31.286832604689963,31.40412865578272,30.623870136720377,30.74626350402832,6525288
2016-08-26,30.830413261738023,31.256241465469493,30.776865752713903,31.087949752807617,3269310
2016-08-29,31.13511831065764,31.33783293676023,30.855908628822924,30.978302001953125,2505591
2016-08-30,31.01017514486521,31.25113568507039,31.00762327683272,31.08156967163086,2959242
2016-08-31,31.20396196811086,31.694809754923995,30.918377451067204,31.11981773376465,5384808
2016-09-01,31.15424072835234,31.46532466607703,30.999973088516526,31.230735778808597,2819487
2016-09-02,31.23583709519819,31.439826041507757,30.917103965352386,31.082843780517575,3834435
2016-09-06,31.10453290172862,31.30214707345482,30.86866958325612,30.936241149902344,3371247
2016-09-07,31.210332102876475,31.210332102876475,30.728407902014435,30.852075576782227,7576635
2016-09-08,30.853346594293395,30.936219688084336,30.598362089239902,30.66593360900879,12228117
2016-09-09,30.7513586841608,31.05734208117612,30.7513586841608,30.883953094482425,5343129
2016-09-12,30.47342801601685,31.14914017935912,30.116445764323178,30.595821380615234,6735102
2016-09-14,30.70036540111337,30.70036540111337,30.343383139048168,30.4007568359375,4491300
2016-09-15,30.593267944306305,31.18483584287181,30.419878958295765,31.089216232299805,12278871
2016-09-16,31.285552888983148,31.46531992183192,30.741157684995592,30.90180015563965,11109549
2016-09-19,31.184837815915312,31.61831512321242,31.13511651404309,31.50484848022461,11196603
2016-09-20,31.669308823062533,31.965091138095826,31.42707078833213,31.5660400390625,14822676
2016-09-21,31.7203115440684,32.0007987659646,31.497198021608845,31.752185821533203,12498651
2016-09-22,32.10278881812771,32.1231877109135,31.77130600788449,32.03521728515625,12518682
2016-09-23,32.12828595531886,32.510767613530035,32.013541778845166,32.16271209716797,26270244
2016-09-26,31.94980337242601,32.51077466690324,31.872033978889657,32.259613037109375,26825238
2016-09-27,32.33100285260068,32.742806946146246,32.33100285260068,32.630611419677734,28611264
2016-09-28,32.84224259647873,32.84224259647873,32.56175547207487,32.6624755859375,13159707
2016-09-29,32.75299682609815,33.122728711044644,31.26770085240381,31.421968460083008,56855667
2016-09-30,31.711373776879103,31.985482810180255,31.42196317133429,31.739421844482425,12572670
2016-10-03,31.74071253812234,32.638264003776634,31.74071253812234,32.45722579956055,8482584
2016-10-04,32.70837847175678,32.70837847175678,32.19585431998177,32.378170013427734,5913831
2016-10-05,32.60510305587181,32.60510305587181,32.30676892906171,32.4584846496582,11828124
2016-10-06,32.48528301463256,32.77851683944466,32.27237047098553,32.4381103515625,11703417
2016-10-07,32.43937537382354,32.541369857968405,32.13211759219286,32.32208251953125,5227035
2016-10-10,32.508227543730754,32.51077941251424,31.949808036151808,31.97530746459961,5917692
2016-10-13,32.08876416312207,32.08876416312207,31.619586428171218,31.72285842895508,6919506
2016-10-14,31.82229637401593,32.50693510304671,31.6489074189498,32.37051773071289,11869308
2016-10-17,32.63443908269236,32.63698774094824,32.204787943063764,32.24940872192383,9585906
2016-10-18,32.30676928803582,32.759367797662875,32.00715761940517,32.6828727722168,13391037
2016-10-19,32.76575885875589,32.877954400152575,32.3259066275429,32.44830322265625,10091697
2016-10-20,32.43427229121482,32.66886119121024,32.3870996453966,32.53371810913086,5921520
2016-10-21,32.5349987817506,32.63571894840026,32.06454977083508,32.23284149169922,3518658
2016-10-24,32.45594951039807,32.63826203280805,32.23538464491434,32.34630584716797,3416358
2016-10-25,32.357778131107615,32.48527203224051,32.128289751047824,32.338653564453125,2114409
2016-10-26,32.33865329365473,32.38327728214154,32.00462177920338,32.11426544189453,2585253
2016-10-27,31.925582076265293,32.35778192583679,31.925582076265293,32.11299514770508,5722596
2016-10-28,33.14824008162826,33.84945177233189,32.74153646644687,33.178836822509766,41732625
2016-11-01,33.913188659063856,34.2625216929643,33.6582041123952,33.91828918457031,16200723
2016-11-02,33.55620925235942,33.55620925235942,33.141856560295096,33.195404052734375,6853242
2016-11-03,33.224722740496446,33.76784357746439,33.17627577892178,33.284645080566406,9568119
2016-11-04,33.47716249098333,33.62250660250464,32.796349872488506,33.144405364990234,10960587
2016-11-07,33.42871855209644,33.75510085329531,33.11763461879208,33.1992301940918,5020323
2016-11-08,33.34584615203179,33.86219331394807,33.34584615203179,33.64035415649414,5196807
2016-11-09,32.35777890935868,33.489919257625424,30.705468311002413,33.24130630493164,11724603
2016-11-10,33.55621157147448,35.288843172689454,33.51668811385716,34.76484680175781,10143276
2016-11-11,34.344120286420285,34.63480532734044,33.12655829593204,33.2017822265625,6715071
2016-11-15,33.591905986334744,33.593180315202176,32.30805014640896,32.87539291381836,7809153
2016-11-16,33.3522260810924,33.758929660023654,32.69946142823128,33.31015396118164,7524561
2016-11-17,33.06026374201743,33.78570039815275,32.74025308965721,33.52433776855469,5736522
2016-11-18,33.3330977138619,33.63270625529486,33.16480604351201,33.34967041015625,8050416
2016-11-21,33.349669347835935,33.50521130382171,32.319523675371606,32.591087341308594,7109982
2016-11-22,32.76575337309687,33.36752235460917,32.50821693358454,33.15333557128906,7614024
2016-11-23,33.37772943385841,33.440203672434,32.67651765563544,32.997802734375,13912536
2016-11-24,32.7402496236308,33.505209656956644,32.69435452535042,33.109981536865234,9225579
2016-11-25,33.43891030449256,33.688797510815114,33.06408109995681,33.269344329833984,6715170
2016-11-28,33.122737724781175,35.57060838434361,33.122737724781175,35.318172454833984,27132633
2016-11-29,35.69427049766056,36.38655850424056,35.380637931011435,35.88423538208008,29433657
2016-11-30,35.88424374501869,36.84554056121964,35.848546477788034,36.693824768066406,21258600
2016-12-01,36.69509885389928,37.15407563772487,36.32791871079768,36.56250762939453,17914479
2016-12-02,36.60202443407886,37.100521381786166,36.01300519131492,36.18384552001953,10175220
2016-12-05,36.42991092196239,36.66704848415655,36.18384984605083,36.50003433227539,7455624
2016-12-06,36.82003345541054,37.66148850915621,36.59054512986239,37.14641571044922,19838346
2016-12-07,37.40395974843217,37.60922302857836,36.97430862212244,37.18976974487305,14647974
2016-12-08,37.924121883208,38.38819905534525,37.28028410050316,37.74435806274414,15582831
2016-12-09,38.34995439632303,38.732436049963525,37.93050115321124,38.46597290039063,15616491
2016-12-12,38.24794718243069,38.88541318279758,37.90881529591468,38.39456558227539,10948938
2016-12-13,38.24795798843391,38.60494020505816,37.44475201339994,37.57606887817383,10120506
2016-12-14,37.66914092337739,37.94197571186622,36.23356604167412,36.33173751831055,11504262
2016-12-15,35.749092950074775,37.29431147041969,35.749092950074775,36.698917388916016,11336952
2016-12-16,36.94752231854191,37.09924126932879,36.5229718258426,36.84425354003906,6757773
2016-12-19,37.10051580718291,37.55311758476965,36.55229443304767,36.70656204223633,10815618
2016-12-20,36.89908805077057,36.995982000452464,35.90208763471368,36.0053596496582,7061934
2016-12-21,36.20551486371036,36.59054513395548,35.73634037203977,36.05125045776367,7208388
2016-12-22,36.02958898553584,36.05253975355885,34.984144588264904,35.551490783691406,11355597
2016-12-23,35.70447398517275,35.9530869277526,35.06573337089671,35.31434631347656,9659529
2016-12-26,35.44310700353202,35.5196020427118,34.310966942106774,34.58125305175781,6534099
2016-12-27,34.678154995508066,35.213626813296514,33.9182953236832,34.98796463012695,9690318
2016-12-28,35.18813613542549,35.31563006846679,34.448675175663375,34.65266418457031,6700254
2016-12-29,34.83242074696087,35.18557681221238,34.44866473469885,34.87321853637695,15370938
2016-12-30,35.12309394129586,35.53234602635476,34.90762968559119,35.06189727783203,12502347
2017-01-02,35.31562019087555,35.31562019087555,34.499664383466296,34.818397521972656,8992995
2017-01-03,34.98413619333039,36.34831346777667,34.85026744497859,36.28839111328125,20316219
2017-01-04,36.56505251539779,36.980679594374855,36.335564147161136,36.51915740966797,18360375
2017-01-05,36.71803509727415,37.022744100151584,36.26161036225233,36.50767135620117,7328706
2017-01-06,36.5994768297018,36.91948430229628,35.91228923804216,35.99515914916992,16340709
2017-01-09,36.11244916496656,38.37545526925384,35.72614771969046,37.08012390136719,31377258
2017-01-10,37.45622658166362,38.96191836752651,37.310882472445385,38.54629135131836,45535479
2017-01-11,39.34440429572602,39.48209602697119,38.72733695325026,38.95299911499024,28558068
2017-01-12,39.04988914387869,39.98824137838964,39.011643227865,39.54583740234375,23395680
2017-01-13,39.65038568649797,39.701381313665706,38.75793171704501,38.97849655151367,10845780
2017-01-16,38.9785024153157,39.22966402188964,38.51442833572015,39.00272750854492,8161494
2017-01-17,39.31635752001895,39.37500233569328,38.42645213370693,38.62279510498047,6088005
2017-01-18,38.62279674968381,38.9785014856275,38.31171279192315,38.55267333984375,11967153
2017-01-19,38.63044017498725,38.80893290563108,37.79535984663223,37.992977142333984,13663023
2017-01-20,37.916472692749856,38.19823417683656,37.1260164785613,37.607940673828125,10197726
2017-01-23,37.73798332744236,38.757927868485154,37.54929278487538,38.612586975097656,14906034
2017-01-24,38.96192373511417,39.10981652245241,38.56796988515953,38.75666046142578,11601744
2017-01-25,39.03842268186085,39.08941831396736,38.500399022271225,38.61642074584961,12168948
2017-01-27,38.681437487447006,40.01884093099913,38.64063970089343,39.289581298828125,23096865
2017-01-30,40.54283091402792,41.43528476170649,40.18330007543044,40.41278839111328,63852426
2017-01-31,40.38857031428236,40.40896920626439,39.16590791435743,39.26790237426758,47114397
2017-02-01,39.51523418305421,40.12720083778244,39.34949441777628,39.99205780029297,25770492
2017-02-02,39.95502433867778,40.34973314319162,39.37509367352266,39.4887809753418,16414002
2017-02-03,39.496441221824895,40.095529831213454,39.21925005770617,39.454288482666016,15787497
2017-02-06,39.58586041752832,39.99206659223058,39.16560332856011,39.26523971557617,11405427
2017-02-07,39.34315971928955,40.17089978751198,39.34315971928955,39.98312759399414,18650082
2017-02-08,40.26287453897117,40.57072112704965,39.51049930442287,39.99334716796875,13352130
2017-02-09,40.2858611719937,40.39699171207771,39.7276484973324,39.965240478515625,11168817
2017-02-10,39.96652632356636,40.07893687629262,39.37510138650072,39.44280242919922,6972207
2017-02-13,39.59863975776592,39.62674158998599,38.759405456839616,39.00082778930664,7557297
2017-02-14,39.16432480930202,39.430018613437134,38.50264544908693,38.57417678833008,18594774
2017-02-15,38.90246512638824,39.41469152856951,38.85775562664489,38.94844818115234,23131218
2017-02-16,39.05702241697405,39.16432263593229,38.7811112437075,38.99570846557617,12281841
2017-02-17,39.19369602475098,39.51942695127955,38.860304473369375,39.02891540527344,7979565
2017-02-20,39.03659109622885,39.46962235891025,38.85903628266911,39.23714065551758,11227029
2017-02-21,39.34315636882123,40.10958241176003,39.21797491713647,39.85666275024414,11338899
2017-02-22,38.67893264154464,39.03404231195076,38.50520812039776,38.59079360961914,42311049
2017-02-23,38.52564690925644,39.4428029256359,38.335317924487626,38.46050262451172,44609301
2017-02-27,38.54862684379575,38.8309250679649,38.27526923188925,38.52690887451172,77749914
2017-02-28,38.58695053302638,38.92928918916793,38.5856737619902,38.71979904174805,25550052
2017-03-01,38.75556407338828,38.95866714623783,38.73640286001698,38.86158752441406,13325367
2017-03-02,38.874366400982304,39.13111640007278,38.3212607681244,38.40812301635742,12683550
2017-03-03,38.32126466220704,38.547362528032,37.97126530741613,38.188419342041016,16429677
2017-03-06,38.318692319324015,39.186031260981046,38.316135561929,39.09022521972656,15495249
2017-03-07,39.343159130553104,39.37381771812579,38.94462000444555,39.10046005249024,11109087
2017-03-08,39.136227179638624,39.16816253953744,38.57801445526829,38.86670303344727,8635242
2017-03-09,38.89990240475279,39.85154695182537,38.73001147744957,39.71231460571289,27252786
2017-03-10,39.85410167575833,40.18366291446694,39.59862530438087,40.049537658691406,23827617
2017-03-14,40.62053283655287,40.71122860750703,40.00739327652268,40.15812301635742,16393608
2017-03-15,40.23476844363152,40.66779645501298,39.98695585791045,40.10064315795898,12442188
2017-03-16,40.72272608918374,42.48550648830268,40.36506292464529,42.191707611083984,30188881
2017-03-17,42.39607823513302,42.53659057115697,41.08038351071822,41.28476333618164,20305566
2017-03-20,41.29754402756041,41.693529600197856,40.73549781036501,41.51469802856445,11478343
2017-03-21,41.51469413055396,41.61688404989911,40.08403204367401,40.748268127441406,14300866
2017-03-22,40.41614996139411,40.46724652893362,39.16432264924981,39.29206085205078,20921224
2017-03-23,39.53476517485383,40.28841385693136,39.279288755945934,40.16067886352539,10892574
2017-03-24,40.25010069959953,40.28841991696597,39.62418691678034,39.73915100097656,6134990
2017-03-27,39.7263749820626,40.87601255373208,39.48367268065014,40.56944274902344,15834465
2017-03-28,40.62053411076644,40.978200473360936,40.28841603465329,40.46725082397461,12604670
2017-03-29,40.82695795785624,40.82695795785624,39.8377574744514,39.99191665649414,10068646
2017-03-30,40.10753810305432,40.46724825583446,39.32388857776338,39.42666244506836,24407532
2017-03-31,39.56797815827212,40.50579342307572,39.36243040461192,40.27455139160156,17963398
2017-04-03,40.90403555912557,41.46929017835298,40.64709928898568,41.08388900756836,16554813
2017-04-05,41.23806411884795,41.5977711265319,41.16098127340749,41.45645904541016,14952531
2017-04-06,41.58492026874303,42.85674829171936,41.23806043296833,42.522735595703125,32088790
2017-04-07,42.38141151504741,43.4990768638652,42.13732237904255,43.07513427734375,24437493
2017-04-10,43.06228895052468,44.55251163454547,42.689734896732176,44.167110443115234,26679721
2017-04-11,44.44973822429938,45.73441318815896,44.44973822429938,45.37470626831055,28558572
2017-04-12,45.70872206668767,45.73441634399996,43.93587191737553,44.87368392944336,13919162
2017-04-13,44.95076697763255,44.95076697763255,43.2935345994017,43.66609191894531,14012512
2017-04-17,43.67893578302238,44.44973817290659,43.56331477765467,43.96156311035156,8772819
2017-04-18,44.26988430979166,45.580253535735054,43.83309456781053,44.167110443115234,12658522
2017-04-19,44.77090189129032,46.83922938371276,44.71951658046075,45.91426467895508,42584797
2017-04-20,46.28682544126436,46.89062152946704,45.477481610932,45.76010894775391,25164770
2017-04-21,46.27397327145798,46.98054315389633,46.11981409883606,46.376747131347656,17237962
2017-04-24,46.633689295285656,47.08332620207064,46.376752995858354,46.69792175292969,8938535
2017-04-25,46.94201329585366,46.99339861769115,46.09412799291636,46.3125228881836,10220826
2017-04-26,46.363909572672135,46.6593873110184,45.528871384258586,46.196903228759766,10616304
2017-04-27,46.582308336293856,46.6465440388363,45.96566499844303,46.13267135620117,9521120
2017-04-28,46.60799629538367,47.40449302346399,46.37675426644884,47.00624465942383,14299025
2017-05-02,46.582296725872,47.35310232327885,46.582296725872,47.04478073120117,8068744
2017-05-03,47.17325481403918,47.26318155209015,45.70872302409608,45.95281219482422,11362962
2017-05-04,46.004198919556906,46.83923704105727,45.55456201277192,46.69792175292969,8101486
2017-05-05,46.26113552031307,46.7236196008598,45.93996673869469,46.11982345581055,11472865
2017-05-08,46.11981882820404,46.942009791633176,46.11981882820404,46.466678619384766,6032136
2017-05-09,46.46668412520621,46.787852912654095,46.26113635999365,46.5694580078125,5079927
2017-05-10,46.3510700482188,47.53297149250022,46.3510700482188,47.26319122314453,8149076
2017-05-11,47.725660481787735,48.02113819645681,46.518068283985926,46.69792175292969,15243901
2017-05-12,46.83923132168027,46.83923132168027,45.59309786079776,46.094120025634766,7175988
2017-05-15,46.24828701982639,46.49237619231202,45.93996538667777,46.235443115234375,5182042
2017-05-16,46.24828519014457,47.0447851367532,46.094125996882,46.916316986083984,5923694
2017-05-17,47.00623878626892,47.13470692345089,46.119815432006405,46.26112747192383,6199492
2017-05-18,45.734417112884245,46.11982157577107,44.8479936405385,44.95076751708984,9948081
2017-05-19,45.220547385224656,45.56741042884953,43.93587232091833,44.73237228393555,9595324
2017-05-22,46.11982348810909,46.37675657292823,44.87368654452456,45.13062286376953,6467049
2017-05-23,45.20769468647761,45.349009961187534,43.74316632830302,44.20565032958984,6969454
2017-05-24,44.192810344907066,44.616753003225774,42.52273399017901,42.856746673583984,9802204
2017-05-25,43.43484773808415,44.603901724792905,42.90813124888243,44.19280624389648,13634989
2017-05-26,44.19280896461401,45.06638853251332,43.80740450172718,44.95076751708984,16167171
2017-05-29,45.22054842448399,45.29762802447463,43.97441474786143,44.33412170410156,8203582
2017-05-30,44.591059312510914,44.65529177529883,43.52477908302096,43.71747970581055,12844893
2017-05-31,44.17996022135844,44.937918746309215,43.82025004927865,44.35981369018555,13470012
2017-06-01,44.552511232332606,45.46463212097357,44.244189635086826,44.372657775878906,14179136
2017-06-02,44.70667327965597,44.97645346211276,44.10287722766318,44.21849822998047,9192975
2017-06-05,44.398349980094615,44.42404425393967,43.62754440571939,43.69178009033203,8791081
2017-06-06,43.84595351077397,44.37267012360987,43.332084039034825,43.46055221557617,10209972
2017-06-07,43.78170831371405,44.29557763608711,43.51192489795236,44.07718276977539,6827393
2017-06-08,44.3983513431183,44.42404561775216,43.43484515417605,43.51192474365234,10178609
2017-06-09,43.53762307368645,43.73032368253932,43.062291886385445,43.22930145263672,12007531
2017-06-12,43.39631683990446,43.60186463016228,42.41996645339295,42.548431396484375,13142731
2017-06-13,42.63835092059316,43.01090824878048,42.35572356551796,42.40711212158203,13319423
2017-06-14,42.41995674084753,43.26784199013437,42.41995674084753,42.65119552612305,17473391
2017-06-15,42.651197391429655,43.53762409424215,42.54842351533731,42.895286560058594,19151632
2017-06-16,42.95952320987392,43.73032897296183,42.95952320987392,43.614707946777344,22207561
2017-06-19,43.93588088934551,43.93588088934551,43.113689722860975,43.33208465576172,12413695
2017-06-20,43.61469709317327,43.61469709317327,43.0494424774094,43.12652206420898,6717635
2017-06-21,43.16506476756217,43.7817112299085,43.04944699244936,43.49908065795898,7135689
2017-06-22,43.666088180637736,43.666088180637736,42.45849282321628,42.75396728515625,9751797
2017-06-23,43.06228910636504,43.06228910636504,41.75192311010488,42.47134017944336,9145884
2017-06-27,42.574121255965686,42.58696839582544,40.53148747235916,41.25090789794922,9581484
2017-06-28,41.05819625852039,41.623454133166,40.49294161830012,41.04534912109375,11784554
2017-06-29,41.27659878643448,41.75193002173551,40.89119752981004,41.10959243774414,7076104
2017-06-30,41.16097236207586,41.80330986178996,40.672797285440375,41.5078353881836,8591533
2017-07-03,41.81615735455244,42.08594078862162,41.37936759228846,41.72623062133789,10894996
2017-07-04,41.77762559586911,42.188721144853545,41.751931315451074,41.98317337036133,10296468
2017-07-05,41.957476991320426,43.717480126681735,41.7647763666757,43.576168060302734,14784669
2017-07-06,43.93586995112347,44.5525131724681,43.67893689277596,44.19280624389648,17489016
2017-07-07,44.01295881493365,44.16712126995135,43.19076767997579,43.73033142089844,10662973
2017-07-10,44.17995718190346,44.74521506073341,43.93586803784104,44.372657775878906,2278960
2017-07-11,44.66813304588722,45.02784319974516,43.73032109961613,43.96156311035156,17347773
2017-07-12,44.14142312665592,44.21850596463424,43.499085550058574,43.79456329345703,6511470
2017-07-13,44.26989320435308,44.60390914676718,44.0386511492644,44.47544097900391,8588639
2017-07-14,44.66813241812412,45.20769602411532,44.308425503746896,44.513973236083984,14834658
2017-07-17,44.56536229899788,45.20769982516518,44.55251516034346,44.93791961669922,5949296
2017-07-18,44.9636087591008,45.32331566264304,44.192803168842,44.62959289550781,10553010
2017-07-19,44.70668318662228,44.86084240092333,44.192813748242,44.61675643920898,4820290
2017-07-20,44.70667903383684,44.82230005103567,43.92302619158384,44.33412170410156,10397821
2017-07-21,44.359817000883226,44.591059040590935,43.55047309633206,44.0643424987793,7562362
2017-07-24,44.257039817366405,44.68098244704856,44.06433921013371,44.35981369018555,7285782
2017-07-25,44.51397611662705,44.56536143582383,43.92302392209779,44.35981369018555,9441366
2017-07-26,44.35981489457673,45.23339445447036,44.26988815772162,45.092079162597656,13393868
2017-07-27,45.4646295532311,46.119814123284506,45.27192897013896,45.59309768676758,37764926
2017-07-28,45.59309957907762,45.96565362392833,45.07922702360376,45.708717346191406,6569801
2017-07-31,45.9785049480399,46.06843168310892,45.37470884512961,45.92711639404297,16658911
2017-08-01,47.52011315815382,48.17529781653065,46.19689993729772,46.492374420166016,29153430
2017-08-02,47.00624354935286,47.00624354935286,46.50522132144302,46.775001525878906,14308899
2017-08-03,46.7493097767945,46.76215691506283,46.18405186511562,46.40244674682617,7276546
2017-08-04,46.09412136675661,46.351054407860666,45.708716953462606,45.97850036621094,8845141
2017-08-07,46.11982444963001,46.86493590966376,45.99135628732918,46.71077346801758,5944758
2017-08-08,46.63369081630598,47.22463979606755,46.068432879784616,46.72361755371094,10737771
2017-08-09,46.50520930204114,46.890610418606,45.734403834486656,46.055572509765625,7223907
2017-08-10,45.83718601714188,45.83718601714188,43.67893484368479,43.87163543701172,12330222
2017-08-11,43.357775316779644,44.29558744202178,41.39222108484967,43.97441864013672,12930030
2017-08-14,44.53023669374119,46.00380566385677,44.129529970259,45.5643196105957,5945438
2017-08-16,45.784053549567446,46.06842873605059,45.04726921075369,45.31871795654297,6269561
2017-08-17,45.20238964260464,47.80052648442756,45.15068387251079,47.34811401367188,26626620
2017-08-18,47.14129671184546,47.95563654307821,46.5337701946104,47.18007278442383,13600478
2017-08-21,47.296412943257536,48.265866939326095,46.029660502781965,46.30110931396485,19677741
2017-08-22,46.50792555220067,47.03789347233396,45.79699067452532,46.06843948364258,7591950
2017-08-23,46.456212439001945,47.43859271622319,46.06843220653697,47.32225799560547,10218766
2017-08-24,47.5420028734625,48.96386920599442,47.3481127495698,48.589012145996094,21204341
2017-08-28,49.18360491100096,49.45505039326572,48.653637132339576,48.82167434692383,14316997
2017-08-29,48.472677523681895,49.06727759319186,47.59370548881838,47.86515426635742,9450404
2017-08-30,48.1883081094576,49.97210190364045,48.1883081094576,49.59724807739258,16054206
2017-08-31,50.07550006929876,50.33402236605652,48.86045373595335,49.11897277832031,19380999
2017-09-01,49.32578993705257,50.30817012099436,49.19652878704087,50.140132904052734,10242157
2017-09-04,50.12720349462913,50.23061175763556,49.0801944248902,49.55845642089844,9781609
2017-09-05,49.558473394628,49.93333051040867,49.40335931979661,49.73943710327149,4331424
2017-09-06,49.17068833256873,50.540848967736686,49.17068833256873,50.023807525634766,7678727
2017-09-07,50.07550327408315,50.9156959107312,50.02380076405717,50.16598510742188,7797820
2017-09-08,50.33403625541777,50.46329743946546,48.44683077886151,48.640724182128906,10831124
2017-09-11,48.98972561775545,49.76528947508117,48.7312065015747,49.63602828979492,9218018
2017-09-12,49.97209722643129,51.18714694607297,49.84283606401985,51.0708122253418,20454624
2017-09-13,51.17422707002903,51.48445194698354,50.14014414684733,50.37281036376953,19274115
2017-09-14,50.37280876889136,50.60547823283848,48.782905104441376,49.17068862915039,21851544
2017-09-15,49.09311922129405,49.31286219419299,48.34340847629604,49.14482498168945,13158420
2017-09-18,49.53261499298351,50.21769692777921,49.14483473065623,49.85576629638672,8670192
2017-09-19,49.88162037659894,50.20477168774305,49.18361523681123,49.33872604370117,6527172
2017-09-20,49.63602362541703,49.8169905695687,49.144835072757175,49.493839263916016,3679826
2017-09-21,49.76527889362729,49.86868716899052,48.43389775512457,48.65364074707031,7126359
2017-09-22,48.4985326091391,48.4985326091391,46.53377188373376,46.76644134521485,7359891
2017-09-25,46.792293548583984,47.16714736653382,45.0084997938885,46.792293548583984,15014148
2017-09-26,46.805220528452,47.54200498459642,46.65010646981513,47.19300079345703,11293223
2017-09-27,47.33517754401095,47.722957720004814,45.52553129872182,45.71942138671875,13886829
2017-09-28,47.20592173245967,47.36232776625807,46.096867570161365,46.50920867919922,16193742
2017-09-29,46.58030473772235,47.37655015324344,46.05421610886177,46.29593276977539,11087949
2017-10-03,46.63718330336643,46.83624793222407,45.57078424529568,46.494998931884766,12084912
2017-10-04,46.75092485615247,46.99264149450238,46.36702061990631,46.77936172485352,7194519
2017-10-05,47.09218155097869,47.163273734448566,46.4807790099631,46.56608963012695,5632314
2017-10-06,46.92154558859193,47.87419363182645,46.72248426913549,47.262794494628906,14234925
2017-10-09,47.49029496572659,47.54717195962778,46.822018763310055,47.291236877441406,8180193
2017-10-10,47.461856290869314,47.461856290869314,46.83623867127039,46.99264144897461,6092373
2017-10-11,47.29123715375359,47.60404597727769,47.04952050503244,47.17748641967773,11937174
2017-10-12,47.20592550628247,48.34341662849933,47.1348333281412,48.15857696533203,17344374
2017-10-13,48.32919816141734,49.02591122300701,47.94529391677306,48.62778854370117,7833861
2017-10-16,48.64200418205083,49.06856370615791,47.97372802820187,48.826847076416016,8306547
2017-10-17,48.79842003326443,48.79842003326443,48.34342029547346,48.58514022827149,3679266
2017-10-18,48.599352209352745,49.48090818563782,48.34341387384517,49.09700393676758,10262934
2017-10-19,49.43826035457797,49.43826035457797,48.78420249090176,48.99748229980469,1513617
2017-10-23,49.42404258762679,50.021223457137374,49.139667335640006,49.56622695922852,8494290
2017-10-24,49.48091351058772,49.97856529155796,49.21075996558028,49.76528549194336,4764408
2017-10-25,50.163405335303366,50.29137450947361,48.18701350697346,48.74153900146485,8386635
2017-10-26,48.741536348064685,49.42403423396366,48.13013389034166,48.300758361816406,10685091
2017-10-27,48.8837304921836,49.46669615841154,48.58514006793547,49.01169967651367,5783406
2017-10-30,49.352934404488245,50.262927165345495,49.21075006959856,49.90746307373047,7391871
2017-10-31,52.89339251858921,54.71337848247804,51.54261822822438,52.49526977539063,75144498
2017-11-01,52.87917264365463,53.17776306573792,52.523705220952806,52.836517333984375,14100363
2017-11-02,52.964471409186864,53.07822213057421,52.38150913204794,52.68009948730469,8766645
2017-11-03,52.86495021999562,52.86495021999562,51.841206593163214,52.04026794433594,7825704
2017-11-06,52.02604245827101,52.751192332876215,51.258234028602445,52.50947570800781,9703422
2017-11-07,52.893391647175896,53.31995125723377,50.447781480501945,51.34355926513672,13384689
2017-11-08,51.74166865506847,51.89807141852529,50.390894735388194,50.83167266845703,9024780
2017-11-09,51.01653203153476,52.60901982731978,50.87434440079989,52.40996170043945,8723295
2017-11-10,52.38152339926272,52.6090183952189,51.48574558072688,51.74168395996094,5964225
2017-11-13,51.89807935191381,52.02604852324027,50.73215139232552,50.88855743408203,6147795
2017-11-14,50.90277140556648,50.90277140556648,49.62309274026914,49.89324951171875,9238092
2017-11-15,49.85060026715425,50.78903010069567,49.523569716440406,50.17762756347656,9654879
2017-11-16,50.348237965829554,51.32932283460507,50.33401953320328,51.11604309082031,9771558
2017-11-17,51.47152071601671,51.898080288951626,50.64683844109035,50.81746292114258,10201404
2017-11-20,50.8174527512779,51.25823067147369,50.54729927698804,51.11604309082031,6510531
2017-11-21,51.21558094549204,51.25823624801146,50.36246187753961,50.46199417114258,9066429
2017-11-22,50.51887302787012,51.61370884211741,50.50465459225595,51.28667831420898,9406272
2017-11-23,51.79855490827651,53.43369788404345,51.79855490827651,53.206199645996094,31021161
2017-11-24,53.53321919610228,53.87446811026405,52.35306968448443,52.50947570800781,11278188
2017-11-27,52.58057980643935,53.31995153675789,51.78433758337758,52.978702545166016,7129203
2017-11-28,54.03088608187837,54.03088608187837,52.90761324283002,53.049800872802734,20069670
2017-11-29,53.24885073680955,54.99774757463168,53.17775856004936,53.74650573730469,26750220
2017-11-30,53.46213505126447,53.632759544337,52.62323753124159,52.836517333984375,16002063
2017-12-01,53.12089291097818,53.7180770499115,52.267773642328216,52.466835021972656,10760892
2017-12-04,52.60900669584731,52.75119429109144,50.56152289804309,51.25823593139648,11866296
2017-12-05,50.90276926344781,51.91229436920328,50.14918248349418,51.78432846069336,11439243
2017-12-06,51.75590682090666,51.75590682090666,50.68950759720127,50.9454460144043,8780127
2017-12-07,50.90277855123731,52.36730032991755,50.81746792999815,52.12558364868164,4550679
2017-12-08,52.552133497401655,52.80807182233892,52.353072163778776,52.63744735717773,4826619
2017-12-11,52.77963936226027,53.29151283205979,51.841209549215016,52.15401840209961,4514526
2017-12-12,51.926512848241664,52.22510647713752,51.48573487643445,51.571048736572266,3302022
2017-12-13,51.47152307141147,52.026051843359234,51.0591819150791,51.37199401855469,4752969
2017-12-14,51.38620376586914,51.585265092315176,50.8316750876857,51.38620376586914,4593927
2017-12-15,51.54261809983918,52.23933452589709,50.9596556778284,51.17293548583984,8831664
2017-12-18,51.116053013321874,52.62323319940158,48.91216298453008,51.88386154174805,9356181
2017-12-19,51.89808048918061,52.75119963834188,51.89808048918061,52.35307693481445,6707226
2017-12-20,52.7512093882535,53.14933216536525,52.481055808924765,52.80808639526367,8328321
2017-12-21,52.637459526581,53.12089291097818,52.28199207984627,52.466835021972656,4412676
2017-12-22,52.60900999115509,53.80337805547992,52.49526251134768,53.60431671142578,11938740
2017-12-26,53.83182470167328,53.87448326873931,52.89339480527192,53.049800872802734,9328047
2017-12-27,53.13510842212117,53.41948041121235,51.94074021003343,52.39573669433594,9960756
2017-12-28,52.39573888110575,52.59480351248669,51.41465368787963,51.62793350219727,23326452
2017-12-29,51.82698270537951,52.722757064223934,51.68479511110275,51.79854583740234,15759831
2018-01-01,52.04026529101262,52.29620037107381,51.52839513089026,51.5994873046875,8166816
2018-01-02,51.8980772695688,52.22510777517516,51.40042554822807,51.6563606262207,11789442
2018-01-03,51.75588759138531,52.21088724492103,51.41464191922222,51.47151565551758,8387208
2018-01-04,51.49995298246492,51.72745118406402,51.101833570459725,51.20136260986328,13893633
2018-01-05,51.47152356014566,52.18245513619026,51.41464981511604,51.84120941162109,10396050
2018-01-08,52.19667900429727,52.665893929148496,51.95496232344638,52.338863372802734,12205740
2018-01-09,52.60900936385241,52.60900936385241,51.855422555940464,51.912296295166016,7031151
2018-01-10,51.9407408420461,52.25355296280508,50.9596556778284,51.17293548583984,11870301
2018-01-11,51.21557923151904,51.47151429246149,50.76058284442338,50.90276718139648,11858856
2018-01-12,51.130274003810975,51.215584614962125,50.0638750924656,50.61840057373047,9999291
2018-01-15,50.7605874830341,51.187147041715065,50.56152613869025,50.789024353027344,8986140
2018-01-16,50.7605872219844,50.84589783152538,49.082785865882336,49.25341033935547,13604358
2018-01-17,49.196536252174646,50.27715689655871,47.49029792540809,50.06387710571289,14795268
2018-01-18,50.10653420707172,50.589967549127245,48.07326527615761,48.65623092651367,9535365
2018-01-19,48.84107433691341,49.31028924735043,48.37185942647638,49.12544631958008,5545041
2018-01-22,49.31029250708157,50.0212241379412,49.01170206826237,49.8790397644043,7885137
2018-01-23,50.04965619227779,50.376686728699184,49.42403850018635,49.67997360229492,13850478
2018-01-24,49.70841467352654,49.7368515478974,49.0117014882654,49.35294723510742,10449144
2018-01-25,50.70371427612537,51.04495997402315,49.87903202008632,50.30559158325195,45728052
2018-01-29,50.76058663203664,50.81746037106964,49.62309232502999,49.95012283325195,10870470
2018-01-30,50.31981171574148,50.60418368264701,49.76528296316481,50.33403015136719,10192740
2018-01-31,48.6988840279883,48.91216381680342,47.63248508391271,48.15857696533203,43235283
2018-02-01,48.34341537705036,48.68466433207728,45.81249810243372,45.94046401977539,41361114
2018-02-02,45.91203495338917,45.92625339106621,42.71283766017886,43.18205261230469,39743727
2018-02-05,42.65596008300781,43.16783030224731,41.63221639013732,42.65596008300781,57654582
2018-02-06,39.81222472767757,42.74126800295738,39.81222472767757,42.42845916748047,41933931
2018-02-07,43.58016352428936,45.385933907714566,43.39532063036466,44.88827896118164,53579583
2018-02-08,45.60650545824281,45.60650545824281,44.38554602792665,45.089393615722656,21077784
2018-02-09,43.95460590661592,45.33357261997237,43.95460590661592,44.902645111083984,8938587
2018-02-12,45.391037851871125,45.41976920758231,44.744646458844,45.319217681884766,6431490
2018-02-14,45.93687025409775,46.72690508988429,45.62085829241265,46.137969970703125,15063036
2018-02-15,46.32472036895257,46.583276290212645,44.87392980005311,45.089393615722656,10960020
2018-02-16,45.47721751760737,45.47721751760737,44.14134285944581,44.73027801513672,7547409
2018-02-19,44.81645708241389,44.81645708241389,43.45185122944019,44.01205825805664,10100100
2018-02-20,43.983334951806334,44.29935021883547,43.667319684777205,44.17007064819336,8543745
2018-02-21,44.19880741625757,44.45736332074971,43.10712437351113,43.336952209472656,11911635
2018-02-22,43.16456672582214,43.4518506070998,41.75687209107439,42.10161209106445,24507504
2018-02-23,42.76237762486437,43.58114066469537,42.05853013786773,43.36567687988281,34034544
2018-02-26,43.94024053134324,45.03192330128422,43.75350484484183,44.58663177490234,19477392
2018-02-27,44.9601017156996,45.04628919102731,43.72477858801854,43.91151428222656,10397679
2018-02-28,43.81096631056536,44.58663721252053,43.423130859587765,44.34244537353516,6432813
2018-03-01,44.48608980909648,44.51482116432322,43.98334205223554,44.04079818725586,4595199
2018-03-05,43.92587983339995,45.16120629154127,43.49495230499866,44.68718338012695,9187710
2018-03-06,45.23302204858648,45.376665639980494,43.42312463279882,43.66731643676758,10445304
2018-03-07,43.523687379662505,43.55241544782152,42.2739966884457,42.61874008178711,7936389
2018-03-08,43.322577931792,43.322577931792,41.65632404926109,42.30271530151367,9916260
2018-03-09,42.73364130499554,43.48058403486307,42.33144187933083,42.647457122802734,9234141
2018-03-12,43.02092964182189,43.33694491792156,42.41763372875188,43.13584518432617,14156727
2018-03-13,43.09275619568634,43.72478350573751,42.97784064489687,43.538047790527344,12466362
2018-03-14,43.15020634601855,43.5954978791361,42.86292244044088,43.423126220703125,6788655
2018-03-15,43.39440122315708,44.32807973571787,43.09275326538584,43.46622467041016,9095664
2018-03-16,43.52368182970471,44.069521630555975,42.69055480846371,42.8629264831543,10796703
2018-03-19,42.89165702116443,43.00657257349062,42.087258018030354,42.67619323730469,6301965
2018-03-20,42.37454076853256,43.13584765090128,42.28835657251332,42.94911193847656,6695130
2018-03-21,43.09275978184407,43.66732772045755,42.51818855551392,42.61874008178711,7860561
2018-03-22,42.74800104044951,42.848552530621134,40.93810709451503,41.19666290283203,19364409
2018-03-23,40.47846727573762,40.55028744817373,39.65970415909902,40.20554733276367,24617190
2018-03-26,40.20553921060008,41.65632612702768,40.13371576495671,41.0673942565918,14150625
2018-03-27,41.38340282270995,41.51267909630643,40.938111304890434,41.09611892700195,8877729
2018-03-28,40.92374705948184,41.88615024206254,40.42099942270528,40.6364631652832,23399328
2018-04-02,41.02429987981112,41.75687865949256,40.82320014496878,41.58450698852539,7534800
2018-04-03,41.62760091023891,42.331448369201695,41.297221585750805,42.15907669067383,9860166
2018-04-04,42.31708490195905,42.73364842741791,41.08175835834198,41.29722213745117,11741064
2018-04-05,41.6563322248568,42.00107560880491,41.26849673984432,41.67069625854492,10456299
2018-04-06,41.67068948048899,42.05852490241708,41.23976196450579,41.59886932373047,5684175
2018-04-09,41.656324601992345,41.8143322313638,41.29721725007066,41.541412353515625,7065069
2018-04-10,41.65632511938642,42.21653220081641,41.55577690072043,41.79996871948242,6792945
2018-04-11,41.94360978949806,42.02979726619888,41.51268226914215,41.62759780883789,5636949
2018-04-12,42.08725745226681,42.84856434593826,41.91488576995287,42.31708526611328,13782747
2018-04-13,42.25962478168566,42.4319964462447,40.82319862731506,40.938114166259766,14176671
2018-04-16,41.11048579158106,41.1392138543608,39.846431302975965,39.94697952270508,17572878
2018-04-17,40.21990282483323,40.46409795464557,39.60224284714605,39.91825485229492,10461405
2018-04-18,40.19116408156217,40.36353571480938,39.73150858471325,39.8464241027832,13714419
2018-04-19,39.645336357969526,39.67406442421456,38.85530138536538,39.11385726928711,15710562
2018-04-20,38.48183162160308,38.59674388176101,37.49069693915947,38.007808685302734,24909216
2018-04-23,38.05090376823286,39.90389025028632,38.05090376823286,39.42987060546875,26176191
2018-04-24,39.67406487301949,39.80334446030103,38.86966585819322,39.013309478759766,9272688
2018-04-25,39.013317888684185,39.013317888684185,37.86417853958652,38.15146255493164,8935848
2018-04-26,38.18018417523234,38.33819183644155,37.51942875020439,37.64870834350586,15748587
2018-04-27,37.720525752519926,38.69729642847671,37.63433826738811,38.2663688659668,13382757
2018-04-30,37.7923359234562,38.1945353138058,37.57687219917717,37.69178771972656,13847460
2018-05-02,37.92163036936925,37.99345054310261,37.28960297736531,37.43324661254883,9106338
2018-05-03,37.347048337894805,37.47632790102122,36.45646528975861,37.031036376953125,14574378
2018-05-04,37.246492170844725,38.00779549330161,37.05975652518526,37.23212814331055,7078263
2018-05-07,37.31832058395514,37.90725570659986,36.87302905622071,37.72052001953125,7313223
2018-05-08,37.89289093017578,38.16581079619017,37.69179121634522,37.89289093017578,8788539
2018-05-09,37.864166669844,38.1370865632522,37.77797919085668,38.02217102050781,6669102
2018-05-10,38.03653220789335,38.15144774204399,37.16031317796495,37.28959274291992,6999927
2018-05-11,37.34705243747263,37.51942411132377,36.62884096542846,36.72938919067383,7212126
2018-05-14,36.916125946535175,36.916125946535175,35.73825883586888,36.12609100341797,9882675
2018-05-15,35.65207302002523,36.72939195297123,34.27310610094094,34.53166198730469,37511736
2018-05-16,34.330563610690305,35.422246620672915,32.29084121678374,34.94822692871094,28314477
2018-05-17,34.991323825894995,36.4133863843961,34.057648347841806,36.02555084228516,22246566
2018-05-18,35.82443745268779,36.34154912070444,34.761482768239496,34.89076232910156,11526891
2018-05-21,34.47420688928499,34.905134475401056,33.54052826088915,33.69853591918945,9176997
2018-05-22,33.32505986135904,34.316194487509584,32.980319812749016,33.641075134277344,16655865
2018-05-23,33.56925371011744,34.10072943855654,33.353789954966125,33.55488967895508,8386623
2018-05-24,33.65543608961707,33.81344371163311,33.080865010832404,33.33942413330078,7425024
2018-05-25,33.43997266115358,34.244371521489064,33.19578085449084,34.028907775878906,8685510
2018-05-28,34.18690547112951,36.025530610798405,34.11508533244857,35.508419036865234,21852888
2018-05-29,35.47969137990302,35.78134256913396,35.048763927615006,35.278594970703125,13140726
2018-05-30,34.014544689809604,34.53165637854591,33.52616106292354,34.316192626953125,25204605
2018-05-31,34.44547591039097,34.44547591039097,32.70740167914858,32.86540603637695,27125460
2018-06-01,32.75049043175253,33.23887406146669,31.65880763654184,32.00354766845703,20689938
2018-06-04,32.17591900248326,32.8654023470484,31.60134790482101,32.204647064208984,24504603
2018-06-05,32.21901161385925,32.85103884514979,31.888635610977826,32.46320343017578,17626572
2018-06-06,32.46320431465772,33.583618496823725,32.39138415723017,33.38251876831055,19982229
2018-06-07,34.38801761102219,35.12059308419504,33.3968829941732,34.96258544921875,32471313
2018-06-08,34.33055997736602,34.660939296020736,33.89963243251324,34.057640075683594,10464249
2018-06-11,33.98581452323791,34.818941416163746,33.98581452323791,34.172550201416016,6191661
2018-06-12,34.1294646945471,35.005683931000526,34.04328048940743,34.876407623291016,10322559
2018-06-13,35.04877674504359,35.12060020516799,34.043281180469585,34.244380950927734,8779887
2018-06-14,34.11509207138247,34.17255148139269,33.16705290266208,33.3681526184082,11821971
2018-06-15,33.46870811992952,34.21565102325966,33.15269609078594,33.56925964355469,21030120
2018-06-18,33.59798441358474,33.72726070420836,32.57812168230604,32.83667755126953,9619353
2018-06-19,32.736130952978904,33.09523835355526,32.39138758540829,32.59248733520508,10429416
2018-06-20,32.52066274965768,32.807946658438546,31.91736358227349,32.10409927368164,10259367
2018-06-21,32.29084054980369,32.29084054980369,31.041149905741072,31.41462135314941,16149600
2018-06-22,31.40025687699647,31.68754083141368,30.796957613775483,31.51516914367676,17661147
2018-06-25,31.44334581289546,31.888637376905404,30.840046610383748,31.42898178100586,18864450
2018-06-26,31.28533642657337,31.37152390081209,30.236745718633408,30.45220947265625,19411377
2018-06-27,30.4522189611226,30.4522189611226,29.245623535266773,29.992563247680664,26922588
2018-06-28,29.66216926300945,30.30856040851399,29.1019655762014,29.80581283569336,24051936
2018-06-29,30.064386883303293,31.40026535830184,29.992566697229265,31.213529586791992,19270500
2018-07-02,31.27098048193851,31.27098048193851,29.820189952963045,30.337305068969727,18396411
2018-07-03,30.16493258583016,30.98369569927461,29.96383281607684,30.8687801361084,18868143
2018-07-04,30.69640282927828,30.811318371458007,29.8345477699368,29.978191375732425,13058145
2018-07-05,29.963826430447984,30.351661852871334,29.303071124277693,29.37489128112793,10440048
2018-07-06,29.44671364141334,32.24774270847613,29.38925751163383,31.8311824798584,53028897
2018-07-09,32.08974012903174,32.34829601507722,30.75386531136639,30.9549617767334,22921557
2018-07-10,31.17042376109076,32.50630178924528,30.969327307349165,32.4057502746582,26831130
2018-07-11,32.463205262847694,32.52066467818407,30.94059815461493,31.112966537475582,23040108
2018-07-12,31.31406448874761,31.81681215222892,30.193653625372036,30.45220947265625,17688438
2018-07-13,30.85440357602136,31.227874895051183,29.51852918993246,29.82017707824707,21314028
2018-07-16,29.920733705757847,30.193653583752997,28.87214299926327,29.015783309936523,15895158
2018-07-17,29.36053064972201,30.006921999374697,28.958331149353707,29.892009735107425,24264597
2018-07-18,29.935100747850974,30.17929258827354,28.44121835257504,28.599225997924805,24044445
2018-07-19,28.699771378238125,29.073242761934512,27.78046023780022,28.125200271606445,19658436
2018-07-20,28.26884741978853,29.93510153684344,28.082111704492757,29.7770938873291,27581040
2018-07-23,29.64781731368208,29.992557387547564,28.77159487697127,29.532901763916016,16157148
2018-07-24,29.54726286233537,30.89750153362547,29.43235061169759,30.710765838623047,22493088
2018-07-25,30.595853029070035,30.595853029070035,28.886507030330595,29.015783309936523,31127565
2018-07-26,29.11633718022371,29.44671320932437,28.656681573299863,28.785961151123047,32172804
2018-07-27,28.98705502056487,29.63344627667518,28.84341471101765,29.44671058654785,17262075
2018-07-30,29.590355951255745,31.25660994325708,29.489807728566905,30.96932601928711,42168243
2018-07-31,31.141703166746517,34.373660550069395,30.796963018488977,33.425621032714844,77121654
2018-08-01,34.10073072423478,35.02004190414964,33.46870346611428,33.641075134277344,80280801
2018-08-02,33.612351744658376,34.14382756703695,32.750496571718415,33.56925964355469,22892568
2018-08-03,33.612339853337495,34.632202323902185,33.49742433666573,34.33055114746094,28213677
2018-08-06,34.50292277861088,34.64656635252173,33.899623713443795,34.33055114746094,29598678
2018-08-07,34.129455670107575,34.301827322525455,33.339424135409,33.46870040893555,13025202
2018-08-08,33.49743317243248,34.991315556920945,33.06650562474766,34.74712371826172,40606014
2018-08-09,35.04876367498483,35.36477889116652,34.23000415171163,34.818939208984375,38338101
2018-08-10,34.890771996868544,35.73826317318575,34.41675228855611,34.80458450317383,43808427
2018-08-13,34.66094479068724,34.67530882527832,33.46871019332659,33.7129020690918,14906724
2018-08-14,33.51179439153396,33.95708922196108,32.54939115009898,33.78471755981445,28673466
2018-08-16,33.61235716806703,33.98582867999233,32.83668607217864,32.99469375610352,14290698
2018-08-17,33.23888368959813,34.01455473959476,33.06651197985256,33.770362854003906,11741781
2018-08-20,33.7847695372264,34.15951616388991,33.568570067834685,33.85683822631836,9578118
2018-08-21,34.01536762751598,34.73603111954626,33.8856499803785,34.18832778930664,14753664
2018-08-23,34.18833561448292,34.24598791529528,33.438842508156334,33.49649810791016,13224216
2018-08-24,33.438847420394644,34.00096733271619,33.208238183268186,33.871246337890625,10920258
2018-08-27,34.015378061681304,34.274816734479366,33.52532686873588,33.65504455566406,15681402
2018-08-28,33.784764292512186,33.856832970416285,33.15057906081734,33.179405212402344,8750094
2018-08-29,33.20823392812078,33.59739026484894,33.006444273607634,33.092926025390625,8680368
2018-08-30,33.15058017070979,33.35236653750228,32.804663041166734,32.91996765136719,12692523
2018-08-31,32.91996414068355,33.84241411968112,32.58846012276813,32.71817779541016,29239140
2018-09-03,32.934385692266176,33.2947192513437,32.28578726529195,32.41550827026367,23274777
2018-09-04,32.689351175754,32.689351175754,30.988581989601517,31.46422004699707,20666517
2018-09-05,31.536292819095458,31.536292819095458,25.79979933857645,27.226716995239254,435838635
2018-09-06,27.29878509964525,27.3420259826426,25.828629716627216,26.30426788330078,144894588
2018-09-07,26.232199002799256,27.02493142422376,25.97276032091507,26.47722625732422,64860561
2018-09-10,26.47722712883513,26.837559009861643,26.1313066756422,26.21778678894043,32605425
2018-09-11,26.347503689580066,26.491637748194403,25.4106405559409,25.511533737182617,47399022
2018-09-12,25.51153535783875,25.540361511604512,24.57467051521312,25.266508102416992,56999529
2018-09-14,25.396226568949476,25.799797629968445,25.396226568949476,25.598012924194336,22618239
2018-09-17,25.58360365859845,25.598018386595427,25.021485348734032,25.10796546936035,22569123
2018-09-18,25.107962252492666,25.237681592076765,24.12785819306594,24.214338302612305,33779469
2018-09-19,24.43054038836205,24.473779623066296,23.72428800856184,23.810768127441406,23632947
2018-09-21,24.01254985868356,24.11344303620547,21.47580899467057,23.104511260986328,37031124
2018-09-24,23.234231667050764,23.32071011753779,22.254127716294725,22.39826011657715,21786213
2018-09-25,22.22530644570056,22.60005142849844,21.40374778993483,21.965866088867188,26192304
2018-09-26,22.68653012924115,24.87735087503367,22.55680913419817,24.271991729736328,142002327
2018-09-27,24.502604808121465,24.776458232137895,23.49367452644877,23.6522216796875,45255255
2018-09-28,23.8107621846396,24.012548528505448,22.72976509212302,23.147750854492188,22137960
2018-10-01,23.2198214284274,24.17109934522611,22.513569116881555,23.83959197998047,29322090
2018-10-03,23.85400094098731,24.43053381200924,23.392775963746264,24.04137420654297,30933705
2018-10-04,23.68104323503835,24.070201204768647,23.205403517184845,23.709869384765625,24482433
2018-10-05,23.637806885389587,23.998140423833217,22.945969262689104,23.234235763549805,20945433
2018-10-08,22.77300571041602,22.989205142157125,21.67759547619052,22.23971366882324,29928747
2018-10-09,22.23971494423423,22.70094163467774,21.56229045912179,21.879383087158203,28296093
2018-10-10,22.1964722859604,23.580148844578712,22.09557911765122,23.47925567626953,26090592
2018-10-11,22.62887585555422,24.935002837488828,22.39826332230785,24.473777770996094,42896796
2018-10-12,24.790867399268063,25.194440108065635,24.444948641500478,24.661148071289062,23021736
2018-10-15,24.920583054927903,25.39622272005457,24.30081265714241,25.151195526123047,17167395
2018-10-16,25.23767798729376,25.5115313534967,25.00706549442321,25.36739730834961,13062003
2018-10-17,25.540358080113563,25.727731353358216,24.45936096442624,24.6467342376709,11772090
2018-10-19,24.473776175470043,24.848522754667638,23.695458514136917,23.95489883422852,22909692
2018-10-22,24.1855082823862,24.79086734423881,23.854002600744263,24.41612243652344,18668121
2018-10-23,24.315226479711637,25.223263319208566,24.24315946169088,25.093544006347656,21949755
2018-10-24,25.36739860590505,25.4827048582383,24.214336082572565,24.41612243652344,20489004
2018-10-25,24.15668352278329,24.5602562539256,23.637804532667577,24.02696418762207,27339909
2018-10-26,23.98372617207197,26.2321991605086,23.508086386463518,25.439468383789062,72418194
2018-10-29,25.6556671389965,26.232198447348605,24.80528242825784,24.90617561340332,39264528
2018-10-30,24.906173303394212,26.232196014352944,24.906173303394212,25.900691986083984,53536695
2018-10-31,25.655663902596835,26.924034270440508,25.655663902596835,26.82314109802246,34635969
2018-11-01,26.90962125868548,28.394189400074318,26.866380384993345,28.10592460632324,58131714
2018-11-02,28.33654136421677,28.50950158606504,27.255544101342423,27.385263442993164,20519661
2018-11-05,27.39967447757552,27.87531422746938,26.823143196839865,27.41408920288086,12621051
2018-11-06,27.60145928876328,27.88972573768436,27.298779764816747,27.45732688903809,12935340
2018-11-07,27.659118205941898,27.659118205941898,27.428504015704064,27.51498413085937,1471155
2018-11-09,27.52939803735321,28.610395385664752,27.47174572516116,28.437435150146484,26676957
2018-11-12,28.451848083604617,28.62480499924777,27.24112988045228,27.39967536926269,13179546
2018-11-13,27.38526093558084,27.4717410385868,26.722249561653115,27.269954681396484,11296545
2018-11-14,27.51498015858833,28.23564713101799,27.154648321844263,27.615873336791992,16517217
2018-11-15,27.587048242405096,28.0915141527462,27.111410133705512,27.87531471252441,8838150
2018-11-16,27.96179330103468,27.976206377188063,26.405157983877835,26.765491485595703,17977203
2018-11-19,26.80873186662892,27.241130767703577,26.63577164641069,27.06817054748535,10805367
2018-11-20,27.0825810362389,27.673527024287772,26.606942950297253,26.7799015045166,21194664
2018-11-21,26.938451042216027,27.42850224738412,26.606945330052056,27.169063568115234,10910604
2018-11-22,27.183472608746374,27.3131919291208,26.86638002034742,27.024927139282227,10296039
2018-11-26,27.327610025964017,27.716768035117944,26.837557183602105,27.64470100402832,20503503
2018-11-27,27.38526275213664,27.52939516706017,26.693425181138625,26.851970672607425,13761777
2018-11-28,26.99610319087155,27.096996376545505,25.43946782543181,25.56918716430664,29465751
2018-11-29,25.655670656737616,25.71332462021341,24.07020727954215,24.44495391845703,80182452
2018-11-30,24.430537318324184,24.617908961301133,23.854004364557195,23.99813842773437,35208714
2018-12-03,24.25757551713145,24.920586886113664,23.75310962791856,24.56025505065918,30724905
2018-12-04,24.502603272509795,24.906176019674817,24.07020437182467,24.185510635375977,14637795
2018-12-05,23.94048516734416,24.185510772597024,23.349540769474743,23.83959197998047,16503828
2018-12-06,23.508087381839022,24.214339726961875,23.493674304311966,23.580154418945312,21612813
2018-12-07,23.72428680697836,23.79635384397314,23.06127534493356,23.090103149414062,21818304
2018-12-10,22.513569440568624,23.14775472755238,22.13882448888055,22.38385009765625,60029283
2018-12-11,22.05234276907785,23.00362063018713,21.61994389125279,22.70094108581543,49626948
2018-12-12,22.888312836431457,23.60897818619346,22.845073608223483,23.118927001953125,24321090
2018-12-13,23.37836539489869,24.54584268694782,23.24864606233119,24.32964324951172,51720444
2018-12-14,24.473772313723764,24.473772313723764,23.42160142211796,23.75310707092285,29710962
2018-12-17,23.868423060033724,24.358474337818645,23.854008331741984,24.142274856567383,24032520
2018-12-18,24.012551766626714,24.387298355618505,23.88283242792605,24.315231323242188,26882103
2018-12-19,24.401708047720696,25.16561424797017,24.329642669939247,24.978240966796875,35638596
2018-12-20,24.747629121450995,26.217784310668684,24.617908139030213,26.030412673950195,62658462
2018-12-21,26.27544041477021,27.32761153938264,25.36740171084831,25.48270797729492,113350500
2018-12-24,25.48270854322678,25.756561963038692,25.136789736204616,25.352989196777344,33134253
2018-12-26,25.29533540995654,25.799799688855423,24.574670033638423,25.56918716430664,37833786
2018-12-27,26.015998761004493,26.08806579243657,24.68997593926785,24.834108352661133,74696946
2018-12-28,25.079134790183183,25.43946663677026,24.96382853329649,25.338573455810547,22391712
2018-12-31,24.90617719818984,25.857455154604036,24.877351043305733,25.352989196777344,31537269
2019-01-01,25.48270835091585,25.583601541719776,25.107963391837675,25.2088565826416,10478028
2019-01-02,25.15119827180813,26.01599595793267,25.007065873944278,25.85745048522949,30694161
2019-01-03,25.97275783431283,26.18895726500793,25.468293595671422,25.598012924194336,39807891
2019-01-04,25.626841528579188,26.563704718305004,25.511535264467227,26.47722625732422,34527270
2019-01-07,26.664598211774784,26.866384588655546,26.24661403048856,26.347505569458008,24057507
2019-01-08,26.37633241478277,26.47722559955814,25.95834659920922,26.1889591217041,14104692
2019-01-09,26.26102699963608,26.76549293976625,26.001586666367317,26.62135887145996,18285609
2019-01-10,26.491640282148172,26.80873293217084,26.37633401391002,26.635772705078125,17549421
2019-01-11,26.693422997722127,26.77990144992012,26.44839576808224,26.534875869750977,22185702
2019-01-14,26.49163719269445,26.6790104752816,25.857451966607776,26.4051570892334,15934200
2019-01-15,26.520462045249943,26.56370127012754,25.87186377526173,26.001583099365234,22043667
2019-01-16,26.08806563101196,26.304265074499543,25.48270652945837,25.626840591430664,17562354
2019-01-17,25.71331840471442,25.770970704783224,24.992653107559438,25.13678550720215,23812968
2019-01-18,25.33857373635193,25.4394669184287,24.805281673794948,24.89176177978516,11667606
2019-01-21,25.050307633143348,25.252095649723493,24.70438885358635,24.935001373291016,9151740
2019-01-22,25.064724061046043,25.19444340600524,24.315232496372825,24.54584503173828,19554852
2019-01-23,24.617909536061106,24.71880272285236,24.09903217481568,24.185510635375977,11639016
2019-01-24,24.1999234272642,24.30081660599088,23.75310983606272,23.868417739868164,13418628
2019-01-25,23.983725140134144,24.21433765982205,23.07568648820831,23.162166595458984,17708478
2019-01-28,23.16216768744917,23.37836714103325,22.787422737656524,22.974794387817383,13648203
2019-01-29,23.04686490470196,23.75311568007794,22.945971701152367,23.59457015991211,26089251
2019-01-30,23.738700174313635,24.40170994891339,23.63780533861713,24.214338302612305,23315919
2019-01-31,25.252092496812622,25.36739709279747,24.02696137082588,24.11344146728516,87060927
2019-02-01,24.25757949180116,24.84852558020304,23.99814079167952,24.387300491333008,29213256
2019-02-04,24.358468908422832,24.358468908422832,23.53691040300136,23.868417739868164,11287905
2019-02-05,23.52250107047781,23.983726128867712,22.84507491031286,23.00362205505371,15855786
2019-02-06,23.061274994617268,23.69546029201885,22.571223769015745,23.608980178833008,18884961
2019-02-07,23.63780227654935,23.926068721204576,23.21981815858469,23.536909103393555,16189332
2019-02-08,23.47904859551106,23.68157912408168,23.00165638927594,23.146320343017575,10374135
2019-02-11,23.10291253992692,23.11737876403906,21.960062623982264,22.20599174499512,24270603
2019-02-12,22.23493246957619,23.13185187602673,22.032401960593088,22.48086166381836,26343552
2019-02-14,21.728607907729387,22.119202728025947,20.976352381807235,21.555009841918945,53580390
2019-02-15,21.699676624398197,22.061337349620185,21.45374574191546,21.728609085083008,30063423
2019-02-18,21.85880537485609,22.075802126816196,21.656276507839976,21.786474227905277,12307260
2019-02-19,21.844340178832912,22.278333703283597,21.743074912757493,21.98900413513184,17095686
2019-02-20,22.50979363785762,22.7846569385975,22.075800172360523,22.42299461364746,37576563
2019-02-21,22.33619433579272,22.55319104027833,22.00346616595168,22.408525466918945,14611077
2019-02-22,22.79912226773596,22.929319971140647,22.5676593160046,22.726789474487305,31188135
2019-02-25,22.72679081787234,23.52244662397808,22.307265227782025,23.406713485717773,66028140
2019-02-26,23.00165580363373,23.30545158875476,22.394064233391685,23.059520721435547,45772245
2019-02-27,23.14631872525675,23.941972898556084,23.05951969685684,23.334383010864254,42834909
2019-02-28,23.43564688942649,24.07217085284276,23.16078359158842,23.8696403503418,71638554
2019-03-01,24.01430671771889,24.6797632044484,24.01430671771889,24.59296417236328,34016796
2019-03-05,24.824425882753417,26.372335426135948,24.63636161133576,26.083005905151367,59932653
2019-03-06,26.28553542178771,27.167988523919764,26.05407247587309,26.647197723388672,51195621
2019-03-07,26.835261829307186,26.835261829307186,25.72134571911744,25.851543426513672,34017735
2019-03-08,25.460945581701864,25.750275073159887,25.11375118528432,25.22948265075684,36310506
2019-03-11,25.38861784524166,26.61826545113718,25.258420136120392,26.517000198364254,42558603
2019-03-12,26.67613220550304,27.110125675970973,26.2421387350351,26.386802673339844,45229077
2019-03-13,26.41573581710729,27.29819066482943,25.44648359747645,27.081193923950195,63010848
2019-03-14,27.34159031132351,27.399455227962168,26.37233805764179,26.96546173095703,45891693
2019-03-15,26.922059674627537,27.61644852072295,26.719529180627976,27.471784591674805,63556005
2019-03-18,27.6598517588794,27.818981931964213,27.02332775543262,27.29819107055664,35936859
2019-03-19,27.32712109279526,28.06490863255289,27.037791574590905,27.978111267089844,48370725
2019-03-20,27.963648709495214,28.25297661011768,26.92206363170357,27.052261352539062,54651846
2019-03-22,27.196919914028708,27.31265138245733,26.19873537799928,26.343400955200195,41619885
2019-03-25,26.184277102921843,26.93653270392648,26.039613137343498,26.56040573120117,30160203
2019-03-26,26.690596755525583,26.979924613942703,26.53146494339793,26.73399543762207,20409297
2019-03-27,27.08384082119148,27.46284057696347,26.690266076572257,26.85061264038086,27294354
2019-03-28,27.083841655772805,27.17130326889156,26.719420214001428,26.95265007019043,49917378
2019-04-01,27.34622618360621,28.439492164657583,27.06926635810866,27.95845413208008,65733300
2019-04-02,28.10421753320836,29.67852294389217,28.002180949529,29.401559829711918,106871754
2019-04-03,29.751408300224693,29.795138267719327,28.206259427402323,28.352025985717773,61986711
2019-04-04,28.36660887429632,28.862221895938585,28.01676242585296,28.38118553161621,37349862
2019-04-05,28.61441302737785,28.67271965185312,28.075066741833385,28.220836639404297,20317581
2019-04-08,28.249991011663887,28.410337571370285,27.53572482589225,27.696069717407227,20624223
2019-04-09,27.73979664130127,28.0896413674378,27.171298752805512,27.929296493530277,27228855
2019-04-10,27.856420516967773,28.22084199365283,27.666920615087207,27.856420516967773,21749289
2019-04-11,27.81268453795997,27.84183785118569,27.08384002997697,27.20045661926269,53425362
2019-04-12,27.273340596567152,27.46284047374089,26.821457557300132,27.389955520629883,41529546
2019-04-15,27.594031452555363,27.91472290377673,27.41910990437461,27.696069717407227,20654934
2019-04-16,27.710648249811197,27.885571478023948,27.37538011922969,27.448265075683597,13209351
2019-04-18,27.44826599539857,27.564880928717344,26.865189660613144,26.967227935791016,16277727
2019-04-22,26.79230587462344,26.79230587462344,25.830231441384917,26.063461303710938,22971246
2019-04-23,26.034307910666925,26.19465448315969,25.62615481871249,25.771923065185547,24354744
2019-04-24,25.801078049033407,26.005154595010623,25.50953988789573,25.771923065185547,20413533
2019-04-25,25.815653788911632,26.121768596992663,25.261732470180405,25.378347396850582,48818151
2019-04-26,25.509541466699797,25.81565630461129,25.23258161444058,25.69904136657715,21338169
2019-04-30,25.655307736320008,25.72819269252149,24.86815654847185,25.407501220703125,22789725
2019-05-02,25.30546165414424,26.019729517425656,25.1451167605374,25.728191375732425,24345006
2019-05-03,25.728186923215837,26.034301668788835,25.50953377183385,25.786495208740234,26423517
2019-05-06,25.553268157078197,25.78649967134765,25.422076577183244,25.728191375732425,11389035
2019-05-07,25.946842318819726,26.048880576169665,25.203421206182,25.27630615234375,18255918
2019-05-08,25.27630907827166,25.45123230203206,24.955617613505247,25.33461570739746,15589908
2019-05-09,25.32004398243221,26.55907836119169,25.14512073612164,26.22381019592285,29622102
2019-05-10,26.26753770579004,26.457037593459287,25.888539598643103,26.150922775268555,20809257
2019-05-13,26.150921860690687,26.38415171357689,25.18884746639145,25.33461570739746,18117831
2019-05-14,25.334615246107276,26.18007469856936,25.07223208343561,25.97599983215332,17664834
2019-05-15,25.97600099182592,26.18007586735268,25.815654421108032,25.94684600830078,14422137
2019-05-16,26.09261481150004,26.13634645362777,25.261733629372088,26.019731521606445,12642906
2019-05-17,25.946848534033297,26.93807636558828,25.844810252241484,26.806884765625,20954694
2019-05-20,27.72522266883789,29.182908246978272,27.72522266883789,28.949678421020508,51849138
2019-05-21,29.12460640315382,29.12460640315382,27.85641880790888,28.26457023620605,25111281
2019-05-22,28.57068534076359,29.80972137280293,28.22084218873624,29.474454879760746,45689826
2019-05-23,30.319909395174736,31.38402212282314,29.547336503507086,29.92633628845215,77956989
2019-05-24,30.057520683167304,32.79797528628911,30.02836737220828,32.59389877319336,108593046
2019-05-27,32.5064420489214,34.32855437817561,31.90879238116288,32.943748474121094,68298933
2019-05-28,32.92917483764827,33.43936455004834,32.52102173317492,32.87086486816406,35917173
2019-05-29,33.03121151713141,33.13324812527918,32.06913538696487,32.71052169799805,32644272
2019-05-30,33.818356084076605,33.818356084076605,32.462707043303645,33.060359954833984,105093189
2019-05-31,33.19154990003547,33.51223963999188,31.96709088627664,32.550167083740234,49922292
2019-06-03,32.65221718241968,32.85629376918619,32.258640669628285,32.41898727416992,31057965
2019-06-04,32.3023747135771,33.293601011800305,32.3023747135771,32.98748779296875,28189440
2019-06-06,32.943744733313785,32.98747803997438,30.96129272299413,31.150789260864254,41677017
2019-06-07,31.398600769978,32.06913368936326,30.59687126000985,31.57352066040039,39082830
2019-06-10,31.64640420767389,31.92336401029862,31.005021329333697,31.39859771728516,15825306
2019-06-11,31.50063548333528,32.40440154184248,31.354865580343432,32.20032501220703,23772855
2019-06-12,32.06913178877877,32.33151828162806,31.1216357596122,31.19451904296875,20186847
2019-06-13,31.267403650212824,32.14201633972927,31.25282699447973,32.083709716796875,18529365
2019-06-14,31.9962516709142,32.535598030260495,31.73386848848935,32.3023681640625,24943608
2019-06-17,32.36066985736356,32.725089590961645,31.61725039789612,31.7775936126709,32924067
2019-06-18,31.879639995973303,32.27321645743141,31.704716753504883,32.01082992553711,23424801
2019-06-19,32.22948198701156,32.65221175096826,30.917562720190737,31.36944580078125,32430930
2019-06-20,31.48606050572334,32.346096640110765,31.38402056727273,32.24405670166016,16063953
2019-06-21,32.28778222644938,33.031204998927194,31.76301595819186,32.50643539428711,33804483
2019-06-24,32.60847809796718,33.585130776955104,32.506438164875135,33.45393753051758,42151767
2019-06-25,33.512244107501694,33.61428404044238,32.84170789240161,33.20613098144531,33003267
2019-06-26,33.19155876345185,33.6288651942315,33.089518816865514,33.35190200805664,21223506
2019-06-27,33.67259174289092,33.99328153584451,33.41020857840473,33.512245178222656,51050244
2019-06-28,33.526824178128344,33.84751732987429,32.56475139565688,32.79798126220703,20912469
2019-07-01,33.0166298084671,33.65801268500853,32.01082385723223,32.31694030761719,33367893
2019-07-02,32.36067991588337,32.90002302416902,32.36067991588337,32.68136978149414,14009295
2019-07-03,32.85629140609009,33.191561251801645,32.331524984366425,32.97290802001953,25226940
2019-07-04,33.002050548425984,33.36647359436531,32.75424407828492,33.1186637878418,12187362
2019-07-05,33.308170134392974,33.45394004847481,31.252831361392857,31.60267448425293,30916248
2019-07-08,31.51521363071831,31.99624999604753,29.372411636379407,29.503604888916016,53678784
2019-07-09,29.445296579724104,31.51521540376466,29.15376007993125,31.29656219482422,71879163
2019-07-10,31.325712419235536,31.325712419235536,30.115833228587697,30.27617645263672,24602505
2019-07-11,30.465678933768668,31.25283181017762,30.072102495564188,31.136215209960938,28447611
2019-07-12,31.019598601278453,31.22367512736468,30.407369023019776,30.917558670043945,58318251
2019-07-15,30.83009956137472,30.83009956137472,29.50360377430374,29.98464012145996,30095892
2019-07-16,29.999223510997467,30.66975988342156,29.882606894044585,30.042953491210938,23451318
2019-07-17,30.17413608741912,30.43651921220715,29.76598307713444,30.11582946777344,16754862
2019-07-18,30.26160227483377,30.290755590685368,27.958455290534427,28.14795684814453,43257153
2019-07-19,28.42491447413496,29.139180666090606,27.346225189614053,28.73102760314941,63753267
2019-07-22,28.687294773852805,29.66394402711598,27.929297018870376,29.299524307250977,41161548
2019-07-23,29.430722526498503,29.85344893931974,28.64356965932265,28.818492889404297,30391386
2019-07-24,28.905950254688097,29.21206671408776,27.94387757973559,28.45406723022461,24861369
2019-07-25,28.62899640068747,29.226646114550395,28.337459873525468,28.905956268310547,40596891
2019-07-26,29.12460452603287,29.12460452603287,28.52695157780939,28.760181427001957,21059481
2019-07-29,28.585262250246128,28.65814553730393,26.8651883164263,27.040111541748047,41593818
2019-07-30,27.22961044579159,29.27037410569941,27.185878806937204,28.68729782104492,114516858
2019-07-31,28.395759545271872,30.174138263794227,28.27914296118683,29.94090843200684,68598411
2019-08-01,29.54733869157397,29.678531961118875,28.19168936393821,28.78933906555176,38784582
2019-08-02,28.27914735621228,28.76018375051049,27.47741947631805,27.798110961914062,41095086
2019-08-05,27.681495862036112,27.681495862036112,26.58822981955292,26.967227935791016,70443657
2019-08-06,26.93807434080919,28.48322344244052,26.93807434080919,28.26457023620605,42197172
2019-08-07,28.249995100762156,28.687301536799904,27.46284384953253,27.65234375,33700071
2019-08-08,27.75438171898798,28.395764707090397,27.258766985202787,28.27914810180664,31400160
2019-08-09,28.20626004141437,28.8330662649635,28.133373424287345,28.46864318847656,17455608
2019-08-13,28.46864862812849,28.701878507457405,27.22961426862176,27.47742080688477,22317750
2019-08-14,27.4045346613758,27.987611002727014,26.85061497301788,27.710649490356445,21367104
2019-08-16,27.71064509204329,28.133373120367644,27.4191086358328,28.016759872436523,16438485
2019-08-19,28.10422299902259,28.68729931402221,27.812686509714315,28.526952743530277,20751876
2019-08-20,28.74946912602353,28.882981953855552,27.295677680430884,27.696212768554688,27155040
2019-08-21,27.770394582976763,28.27477048990109,27.147340194519693,27.280851364135746,25750647
2019-08-22,27.547868183600748,27.948401587510418,27.32534905997776,27.681379318237305,35013807
2019-08-23,27.82972375795004,29.951074238915545,27.533031038703832,29.639545440673828,51949131
2019-08-26,30.24776945889034,31.1526804258546,29.72855925025033,30.321941375732425,51918060
2019-08-27,30.262600563647755,31.093339523768748,30.188425259469017,30.75214195251465,27645471
2019-08-28,30.618633487862525,31.019165203493955,30.485120652403747,30.766977310180664,26066439
2019-08-29,30.63346384999408,31.553212506471784,29.891734567412577,31.063671112060547,60333249
2019-08-30,30.855988611098443,31.152683094629296,29.862071258777195,30.52962875366211,26464308
2019-09-03,30.040082337890205,30.7966460163992,29.787894445053876,29.92140388488769,20432799
2019-09-04,29.936237453179707,31.805400118386103,29.936237453179707,31.597715377807617,51820020
2019-09-05,31.74606535308397,32.47296378377961,31.50871519824198,31.99825668334961,46413759
2019-09-06,31.89440970507011,32.48779522452354,31.73123148840289,32.35428237915039,29489361
2019-09-09,32.5471305847168,32.90316255169149,32.26527392482911,32.5471305847168,30785802
2019-09-11,32.547133808153106,33.03667526469766,31.805404431430237,32.027923583984375,28361922
2019-09-12,32.19110661663743,32.69548592774259,31.76090602642378,32.042762756347656,26803833
2019-09-13,32.072429331400166,32.57680521258157,31.271358959216563,32.23561096191406,22195425
2019-09-16,32.932835014522375,33.64489563305909,32.25044316400307,32.42845916748047,53785869
2019-09-17,32.621311104543686,33.36304052633145,31.8795782873829,32.057594299316406,55784604
2019-09-18,32.354285053976874,32.75482022783708,31.345533322419463,31.71639633178711,34163946
2019-09-19,31.953762750260285,31.953762750260285,30.84116660150991,30.94500732421875,20922834
2019-09-20,31.27135555724889,32.91799927751839,30.766979730937837,32.07242584228516,63740280
2019-09-23,32.71031406271769,34.31245121528647,32.16143169841891,33.363037109375,60392520
2019-09-24,33.37786698291991,33.600386096139374,32.7844815492106,33.18501663208008,33511350
2019-09-25,33.08117145034914,33.096009226409706,32.01308245929121,32.324607849121094,18553128
2019-09-26,32.265273429252005,33.170184319760224,31.835069557170485,32.932830810546875,24021438
2019-09-27,32.76964525149533,33.00699873202305,31.99824728862325,32.08725357055664,18383574
2019-09-30,32.146597841688966,32.30977945486888,31.18234933679194,32.13176345825195,23611185
2019-10-01,32.22077321667237,32.99217134300998,31.34553101070172,31.79056930541992,30449868
2019-10-03,31.50871351555383,31.805404588634868,30.94499674178974,31.2713565826416,20914977
2019-10-04,31.44937143865678,31.89440972974802,30.930161230841232,31.137845993041992,26160762
2019-10-07,31.182352313310204,31.5235465603031,30.70764520726693,30.9598331451416,18641931
2019-10-09,31.15268151155832,31.642222970522525,30.870824822362685,31.2713565826416,20174292
2019-10-10,31.182351745188285,31.58288691966889,30.82631972445597,31.34553337097168,13718334
2019-10-11,31.36036901843767,31.568053806332827,30.855989736193354,31.167518615722656,18654189
2019-10-14,31.33069076150549,32.68063977638847,31.301018604756468,32.324607849121094,33280899
2019-10-15,32.62130665369814,32.97733523361566,32.08725869076303,32.78448486328125,25630197
2019-10-16,32.932834475186915,33.4075415464372,32.680646555796,33.214691162109375,31470330
2019-10-17,33.21468588955819,33.674558504041805,33.12567960109256,33.58555221557617,24550347
2019-10-18,33.511386172845185,35.89975595168156,33.496548393465446,34.57947540283203,77943672
2019-10-22,34.653642082679504,35.024504985806715,34.01575354322453,34.22343826293945,28561275
2019-10-23,34.223444465886814,34.57947305323346,33.615224576813326,33.808074951171875,32842875
2019-10-24,33.956420481733915,34.47563065152696,33.40753815205137,34.401458740234375,21415911
2019-10-25,34.416297103648866,34.78716353034543,34.01576530144946,34.623985290527344,22725063
2019-10-27,34.653648848458886,34.846499225515714,34.49046723781501,34.6091423034668,2065533
2019-10-29,34.80199570822963,35.721741128537744,34.6239830942652,35.21736526489258,27978864
2019-10-30,35.57339508521511,36.22611814886685,34.92067202156337,35.410213470458984,28093326
2019-10-31,35.55855935399682,35.72173756719588,34.90583631508271,35.05418014526367,23706222
2019-11-01,35.24702986939527,36.12227203280104,35.039345115602075,35.721736907958984,25696773
2019-11-04,35.91458453474261,36.226113339314495,35.3212024795651,35.4547119140625,32659980
2019-11-05,34.208609620274714,34.38662221385441,33.11084831633705,33.40753936767578,62888307
2019-11-06,33.36304878522214,33.37788317360771,32.0872710118201,32.45813751220703,50423022
2019-11-07,32.50262282994586,32.71030754867654,31.95374397032533,32.30977249145508,26145681
2019-11-08,32.23561167961611,33.46688263995736,32.23561167961611,32.47296524047852,40157721
2019-11-11,32.38394723774541,32.680641659353604,31.96857776379177,32.29494094848633,22302711
2019-11-13,32.280111434136955,32.51746496998829,31.805404362434285,32.369117736816406,26958765
2019-11-14,32.4729623195066,32.90316624650495,32.280111932020496,32.42845916748047,17998971
2019-11-15,32.54713489460562,33.33337084438283,32.51746612599107,33.00700759887695,16088199
2019-11-18,32.94766964083619,33.31853603452713,32.502631326556205,32.60647201538086,17733186
2019-11-19,32.56196225635855,33.22951959233428,32.517459113034604,33.066341400146484,11950386
2019-11-20,33.21469123198063,33.452044768105075,32.75481854352872,32.873497009277344,20834538
2019-11-21,32.81415931838993,33.03667849268625,32.54713698830898,32.75482177734375,12233283
2019-11-22,32.69548441599784,32.873500435487934,32.04276127478294,32.47296524047852,17271447
2019-11-25,32.14659924762914,32.324615252031656,31.123013164217237,31.67189216613769,33287655
2019-11-26,32.0279204808375,32.28010837658164,30.440617799126187,30.603796005249023,31860954
2019-11-27,30.707645780855792,31.00433687883148,30.440623453140365,30.574132919311523,12796782
2019-11-28,30.57414080951063,31.22686410980245,30.336787190802152,30.94500732421875,22439826
2019-11-29,31.01916838182801,31.271356300981363,30.455455008514093,30.588964462280277,14661717
2019-12-02,30.648305392660266,30.737311695171048,29.891738239827387,30.588964462280277,20186343
2019-12-03,30.485123571839555,30.618636420084314,29.802731737708875,29.965909957885746,26022180
2019-12-04,30.025252361835143,30.2032683697762,29.69888911471439,30.04008674621582,18411348
2019-12-05,30.203265295728745,30.64830357259951,30.09942122026018,30.277437210083008,19073526
2019-12-06,30.41094923227364,30.855987546847132,30.11425815434893,30.455455780029297,24794031
2019-12-09,30.499957495628003,31.152680552612345,30.277438348823623,30.410947799682617,18155055
2019-12-10,30.514793328653717,30.529627712787192,29.001662379428552,29.58021354675293,35565381
2019-12-11,29.87690618558784,29.87690618558784,28.645635261322035,29.209348678588867,39852759
2019-12-12,29.46153238060785,29.50603892430584,28.97199095828308,29.313188552856445,32591919
2019-12-13,29.609876723328927,30.025246191371497,29.224176017950505,29.669214248657227,28292490
2019-12-16,29.78789494827256,30.35160827228329,29.520869273349057,29.98074531555176,19226304
2019-12-17,29.98074548519353,30.099420545499928,29.669216661144205,29.72855758666992,12393666
2019-12-18,29.77306369961982,29.89173877174601,29.56537892802613,29.802732467651367,13404162
2019-12-19,29.743390021118262,29.90657163235233,29.520870876843706,29.69888687133789,10160163
2019-12-20,29.7137202831578,29.78789559240608,29.22417886083303,29.313188552856445,10121097
2019-12-23,29.283520760717717,29.68405250433312,29.224179832272032,29.32802391052246,22862667
2019-12-24,29.32802179572138,29.60987845286652,29.224177724959,29.550540924072266,11035944
2019-12-26,29.55054305491888,29.87690288219304,29.179676682467285,29.32802391052246,22525710
2019-12-27,29.46153507831221,30.188430086971383,29.417031925911765,29.58021354675293,17607090
2019-12-30,29.71372214786144,29.90657253141328,29.55054392709454,29.65438461303711,9577833
2019-12-31,29.72855996757237,30.262604572466785,29.5505439674833,29.684053421020508,22468632
2020-01-01,29.758224955205385,29.95107531452541,29.491199291302355,29.71371841430664,15438294
2020-01-02,29.862066700391416,30.796646371493942,29.63954756939689,30.603796005249023,26262750
2020-01-03,30.618641702612525,30.826323109577277,29.77306810704832,29.95108413696289,21950223
2020-01-06,29.52087075126072,29.9362402715226,28.378607965913226,28.764307022094727,36402729
2020-01-07,29.17967975349343,29.37253015164996,28.27476869740181,28.586294174194336,33298260
2020-01-08,28.200592415171105,28.82364500766494,28.02257811632417,28.31926918029785,20424309
2020-01-09,28.779142379760746,28.85331429825732,28.423112077918,28.779142379760746,41681037
2020-01-10,28.779139072377127,29.25384608694605,28.779139072377127,28.83847999572754,23088681
2020-01-13,29.135171383663447,29.44669680469136,28.942321020028096,29.075830459594727,28538664
2020-01-14,29.32802284771905,29.728557972192352,29.061000563194373,29.62471389770508,21417702
2020-01-15,29.72855795560492,31.048834994760977,29.52086980674625,30.81148147583008,39241374
2020-01-16,31.44936836638768,31.82023470452491,30.959826973084844,31.37519645690918,54250446
2020-01-17,31.330702658175404,32.32462012319422,31.06368030901911,32.22077941894531,33279852
2020-01-20,32.339443092248985,32.339443092248985,30.75214054864773,31.15267562866211,28115967
2020-01-21,30.855989736193354,31.44937532951854,30.81148658065292,31.167518615722656,17126625
2020-01-22,31.167520783194654,31.167520783194654,29.669224008192582,29.95108413696289,46807380
2020-01-23,29.995577834653687,31.01916374190853,29.71371779478522,30.010412216186523,64975338
2020-01-24,30.069750472464797,30.752142225661807,30.054916090571755,30.218097686767575,20621760
2020-01-27,30.173601666267245,30.707646331270507,29.965913479976543,30.158763885498047,24177363
2020-01-28,30.14392369311483,30.277436531332043,29.49120067531209,29.72855758666992,32134050
2020-01-29,29.936240049896508,30.01041536070513,29.58021146043115,29.832399368286133,28345554
2020-01-30,30.04009187817034,30.69281508854808,29.75823513141304,29.89174461364746,33639177
2020-01-31,28.556623796236355,29.372528497399514,26.67262816832507,26.8951473236084,169747995
2020-02-03,25.21883435483639,25.945730993469244,23.95789314640045,24.77379608154297,76345218
2020-02-04,25.085327470431945,25.841893002989348,25.055658699892675,25.174335479736328,44426844
2020-02-05,25.218835747641705,26.153417191785447,25.08532459781728,25.782550811767575,45829710
2020-02-06,26.064411371608628,26.10891452604169,25.41168825380461,25.81222343444824,31688880
2020-02-07,25.841887878695168,26.1089101559728,25.57486560141753,25.975399017333984,30367869
2020-02-10,26.064408813823164,26.064408813823164,25.471024991180435,25.66387367248535,37802355
2020-02-11,25.90513546250949,26.297179782377253,25.724190868345577,25.844820022583008,40352259
2020-02-12,25.754348792786264,25.82974266441488,25.18135985500937,25.3321475982666,23629242
2020-02-13,25.332141464289027,25.784501133294185,25.07580305306829,25.69402885437012,25245033
2020-02-14,25.709113631391592,25.859899649773464,24.925023229697747,25.045652389526367,28646769
2020-02-17,25.060727739049376,25.196435302132837,24.276635762088755,24.42742347717285,36810129
2020-02-18,24.35203279662297,25.30198758775458,23.99014533931643,24.970258712768555,45656493
2020-02-19,25.105965904983776,25.603560935376898,24.713919871424537,25.54324722290039,29175999
2020-02-20,25.528169375453142,26.26702449934902,25.28691277813582,26.10116004943848,38155335
2020-02-24,25.844816002125736,25.844816002125736,24.50281536008431,24.713916778564453,25592289
2020-02-25,24.789311344773957,25.27182790047161,24.789311344773957,24.879783630371094,17040831
2020-02-26,24.75915587074705,24.940098726406102,23.91475012562009,24.216323852539062,19537644
2020-02-27,24.27664001664173,24.35203388739678,23.266369741232683,23.356842041015625,42868818
2020-02-28,23.085424696120057,23.085424696120057,21.96960379684208,22.30133438110352,52332150
2020-03-02,22.919561496490715,23.19097840531025,21.71326987601161,21.99976348876953,27625068
2020-03-03,22.13546685450764,22.663220416224025,21.78865786412696,22.46719741821289,57863331
2020-03-04,22.52751879601804,22.678304828183204,21.27599006988458,22.572755813598636,61044003
2020-03-05,23.07035079272253,23.07035079272253,21.909292657310424,22.045001983642575,46784883
2020-03-06,21.38153427365638,21.758500101637075,20.853780733991208,21.562477111816406,29644698
2020-03-09,21.07996130453294,21.26090587456257,20.40142175534477,21.0196475982666,51248196
2020-03-11,20.959334587077365,21.15535760631321,20.38634568329341,20.76331329345703,36373143
2020-03-12,19.949062898898223,20.130007476574256,18.818163602461468,19.79827690124512,71924844
2020-03-13,18.094388383673422,21.27598477772062,18.094388383673422,21.0799617767334,65882406
2020-03-16,20.657762915295308,21.09504428253468,19.60225729736229,19.87367248535156,41016261
2020-03-17,19.90382677618624,21.53232100399172,19.858591496486486,21.0196475982666,37733433
2020-03-18,21.07996585261357,24.17109055729838,20.25064013321416,22.557674407958984,98464686
2020-03-19,20.82363029653819,21.864057544707432,18.968953986169232,19.466550827026367,60526506
2020-03-20,19.602255435711815,21.71326819670805,19.451469426217628,21.502166748046875,55460706
2020-03-23,19.617338056630164,20.40142857968023,17.23490962425925,17.92852783203125,24523071
2020-03-24,18.697539163725857,19.14989899611935,16.888099834151877,17.626955032348633,27422100
2020-03-25,17.430929536685685,19.10466102723373,17.069042066581787,18.90863800048828,18227226
2020-03-26,19.07450133605289,20.642682007709794,18.42612030354541,20.31095314025879,37021584
2020-03-27,22.316408617647,23.145734059743894,20.733149857343307,22.06007194519043,47228853
2020-03-30,21.90928560818122,22.889398810217745,21.32121837720539,21.89420890808105,46529544
2020-03-31,22.602909471026457,22.859246207057147,21.894212977004884,22.45212173461914,21484521
2020-04-01,22.256098587638714,22.99495187725852,20.326028836791995,20.823625564575195,28985310
2020-04-03,21.63787329922734,21.683108582237814,20.65775997012804,21.09504127502441,27952953
2020-04-07,21.954523735504747,22.014837441455672,20.65775835017627,20.80854606628418,37884333
2020-04-08,20.80855025330825,21.502168365003108,19.63241549445448,20.024459838867188,50097555
2020-04-09,20.326031841172476,21.547403611842,20.220482834724542,21.15535926818848,29167602
2020-04-13,22.014841863704707,22.16562961010223,21.14028087243106,21.260910034179688,29985114
2020-04-15,21.713271249137374,22.09023718867409,20.77839302712574,20.9894962310791,34458015
2020-04-16,21.260907569694723,21.77358101629529,21.17043527746655,21.411693572998047,70586814
2020-04-17,21.86405420620224,22.04499879808768,21.306143727773566,21.502166748046875,59145438
2020-04-20,21.803739548321172,23.31160475480331,21.547401099983013,22.72353744506836,104546547
2020-04-21,22.602906921428144,23.2362094758098,21.80373822083118,22.88940048217773,62019870
2020-04-22,22.90448090458112,23.43223451722659,22.587828736993835,23.10050392150879,31721535
2020-04-23,23.130660925163134,23.854437559348334,22.829088909400177,22.91955947875977,39150099
2020-04-24,22.6481470949846,23.43223753816662,22.120395139915576,22.482282638549805,72877884
2020-04-27,22.678305188289187,22.87432824114757,22.06008089354111,22.210866928100582,21745512
2020-04-28,22.39180657687676,22.467198714604116,21.9243684205055,22.090232849121094,14137194
2020-04-29,22.301330192868978,22.346567192818146,21.75849827278469,22.06007194519043,29327631
2020-04-30,22.34657090697281,22.452119897961936,21.51724360142088,21.743423461914062,51318042
2020-05-04,21.275982591734063,21.32121786779944,20.20539713536845,20.34110641479492,36058335
2020-05-05,20.68792010578777,20.68792010578777,19.64749126220383,19.722885131835938,25048227
2020-05-06,19.692728075443974,19.858594241837185,18.92371613492896,19.195131301879883,31888788
2020-05-07,19.11973644372999,19.406231724266856,18.86339974182853,18.893556594848636,26103246
2020-05-08,19.14989346790219,19.225287326741576,17.943600354548593,18.003915786743164,39644082
2020-05-11,18.245176274230207,18.69753603082778,17.89836724254644,18.139625549316406,43531365
2020-05-12,18.003917182189404,18.456276919056556,17.4158498693852,18.26025390625,40166454
2020-05-13,19.421308498974955,20.08477134724587,18.772927528502017,19.8133544921875,84071691
2020-05-14,19.43639133714415,19.75304179004838,19.07450214705552,19.195131301879883,33954891
2020-05-15,19.014188492151927,20.748233676706384,18.7729301817457,20.431581497192383,100684062
2020-05-18,21.411696546348413,21.65295487538242,19.300683578877333,19.45147132873535,128706990
2020-05-19,19.768115065990933,20.0998438321211,18.59197905867101,18.78800201416016,63288999
2020-05-20,18.8784768013244,19.360993317167598,18.60705996695122,19.059419631958008,50209938
2020-05-21,19.42130653145103,19.72288020909244,18.818160901783337,18.99910545349121,61140009
2020-05-22,18.84831881575188,19.16497093630645,18.54674684670344,19.014184951782227,34434273
2020-05-26,19.1649735545178,19.692727160874156,19.10465984271448,19.60225486755371,32415078
2020-05-27,19.617333108635645,20.235559002423404,19.3609963846824,20.09984970092773,48061671
2020-05-28,20.190322794134413,21.23074988463336,19.96414291682527,21.00457000732422,70314837
2020-05-29,20.80854463559827,21.24582587613852,20.506970949732366,20.868858337402344,40149138
2020-06-01,21.110119183775907,21.41169290661227,20.868860895752977,20.929176330566406,47417268
2020-06-02,20.98949330453453,21.23074988463336,20.702997987989043,21.00457000732422,21847401
2020-06-03,21.200593686269038,22.37673012017422,20.959335373061705,22.195785522460938,72952329
2020-06-04,22.19578328275925,22.5576707160534,21.62279441530633,21.954524993896484,30651105
2020-06-05,22.135468226165084,22.421963527597185,21.96960379684208,22.30133438110352,28620174
2020-06-08,22.678302264504453,23.341763492015147,22.361650079699498,22.51243782043457,45790467
2020-06-09,22.723538644096404,22.96479695181452,21.879132841467456,22.02992057800293,35356647
2020-06-10,22.21086455943049,22.48228146343135,21.637875618471725,22.15055084228516,28261539
2020-06-11,22.27117771266502,22.527514435411945,21.20059208723773,21.30614280700684,31884348
2020-06-12,20.32603004186112,21.788660006167223,20.32603004186112,21.683109283447266,42305706
2020-06-15,21.698191660304055,21.87913454235138,20.94425809586249,21.396617889404297,27797562
2020-06-16,21.969603981093943,21.984682408830174,20.86886150019417,21.30614280700684,31937172
2020-06-17,21.456927884599303,21.95452460651221,21.30614188812452,21.607715606689453,35644017
2020-06-18,21.698189220558053,23.296526747939826,21.60771692689927,23.1758975982666,100177014
2020-06-19,23.356838014832302,24.57820953732657,23.05526603502739,24.140928268432617,85894965
2020-06-22,24.6988395010377,25.00041321655153,24.18616608284107,24.51789665222168,68067777
2020-06-23,24.683757221608253,25.256745983725065,24.276632855486927,25.12103843688965,66445521
2020-06-24,25.36230018606875,25.81465988843913,24.744076064783044,24.879783630371094,69841656
2020-06-25,24.71391705638738,25.618636445406864,24.427423503526036,25.241670608520508,60786960
2020-06-26,25.618640936718247,26.07100071053308,25.271831891834584,25.72419166564941,46124379
2020-06-29,25.61863686212964,26.749536116799643,25.42261559010474,26.402727127075195,69975135
2020-06-30,28.07646567347758,28.40819632285811,26.538441596748207,26.734464645385746,186678036
2020-07-01,26.73445808741128,26.930481087964285,26.4027275194044,26.749536514282227,35384595
2020-07-02,27.126504141324897,27.29236856284356,26.68922285875478,26.85508728027344,27362040
2020-07-03,27.443154113491083,29.53908993103217,27.29236812131212,29.31291007995605,205331484
2020-07-06,29.614489996017948,31.22790623898772,29.252600756878447,30.820781707763672,132074268
2020-07-07,30.66998090336128,31.18265417368113,30.066833646306947,30.775529861450195,93081504
2020-07-08,30.458893387230003,31.78581603578457,30.323187506883624,31.227907180786133,68150529
2020-07-09,30.941410882032525,31.046959891020503,30.00653097483924,30.112083435058597,54329937
2020-07-10,30.11207640449303,30.6096713760064,29.65971671198441,30.06684112548828,36404634
2020-07-13,30.368411408030365,30.564434390671405,29.463692073521177,29.7049503326416,32371863
2020-07-14,29.9462141901441,30.202550922679272,28.81531653620385,29.282752990722656,57521871
2020-07-15,30.00652314384597,30.03668344691707,28.77007496222792,28.981176376342773,37963695
2020-07-16,29.10180975710397,29.17720535341161,28.39311496530731,28.48358726501465,36942912
2020-07-17,28.468506311978203,29.68987800973468,28.362957311831305,29.554168701171875,30369327
2020-07-20,29.55416829291417,30.12715892520392,29.041494825391943,29.17720413208008,34037145
2020-07-21,29.43354390184564,30.39857722289464,29.131971851825675,29.93113899230957,42519072
2020-07-22,30.127157158273796,30.14223558577358,29.10180683213416,29.524009704589844,26700693
2020-07-23,29.554169828306662,31.212824646578508,29.4184639657994,30.9112491607666,63984771
2020-07-24,31.046954776602057,31.55962820969571,30.51920291613687,30.80569648742676,68255931
2020-07-27,30.98663782751519,30.98663782751519,29.62955879857292,29.97636604309082,34955964
2020-07-28,29.312912970707863,29.91605699890399,28.755000775710823,29.11688995361328,64748145
2020-07-29,29.116885423648277,30.217627763016047,29.10180354662036,29.34306526184082,52234014
2020-07-30,29.493851407328588,29.659717552946148,28.634369002561904,28.8454704284668,36716154
2020-07-31,28.89071017427084,29.17720550388568,28.2724859533776,28.90579032897949,44032875
2020-08-03,28.95102720773734,29.916060527666883,28.66453186237345,29.192285537719727,31139499
2020-08-04,29.53909313224316,30.458887611653303,29.2224392356818,30.27794647216797,51828114
2020-08-05,30.44381263459387,30.83585522137644,29.81050829270217,30.27794647216797,34169139
2020-08-06,30.277941585038764,30.56443512754561,29.73510790050792,29.87081718444824,20002308
2020-08-07,29.946210625006454,30.383491896457816,29.659717069954723,29.916053771972656,23311572
2020-08-10,31.800889179990943,34.34918130760741,31.484235310395487,32.660369873046875,197460327
2020-08-11,32.99210790006008,33.27860151417324,31.740577533767294,31.92152214050293,64308066
2020-08-12,31.951671568535637,33.534930469588346,31.770727003883508,33.36906433105469,86740731
2020-08-13,33.474620215154914,34.80154255772157,33.067495765535234,34.51504898071289,89867817
2020-08-14,34.68090979456461,35.72133850340613,33.03733710923964,34.12300109863281,102780930
2020-08-17,34.6507470592548,34.665825483545945,33.14288047152967,33.41429901123047,45730728
2020-08-18,33.47461711726711,34.138078227150835,33.0825711316016,33.68571853637695,44837076
2020-08-19,33.972225355731354,34.71107888558168,33.7158885576703,33.866676330566406,50101056
2020-08-20,33.474621370834505,34.07776540101987,33.06749690715924,33.746036529541016,34004268
2020-08-21,33.926977758136,34.22854974335366,33.41430434789678,33.80634689331055,29551281
2020-08-24,33.47461224152306,34.6809034241409,33.35398139764625,34.56027603149414,53662929
2020-08-25,34.726143870052674,34.967405593750634,33.5650877866976,33.896820068359375,43986726
2020-08-26,33.95713581996488,34.138080398027,33.35398837683475,33.715877532958984,36546204
2020-08-27,33.73095358629078,33.9722118563175,33.112727759433966,33.26351547241211,27418104
2020-08-28,34.36425794511607,34.60551621588552,33.41430328825944,33.79126739501953,48606249
2020-08-31,33.92698191779475,34.10792651160253,31.665183123275096,31.99691200256348,42730581
2020-09-01,32.26831643542157,32.78099318923576,31.484228058012093,32.554813385009766,34287075
2020-09-02,32.55482476362595,33.08257667420401,32.04214783062007,32.87147521972656,17392587
2020-09-03,33.022266487247514,33.27860325552314,32.50959295069627,32.70561599731445,26656869
2020-09-04,31.8159684596685,32.72068800736014,31.770733172530157,32.08738708496094,29954895
2020-09-07,32.23817106641754,32.61513869141953,31.574713292285388,31.84612846374512,19157754
2020-09-08,31.99690912201772,32.147696845154606,30.639829967477997,30.956483840942383,30300756
2020-09-09,30.549362556941325,31.19774534674121,30.066845934585853,30.473970413208008,34565667
2020-09-10,30.65490615436014,30.97156000468297,29.85573921796975,30.639827728271484,23708142
2020-09-11,30.760465244599704,30.98664513610412,30.54936378244684,30.835857391357425,14088816
2020-09-14,31.96675521598245,33.06749775857427,31.484238598918022,32.283409118652344,53551527
2020-09-15,32.405637289625155,32.69592732130671,31.763944271584798,32.023677825927734,26941557
2020-09-16,32.08479269932217,32.237575095151875,31.25975377398222,31.611160278320312,14635695
2020-09-17,31.32086598589214,32.054235456257004,31.29030950745441,31.64171600341797,21721305
2020-09-18,31.77921560797546,31.96255794932573,31.22919208088894,31.748659133911133,27984618
2020-09-21,31.687546550160103,31.718103024575804,29.05965128380214,29.426332473754883,40827702
2020-09-22,29.44160527805597,29.51799994696233,27.80680971973708,28.173494338989254,48561300
2020-09-23,28.433235195395905,29.181879365503832,28.219336361512983,28.677690505981445,48748803
2020-09-24,28.17349707421784,28.402674109259216,27.394294805380746,27.638750076293945,30841869
2020-09-25,28.08182498954332,28.84574724897325,27.913762651982964,28.50962257385254,19431048
2020-09-28,28.723520891652825,30.037470173606604,28.677686183507387,29.77773666381836,21869313
2020-09-29,30.15970219777409,30.343041046397047,28.967980448420803,29.33466339111328,27336762
2020-09-30,29.334661286250206,29.47216890981516,28.692964871220656,29.25826835632324,14189412
2020-10-01,29.41105191687083,29.823571282875687,29.029090771353687,29.365217208862305,12637821
2020-10-05,29.45688969904644,29.548562621594684,28.90686615161469,29.395776748657227,11784675
2020-10-06,29.518003618682098,29.640229508993936,28.92214191251949,29.25826835632324,19176597
2020-10-07,29.28883228071059,29.47217464884419,28.69297045851757,28.769363403320312,13131330
2020-10-08,29.029097361943656,29.12076854725521,28.295731376416096,28.586021423339844,13561056
2020-10-09,28.47906586424546,28.738801124762347,28.05127000574163,28.35683822631836,12672492
2020-10-12,28.433237280142208,29.029097361943656,28.295731376416096,28.586021423339844,21410115
2020-10-13,28.586018860541937,28.70824651383856,27.80681647797455,27.95960235595703,19966965
2020-10-14,28.09710787016162,28.647133176853657,27.8526525668501,27.97488021850586,22321728
2020-10-15,28.03598851433734,28.24988730633469,26.84426867147433,27.012331008911133,15857307
2020-10-16,26.798436573984308,27.91376534861696,26.798436573984308,27.806814193725582,21800793
2020-10-19,27.929044860874967,28.097108981349663,27.027616549944785,27.51652717590332,22512567
2020-10-20,27.24150871150205,27.837370396185108,27.210952240025584,27.48596572875977,14685903
2020-10-21,27.50124380189088,28.356837237546998,27.241508550430662,28.23460960388184,28952280
2020-10-22,28.21933028606612,29.074923688911557,28.005431498234284,28.44850730895996,28783392
2020-10-23,28.677687946259454,28.79991559064239,28.158219146270365,28.295726776123047,17663049
2020-10-26,28.295724462260075,28.34155916947477,27.210952240025584,27.48596572875977,18531900
2020-10-27,27.470685543824764,27.63874963268136,27.10400264334036,27.40957260131836,12329295
2020-10-28,27.409577136370444,27.51652655193396,26.798438867780547,26.966501235961918,13325832
2020-10-29,26.783154961551112,27.165117853443263,26.385915582222424,26.47758674621582,16816755
2020-10-30,26.553977379064925,27.45540901603792,26.416471510147076,26.584535598754883,27632397
2020-11-02,26.84427643235678,27.37902356694958,26.66093405807283,27.08873176574707,14246079
2020-11-03,27.14983737427937,27.623469642549203,27.14983737427937,27.31789970397949,10505982
2020-11-04,27.577636806399838,27.608195028201276,26.859549192502968,27.165119171142575,10174500
2020-11-05,27.317903546075907,28.55545996058384,27.210954139958822,28.38739585876465,21741264
2020-11-06,28.14294361856355,28.57073951426769,27.959601271488776,28.24989128112793,20163741
2020-11-09,28.876311074154398,28.99853872933136,28.035993977770165,28.43323516845703,24865398
2020-11-10,28.417953657185144,29.411053022561077,28.127661916771714,29.15131950378418,31640469
2020-11-11,29.319385337009013,29.762461217879665,28.876309456138365,29.242992401123047,24266727
2020-11-12,29.36522270881162,29.487448619726614,28.723526185613736,28.79991912841797,32573475
2020-11-13,28.692963994933372,29.71661978288896,28.341559325572597,29.548559188842773,23221539
2020-11-14,29.701347714410225,29.701347714410225,29.456888925345368,29.51800537109375,2843181
2020-11-17,29.808296538222663,29.86940948939199,29.2582712352875,29.3804988861084,13608048
2020-11-18,29.380498112460334,30.037472811124584,29.242992227467912,29.50272750854492,31608804
2020-11-19,29.487450394283982,33.07789269492061,29.242996809260397,31.504209518432617,127231584
2020-11-20,32.130615622280594,33.58206883159466,31.931995083654652,33.108436584472656,111976335
2020-11-23,33.16956601167554,33.32234841126907,31.93200759317815,32.39036178588867,32719695
2020-11-24,32.390353849113524,33.276505537477554,32.390353849113524,32.90982437133789,32900253
2020-11-25,33.00149185552275,33.734857641808254,32.35979548116147,32.65008544921875,37300935
2020-11-26,32.818157974572,33.39874155695943,32.65009384585922,33.276512145996094,28747059
2020-11-27,33.44457967528423,34.77380760696019,33.322350251892864,33.948768615722656,42740469
2020-12-01,33.94875987824689,34.46822692579208,33.70430459134538,34.16265869140625,32351613
2020-12-02,34.22377815636696,35.14048653106398,34.08627399834137,34.697410583496094,48411381
2020-12-03,34.86546827927552,35.69050706292496,34.789077094479936,35.140480041503906,48553872
2020-12-04,35.41548649844484,36.05718284549362,34.95713246440482,35.369651794433594,46007778
2020-12-07,35.40021009955057,35.67522183484333,34.941856041741325,35.12519836425781,26587011
2020-12-08,35.30853816504149,35.4613240057206,33.94875432419212,34.575172424316406,36642735
2020-12-09,35.369651135211306,37.43224424994863,35.07936118492008,35.73633575439453,147504747
2020-12-10,35.69050353625481,35.69050353625481,34.36127607037033,34.95713424682617,38748615
2020-12-11,34.95713650980825,35.56827645824017,34.63629004763589,35.033531188964844,41079909
2020-12-14,35.33909484279802,36.43914520887374,35.201590732640874,36.22524642944336,75008775
2020-12-15,35.873845730157406,36.45442922264382,35.81273278262123,36.13357925415039,32266752
2020-12-16,36.36276512347437,36.88223579441237,35.85857619009097,36.08775329589844,38725125
2020-12-17,36.05719265921567,36.92806626031099,35.38493965985828,36.76000213623047,56242236
2020-12-18,37.11140178036596,37.4933646745842,36.22525010383663,37.05028533935547,97760322
2020-12-21,36.88222560729159,37.64614791666092,33.35289705450204,34.208492279052734,86979072
2020-12-22,34.20850145562955,34.86547628664842,32.49731404445897,34.3001708984375,73882653
2020-12-23,34.59045352456703,35.43077047247831,34.37655472867987,35.277984619140625,39047973
2020-12-24,35.4918872424592,36.103023727786685,34.92658197202226,35.10992431640625,28256172
2020-12-28,35.50715615568296,35.614103788593646,34.80434693423666,35.018245697021484,28341882
2020-12-29,35.20159453604054,35.507162755257845,34.819631639295835,35.0640869140625,20782080
2020-12-30,35.140476569183335,35.23214947884388,34.65156604087353,34.95713424682617,18996630
2020-12-31,35.35437836376108,36.89750475390146,35.262708943282426,36.65304946899414,112170381
2021-01-01,36.97389598237604,39.11288060214456,36.85167008825658,38.62397003173828,201696168
2021-01-04,39.41845221664564,40.27404746084856,38.77675578349344,40.12126159667969,105614565
2021-01-05,39.72402273958869,40.71712217156497,39.41845449058778,40.182376861572266,64361523
2021-01-06,40.33515865817996,41.37409269796436,39.61707107257272,40.686561584472656,74098809
2021-01-07,41.06852282592624,41.25186514819991,40.121258240636834,40.25876235961914,46011027
2021-01-08,40.65600885030387,40.8699076717427,40.19765473250128,40.365718841552734,19906347
2021-01-11,40.57961892686416,41.419936001329134,39.5865194730161,41.129642486572266,42426342
2021-01-12,41.2365871216941,41.54215532905585,40.76295482664961,41.08380126953125,32608233
2021-01-13,41.114360735468665,42.07690712815636,40.47266780296248,40.96157836914063,38455479
2021-01-14,41.17547551882728,43.08528665580184,41.11436256956984,42.519981384277344,94302666
2021-01-15,42.382479693151645,42.62693500124646,40.45739020781984,40.77824020385742,44817729
2021-01-18,40.90045770990872,41.32825528546123,39.20454913972056,40.80878829956055,53634528
2021-01-19,41.11436241827848,42.22969122294458,40.9768582829552,41.87828826904297,64391526
2021-01-20,41.96995690062275,42.45886747758629,41.22131279820759,41.4046516418457,39771243
2021-01-21,41.71022327518128,42.10746442937348,40.426830391005375,40.91574096679688,31082454
2021-01-22,40.79351844141753,41.40465496316276,39.999036067398336,40.44211196899414,30823161
2021-01-25,40.86990214913349,41.1754703540567,39.38789233374739,39.93791580200195,22702206
2021-01-27,40.0295864957845,41.06852402092333,39.96847355223635,40.54905700683594,55897923
2021-01-28,40.029593235477066,41.16020386326053,39.6781902539462,40.0907096862793,49918659
2021-01-29,39.96848066492055,41.63383315171774,38.80731704604782,39.73930358886719,77617473
2021-02-01,39.7240224572794,41.190757735381766,38.3795165760874,40.85462951660156,47400000
2021-02-02,41.17546981391418,41.80188794790511,40.15181406782325,40.79351043701172,32215686
2021-02-03,41.00741895025235,43.14640385777069,40.9921407114321,42.50470733642578,63440358
2021-02-04,42.70332264406159,43.32974084892829,41.878287359154406,43.07000732421875,55032168
2021-02-05,43.39084757155954,43.75753219911024,42.382470091240776,42.84082412719727,29863140
2021-02-08,43.58159785727121,44.13716923360149,43.05689116493299,43.44270324707031,31927191
2021-02-09,43.65875741233202,43.82851315217528,42.40871668006897,42.57847595214844,48306774
2021-02-10,42.87169138830775,43.93654044502436,42.70193212634853,43.16490936279297,33662136
2021-02-11,42.99515606206501,43.365535752803424,41.54449138227795,41.791412353515625,35392794
2021-02-12,41.93030562764034,42.28525296728788,41.40559902177733,42.05376434326172,24806265
2021-02-15,42.3932847450478,42.57847635888207,41.606224801547455,42.007469177246094,23422254
2021-02-16,42.00748060489953,42.73281491742232,40.91177002842405,41.09695816040039,48715293
2021-02-17,40.77286638438535,43.1340498675174,40.77286638438535,42.93342590332031,46231716
2021-02-18,43.01059494383185,44.414959285171065,42.54761761081371,43.68962860107422,43649379
2021-02-19,43.33467107292824,44.04456930676608,41.0506494398026,41.791412353515625,51636933
2021-02-22,41.82227337757744,42.14635955240991,39.8932027961148,40.21728897094727,28665003
2021-02-23,40.51050978226805,41.8531445272133,40.20185592434097,41.4210319519043,32119296
2021-02-24,41.86857658732329,42.88712512786772,41.72968199895991,42.08463287353516,22656720
2021-02-25,42.31612345301312,44.13716433196589,42.30069111273093,43.73591995239258,59326020
2021-02-26,43.01058988016965,43.93654443719274,41.97660540763451,42.31612396240234,38633409
2021-03-01,42.80996299337436,45.3717701904118,42.57847436995389,45.04768753051758,62059455
2021-03-02,45.66499023164143,47.39344058168527,45.21744530402196,46.760704040527344,106691166
2021-03-03,47.17738534753315,47.5323327102374,46.51378411125372,47.19281768798828,39659358
2021-03-04,46.76070127415879,47.82555033983108,46.31315637301613,47.16194915771485,30333900
2021-03-05,46.54465220251913,47.2236858290069,44.67731061273692,45.37177658081055,29141961
2021-03-08,45.68042348927066,46.51378400081413,44.5075479562842,44.769901275634766,34685358
2021-03-09,45.07856120453141,45.49523798404504,42.97972730328758,43.21121597290039,37113744
2021-03-10,43.64332276015294,44.02913833505455,42.917992163837525,43.13404846191406,24247668
2021-03-12,43.90567647224178,44.29149205059472,42.9797219099838,43.22664642333984,39599325
2021-03-15,43.62789056336084,43.62789056336084,41.17411310659145,42.31612396240234,30156603
2021-03-16,42.43958512953782,42.76367136249644,41.82228087857001,42.54761505126953,29273370
2021-03-17,42.43958595690303,42.73280751286513,41.004356989353504,41.31300735473633,35855832
2021-03-18,41.46732951513328,41.82227686450073,39.52282643295951,40.062965393066406,45353232
2021-03-19,39.63085732224243,40.14013166055631,38.581440430115,39.491966247558594,56393928
2021-03-22,39.72345490426823,40.72657123926446,39.30677461574357,39.491966247558594,38945382
2021-03-23,39.91324781022962,40.49057193520041,39.36713338689763,39.50756454467773,38253711
2021-03-24,39.47636414372037,39.5387799903905,37.94724196960257,38.21249771118164,32029023
2021-03-25,38.27490135873581,38.493347844555935,36.152852333135066,37.2138786315918,60718449
2021-03-26,37.447933822481005,38.774212431151696,37.43233075480919,38.19689178466797,36092943
2021-03-30,38.696194385993394,39.61678959948795,38.35292334991199,39.25791549682617,42697440
2021-03-31,39.25791334939938,39.63239049815747,38.852226497874696,39.03946685791016,24134520
2021-04-01,39.320329662451016,39.63239458044544,38.789818230466544,39.35153579711914,30019032
2021-04-05,39.58558867581272,41.19272974428377,39.008264422423366,41.005489349365234,61276776
2021-04-06,41.28634529414736,42.11332215966483,40.19411628024315,40.86505889892578,61173012
2021-04-07,41.177113264430375,41.95727715596229,40.880647914319646,40.97426986694336,38346498
2021-04-08,41.30194596300381,41.70763283842536,40.41255687893079,40.58419418334961,25322349
2021-04-09,40.88065506268135,41.05229236307694,40.25652526884586,40.537384033203125,15591087
2021-04-12,39.91324398913345,40.10048432447724,37.6039548529556,38.04084777832031,35499102
2021-04-13,38.103274189344205,39.38274362222217,37.962843005996696,39.19550323486328,19430589
2021-04-15,39.00825808654301,40.474971299080735,38.82102129334973,40.10049057006836,42679908
2021-04-16,40.02247691288453,40.412557152992434,39.19550008978722,39.9444580078125,21451458
2021-04-19,38.7273957563584,39.46075408069808,38.118869091935686,38.50894927978516,30034584
2021-04-20,38.96144388572069,39.83522976034967,38.58696677610288,38.78981018066406,26634339
2021-04-22,38.41533095413734,39.53876946814904,38.24369367127008,39.3359260559082,23128215
2021-04-23,39.27352067256971,40.25652820517769,39.117486427073146,39.60118865966797,27613263
2021-04-26,39.94445939952803,40.474974401512014,39.85084099575548,40.36574935913086,16704927
2021-04-27,40.27213381846751,40.59980182627985,40.05368728948813,40.31894302368164,19097265
2021-04-28,40.69341610745352,40.740225303809765,40.00687051362357,40.19411087036133,19394331
2021-04-29,40.56858730222614,40.95867107432394,40.30333162287221,40.52177810668945,16660074
2021-04-30,39.99127279867006,42.5814212946965,39.88204775457932,41.114707946777344,53187741
2021-05-03,40.88065601628863,41.45798019606337,40.209717007961686,40.6466064453125,19524450
2021-05-04,41.005485969442056,42.83107341962305,40.74023025321876,41.442378997802734,52932507
2021-05-05,41.69203219180143,43.22115423974389,41.34875756303836,43.018314361572266,51816273
2021-05-06,43.59562596072468,44.65665219071909,42.87787428828912,44.43820571899414,61565505
2021-05-07,44.5474275224427,44.75027093146095,42.8466684994148,43.03390884399414,32525013
2021-05-10,43.37718482215984,45.53044010420605,43.267963358525,45.17156600952149,67119504
2021-05-11,44.54743742715394,46.7318990761077,44.141754090230044,46.357421875,70482693
2021-05-12,47.57447266814201,48.55748010018675,45.49923277198486,45.826904296875,136024881
2021-05-14,46.12337078770173,46.40422957224294,44.48502371134588,44.734676361083984,47657991
2021-05-17,45.09354428661137,46.52905128950295,44.90630750351973,46.23258590698242,51486270
2021-05-18,46.96594192128711,48.37023925922552,46.59146477395789,48.24541473388672,97548693
2021-05-19,48.15179752845096,49.275232569482064,47.76171373451284,48.41705322265625,83953914
2021-05-20,48.66670916201472,49.524892138542846,47.746113917030186,48.93196487426758,67499931
2021-05-21,49.46248035390656,49.61851460915304,48.76033156226761,49.18162155151367,58163772
2021-05-24,49.41566228181925,49.93057058903248,48.74471974735758,48.94756317138672,74623869
2021-05-25,49.2596305410909,49.2596305410909,46.43543267034271,46.56026077270508,53594838
2021-05-26,46.809906709440185,48.1205855258295,46.49783828383561,46.73188781738281,45070683
2021-05-27,47.05957064480442,47.106379848528725,44.37580368016485,46.357421875,360249207
2021-05-28,46.341815787490205,46.68508683041439,45.06234287451575,45.20277404785156,44625315
2021-05-31,45.42122555714694,45.62406902038426,44.843904875967496,45.37441635131836,29061186
2021-06-01,47.74610797693301,47.74610797693301,45.561643139596896,45.85810852050781,74882883
2021-06-02,45.63966300478551,47.121975655528985,45.56164410595344,46.919132232666016,24742749
2021-06-03,47.1999943317236,47.41844440690148,46.56026145805291,47.18439483642578,26792298
2021-06-04,47.30921603195701,47.80852127090738,47.07516647799198,47.68369674682617,23574183
2021-06-07,47.74611091228898,48.13619113690626,47.55887054738997,47.83972930908203,16889640
2021-06-08,47.9333464930612,47.99575875136066,46.26379001305013,47.73050308227539,31918326
2021-06-09,47.87093473206477,48.526274213844985,46.66948080112414,47.028358459472656,31016931
2021-06-10,47.10636763380308,47.730500902228655,46.84111197683311,47.44964218139648,17381064
2021-06-11,47.43404361865486,48.37024189496138,46.85672301487858,48.07378005981445,25835898
2021-06-14,47.74610948002948,47.85533093967834,46.04535032345041,47.35602569580078,26533281
2021-06-15,47.43404174421129,47.71490407305485,46.82551503144691,47.028358459472656,22951029
2021-06-16,46.809904085211926,47.27800312606404,46.26378615667628,46.716285705566406,19709055
2021-06-17,46.24818817229679,46.73188672087834,45.14035278715067,45.60845184326172,22419540
2021-06-18,45.73328687076762,45.87371804842072,43.84528714835894,45.62406539916992,34091544
2021-06-21,44.313383500686285,46.809913406116834,44.313383500686285,46.56026077270508,23199468
2021-06-22,46.80991031127778,47.43404006788633,46.49784186166077,47.246803283691406,28261329
2021-06-23,48.40144417087009,53.05122513442672,47.590070551230205,52.583126068115234,363893778
2021-06-24,52.72356860469357,54.14346917444591,52.052625988550176,53.41011428833008,169690515
2021-06-25,53.41010693344488,54.8924195690465,53.31648854137802,54.6115608215332,71399592
2021-06-28,54.97043893672957,55.266900752120215,53.98742795506541,54.22147750854492,38881053
2021-06-29,54.1278614935774,54.876819383351865,53.84700273132609,54.50234222412109,49605246
2021-06-30,54.87682124277077,55.82862259623068,54.54915327092719,55.54776382446289,43091670
2021-07-01,55.485356267946365,58.0130925710666,55.26690974440199,57.623008728027344,87835578
2021-07-02,57.87265251366926,57.87265251366926,56.24990868958389,56.37473678588867,40351092
2021-07-05,56.577580686600655,56.79602360717554,55.73500085056048,55.9222412109375,22985568
2021-07-06,55.703798010036415,56.85844280071294,55.672591876682056,56.49956512451172,41588856
2021-07-07,56.20310302300562,57.23291970412669,55.82862228188176,57.07688903808594,17834940
2021-07-08,57.35774420545173,58.48118278694357,55.89103460891914,56.37473678588867,44887437
2021-07-09,56.37474059583486,57.01447704359216,56.234309424415386,56.43715286254883,18512454
2021-07-12,56.48396295086823,57.7166266657326,56.48396295086823,57.37335205078125,18021216
2021-07-13,57.420164439876544,57.66981709583384,56.21871036346084,56.68680953979492,15530661
2021-07-14,56.51516344898546,57.62299894667165,56.42154505677792,57.46696472167969,18423249
2021-07-15,57.46696736952983,57.54498627127699,56.00025772948852,56.15629196166992,14669931
2021-07-16,56.32792736405614,56.546377438395474,55.76620982559587,56.06267166137695,21219636
2021-07-19,56.01586536603751,58.59041076487272,55.438544731093344,58.04429626464844,45407127
2021-07-20,58.247130533390845,58.27833666319344,56.249906084211005,56.54637145996094,21901098
2021-07-22,56.82722931622993,57.65420245708296,56.7960196155998,57.57618713378906,14278368
2021-07-23,57.48257663434971,57.79464154166352,56.67120287549554,56.998870849609375,12770211
2021-07-26,56.99886869072442,57.73222351648886,56.23430773254188,57.607398986816406,13753260
2021-07-27,57.60739755663319,57.81024098362798,56.73361158536726,57.12369537353516,14436747
2021-07-28,57.10809253646384,59.791859152985545,56.95205830630911,59.27695083618164,48274629
2021-07-29,59.58902195309133,59.82307152310141,58.65282367305101,58.9180793762207,27425199
2021-07-30,58.808859753848274,58.808859753848274,56.95206608937769,57.623008728027344,28756776
2021-08-02,57.73222328308389,58.35635664286163,57.24852466124576,57.35774612426758,21084204
2021-08-03,57.357744692059455,57.70101571001243,56.65559601908432,56.87404251098633,17656980
2021-08-04,56.95205956685096,57.66981132734844,54.54915165437301,54.75199508666992,38353227
2021-08-05,54.9236261895147,55.89103410606271,54.330702558511774,55.11086654663086,33065568
2021-08-06,55.2044882652074,56.10948034448133,54.61156106552999,54.73638916015625,23813595
2021-08-09,51.49090841617177,53.95622879321537,50.66393155378405,53.41011428833008,110821485
2021-08-10,53.41010398312324,54.36190520181064,52.3334782485752,52.817176818847656,32690748
2021-08-11,52.81718158312447,53.89381098610042,51.58452152124828,53.753379821777344,27235548
2021-08-12,53.64415529796688,54.37751006686887,53.051228114058,54.252685546875,17966661
2021-08-13,54.36190986435236,54.7988028499613,53.84700154963927,54.455528259277344,27821241
2021-08-16,54.34629822629751,54.78319114299378,53.81578692944302,54.40871047973633,12560913
2021-08-17,54.33070161532345,55.0796594594733,53.768984125039246,54.939231872558594,18039039
2021-08-18,54.9548409406729,56.74921863533333,54.0654518411447,54.33070755004883,34210602
2021-08-20,53.64415812558417,54.58035636013647,53.14485287666466,53.378902435302734,15542163
2021-08-23,53.80019164881498,55.20448898220755,52.785974527156256,54.65837097167969,26688300
2021-08-24,54.611564606529576,55.688194046480696,54.424324238105946,55.43854141235352,14925912
2021-08-25,55.32931517381526,56.34353232602503,55.32931517381526,56.15629196166992,16571559
2021-08-26,56.2811217019571,56.858445914569074,55.98465984754189,56.57758712768555,21301485
2021-08-27,56.639992956911854,58.04429030295099,56.577580693882425,57.82584381103516,28167945
2021-08-30,57.70101618942187,58.27834034114276,57.326539036844814,57.43576049804688,13619223
2021-08-31,57.38895223933088,58.48118472578579,57.31093690862442,58.24713516235352,21603702
2021-09-01,58.41876961866352,60.02591035220614,58.21592619738384,59.24574279785156,26940252
2021-09-02,59.526607286796896,60.05712227488852,59.21454237774712,59.3393669128418,25664589
2021-09-03,59.91668147599057,62.27277633921414,59.4641854663396,61.97631454467773,52170660
2021-09-06,62.80329693545489,63.318201648712304,60.774862784364245,60.99331283569336,36365391
2021-09-07,60.99331112840354,61.789078130345096,60.337968135385445,60.63442993164063,15882570
2021-09-08,61.16495322721161,62.22597598004993,60.61883521377983,61.50822067260742,19285563
2021-09-09,61.39900778835631,62.17916827955951,61.00892040012849,61.49262619018555,11581218
2021-09-13,61.63305234335334,61.99192642577646,61.05572819849832,61.32098388671875,10518984
2021-09-14,61.368085397808734,64.0526432742044,61.13259773871239,63.550270080566406,29010315
2021-09-15,64.00553933746423,65.55975923907748,63.64446019650247,65.24577331542969,35238519
2021-09-16,65.27718231307581,65.62255894475707,64.28813126516043,64.53931427001953,12378501
2021-09-17,64.63351496787064,65.10449028765301,63.01649922418364,64.46082305908203,16039149
2021-09-20,63.58167179228791,64.66491652679254,63.1263917910915,63.2990837097168,12243591
2021-09-21,63.29908928903799,65.07310185440917,63.29908928903799,64.1939468383789,20777913
2021-09-22,64.17823911014872,64.94749789027888,63.98985184475446,64.6649169921875,9672642
2021-09-23,64.99458550212061,66.15632111632728,64.85329148763968,65.13587951660156,19379646
2021-09-24,65.30856644469789,66.09352035620454,63.92703864917186,64.52360534667969,17282355
2021-09-27,64.71198997261372,65.84233477093478,63.6601506234198,64.05262756347656,10315860
2021-09-28,64.366628650138,66.70580268958814,64.09974311793916,66.04644012451172,29934006
2021-09-29,66.21913710658215,66.69011245673845,63.95845398852917,64.41372680664062,27378225
2021-09-30,64.68061127019753,65.16728914420398,63.33048099761459,63.72296524047852,34237251
2021-10-01,62.79671392821557,64.13114894110386,62.52982836294068,63.346187591552734,22069932
2021-10-04,63.42467196541865,64.71199909747128,63.346173691733966,64.61780548095703,16627587
2021-10-05,64.93178248348143,65.19866795359,64.22531967675087,64.63349914550781,18733530
2021-10-06,64.64920801444204,65.46556712278425,62.16874000149296,62.57691955566406,15618651
2021-10-07,63.11070263233281,63.98985765705476,62.95371323024467,63.77006530761719,7587423
2021-10-08,63.73865745208844,63.94274723612003,62.60831956092354,62.84380722045898,9881742
2021-10-11,62.8438036459872,66.25052684323352,62.8438036459872,65.49696350097656,21749220
2021-10-12,65.52835215331581,66.47030260532613,64.22532261110464,66.01502990722656,18331041
2021-10-13,66.28192346626622,67.1767736301127,65.02598698170733,65.51266479492188,16863453
2021-10-14,65.71675344084491,66.76860025388834,65.63826234404475,66.10923767089844,15404877
2021-10-18,64.44511423673805,69.54735116062781,64.36662314877887,68.1815185546875,40084623
2021-10-19,68.82518518464852,68.82518518464852,64.60211028278248,64.9474868774414,15424062
2021-10-20,64.94748489005099,65.99933154424292,63.69155566578892,64.30381774902344,16082943
2021-10-21,64.63351022751662,64.99458936313067,63.75435540353348,64.17823028564453,15707487
2021-10-22,64.39802400775123,64.96319292522405,62.796703690646765,63.251983642578125,10288875
2021-10-25,63.58167676358121,63.58167676358121,60.83432275572126,63.20489501953125,13207770
2021-10-26,63.20488319214918,65.07308902965161,63.14208744431068,64.74340057373047,9505146
2021-10-27,64.82190479244225,65.85804909976116,64.69631328525531,65.01029205322266,9492999
2021-10-28,65.010292510911,65.26148271356666,62.76531196482926,62.89090347290039,11429706
2021-10-29,62.105939913748,68.71528903854635,57.60027697519416,64.9474868774414,95295024
2021-11-01,65.2143749776871,65.55975877259085,61.63496709422692,62.96939468383789,23954010
2021-11-02,63.42468490849166,63.92705815226589,61.9332605232015,62.985107421875,19613109
2021-11-03,63.40897797575837,64.75910822049654,62.62401669273278,62.9066047668457,25307715
2021-11-04,63.48745960839521,63.518857476560086,63.20487160840005,63.3775634765625,1434759
2021-11-08,63.28339144466095,66.97269611051033,63.28339144466095,66.705810546875,35893830
2021-11-09,66.70579848747167,70.39510248635045,66.70579848747167,69.32756042480469,51756600
2021-11-10,69.35895173413729,69.5159482717512,68.74668248507143,68.98217010498047,15949584
2021-11-11,68.99789091489798,70.64630469102183,68.91939262529226,70.11253356933594,23431827
2021-11-12,70.80330063759924,71.58826204677482,69.73575829541082,70.20673370361328,23132022
2021-11-15,70.56780223312737,70.960286471459,69.31187279270343,69.90843963623047,8602539
2021-11-16,69.84565438475558,70.33232513980383,68.04024386460301,68.38562774658203,8030718
2021-11-17,68.3542060907854,68.38560396127072,66.89417996042597,67.64774322509766,18084606
2021-11-18,67.67914077037,68.29141002165966,65.43416070215308,65.57545471191406,28766142
2021-11-22,65.90514040802718,66.06212977033375,63.03218836548668,63.738651275634766,17243226
2021-11-23,63.895649981562045,66.45461619936741,63.64445980687904,66.25052642822266,17089326
2021-11-24,66.59589511450872,66.86278060094658,64.99458219588155,65.41845703125,11478315
2021-11-25,65.4184614002566,66.75289610807859,64.5707116729023,66.4546127319336,9875469
2021-11-26,65.46556428265406,66.04643571427518,61.72915989485498,62.23153305053711,22881369
2021-11-29,61.619256915413054,63.20487448263439,59.28008329145568,61.93324279785156,14850591
2021-11-30,61.93325336416994,64.46082182341891,61.91755083343877,63.9741439819336,32274063
2021-12-01,64.05262781023745,64.77478595764488,63.267666740588616,64.63349914550781,14136084
2021-12-02,64.08403914202466,64.93179612551556,63.50316768471443,64.64920806884766,13228377
2021-12-03,64.63351395995595,65.87374799117386,64.55501567904533,64.88469696044922,12481431
2021-12-06,64.88469294543708,66.31332132513553,64.88469294543708,65.261474609375,14751723
2021-12-07,65.74814745221553,67.41225616124935,65.37136581676064,66.06212615966797,23275224
2021-12-08,66.26621210468099,66.86277880107,65.40275992903841,65.60684967041016,9462426
2021-12-09,64.711988803902,65.73243745343359,64.11542214102714,65.23006439208984,12294123
2021-12-10,65.18298149974058,66.20343042326336,64.39802742304282,64.53931427001953,18276354
2021-12-13,64.93178470841309,66.37610823922998,64.74339030825602,65.60684967041016,27024840
2021-12-14,65.74814204785021,66.84708180662703,65.5126544433615,65.87373352050781,19438713
2021-12-15,65.77955379959344,66.046439328576,64.80620530803714,65.30857849121094,14031681
2021-12-16,65.62254954274148,66.18771840921345,64.53930502320489,65.05738067626953,23209956
2021-12-17,65.23009060559998,65.35568212477862,62.89090903507062,63.20489501953125,12549333
2021-12-20,63.07929927935376,63.07929927935376,60.17494888035327,61.305294036865234,16835343
2021-12-21,61.35238265372546,63.25198645087718,61.35238265372546,62.63971710205078,10884186
2021-12-22,62.953705026025006,64.11544082310648,62.953705026025006,63.8642578125,8943987
2021-12-23,64.17823761810475,65.85804918161452,64.17823761810475,65.5911636352539,8703837
2021-12-24,65.37138121179719,65.52837060249459,63.55027553365267,64.06834411621094,9183225
2021-12-27,64.05264138721311,65.13588602444649,63.26768015117928,64.97888946533203,8676960
2021-12-28,65.55976567693551,65.65395930732572,64.5236213696166,65.01029205322266,10372101
2021-12-29,64.96319136905822,66.8470925065147,64.96319136905822,65.84234619140625,24965061
2021-12-30,65.87374418572824,66.69010326319722,64.3666247102942,65.92083740234375,42195855
2021-12-31,65.93653993222394,66.87849050268427,65.49696252024161,65.92083740234375,12683187
2022-01-03,65.8580423489732,66.62730103141023,65.77955125828377,66.32901763916016,8974341
2022-01-04,66.72151316451013,68.77809938578396,66.31333355219202,67.8675537109375,31336737
2022-01-05,67.74195318932861,68.1030395668433,66.75290925051965,66.97269439697266,11957511
2022-01-06,66.25053069238581,66.92559579631273,66.12493200370395,66.53311157226562,8820915
2022-01-07,66.53310827042823,67.17677546686967,65.15158025559326,65.32427215576172,12974964
2022-01-10,65.60685579431274,66.4075123068087,65.30857241827574,66.20342254638672,9408897
2022-01-11,66.2505193327413,66.61159843282073,65.48125354757688,66.07782745361328,10022118
2022-01-12,66.25052237897587,66.54880575245339,65.5597548307019,66.12492370605469,7794744
2022-01-13,66.53309535533928,66.65868682689613,65.07307653221255,65.79523468017578,12144687
2022-01-14,65.65397115245399,69.73576055107593,65.43418597522374,69.10779571533203,27463650
2022-01-17,69.70434407168008,69.95552706435683,67.7576471323844,67.97743225097656,28842888
2022-01-18,68.54259178729491,68.60539471337889,65.18296941459825,65.41845703125,17939775
2022-01-19,65.66964536055578,66.06212231528774,64.36661583417597,65.35565948486328,30378717
2022-01-20,65.62255361587493,66.81569435160584,65.13588299022399,66.67440032958984,20278191
2022-01-21,66.37612003428151,66.45461831383874,64.36662731892922,64.97888946533203,17723898
2022-01-24,64.97888951222578,65.5440656270252,61.24248494950768,61.94894790649414,20025537
2022-01-25,61.63495755546462,64.52360458857649,60.97558794119272,64.11542510986328,29718342
2022-01-27,63.39326986162403,64.77479051797172,62.21583176751149,64.33522033691406,23800311
2022-01-28,64.91610480371509,66.25053985154034,64.47652729883951,65.0260009765625,24666333
2022-01-31,67.41226141044913,68.99787915934334,65.19867901124029,65.84234619140625,53776260
2022-02-01,66.45462850601707,66.70581154070376,63.84856140205915,65.12019348144531,29395494
2022-02-02,65.79525350828264,66.62730802521624,65.46557220784794,66.17203521728516,30206025
2022-02-03,66.25052262152639,66.39180945099773,65.16727808100225,65.2928695678711,11555226
2022-02-04,65.76384391637978,65.81094431655724,64.16253092151521,64.30381774902344,17933076
2022-02-07,64.3352286091674,64.6178094761817,62.67111253514336,63.45607376098633,18325029
2022-02-08,63.48747410915557,64.02124517638485,61.666368593600986,62.63971710205078,26278878
2022-02-09,63.08262781275075,64.30062188980254,62.67135595697378,64.09498596191406,15305202
2022-02-10,64.20569848989317,64.77514890016519,63.43061220355696,64.15824127197266,12104241
2022-02-11,63.54134213142109,64.4271572172595,63.22498477287579,63.38316345214844,11505933
2022-02-14,62.32335016102122,63.082622327348886,61.01044897932916,61.97535705566406,31961610
2022-02-15,62.07026816139746,63.08262628606024,60.93135984043447,62.94026184082031,10746255
2022-02-16,63.19335687389003,63.69953595129165,62.1809914781301,62.956085205078125,13420629
2022-02-17,63.035158509826864,64.74351708493812,62.78207264148757,63.58879470825195,19166469
2022-02-18,63.272438049316406,63.77861709028974,62.95608067430568,63.272438049316406,10616886
2022-02-21,62.63970708670804,63.857700908441466,62.27589253707529,62.68716430664063,10470885
2022-02-22,61.69063508534155,63.30407956811391,61.168634507467466,62.43408584594727,20409699
2022-02-23,62.449906127676506,63.4464427921125,62.449906127676506,62.956085205078125,10145349
2022-02-24,61.91208007537794,62.24426618304949,59.159731067010384,59.42863845825195,24915339
2022-02-25,61.0104516037765,63.63626132106943,60.70990847028904,63.31989669799805,22461840
2022-02-28,62.3391616878521,66.9105937213184,62.070254347116126,66.57841491699219,35587689
2022-03-02,65.66097648351085,69.47313718438737,65.66097648351085,68.33423614501953,51608091
2022-03-03,68.96694877390492,69.58385643684704,67.27441169308743,68.03368377685547,28625697
2022-03-04,67.7015149296227,71.10240383851796,67.24278586615245,67.98623657226562,46128378
2022-03-07,67.3218720954569,69.09350221400987,65.34460607953777,67.78059387207031,38244033
2022-03-08,68.47659035556717,68.88786212527636,65.86660255937473,67.38513946533203,20461842
2022-03-09,67.82806185825005,71.29222968732732,67.4484257381808,70.3747787475586,30245265
2022-03-10,71.29221937123519,71.65603394821854,68.22350235575983,68.57150268554688,37328694
2022-03-11,69.04604848501639,69.22004865628135,67.73314731759746,67.95459747314453,29348391
2022-03-14,68.33422420513747,68.36585993731693,66.18295821215972,66.3727798461914,28491564
2022-03-15,65.80334537661454,66.48352464477945,64.30062239049082,65.02825164794922,23328489
2022-03-16,66.08806183344294,66.40442644797753,65.36043263325634,66.11969757080078,23656146
2022-03-17,66.49933988985758,67.00551897595923,65.48698171765426,66.24625396728516,36269526
2022-03-21,66.43607414500744,67.82806856220476,65.4553516284545,66.08807373046875,38413833
2022-03-22,66.21459394433917,66.64168719019425,64.85424297871268,66.3727798461914,19632078
2022-03-23,67.66987687011111,67.66987687011111,65.43951758732857,65.61351776123047,33279774
2022-03-24,65.61353113068041,66.6173350641345,65.08773497473045,66.12339782714844,15609300
2022-03-25,66.3145829702909,66.34644917362829,65.31077933089722,65.64537811279297,22413369
2022-03-28,65.64539163751148,65.90032861044087,64.86465855433387,65.34265899658203,13461477
2022-03-29,65.64537285332202,66.47390866112504,65.4860418494006,66.09150695800781,12104067
2022-03-30,67.52551153488429,67.52551153488429,66.1711796938712,66.42610931396484,22181898
2022-03-31,66.98379054437126,67.66892495907352,65.88438813066693,67.17498779296875,21738033
2022-04-01,67.22278419750862,69.15072242123615,66.99972076256103,68.54524993896484,45845880
2022-04-04,69.31004800104131,70.21824571253799,68.76831526502158,69.93144989013672,29426580
2022-04-05,70.55285947998345,71.2857895109357,69.31005556614224,69.66059112548828,29299197
2022-04-06,69.46938887245469,70.42538967021189,69.2144592163633,70.10672760009766,27765654
2022-04-07,70.74405747175382,75.81086450545686,70.6006558965156,74.67959594726562,162897504
2022-04-08,76.06578933595875,77.18112107346886,74.87078844087414,76.35259246826172,86792331
2022-04-11,77.06960238363116,79.09313213015888,76.81466542459434,77.73880004882812,53098242
2022-04-12,77.73879526048601,78.51952825302885,75.66746268243959,77.24486541748047,34166946
2022-04-13,77.77066195769827,79.74639592960852,77.77066195769827,78.74259948730469,35185764
2022-04-18,78.39205256157793,81.67432240148773,77.83438308976224,81.2441177368164,58066713
2022-04-19,81.26007038916497,82.6940716313267,79.04533610987617,79.76233673095703,39192846
2022-04-20,80.52712585845258,81.45126039638284,79.85792825575098,80.71833038330078,31402827
2022-04-21,81.0848035955489,82.4391356874578,80.27220434040356,80.59087371826172,32102493
2022-04-22,80.4474723621431,81.78587500050152,79.93760573234574,80.19253540039062,14025423
2022-04-25,79.6667257751773,79.6667257751773,77.35638593573208,78.32832336425781,15988692
2022-04-26,78.72666270865133,80.75019963628691,78.7107332523084,79.82606506347656,16455561
2022-04-27,78.88599040137869,79.33212456570256,77.38825688318673,78.5513916015625,13818495
2022-04-28,79.66673352939927,79.66673352939927,77.59539365837563,78.59919738769531,9256521
2022-04-29,78.94974003026293,79.61893771402285,75.44439868508961,76.01799774169922,21932493
2022-05-02,74.88672938597855,76.28886433435704,74.4724614133091,75.8905258178711,13942155
2022-05-04,76.1613972142085,76.43226363046605,72.91099292541038,73.67579650878906,16041333
2022-05-05,74.83892164956495,75.97019012719917,73.930723893907,74.8548583984375,18857412
2022-05-06,74.01040191896661,74.64774072632744,72.41706948798087,72.70387268066406,16795458
2022-05-09,71.70005922508017,72.3851936105892,70.58472740170355,71.85939025878906,23472795
2022-05-10,71.700058529673,73.10219349383375,70.77592395571008,71.0308609008789,13234959
2022-05-11,71.66819073255046,71.76378934972678,68.7523854995778,69.78805541992188,17541396
2022-05-12,70.10673497561372,71.11053154263794,68.8798676423343,69.56499481201172,23454804
2022-05-13,70.23418495312016,71.92311562609449,69.18258564625037,69.70838165283203,12118287
2022-05-16,69.72432674389889,72.5126600096457,68.92765697066808,72.28959655761719,15258537
2022-05-17,72.91099793258716,74.53620383545132,72.06653241765554,74.16973876953125,17055900
2022-05-18,74.72738413740313,75.60372295750201,73.93072176566682,74.28125,18878982
2022-05-19,73.13406609724892,73.54833411081704,71.44512783375646,72.49673461914062,11176905
2022-05-20,73.61205526831537,75.95425410937001,73.1499843647495,74.87078857421875,17729133
2022-05-23,75.28506137970054,76.5437947667822,73.38898927719761,73.7395248413086,15413691
2022-05-24,70.10673787410278,74.36093913008432,69.81993467526227,73.81920623779297,36815832
2022-05-25,73.93072233533734,75.03011729204957,71.85938264796698,72.1302490234375,12376107
2022-05-26,72.4011093130429,73.14997596977302,70.93524220027079,72.01871490478516,11313504
2022-05-27,73.29338181979777,74.1378544218428,72.40111356076929,73.58018493652344,11187723
2022-05-30,74.53618092181289,74.98231502332197,72.97471521338393,73.5005111694336,8326164
2022-05-31,73.73952410369813,75.18946200838542,73.18186185041668,74.80706024169922,13674072
2022-06-01,74.9982482429931,78.93378620596259,74.80705103004732,78.42391967773438,34360020
2022-06-02,79.09312617027851,79.52333088866592,77.80252660253025,78.31239318847656,26049855
2022-06-03,78.71073767748278,79.01347030208939,77.03773621981964,77.19706726074219,11056728
2022-06-06,76.76686749390859,78.18493194972643,75.9383315186223,77.56352996826172,13057254
2022-06-07,78.39205577043879,79.20465488980571,77.16518871718917,78.32832336425781,28241430
2022-06-08,78.69480210171947,79.81013399224811,77.77066746315313,78.16899871826172,24623397
2022-06-09,78.13712186459236,78.85412240233185,77.46792428018482,78.2486572265625,6650814
2022-06-10,77.43604830622331,78.85411245378077,76.95804800803674,78.6151123046875,9887892
2022-06-13,77.43606052277195,77.43606052277195,74.8389246733125,75.04605865478516,13056528
2022-06-14,74.58399342672645,77.24486918353291,74.58399342672645,76.91026306152344,11702244
2022-06-15,77.46793426738931,77.64320206059324,76.11360217496019,76.52787017822266,9599067
2022-06-16,76.86246705383277,77.72286924684765,73.64392902878434,74.05819702148438,12906030
2022-06-17,73.29338141408819,76.04985532916281,72.91097969180613,74.7911148071289,20333781
2022-06-20,74.88672229710052,75.28505348217286,71.28578300194845,72.38518524169922,12914700
2022-06-21,73.24559730416958,74.05819653355476,72.73573069198433,73.37306213378906,12811437
2022-06-22,73.02253150991493,73.2774684801472,71.71599503660366,71.97093200683594,11056173
2022-06-23,72.2736681516811,72.75166861206749,71.7159985166609,72.30553436279297,9004842
2022-06-24,72.95879163812205,74.53619437846449,72.75165765025054,74.40872955322266,9668958
2022-06-27,74.88672538348116,76.89432543367238,74.7911194766619,76.49598693847656,14977953
2022-06-28,76.30480152572662,76.63940037027649,74.82299726509575,75.34880065917969,9497565
2022-06-29,74.85486443184891,75.74712551055185,74.6317936918928,75.23725891113281,20182623
2022-06-30,75.04606400967542,76.22512827828415,73.8669924473593,74.59992980957031,19573899
2022-07-01,74.249393251317,75.04606301820247,72.41706081055844,73.22966003417969,15324042
2022-07-04,72.87911509926954,74.13785564910808,72.32145289842498,73.19778442382812,13538427
2022-07-05,73.86700385588793,74.85487832517917,72.68793940517637,73.0384750366211,14922519
2022-07-06,73.22965948903249,73.83512471463035,71.42919326885605,73.62799072265625,21103464
2022-07-07,73.7713863101055,75.79492310825816,73.6439214926899,75.41252136230469,19351467
2022-07-08,75.87458814326448,77.26078619160515,74.39278419335028,75.20538330078125,21179418
2022-07-11,75.1416590524095,75.97019499794509,74.50432763707053,74.80706024169922,10090566
2022-07-12,74.40872208542037,75.4603213755391,73.35711550159527,74.01038360595703,12953874
2022-07-13,73.8988694891263,74.98233518684386,73.61206631327978,74.3927993774414,12866319
2022-07-14,74.568054265243,75.826787542098,74.45651890575532,75.65151977539062,16879224
2022-07-15,75.68339434727037,78.61512916577504,75.6515281401371,78.23273468017578,24300105
2022-07-18,79.58705960822482,83.10832988470655,79.39586238250453,81.08479309082031,114055476
2022-07-19,80.81392423622565,82.42319303146624,80.3199871443263,81.307861328125,30352653
2022-07-20,82.24793604688834,82.37540087684452,80.62273758382503,81.22820281982422,16157313
2022-07-21,81.2600724619287,86.00821051555916,81.06887520891311,85.62580871582031,56209248
2022-07-22,85.99226251938735,86.07193167791297,84.57419817735443,85.02033233642578,28925541
2022-07-25,85.94447929962253,87.44221301697665,85.418675905916,86.0560073852539,27481563
2022-07-26,86.27907519647263,86.35874436380863,83.80940394613184,85.05220794677734,16387791
2022-07-27,85.48240330992321,87.26694009983446,85.33900172971475,87.04387664794922,26434413
2022-07-28,87.31473612138423,88.2388706503373,86.40653104801811,86.78893280029297,26787639
2022-07-29,87.31474144341708,88.04767149405309,86.67740271954281,87.69713592529297,14660187
2022-08-01,88.01579930015059,91.71233738982652,86.96419995911016,90.56513214111328,24181113
2022-08-02,91.1068709227888,91.4733359180106,88.9399325682508,89.86406707763672,32577612
2022-08-03,90.18273526356136,90.5332635053576,87.31473315935312,88.22293090820312,15700254
2022-08-04,88.6690742017751,91.6167457664032,87.9361368513637,90.54920959472656,39839988
2022-08-05,90.78818759518704,90.82005379448194,85.16371954202567,87.9998550415039,80363784
2022-08-08,88.25618847935355,90.8675084239682,88.04792324858423,90.30679321289062,21774303
2022-08-10,90.29078478099969,92.37342994017904,89.95435855788062,92.08506774902344,28967340
2022-08-11,92.43750040539504,93.6390277387994,91.52434256542408,92.10107421875,23053884
2022-08-12,92.27730666069732,93.60699506148175,92.02097738654273,93.27056884765624,13774848
2022-08-16,93.71913747504408,94.6322953683075,92.9661807910704,94.11964416503906,18326535
2022-08-17,94.6002616762944,94.74444644140874,93.11037199289107,93.35067749023438,12973041
2022-08-18,93.25454921763536,94.35995596967118,91.87680405832572,92.51761627197266,16134525
2022-08-19,92.7579142658894,93.6230154511396,90.78740641801622,91.3481216430664,17598678
2022-08-22,91.31608873806388,92.99822721481767,90.61118870324952,92.6297607421875,18811092
2022-08-23,92.05302234337984,95.99403838400934,91.92486136650982,95.62556457519533,30535758
2022-08-24,96.12218655524455,96.41055604832664,93.39872215833232,94.21575927734376,20796507
2022-08-25,94.69638367080812,95.89791117354068,94.53618244829106,95.06485748291016,22580238
2022-08-26,95.32117301694464,98.6534095555925,95.32117301694464,97.83637237548828,31345068
2022-08-29,96.69893158892832,99.7427988065368,96.33046511175624,98.95780181884766,27834195
2022-08-30,99.74277979279952,99.91900477008198,97.1314673724589,98.20482635498048,25458348
2022-09-01,98.31698886561058,102.78667259236607,98.04464312361443,102.4662628173828,33768936
2022-09-02,102.85075790176538,105.63830327422258,102.69055667353524,103.98820495605467,37018653
2022-09-05,105.04553016816288,105.3819563579742,103.92410709094484,105.06155395507812,24073551
2022-09-06,105.55819643797928,106.95196542369638,104.068299384109,104.34065246582033,28364094
2022-09-07,104.58095217886084,105.6543113229041,104.37268693196314,105.49411010742188,14016204
2022-09-08,106.05482018579627,106.18298115192702,104.80522876539791,105.14165496826172,13824843
2022-09-09,105.41400068806016,106.63155186692585,104.99747021459405,105.14165496826172,16733637
2022-09-12,105.68635461037118,108.87440655832184,104.46881067055088,108.4738998413086,39074646
2022-09-13,109.09869452154494,109.45114453581598,107.35247557235368,107.59278106689452,18851928
2022-09-14,107.33644737949794,108.7622638331584,106.71165165262003,107.62481689453124,48838458
2022-09-15,110.20410435736996,110.20410435736996,104.3887082927844,106.79176330566406,25552945
2022-09-16,107.03206679272844,109.0986955316217,105.20574355060089,106.69564056396484,27675466
2022-09-19,107.99328601937236,109.33899823357078,105.7344158742223,106.21502685546876,18503444
2022-09-20,107.17624241093304,107.75297408724327,105.73440955338684,105.92665100097656,13735873
2022-09-21,106.11889384602266,106.2630785904201,103.47553375505242,104.2445068359375,16931740
2022-09-22,104.38870096748472,107.65685702237217,103.42747902978498,105.73441314697266,20701188
2022-09-23,106.26308736988828,106.69563430527693,101.98564537824562,102.51432037353516,15215768
2022-09-26,100.9283011148614,100.9283011148614,95.64158058027344,96.7950439453125,41567351
2022-09-27,97.32372226571678,97.90045396799052,94.63229787705072,95.88188934326172,28782718
2022-09-28,95.16097575914785,97.03535568159316,94.77648550149344,95.30516052246094,24892912
2022-09-29,96.02606611403594,96.79503920858473,94.53616928469008,95.16096496582033,74476855
2022-09-30,95.49740093409858,97.41984486768304,92.51761430375105,97.0353546142578,28502920
2022-10-03,97.51596728071316,99.00586428837236,94.29587510309096,94.6323013305664,21407465
2022-10-04,96.36250979186592,98.47719535263464,95.97801950803284,98.09271240234376,14768228
2022-10-06,98.95780655189245,100.92831467661463,98.4291388275212,100.59188842773438,20520361
2022-10-07,101.12055100730018,102.37014253504135,99.96708754595588,102.1298370361328,20045623
2022-10-10,101.02443108381765,101.50504208548524,99.91902431327382,100.3996353149414,11511957
2022-10-11,100.92830442356798,101.31279466903273,98.57331358710132,99.05392456054688,11739022
2022-10-12,98.669438319115,99.43841150770815,97.08342057567532,99.24617004394533,6659580
2022-10-13,99.24617774111388,100.35158457733596,97.13149214154824,97.4679183959961,7795689
2022-10-14,99.00585185139212,99.58258350226488,96.55473316825685,96.89116668701172,7476515
2022-10-17,96.60281021019806,98.76555969251592,96.07413518110364,97.85240173339844,9943468
2022-10-18,98.38107104905052,102.75463411873208,98.0927088467846,101.84146881103516,21766333
2022-10-19,102.51432007137198,104.9654315872518,101.21667193548956,101.79340362548828,22878764
2022-10-20,102.6585025875506,104.91737260199604,102.4181971108321,103.8119659423828,25579790
2022-10-21,104.34064013777648,104.72512303079384,98.71748615813378,99.53453063964844,19880033
2022-10-24,100.54381231025978,101.26472875703536,100.30350682800126,100.7360610961914,3728536
2022-10-25,100.92830010703666,101.4089110599273,99.53453127707024,100.9763641357422,13217298
2022-10-27,101.5531152394813,104.67708703088226,101.12056089900794,103.66780090332033,29990758
2022-10-28,103.81197203013956,104.3406470433393,99.87096344755554,101.26473236083984,20059496
2022-10-31,101.7934003588073,103.0429844247802,101.07248393605872,102.70655822753906,12793983
2022-11-01,103.1391238105904,106.11891055188984,102.6104487757529,104.29258728027344,26521676
2022-11-02,104.29258108689451,105.97471949152188,102.65850671295884,102.94686889648438,19881462
2022-11-03,102.65850475760168,107.84909729760945,102.37013524602732,105.68634796142578,34173239
2022-11-04,106.31114585280768,107.08012634368912,104.38870195914556,104.72512817382812,22356935
2022-11-07,105.15768949231644,106.02279076910752,104.58095775230302,105.3979949951172,15333789
2022-11-09,105.92666016509884,106.88788215328866,103.47554849533994,103.86003875732422,17033165
2022-11-10,103.8600411397382,104.29258811092896,100.63994153860408,102.56238555908205,12937603
2022-11-11,103.81196678675082,104.2445137149458,102.56237536423455,103.1391143798828,11075218
2022-11-14,103.13912261149348,103.47554884177792,101.36085606055526,102.4662628173828,10547759
2022-11-15,102.56238539983175,103.23524520607944,101.36085788889866,102.89881896972656,11675691
2022-11-16,104.72513788280013,105.54218248018717,103.1871840919964,104.10034942626952,27372424
2022-11-17,104.00420791297518,107.03205840155157,103.908087188513,106.31114196777344,26985734
2022-11-18,106.55144866551446,107.08012365642055,102.27401404287872,103.18717193603516,23962357
2022-11-21,102.9468804113744,103.0430011499676,100.44770454023956,101.69729614257812,16407321
2022-11-22,101.1205453094227,103.61972822408266,100.97636788503506,103.28329467773438,11999335
2022-11-23,103.81197375288484,104.8693164632892,102.22595602050744,102.75463104248048,21024176
2022-11-24,102.85074615478516,103.23523639216552,101.93758825785544,102.85074615478516,12820212
2022-11-25,103.13911884218145,103.81197127816031,102.51432310389164,102.99493408203124,8834584
2022-11-28,102.94686760812394,104.53288526506071,102.80268285139488,103.23523712158205,11289089
2022-11-29,103.7158527536754,103.7158527536754,101.1686130486866,102.0337142944336,8717535
2022-11-30,102.37014156918865,102.4182056019336,100.11127136746887,101.02442932128906,27869373
2022-12-01,101.55309226880844,102.2259446459597,99.822889965361,100.11125946044922,19098551
2022-12-02,100.49576059840656,102.32207648732144,100.25545510422914,102.0337142944336,13020973
2022-12-05,102.2259520088236,103.42747943566344,100.9283038545449,103.28329467773438,17476086
2022-12-06,103.09105511209148,104.19646183174994,101.40891668368904,101.60115814208984,13880227
2022-12-07,102.12983315300436,102.99493438289107,101.36085265231809,101.60115814208984,11943855
2022-12-08,100.92830528474305,101.40891626228944,100.20738881842344,101.2166748046875,15789329
2022-12-09,101.88953761976454,102.75463893418798,100.44770454023956,101.69729614257812,12630851
2022-12-12,101.8895269542013,102.41820196143688,99.96708304940503,100.49575805664062,19335542
2022-12-13,101.02442284777632,101.31279235868423,100.35157043371292,101.0724868774414,7421330
2022-12-14,101.07250051565684,101.55311154299372,100.78413096583778,101.3608627319336,6168426
2022-12-15,101.16861401574086,101.55310427680833,98.76555905099644,99.24617004394533,10186774
2022-12-16,98.28494554322904,98.42913030413278,94.05556744678762,95.59352111816406,38364152
2022-12-19,95.5935265195408,96.93923880811084,93.9594520264113,96.55474853515624,22872344
2022-12-20,96.84311301053488,97.66015021438692,95.16097457114596,97.37178802490234,10478941
2022-12-21,97.9004578082438,98.2368840366384,94.63230158910702,95.35321807861328,11606766
2022-12-22,95.641583275249,96.0260735189432,93.04628696401056,94.44005584716795,14577136
2022-12-23,95.11291136718953,95.30516016206056,92.277309478102,92.80598449707033,23099245
2022-12-26,92.85402865237346,95.97799964499264,90.9796489902182,95.4012680053711,12096095
2022-12-27,95.929948501016,97.0353478185793,94.58423637504283,96.36249542236328,10240049
2022-12-28,95.73770458430792,96.98729605051888,95.40127836911005,95.88188934326172,9470020
2022-12-29,94.68036721532737,95.929958751586,94.48812574830689,95.06485748291016,11367064
2022-12-30,95.5454662804988,97.41984620811724,95.40128151678776,96.0260772705078,9236774
2023-01-02,96.50668017399272,97.27565329344804,96.02606922425528,96.36249542236328,6973552
2023-01-03,96.41057671939475,96.9873084956732,95.92996568357236,96.45863342285156,8833881
2023-01-04,96.79503390400473,96.9872826672619,94.63228481875944,94.920654296875,8927128
2023-01-05,95.16097687091155,96.26638362450424,94.48812441231172,96.07413482666016,10448282
2023-01-06,95.92994422524283,96.60279659146862,94.87259431611557,95.11289978027344,7215940
2023-01-09,96.0260792789032,97.7562744789978,95.641589012146,96.12220001220705,11920266
2023-01-10,96.12219773651296,96.21831846754114,94.48812330840892,95.30516052246094,10397112
2023-01-11,96.45862262752948,96.84311287986506,95.68964945639992,96.31443786621094,11130194
2023-01-12,96.55473450220296,96.60279852941504,95.06484499465992,95.5454559326172,9299447
2023-01-13,95.64158786520908,96.21831959165776,93.6230231558678,96.07413482666016,11684608
2023-01-16,96.55473709514784,99.00585587797032,96.31443161971586,98.14075469970705,16485682
2023-01-17,98.38106923464504,99.00586499501124,97.564032009647,98.90974426269533,11762030
2023-01-18,99.10198139590302,99.96708261601918,98.14075944767208,98.71749114990234,13005273
2023-01-19,98.04462672899255,99.00584855966896,97.90044198768298,98.86166381835938,4842895
2023-01-20,98.90974445804548,99.39035545411612,97.6601529348451,97.85240173339844,7912700
2023-01-23,98.38106421730542,98.52524897519692,97.17953679077864,97.61209106445312,9725869
2023-01-24,97.612102967247,97.9004651846514,96.26639061873291,96.74700164794922,10169994
2023-01-25,96.3144391985693,96.98729898284992,94.96873429709149,95.30516052246094,9232812
2023-01-27,95.73771432662316,96.07414057605594,88.86497523017253,90.64324188232422,24624255
2023-01-30,89.3455902612486,89.3455902612486,83.62632176369993,85.50070190429688,62828817
2023-01-31,86.79835171383054,92.5176198240844,85.59682418364763,91.26802825927734,59004021
2023-02-01,93.23852960968536,93.47883509837013,85.59681800292672,87.42313385009766,44092961
2023-02-02,86.07743519631576,89.8742592583032,84.87590766612455,89.4897689819336,24502896
2023-02-03,89.77813875142597,90.73936077802894,88.14405690607568,90.21068572998048,15906920
2023-02-06,89.87425017987609,91.31608307046234,89.58588066834231,90.8354721069336,7015869
2023-02-07,90.8354633171106,91.41219495082858,90.11454694157798,90.7873992919922,10315670
2023-02-08,91.26802163053492,92.56567713571816,90.6912899246432,92.37342834472656,11577350
2023-02-09,92.61373543291288,92.95016165603194,91.8447622562896,92.08506774902344,6577385
2023-02-10,92.42361490147842,93.487621517044,92.23015445698198,93.1007080078125,10685751
2023-02-13,93.10070911452677,94.01962225258374,91.35960199216868,91.55306243896484,13582939
2023-02-14,91.69816016275934,92.03670673558122,90.05377949799873,91.50469970703124,9624926
2023-02-15,90.97269585809931,91.6981559291216,90.34396232059436,91.55306243896484,11575131
2023-02-16,92.76216892020592,95.1803693228194,91.1661551785286,94.5516357421875,32927840
2023-02-17,94.35818062290876,95.42218730111432,93.0523465299055,93.2941665649414,20383244
2023-02-20,93.53598349462494,93.58435045193109,91.1177832245492,91.79488372802734,17505922
2023-02-21,92.81052062975074,93.05234064950491,91.50469399903042,92.42361450195312,11933886
2023-02-22,92.56870999333056,93.0039905008676,91.69816373778066,91.89161682128906,14589841
2023-02-23,91.98833170849862,92.56869826525586,90.5857785813552,92.2785186767578,16196352
2023-02-24,92.52035823316776,92.7621782978756,91.89162458897486,92.23017120361328,8061923
2023-02-27,92.23015172212756,92.56869826525586,90.10213855409732,92.2785186767578,13928820
2023-02-28,92.03670673558122,93.00398687493625,91.31124663106498,91.50469970703124,10965145
2023-03-01,92.08506804116172,93.92290181634549,91.6981618819752,93.87454223632812,14285091
2023-03-02,94.01961259287316,94.35816649504255,93.05233259755651,93.53597259521484,10048980
2023-03-03,94.0679921741594,94.50326527858758,92.4719784916532,92.71379852294922,7938348
2023-03-06,93.1974400268794,94.06799362896098,92.76216691571952,93.2941665649414,8289319
2023-03-08,93.1007209500081,93.24581445860994,91.40798056909884,92.95562744140624,14292676
2023-03-09,93.00397421251576,93.72943421826118,92.13342072966908,92.32687377929688,7884249
2023-03-10,91.21451713916149,92.37525031689322,90.48905705813875,91.79488372802734,9620249
2023-03-13,90.97268856243645,91.79487510103984,88.8930350496672,89.32830810546875,11482697
2023-03-14,89.81195174940207,89.90867827907756,88.21593818059216,89.71522521972656,14285446
2023-03-15,90.44069060192876,91.16615068697097,89.18322350261762,89.57013702392578,8318506
2023-03-16,89.66687087343611,89.66687087343611,86.71667071480704,88.89305114746094,12278142
2023-03-17,90.05377663854986,91.60142333642358,89.86032356872623,90.34396362304688,13158718
2023-03-20,89.95704630363046,90.29559285140157,88.74794621890425,89.61849975585938,6579446
2023-03-21,89.95705306395588,90.39232617526385,89.3283194966963,90.05377960205078,5886671
2023-03-22,90.44068633752096,90.87595941611788,89.47340626973998,89.61849975585938,6096408
2023-03-23,89.27996253682267,89.71523566090066,87.87740186413197,89.08650207519531,9969670
2023-03-24,91.4718744105804,92.00737001153868,88.79441126209647,89.13518524169922,16650432
2023-03-27,90.6442998431062,91.27715627893764,88.94045959256604,89.32991027832031,15959308
2023-03-28,89.32990210549315,90.0601192889168,87.62606201083796,87.91815185546875,14999850
2023-03-29,87.82078829901141,89.62199672324175,87.52870586697811,89.13518524169922,36103221
2023-03-31,91.76395502638262,95.85316808812732,91.76395502638262,94.97691345214844,64455094
2023-04-03,96.33998378392002,96.38866790058567,93.27307756596949,94.05197143554688,24154016
2023-04-05,92.54285704350198,95.8531688689503,92.54285704350198,95.658447265625,24875169
2023-04-06,95.0255958244959,96.38866940268989,94.97691913522496,96.145263671875,11440418
2023-04-10,96.29130780978768,97.8977871056798,96.14526288686052,97.26493072509766,10870304
2023-04-11,97.75174773196863,98.28723590889597,96.19395246466972,97.36229705810548,8458648
2023-04-12,97.5083332156306,98.43327198319612,96.87547685606587,98.14118957519533,8938731
2023-04-13,98.14119510005528,99.11481803784092,97.84910524745816,98.23855590820312,9153834
2023-04-17,98.33592163423134,98.8227331274701,97.3622986477538,98.72537231445312,8323162
2023-04-18,98.72537066459525,101.11074397034028,98.5306416136616,100.23448181152344,19758227
2023-04-19,100.2831676071864,100.3805284202034,98.57932738085071,98.72537231445312,11271768
2023-04-20,98.82272602684344,100.57525024784192,98.6766811037347,100.13711547851562,13241812
2023-04-21,99.99108695005596,100.76998838224334,99.50427541197747,100.08845520019533,5625649
2023-04-24,100.08845307254984,100.47789635221032,98.82274012919008,99.11483001708984,5994078
2023-04-25,99.11481284396162,99.30953445005342,98.09250584159687,98.4819564819336,5696053
2023-04-26,98.14120244416166,99.21218627023909,97.75175175427331,98.96878051757812,4576455
2023-04-27,98.53064210779014,99.4069042710014,98.48196541592796,98.7740478515625,5362153
2023-04-28,99.26085185842597,100.72128621099614,98.57931879848782,100.57524871826172,11812226
2023-05-02,101.25677644558004,102.32776009543156,100.7699650203609,101.54886627197266,13598952
2023-05-03,101.40282480283976,103.73952120888616,100.91601336108648,103.54479217529295,16034319
2023-05-04,104.12896880616776,105.3946815793053,103.69084146139504,104.42105865478516,15414305
2023-05-05,104.2263338089286,105.1025884713,103.00930519102027,103.4961166381836,9315810
2023-05-08,103.49611890563176,104.66446343315918,103.20402905967325,104.46974182128906,6721354
2023-05-09,104.3723684487936,105.29731463002356,103.78819621378956,104.71314239501952,10063354
2023-05-10,105.05392149738026,105.7354546151662,104.42106507191968,105.19996643066406,10360986
2023-05-11,105.39467659340364,106.1248937522494,104.66445943455788,105.73544311523438,9435021
2023-05-12,105.78413127179574,105.78413127179574,103.78820132343697,104.46974182128906,6855025
2023-05-15,104.27501315125444,105.73544752992233,104.08029153869342,104.81050872802734,7833289
2023-05-16,104.85918406519755,106.22225762001152,104.56710165012169,105.5894012451172,9051577
2023-05-17,105.93018709727204,106.85512599108124,105.10260159126427,105.39469146728516,9456088
2023-05-18,105.63810668724196,106.36832401457312,104.42107780835669,104.95657348632812,7220608
2023-05-19,104.95655943049232,105.00523612223606,102.911945245257,104.17765808105467,9255095
2023-05-22,105.68677395306403,108.36423705946622,104.7618276957784,107.53665161132812,27946526
2023-05-23,108.02345460241176,108.12082283206682,104.90786438542824,105.0539093017578,15214733
2023-05-24,105.05391367494848,106.41698723717823,104.46974141346524,105.93017578125,10722681
2023-05-25,105.15127314478843,107.82873611838258,105.15127314478843,106.70906829833984,11158044
2023-05-26,106.66038424113144,108.0721343765916,106.22224950974012,107.78004455566406,7958341
2023-05-29,108.0721494301674,108.85105077570036,107.2932480846344,108.5102767944336,10330215
2023-05-30,108.51028101709096,109.62994895930862,108.07215363577512,108.31555938720705,7803617
2023-05-31,107.6340229614314,109.4839006731944,107.29324897732936,109.19181823730467,15741522
2023-06-01,109.24048709670652,110.45751572937104,109.04576548674152,109.92202758789062,9185292
2023-06-02,110.4088461017362,110.50620691294505,109.04577246035106,110.31148529052734,9939324
2023-06-05,110.36015919212076,115.52036376542966,110.36015919212076,112.59949493408205,35214281
2023-06-06,113.18366353110731,115.37431508332229,112.84289699750452,114.93618774414062,18999553
2023-06-07,115.61772081134616,115.86112653937006,114.40069217122674,114.93618774414062,11262532
2023-06-08,115.37431778416686,115.56903939988295,113.32971110653384,114.44937896728516,11188999
2023-06-09,114.8875093782598,118.24650562187118,113.6217965579158,117.17552185058594,19873573
2023-06-12,117.75970487929564,120.63189733254332,115.61773714141124,115.95850372314452,24331332
2023-06-13,116.73738894346826,119.2201229187488,115.7637660288908,118.87935638427734,16552079
2023-06-14,119.12275367346462,119.90165492120532,117.90572511646528,118.19781494140624,8660080
2023-06-15,118.19783394925275,119.5122235165535,116.88344438195202,118.73332214355467,13948239
2023-06-16,119.0740900185114,123.89352066036432,118.44123361398688,121.89759063720705,32649860
2023-06-19,123.01725043331336,123.01725043331336,121.16736546017982,121.55681610107422,10053869
2023-06-20,121.70288541076287,123.40672580651356,120.6319015047791,121.84893035888672,15471361
2023-06-21,122.82253313115312,122.96857805512568,118.53859078749392,119.56089782714844,14141162
2023-06-22,120.29110907466574,123.99087153961074,119.56089191904006,120.19374084472656,25032998
2023-06-23,120.48584005383093,120.63188498195112,116.34794251662863,116.88343811035156,12413343
2023-06-26,117.80836431753588,119.3174826994762,116.83474147193644,118.19781494140624,17369553
2023-06-27,118.87936433384448,119.36617582368672,114.7901507904312,115.27696228027344,19093714
2023-06-28,116.0071766800334,119.17145128667887,114.98486960508647,117.56497192382812,61890385
2023-06-30,118.19782435068645,123.35802138625564,117.56496796503691,122.4330825805664,27973500
2023-07-03,122.67648370916191,122.67648370916191,119.46352521218454,120.48583221435548,15492508
2023-07-04,120.72924257773388,120.9239641912753,118.343869385161,118.83068084716795,7595425
2023-07-05,119.31749845754253,120.48584305530213,117.85706399626612,118.5385971069336,15615891
2023-07-06,119.0740907970834,121.8002306240203,118.68464012804849,121.50814819335938,16906327
2023-07-07,121.07001364461756,122.57913220455524,120.38848054357366,120.7779312133789,22837962
2023-07-10,120.92396743264244,121.36210221708497,119.26881138871356,119.75562286376952,9068813
2023-07-11,120.1937509081868,125.25658730649305,120.14507421729468,124.03956604003906,46215137
2023-07-12,124.91582299429476,125.1105446060779,123.21198289265556,124.28296661376952,18031857
2023-07-13,124.3803336762812,125.40264075995049,121.702870524737,122.18968200683594,12374030
2023-07-14,122.6764824141408,124.13691672859488,120.82659746353508,123.79615020751952,9577719
2023-07-17,124.42900656274688,124.8671338858219,123.0659330502925,123.79615020751952,9411535
2023-07-18,124.33163928564454,124.91581895842656,121.94626619167931,123.74746704101562,8994063
2023-07-19,124.38032762748018,124.38032762748018,123.3580205935272,123.55274963378906,8975718
2023-07-20,123.65011372641912,123.89351946210104,122.23836343072536,122.6764907836914,10187180
2023-07-21,123.01726373997276,123.30935360927693,121.45946843604308,121.65419006347656,9926528
2023-07-24,122.04363438528767,124.38033093346488,121.70286784096368,122.6764907836914,13121674
2023-07-25,123.21198765686616,123.84483663370828,122.04363565653088,123.69879913330078,7151050
2023-07-26,123.69879784481692,123.9908802707431,122.33572423936742,122.6764907836914,12681896
2023-07-27,122.8712170699498,125.40264275975612,122.67649544526644,123.89352416992188,11597763
2023-07-28,125.8407710114649,128.22614435724853,124.62374227827858,126.71702575683594,37245053
2023-07-31,126.86306685328644,127.54459991208977,125.45131661941392,127.25251007080078,16197160
2023-08-01,127.54460508510124,129.73525669915833,126.61966626376078,127.00910949707033,17079508
2023-08-02,127.00910795319788,127.25251368513436,120.43715319091272,122.04363250732422,20816954
2023-08-03,122.23836080914054,123.16329961363375,120.24243084809304,121.36209869384766,12415922
2023-08-04,122.96857810468458,124.67241821935988,122.18967679528592,124.23428344726562,10589274
2023-08-07,125.061864855817,125.79208206773066,123.26066388539404,125.15923309326172,8339894
2023-08-08,125.30526560588696,126.57097836075584,124.23428189000352,125.74339294433594,12505272
2023-08-09,126.37627269197256,128.90768366473483,125.5973712940809,128.2261505126953,13111006
2023-08-10,128.12879123672886,129.6378949839472,125.69473376533438,125.98680877685548,11116731
2023-08-11,126.76570144225516,129.73525432489308,126.13285248563209,128.56690979003906,10967883
2023-08-14,128.46954294413032,128.46954294413032,126.03548561341051,127.05779266357422,8529502
2023-08-16,127.30120482837816,128.4208653145559,126.03549198119391,127.83670043945312,7062446
2023-08-17,128.57026294011123,128.71698577757562,125.4403697594743,125.88050842285156,7162118
2023-08-18,125.44036407182251,126.76079492659196,123.97322531074856,124.36446380615234,8997702
2023-08-21,124.41337190743091,126.8586033322016,124.36447175628795,126.41846466064452,5063202
2023-08-22,126.85859133610488,130.77096124577352,126.51626792371292,130.37973022460938,20596242
2023-08-23,131.01547762351044,132.43370865788654,129.89067730216186,130.47752380371094,19426832
2023-08-24,132.09138119534933,132.53151978908355,130.67315020464773,131.4556121826172,17543374
2023-08-25,134.2431856178014,134.92784733186167,130.13520040893383,130.47752380371094,33919926
2023-08-28,133.11840995921352,133.41182580209602,131.65127104676594,131.94468688964844,13346571
2023-08-29,132.33594071543524,132.87389466672147,131.16223250095328,131.6023712158203,11118400
2023-08-30,132.53155626376395,132.53155626376395,131.3089404310724,131.6023712158203,12555619
2023-08-31,131.60235226569358,132.09139852834983,129.3038288614063,130.28192138671875,14954352
2023-09-01,131.11330822221362,135.36800182463173,130.96658538622887,134.83006286621094,23415545
2023-09-04,136.44391654186234,139.23148639800488,136.15048577945123,137.47091674804688,28262276
2023-09-05,138.2044649847813,138.79131149504522,136.15046488759208,136.63951110839844,11695197
2023-09-06,137.42201876312456,137.6665419281835,134.7322639474762,135.2702178955078,10151022
2023-09-07,135.41691630009012,137.91105539316612,134.5855465520705,136.7862548828125,18438943
2023-09-08,137.47092035116032,141.13876766616187,137.12858196528992,140.16067504882812,16579557
2023-09-11,141.18767531784832,143.9263227074724,139.9161519300892,141.52999877929688,19902175
2023-09-12,141.43218410147193,141.77450752813735,130.6731664012758,131.2111053466797,48752780
2023-09-13,132.0425014259133,133.94977901716362,130.37974698545167,132.87388610839844,19282289
2023-09-14,134.97679359086257,135.66145550098662,132.53156182291218,133.80308532714844,13197189
2023-09-15,134.4877117269475,135.1723734562925,132.14029581933423,132.72714233398438,9651337
2023-09-18,141.8234062853998,141.8234062853998,135.95485154255567,136.8351287841797,51859825
2023-09-20,136.93297211575992,137.03078735136071,133.2651246483735,133.90087890625,19080613
2023-09-21,133.9986797903911,134.9767723436056,131.65126363247936,132.28701782226562,9531884
2023-09-22,131.21110380790105,133.90085820140598,131.1133035119325,133.06948852539062,12604969
2023-09-25,133.31402163368793,133.85197553756856,130.6731746526929,133.60745239257812,14984591
2023-09-26,133.6074598636495,135.27021435766082,132.92278307978378,134.6344451904297,12315581
2023-09-27,134.38991451694085,134.53663735864012,132.72716011590754,133.60745239257812,8713378
2023-09-28,133.90087785358656,134.9767857386988,131.65127669754912,132.09141540527344,22012674
2023-09-29,133.02060179206364,135.61254137188456,132.7760786270047,135.2702178955078,8504659
2023-10-03,134.87894374097647,137.5198053123373,134.1942820065337,136.1504669189453,19010910
2023-10-04,134.9767666402115,136.101567059077,133.55853548287888,135.8081512451172,14912053
2023-10-05,136.443898664068,138.2533756914228,135.07457518491225,135.90594482421875,15996620
2023-10-06,135.95484924316406,137.42198790406152,135.61251091915216,135.95484924316406,4987359
2023-10-09,133.216200668845,134.585539176525,132.0914002201326,132.77606201171875,10489249
2023-10-10,134.3899244721407,137.9110639906417,133.50964705477017,136.88406372070312,15593722
2023-10-11,136.88405473751882,137.42200864594557,134.48773088126347,134.7322540283203,10778916
2023-10-12,134.92787064979822,135.66144009688793,134.19430120270852,135.17239379882812,7567439
2023-10-13,133.31399671020273,135.17236629489847,133.31399671020273,134.4387969970703,8303230
2023-10-16,133.99867679417935,134.87895410258625,133.55853813997592,134.38990783691406,7785480
2023-10-17,134.48773972019643,135.8570634639074,134.48773972019643,135.51473999023438,6076896
2023-10-18,135.71033112963246,135.9059466400531,133.41180783979632,134.04757690429688,6806231
2023-10-19,133.02057998545848,134.19428800042874,132.09139509546148,133.99867248535156,7775836
2023-10-20,133.70525654470683,133.90087208142847,130.57536318363384,131.26002502441406,8982112
2023-10-23,131.35783123256584,132.9227703433583,128.52135390914768,129.79287719726562,19333777
2023-10-25,129.5972525689021,131.7001454143684,126.41845203419318,128.3257293701172,10225867
2023-10-26,127.1520297563544,127.34764527877032,124.21775214659236,126.02722930908205,18167694
2023-10-27,126.41844803222212,129.939586790543,126.41844803222212,129.30381774902344,8761931
2023-10-30,130.57535737310602,131.01549604227105,127.93451043360774,129.05931091308594,9052085
2023-10-31,129.5972564296472,130.7220568364035,127.88559455227448,130.33082580566406,8098744
2023-11-01,130.81989704120082,131.6023741766296,129.15714245623334,129.4994659423828,10431945
2023-11-02,130.770958310883,132.0424814878899,130.37972729849923,131.79795837402344,4885035
2023-11-03,132.18920265965673,133.99867985376255,131.79797160798907,132.9716796875,9154983
2023-11-06,133.94978333107315,134.97678358236254,133.02059831305294,134.6344451904297,7070089
2023-11-07,134.5366190597395,135.90594251563508,133.70523451004885,135.02566528320312,8587321
2023-11-08,134.7322489412856,138.0577576458953,134.68334132881913,137.32418823242188,9755483
2023-11-09,136.8840569116261,136.8840569116261,134.58554824749,134.92787170410156,5481774
2023-11-10,134.48773866180204,136.05269286330673,134.047599956538,135.75926208496094,5781314
2023-11-13,136.10157520365937,141.0409456691646,136.00377490132263,140.2584686279297,20245049
2023-11-15,141.33436886161758,142.21464615808074,139.3781838254706,139.9161376953125,11440473
2023-11-16,140.11176741497505,141.1876752637069,139.08476718200538,139.47601318359375,11453235
2023-11-17,139.72052183382533,143.29055354623225,138.6935217074662,142.89932250976562,13496261
2023-11-20,143.19274779758462,143.5350861705204,140.01394691135505,140.69862365722656,7741502
2023-11-21,140.9920437314404,141.38328973006173,139.1336737426427,139.7205352783203,9972235
2023-11-22,140.11177062507355,140.307386168095,137.07967747245848,138.74244689941406,7445272
2023-11-23,138.74241114467216,139.42707283106054,136.05265707889217,136.29718017578125,13138745
2023-11-24,136.88403787168693,139.03583831575662,134.34100641033427,137.27528381347656,19614754
2023-11-28,138.5468064767896,138.69352931689508,137.3241907651183,138.20448303222656,8595693
2023-11-29,138.93804136043124,139.52488790044944,137.42199501416363,137.91104125976562,14680789
2023-11-30,137.91105704821172,143.1438584450218,137.666533897417,142.70370483398438,27591484
2023-12-01,144.70878809055387,147.00731152590154,143.5350800292199,144.21974182128906,34466616
2023-12-04,148.67006503891017,154.04957397123914,148.27883399545294,150.1861114501953,51416976
2023-12-05,150.33282888974492,151.7021674776609,146.66498165793018,148.67007446289062,29109123
2023-12-06,149.25692472424797,153.7072337566782,148.523355333253,152.72914123535156,26688698
2023-12-07,158.255358729257,158.255358729257,154.78312760534178,156.83712768554688,51346222
2023-12-08,157.81523278028828,158.79332529228387,153.85395512180477,155.27218627929688,22869782
2023-12-11,156.29919128356315,159.6736075704412,155.66342217620434,157.71742248535156,22941648
2023-12-12,158.8911294288367,159.2334677861117,156.49480570143504,157.27728271484375,16306341
2023-12-13,156.69043992567853,160.30937975456655,155.9079628188761,159.2823944091797,16804086
2023-12-14,159.52688827169152,160.74950386260113,159.03784203532766,160.40716552734375,13887946
2023-12-15,162.3633572079296,166.4713427788914,161.629787822954,165.34654235839844,39766631
2023-12-18,167.9873800888438,170.53042645591566,165.73776444481967,168.91656494140625,35901409
2023-12-19,169.11218830222148,170.5793270610881,167.35163373118735,169.2589111328125,14732129
2023-12-20,169.94358501804962,172.43772407084208,162.51007547335607,163.5859832763672,24511237
2023-12-21,161.3852817104294,168.08522210275686,160.45609670972567,166.9114990234375,22646625
2023-12-22,168.1830263220113,171.41073501620548,165.68888710720177,170.97059631347656,19640046
2023-12-26,174.10048074201578,180.45808256686465,174.10048074201578,177.9639434814453,52736391
2023-12-27,179.96901263354934,180.8492898777152,175.17636554952375,176.25225830078125,26206240
2023-12-28,177.5238016651373,180.2135562358212,176.83913985022852,178.697509765625,20453485
2023-12-29,178.94202666271073,181.1427348710033,177.13256442393032,180.1646423339844,19305150
2024-01-01,180.7515159563577,182.90331669730665,180.40917757562343,180.89822387695312,18008785
2024-01-02,181.92520805650685,182.12082357489197,175.81212982880166,178.1595458984375,22790965
2024-01-03,178.3551788330078,180.65368732403144,176.64351690533792,178.3551788330078,18738690
2024-01-04,178.50189485755115,183.53906564674176,178.50189485755115,182.8054962158203,25403124
2024-01-05,183.58798967315457,184.517174717156,180.01795742664564,181.87632751464844,22023938
2024-01-08,182.65879023819835,183.39235967690595,179.18655857674725,179.5778045654297,11472441
2024-01-09,180.84928996080671,182.6098593744538,180.164628223418,180.60476684570312,11550790
2024-01-10,180.3602734962243,181.9252276609609,178.06176478962186,181.53399658203125,8701594
2024-01-11,182.90331018456055,183.53906438384803,179.7734169524002,180.31137084960935,10942508
2024-01-12,181.28947304391457,181.43618096707627,179.0887646494352,179.47999572753906,8853157
2024-01-15,180.84930387025184,185.7397665484577,180.066841781345,184.51715087890625,24570393
2024-01-16,184.76168816418053,186.0821191582344,181.04494818367573,182.70770263671875,16471601
2024-01-17,182.21863957650623,184.37044013696996,179.77340827495493,181.58287048339844,16350370
2024-01-18,181.58287217271095,184.85948811707595,176.05665534959613,184.07701110839844,24831623
2024-01-19,185.8375869973647,189.456526496096,185.8375869973647,187.6470642089844,22303305
2024-01-23,190.97257777129693,191.2171009182512,180.3602672236776,183.00112915039065,26628471
2024-01-24,182.7076802884021,186.0331887877208,179.96901832893,185.10400390625,14742783
2024-01-25,186.57114378340276,187.793759404526,184.17482015090263,185.5441436767578,12592882
2024-01-29,185.83758765011603,189.4565271615588,183.44126384689773,186.7178649902344,28919512
2024-01-30,187.79377002868392,188.13610839176852,182.90330726752023,183.78358459472656,20894159
2024-01-31,184.07700834764316,184.9573005658932,180.80040737692764,181.827392578125,23757415
2024-02-01,183.5879570563722,184.2726188132337,177.57269422354403,179.3821563720703,27835431
2024-02-02,180.94712399939627,183.63687854533325,179.82232352271677,180.55589294433597,27710061
2024-02-05,182.9032939064609,182.9032939064609,174.8829385489399,177.57269287109375,23880364
2024-02-06,178.4040684184163,179.52888376317802,176.74131413105914,179.0887451171875,12134363
2024-02-07,180.11572979314622,180.11572979314622,175.71431349701115,177.7194061279297,14192151
2024-02-08,178.2084639584764,183.0011265247212,177.76832528517545,180.7515106201172,29094709
2024-02-09,182.12603434997217,182.3223936549072,173.28973079660426,177.36424255371094,21081134
2024-02-12,177.9533353407546,179.76969261811382,170.49156190775764,171.47337341308594,19640568
2024-02-13,171.57156685034238,173.6824556717358,168.62613222630216,173.38792419433594,13961795
2024-02-14,174.02611050959143,178.8369814789901,172.11158083733102,178.2969970703125,23449380
2024-02-15,179.67152975783944,182.91151115956,179.27881109513373,182.56787109375,17335763
2024-02-16,185.56237185919548,186.9369019545396,183.4514831453625,184.87510681152344,29843059
2024-02-19,186.4950958807021,188.99871826171875,184.87511285953224,185.31692504882807,25343215
2024-02-20,185.6605468027403,187.96779466699755,182.86237824382337,187.18234252929688,17809897
2024-02-21,187.82055356118613,189.04781800554667,183.59876087633484,185.2678375244141,17870782
2024-02-22,186.2987365722656,192.43505859375,185.2678314764053,191.20779418945312,31992371
2024-02-23,192.72959926415777,203.2349792534729,192.3859592487636,201.5659027099609,76179371
2024-02-26,201.9095338024199,203.1367982067168,199.111379949376,200.53500366210935,27013630
2024-02-27,199.8477266019646,205.1985960874192,199.40591443917552,201.614990234375,28877205
2024-02-28,202.44954526492944,205.19862069149733,197.7859402492136,201.9095458984375,38996363
2024-02-29,201.7131929469792,202.15500517669267,196.1168697476772,201.36956787109372,24059731
2024-03-01,202.20408342385755,204.26589364788293,201.0750061467159,201.86045837402344,12949604
2024-03-04,204.1677215791198,209.07677963575293,202.59683198975097,205.7877197265625,34272251
2024-03-05,207.1622314453125,209.8622131347656,206.03315418586132,206.91677856445312,24964592
2024-03-06,207.94770510379135,209.56768829201323,201.8604760270174,206.62225341796875,26236957
2024-03-07,207.604034584332,212.8567319982388,207.30948814389012,211.28582763671875,41484038
2024-03-11,212.51309509281464,212.51309509281464,208.0458497943912,208.6840362548828,22800967
2024-03-12,207.1622314453125,207.5058714710176,197.83502197265625,200.53500366210935,34719550
2024-03-13,200.3877314395029,201.860448676987,184.7769197334189,186.83872985839844,41620003
2024-03-14,185.562363159336,193.5641204459276,182.8623816847954,191.6986846923828,34622781
2024-03-15,193.1714046343086,193.1714046343086,175.84243836863715,185.41510009765625,88781999
2024-03-18,186.54418628868797,188.5078093022531,183.6478453399303,186.4459991455078,22999225
2024-03-19,186.5441862118812,188.9496214062572,181.19331649837028,182.02784729003903,27819341
2024-03-20,183.50055855421212,184.53146359847824,179.1805940597928,184.04055786132807,16235947
2024-03-21,186.5442072336502,193.90779436129432,186.5442072336502,193.2696228027344,43152810
2024-03-22,193.6144467124456,196.0284660690924,189.9195145232768,194.59976196289065,31321524
2024-03-26,194.10711211108645,197.5557156257504,193.0725280497436,196.47186279296875,25723863
2024-03-27,197.0630751452339,200.9550678724084,195.0924443937816,196.52114868164065,37817130
2024-03-28,197.5557155940432,199.477077402104,196.07774265942444,198.54103088378903,17425093
2024-04-01,201.98963183022337,209.62582522868303,200.75798773369763,208.00006103515625,45840349
2024-04-02,210.61114841996277,219.38044870285972,209.4780418224679,217.7546844482422,93873385
2024-04-03,218.44442030176225,222.1393530370245,215.6362804437948,218.2473602294922,47658754
2024-04-04,220.2179779978377,220.61209811906932,215.04507247439855,217.06497192382807,18279026
2024-04-05,217.11422524102164,222.68125048936872,215.5377147988912,221.20327758789065,25365958
2024-04-08,222.23787306840825,222.38566435227835,218.83853822692785,220.26724243164065,16422350
2024-04-09,221.49888533990728,225.5386691018393,217.9517441996913,224.7996826171875,29048035
2024-04-10,225.63719795935796,229.43066778173213,223.1739097720287,225.390869140625,37218693
2024-04-12,227.9034305753344,231.94321426107675,227.16444410461975,230.0711212158203,57174716
2024-04-15,226.62253647351773,234.50505948129228,222.6812749696305,231.00718688964844,51676313
2024-04-16,229.08581926756636,233.47046957563617,226.6225308883452,230.02186584472656,32508661
2024-04-18,232.14029570050369,233.91385125097963,225.8342686236693,227.7556304931641,18623078
2024-04-19,225.19380645399096,231.0564292641987,222.38565193945155,229.87405395507807,27227241
2024-04-22,232.53440215927887,232.68219343489977,228.88873869169137,229.87405395507807,17549094
2024-04-23,230.81012333867372,232.63296277060437,228.34683493591308,230.90866088867188,19202860
2024-04-24,231.7954249634047,235.6381486301009,230.6623183791713,233.02706909179688,33392337
2024-04-25,232.928540957686,236.52495097871295,231.9924943892364,234.1109313964844,16197834
2024-04-26,234.9977121714052,238.1014495258191,234.4065169445077,235.44110107421875,20473627
2024-04-29,236.62346985084312,236.6727386241547,231.4013106436272,231.94322204589844,19876408
2024-04-30,232.83000078748336,233.8153160552808,229.7755174434241,230.31744384765625,14514418
2024-05-02,231.2534961210141,233.91384440356975,227.36150372294952,231.30276489257807,19171145
2024-05-03,233.61825351104807,234.50503122869816,227.75561570255653,230.6623077392578,15782582
2024-05-06,231.64763300077115,232.3866194756336,226.62251895781912,228.4453582763672,32422021
2024-05-07,229.08581364710165,232.33735723484293,222.13933758118125,224.06069946289065,26418769
2024-05-08,223.8636391868484,229.23360470964133,221.30182835863096,228.19903564453125,18952985
2024-05-09,231.0564467271617,234.70211047028403,221.99154862583305,222.8783264160156,35229412
2024-05-10,224.55336171028725,225.14455693275104,219.87311380905936,223.7651214599609,18478580
2024-05-13,225.04601033891785,225.34160793826888,217.7546830734236,221.4496154785156,32874369
2024-05-14,222.4349267310533,228.49460975103528,222.4349267310533,227.55856323242188,23191411
2024-05-15,228.39609522363125,231.05644359280944,226.17913574352968,229.43067932128903,33045920
2024-05-16,231.30275708815347,236.47566219875117,224.15922145923287,234.406494140625,55556781
2024-05-17,237.4609998072671,245.98397158729173,234.357262462678,244.5552673339844,82231249
2024-05-21,278.84419070086017,278.84419070086017,267.0696624933159,270.1241455078125,127035921
2024-05-22,272.9323378175305,280.3222025598824,260.4188214927066,279.4354248046875,85801218
2024-05-23,282.09575260839256,288.9929595677121,279.0412992962428,284.2634582519531,70631009
2024-05-24,283.7707813711346,295.496026393069,281.8001509449461,292.835693359375,63609206
2024-05-27,297.3188882087628,298.74760740440047,285.3965672078796,290.1260986328125,49890427
2024-05-28,291.35776265324847,291.4070163932488,280.86413006147427,284.85467529296875,33893805
2024-05-29,281.2089849045867,289.63344889002246,280.81486479244967,287.85986328125,31645904
2024-05-30,288.6973940308183,291.9489226184073,285.39658163466714,286.38189697265625,42769599
2024-05-31,289.8797935633783,292.8357396701316,282.0957780933771,291.6040954589844,51397345
2024-06-03,318.25683054090865,318.25683054090865,304.75799938492867,313.970703125,67256146
2024-06-04,307.41837951124705,307.41837951124705,226.6717921305411,251.79733276367188,268052657
2024-06-05,260.615877122765,260.615877122765,226.62250184588265,256.5268249511719,193487058
2024-06-06,263.07918991078697,277.3662620220469,263.07918991078697,269.63153076171875,95502477
2024-06-07,269.97640749930656,280.37147247561035,264.7542481411464,279.04132080078125,60109827
2024-06-10,284.6576073951529,287.71209108840395,276.9721594554986,279.2383728027344,42363741
2024-06-11,282.78549363726654,286.2340972182088,281.1597293915668,281.99725341796875,32269277
2024-06-12,283.67227449696736,288.69738864077965,281.84943514183266,286.2341003417969,33990756
2024-06-13,289.5841767930014,298.55055253653416,282.8347605980073,296.4813842773437,49511492
2024-06-14,300.5211630430165,305.9403971306774,297.0725595326868,305.0536193847656,67366844
2024-06-18,308.4036937153255,316.2862162384009,307.6647072287872,313.5765991210937,64859245
2024-06-19,315.2023748604997,315.2023748604997,299.6344043380552,304.7580261230469,58698689
2024-06-20,305.2506864666679,308.74857403594643,297.81156752726105,307.3198547363281,39505506
2024-06-21,308.10811768433985,309.38901559373625,299.63439977839454,300.471923828125,37620968
2024-06-24,300.3240932234359,307.3198379095136,293.08204978030955,305.201416015625,39139609
2024-06-25,306.33452096367034,310.32506597303615,304.65950299419745,305.15216064453125,29124110
2024-06-26,305.4477620327124,306.92573507480614,301.3587092968073,302.3440246582031,24238007
2024-06-27,301.6050138833133,303.6248981839685,296.7769750146125,300.02850341796875,39996580
2024-06-28,301.5064965330773,305.25068282826186,298.3042216515986,301.407958984375,24256902
2024-07-01,306.38382189924243,307.9110486728846,301.35870757101327,303.1322631835937,39495237
2024-07-02,304.4624192632612,304.4624192632612,298.5505276270813,301.6050109863281,23974162
2024-07-03,302.49178829708615,310.81771436756526,301.26014420792865,309.88165283203125,44919849
2024-07-04,312.7390425512293,313.82289529927374,308.4529153613556,312.6897888183594,35591681
2024-07-05,312.98543033428655,322.0010602170956,309.8816928427542,319.2914428710937,63125211
2024-07-08,323.6268100680824,330.8688531935243,320.818655555444,329.6864929199219,70983243
2024-07-09,333.0365966664376,334.3667784362416,323.87317570901234,329.8835754394531,52225572
2024-07-10,335.0071926781215,335.49985031441287,319.3899395937984,328.947509765625,46779965
2024-07-11,330.5732727050781,333.23363595879493,328.10998453290915,330.5732727050781,31919433
2024-07-12,331.9527126570159,332.5439078403972,323.2819501988778,328.2085266113281,24517961
2024-07-15,331.06596502633914,331.1152187671687,326.1393881658281,326.53350830078125,22021426
2024-07-16,328.3563407088593,329.48944734858065,319.7348313879216,321.360595703125,26585927
2024-07-18,321.7054635567253,321.9025386555921,307.71397348146,308.94561767578125,48043715
2024-07-19,305.3492040660203,312.24641113462104,300.5211651318872,301.80206298828125,43313606
2024-07-22,301.5064843260032,310.0787395355957,292.9342291164107,307.7139587402344,39386992
2024-07-23,312.34492454581,312.34492454581,276.9721141836887,297.0232849121094,76513131
2024-07-24,298.05786584204463,301.9991268779725,294.9048449855282,295.693115234375,24099148
2024-07-25,293.5746816442534,298.94463154825434,289.09147935438017,297.0232849121094,27820556
2024-07-26,299.3387532441867,305.9403772776291,297.56519786745247,305.34918212890625,24512844
2024-07-29,308.2066389712702,320.81869388245985,306.2852920210918,316.631103515625,51391698
2024-07-30,320.4245471239961,321.7546987215216,312.93614484094746,313.4288024902344,41111245
2024-07-31,315.2023751490846,315.8921079233872,310.8177398735384,311.4089050292969,25709971
2024-08-01,313.0347053018345,313.0347053018345,303.5263879189475,306.58087158203125,28141436
2024-08-02,300.81674863443914,304.1668447052244,297.2696376150328,298.50128173828125,26155604
2024-08-05,285.59364234970866,293.0820445552545,280.8148571871972,285.9877624511719,50390560
2024-08-06,287.7121086950609,298.15645838075613,282.14508246878785,283.0318603515625,39171936
2024-08-07,291.1606927306969,296.5799272823681,285.54438307664395,295.79168701171875,22199473
2024-08-08,296.57991747924086,298.25496558580244,292.7864474045723,293.87030029296875,21963656
2024-08-09,298.0578811490847,300.5211694230441,296.2350418124674,297.7622985839844,15551076
2024-08-12,294.6092485274053,299.19095825148656,293.8702621180556,296.9739990234375,15361379
2024-08-13,297.56524852067287,298.2056975118791,291.0621609165981,291.8011474609375,14746085
2024-08-14,292.59153334310776,293.4807131492834,287.157619898728,290.1709899902344,16641055
2024-08-16,292.93732833232747,300.2484057074089,292.44333621035054,299.6556091308594,21353408
2024-08-19,301.1375919698442,301.8785801687374,297.48206827916994,298.5194396972656,12232725
2024-08-20,298.51943153331297,300.841200523193,294.2216940670901,299.5074157714844,14183642
2024-08-21,299.3591908025174,303.06413128274653,298.91458588453673,301.7303466796875,11862616
2024-08-22,302.7183504584314,303.212342554529,299.8532023312423,300.8411865234375,13074829
2024-08-23,301.8291890262778,305.48474281952025,300.4460171034706,302.3231811523437,21891698
2024-08-26,304.9907389359016,305.1883176881792,302.12556059446405,303.0147705078125,15280637
2024-08-27,302.91597662255,303.7557692639586,296.00008688299806,297.2844543457031,16873099
2024-08-28,297.4326141493362,300.84117150257583,295.9012507882478,296.3458557128906,14005947
2024-08-29,295.753074355137,297.4326293935603,288.5901889522442,292.64093017578125,19185385
2024-08-30,293.2337136884681,298.5194354624331,290.81317036362054,295.70367431640625,28684991
2024-09-02,298.3218270771607,298.3218270771607,291.5047123003321,293.3324890136719,11713172
2024-09-03,296.395228474118,297.7290130324279,293.1842801656484,293.5794677734375,13971488
2024-09-04,293.5794900424014,298.2724148492153,291.75171329799184,295.3578796386719,17937646
2024-09-05,295.4072766044543,295.9012687057995,286.51541878023994,287.10821533203125,26342723
2024-09-06,286.86121504706654,286.86121504706654,278.660928195247,280.1923217773437,30062372
2024-09-09,278.61153608943584,281.08149651576065,272.43663502362386,278.1669311523437,29170063
2024-09-10,279.1055490088275,284.8852628680372,278.9079400996172,282.3164978027344,19982334
2024-09-11,283.0080557230047,286.9599920981159,280.9332830958949,284.5888061523437,21650737
2024-09-12,287.4046018623776,288.98538263517446,285.52743788569376,288.19500732421875,16102095
2024-09-13,289.47937371764607,290.46735792828645,286.12023343164566,286.4660339355469,12330463
2024-09-16,287.40460612807243,288.6890037160455,284.9346455560696,286.9106140136719,9184637
2024-09-17,287.0094255631905,287.3552260819982,280.488723461698,280.8839111328125,15946216
2024-09-18,281.476710660429,282.5634993805315,277.0307814743716,279.45135498046875,10450571
2024-09-19,280.5875189713685,281.4273115900163,263.8905916543057,269.4233093261719,44560220
2024-09-20,270.7076724171605,276.0427810988545,269.5714966105502,274.0174255371094,38501362
2024-09-23,276.6356047522576,283.2551116406133,275.301819913453,282.8598937988281,19445968
2024-09-24,282.85987933764125,289.8745735582683,281.1309068963332,288.2937927246094,25346532
2024-09-25,290.4673153428608,291.4552994086529,284.1936104949052,286.3671875,19263084
2024-09-26,287.1082038605608,288.3925712123872,285.57681031704664,287.0093994140625,18343882
2024-09-27,288.8371920433617,291.3071525873431,285.72504778812225,289.9239807128906,208588855
2024-09-30,289.9239595330837,291.060135270137,280.1923096705458,281.6742858886719,32695169
2024-10-01,281.6742922176604,283.15626846908526,279.15491449970773,280.5381164550781,13883476
2024-10-03,271.74502999959066,282.85985175263323,271.74502999959066,275.3511962890625,27321529
2024-10-04,275.3512391597874,278.5127708601341,270.2630958443796,273.8692626953125,17451235
2024-10-07,274.06683373113816,275.5488101537841,261.81583466744286,264.1376037597656,21704629
2024-10-08,263.7917778838648,278.1175485929137,262.3591887526061,276.882568359375,29190708
2024-10-09,278.61152624311853,283.15625929711905,275.1535817684699,279.0067138671875,18984175
2024-10-10,280.5381016684313,286.12020589106567,279.9946923143539,283.45263671875,19155691
2024-10-11,283.7490887781746,285.18164785073753,280.73571872389147,282.4646911621094,9677338
2024-10-14,282.66227748215334,285.7250344438266,281.2296883731965,282.26708984375,11386559
2024-10-15,283.69965674451686,285.9720384930029,282.3164848959386,285.3792419433594,14701531
2024-10-16,284.68763297327314,287.55278104030265,281.3284928205184,282.26708984375,11835439
2024-10-17,282.6128968596582,284.44067384422146,278.31518927681304,281.13092041015625,11695551
2024-10-18,279.5007133089558,284.34182967100867,274.4619880542136,283.6996459960937,10095514
2024-10-21,282.8598652790838,283.9960712333244,277.7223655136418,278.9079284667969,8393942
2024-10-22,278.61156868443675,278.7597602971765,267.3979410068537,268.38592529296875,15240897
2024-10-23,267.74370481930106,271.3992582369659,263.10016725101144,265.42193603515625,13503954
2024-10-24,265.76776950192414,269.8678982056983,265.1255857544947,268.08953857421875,10700271
2024-10-25,267.7436995237196,272.6836201791388,254.3565266078868,269.0774841308594,40406841
2024-10-28,273.37526490819164,274.61024526981,264.1869929272185,266.8051452636719,24479817
2024-10-29,267.94134377153506,281.08152238875664,267.59554324984254,280.2417297363281,34271117
2024-10-30,280.0441294809579,291.2083387183738,278.66092750034954,285.08282470703125,40787587
2024-10-31,284.49005438541826,284.9840464714142,280.34050880269865,281.4766845703125,18720310
2024-11-01,283.20567217424525,286.762421415781,282.5634884579271,285.181640625,5265231
2024-11-04,285.5274163634151,285.5274163634151,276.93194228796943,280.7356872558594,15157659
2024-11-05,279.10555628795845,283.7490944175289,273.8198344130356,282.9093017578125,18761867
2024-11-06,284.0454729092174,300.643596309297,283.74908969349286,298.2230529785156,52804364
2024-11-07,297.3832420447783,298.3712262376181,292.54212553004027,296.7410583496094,24357284
2024-11-08,296.74106725474223,300.84119574789435,292.1963338011158,294.1723022460937,22935845
2024-11-11,293.92529001625707,300.14957821507124,290.86253306490244,296.14825439453125,20155408
2024-11-12,296.3952865249875,297.2350792003192,283.84787400174133,286.66363525390625,14292965
2024-11-13,284.5394411126153,285.3792336877426,276.09218851493824,278.1669311523437,20001842
2024-11-14,278.6115596388075,281.032133121556,272.18966198755834,277.5741882324219,20541591
2024-11-18,279.5995491015286,283.25510296992474,273.9186395349781,274.7090148925781,12999925
2024-11-19,276.63559780325943,281.77312810853203,273.6716449696531,275.6476135253906,13160982
2024-11-21,275.1042113764146,275.1042113764146,267.0027289106316,272.1402587890625,14858108
2024-11-22,272.68364285013416,280.0935244493226,272.1896507435216,277.4753723144531,13268900
2024-11-25,286.5154198058921,295.4072776619371,284.49006424348045,288.8371887207031,49366681
2024-11-26,290.4673631449476,297.3832527436369,289.6275705206439,294.32049560546875,27347402
2024-11-27,295.2591158224625,304.2497790355406,293.87594382450163,303.656982421875,39464505
2024-11-28,304.2991363450532,305.78111265842193,300.69300001269954,302.076171875,27772319
2024-11-29,302.02678170336964,306.8678982484324,301.3351807036957,304.29913330078125,23241947
2024-12-02,304.10152104773874,305.6823017789324,299.6555922011292,303.2123413085937,15549685
2024-12-03,305.2871268918136,308.9920677521511,304.1015337561512,308.3498840332031,21405136
2024-12-04,312.20299490736403,316.99472411887217,307.4606829944412,309.0908508300781,41441172
2024-12-05,310.22701623671,311.61018798593284,306.8678762312025,310.72100830078125,17911694
2024-12-06,310.72106024145603,312.0548450675826,309.3378882610198,309.9800720214844,8359798
2024-12-09,309.8318400541328,313.289784630293,309.48603956634,310.81982421875,11830104
2024-12-10,313.7343727635362,314.47536091852885,310.2270408902584,311.0668334960937,15811501
2024-12-11,311.1162114632836,312.6969921774539,309.2390475562182,310.3258361816406,9281006
2024-12-12,309.78243314599246,312.2030064908482,308.3498741497774,309.1896667480469,10978047
2024-12-13,309.23905613909943,312.54880925574923,304.44732671507376,311.8572082519531,15557064
2024-12-16,312.0053864623332,313.536780004764,310.2270270301572,312.4006042480469,10543307
2024-12-17,311.7583929580095,314.8211499169042,306.2750928717876,306.8678894042969,18053073
2024-12-18,306.47272036392854,306.86790802595453,298.0254371025538,300.14959716796875,16598070
2024-12-19,291.4553245148267,296.8398501975727,291.4553245148267,294.91326904296875,13349532
2024-12-20,294.41930595358747,298.47004740124703,285.87324823712544,287.355224609375,14964305
2024-12-23,290.4673403861233,291.75170772203506,284.53943548028406,290.8131408691406,10201072
2024-12-24,292.6903017968691,293.77709038224083,287.9973771267084,288.9359741210937,10685518
2024-12-26,289.4793464648509,292.44329881773336,288.9853544060372,291.6529235839844,9172485
2024-12-27,292.29512950803365,292.5915127055583,287.849200639856,288.540771484375,9495184
2024-12-30,288.5407653698777,288.9853703076277,279.4513290780828,281.4766845703125,25876258
