date,open,high,low,close,volume
2015-01-01,714.8648643009318,725.5713657247936,712.3941332031175,717.912109375,27945
2015-01-02,722.1120934786641,769.2206942278436,720.5061087424272,757.0729370117188,305699
2015-01-05,770.0445288514263,791.169299936939,770.0445288514263,772.4329223632812,226708
2015-01-06,770.0444157798402,770.0444157798402,743.2781660334821,748.8784790039062,91777
2015-01-07,749.7018539787837,756.8669812650786,729.6889503817841,741.2601928710938,73140
2015-01-08,745.3370938423715,756.7436137904493,730.5538784469861,735.618896484375,94791
2015-01-09,735.4541159632457,743.6898843390939,720.6297328867189,722.2357177734375,129845
2015-01-12,724.7476650451848,739.5720491029273,714.8647423400232,717.0472412109375,172364
2015-01-13,717.1707375155535,735.1659225155068,717.1707375155535,723.3887329101562,222029
2015-01-14,722.6887667260008,736.8954689778794,720.7945498125131,724.0064697265625,74009
2015-01-15,726.3949550778357,737.0191190854954,726.3949550778357,731.1716918945312,143693
2015-01-16,731.9950703074115,750.3196546211252,726.9301030057028,731.6244506835938,291702
2015-01-19,732.9834319282352,751.1021235039893,732.9834319282352,735.4541625976562,172216
2015-01-20,735.4541848063594,743.3605030803982,725.9830502875766,728.90673828125,238241
2015-01-21,726.5185400221462,738.9133650021278,726.5185400221462,734.960205078125,78036
2015-01-22,732.2009687723302,744.5134524025482,726.4359309771777,728.494873046875,142801
2015-01-23,731.3362068012103,739.1601864910882,724.7475923255238,727.2183227539062,147616
2015-01-27,727.6301247999229,751.1020643095978,726.5183161931628,738.8307495117188,391592
2015-01-28,741.2192610525623,749.455030619813,735.4542223554869,747.3549194335938,283836
2015-01-29,753.325821437827,753.325821437827,732.983461388558,734.630615234375,131943
2015-01-30,737.1011549039663,749.0430171901199,732.9832713570167,734.3833618164062,177825
2015-02-02,736.6071942684432,737.1013202980981,725.1594553323747,725.9830322265625,241537
2015-02-03,730.5128380253421,757.484986216244,717.8709505068496,743.9371337890625,477429
2015-02-04,743.9779811326777,760.9848598498103,743.4838552266409,752.913818359375,229686
2015-02-05,754.3965260229161,755.2201030163908,739.5721401403697,743.484130859375,108030
2015-02-06,742.0838448175052,753.6139196948072,737.1012153703842,740.8896484375,176826
2015-02-09,740.3543670710482,740.3543670710482,732.9833447307217,733.2304077148438,159231
2015-02-10,740.1483973175826,749.3312474488299,728.9477239317632,739.1600952148438,118791
2015-02-11,742.0015910428449,746.3253696101289,733.8069911333259,740.683837890625,72165
2015-02-12,743.4016542811877,749.4549239446535,736.3600320897531,743.154541015625,314903
2015-02-13,746.1606103153339,756.4553207225543,742.0427261524458,749.2490234375,1023122
2015-02-16,746.9841618135182,748.6313154228094,737.1012401577716,740.5191040039062,120685
2015-02-18,742.8664069228638,753.6140760383294,739.6132679255925,748.054931640625,81049
2015-02-19,746.1606779696524,753.5728701349138,739.5720627116423,748.6314086914062,269943
2015-02-20,751.060998763759,756.8672061240121,744.5135520523471,747.0254516601562,65836
2015-02-23,747.1077087342076,752.6668520933374,737.3071247794048,740.4367065429688,204763
2015-02-24,742.8663621385764,749.4549773238409,737.018986268512,741.1780395507812,629178
2015-02-25,742.2074522106527,746.9841877902826,734.6305352909947,737.2659912109375,186423
2015-02-26,739.5721948296216,739.5721948296216,720.1357964532103,721.6182250976562,303578
2015-02-27,723.9239855400808,736.9776573226575,719.2295878671102,732.7362670898438,328940
2015-03-02,735.4542348879959,759.3379670400137,734.6306579172367,752.54345703125,414567
2015-03-03,753.572669656468,763.4555899142578,748.1370836215364,752.913818359375,422640
2015-03-04,751.1843587553317,761.3555621191531,751.1020211844251,757.4847412109375,242531
2015-03-05,757.6906896185595,758.4730976667025,743.4016516114136,747.0665283203125,107544
2015-03-09,749.4549496122412,750.9785467106398,737.1012965966548,739.0366821289062,211259
2015-03-10,742.0427901882518,747.396040061974,737.3072229922668,738.9132080078125,242918
2015-03-11,740.3955752204445,743.1133687245551,723.1004616724697,727.877197265625,66561
2015-03-12,728.8243204549498,753.5727939628142,728.7419326122654,748.13720703125,267467
2015-03-13,750.278447819703,752.3373897731051,720.6296836907136,725.7770385742188,647290
2015-03-16,727.877241291855,741.219196889291,720.0532608802457,724.8712158203125,98314
2015-03-17,728.8654339202158,732.1597409661828,717.335359259331,724.5828247070312,129284
2015-03-18,724.7476965136666,728.8655811529488,708.7291152134295,711.529296875,142567
2015-03-19,715.6883184884229,727.424289188607,715.6883184884229,717.9943237304688,587870
2015-03-20,718.158877502743,724.7474910578142,712.3938406420559,720.6707763671875,145229
2015-03-23,723.9240563080094,723.9240563080094,713.4234513956918,716.2236328125,661847
2015-03-24,717.3353945506078,723.4298829923365,693.0398788913163,705.6817626953125,167682
2015-03-25,712.517492175303,716.5118195683399,701.6874370945121,712.8880615234375,100476
2015-03-26,711.3233408297253,716.5530337603,682.8687704983894,686.8630981445312,1192257
2015-03-27,697.5695161199508,715.4823106602211,690.2396628448938,706.1759033203125,111618
2015-03-30,704.1582756182722,718.5708719028568,700.0403909655339,708.5643920898438,260353
2015-03-31,714.8646317687754,731.3361670629868,705.9288439785203,725.2828979492188,127601
2015-04-01,723.9241144895769,742.0016379821941,720.4239125708276,732.901123046875,358652
2015-04-06,740.3957127399619,740.3957127399619,714.7001006426088,717.7061767578125,78633
2015-04-07,722.2769120096284,723.1004888762301,711.5704127438073,718.1178588867188,225536
2015-04-08,724.5829237368474,739.5720328980086,719.5179561217183,731.2127075195312,237076
2015-04-09,736.2777191896209,736.2777191896209,716.5942119590144,718.9826049804688,156979
2015-04-10,726.3536583800617,731.3362885810419,716.5119043530478,724.5006103515625,178435
2015-04-13,728.865491556287,730.7185394161758,719.3943580501883,722.1533203125,219328
2015-04-15,721.4532918256585,726.3124151537146,716.5118309227431,720.1767578125,82928
2015-04-16,723.1004155176162,723.1004155176162,712.8057057294952,716.3882446289062,828157
2015-04-17,716.5119526010451,718.4885574047348,712.3940678159817,714.7000732421875,104264
2015-04-20,715.6883441192618,715.6883441192618,695.9224980216068,700.2462768554688,68030
2015-04-21,704.1582637755084,711.7351814625455,686.0395716081854,703.2935180664062,98850
2015-04-22,706.5878257656177,714.0411868086338,692.6281869735421,711.4468994140625,401569
2015-04-23,713.6292056836318,726.3946444465819,711.2408131630656,720.6707763671875,577051
2015-04-24,723.9241627171507,723.9241627171507,696.0872709505127,703.211181640625,190814
2015-04-27,704.1581853717787,715.6882609217259,691.8868705724788,713.1351928710938,44692
2015-04-28,713.1353064993615,718.4061688588924,704.9818745259059,712.9705810546875,47611
2015-04-29,709.099716857606,716.2648460012339,700.5757159778483,708.6055908203125,153047
2015-04-30,704.9817557197539,720.3002644170889,694.6870455018837,710.0055541992188,119618
2015-05-04,713.2176568171055,715.8531131774809,700.1639819348761,705.4760131835938,89730
2015-05-05,705.4760503713832,712.4764549932195,704.2819039143207,709.4292602539062,71688
2015-05-06,708.6880070264158,713.2176805169972,694.5636413989245,697.1167602539062,65463
2015-05-07,693.4519016453431,704.4878546287465,689.3340162436486,697.2815551757812,87318
2015-05-08,700.0402682005796,714.9469879224663,696.7459610561064,706.9171142578125,31634
2015-05-11,706.7112353510345,713.7940260251714,702.3051195568298,706.4641723632812,31666
2015-05-12,709.758603199098,713.2176364315258,695.1401123830939,700.0404052734375,297527
2015-05-13,700.3697238895035,705.7229730364782,697.5695426903845,699.0931396484375,24958
2015-05-14,699.2991274748449,719.7238748608918,690.281000610455,712.5999145507812,118068
2015-05-15,712.5998412428625,712.5998412428625,697.5695643255758,703.5816650390625,52990
2015-05-18,707.4525512609811,717.4178115618741,703.3346667949684,711.4880981445312,56289
2015-05-19,709.8821798159381,713.1353189030265,708.3173634650402,710.9528198242188,66266
2015-05-20,710.0469046065032,712.3117412734103,704.158309165685,709.2233276367188,601584
2015-05-21,712.3941387376905,712.3941387376905,700.864060191647,708.4409790039062,507318
2015-05-22,712.3940178055294,712.3940178055294,701.3580672494298,704.6112060546875,48798
2015-05-25,704.1581326034656,705.6405607239403,695.0987882073975,696.7047729492188,42354
2015-05-26,696.9931135929704,700.0815269377347,688.798513464767,691.516357421875,653453
2015-05-27,695.8812203205356,703.3345802332803,689.4573313975937,699.0931396484375,384422
2015-05-28,699.7933196024934,704.0759296437478,687.6867288142504,700.2462768554688,191165
2015-05-29,702.5110028773955,770.0442997542377,702.5110028773955,756.3317260742188,571193
2015-06-01,748.4665240688581,767.7382397065894,735.4540217552823,755.7139892578125,206170
2015-06-02,755.2199356512156,755.2199356512156,727.5065558555231,739.9837646484375,260628
2015-06-03,739.9839445606808,741.2193100774765,718.9827307751523,737.5543823242188,112443
2015-06-04,745.3371533760483,757.6908078518943,734.671821625138,742.1251831054688,153406
2015-06-05,743.6901020047627,748.8374587462132,728.8657145893853,734.960205078125,102595
2015-06-08,738.5837185987968,757.0318603847459,730.5538442072277,752.4197998046875,130233
2015-06-09,751.9257014491137,751.9257014491137,737.1013174117818,742.6604614257812,121791
2015-06-10,746.1606441827084,751.637450474792,735.4541448732435,740.683837890625,118520
2015-06-11,742.9487150168121,750.2785696681784,726.6007333586722,729.771484375,60298
2015-06-12,672.7799274902687,748.1372068703424,672.7799274902687,737.1012573242188,262492
2015-06-15,737.1013911659675,737.84263054886,722.2770056453112,727.0125732421875,38277
2015-06-16,722.3181317548298,731.3363091337255,713.2176167903225,721.7828369140625,45489
2015-06-17,728.8655840034398,742.8663918317544,717.3355069683571,734.877685546875,117970
2015-06-18,737.1014097613892,749.4550646735912,731.3775395986388,745.213623046875,103955
2015-06-19,749.2490791079514,753.902308664614,733.9305689906729,737.8837280273438,106315
2015-06-22,742.8662341359168,742.8662341359168,732.4479680625221,737.9659423828125,243685
2015-06-23,743.6899350749987,747.8078195438526,733.0246042472385,737.8837280273438,248899
2015-06-24,741.1780836982444,745.3371372282433,733.8893975551161,740.8486328125,541894
2015-06-25,742.8663694492416,742.8663694492416,733.8070234803483,741.4251098632812,294884
2015-06-26,741.2191592277329,749.4549276635967,736.3600357437168,745.5841064453125,249336
2015-06-29,744.4309933010907,744.5133308635811,729.6889503817841,741.2601928710938,103948
2015-06-30,745.3370419852849,746.9841956692303,729.6890819878038,738.3778076171875,367715
2015-07-01,737.1011906911866,778.280028159968,733.8068836936841,765.4322509765625,402351
2015-07-02,765.9264653624489,776.4682389183102,754.6022837509073,758.3495483398438,191933
2015-07-03,761.8087146540723,773.3387924974853,759.1320894404229,761.8910522460938,73181
2015-07-06,756.8672950924829,766.1325367353452,737.1014462543767,764.4442138671875,63290
2015-07-07,769.9621994562235,802.4934927328304,768.5621084263312,796.810791015625,313249
2015-07-08,793.9281383156307,810.7291273246037,786.4336085690943,800.5579223632812,180955
2015-07-09,801.3814515931039,814.2704495271723,774.9858233486325,780.1331787109375,89553
2015-07-10,782.3980328910569,797.2224166721506,779.1037253841472,782.192138671875,70302
2015-07-13,784.4980672173289,800.969603142388,780.7508028478055,794.6280517578125,130925
2015-07-14,788.3277493238224,798.045945834739,786.5570390378696,792.857421875,82622
2015-07-15,794.7106839805771,810.4409855194054,789.0691510311237,808.0938110351562,139316
2015-07-16,809.5760486518066,822.1767644827858,804.7993129451328,809.6583862304688,144106
2015-07-17,809.4113327893134,809.5760582157259,791.5397047671349,797.840087890625,137139
2015-07-20,798.0459702183865,816.9882378293493,798.0459702183865,811.758544921875,128979
2015-07-21,816.9883583415376,816.9883583415376,796.563659436429,811.92333984375,255322
2015-07-22,811.2231190269777,827.6946544386929,807.5170235593416,814.4762573242188,124151
2015-07-23,823.5769079736717,825.2240617896191,810.4820150300322,813.2410278320312,68414
2015-07-24,815.3411531304557,834.6540420130862,807.1053839069158,818.3472290039062,136382
2015-07-27,807.1052484977815,821.1060538288655,799.6930574401488,803.0697021484375,62465
2015-07-28,809.5760423853807,809.5760423853807,783.098026589114,786.392333984375,181808
2015-07-29,786.7629461878596,834.6951283895585,786.7629461878596,828.3535766601562,214995
2015-07-30,834.3369387515645,841.8160547363892,821.4977795000816,829.97412109375,262564
2015-07-31,831.0128172907766,836.829907011812,818.5476250314149,829.4754638671875,263768
2015-08-03,830.181880381791,847.6746916410307,821.373164001476,843.7689208984375,267810
2015-08-04,847.6332048723975,851.7882696021642,840.5280543286975,847.3839111328125,194625
2015-08-05,851.7881017356691,869.4887145729234,847.6330378247634,851.5387573242188,117479
2015-08-06,859.26734454866,996.2183119935656,845.140125150858,960.2354125976562,1673427
2015-08-07,988.9053152658724,1036.813227508119,958.9888519469048,986.66162109375,1239478
2015-08-10,984.7502509160156,1013.0046884950408,952.8809276410155,986.66162109375,429100
2015-08-11,993.9330912906364,996.6338834103806,952.423933077362,961.4819946289062,189789
2015-08-12,955.4987241560432,997.2155333928396,930.6514168272696,937.7150268554688,229181
2015-08-13,946.5236170779508,976.7309132783868,922.4242449135428,957.0359497070312,204764
2015-08-14,963.9330458641076,996.30104820683,962.3126118354731,990.40087890625,214123
2015-08-17,1003.697445243638,1003.697445243638,957.534636965856,969.6259155273438,145126
2015-08-18,980.5535538102156,982.7973493292928,958.1577984899592,965.5538330078124,175568
2015-08-19,962.7284256932514,988.9053315278112,950.05547921779,980.6782836914062,357099
2015-08-20,980.6782674009814,980.6782674009814,944.8616329995992,950.5956420898438,479695
2015-08-21,954.8336418675829,967.963683785985,916.8148088689388,948.9334716796876,201911
2015-08-24,932.3133836009972,932.3133836009972,851.7882140969884,865.5830078125,231069
2015-08-25,873.3944532939007,971.0800485659385,835.1678644722838,926.662353515625,360739
2015-08-26,954.8337453899333,954.8337453899333,898.5326259380898,914.9451293945312,206492
2015-08-27,932.3964859068634,938.7952447431476,893.3388790997132,897.8678588867188,190109
2015-08-28,897.8678633670406,932.3964905594815,897.8678633670406,923.1306762695312,354126
2015-08-31,920.9700726690456,934.889539140696,900.485583811917,913.283203125,134211
2015-09-01,893.3387800029496,918.1860835677096,861.6356206846787,890.7210693359375,168430
2015-09-02,891.4273291814656,904.1418647310398,879.2114824314707,885.8179931640625,106825
2015-09-03,888.1864800481735,917.0225822947848,885.0701821926181,889.1836547851562,250846
2015-09-04,894.128137472396,905.803907313182,878.4220774808306,897.0366821289062,160207
2015-09-07,897.4939574620051,901.6490220798848,857.8961713652106,881.7047119140625,102279
2015-09-08,879.211591597093,900.8179256060954,863.7962627177174,877.0924682617188,138860
2015-09-09,889.0176931829933,934.8895673789146,885.8598034008204,928.7400512695312,149481
2015-09-10,918.2693230625316,932.3965434173398,895.582628621829,922.6321411132812,200374
2015-09-11,929.7786952904634,929.7786952904634,906.2195015763951,921.4685668945312,141744
2015-09-14,928.2414437613628,934.8895472081764,912.5352790798636,921.0531616210938,224167
2015-09-15,928.0751338292029,928.0751338292029,906.6349630537026,912.4104614257812,77418
2015-09-16,913.9893546638424,913.9893546638424,894.1697208243032,905.3468017578124,205006
2015-09-18,907.4660257415234,963.5593927173044,898.5742288866061,927.867431640625,440382
2015-09-21,901.6488393962696,937.2162258957926,901.6488393962696,929.5293579101562,127853
2015-09-22,942.2024787060916,942.2024787060916,901.6490080880922,916.31640625,89331
2015-09-23,901.648880638478,920.5960129005806,899.1558422588323,905.59619140625,731603
2015-09-24,904.9729650438088,927.3272302905904,899.9868881014188,914.7373657226562,88563
2015-09-28,924.0862881416748,929.9033780850126,903.3940479119732,909.7929077148438,109158
2015-09-29,912.410451390516,913.7816427811922,889.1836845075134,892.757080078125,172662
2015-09-30,909.958895436427,929.9031999939376,892.5076289486052,910.2913208007812,254763
2015-10-01,909.9591400889448,921.59332087547,898.366550524888,904.5575561523438,46587
2015-10-05,905.8039916771044,933.7260026917792,904.1419660043024,917.4381713867188,122094
2015-10-06,927.9920535859408,927.9920535859408,892.5494349848725,896.205810546875,183604
2015-10-07,902.8125012385732,905.6379655947504,879.4610573197778,884.3639526367188,125539
2015-10-08,885.0287946491652,890.8458853182208,868.4085355947208,872.2727661132812,60283
2015-10-09,876.7186927016049,895.8319912154789,873.3946407861487,884.6549072265625,111535
2015-10-12,885.9012888705697,893.2557323009448,875.0565306067634,883.7821655273438,65787
2015-10-13,893.3387631081409,893.3387631081409,852.6607269834091,859.2256469726562,106405
2015-10-14,864.1702499000197,875.1811697407294,860.9292796207704,873.1036376953125,62618
2015-10-15,884.1977390937432,892.092361764223,869.3225876683325,876.0537719726562,133455
2015-10-16,885.0286637052354,889.1837278540863,868.408407109832,880.2919311523438,295335
2015-10-19,879.211686853347,890.845867964828,871.7325704245378,882.8681640625,294673
2015-10-20,882.951161252539,910.7900919837956,872.5635005319209,893.0894775390625,556346
2015-10-21,891.6767142334738,900.7762636108778,884.1975992026245,893.7958374023438,152418
2015-10-23,895.0007948898266,904.0588547922448,869.2393978224313,883.241943359375,334249
2015-10-26,889.1838420917593,921.6764276218508,856.9404995774228,882.8681640625,370172
2015-10-27,899.9869978745404,909.834480748478,873.3945842715992,882.9512329101562,105637
2015-10-28,881.0813598632811,885.0286708364956,876.9262956809503,881.0813598632812,573230
2015-10-29,893.33882557893,893.33882557893,879.2116069418678,883.6990966796875,153840
2015-10-30,883.6991121338939,899.9038632068552,873.3945321888413,892.2584838867188,106962
2015-11-02,904.1417987640648,905.7622329185144,889.3082426664876,895.083740234375,86002
2015-11-03,900.8178935796842,904.5574512559836,878.6713817194233,889.4745483398438,237043
2015-11-04,889.2668901393698,916.3994818000414,885.0287446085188,899.8623046875,94655
2015-11-05,897.4939077228934,909.5435944469508,873.4776152741305,880.084228515625,149805
2015-11-06,880.0842664429126,880.5412626800426,824.4478910300143,868.7824096679688,298560
2015-11-09,863.4223216153514,876.3861013435063,838.7412306704051,871.4000244140625,91254
2015-11-10,871.4416565262114,871.4416565262114,833.0903927224584,843.228759765625,72669
2015-11-13,863.422295948652,872.5634367142297,832.633281968792,840.7356567382812,97768
2015-11-16,840.1538814742051,843.3117197470215,826.8576776130901,837.2037963867188,65061
2015-11-17,837.6609746455729,842.314626438537,794.4483053186187,824.4894409179688,557239
2015-11-18,824.3646760806009,830.514190928471,811.0684716276879,820.9990844726562,138675
2015-11-19,820.9990900786177,830.9712434863944,814.3925283017666,827.6056518554688,77066
2015-11-20,831.8438805432147,841.8160349553211,822.868951716519,838.0764770507812,83617
2015-11-23,844.3091440909241,846.5944296679419,827.6888853489768,835.5004272460938,34378
2015-11-24,840.1540021441516,851.7881821936254,827.0655495884934,838.8244018554688,51906
2015-11-26,846.8020982986351,846.8020982986351,816.0961631965014,828.1043090820312,219710
2015-11-27,834.3367946713632,834.3367946713632,819.3785652848248,826.6914672851562,133651
2015-11-30,834.3369779591953,835.1679908854495,820.6668051781133,823.9077758789062,101865
2015-12-01,832.5087209259865,866.7464628730336,825.2373579824208,853.4502563476562,99695
2015-12-02,847.6330914578496,861.718718430277,823.5337192497342,841.940673828125,211752
2015-12-03,837.6609780363868,845.7633535679887,826.9408916600208,830.0571899414062,159913
2015-12-04,824.6139354259147,843.4779348520257,823.9906758681424,826.6914672851562,48624
2015-12-07,826.6084579620284,843.4780079773765,825.6943134321148,834.170654296875,58504
2015-12-08,826.8577514002228,836.8299051859541,815.6806188878495,825.3619384765625,58714
2015-12-09,822.7026856513413,830.1402604789544,804.8359101548727,825.6527709960938,55291
2015-12-10,825.6943639106637,828.4782874461894,815.2236220805974,823.8245849609375,129236
2015-12-11,823.824637267871,828.5198805503643,814.4342014238881,823.3260498046875,77238
2015-12-14,815.6806043968325,855.3199251350994,815.6806043968325,850.5000610351562,323092
2015-12-15,858.0205728795631,858.0205728795631,830.1816487231802,844.0595703125,57088
2015-12-16,843.8521175682478,847.6332163794648,831.8439701920042,840.3203125,133592
2015-12-17,841.2758282876381,851.788161002063,835.1263637042224,848.7549438476562,119541
2015-12-18,843.4780410975004,870.8183840973362,843.4780410975004,851.912841796875,395757
2015-12-21,854.2811060564469,865.0842717945148,851.497233635419,861.4277954101562,126363
2015-12-22,860.929348064622,860.929348064622,842.6470646115123,850.5416870117188,259081
2015-12-23,855.0290945824519,858.0207203893576,845.2231029154907,851.6634521484375,31948
2015-12-24,853.408706712218,860.0568102988698,839.3230778148034,855.8186645507812,25002
2015-12-28,855.9432585408001,878.7545213105483,833.7136642049104,849.08740234375,103039
2015-12-29,845.3479219883702,857.605362980583,840.1540910594665,852.7439575195312,89865
2015-12-30,860.9292421806555,863.1314463414268,841.1511481125962,850.0014038085938,52655
2015-12-31,849.2951187990642,864.2533498542336,844.3090417806744,856.1925659179688,27938
2016-01-01,855.9432716205339,870.070490666698,851.7882071951915,863.2562255859375,34420
2016-01-04,863.256137958717,872.5634407499192,845.264690534856,850.5000610351562,72287
2016-01-05,868.8240482248428,868.8240482248428,839.3230881942527,843.1041870117188,98447
2016-01-06,841.0265048049855,855.943194899126,835.167874634584,839.0321044921875,62021
2016-01-07,840.5694771275126,876.7185352145584,825.1957397801484,835.3341064453125,124496
2016-01-08,850.001607275229,850.001607275229,828.5199420061016,833.38134765625,118495
2016-01-11,829.3508462467886,839.2399197118789,811.8995759349824,818.7554321289062,115195
2016-01-12,821.830144430791,831.0128260140467,817.3841953790172,822.7026977539062,96981
2016-01-13,826.8993717368753,827.6888441320048,798.6033927819846,808.7417602539062,146693
2016-01-14,806.0824222229734,826.4422359801516,793.5756896306204,816.2623291015625,94695
2016-01-15,816.2209574196082,827.6889263757944,799.2267318693978,807.9108276367188,128338
2016-01-18,824.2816888476864,826.0267955922275,793.6172935518886,801.345703125,136696
2016-01-19,801.9274655308812,810.2375947073671,785.3072071779096,787.634033203125,93634
2016-01-20,785.3071125845167,790.2931894898153,739.6014076192804,758.0083618164062,373411
2016-01-21,767.4403547789823,771.1799125445539,727.9672450312814,747.329833984375,376875
2016-01-22,747.9531262020035,768.8531202464251,740.432469845528,757.8006591796875,446743
2016-01-25,760.37687111234,780.3211824857784,743.5073178865081,749.9061279296875,399094
2016-01-27,747.9115496511117,763.6177124821844,744.587498319329,759.3795166015625,164238
2016-01-28,759.5459532079534,767.0250709091257,753.7288616625971,763.0777587890625,524349
2016-01-29,760.418348343777,769.1439838436117,747.9946952736213,767.5234985351562,188417
2016-02-01,775.3351350928691,803.5064963026533,768.7285715467507,784.8917846679688,99737
2016-02-02,791.9552777967426,793.368009842574,724.9756596901616,746.62353515625,730375
2016-02-03,737.9394145279864,759.1302423100401,734.6153631111937,745.33544921875,120882
2016-02-04,748.7425389736072,796.9412817710204,739.6013980982358,775.4180297851562,112050
2016-02-05,778.6590177517519,810.2375051312252,769.5178766682201,803.755615234375,209665
2016-02-08,814.3925709076495,814.5172431201672,765.4458950820458,790.4594116210938,288373
2016-02-09,788.6311194959246,788.6311194959246,765.3627619133263,770.4735107421875,196701
2016-02-10,770.5566285341195,782.8140674889626,764.1162792527613,773.5067138671875,120624
2016-02-11,777.0159170684483,789.4649021592387,751.9508874855951,770.3319091796875,354691
2016-02-12,770.7496295454122,770.7496295454122,721.120852513296,737.8308715820312,289119
2016-02-15,750.1127139890096,767.4075931907705,742.8856616451939,755.3345947265625,55346
2016-02-16,751.9509338440694,768.2014392244646,735.3244427977648,741.2565307617188,63113
2016-02-17,746.1023945934144,746.1023945934144,716.0661233802806,737.3713989257812,74831
2016-02-18,742.7605057349813,756.1285238359483,732.734492159256,741.8832397460938,110481
2016-02-19,739.4184092997543,744.6402907213628,720.3689960727139,725.4237670898438,64482
2016-02-22,731.0633049423278,742.2590376674162,726.9275651896683,734.8230590820312,53568
2016-02-23,736.0763508978454,740.2538557270045,722.2488201123149,734.69775390625,166420
2016-02-24,731.0633618666226,731.0633618666226,712.6823401968333,717.61181640625,351200
2016-02-25,723.5437895940123,723.5437895940123,695.1367585937854,702.614501953125,125268
2016-02-26,717.3611434869694,734.4053844105114,681.7688210227273,696.1812133789062,274243
2016-02-29,695.9722353204887,702.6562423823901,660.0456973627684,676.1290893554688,317307
2016-03-01,683.4397883887997,708.5048173028143,670.3641779073494,690.08203125,318604
2016-03-02,700.9852627922565,709.3402718839401,691.502347871167,699.6902465820312,292554
2016-03-03,692.7137917830751,741.5905955613783,692.7137917830751,732.4000854492188,357457
2016-03-04,739.4183380980957,741.0475751437386,721.0373172640187,731.4810791015625,297605
2016-03-08,734.405392087736,738.5828971621828,720.2018748346171,722.87548828125,106566
2016-03-09,718.5308582402336,730.1443425097644,712.7241161054682,721.37158203125,171258
2016-03-10,722.7083123944662,742.7603349348908,706.8337945499635,711.3455200195312,140061
2016-03-11,711.3456665545551,716.0244523798308,703.8679214094765,708.003662109375,286977
2016-03-14,711.721464586661,726.1338559888854,697.2255434873235,703.366455078125,317214
2016-03-15,701.8207989547666,705.9983037104497,694.3848200916782,704.5779418945312,105374
2016-03-16,704.5780229497987,714.8129107786527,695.5546218384494,707.9617919921875,105385
2016-03-17,720.2018506661194,720.2018506661194,701.904358656095,706.7503051757812,240037
2016-03-18,706.8336926280973,711.3454174470969,697.852058826972,701.4447021484375,223524
2016-03-21,710.0086799199427,714.0190741838549,698.0610268232111,709.7998046875,295143
2016-03-22,714.3115298413584,751.8254909771831,709.4238188070558,742.0501708984375,348528
2016-03-23,743.5957252621051,748.6087301515126,730.1441825401643,734.5723266601562,217856
2016-03-28,733.5697799821514,743.5957906424998,724.755255808914,733.5280151367188,125121
2016-03-29,720.2018618328577,729.3506079797214,703.9931220386458,709.298583984375,251291
2016-03-30,706.6667223542103,711.7214931104693,699.4814342868755,708.2959594726562,619688
2016-03-31,713.5178290741529,724.3793416947196,698.5623412986305,703.32470703125,807711
2016-04-01,701.8209533425805,747.6899860483047,701.8209533425805,719.9931030273438,508939
2016-04-04,718.6979609453838,733.3609931035224,718.530850548595,721.037353515625,123686
2016-04-05,718.7396908753258,718.7814557237604,698.6459032648943,700.4421997070312,182611
2016-04-06,700.1497459991322,739.4182878391789,691.9200826284975,730.7708740234375,309013
2016-04-07,728.9328014864074,732.7343205445223,716.0243018319904,719.2827758789062,96467
2016-04-08,718.5307790416787,731.0632926296149,718.1130285887475,724.17041015625,67789
2016-04-11,726.885795226727,738.6663377169128,723.5855564172292,735.3661499023438,205918
2016-04-12,735.3243471795162,757.7158128715816,729.8935911412777,744.0971069335938,437155
2016-04-13,751.9508652854707,767.8253835526084,748.6088614397574,757.1309814453125,460780
2016-04-18,760.3058527362733,763.9820772573659,737.7473274353069,742.0083618164062,179126
2016-04-20,745.3503792687354,754.7497649836222,736.1598687919573,745.4339599609375,294543
2016-04-21,750.4052587099976,751.86738548954,729.3923877374565,732.692626953125,534171
2016-04-22,737.5802312935118,737.7473416831398,724.0451056525472,732.1494750976562,65922
2016-04-25,732.7342977601605,738.457458593269,714.353277747933,721.91455078125,73717
2016-04-26,726.0503088989941,740.1702950281433,721.3297082417824,736.8700561523438,120077
2016-04-27,735.2408761009323,756.1284009901633,733.7369845078944,742.3843994140625,170866
2016-04-28,746.018798458336,752.6192251877047,715.0216834554656,725.8414306640625,162437
2016-04-29,730.3112541462442,756.1282501573199,727.721221974614,739.5435791015625,269755
2016-05-02,743.4286886616297,747.7733035291647,736.0762909599933,742.8020629882812,63853
2016-05-03,747.7733319607539,764.3998208570711,742.0501709912049,746.5200805664062,365695
2016-05-04,745.6845509418805,746.4782869934093,706.1653686931899,712.9746704101562,285712
2016-05-05,718.5309363406369,723.543942873246,703.5336815982602,710.8025512695312,202225
2016-05-06,714.3533728948636,718.9486285099767,711.011368811145,714.22802734375,53608
2016-05-09,713.5177474718445,724.0450381021469,710.5934944084353,722.1651611328125,105433
2016-05-10,725.9668753233028,744.4314279416128,716.1079222381155,736.5776977539062,219353
2016-05-11,736.7446908202752,747.7733130100232,724.1286475015411,727.0946655273438,260617
2016-05-12,727.7214246207519,735.1155886176031,719.8259293900007,722.7501831054688,276302
2016-05-13,726.8857343876412,726.8857343876412,710.1757175051666,713.64306640625,106345
2016-05-16,716.859881784311,722.4159840166277,706.0401332763416,710.426513671875,327263
2016-05-17,711.0947950422111,713.2253631315061,704.6196630722177,710.217529296875,109836
2016-05-18,713.9354936637646,726.885757153277,703.5334976296549,717.5281372070312,135039
2016-05-19,718.5309149808711,725.5491443158687,711.0114054054899,717.570068359375,191752
2016-05-20,717.6952723982432,725.2147804908907,712.1391710207048,722.29052734375,90621
2016-05-23,726.635211421398,736.9118632610865,726.4681010266607,728.3062133789062,245707
2016-05-24,725.214863806628,734.4053747534862,720.368968233635,727.3871459960938,231406
2016-05-25,731.8988290796148,733.4444854325526,716.0660759456301,720.1182861328125,192219
2016-05-26,706.9173289268512,706.9173289268512,623.4090502983588,674.7923583984375,3632827
2016-05-27,674.2492075707572,674.7923035386424,634.1869303296185,654.9491577148438,2720009
2016-05-30,650.0196770931025,663.3041613288369,650.0196770931025,658.7506713867188,267302
2016-05-31,658.7506108001805,671.7426379394531,658.3328604034521,668.400634765625,605367
2016-06-01,671.2832319949783,674.2492500956697,644.1712166341529,648.4322509765625,541454
2016-06-02,655.0325448457146,662.1760655886077,643.3355351163269,660.0037841796875,387716
2016-06-03,659.210314104732,669.236326486553,657.5393120410952,667.5235595703125,352675
2016-06-06,667.3982025957615,672.2859141452129,661.8003355793924,668.2337036132812,390713
2016-06-07,672.578306073557,672.578306073557,664.4321713105543,668.4425659179688,344320
2016-06-08,668.400634765625,674.2491403198242,664.2231307983399,668.400634765625,149602
2016-06-09,668.4006780846202,671.116055839339,657.956917489548,662.7610473632812,231849
2016-06-10,666.687930777133,668.5678077384725,656.703685161256,665.6435546875,547025
2016-06-13,664.2233278517202,668.359068205256,657.7064299283887,666.6463012695312,172541
2016-06-14,668.3590232758244,683.6069162549509,666.5209109094909,668.6514282226562,390478
2016-06-15,671.7427920667261,675.0847960073565,667.7323975369561,668.6514282226562,156533
2016-06-16,668.3589790606454,670.0717457679241,661.6332067740556,668.609619140625,337636
2016-06-17,669.8212814533179,673.5810366243849,666.1450559991861,668.2755737304688,155719
2016-06-20,667.272749747583,671.7426587329738,661.1317881286301,668.5260009765625,141645
2016-06-21,670.0718330147627,674.2493382081215,666.0196733751791,669.4034423828125,212628
2016-06-22,669.2361981362304,679.2622085952001,661.8838006653045,676.5050659179688,141317
2016-06-23,680.9333129257894,682.6043149206993,669.4451742107838,680.0142822265625,112794
2016-06-24,668.4006738793395,684.4423002514285,647.429623134345,668.9855346679688,391224
2016-06-27,670.0717975775694,679.2205436661751,666.771558450364,673.45556640625,343391
2016-06-28,673.4137118220661,684.4423336786834,673.4137118220661,677.340576171875,402978
2016-06-29,678.4685041557487,697.6432602502349,678.4267393092105,694.5101318359375,430007
2016-06-30,701.820916860327,714.3534332328328,691.4606829277462,709.2568969726562,594336
2016-07-01,708.5047636861316,721.6639028701605,699.7320042301122,705.0374145507812,111636
2016-07-04,708.4213032817822,716.0243418226494,701.820825123717,712.2645874023438,508523
2016-07-05,712.2647523197564,715.1890064348522,701.8209876229859,703.1995849609375,325021
2016-07-07,703.5752374462301,705.8728647577982,685.9461901081677,688.9957885742188,543058
2016-07-08,692.6303133247496,692.6303133247496,679.2622976272877,683.4815673828125,163789
2016-07-11,687.700760154165,697.6432411141216,686.4893246631422,688.3692016601562,234065
2016-07-12,691.7948740333296,691.7948740333296,679.3458879069772,682.2701416015625,367130
2016-07-13,681.768661290157,694.2594086046903,681.768661290157,685.4448852539062,302438
2016-07-14,682.6043198665786,690.1238288981566,680.9333178595613,683.9411010742188,124968
2016-07-15,683.4397544264109,689.2882608823827,681.0167813538224,683.2726440429688,188336
2016-07-18,684.2753094779692,692.2125688675184,683.6069188862571,687.784423828125,182750
2016-07-19,687.6174562786296,706.7086374310368,687.6174562786296,705.1212158203125,335827
2016-07-20,706.0400876321596,717.6118067149617,705.9983227824607,714.3533325195312,284845
2016-07-21,714.3533316569655,744.6402419172754,714.3533316569655,739.0006103515625,615642
2016-07-22,746.9379106845678,747.8151765551768,735.7421766365119,741.2982788085938,222406
2016-07-25,741.2982526968983,755.9612848589492,739.7107804193824,746.1859130859375,318434
2016-07-26,741.4235174183863,751.9508083371351,734.8648047709335,744.0135498046875,138043
2016-07-27,744.0135580347234,750.9064405207273,732.2330156384336,736.7446899414062,283345
2016-07-28,741.2608327739326,758.7340009313691,735.4786045565254,747.5072631835938,252847
2016-07-29,748.9423157640506,749.7864322089805,732.7352697172408,734.8877563476562,96930
2016-08-01,735.2254194891416,742.822467451716,702.0516536900559,711.8433837890625,509858
2016-08-02,709.3109721203898,724.8005383505865,707.4117102966896,718.047607421875,205842
2016-08-03,717.583369290078,719.7781029595575,683.7343204537062,697.493408203125,306162
2016-08-04,697.4510891409285,716.4859012998643,687.5327226690302,708.3402099609375,752336
2016-08-05,708.4669251352395,740.4589591513352,705.5125175645999,723.0701293945312,1387249
2016-08-08,725.095844414231,784.1839807460077,724.2939236884323,762.6168212890625,676576
2016-08-09,768.1458547251904,771.1846528828274,744.5105976567229,758.3541259765625,806040
2016-08-10,758.0164796964324,763.9252941261373,749.2376490782758,756.7503051757812,206894
2016-08-11,749.7864271817934,757.1724460254081,731.8489528473008,751.6434936523438,148497
2016-08-12,757.1724232005281,768.1459365802459,752.1499202341172,761.8150634765625,187993
2016-08-16,767.3017692475584,780.8076309724879,753.7959075226289,760.8020629882812,324070
2016-08-17,756.3283594014049,764.7273286073959,751.1370224869333,755.7796630859375,190958
2016-08-18,757.9321400016231,762.1949175390272,753.416086326317,756.20166015625,137675
2016-08-19,755.4840293950667,760.5487267988325,752.9516806931838,755.5684204101562,114081
2016-08-22,757.1723557534956,758.4807257742217,738.6861873291314,741.4295654296875,88255
2016-08-23,739.4459819222897,753.0362356392627,737.4200819114518,747.465087890625,95382
2016-08-24,751.263557936478,774.3079241847568,746.1566642793791,761.5195922851562,272503
2016-08-25,770.256146033932,772.3664368449839,754.1335448458045,757.6365966796875,278738
2016-08-26,763.9253869686889,763.9253869686889,748.2670371311109,755.273193359375,178094
2016-08-29,755.4841907761747,763.883159402367,749.0689266359952,760.1268310546875,85320
2016-08-30,762.2371086025831,786.6742886675853,762.1104705343719,774.2235717773438,468928
2016-08-31,779.1193644439322,788.1936148965566,770.6782012321886,776.9246826171875,177971
2016-09-01,782.411418594737,782.791229712886,774.898762921072,778.359619140625,123984
2016-09-02,778.3596593164617,792.2031879507618,775.2364700638016,779.9635009765625,327330
2016-09-06,787.5605074132465,787.5605074132465,765.6556791376307,778.359619140625,229006
2016-09-07,780.8498326923041,786.7164517298521,773.7170391079804,782.0316162109375,172946
2016-09-08,782.4958689061882,797.4367388431796,774.8988216352543,789.7552490234375,429986
2016-09-09,789.797434768451,799.3781341416719,783.2132864279647,788.3624267578125,178990
2016-09-12,782.495869971846,787.9404308275849,769.201037229606,783.846435546875,414521
2016-09-14,787.5606222780729,791.3591461797356,766.2466826076319,771.3535766601562,450302
2016-09-15,771.395619930085,774.8987230007592,757.2989196716308,764.8115234375,297083
2016-09-16,767.8926275676305,782.8334967544533,767.8926275676305,777.768798828125,198978
2016-09-19,779.1193947965471,784.9015712135424,774.8566175127033,778.4019165039062,205562
2016-09-20,780.807679920852,782.7913328777456,768.6523829980977,773.6326904296875,90304
2016-09-21,773.2104597025934,773.9701849110442,757.1722514773213,759.9578247070312,326222
2016-09-22,764.00965329736,771.859976214698,757.3411653457691,765.4024658203125,78866
2016-09-23,768.1881538629484,768.990074782959,752.6141952824528,756.7081909179688,256870
2016-09-26,759.7046613322836,765.0225836574557,752.2764482811887,753.9224853515625,229079
2016-09-27,754.6820378730127,767.301584691061,753.2470301057419,762.4901123046875,292422
2016-09-28,762.4903157165435,768.3569348614423,755.7373846768384,762.0260620117188,142091
2016-09-29,762.068281042773,767.301813064198,738.686246292107,749.44873046875,581583
2016-09-30,747.8870823321456,773.1683771914331,747.8870823321456,764.3473510742188,176975
2016-10-03,760.5488933225247,786.4632776832857,760.2112261467009,783.8887329101562,263434
2016-10-04,783.9309286865616,789.5865189984291,774.5612055225125,784.4373779296875,162118
2016-10-05,784.1841518088909,793.4694324008153,779.035062270771,788.9534301757812,117217
2016-10-06,788.9533717322712,788.9533717322712,770.7204275535817,773.75927734375,121947
2016-10-07,773.7592271660359,775.9961044490442,766.7530206579463,768.5256958007812,42450
2016-10-10,768.568067243289,773.97043340938,755.4842615955449,760.380126953125,263969
2016-10-13,762.996831462221,762.996831462221,737.5045059818427,738.9395141601562,121427
2016-10-14,742.6535451427786,744.299582308858,731.0891409881774,734.1279907226562,108579
2016-10-17,734.296826590356,745.1858964908229,713.7847582610078,719.35595703125,465207
2016-10-18,721.3395788691272,738.9816302699245,716.3170765451017,726.0244140625,361227
2016-10-19,729.6541252568278,732.9883433106453,706.905181449345,713.0250244140625,288771
2016-10-20,717.245625239041,729.1476443748567,710.4082523459123,725.7711791992188,190652
2016-10-21,726.9951792437904,731.2579563476838,711.8432810239019,718.97607421875,181786
2016-10-24,727.6283488219361,727.6283488219361,717.1612846806879,718.5119018554688,199944
2016-10-25,720.8753542055452,738.3485727439561,717.2878597613139,732.0177001953125,184526
2016-10-26,732.1443360388222,760.591068910578,730.3295166984587,740.332275390625,358703
2016-10-27,755.4840730554918,755.4840730554918,706.1454660249765,717.4988403320312,974685
2016-10-28,721.930553485826,727.5017011359269,714.5023394454327,716.697021484375,199613
2016-11-01,730.1605534169095,730.1605534169095,715.8105772225887,719.8201293945312,354242
2016-11-02,719.8202535507406,724.1252265432614,702.3470339255649,710.1129150390625,253660
2016-11-03,707.8336791505953,716.1904507285549,706.7785338261443,708.6777954101562,336047
2016-11-04,709.9019603306862,715.1776883355218,696.3960966383069,699.26611328125,161863
2016-11-07,703.9085793497504,711.5478213019944,699.0126637588697,707.9603271484375,178815
2016-11-08,711.1680605294623,716.4015924660005,706.9474785678632,710.1129150390625,116605
2016-11-09,691.3313083117305,702.3048211420753,639.1649268531687,693.5682373046875,225505
2016-11-10,692.3442884495892,711.5901322562798,692.3442884495892,696.438232421875,249040
2016-11-11,694.5811700552699,696.438236468631,675.3775216532568,679.555908203125,221195
2016-11-15,681.2018237124058,681.539490825651,645.7489406939163,663.8130493164062,418789
2016-11-16,682.8901280216921,682.8901280216921,657.5666374893674,675.5885009765625,134408
2016-11-17,669.3842585721519,681.0330537765669,645.7490010185325,657.4822387695312,184529
2016-11-18,660.3100872003603,677.8255033836872,654.1902429917279,667.2740478515625,144029
2016-11-21,666.8518698770491,666.8518698770491,641.5283811475409,643.638671875,201101
2016-11-22,648.2814218614458,656.7225862086,638.9539455619961,651.8267211914062,247576
2016-11-23,651.8687643563013,659.8878686118984,631.0190829875955,644.0184936523438,240788
2016-11-24,633.0871781183807,666.6829940663762,633.0871781183807,655.1185913085938,208762
2016-11-25,655.0342913529287,660.3100185706552,646.6353233181533,655.6251831054688,111091
2016-11-28,655.6672567822561,658.2418008819474,642.077006603057,645.6222534179688,211016
2016-11-29,645.6645705165034,661.744975529059,640.6842637996084,655.0342407226562,99989
2016-11-30,655.0765455797853,668.5402129503011,654.6122918471699,665.8812255859375,121245
2016-12-01,665.1636885784609,674.1535483788524,650.8981015526692,652.3753051757812,178335
2016-12-02,651.6577249607345,654.2322691399107,634.3533423678653,638.2785034179688,190942
2016-12-05,637.3079774053214,655.0344244589793,633.9315112998627,653.34619140625,80875
2016-12-06,651.6578462311104,660.6899018133391,641.5284496575698,656.5537109375,333327
2016-12-07,661.7027805799761,661.7027805799761,645.6645710641428,649.1254272460938,114539
2016-12-08,651.3201070269974,674.0268557760384,646.0021847182659,670.650390625,100734
2016-12-09,669.0888063990346,682.0881665181465,662.631296089977,670.4815673828125,110949
2016-12-12,678.669475538758,678.669475538758,651.1935014787491,654.105712890625,141842
2016-12-13,652.6285496865152,665.5013234929469,648.4079681106359,657.9464721679688,158115
2016-12-14,661.744944355074,665.2058003710529,653.7258399817291,662.4202270507812,51953
2016-12-15,661.5761499687336,681.8771366747843,655.8783649450794,677.6565551757812,155521
2016-12-16,677.6566833895048,701.4607778518089,677.6566833895048,690.445068359375,490662
2016-12-19,682.1725774055323,689.6429857122229,675.5884293485809,680.39990234375,103826
2016-12-20,681.3707788356924,687.5328183460566,674.6178475321093,679.0072631835938,66951
2016-12-21,679.5136917445934,684.1141363593175,675.5041389051067,681.1597290039062,71928
2016-12-22,681.1597299803371,683.0589918543956,671.0725288339609,676.51708984375,238711
2016-12-23,682.8901693881473,682.8901693881473,660.8165048620368,673.3938598632812,185782
2016-12-26,672.7607943298118,678.1631600870702,660.9431643164902,668.8356323242188,72435
2016-12-27,669.3843068577748,678.6695872807704,658.4107936305982,673.81591796875,64331
2016-12-28,675.2931292248929,687.5328171920941,672.7607799902996,685.4647216796875,141147
2016-12-29,685.7602449610944,691.3313930882921,679.5559579568079,682.67919921875,110494
2016-12-30,680.5688453266639,694.7077949815124,680.1045916123018,691.1203002929688,107935
2017-01-02,697.8732094680105,699.519246695011,688.4190958121268,697.3667602539062,74747
2017-01-03,696.5226711386409,724.2096788765323,696.5226711386409,711.5057373046875,196233
2017-01-04,713.3205748080832,720.8332316006424,678.205352128223,682.3414916992188,287533
2017-01-05,687.0262557566188,691.5422572125003,681.2862238789785,687.828125,101255
2017-01-06,689.432038599131,693.4415913182567,680.4421787363607,682.4680786132812,105312
2017-01-09,682.8901679469205,686.5198581646092,670.3128129722205,679.7247314453125,162980
2017-01-10,680.5266280434479,702.3048200931429,678.585170695903,699.0549926757812,210771
2017-01-11,692.639745435407,713.2784030222787,689.1788885852676,709.5642700195312,228896
2017-01-12,709.0576981466668,716.6547449125239,702.8956594074035,715.0509033203125,122813
2017-01-13,716.7390540987253,721.6771648451686,702.7267456054688,719.6090698242188,149688
2017-01-16,719.6092029325384,724.8849302267653,710.3661184088982,715.641845703125,105770
2017-01-17,716.4436957041422,717.8787036904134,705.6812130882627,709.0576782226562,129281
2017-01-18,709.0577913990976,713.2783734907589,700.616627215775,703.3178100585938,135626
2017-01-19,702.3047081058298,707.3694055200546,697.4088442428992,702.3890991210938,101029
2017-01-20,703.2332562462748,703.2332562462748,694.7077023782516,697.662109375,163017
2017-01-23,690.7405336285167,708.9734812572837,690.7405336285167,707.2008056640625,111833
2017-01-24,702.3891488192911,714.1645814446986,702.3891488192911,708.7622680664062,95255
2017-01-25,711.7166652705138,718.3429574898149,702.3891391182199,707.3694458007812,242656
2017-01-27,707.3695756956236,719.1872058385098,702.4737106548693,715.09326171875,134261
2017-01-30,715.09334236082,725.9402192140179,708.8046638785881,717.7100830078125,355004
2017-01-31,717.7100144070467,718.0476815966732,706.0190221373373,708.1715087890625,103015
2017-02-01,709.0577276127794,720.0312400639297,696.8180406480351,717.667724609375,149450
2017-02-02,744.5106273715096,775.5740990257127,744.5106273715096,762.0682373046875,1914420
2017-02-03,760.548880658235,765.3181589532483,747.0430181826172,752.6986083984375,436550
2017-02-06,754.6399123503246,777.431050642784,754.5977168428251,771.4800415039062,620076
2017-02-07,772.3664360984084,773.4215815029144,759.7046912443361,763.1233520507812,256559
2017-02-08,763.0811254635985,770.5093385046654,759.7046603066799,764.89599609375,187188
2017-02-09,769.1400360178211,774.4874649285349,761.3734963524421,769.0126953125,167909
2017-02-10,776.6519237429223,776.6519237429223,751.1879262431544,757.3841552734375,133478
2017-02-13,765.108233036857,765.108233036857,740.1534958264762,741.7237548828125,147869
2017-02-14,739.3471858846054,758.8271550931221,732.641697365416,751.65478515625,243134
2017-02-15,752.036639735161,757.1294386498461,743.7608414987978,750.3814697265625,147040
2017-02-16,749.4052901001983,758.826946226672,747.1983797542675,756.4503173828125,97673
2017-02-17,751.4000502016306,761.5432185408268,748.7687914488521,754.370849609375,94770
2017-02-20,753.7768034756349,759.0818032915023,749.1508332748708,754.0314331054688,208119
2017-02-21,758.9969739330684,778.6042333026813,743.5912331379147,767.824462890625,307061
2017-02-22,767.3149433880442,767.3149433880442,752.4609483556429,756.4503173828125,163524
2017-02-23,755.43183626957,759.6334057202604,745.2462384771713,748.8536376953125,283518
2017-02-27,756.1959081962815,760.3549969334016,750.4240269992358,757.1719970703125,174154
2017-02-28,757.1718410660886,763.834950490635,747.8774730195098,753.6493530273438,284304
2017-03-01,756.577719138788,757.8509189029571,745.5433211826554,748.1322021484375,179214
2017-03-02,751.1877622612537,754.4556205043733,735.9093670966181,743.3363647460938,135119
2017-03-03,740.365715934393,749.4903148983308,740.365715934393,745.6707153320312,84067
2017-03-06,745.6706217751313,749.4053616051367,738.5406827566221,739.9412231445312,113307
2017-03-07,740.7901587662873,744.7370992692497,731.3260185704221,733.3631591796875,114916
2017-03-08,736.758264253109,740.7476338794003,729.5858952132819,731.9625244140625,288776
2017-03-09,731.8352371728496,734.5089256022742,725.7238679237445,729.5010375976562,161056
2017-03-10,725.723976478599,730.0104059783436,722.7531765748854,726.1483764648438,239359
2017-03-14,730.8167108656992,736.7158805075331,712.9919130397066,719.0183715820312,400592
2017-03-15,719.0184039790068,741.936002216458,719.0184039790068,740.2808837890625,886486
2017-03-16,742.615110427027,755.3046284640346,741.7663104616546,752.8431396484375,636602
2017-03-17,745.7132188913944,764.7687889780922,745.7132188913944,758.9120483398438,610130
2017-03-20,758.9120530189333,776.6944232336182,758.9120530189333,769.7342529296875,427180
2017-03-21,771.941010255231,775.7606094630188,757.1294429659281,763.7076416015625,276821
2017-03-22,759.6757894946102,770.7101864369899,749.1506516884589,766.1691284179688,155870
2017-03-23,767.3150251384875,775.3361936718915,765.7022847833547,770.9224243164062,170139
2017-03-24,772.4078374093438,789.2989745764417,772.4078374093438,784.5032348632812,455463
2017-03-27,797.0231532701895,800.1212938112004,781.7447541659686,787.00732421875,316175
2017-03-28,788.4503418842149,801.309630819175,783.8243715160718,795.4529418945312,362155
2017-03-29,796.3016482668294,807.1238470103013,787.8985085198325,791.8878784179688,188606
2017-03-30,792.9912251742884,801.7762825148466,792.9487955449707,798.2113647460938,146053
2017-03-31,799.4846375942246,814.5932652839797,798.3811562912542,805.89306640625,295036
2017-04-03,806.6568838544931,818.5400812702662,798.0415968120351,816.1634521484375,142331
2017-04-05,818.2431028225807,825.8398722816897,808.5667632491204,822.27490234375,198261
2017-04-06,819.0919133954922,825.9247423117131,810.6039142929483,814.1688842773438,105340
2017-04-07,815.696711670508,830.8053396731092,812.1317416952204,820.6621704101562,377306
2017-04-10,816.1209985432589,838.4444226714681,815.0599988051632,831.1871948242188,343193
2017-04-11,836.0679394482975,836.0679394482975,826.7311401245094,832.6303100585938,215701
2017-04-12,828.4287676251585,841.3305374822878,817.9036273138228,837.1289672851562,285283
2017-04-13,832.7151098754699,851.3462775572162,819.0918821961253,830.42333984375,342989
2017-04-17,828.4287124082905,828.4287124082905,812.3015141134571,814.1688842773438,91015
2017-04-18,815.017558709093,825.0333857467507,792.7365644952532,796.4712524414062,179798
2017-04-19,797.3627205662393,812.2591498283465,795.9197502413878,805.46875,131152
2017-04-20,803.8135292793553,808.8638991963448,797.9567890719833,801.3944702148438,121393
2017-04-21,802.7099538549205,831.6540053254935,802.5826131666105,822.6143188476562,234185
2017-04-24,828.8531316568165,835.6435310969133,819.176791732024,824.3120727539062,199887
2017-04-25,831.3570716264478,835.6435007560484,810.8585333382698,822.27490234375,243152
2017-04-26,822.4870800827807,873.3725912184472,822.4870800827807,858.6884155273438,523542
2017-04-27,860.6830316504195,875.1126288279906,844.6406940656441,863.2294311523438,239112
2017-04-28,863.1446173114921,863.1446173114921,837.8503394827187,846.2534790039062,225698
2017-05-02,858.1366793168256,862.2109083825225,842.0094815848576,849.9457397460938,178802
2017-05-03,886.9958293992685,930.9637023880008,874.2638318480828,895.144287109375,1816244
2017-05-04,894.8473834986123,918.2318645127044,894.8473834986123,900.2797241210938,299253
2017-05-05,897.181467642724,897.9877860784588,855.5902737784918,875.1126708984375,211006
2017-05-08,892.5979883686773,903.7597282046364,878.7201301938012,891.2399291992188,188182
2017-05-09,895.4837802869469,919.1228337642876,894.3379212907474,904.6932373046876,355984
2017-05-10,913.3086906713016,913.3086906713016,898.0302925002204,902.2742919921876,121605
2017-05-11,904.0566288082972,907.9610870902864,886.9957738802373,889.8817138671875,99137
2017-05-12,893.4891988718756,915.0062547331612,881.0117786848282,893.149658203125,240925
2017-05-15,906.5182775107344,908.979817900786,888.4812799479038,904.8631591796876,145671
2017-05-16,904.990456643508,907.3246564838232,884.4495394940424,889.3301391601562,176596
2017-05-17,889.3299968108839,893.74371435715,857.415144825266,862.7625732421875,261366
2017-05-18,857.28791403712,908.2159089304142,833.5639460546666,895.0170288085938,984418
2017-05-19,861.5318042436104,861.5318042436104,791.5482497838751,825.8397827148438,2807183
2017-05-22,831.8238279338399,831.8238279338399,770.5404702492249,790.0628662109375,1380001
2017-05-23,781.7446169029159,797.6171835466353,750.8058537879407,786.1583862304688,783589
2017-05-24,789.3838851839826,793.5854549341916,770.7102879000604,776.4821166992188,323044
2017-05-25,787.2617596678916,788.4076185954322,762.4343672470983,785.1821899414062,574618
2017-05-26,797.8718144156048,811.7496704649695,783.5695584649552,806.3173828125,314033
2017-05-29,805.5110210842556,812.0892196231418,790.6994540127926,794.4766235351562,204901
2017-05-30,789.3837320096349,806.3597262464012,779.1981354675751,790.614501953125,266113
2017-05-31,802.1159618664491,810.0947022097864,790.657162411214,799.060302734375,216181
2017-06-01,802.0735644759792,802.1159941143397,776.651994301186,785.224853515625,183427
2017-06-02,787.6862448748298,813.9990396928467,784.5032455016825,800.5880126953125,329563
2017-06-05,802.030966253209,803.7285658839224,787.855998975426,791.6755981445312,149617
2017-06-06,793.627791057911,793.9673316911749,773.8931962535299,776.354736328125,148737
2017-06-07,773.2566271902405,779.9196849785037,770.1160575307765,774.317626953125,465138
2017-06-08,770.1162459165212,785.3946462394588,769.8191866328984,780.8111572265625,191004
2017-06-09,785.9037744812911,786.8374335611389,773.2990660635668,778.6040649414062,130979
2017-06-12,780.2593175954323,780.2593175954323,753.7343203967841,762.39208984375,281253
2017-06-13,763.0710162987032,782.932952239808,762.2222165030428,774.9966430664062,162355
2017-06-14,780.8959157974314,785.9887152482842,760.5247179940201,780.6837158203125,1347853
2017-06-15,780.1319275693143,788.1955262079539,768.5882702408619,775.9728393554688,195197
2017-06-16,782.0841829488155,783.6120122792705,773.2566440069838,781.0656127929688,385648
2017-06-19,784.2911121565177,800.0363400316662,782.5935123466551,791.2512817382812,263812
2017-06-20,796.1742688428807,796.1742688428807,780.8958713597551,783.3998413085938,73319
2017-06-21,782.5511361386751,791.4211061121003,771.1771959134259,774.8695068359375,110436
2017-06-22,770.7527377212364,782.5935066704734,763.0711089986503,766.46630859375,110871
2017-06-23,764.9384577221864,774.8694266211539,764.9384577221864,770.6254272460938,112408
2017-06-27,780.0471379735254,780.0471379735254,762.3071986614838,772.4927978515625,279070
2017-06-28,764.9384576334132,777.5006854208071,764.9384576334132,774.6572265625,177886
2017-06-29,774.6572696261263,790.1478682044295,765.8721593484222,770.3707885742188,224971
2017-06-30,769.4371170330124,801.2671136008425,758.0207479026905,780.6837158203125,309608
2017-07-03,776.6519907901162,780.6413611041365,764.8536502073699,774.1055908203125,332443
2017-07-04,769.9462718685716,782.8480390895451,769.9462718685716,775.336181640625,141367
2017-07-05,775.3787525982693,782.5935521572023,770.837693598537,775.5485229492188,122148
2017-07-06,780.8533986054891,783.8666275813738,768.1638310353474,775.845458984375,338874
2017-07-07,772.4078807742105,780.895879464037,769.2673108976481,771.8561401367188,417745
2017-07-10,773.2566362649093,779.198235006791,771.516606994684,774.572265625,44332
2017-07-11,773.2567166735305,780.0471159417941,767.3151173137998,770.7527465820312,696292
2017-07-12,769.861392711049,776.1000503086036,767.5271933395436,773.256591796875,208668
2017-07-13,773.2566091699324,792.6941450956477,773.2566091699324,790.2326049804688,162652
2017-07-14,796.1743804561125,802.5828099374751,786.8800103229356,793.67041015625,238257
2017-07-17,787.1344823903107,797.9991613940826,785.2246828194861,794.816162109375,69524
2017-07-18,793.6279275700505,798.7207271052594,789.3839279573764,793.9674682617188,100557
2017-07-19,793.7552165517742,822.4446417024236,792.0151353786708,820.2802124023438,339957
2017-07-20,823.3359281129949,829.2775275942226,816.6728694174153,827.1130981445312,525558
2017-07-21,826.7310889439524,857.2878848392114,822.0626895710656,852.746826171875,531469
2017-07-24,853.0440061101654,882.7095248773404,845.0228356913834,872.56640625,506088
2017-07-25,869.0013717625721,886.232000253672,849.733602684491,853.3834838867188,474959
2017-07-26,853.0440092269703,857.2880092728756,843.2403794822571,848.6726684570312,390956
2017-07-27,848.8009763462685,853.9828487433975,815.9966705614834,821.9065551757812,384355
2017-07-28,823.1057379951144,852.9122620685301,820.0651393247656,847.85888671875,359350
2017-07-31,852.9123486832663,859.2505413732463,841.221022646251,846.0174560546875,189836
2017-08-01,842.8055591923437,851.0280315418752,823.8338481024881,831.3283081054688,242615
2017-08-02,830.8142732319078,866.4879173181558,830.0005786944376,850.2998657226562,876782
2017-08-03,855.3533770311863,856.5096441398952,801.2647720928719,813.0845947265625,1144787
2017-08-04,808.3738505572215,808.3738505572215,780.2803426388381,802.2069702148438,466862
2017-08-07,802.2068879989823,816.210851631665,798.352594714662,810.3865966796875,210437
2017-08-08,811.9711860344155,817.1530592029287,792.7853480695567,801.9500122070312,400944
2017-08-09,799.1234947731875,801.6930236952878,767.9037079142291,774.58447265625,297528
2017-08-10,774.2847040567259,783.1924251027714,756.2980018607178,764.8630981445312,399739
2017-08-11,761.4370629006971,780.194644753675,746.0627045497932,764.006591796875,345553
2017-08-14,779.4237683758461,779.4237683758461,749.0176763128324,759.552734375,417667
2017-08-16,769.702427932667,793.9416408886957,759.552757081332,788.8453979492188,259570
2017-08-17,788.8453080721583,792.2713463265435,770.130595018458,772.1433715820312,198242
2017-08-18,770.002197265625,784.4343643680099,763.3642472891972,770.002197265625,138896
2017-08-21,770.0022255155895,779.3810172495572,751.1590119879555,755.0133056640625,137990
2017-08-22,754.5850857124342,777.2397789341568,754.5422706806046,769.6168212890625,204015
2017-08-23,770.8587222027569,770.9872195673385,751.587254147688,754.3709106445312,242557
2017-08-24,755.4414532643218,767.3897724193499,752.4864847433929,763.8780517578125,224506
2017-08-28,763.0644870439877,772.5717234841874,759.7240784151599,766.790283203125,141986
2017-08-29,764.0065434287545,781.136734985453,763.1500338509195,772.7857666015625,238267
2017-08-30,781.3081311870116,801.6930508712461,773.0856069912419,798.9522094726562,325916
2017-08-31,801.6929801810295,803.577311743732,773.9849157191986,781.650634765625,581772
2017-09-01,780.280353945538,794.4983943688998,775.9978053508862,779.209716796875,272657
2017-09-04,779.3809563746224,789.5305746847353,767.3470064034844,777.6251220703125,241598
2017-09-05,775.997749298931,785.2052281123565,766.5761430712398,769.7452392578125,181040
2017-09-06,768.2891000230894,779.4237246611052,766.7473932209573,771.1583862304688,151318
2017-09-07,775.0984288172133,786.8754366656849,769.4454336836263,784.7769775390625,328759
2017-09-08,787.9888787347056,792.1857969344989,778.6529026301208,783.7491455078125,334706
2017-09-11,786.2759419313887,788.545713655036,779.081239198912,781.265380859375,303597
2017-09-12,785.9761457136539,793.9844904834852,782.036169734361,792.1001586914062,275414
2017-09-13,795.6973995750849,809.2302404794804,792.2713612561395,797.2819213867188,392440
2017-09-14,797.3249971222762,813.7271284957163,797.3249971222762,809.9156494140625,389845
2017-09-15,810.258143694923,813.6841823574807,798.4383207645387,803.8771362304688,244407
2017-09-18,808.5451504603573,815.996795247371,806.018436409728,808.2882080078125,138080
2017-09-19,808.545168564659,812.8277171269718,797.4961723630103,799.4661865234375,194696
2017-09-20,799.4661482268107,805.247588508986,789.7019170615894,793.941650390625,152886
2017-09-21,790.6440735062992,797.6674634159926,782.2074739751813,786.061767578125,128084
2017-09-22,782.8499188893314,790.9011315262095,762.0795572557797,766.1051635742188,228607
2017-09-25,766.1050964026667,776.297530263884,749.5316026705576,767.3470458984375,451353
2017-09-26,766.5761499558764,794.4127140604195,766.4048375674852,784.3915405273438,351068
2017-09-27,787.1322075962034,799.6372250214588,774.2845654700413,777.2823486328125,239242
2017-09-28,778.5672623862562,781.3937337414594,758.0966610892029,765.8909301757812,144142
2017-09-29,768.2890837958209,797.4104091570895,768.2890837958209,791.714599609375,270483
2017-10-03,799.1234867526033,810.6007367336704,787.0895368769884,796.1685180664062,447689
2017-10-04,795.6974965287327,797.2392035046719,787.9889093718343,791.9288330078125,166010
2017-10-05,797.4104547183956,798.1813342858234,784.562810442589,787.8603515625,108980
2017-10-06,795.3120210772115,795.3120210772115,777.753573339966,779.9805297851562,146702
2017-10-09,783.7062599008725,791.1150886239284,775.9976737379131,778.1817626953125,170481
2017-10-10,775.1412470730921,783.7063437258334,772.5717180772698,776.7257690429688,358594
2017-10-11,778.3960116327682,781.6936053725937,759.038913156333,762.7647094726562,162726
2017-10-12,761.0516167749647,772.5716816856956,753.728469937264,769.3169555664062,378787
2017-10-13,779.423883870166,791.329390479725,771.7152960077138,776.597412109375,379474
2017-10-16,774.4561222615513,782.4216524384888,766.5762221482731,769.6168212890625,170662
2017-10-17,770.8586174471301,772.4003242265852,762.2078916511017,765.0343627929688,175763
2017-10-18,761.4371654368214,767.0044787949083,758.053941479158,761.47998046875,178478
2017-10-19,766.5761552560266,769.145684268058,758.0110585492554,763.6640014648438,26358
2017-10-23,763.6639606755575,772.4860516340823,760.1094770984226,769.3169555664062,265688
2017-10-24,775.1411610996146,778.3958870112236,764.6489188637358,766.8330078125,183690
2017-10-25,770.8586597520278,792.2714003006953,764.1350801306257,787.0038452148438,313454
2017-10-26,789.2309276396046,794.7554260388713,773.2998147608539,777.4539184570312,331589
2017-10-27,764.8631566365559,799.2520417567963,746.3197008531312,781.1368408203125,1200329
2017-10-30,776.9399699090765,791.1152480312167,776.9399699090765,780.965576171875,264074
2017-10-31,781.1367229270334,783.7062516208722,770.9014231744692,775.2696533203125,435092
2017-11-01,775.1412687674581,778.5673075244414,763.7925153849511,766.576171875,191956
2017-11-02,773.4282130820649,778.3959585910501,764.3063644089212,768.3319702148438,411773
2017-11-03,770.0021487479054,777.6251052804271,768.289129507087,774.7129516601562,317017
2017-11-06,771.715176791655,776.8542345727316,768.7602081120963,773.0855712890625,321624
2017-11-07,777.7108110402136,781.1368498553687,758.0110878530716,760.0238647460938,299440
2017-11-08,758.8675714029457,765.3342089882415,750.7307294973837,753.6428833007812,217832
2017-11-09,756.2979567785827,756.7262115672455,738.3112556547433,749.3173828125,464858
2017-11-10,749.403207854679,752.743564476077,744.7780343454128,747.3047485351562,637026
2017-11-13,749.3603891096991,751.972733349659,734.1144739836268,736.3414306640625,279911
2017-11-14,732.6583384528576,736.1700069293086,722.1660957712007,725.1638793945312,312248
2017-11-15,720.324774565603,740.0245008616897,720.324774565603,729.9605102539062,339063
2017-11-16,726.7483749735266,736.5982350939692,725.5064256333359,728.4185791015625,655309
2017-11-17,733.6004982981308,736.5982820039608,728.5042555427798,733.2578735351562,532990
2017-11-20,736.5983867517549,738.3542212879894,731.6734556775426,732.9154052734375,224948
2017-11-21,734.0286795231697,736.598208156273,725.9774688952352,728.075927734375,260946
2017-11-22,732.2302169578363,745.1634934622173,726.8770309415847,743.1078491210938,339137
2017-11-23,740.0243283338193,743.4503668909203,732.315741580342,734.2000732421875,183911
2017-11-24,737.3692615570678,743.3648297816273,734.0288526353593,738.3114013671875,178370
2017-11-27,730.6456639890638,742.5939859836895,730.6456639890638,737.0266723632812,110343
2017-11-28,737.0265399271506,743.3647321285137,733.5576863655016,740.067138671875,115615
2017-11-29,740.3669528583209,747.4331573800312,740.024328091843,741.8658447265625,278068
2017-11-30,740.3670391496061,746.8336772222796,734.3714709778441,743.1506958007812,140342
2017-12-01,742.5509499359564,752.7862493086246,718.6543130593298,722.5086059570312,341889
2017-12-04,723.7506545317831,738.6539433584655,720.4959283159559,735.698974609375,163785
2017-12-05,735.4848606991529,748.9748879395611,728.9325408429313,745.034912109375,368478
2017-12-06,740.6667173221518,750.3024508519283,730.0459767873404,736.0844116210938,296453
2017-12-07,736.7268937849387,746.876513568769,736.7268937849387,742.6367797851562,44801
2017-12-08,748.5038721755913,748.5038721755913,733.0010147331826,734.9281616210938,191947
2017-12-11,735.9560160216665,740.7953171077282,729.9176326302033,734.4999389648438,71775
2017-12-12,731.502040598593,736.598283363349,727.0910473610505,728.247314453125,32325
2017-12-13,729.6606213430673,729.6606213430673,716.0420964447796,724.8641357421875,133542
2017-12-14,724.8639883381006,728.8895934932077,718.697109406574,723.108154296875,214424
2017-12-15,723.7506757748004,732.7868423956015,720.5387644917761,721.9520263671875,151812
2017-12-18,721.952049537145,731.4592863291364,707.4770146462139,728.7184448242188,221049
2017-12-19,732.0588074769728,735.6989734853285,729.8747183273996,733.0437622070312,129964
2017-12-20,744.7352226988311,751.5873006535069,738.0972721802389,746.4482421875,214120
2017-12-21,748.5892881048484,771.7150441447006,745.1632501730184,754.841796875,491170
2017-12-22,751.6728020479974,765.4626379376041,747.7328788093653,751.2874145507812,132377
2017-12-26,753.6857422212174,817.1102768390825,753.6857422212174,792.8282470703125,2272503
2017-12-27,788.8454040636253,802.1213039148589,779.6807401624947,787.6034545898438,398475
2017-12-28,791.757487003628,796.0400349595601,773.2996634918027,782.0360717773438,533797
2017-12-29,788.5028974208446,792.0146189513675,770.0023067349813,772.4862060546875,340311
2018-01-01,775.9120595666787,794.4554608495472,775.9120595666787,782.0360717773438,339746
2018-01-02,782.5072176813917,793.1279585556526,777.0255871311294,789.9588623046875,338319
2018-01-03,793.1280209404953,804.1341502122104,793.0852059088446,797.7103271484375,414585
2018-01-04,804.6052943558446,842.8056089736451,797.4105914171379,833.3411865234375,1030993
2018-01-05,838.5229123180766,838.5229123180766,814.1123883129028,819.8510131835938,275586
2018-01-08,820.9645736026117,825.2043072081132,816.1252727325698,820.15087890625,270149
2018-01-09,818.8233328462105,822.16374183042,798.0957861408964,800.237060546875,269509
2018-01-10,799.9800986086439,804.6480871555381,783.7064135191747,792.6141357421875,363308
2018-01-11,792.3142441692581,805.9755835920664,788.203008289691,802.2926025390625,342355
2018-01-12,807.6884774518552,810.9432031727869,801.0933436916667,806.746337890625,419434
2018-01-15,806.7463274834946,809.4014860506678,796.982098169467,801.6500854492188,347522
2018-01-16,801.735866959309,809.7013964429287,792.3999429131833,801.607421875,226349
2018-01-17,799.9802420569223,805.1621164670514,779.638132047445,798.823974609375,198038
2018-01-18,799.9798997533605,804.6907021609018,770.9013908004631,776.1689453125,692992
2018-01-19,778.5672348573789,780.3658841260383,764.8630811085142,773.6851196289062,200329
2018-01-22,773.6851740337879,787.9460809423942,773.4282315883682,782.5928955078125,364007
2018-01-23,787.1324288525022,790.9010925130586,775.483917628026,779.5951538085938,308058
2018-01-24,777.710852410713,788.7598490882234,775.1841381946862,780.5801391601562,282385
2018-01-25,776.4261038145668,792.2715345046599,776.4261038145668,780.3660278320312,486695
2018-01-29,780.3659636704629,788.802615548393,764.8631590727038,768.4605102539062,122578
2018-01-30,771.1157504838444,786.7042390566859,766.1908192104901,778.7387084960938,301583
2018-01-31,779.423661760851,791.7574197369546,770.9013815971483,774.198974609375,212326
2018-02-01,772.9570624407933,778.4815595551114,759.0387820986557,773.470947265625,411736
2018-02-02,761.5656000533162,761.5656000533162,684.4368618341231,710.2178344726562,1849800
2018-02-05,695.4857336561919,705.5069055448539,674.4584352923454,691.2031860351562,821469
2018-02-06,668.0775244477912,699.4257566071537,651.8038411599605,693.6015014648438,252213
2018-02-07,701.4814458571675,706.9202615533594,696.3852026754141,701.0103759765625,124798
2018-02-08,702.3379198875023,721.1811323722889,698.0553715955052,719.12548828125,156840
2018-02-09,706.6204839296794,716.341847858316,698.0553871547742,706.1494140625,150859
2018-02-12,709.1900069919564,727.7762772924758,709.1900069919564,723.7506713867188,117316
2018-02-14,724.3501910990201,728.8896815983055,718.6115662291168,719.853515625,135968
2018-02-15,723.3431423256388,736.5692287758519,719.508853090116,725.5833740234375,310692
2018-02-16,725.5832172914979,738.8093534748244,719.9395154106904,732.3040161132812,137030
2018-02-19,734.1135697808164,735.4921657772421,719.5088350752623,727.392822265625,58054
2018-02-20,726.8759516489417,743.1178182967665,721.7923319004257,732.3904418945312,185077
2018-02-21,737.5602065107934,737.5602065107934,722.0507629159403,726.2296752929688,67869
2018-02-22,722.0937605901801,722.9984675229912,699.8635708879306,703.9132690429688,262378
2018-02-23,703.9562956131399,716.8377585416993,701.7160640560271,706.7996826171875,190266
2018-02-26,703.568517559833,718.7764064797277,703.568517559833,707.23046875,93228
2018-02-27,707.8337522634798,715.1145847006985,691.1179980638341,696.5894165039062,194326
2018-02-28,698.2264926829828,698.2264926829828,682.8032446719361,685.8189697265625,538592
2018-03-01,686.9390035154612,698.9588310281944,684.267954108216,692.8411865234375,444246
2018-03-05,691.8936214053822,696.1156583130042,683.535742733403,687.0684814453125,208916
2018-03-06,689.2655287067319,693.3152272496067,674.6607922267212,677.9349975585938,134102
2018-03-07,682.2431701866602,684.0095129402353,661.5639123729293,670.8695678710938,123864
2018-03-08,669.9217604349157,680.5198690851968,667.3368533206973,675.0054321289062,557151
2018-03-09,678.9689759891978,678.9689759891978,666.9060754005573,669.2755737304688,85237
2018-03-12,672.9374765525375,675.005423252747,664.4503860084851,668.8016357421875,107217
2018-03-13,668.5431505559816,676.3840142713802,661.9516165146342,666.6906127929688,257696
2018-03-14,663.2870640717133,676.3839355065403,651.1380233362196,669.6201171875,458963
2018-03-15,676.3839156539351,680.6920934606482,666.5181779585503,674.66064453125,189472
2018-03-16,678.0213107260221,679.3999071299487,657.6005293786085,659.7115478515625,263162
2018-03-19,661.7793770984962,664.4073558158567,643.6850249860729,650.664306640625,231290
2018-03-20,646.226753756711,655.3169995748751,636.2748722668712,641.6600952148438,376615
2018-03-21,641.9186805954132,650.0611495451421,635.7579634972925,640.0230712890625,205736
2018-03-22,643.9865971324494,643.9865971324494,626.883095501453,631.5359497070312,497158
2018-03-23,624.685887735411,635.0255162220661,615.681784076935,632.18212890625,323008
2018-03-26,634.163792784885,636.921037184571,627.7876683974902,634.723876953125,103186
2018-03-27,637.6103921315923,646.44215769828,607.8839616876195,613.312255859375,1216365
2018-03-28,611.7614227480142,624.1258755379471,586.4724328577711,603.3604736328125,1554797
2018-04-02,607.8840184993766,619.774581270223,604.0497289135773,616.8881225585938,247079
2018-04-03,615.2079093051566,642.2632921789749,613.0538199868612,637.7827758789062,361916
2018-04-04,641.0569292397212,650.0179611145828,630.6742300838923,633.603759765625,428216
2018-04-05,634.8962490190107,645.9682993967036,628.9940654681119,641.1000366210938,372017
2018-04-06,642.3493782775676,664.3210873937016,636.9210841904182,662.2962646484375,682950
2018-04-09,656.5663351753014,667.509117946236,643.1248406880533,646.5282592773438,271035
2018-04-10,653.1197554976851,657.4279333043982,647.6483907191841,651.396484375,145219
2018-04-11,653.8954295603678,660.0991652473997,647.0884857053334,656.0925903320312,198592
2018-04-12,656.5664368330856,659.5821619366496,641.0569934433277,643.5126342773438,146912
2018-04-13,646.2267528528001,647.0022459922506,627.2707681024513,630.1572265625,382922
2018-04-16,629.8556857146922,629.898756980927,619.5160574950255,624.7289428710938,500405
2018-04-17,626.4090780394371,628.5631670285686,614.863140021667,624.4703979492188,435048
2018-04-18,623.8241950236962,635.9732363493194,622.9625593952104,629.3386840820312,446868
2018-04-19,629.3386739196447,636.4471677398664,620.7653890366373,634.7669677734375,588096
2018-04-20,639.2474818843049,653.7229496548094,630.0279703134862,648.3807983398438,620878
2018-04-23,648.8115514314654,648.8115514314654,630.7172053756078,633.7760009765625,796666
2018-04-24,635.0254655788382,650.2764268984056,633.7760833849915,638.7735595703125,393580
2018-04-25,635.8872272966685,653.1199434835701,634.8963250798911,641.6171264648438,516313
2018-04-26,644.4173632025885,648.9840219097154,635.9302199754077,642.694091796875,1533356
2018-04-27,650.4488028136475,660.8745736169485,646.3991045563903,655.0585327148438,424688
2018-04-30,658.6774366555604,666.087482811347,650.3626309217398,663.0286865234375,221904
2018-05-02,664.0624861449534,670.1370058633114,633.3020884725604,641.272216796875,314523
2018-05-03,641.0569837103448,656.9541734614986,627.3569545546999,647.6915893554688,332491
2018-05-04,642.435546037259,659.5390459475298,642.435546037259,648.2515869140625,175642
2018-05-07,655.6186206295434,658.2465989783456,643.5557209130114,656.0494384765625,306413
2018-05-08,656.6525573039969,681.8123306976556,651.4827430144809,655.1016235351562,685328
2018-05-09,655.7047842272402,670.9557470196594,651.0088590258641,667.9830932617188,273652
2018-05-10,665.9582849206146,677.6765099563031,652.3875220066772,670.4818725585938,402267
2018-05-11,671.1711302022832,673.4975570796878,659.2805682167435,667.8107299804688,349147
2018-05-14,668.6292307617501,672.0757731883571,653.5936789076645,659.75439453125,141296
2018-05-15,653.1198613091013,663.2871520621262,622.1871186094894,637.0072631835938,425589
2018-05-16,637.0072973486456,638.9890490490719,625.6336949682749,632.6129760742188,269443
2018-05-17,632.3974901380644,643.5125583688857,632.3974901380644,641.7462158203125,167410
2018-05-18,639.4198669875306,643.6419031850141,630.8897046439413,631.8805541992188,211793
2018-05-21,632.4406359373734,642.5217846576593,623.5227270252391,637.3088989257812,334718
2018-05-22,636.6196079688713,644.417454253553,629.8557877818007,638.5582885742188,581414
2018-05-23,638.6013096718697,643.6418573986023,633.7330470102704,635.4993896484375,169537
2018-05-24,635.0254233034328,643.5125127416804,611.7612626125336,620.2483520507812,578180
2018-05-25,611.5889467105005,620.5069068462735,599.9137946891412,604.6958618164062,1564665
2018-05-28,607.0223367433182,619.7314630271562,607.0223367433182,611.71826171875,795063
2018-05-29,610.0381651251283,626.4092458276389,605.0406878497458,612.06298828125,551135
2018-05-30,611.7613157698969,616.0694940499666,607.4531374898271,610.0811157226562,218778
2018-05-31,615.9402482488111,618.8698306131851,602.3264149468621,604.3081665039062,616972
2018-06-01,603.2310833313663,612.3213812969709,587.6354994694497,589.488037109375,420439
2018-06-04,585.9122110033437,593.1499711164694,571.2644057282602,587.8508911132812,784074
2018-06-05,586.1707271267798,598.9229243364497,581.0871083028921,582.594970703125,294399
2018-06-06,585.0507079961491,590.2205227943477,580.570191319695,585.5245971679688,163672
2018-06-07,586.6015158955407,591.6851870576534,582.4656754635167,585.2659912109375,173445
2018-06-08,585.2230497736283,600.6462991422499,582.4658046772593,595.30419921875,154321
2018-06-11,600.7754862219379,600.7754862219379,585.0506348435938,586.7308349609375,151465
2018-06-12,589.3586998663868,595.1747396676999,584.7058469893128,589.1002197265625,404093
2018-06-13,593.4947120483215,599.3969486685382,587.6786705597576,589.5742797851562,166683
2018-06-14,592.8053783940339,595.3902855672637,586.127701529857,593.5808715820312,122285
2018-06-15,598.664477259547,601.7232734939946,587.420141828371,592.2022094726562,288011
2018-06-18,592.2021887937074,595.3471800428697,577.2097596056793,578.2868041992188,199885
2018-06-19,573.9355780509179,588.4972439219117,571.8246124398026,584.2752075195312,260164
2018-06-20,585.9982683268578,586.2998722985903,572.9875936278714,575.9171752929688,168237
2018-06-21,582.8534438409157,590.6081646627149,580.7424259880793,585.1798706054688,338538
2018-06-22,587.6356110334924,590.2205184134052,574.7972166772291,576.4774169921875,229251
2018-06-25,574.4526581751433,579.4070645408677,566.9564154168136,577.4683837890625,244811
2018-06-26,574.4524731709967,581.6040382342344,569.5411396634503,574.4955444335938,205654
2018-06-27,571.3075143393522,576.3049906536631,564.3713577883636,568.2487182617188,283320
2018-06-28,564.3713049079543,569.4549758660509,545.3722508866989,557.865966796875,525574
2018-06-29,561.7863625423118,566.5253579318559,548.0863366528791,558.0382690429688,366363
2018-07-02,558.0383782518102,571.5229453087885,551.4468441567217,568.16259765625,148821
2018-07-03,566.8701120647534,575.9172863401776,558.3829694047204,564.0266723632812,181542
2018-07-04,566.9563541192748,568.2488078140756,558.9000804577136,560.6233520507812,53316
2018-07-05,559.2015604943913,570.4028244180078,555.0657197175312,565.3191528320312,75106
2018-07-06,568.6794471063299,575.4863887971111,565.4052426258507,568.9379272460938,94657
2018-07-09,575.4432924159638,577.2527586607983,562.6480252813483,564.4143676757812,78552
2018-07-10,568.5933212989869,581.2593218301595,566.9561927156076,578.3728637695312,132505
2018-07-11,578.1575731762531,590.6943624938789,571.3937537511287,574.2802124023438,359407
2018-07-12,574.2801651414777,578.3298632456351,563.3804530491274,565.2760620117188,106181
2018-07-13,569.498047127039,569.498047127039,555.7549491078328,557.865966796875,63267
2018-07-16,557.5212623347364,557.8228663259848,535.5064849362229,538.0052490234375,321830
2018-07-17,535.0757006788511,543.6920565673994,528.3549536037959,541.7964477539062,395721
2018-07-18,546.6216241801745,555.7549401449822,540.5039801067123,549.680419921875,184198
2018-07-19,547.1817104523672,555.5826580619431,547.1817104523672,549.5512084960938,80697
2018-07-20,551.4468614289563,556.8751559531335,541.322641707409,544.812255859375,205754
2018-07-23,543.0889905445473,555.2811571700337,542.8305103433505,548.0433959960938,143448
2018-07-24,551.3606916276207,581.6040829025246,549.3358162294005,577.4251708984375,241361
2018-07-25,578.2005857852945,584.1889640021498,569.6273006480757,577.2528076171875,239761
2018-07-26,583.2843396434222,593.2362221771816,564.3714241482265,582.2503662109375,397236
2018-07-27,581.604123591346,599.138389836923,577.3390161669952,585.567626953125,195111
2018-07-30,587.6354793628169,590.8235416017129,579.7084213226078,585.6106567382812,95640
2018-07-31,587.635548977473,592.6760967999762,572.3845865285189,580.3116455078125,151007
2018-08-01,585.9121618072836,586.7737973393532,573.8492643583102,575.744873046875,597273
2018-08-02,579.06894771237,588.6472136431302,573.3832254161006,578.4129028320312,428915
2018-08-03,579.1564448085641,619.3064160160835,579.1564448085641,615.1951904296875,990578
2018-08-06,621.0557722976667,627.0914060882982,605.529377990225,608.9845581054688,453712
2018-08-07,608.9846510250114,614.9327810457905,595.0327515027012,597.1758422851562,271824
2018-08-08,600.412259983649,603.5612538655822,590.7027643010675,594.770263671875,134777
2018-08-09,590.6154134462873,620.1811619710411,564.2423849913247,571.1964721679688,2092865
2018-08-10,571.196430543232,585.5419671529324,565.4669823848163,571.5025634765625,709110
2018-08-13,571.5024641487531,590.8776749953428,565.0732465536512,586.94140625,503524
2018-08-14,590.4403561730368,599.1001694192009,582.5678180907296,588.2535400390625,542516
2018-08-16,588.2534318421169,590.3090172743443,582.5677109395538,585.3231201171875,216801
2018-08-17,590.5278032269783,596.5634370690805,585.3232235767042,592.8021240234375,293323
2018-08-20,596.3885172275537,624.9920844652171,594.6827898741526,619.8311767578125,781297
2018-08-21,624.554700855117,664.7046672657156,624.3360192371705,657.925537109375,2905458
2018-08-23,660.506053738934,686.5729498971796,652.6772931498423,673.626953125,1264605
2018-08-24,670.8715036327857,680.1873088768338,661.293237726004,666.716552734375,582573
2018-08-27,667.4163551305876,684.2548411545243,666.7603102205641,675.7262573242188,540967
2018-08-28,679.1376516358876,691.0339102542582,666.5415691313225,682.242919921875,864266
2018-08-29,682.1117283833745,686.8352729384516,671.8774174400875,679.487548828125,552195
2018-08-30,681.7618746838705,683.4238230473024,673.7143799790872,680.406005859375,390889
2018-08-31,679.6624502895028,687.9723515478687,669.1657329105143,671.921142578125,457419
2018-09-03,676.9509849503984,676.9509849503984,660.0249920104276,665.3170776367188,422511
2018-09-04,666.1918566291081,667.8975844314916,642.0931458803495,647.7788696289062,380526
2018-09-05,645.8981126205474,655.8262377110951,637.1945726793447,651.2776489257812,392795
2018-09-06,653.4206997477477,700.5247007233332,649.921793725002,676.6009521484375,1187778
2018-09-07,676.1635884449277,676.1635884449277,657.7943318377562,667.7662353515625,364089
2018-09-10,663.9174434386078,670.3466621478988,647.2976391891565,650.8402709960938,283912
2018-09-11,660.4184813238495,668.9907900062663,652.1960311941247,659.3250732421875,611337
2018-09-12,657.7942427877722,683.5986711950053,652.5458844676571,679.574951171875,538265
2018-09-14,689.2406322813539,689.2406322813539,657.3568464179984,660.19970703125,837543
2018-09-17,660.1997182470955,660.4183998364452,642.9238726884599,645.28564453125,335920
2018-09-18,644.6733791080777,645.3731495744798,623.2425815664931,630.2841186523438,383427
2018-09-19,632.4274244203074,638.681741881895,629.0159688250628,632.5586547851562,317854
2018-09-21,633.3018687374669,639.3812274646232,589.2594189730194,598.8814086914062,656107
2018-09-24,603.5613061453087,611.433844921117,597.9193093448318,605.1358032226562,376041
2018-09-25,610.558992868774,610.558992868774,599.1875503081808,605.83544921875,468144
2018-09-26,607.9348874902039,613.1832462311265,603.2113432677471,605.704345703125,387335
2018-09-27,600.937066527368,606.1416995426451,584.2735384608632,590.1342163085938,882368
2018-09-28,585.1919634169896,604.9607587627456,573.3831569803239,588.7783203125,413927
2018-10-01,593.1520432893657,598.050543929226,577.4069656258796,585.2357788085938,226979
2018-10-03,582.5678347272185,592.8021452042939,581.4744266290068,585.8917846679688,568871
2018-10-04,582.1305176599903,594.8140526052493,570.05930197611,590.9215087890625,528924
2018-10-05,589.6530894206089,592.8021367318926,572.9458352743425,575.7886962890625,108912
2018-10-08,566.8227375100323,582.524087907452,562.0117420527712,572.5521850585938,246953
2018-10-09,574.2579737115701,592.36482377374,564.417300133116,582.4366455078125,328557
2018-10-10,581.7368331898439,607.4975386303105,580.9933370395877,601.724365234375,316351
2018-10-11,590.4403950894668,596.5634806681725,579.025224795551,585.4981689453125,304690
2018-10-12,588.2535239783598,602.6865100685352,588.2535239783598,595.0326538085938,81501
2018-10-15,597.4382328446418,627.2226611541776,588.6909673564334,620.3560791015625,561781
2018-10-16,622.7615992209294,624.6860083744725,604.4797923458799,614.4954223632812,291713
2018-10-17,621.055882303105,621.8868832459733,593.7644018677453,598.6629028320312,153319
2018-10-19,593.9392835521071,614.0579927151388,589.5656511253611,610.4278564453125,242522
2018-10-22,615.8074576693227,618.7815491330123,592.3647980835883,603.7799682617188,185237
2018-10-23,603.5613049958881,603.5613049958881,562.7115654147292,573.3832397460938,488907
2018-10-24,572.5085185304022,595.2076828459,572.114880910894,590.7028198242188,248786
2018-10-25,586.066673084436,598.3128423727676,581.5180852423864,590.0903930664062,833126
2018-10-26,589.3031758022616,602.0741596578838,574.7389601475097,587.6411743164062,356344
2018-10-29,587.6412650399221,597.2195311049186,586.63536157608,591.6650390625,274385
2018-10-30,593.0645330982699,599.7999374410633,580.3372739286201,588.9533081054688,455587
2018-10-31,638.5503690222362,673.014615774407,638.5503690222362,653.2894897460938,3050809
2018-11-01,656.8321333893539,667.2413464394151,645.6355917647538,653.376953125,881064
2018-11-02,659.0189153235839,685.4356108627071,654.3390968782411,672.0523071289062,971369
2018-11-05,667.5038134831213,676.1636277425682,662.8240477644646,668.3785400390625,431945
2018-11-06,662.2116526753332,689.9404920015775,662.2116526753332,679.3563232421875,700286
2018-11-07,681.2807986067729,686.354255654275,679.4438940820396,681.1058959960938,43526
2018-11-09,674.3266823757491,694.0080286890877,674.1080007500453,681.7180786132812,383468
2018-11-12,683.1614788060207,705.9043705460418,676.1636659629372,697.1571044921875,1515942
2018-11-13,698.8627804359555,703.7175020594839,679.7062478371913,685.7418823242188,401867
2018-11-14,690.5091699217935,710.2779688823481,682.3741701777698,690.946533203125,642322
2018-11-15,683.3364455926592,721.7369121418578,683.3364455926592,714.6953735351562,810534
2018-11-16,717.2757486190504,719.8562025388476,689.7218631538063,696.2385864257812,689783
2018-11-19,697.5943343233876,704.9857834024954,681.411895219961,686.7039794921875,385859
2018-11-20,685.829284833077,703.9798592630891,678.350384119247,686.8789672851562,1158802
2018-11-21,691.0338862529809,694.0079774988096,681.061983500793,687.753662109375,797442
2018-11-22,691.0340395885858,696.3698506905379,670.0843260650151,672.2274169921875,279107
2018-11-26,675.1576232831654,693.9205172640848,665.0982685985167,689.0657958984375,1064494
2018-11-27,691.033955526811,711.9836665019252,683.9486920219744,703.3238525390625,853948
2018-11-28,700.6560507770527,705.3358170264867,690.1593309152241,692.083740234375,314579
2018-11-29,695.4075251089946,706.7789689158084,689.546847238439,700.6558837890625,410984
2018-11-30,701.5307249615183,716.3573513352156,701.5307249615183,705.9043579101562,505611
2018-12-03,707.3475583604308,711.0651457372569,692.1710225651252,707.5224609375,220150
2018-12-04,712.8147708470111,712.8147708470111,694.6641927982369,709.5345458984375,406595
2018-12-05,704.4172623187679,704.4172623187679,679.4875562708322,684.1235961914062,334690
2018-12-06,682.2867577917814,693.6582037549778,675.4639008916787,683.7738037109375,308472
2018-12-07,683.8174244156864,691.0339178617106,678.0004719793249,683.5112915039062,229626
2018-12-10,679.6625587671704,682.6366505215237,673.4957470005727,675.9012451171875,1019406
2018-12-11,665.7542842310289,691.0339001622095,665.7542842310289,681.67431640625,307511
2018-12-12,685.7855275477388,709.1844597695525,684.0360746713415,704.8545532226562,330993
2018-12-13,707.6537476270362,715.3950558962531,706.0355249367925,711.0214233398438,712254
2018-12-14,707.2164796275919,714.258018314034,702.2305271639049,707.1290283203125,555718
2018-12-17,716.3135577168036,736.5197186666385,706.7790174378193,727.5537719726562,1405947
2018-12-18,726.897649540792,734.2015937371109,711.7648932666724,716.1822509765625,1134739
2018-12-19,721.1682633601531,732.1023444548576,712.5084497775198,714.0829467773438,979302
2018-12-20,713.7768436648249,727.3351047883602,711.1963897409187,725.8917846679688,465312
2018-12-21,732.1460734590253,732.1460734590253,687.578748034811,691.8649291992188,479435
2018-12-24,691.8648705537973,703.3674909097255,680.0997895613858,691.1651000976562,271942
2018-12-26,691.0339676188997,708.3535424586224,675.5512971602569,702.1430053710938,594851
2018-12-27,702.5803949660385,741.7681348062922,702.5803949660385,728.953369140625,1033735
2018-12-28,731.2713755100818,754.0142651790557,727.3351061442979,751.9586791992188,2020580
2018-12-31,755.7637053805682,758.3004336176816,739.1439016742826,743.255126953125,744466
2019-01-01,740.8933790038922,745.9230566063388,737.2195168599429,742.1617431640625,244269
2019-01-02,741.7681177866643,751.1277025922113,733.0208522467273,739.9312133789062,387427
2019-01-03,739.581350632148,749.9468396313267,727.7725413671758,730.1780395507812,280927
2019-01-04,729.6093531495945,736.5197138633221,722.4803641996793,727.6849975585938,235286
2019-01-07,728.2097475638483,742.6427335516003,726.3728434301237,736.65087890625,376036
2019-01-08,736.6071342553773,745.2669476078557,733.5018659848245,740.7620849609375,725421
2019-01-09,742.5553424580023,757.2944625331385,741.6806159635951,752.7021484375,637886
2019-01-10,753.6206149491398,754.6702974402581,745.0920314660422,747.6724853515625,431175
2019-01-11,743.5612842198234,752.8771432210725,734.9015235122665,737.744384765625,300970
2019-01-14,735.5575686093142,754.0142772418566,730.2217046835568,747.6287841796875,697753
2019-01-15,747.8912538089602,770.6341457376536,744.4360730112089,767.74755859375,1144967
2019-01-16,769.7593393323318,773.4332014024138,734.2454638960363,736.25732421875,858199
2019-01-17,736.5197070138477,748.5909219379237,728.2535309782182,736.301025390625,758174
2019-01-18,739.1439720597983,743.2551977301353,732.4085666070007,738.5753784179688,350513
2019-01-21,739.143957544911,745.7044068722327,728.166149681674,733.7206420898438,275328
2019-01-22,731.4025822925079,731.7087152110273,721.430678864668,725.2357177734375,175143
2019-01-23,723.3988820609017,731.4463772791762,716.4010694170235,718.7191162109375,181791
2019-01-24,720.5559620289841,728.3410493173074,712.9021050726823,721.386962890625,290818
2019-01-25,721.3869969474757,739.974936147464,711.1526856277854,726.5478515625,845339
2019-01-28,725.9355278916055,726.8539800187839,703.2800906795117,707.6974487304688,404369
2019-01-29,710.2779183058112,713.8205499545228,682.7240335439478,686.6165771484375,709050
2019-01-30,688.409855038159,700.8309838119613,682.5054503094327,699.2127075195312,383639
2019-01-31,702.4053526483814,706.7789849811857,686.2229130170052,689.4594116210938,532524
2019-02-01,691.2089332213737,703.5425562695215,691.0339772328675,696.1948852539062,478554
2019-02-04,697.1569746508353,702.3178820170509,684.9108044562158,694.8389282226562,767868
2019-02-05,695.4076996589345,710.2343273294784,692.7835196602215,699.3876953125,521959
2019-02-06,698.6878221945503,706.1229977671996,675.0702056696641,700.743408203125,723459
2019-02-07,697.1570627951595,710.1905097915007,666.8477663757261,673.2770385742188,1239848
2019-02-08,671.7025611103302,671.7025611103302,640.3873068829648,657.1820678710938,1813824
2019-02-11,650.0093871601272,653.4208426339285,627.6601307304509,635.270263671875,1941588
2019-02-12,634.1767853029166,635.0515119033345,617.5569798949782,622.4992065429688,579112
2019-02-14,626.4790326640414,628.5783439045049,609.6842757950319,613.6205444335938,554954
2019-02-15,618.3034614289771,618.3034614289771,599.0863986672401,604.4318237304688,624833
2019-02-18,605.227058426477,606.4640404087373,584.0220228027757,586.0983276367188,616184
2019-02-19,583.1827096711481,598.4238306890652,583.1827096711481,587.6445922851562,455725
2019-02-20,588.4396333938678,611.4117512140488,588.4396333938678,597.6726684570312,963583
2019-02-21,600.8092311892111,620.8656677805232,595.6405262858835,613.1788330078125,1037856
2019-02-22,615.8293862729569,621.9700200635532,602.664575813324,613.4879760742188,820219
2019-02-25,616.7130944714329,626.4320687396073,609.6447495491242,619.4962768554688,452682
2019-02-26,619.4960822143349,644.986271510703,602.4436623052571,640.480224609375,1349917
2019-02-27,644.1028161259561,644.4562548798885,626.1227385086765,638.2272338867188,933296
2019-02-28,638.7133452980197,638.7133452980197,615.8737232082049,618.303466796875,960158
2019-03-01,618.3919000887901,629.0827511140919,618.3919000887901,622.6770629882812,435318
2019-03-05,621.130746003605,638.3598349752556,617.9941790531778,635.8859252929688,662634
2019-03-06,644.0144789880916,661.0226808062853,638.8015540028113,646.5767211914062,649839
2019-03-07,650.2876852498968,658.1954063383052,640.3919922976128,655.7214965820312,487109
2019-03-08,656.4724642375277,657.9744981578287,643.3076516610822,645.33984375,201353
2019-03-11,646.8860860087758,664.4243945329519,639.4643025840743,661.5970458984375,658351
2019-03-12,665.3078650131167,677.147362535087,651.6129488010274,656.5166015625,737273
2019-03-13,656.0307634944438,659.697488995963,644.9864745467258,649.5367431640625,293253
2019-03-14,649.4041256060287,662.6131046605955,648.12297742994,654.92626953125,346570
2019-03-15,654.7937539882903,665.7938761024445,652.0547920154698,654.6612548828125,315823
2019-03-18,661.508725285576,663.0549257001283,654.7495990453715,660.1834106445312,172063
2019-03-19,661.773732063332,668.6653569389013,655.5889308290953,663.8500366210938,334038
2019-03-20,663.5407993861944,669.1071095543299,656.0306838139139,658.8580322265625,341162
2019-03-22,659.1232194601987,670.5209481772389,654.2637319172616,665.4847412109375,337835
2019-03-25,660.0066146021134,660.0066146021134,631.7332388761862,635.620849609375,334159
2019-03-26,635.267532500644,645.4282788480118,632.7936224362892,642.99853515625,523654
2019-03-27,645.4281369508997,659.0788865671253,644.9863654677026,655.0587768554688,506819
2019-03-28,658.1511830650517,662.6130642994103,650.375961750196,654.0868530273438,585224
2019-04-01,664.4244330982978,670.9626738246635,659.7416652994,661.7738037109375,368891
2019-04-02,661.0226694182767,670.4765356957221,656.6491210977945,658.5487060546875,466069
2019-04-03,659.5206788272699,666.1914176482578,641.0104423127467,643.440185546875,380637
2019-04-04,648.0788088931512,657.5768964127168,631.5565435387952,632.4842529296875,566742
2019-04-05,636.0626816312638,642.1149301276384,625.1950586607264,631.5565795898438,584714
2019-04-08,634.2955389518916,646.7093072710697,624.3556802382316,626.82958984375,458895
2019-04-09,630.7172264614916,658.4163352705834,625.5485208474004,654.263671875,702939
2019-04-10,652.5848254816342,663.4524473110959,642.5566341983974,660.5809326171875,402937
2019-04-11,660.9342555326416,662.5688422538824,649.5807508389756,656.7374267578125,322924
2019-04-12,656.4723800259181,664.0266610967698,654.5285748447125,662.56884765625,339295
2019-04-15,660.8902411618096,667.8702532476304,658.2396118523371,663.4967041015625,147965
2019-04-16,668.7978763757253,668.8420427397429,646.355862882012,648.60888671875,418706
2019-04-18,647.1953256599965,662.2155584739486,639.7293756229172,653.6010131835938,267126
2019-04-22,655.5889268755341,655.5889268755341,633.5003511721806,637.2112426757812,140938
2019-04-23,639.5968651001372,660.8902320208415,630.0545565762656,655.2355346679688,541271
2019-04-24,655.235483744057,662.4805473121027,635.0465472560775,652.9382934570312,598989
2019-04-25,649.4040271056983,654.6169517512957,645.1630319998314,648.2554321289062,187105
2019-04-26,651.9664702040672,661.7737769701314,643.4844241509393,659.9625244140625,230789
2019-04-30,662.6572580218411,662.6572580218411,639.0666488508264,642.0265502929688,204392
2019-05-02,640.5688125810626,640.5688125810626,615.166945875262,622.6770629882812,536875
2019-05-03,623.7813140406128,638.8015439821006,622.7210517298951,631.821533203125,260527
2019-05-06,627.3155383312128,634.3838824250856,623.7371999191269,628.0665283203125,153585
2019-05-07,630.9824030139006,631.998445345896,617.640868228415,621.263427734375,254972
2019-05-08,621.9701546195269,624.6207838282807,614.7250906634952,618.5684814453125,264029
2019-05-09,616.8013506945417,624.0464141265574,615.5644228429006,619.1427612304688,148422
2019-05-10,620.6889446520956,625.5042646878583,616.7130012343954,618.3475341796875,100645
2019-05-13,621.9259398622748,621.9701062268798,605.8896128261515,610.6607666015625,367480
2019-05-14,608.0985281932999,623.7814179505554,602.8856024214206,616.4921875,193371
2019-05-15,618.4800665644959,627.3154960868459,616.2712091839085,619.4077758789062,123829
2019-05-16,618.4802039731318,625.3276633742629,611.9861834022915,615.697021484375,140474
2019-05-17,615.8294773031067,630.6729890695952,615.4318721636001,627.1829833984375,176988
2019-05-20,636.150873841314,681.2115607384071,633.1026401187222,676.8380126953125,958987
2019-05-21,671.5809951614712,673.2597483884313,655.2354500890485,658.5929565429688,260421
2019-05-22,659.0789245019947,659.0789245019947,639.3317057101779,644.2354125976562,290108
2019-05-23,644.9863482572239,659.1230353423136,632.3075285986565,636.9902954101562,815182
2019-05-24,640.2153305694084,672.7739272734602,638.8458495030426,669.5931396484375,1023069
2019-05-27,662.6572180680162,698.8824793224011,660.0507555581788,696.6294555664062,1025360
2019-05-28,698.9708496385052,706.6576845669351,686.5129148397015,703.3002319335938,652924
2019-05-29,701.5330709217225,701.5330709217225,672.8620926911859,676.8822021484375,227871
2019-05-30,671.4927575989027,682.0952748241485,663.6292024193023,674.2759399414062,442380
2019-05-31,677.6775552933871,707.7621869561103,672.0670781991879,698.043212890625,1052607
2019-06-03,693.6696850004851,702.1517313462097,677.9426281805609,682.44873046875,305759
2019-06-04,676.9706125633863,692.9627182336791,676.9706125633863,687.4847412109375,331838
2019-06-06,686.5129052710172,696.6736496862253,678.9144571053007,681.3883666992188,498732
2019-06-07,683.8623624112298,685.6294486190108,668.9746826815518,674.9385986328125,275004
2019-06-10,676.0871135135909,692.1233865866004,676.0871135135909,683.5972290039062,214328
2019-06-11,684.1272913257578,684.7457821725112,673.2597238909078,675.1593627929688,135792
2019-06-12,671.4926757003401,673.1714289604648,659.34395952813,664.556884765625,396240
2019-06-13,660.9785113447394,666.1472703653426,656.0306920062069,658.9905395507812,381810
2019-06-14,658.2396199678458,677.6775684769634,657.356076853795,674.8502197265625,354599
2019-06-17,674.1432655168536,674.1432655168536,654.6169880471987,660.757568359375,334824
2019-06-18,660.0065464651319,665.3961365856088,644.7654314363186,650.243408203125,311818
2019-06-19,650.2877598930643,656.1191231255755,644.9865009808926,651.3480224609375,423021
2019-06-20,651.3478431278148,661.4201999314408,648.1228899399467,659.6089477539062,417376
2019-06-21,661.7294527796317,663.5848712624195,650.5967801013718,654.616943359375,225874
2019-06-24,657.3559556187632,671.4484764742524,652.0546979121602,667.03076171875,265761
2019-06-25,667.9584759494736,682.0951632711556,664.2917511045393,669.2396240234375,544083
2019-06-26,669.2397545185723,686.5130119224305,668.8421493246844,680.8141479492188,366850
2019-06-27,684.2156705258539,696.2318328725793,675.6894596310977,685.27587890625,562369
2019-06-28,688.2799618475348,694.2438767929402,671.4926457049119,675.0709838867188,216647
2019-07-01,678.4284539137266,690.0470656423424,676.1754301058368,683.0228881835938,297182
2019-07-02,683.2880648982816,691.7259450165418,678.0751927350813,688.1917724609375,205384
2019-07-03,688.191630741403,690.9305923370837,674.4524946190411,679.356201171875,312629
2019-07-04,669.6372805600737,676.7939574953509,660.4484115245102,671.7577514648438,504244
2019-07-05,668.8420160152135,677.147341351665,645.8698992168046,650.8619384765625,375590
2019-07-08,646.223386384799,675.0268672652971,636.150974386144,662.833984375,741644
2019-07-09,661.1552099897689,665.2637064725827,648.7856081043581,660.05078125,298463
2019-07-10,658.3277823729261,663.4523742502397,653.9984545905609,655.50048828125,235558
2019-07-11,659.1230530401452,670.7416646210424,655.1029433278168,668.70947265625,211383
2019-07-12,669.4606364927428,677.5008573581023,663.5408867707345,667.6051635742188,203110
2019-07-15,670.6092180483658,670.6092180483658,656.3841956000348,664.822021484375,108856
2019-07-16,654.1751505179841,664.4242260510932,628.1548026883937,658.3277587890625,1114126
2019-07-17,654.7936318925487,668.8419857938326,646.1349221221332,664.7777099609375,468551
2019-07-18,667.8701930751242,667.8701930751242,650.773603213048,653.3800659179688,114109
2019-07-19,654.7054212958991,663.9384572534588,641.2313893461522,643.6611328125,335455
2019-07-22,648.874069388009,648.874069388009,636.3277466758235,641.5848388671875,176754
2019-07-23,645.4282138678603,647.9905103466303,637.5204925908175,641.2313842773438,81297
2019-07-24,644.721233990302,651.7454104938115,633.6769482700597,646.6650390625,213315
2019-07-25,645.8699485319244,675.9104112543395,645.8699485319244,663.2757568359375,812365
2019-07-26,654.7936664123649,661.641124355787,647.1068857982694,653.07080078125,280334
2019-07-29,650.2876818849404,661.6854087497228,636.1509931483113,639.5526123046875,172792
2019-07-30,643.1310018274079,643.3960539545641,618.4359630186566,620.2913818359375,269161
2019-07-31,624.728045077519,638.6208495232887,613.4793659675504,635.4837646484375,144624
2019-08-01,632.4363425347984,639.0242541546667,616.7509168300026,621.5014038085938,191024
2019-08-02,617.1094265056813,619.439810591036,593.5364847714397,599.945068359375,564001
2019-08-05,596.0462820045764,605.1438524019562,587.5313351187967,599.7659912109375,376349
2019-08-06,599.76603222966,615.496266347913,593.9400155409414,603.0823364257812,240062
2019-08-07,604.20249655426,606.75701265588,578.4784455572851,584.8422241210938,1556926
2019-08-08,584.3942266806044,592.5954865603048,526.3581435861732,540.6094970703125,2876701
2019-08-09,542.2675736326898,552.3958661328091,533.6181598731694,537.6067504882812,849885
2019-08-13,541.371308562604,541.9539320189593,528.0162659886705,529.9881591796875,560460
2019-08-14,526.1340148804983,537.4274999612915,522.5487745746686,527.1199340820312,658260
2019-08-16,524.3413052614726,535.0970243437591,521.8764529717819,533.0355224609375,522937
2019-08-19,535.9934757996052,537.3827456066291,524.3414437170052,526.5374145507812,189335
2019-08-20,521.831643464821,529.1365364483692,515.1093191021853,519.7701416015625,363981
2019-08-21,515.3782479804859,519.5012520817614,507.2218488950152,510.8966979980469,381769
2019-08-22,506.4152043269231,515.1990323279455,497.6761808894231,509.7763671875,363030
2019-08-23,509.2386405501019,524.7895999821149,501.0373806831805,516.3194580078125,200232
2019-08-26,524.3414334101317,525.2377435527131,507.3563452669279,510.6278991699219,435842
2019-08-27,510.5830773521621,515.7368604978658,503.81589223918274,509.2834167480469,513900
2019-08-28,506.68402496787735,518.3808593629007,498.3483530258159,510.53814697265625,915923
2019-08-29,511.8378073957522,517.8430952529948,504.2191725023719,510.53814697265625,739941
2019-08-30,510.0003318570914,520.7560506308789,502.38169772565857,515.1541137695312,390456
2019-09-03,510.8967073775172,517.1708774681183,499.5583638312194,500.9924926757813,421955
2019-09-04,500.9478039073842,508.2078948077788,498.0347956919957,505.3396911621094,411708
2019-09-05,500.589163980789,510.1348879159914,500.3650864678164,506.997802734375,249684
2019-09-06,506.9978701342408,520.3080542916882,506.9978701342408,514.7061157226562,296872
2019-09-09,514.481989529493,523.3554812663178,509.1937381378215,517.6638793945312,394221
2019-09-11,523.0864709115834,527.2991386659797,512.3307513887428,521.786865234375,405311
2019-09-12,525.1481035758258,525.1481035758258,506.4152008136016,509.4626770019531,471429
2019-09-13,510.8967884423312,522.996975537018,505.74300505014986,521.11474609375,285966
2019-09-16,521.1147067540927,532.2737235783059,516.2746103990313,518.4705810546875,515126
2019-09-17,521.6972904666973,521.6972904666973,499.8721610920149,502.60589599609375,294672
2019-09-18,505.339556421678,511.74819466934906,500.768397400466,507.0873718261719,291397
2019-09-19,509.1040170101463,511.79294667745336,500.2305272254672,509.3280944824219,197548
2019-09-20,509.9108569614481,537.5171981390397,504.6674098552714,534.5145263671875,1365892
2019-09-23,550.289695476423,569.1570155221291,542.267707702186,559.3424072265625,624510
2019-09-24,561.1796883047757,561.986389214926,536.5760217286863,543.9257202148438,643469
2019-09-25,548.5417540908331,550.1999058113157,528.867737426846,531.2429809570312,756476
2019-09-26,534.5593303700905,543.7016490237525,527.6129275518841,530.5707397460938,479580
2019-09-27,531.4222134554819,535.3211400184227,514.7060103065371,516.8123168945312,559400
2019-09-30,519.949424320342,519.949424320342,508.566330752646,513.4063720703125,370317
2019-10-01,514.4819513651936,519.590929419338,502.15768859294377,504.84661865234375,248081
2019-10-03,505.51893038915887,514.4820319918035,498.57252664710927,501.4855346679688,466250
2019-10-04,501.5302119112858,512.1963219932012,482.4836258410202,493.6875,1023935
2019-10-07,493.6875826212208,513.4064044410741,487.8167625206861,503.2333068847656,1014021
2019-10-09,505.0707356786982,518.291309505248,503.2781154988271,509.4626770019531,987965
2019-10-10,509.4627160710959,514.4820310770806,503.7263091730301,506.191162109375,332475
2019-10-11,506.1014523326657,511.3448438356164,501.44062949314304,506.68402099609375,317011
2019-10-14,506.684046873757,517.1260805616422,506.3703602471534,513.4063720703125,199099
2019-10-15,515.2887485345882,515.2887485345882,505.115595085402,510.2693786621094,140162
2019-10-16,510.80710179100447,521.6524311400412,508.74554498184256,515.826416015625,652912
2019-10-17,517.0812327784909,520.7560816961894,501.9335727192187,510.8518676757813,699406
2019-10-18,511.7035349356536,533.2149805710957,510.8968338417504,522.8177490234375,789534
2019-10-22,525.2377553955256,528.8229960466897,515.3783436048246,518.6947021484375,459932
2019-10-23,521.2042855766204,527.0303008066256,514.6612332595914,518.8739013671875,288724
2019-10-24,517.1709559592774,529.7192980449445,482.4837422526118,490.2368469238281,2801951
2019-10-25,488.4890105707044,496.33172404316974,477.0162520894119,485.0382385253906,1969631
2019-10-27,485.0382454351866,491.1779479013825,485.0382454351866,489.2060546875,34522
2019-10-29,489.4749198558276,490.2368162586574,480.8255602830977,484.7244873046875,489114
2019-10-30,487.5925277067546,499.9167873684602,485.217284871208,496.6900939941406,944203
2019-10-31,499.2448115069024,499.69296663392834,483.5593820609943,487.5479736328125,1302173
2019-11-01,488.4889046505561,500.8131660064187,485.5310928664322,493.0152587890625,1055623
2019-11-04,495.1216765450587,500.85802784473896,486.7411450407306,489.9230346679688,460153
2019-11-05,492.9704894740322,492.9704894740322,485.1725816992499,489.8334045410156,574136
2019-11-06,492.0743007001717,496.55585170837,485.9794022703087,494.13580322265625,562286
2019-11-07,496.4212614583829,496.4212614583829,488.7130174986971,494.9423828125,681069
2019-11-08,493.59813812982486,504.3986672877223,491.178089158013,499.1552734375,507267
2019-11-11,497.7210084341316,505.9670726407764,495.5250376558751,501.664794921875,555723
2019-11-13,502.82990412938375,517.0812548455654,502.82990412938375,507.0425720214844,1018794
2019-11-14,510.0899670017161,510.17963081992326,495.390516751059,502.2921142578125,256669
2019-11-15,502.292160519449,509.2833677818898,498.8413340950388,505.1603088378906,224680
2019-11-18,507.2667248028491,508.8352675173252,496.7798854276377,499.4240112304688,189922
2019-11-19,499.4240454864888,508.2078743487612,498.97589039447047,504.0848693847656,179194
2019-11-20,506.3255687797642,511.7930381984389,503.9503252663263,510.4933776855469,418796
2019-11-21,510.00039766641646,515.1541802438891,499.78244163025,504.5329284667969,509317
2019-11-22,504.6226225252415,510.4038340265416,501.709614491126,508.0733947753906,440576
2019-11-25,512.6894622821934,517.4847002304052,503.0989316793337,509.8212585449219,413320
2019-11-26,508.2078513825239,513.1375571719487,505.1603750119439,507.4908142089844,559467
2019-11-27,505.8326387696666,509.4627388396621,502.471475524436,504.353759765625,190085
2019-11-28,502.4714512349148,506.19116026239874,488.17534802142205,490.550537109375,1473537
2019-11-29,491.1779223486486,494.7631626577628,482.214821575863,486.0241394042969,826998
2019-12-02,486.9204149983404,488.4441529630894,479.83954400673,483.738525390625,259454
2019-12-03,484.0074956098223,485.5760384196689,472.7588138290655,477.5092468261719,281310
2019-12-04,478.6295391525212,483.20069826185903,472.803524162837,481.9010925292969,219540
2019-12-05,483.9177884325625,489.4300620808021,481.3184675631541,483.4247741699219,332307
2019-12-06,484.8141541290009,486.1586192766616,465.5434870125316,466.7086791992188,841065
2019-12-09,466.08125948120295,477.1058629468766,461.8685910022988,472.4898986816406,342495
2019-12-10,473.2517439277252,479.9740698357894,471.63839665107537,472.8035888671875,543958
2019-12-11,472.80358476086616,473.0724668535678,451.74029709853374,468.1427612304688,1262201
2019-12-12,470.2938995248501,484.0074325045268,469.44239402638135,482.9766540527344,355078
2019-12-13,482.9318449158261,492.9705284361748,475.04432740213207,491.6708679199219,531553
2019-12-16,493.4187459648546,497.0039866258163,485.8449141272868,489.3405456542969,380512
2019-12-17,489.3404277917001,506.4151213856311,485.12776008844753,503.77099609375,928497
2019-12-18,504.0848509433537,506.3704308877452,498.79659916843,503.098876953125,414344
2019-12-19,499.4239630967739,505.2051737713731,499.4239630967739,502.7851257324219,210520
2019-12-20,502.5610488494761,507.3114811058255,494.2701810045487,498.48284912109375,339617
2019-12-23,499.24473863672586,503.502211722048,491.76057099036245,494.3150329589844,214842
2019-12-24,493.9115871928049,500.0513431764751,493.41862766140224,498.3035278320313,273424
2019-12-26,498.3036285763791,501.3959094715116,495.2113476812466,497.8106689453125,395366
2019-12-27,497.54159712792034,505.1154266255689,496.4660690270589,501.88873291015625,222476
2019-12-30,501.0373772207857,509.5971282695864,491.17796550445536,492.92578125,651196
2019-12-31,495.6594492974392,498.3035748416667,491.8501316491315,493.73236083984375,226406
2020-01-01,493.7323362553308,496.5109300490069,491.5364205443159,494.8975830078125,148568
2020-01-02,493.0601995300904,511.7931038477194,493.0601995300904,510.0452880859375,702328
2020-01-03,513.1373553583968,528.5090901569364,506.415031925754,513.5855102539062,1823916
2020-01-06,511.16562400988096,521.383580731033,504.0848072526136,511.524169921875,880116
2020-01-07,516.2746451197468,522.4143477494496,511.34493930697136,514.0786743164062,620142
2020-01-08,508.9696659749582,522.2799037203329,505.7429715129184,518.42578125,574685
2020-01-09,519.0531608599331,534.828251560267,519.0531608599331,530.8396606445312,788564
2020-01-10,531.7807574208948,538.5927468258265,523.579553045165,527.1199340820312,603502
2020-01-13,530.5259225490968,530.9740775589519,525.2376715502371,529.1814575195312,242018
2020-01-14,530.4811541022101,536.7105207469588,528.3300425104848,531.915283203125,298076
2020-01-15,532.228841782829,533.304424673033,517.215649995815,520.1734619140625,541744
2020-01-16,521.6523916798706,535.3211184378052,521.6523916798706,530.4362182617188,749424
2020-01-17,533.7078215115315,535.1867002460637,517.574240874594,518.8739013671875,470283
2020-01-20,521.3836190608055,527.8370630061494,513.5857099062829,523.57958984375,425150
2020-01-21,519.8598378803681,530.6155586640999,518.6946457367488,520.2183837890625,361234
2020-01-22,519.7702717510768,526.7166753318337,519.7702717510768,523.57958984375,215727
2020-01-23,526.1339806158296,526.1339806158296,509.1040902722167,510.3140869140625,608267
2020-01-24,511.70344545064137,543.1639073081994,511.2104311425644,533.43896484375,1515868
2020-01-27,532.4082702863615,545.8081190067411,528.9574978244866,542.4917602539062,1922343
2020-01-28,545.3151805739874,550.6930420995437,523.0866425032054,527.3441162109375,1051918
2020-01-29,559.2974922693372,585.111211740483,532.4081897563883,538.8616333007812,18713513
2020-01-30,535.9037544863468,538.6374889614227,519.9493932093411,523.9827880859375,1929888
2020-01-31,524.3414895552917,533.7079424894895,512.8687294430613,514.9750366210938,991940
2020-02-03,503.7262403291188,510.762252230506,497.4520700759091,502.7851257324219,559415
2020-02-04,502.8299990143592,512.8686837327591,502.8299990143592,506.191162109375,279291
2020-02-05,508.1182246648068,520.3080203123793,507.35632824531615,511.25531005859375,489017
2020-02-06,513.7649409605073,517.1709082712688,505.51887740900446,508.8352355957031,360422
2020-02-07,509.0621616924821,511.73929790506907,501.0761723685301,506.4303894042969,598230
2020-02-10,508.925882642802,509.56114358802085,491.0935446003831,496.1301574707031,748649
2020-02-11,497.40066992826536,505.4320772267528,493.6799425172584,495.3587951660156,322707
2020-02-12,495.3134910378053,504.8876050008193,492.7725021048325,500.1232299804688,455991
2020-02-13,499.12492280978495,503.48091105824574,495.63107050587473,498.2627868652344,314176
2020-02-14,496.4025300006627,501.1215413637424,485.920915445075,487.28216552734375,332513
2020-02-17,484.6050522213045,489.5509388321567,479.7499488538776,487.1006774902344,391945
2020-02-18,486.7375624177432,486.87370956219706,475.121574460402,481.3379821777344,464714
2020-02-19,482.0185677302399,494.0883046635453,482.0185677302399,489.868408203125,292470
2020-02-20,489.9138362134104,505.0237328562451,489.9138362134104,503.43560791015625,493528
2020-02-24,503.6624316294259,507.6554532431476,491.9556610628211,494.5874328613281,501427
2020-02-25,493.6799891523446,496.9016030036751,482.2455115593567,486.1023864746094,304682
2020-02-26,485.5124421433383,493.2261912241203,478.2524430084847,484.0150451660156,415081
2020-02-27,485.5125236347786,485.8301264944778,463.9140336612437,470.1757507324219,903380
2020-02-28,462.3259142237692,467.3625284525119,450.6645329748969,463.6871643066406,583329
2020-03-02,465.5475124361877,473.3066265655763,451.0275120483144,454.1130065917969,432302
2020-03-03,456.2909889221192,499.4880221557617,453.8407555389404,459.421875,579484
2020-03-04,459.1950200120991,464.3223896966137,446.4900194584047,451.6627807617188,670122
2020-03-05,453.4777342229877,461.8267171117407,448.7587234245661,456.0640869140625,375385
2020-03-06,446.4899332897628,461.9174309847342,438.8669399676576,457.0169372558594,336317
2020-03-09,452.8879044865064,452.8879044865064,433.33128881273495,437.8234252929688,644253
2020-03-11,440.13749612781874,444.22124609189126,427.840882313881,433.6034851074219,480834
2020-03-12,421.987442863781,421.987442863781,379.78869857740295,406.8321838378906,1268931
2020-03-13,372.07501886051807,411.9142653410328,366.6300185845105,406.3785095214844,463441
2020-03-16,396.577488953808,402.3401193322373,377.3384784118068,397.1673583984375,787495
2020-03-17,390.2249669401437,417.4499646336421,378.6997068386828,405.24407958984375,898666
2020-03-18,407.5128454620081,409.4639925293839,391.6315961814201,400.8427429199219,461340
2020-03-19,390.2249663424026,401.1149654031208,375.7049675947783,381.24072265625,2095658
2020-03-20,382.51120482735104,396.0329476915608,376.52169999574096,383.10107421875,1706018
2020-03-23,370.44147072310335,376.3855839976887,352.1099616422018,359.2792053222656,1744968
2020-03-24,362.9999901967058,375.7049898535905,349.38749056432937,358.7801208496094,738512
2020-03-25,353.92493690970457,356.5566809016322,331.9634297466594,335.5480651855469,1460575
2020-03-26,337.5899830894153,353.6527433626791,331.4189944764138,344.2147216796875,793362
2020-03-27,353.924997420599,358.4624973875298,315.99150877493867,324.5220031738281,667574
2020-03-30,318.532528507384,323.9775289946897,296.4802876116777,300.9270324707031,1364098
2020-03-31,308.550025566761,315.7646622424538,292.89564926962385,296.48028564453125,1344531
2020-04-01,298.24989677018624,300.29177195714965,276.2884113761133,279.9637756347656,1195124
2020-04-03,282.2325024629163,285.81713857207865,269.0283884255708,271.0248718261719,1396707
2020-04-07,286.5885264281317,286.5885264281317,256.82253361051914,260.5886535644531,3767035
2020-04-08,259.5450189078618,306.7803862710787,254.10001851119333,299.5203857421875,5604056
2020-04-09,308.5500151940237,325.74715211874843,303.2865260127129,320.71051025390625,2857006
2020-04-13,325.7924539977016,337.5445884161665,309.4574563042235,328.51495361328125,1997978
2020-04-15,326.83607254330127,352.1099494541426,326.83607254330127,340.6754455566406,2314627
2020-04-16,335.7749523485775,359.3699490000991,328.9687033144847,353.7434387207031,2037046
2020-04-17,362.9999709104537,368.4449704741105,355.78533541072846,366.5392150878906,1228378
2020-04-20,370.2146173443343,373.027845046218,359.9144873265996,363.3629760742188,1361174
2020-04-21,363.2268689116957,369.1256188128225,347.0279886442762,364.1343688964844,1674861
2020-04-22,366.8568592624616,375.704983882892,362.0924844668452,373.4815979003906,783606
2020-04-23,376.1587619961605,384.96152335477217,367.5375117212184,380.3786315917969,1487449
2020-04-24,382.0120988686133,387.0940762178498,342.35434165353183,349.34210205078125,1276331
2020-04-27,346.66496586101306,346.66496586101306,325.3387179611863,335.45733642578125,2774768
2020-04-28,336.72786978544445,352.51839221616103,330.0123752074503,350.5218811035156,2175015
2020-04-29,358.0540708685194,359.2338373434817,340.31245907971004,343.8970947265625,1629667
2020-04-30,343.942487744464,346.6649876474545,336.68248800315604,342.58123779296875,1797164
2020-05-04,324.88502694710326,346.665028753613,321.25502664601834,338.4975280761719,2134801
2020-05-05,333.3701586610452,339.67726757627264,331.3736474147446,332.8256530761719,1427609
2020-05-06,335.774974431163,344.16934879194207,325.24796969384056,335.63885498046875,2912933
2020-05-07,337.7715136143538,340.17638309347257,322.1625024192581,325.11187744140625,1013292
2020-05-08,327.6982383828588,333.052482563606,319.57610273019844,324.9757385253906,960318
2020-05-11,325.65635812891003,340.94773761557474,325.3840915308248,334.8221130371094,1902972
2020-05-12,330.4661521555062,333.5062829952199,314.94789508127747,321.5726623535156,2190657
2020-05-13,332.14505043415915,339.9949210871727,327.7436692268964,329.1049194335937,2026539
2020-05-14,326.3823580824193,334.5044938771388,312.6337391006766,315.1293640136719,7243815
2020-05-15,319.39461711070066,320.3474809762342,304.01248194628454,307.0526123046875,5797111
2020-05-18,307.0072779423257,307.0526695649162,282.4140469723213,288.1312866210937,2742302
2020-05-19,292.2150169813818,301.2900175087539,286.7246527402032,296.7071533203125,2120443
2020-05-20,295.4366018498899,303.87636812184263,294.0299879852483,302.4697265625,910265
2020-05-21,302.1975,311.8623694610596,297.70536392211915,306.28125,721427
2020-05-22,304.2846745225828,307.7331904095519,296.3440512031553,299.20269775390625,933192
2020-05-26,303.1049664973863,310.81871564477484,299.4749668986152,309.2305908203125,807831
2020-05-27,311.7261988088725,314.90244828727435,307.14333563934304,313.1328125,891151
2020-05-28,316.2637536959187,327.9704982937855,311.0456286349387,326.4277648925781,948417
2020-05-29,322.1624689827158,346.8010860716089,318.5324693322063,341.53759765625,2468813
2020-06-01,344.8046435037301,356.1483937480336,337.90763781625304,340.08563232421875,2198689
2020-06-02,342.85344769629233,348.9337080430627,338.4974592979516,343.8970947265625,1365104
2020-06-03,348.43464224484114,351.7016201469018,342.3543810593454,344.8500061035156,683131
2020-06-04,343.9425352897045,350.1589164664674,339.9495404189498,343.5341491699219,636163
2020-06-05,343.9424772047153,359.006981745234,341.2199773851529,348.797607421875,2628854
2020-06-08,357.55497605455736,366.3577365429177,351.0663570280404,362.2739868164063,2236607
2020-06-09,363.90746857545366,369.3524681052609,351.2478335907718,354.2879638671875,1226112
2020-06-10,356.6475158776896,356.96514643077063,348.7068905241786,354.74176025390625,607596
2020-06-11,354.1064498244933,364.27043144950494,352.15530300624124,359.460693359375,2027272
2020-06-12,344.89533558147525,357.5549706190921,344.89533558147525,355.6038513183594,808426
2020-06-15,352.1100072218472,363.9982630046181,350.3403711076708,357.10125732421875,1007127
2020-06-16,363.9075025544786,363.998258094056,345.03151349985785,347.79937744140625,1204359
2020-06-17,347.79932400676904,353.6980731419132,345.4852104239379,350.2041931152344,648350
2020-06-18,347.572465771644,347.572465771644,334.2775976198408,335.45733642578125,2461437
2020-06-19,337.59002413828904,343.9425245925041,336.3195295863868,341.4468994140625,1894591
2020-06-22,344.8500291634644,363.4537807367566,342.3997678783685,359.9598999023437,1613224
2020-06-23,361.1850035710111,370.62299812538345,358.46250354409386,362.682373046875,1215267
2020-06-24,365.7225049825975,378.0645106896852,362.1378688558796,363.9982604980469,1933479
2020-06-25,362.00174099326654,371.031376984648,358.5532521041821,366.3577575683594,1189573
2020-06-26,372.89174575900427,378.79049577953634,367.9912512808872,372.6195068359375,1574601
2020-06-29,372.2564960439438,376.2948542640296,359.3699854864971,360.8219909667969,1149850
2020-06-30,364.8149237838374,366.6752873172943,354.8777897819961,356.0575561523437,630969
2020-07-01,356.057664452002,362.7731595526855,352.6999030543078,360.45904541015625,889353
2020-07-02,364.4973594468558,367.53748990227166,357.60035409740374,361.0034790039063,446745
2020-07-03,362.0924905137325,374.34374019276856,361.00347946438205,372.755615234375,979346
2020-07-06,377.0662758071374,393.7642714110397,372.9825255276377,391.2686462402344,4654472
2020-07-07,395.30695348205205,398.800833560893,382.28432465802587,389.9073181152344,2965361
2020-07-08,388.2284874928675,389.0452596456223,370.75911255718046,373.0278625488281,2837566
2020-07-09,373.1639921950904,377.2477419884451,362.36472058579193,363.3629760742188,1605996
2020-07-10,362.0924641457279,363.6805889884723,355.01397592451826,356.7382202148437,1456659
2020-07-13,360.27746623325,362.86384652978376,351.20246708379784,352.47296142578125,1522264
2020-07-14,351.2024877055556,354.33337367383444,342.58123800735723,350.8848571777344,1150765
2020-07-15,351.4293426774506,357.3280921349159,343.0349684495192,345.07684326171875,1135108
2020-07-16,346.6649903321813,350.0227513164206,338.72436555363,347.4363708496094,960005
2020-07-17,348.8883751001187,352.7452499787623,345.9390001929208,349.1606140136719,992062
2020-07-20,349.16066189333065,359.370037972083,348.9337868693584,356.6929016113281,1077151
2020-07-21,360.27746240238974,362.319337189305,350.748713396785,352.3822021484375,1488641
2020-07-22,353.9249695871723,358.4624691972643,349.3874699770804,356.9197082519531,999602
2020-07-23,357.55496927524587,362.0924688853378,354.0157251183141,356.9197082519531,921532
2020-07-24,355.7399710916999,361.68408453078587,352.33684636824614,358.6439819335937,1213583
2020-07-27,358.5078909188011,360.0506521128563,353.01752658324165,357.6457824707031,473469
2020-07-28,360.00525504357626,367.4013743806642,354.4694995974246,364.1343688964844,1840356
2020-07-29,360.2774745231728,367.3559629447405,358.96158853834413,363.58984375,1152042
2020-07-30,366.17628969461634,366.3124091704317,359.9145445547647,361.0489196777344,815153
2020-07-31,363.0000060024617,367.0837560699893,354.83250586740627,364.4973754882813,1151242
2020-08-03,363.0000048344679,371.8027660295847,358.462504774037,366.6300048828125,1247984
2020-08-04,368.9894883242849,368.9894883242849,361.9109720377012,364.6788635253906,538800
2020-08-05,365.7224830746556,373.4362327176694,364.2704776029128,372.5740966796875,990526
2020-08-06,374.797517048564,379.335017254963,370.6684029386221,375.70501708984375,1212857
2020-08-07,374.7974663929818,382.9649656606255,373.1185860045818,380.3332214355469,1003976
2020-08-10,383.8271325642056,388.092365908339,381.3768715087552,383.3733825683594,633908
2020-08-11,386.0504488704437,388.50070965896106,382.0574548809366,383.10107421875,372576
2020-08-12,374.0714645427735,386.8671907952023,374.0714645427735,383.9178161621094,905469
2020-08-13,382.9650212305917,407.1952836517358,375.342026346933,396.35064697265625,3089891
2020-08-14,398.4832768874084,416.9509084157394,388.41002080880014,407.2860107421875,4371553
2020-08-17,413.0016482233768,422.4509046838446,401.9391040745363,420.6993408203125,2599932
2020-08-18,418.5329146695422,428.1204471762406,412.8172556827679,414.56884765625,1435833
2020-08-19,415.39857923897137,429.91816986123774,413.04777149621424,425.6314392089844,1968381
2020-08-20,424.06421936623394,431.2548622673023,416.9196591486506,421.6212463378906,955382
2020-08-21,426.8298550572395,432.17674047626025,422.17437869068726,429.0423583984375,988098
2020-08-24,433.006355343551,439.3212007460921,429.5953935405799,430.7477416992188,2710620
2020-08-25,433.2830058039788,437.800205982468,427.4290702052451,436.5556640625,1549218
2020-08-26,440.3353068772733,445.17516951863377,433.28294122656257,438.0767211914063,966688
2020-08-27,438.2611281416778,440.2892725341005,431.4392313916729,433.6978454589844,608824
2020-08-28,433.2828918359996,437.89228430234,428.6734993696592,434.8961791992188,976133
2020-08-31,436.00250982275566,437.4774931256814,419.9157164570059,426.1383972167969,2286594
2020-09-01,426.13842876608936,432.2228338083798,418.1180728285013,426.0001525878906,793352
2020-09-02,421.8055535291847,435.3571805673176,420.883674904373,434.7579650878906,697806
2020-09-03,437.8923828994272,440.88848867716007,431.02437532476034,433.1907958984375,709569
2020-09-04,426.3688836486554,436.0946923357799,425.3087288079056,429.595458984375,568623
2020-09-07,431.5775009265084,435.6337615154096,418.62511665054456,420.1001281738281,1265851
2020-09-08,422.819702343657,427.0142677275559,413.0938923410104,423.0040893554688,1041918
2020-09-09,421.2985720213177,426.36890494498783,416.0899629173395,424.3868713378906,585530
2020-09-10,428.3970429365439,435.4954920430132,422.6813837459017,433.6978454589844,893031
2020-09-11,428.6736467937987,432.3611620350357,417.1501616649332,420.7454833984375,2486466
2020-09-14,421.1602837278869,449.6463295257819,420.46887471272686,434.7118835449219,3258052
2020-09-15,437.06267582816537,455.40805543033855,431.43921040768913,446.2353515625,3509385
2020-09-16,455.36200505568576,455.4080877382893,438.0767790534733,446.1893005371094,2138888
2020-09-17,442.4095773122333,452.91898874221874,437.1087748494308,449.6924133300781,1740279
2020-09-18,447.11118862512575,454.0713618544442,439.7822413932288,443.8846130371094,1352075
2020-09-21,444.3455423877191,445.63616696712336,425.4470286554613,431.1165771484375,1500924
2020-09-22,434.3431671443967,434.7119130174479,410.42043047805055,419.96185302734375,926175
2020-09-23,420.37665498014206,425.2626004622557,414.8453832040876,418.3485107421875,940500
2020-09-24,414.84539741276177,419.454790717348,403.1375271657111,407.0555114746094,2377316
2020-09-25,407.05552376431496,412.494630534746,403.5523960004656,411.8493041992188,1877821
2020-09-28,418.2563433037906,419.0399176280282,408.8531700779099,411.48052978515625,1274121
2020-09-29,412.07978056957097,417.1501134401138,407.4703870508957,410.42041015625,1112228
2020-09-30,410.2821058438855,414.3844773289086,405.8110166375747,410.42041015625,639550
2020-10-01,411.75704513311535,422.4969245200767,411.7109624594183,412.9093933105469,1204806
2020-10-05,414.7993737329908,424.5251837356375,409.3602663531328,423.0040893554688,1030876
2020-10-06,426.6915388673776,428.4891853551469,413.5086572895511,416.3204040527344,706813
2020-10-07,414.8914444240889,420.0078874324202,406.1335978982892,408.2078247070313,357445
2020-10-08,406.640665329392,417.426628314449,403.4601728337005,412.0336608886719,1357549
2020-10-09,412.0797671284937,417.426652182352,396.5461058505285,398.3437805175781,1732230
2020-10-12,400.87894653949456,402.8609800595397,396.40782934920384,398.0671997070313,642918
2020-10-13,394.8405809546345,411.2039256001928,391.7983929218185,409.3601684570313,1857014
2020-10-14,410.8813133321237,410.8813133321237,401.93907943980935,403.5984497070313,1035921
2020-10-15,405.257861772236,419.7313397544742,403.1836348015184,408.3461608886719,1150715
2020-10-16,411.9414728028655,427.4290225846205,408.89925643371504,425.9079284667969,1101187
2020-10-19,426.8758586271924,435.8180919685785,420.69928911662265,434.0665283203125,1021080
2020-10-20,430.51734525215,435.4032910219523,424.66340998444014,427.9360961914063,623324
2020-10-21,428.7658097731097,438.8142824633206,426.2306432252649,428.1204833984375,944532
2020-10-22,424.0641731240499,429.180588307254,421.6212003621012,425.5391845703125,1274145
2020-10-23,426.1384361993259,431.1626864517251,421.48295993989615,424.1564025878906,567079
2020-10-26,425.4470290926355,427.1063995345024,412.7251140156405,415.9977722167969,447095
2020-10-27,413.13986011996656,423.6492697995524,411.15782689504255,421.85162353515625,545016
2020-10-28,421.29854260577497,426.6454275167357,405.7187990639033,408.6227111816406,554962
2020-10-29,406.5484895750666,415.7672761867462,399.68048229596377,407.147705078125,1320652
2020-10-30,409.12973660785474,412.9094447271899,397.3297010549831,400.1875305175781,851825
2020-11-02,400.6484890692906,404.1516168795835,395.3937692203461,402.768798828125,937677
2020-11-03,405.6266221424077,416.274309720244,403.3219254256895,412.0797729492188,1230148
2020-11-04,414.5227711540079,414.5227711540079,403.7828894249986,405.7649230957031,511546
2020-11-05,408.5766489948098,419.6852760193499,408.25398582476606,418.8555908203125,450418
2020-11-06,420.9298101629629,425.7235624102989,413.9235265807744,420.4227600097656,1039186
2020-11-09,421.2525004694908,425.0782916044632,414.20010561887767,421.6212463378906,1216682
2020-11-10,420.2844587604161,429.13449917131567,417.05788357867686,419.0399169921875,706979
2020-11-11,421.114197712636,425.9079784201179,417.1962130626674,420.88372802734375,506890
2020-11-12,422.1743896207472,444.6682257500523,420.4689082871354,441.1650695800781,3582901
2020-11-13,441.5798673431168,444.3455032554954,433.882175093629,440.9806518554688,1179898
2020-11-14,441.5337826184957,445.17518633948384,438.952505565469,441.2572021484375,99483
2020-11-17,443.469684612006,459.0033444853171,442.0407840504366,454.4861450195313,2651920
2020-11-18,456.1916411092494,461.86118900021614,447.3416007232632,458.31195068359375,1035778
2020-11-19,460.0635533239554,473.661264129518,457.2518345463768,471.3565673828125,2069434
2020-11-20,473.84562422229953,478.5011001329498,465.59479908409344,470.52685546875,1000669
2020-11-23,467.3925292329082,480.851936562001,467.3925292329082,472.3706970214844,962368
2020-11-24,474.7675584918829,491.36137607024,473.84567973752974,486.6136779785156,1020271
2020-11-25,489.5175608295267,490.39335679627663,481.2667356977368,485.6917419433594,676412
2020-11-26,483.9863283658088,494.72623796873097,476.6573812828671,491.9606018066406,1550087
2020-11-27,491.361318021911,550.8224906530803,488.5956820855776,540.2208862304688,6312831
2020-12-01,540.1747705710352,540.2669359231496,524.5489172313918,533.2606811523438,1003872
2020-12-02,532.523197162859,534.6435066948972,521.0918799867329,530.8176879882812,785663
2020-12-03,531.8779464877942,539.8060810882182,524.2263642539874,527.7294921875,815720
2020-12-04,530.0801062188087,536.7637249493938,519.5245867633136,523.0738525390625,786542
2020-12-07,525.8396076117536,534.0442938856198,520.216114052916,523.5809936523438,822982
2020-12-08,525.3786980477577,531.0021356581665,509.43015139024914,516.2059936523438,881862
2020-12-09,515.7910857263179,549.4396552151661,512.057488584381,544.5997924804688,3543808
2020-12-10,553.1272004090665,562.345987082551,526.6231887227988,536.9943237304688,5622070
2020-12-11,537.4552033502972,546.950541315607,533.0301974920658,537.132568359375,1564801
2020-12-14,539.8060141864006,561.8850183683018,538.3771135801284,560.1795654296875,2356361
2020-12-15,563.8671038687752,565.3881698947998,547.8263927071885,553.2193603515625,1577660
2020-12-16,555.9850148640259,558.2897115866706,545.7521839222869,548.6099853515625,1530565
2020-12-17,549.4858668583793,559.580451327661,539.2991170126551,543.2171020507812,1064637
2020-12-18,542.9404646537249,567.8772719154409,539.1607282720039,564.23583984375,3043164
2020-12-21,563.2678886199994,567.9233648257315,520.9997725126843,531.0942993164062,2236130
2020-12-22,531.0943010915992,540.220922806222,512.7950312473737,531.6013793945312,1787973
2020-12-23,533.767801389947,544.3694071170357,531.9240438721924,538.6537475585938,1185209
2020-12-24,542.0646852628697,547.181100885673,526.6692994450287,529.6654052734375,1179334
2020-12-28,533.1224103598661,538.7459038673312,520.3544136044457,524.5489501953125,1644095
2020-12-29,529.1583434307721,532.0161447299542,520.9997399108114,524.5489501953125,1115831
2020-12-30,527.1301913941993,540.2208792436061,522.8434895085281,526.991943359375,2212476
2020-12-31,528.236504516368,533.2607547743326,525.0099290088508,529.6654052734375,937682
2021-01-01,530.5410545040241,538.8379606561288,527.3144798893168,535.9340209960938,897472
2021-01-04,539.2991020193246,565.664813389018,538.8381626158891,561.6546630859375,2593184
2021-01-05,561.5162729980763,575.6671442824972,556.1693879882563,567.8772583007812,2563883
2021-01-06,567.8770924804404,574.9755673898444,555.1090991903961,562.66845703125,1426472
2021-01-07,566.955283042122,595.8100691207848,564.1896475150872,593.04443359375,2347094
2021-01-08,597.1929798345045,597.3773668184056,577.0960364634597,585.3929443359375,1843346
2021-01-11,587.2368660957793,588.9423195737065,572.2563337974176,575.2985229492188,1291025
2021-01-12,573.408504904114,582.8577608129036,571.0577256631333,574.5147705078125,1598149
2021-01-13,579.9538011827505,579.9538011827505,557.7365495663313,563.3139038085938,1519267
2021-01-14,566.9553782467901,571.1038322339618,560.5022276000788,568.7069702148438,909426
2021-01-15,569.7209462421965,573.3623777830671,550.8685185637914,554.6482543945312,1241426
2021-01-18,554.694487682421,557.3679024541108,537.7779778669135,547.7343139648438,1020263
2021-01-19,548.5179173560125,571.518805984261,548.5179173560125,569.1218872070312,1364200
2021-01-20,572.486641063519,574.2382330035275,564.23581590107,570.0436401367188,1053480
2021-01-21,573.4085874189002,578.5710859563806,546.9045731290395,554.2335205078125,1389016
2021-01-22,556.9990999628537,572.3944849028621,551.4678279796417,567.7389526367188,1436902
2021-01-25,568.7990956599355,574.1920629580131,554.4638946969474,562.806884765625,950878
2021-01-27,565.9873887689081,579.4467940847729,560.2717300839636,575.6671142578125,2875863
2021-01-28,571.5647552280335,590.002327977325,566.5405054004503,587.328857421875,2668310
2021-01-29,594.6117363369086,635.6353367508503,587.2367070490089,614.2938232421875,7382301
2021-02-01,612.9571004695986,679.4245246782694,603.1390709236877,672.9713745117188,4025736
2021-02-02,672.9713303872574,737.3184408612964,672.9713303872574,700.397216796875,7499430
2021-02-03,702.4715523189243,719.0653685154343,689.6113335132272,704.0387573242188,1420512
2021-02-04,700.6278973221399,727.5928525809196,697.9083435725519,723.2139282226562,1372037
2021-02-05,719.0653431370116,732.7091358303124,717.0832815433567,725.5184936523438,1027482
2021-02-08,725.1958396321462,736.5810180933704,716.2075230784411,730.3583374023438,961871
2021-02-09,734.7764146776427,736.4505774333151,715.2908768840538,719.9878540039062,515443
2021-02-10,719.8947940282259,742.9611791756699,715.8953898595655,739.6128540039062,1191178
2021-02-11,743.4261247481735,751.424988748617,718.1274884701834,719.6621704101562,1412790
2021-02-12,722.6849854730254,723.7546191628201,697.8513973984207,701.0602416992188,1112501
2021-02-15,706.5944029814599,711.4309166867174,694.4566536260272,708.1290283203125,716808
2021-02-16,714.779271509328,722.0340139848516,708.3150884744254,712.779541015625,1293232
2021-02-17,715.9418827716049,738.5432195846287,709.0591449845834,735.7529296875,1332822
2021-02-18,742.2171930906278,748.7278702230018,712.4076041454072,720.1738891601562,2615406
2021-02-19,720.1738689223779,730.1259150416331,700.6418380741303,715.8954467773438,833264
2021-02-22,715.8953988367765,722.6385995113928,707.1524676684571,712.779541015625,580147
2021-02-23,714.5002072145064,752.2156123436769,711.523886791855,745.472412109375,2416382
2021-02-24,757.4707370027754,762.4002379105561,725.5218829071825,737.380615234375,2177256
2021-02-25,737.5666538647741,764.5394570956423,736.6365572016408,748.82080078125,2507715
2021-02-26,738.4966359575828,745.7978709230288,722.6849951373324,732.6835327148438,1047053
2021-03-01,727.5217099552443,745.9376147768118,727.5217099552443,744.6820068359375,820946
2021-03-02,747.4256406345922,769.0503876140624,747.4256406345922,761.2376098632812,1561606
2021-03-03,765.0045272417877,821.2288834851923,765.0045272417877,804.0220947265625,5093443
2021-03-04,798.9530697382039,836.0639509817947,795.2791763990759,831.4599609375,2291998
2021-03-05,827.6930712701028,831.3669077990644,785.466658625879,794.0235595703125,1720949
2021-03-08,793.9769957716775,831.2738472162655,785.0015407558357,819.4616088867188,2415261
2021-03-09,819.8802432224285,826.3444266582761,793.0469760637676,797.5579223632812,1032759
2021-03-10,804.533508430119,820.7172109603102,800.30158051984,817.88037109375,1138075
2021-03-12,823.1355103344068,858.2466578091231,818.5315207025468,822.1124267578125,4138878
2021-03-15,823.6935107277486,827.1813729120101,796.3951987396985,802.5338134765625,1224661
2021-03-16,808.0679277837138,814.4856171348528,792.4888094819735,799.2785034179688,1122074
2021-03-17,797.0928292328615,805.1381879646449,777.0492577744822,780.3975830078125,1118124
2021-03-18,790.7681807832759,811.0442763380072,788.7684502844085,798.3019409179688,1822115
2021-03-19,783.0018449158922,843.5046776312342,783.0018449158922,833.78515625,2575250
2021-03-22,837.0869779151479,846.3879443364274,825.9258182096127,831.8319091796875,868118
2021-03-23,827.6930993443444,835.9709261462802,812.0209354468755,830.111328125,1072058
2021-03-24,826.8559286821653,826.8559286821653,802.0688300474161,804.9986572265625,867026
2021-03-25,807.7889030372472,811.0442411611739,771.050087067217,795.744140625,1484307
2021-03-26,804.533589694087,815.3226879582699,765.9345793214806,808.6260375976562,845909
2021-03-30,812.9043974268845,844.4346936729602,807.0912938983743,835.1337280273438,1413577
2021-03-31,835.1338012669987,860.3393976696669,824.8096944338063,855.3634033203125,1419494
2021-04-01,864.5248476524011,868.9428067985538,826.1118668511506,832.7620239257812,1546599
2021-04-05,826.8560296168421,840.8074811851802,808.0680634844264,820.391845703125,858911
2021-04-06,821.4148247816179,832.436446647107,812.5323569472148,817.6478881835938,591892
2021-04-07,821.2752921537384,838.9471274322447,819.0895878662016,826.4373168945312,1058739
2021-04-08,827.6930845495552,838.7147078504643,819.8337560000092,823.9261474609375,600468
2021-04-09,823.9260940004411,829.5997176218145,804.1615402046039,810.0676879882812,739583
2021-04-12,807.556411394621,808.1609969208395,757.0986684425241,761.2376098632812,592537
2021-04-13,753.471286575677,784.6295248931494,747.7977196193366,780.9556884765625,816561
2021-04-15,780.9556337844094,797.8368530324276,772.4452271773072,789.2334594726562,520399
2021-04-16,792.9074075232176,804.5801093242392,781.2811992017628,789.7450561523438,410768
2021-04-19,767.3297391619002,809.2770755286462,760.4470012183434,781.2811889648438,773487
2021-04-20,783.1413250179831,795.2325806298998,766.6321106247893,775.1425170898438,407772
2021-04-22,775.142552493741,798.9530034634449,767.329718110992,796.6742553710938,415850
2021-04-23,798.0229048686894,808.1609807964863,785.280569742592,791.0471801757812,955435
2021-04-26,791.1866607176873,820.345165138473,791.0471235263847,815.462158203125,1150871
2021-04-27,822.5775106868912,836.2964364531699,807.9284882584918,832.5760498046875,1520592
2021-04-28,833.3666076487252,844.1557062010252,817.6945016297335,820.810302734375,881427
2021-04-29,824.9956897655567,830.1577145766623,795.23259836477,798.0228881835938,1075088
2021-04-30,800.9062219995325,801.1387461676625,775.189083065512,779.0489501953125,637991
2021-05-03,773.8405223880598,782.7694287850964,764.167493150768,778.9560546875,737792
2021-05-04,785.9316147023029,793.372387385875,776.7236357989462,786.2106323242188,754444
2021-05-05,781.7927236221436,798.0229214315507,775.514571268224,792.6748657226562,869383
2021-05-06,793.605042644306,799.7436584149821,778.5374641170288,781.1417236328125,543158
2021-05-07,784.0714316299222,786.3501796473336,777.653742400248,779.5604858398438,307073
2021-05-10,778.4909273746387,785.9317008740378,769.5154716335497,771.7012329101562,1104127
2021-05-11,767.4227648720408,787.6058746265296,749.6579406000009,771.5617065429688,1071007
2021-05-12,772.7242685622457,808.2539711687205,770.7245948696469,774.7239990234375,2579689
2021-05-14,781.234650469579,784.2109709430911,754.3083425477267,759.3773803710938,562288
2021-05-17,760.7725642415147,763.0513123818038,740.4499184307423,749.6578979492188,930488
2021-05-18,753.5643768500886,792.8144699415852,753.5643768500886,777.9329223632812,1897253
2021-05-19,783.0483884039286,798.0229216861732,775.6076152413535,777.746826171875,1047739
2021-05-20,777.5608035319682,805.975244986744,772.0267170813411,789.18701171875,1804044
2021-05-21,792.4423221800953,799.1390292142089,771.9801964899989,775.2355346679688,1404966
2021-05-24,776.9562883068244,791.512324981312,773.0033771656134,781.1417236328125,849667
2021-05-25,785.0014744910334,794.3024398286049,748.7277096745046,752.029541015625,2094171
2021-05-26,757.7497677682086,773.7939353122738,741.1010146817114,746.5421142578125,1800521
2021-05-27,728.2656499123086,747.100106375558,694.7821717554209,717.8020629882812,8431138
2021-05-28,726.9635051578259,748.7277890628671,721.8479736797567,735.7529296875,3272553
2021-05-31,734.3112949551563,739.2407957778307,723.1501353104928,731.89306640625,1417432
2021-06-01,735.799464162078,738.6363044637609,717.8021160302736,725.3358764648438,829538
2021-06-02,725.3823542604655,741.5195074120433,723.7081349812571,738.8222045898438,688179
2021-06-03,739.4268432477901,757.8427457259029,736.7760904794341,752.4946899414062,1802557
2021-06-04,755.7035816802384,763.5164168013564,748.2628079529252,754.0294189453125,1613019
2021-06-07,754.3083705216454,766.399626769218,754.3083705216454,756.1220703125,892435
2021-06-08,760.0749374932565,766.8646311821457,751.9830858832805,759.3308715820312,756283
2021-06-09,762.6792833346556,785.0016038224991,756.2615934869618,767.84130859375,2275027
2021-06-10,768.8642923544522,785.7455097226768,768.8177421147099,780.9089965820312,1807203
2021-06-11,784.9084913484338,784.9084913484338,772.1661574204994,774.8634033203125,1129896
2021-06-14,777.0957253916686,777.0957253916686,754.4013451742894,771.88720703125,672798
2021-06-15,775.7006497895619,790.582197027731,768.6784310402704,787.3733520507812,1581089
2021-06-16,786.8152246913195,795.6046488543531,775.3284976994723,789.5590209960938,2097530
2021-06-17,789.5590626362372,789.5590626362372,773.3753583470336,780.72314453125,1099474
2021-06-18,785.931683118916,785.931683118916,760.8190731257672,774.8170166015625,1079697
2021-06-21,767.3298033719462,774.4450660742895,762.2142713494666,767.23681640625,583316
2021-06-22,771.2361413255371,785.0480536519655,769.7014591698925,775.0960083007812,736130
2021-06-23,785.9317005094925,786.3967488529894,766.0741589496204,767.84130859375,558645
2021-06-24,769.1899813853223,780.3511419374673,767.8413297982186,773.700927734375,793824
2021-06-25,773.8404207601909,805.3707202269684,773.8404207601909,797.9764404296875,2302682
2021-06-28,807.3238335313237,814.7646061905984,797.1857580756255,810.9512329101562,1916265
2021-06-29,810.8581892801237,817.7874201735551,782.7227676591399,791.4656982421875,950940
2021-06-30,804.5336720677069,841.5980040792246,802.6734786062786,836.6220092773438,6332967
2021-07-01,841.6910819567704,846.3880592836904,824.1587238104473,827.4140625,2181638
2021-07-02,833.3665382321016,833.5060754269649,814.2065713328622,819.7406005859375,679515
2021-07-05,819.740724397965,832.9016157405001,814.4857119723193,819.0431518554688,732396
2021-07-06,819.3221290680536,825.9257923126662,806.8588117468896,808.5794677734375,673591
2021-07-07,809.0911477121825,823.8796512847465,800.5807401400539,806.3473510742188,1087702
2021-07-08,807.7889680917959,824.9957567039988,801.2782913196111,806.8123779296875,728453
2021-07-09,810.0676622323415,811.0907458065125,796.348737092598,801.7432861328125,660070
2021-07-12,801.9758834371353,808.9051152392244,790.6751857702747,796.8603515625,805912
2021-07-13,804.0686042458606,807.2774492428979,794.9071743774505,801.7898559570312,324728
2021-07-14,801.7433414614168,812.6719774964188,798.022954726097,799.7901611328125,757649
2021-07-15,802.6734060304394,823.3215629390548,801.7433093838225,813.0440063476562,1446545
2021-07-16,816.5784112823992,816.5784112823992,794.9536629501002,797.5579223632812,481154
2021-07-19,797.0929155438045,806.2543458329878,787.0478819875209,801.371337890625,753116
2021-07-20,801.3712741486702,806.3008319513574,782.7693406097633,794.1630249023438,535458
2021-07-22,804.5336150615528,811.8814014209981,799.8831317374976,804.4871215820312,583591
2021-07-23,810.1141796908306,810.1141796908306,793.8839818438798,798.3019409179688,398781
2021-07-26,798.0229936099008,804.3941334971323,790.5822197767083,792.3494262695312,321947
2021-07-27,792.4423459036473,803.1384573800462,784.8155420189308,786.5362548828125,423068
2021-07-28,788.7219599771034,789.4660259441177,764.1673856854728,778.1188354492188,755307
2021-07-29,778.1187675171102,786.350156220252,772.9102494341355,783.1878051757812,557740
2021-07-30,783.234291064527,798.2088797530745,782.6297623612203,792.8143310546875,443239
2021-08-02,793.3257901930137,810.3465441277186,793.3257901930137,800.301513671875,482392
2021-08-03,805.4637702308528,850.1084133845259,804.487180015586,846.1090087890625,2275514
2021-08-04,855.2578983916799,867.9725112918276,836.5378311531506,839.49365234375,2333513
2021-08-05,844.4668871514496,864.5475140914075,828.4210907186263,849.533935546875,1405685
2021-08-06,849.5809064058075,861.0287143307254,841.0888051477021,845.3583374023438,646165
2021-08-09,853.0057691938397,885.33188938085,847.3287717126736,852.8650512695312,3950297
2021-08-10,856.7122553209024,892.3695014350253,849.2992786145917,886.7863159179688,3247779
2021-08-11,890.4928032460431,895.1845461503952,854.8355571729666,886.5048217773438,2618584
2021-08-12,867.0340843614027,912.0748160165406,861.5916740741907,890.3989868164062,3816364
2021-08-13,890.4458361598271,928.448951076912,889.272900514238,915.4058837890624,4501067
2021-08-16,922.396612399962,933.5629829055651,915.8281726371952,923.3349609375,1977288
2021-08-17,923.3350490055974,963.5432647652826,915.3590856757728,956.8341064453124,3360843
2021-08-18,958.0538863395024,970.95617912811,950.78168494956,966.4990234375,1643945
2021-08-20,954.3005423303316,962.5580559677092,925.4932283689571,930.8887329101562,934309
2021-08-23,938.348610788538,959.3676425791028,913.060104273336,915.3590698242188,1165189
2021-08-24,922.7719563556136,942.1019129352258,919.581548482591,934.8297119140624,852140
2021-08-25,942.9465654804144,946.9814531532968,926.5723703580632,928.6836547851562,528146
2021-08-26,934.5951862912958,936.0496151367968,918.643260420862,920.61376953125,997156
2021-08-27,921.5521742695296,925.2117568658324,911.840288777254,919.5816650390624,656459
2021-08-30,919.58159833445,941.1167094641816,919.58159833445,937.7855834960938,749688
2021-08-31,939.4746285636952,946.3245618804168,933.187681497347,937.551025390625,413161
2021-09-01,938.3486378806278,953.315310109275,934.6421493065482,943.9318237304688,653535
2021-09-02,947.732173546122,979.44840497369,945.2455266175182,976.1641845703124,1457864
2021-09-03,981.2780791477792,984.7030745538262,954.9105055718114,962.69873046875,923886
2021-09-06,961.8073241484742,985.1722274196168,958.0539297127729,982.7325439453124,579889
2021-09-07,989.0194737065856,998.825171247636,970.2525007709768,975.366455078125,1233627
2021-09-08,975.8355867280123,992.2566873285718,969.314109735879,977.3370361328124,643045
2021-09-09,969.4078423830028,998.6374219697096,969.4078423830028,979.6358642578124,1222854
2021-09-13,985.2661112875784,989.957854674662,971.1908811263272,979.7767944335938,448594
2021-09-14,980.5742743154268,984.609219061034,963.4494125869516,974.6157836914062,481487
2021-09-15,977.665525368949,985.8760764261766,973.724392134769,977.1025390625,393516
2021-09-16,976.0232688157806,984.2806673428228,961.8542285960996,968.4226684570312,455660
2021-09-17,974.9442767867076,976.9617493540244,935.2990451271904,945.573974609375,904354
2021-09-20,945.5738972140286,959.4614450621896,915.875141066772,923.522705078125,668143
2021-09-21,931.3109952614813,945.010862056174,908.931403825812,929.5750732421876,600629
2021-09-22,931.8740128481928,963.0741051741657,926.6661893429704,959.1799926757812,710873
2021-09-23,967.1558727689744,975.225762502812,952.4238453144268,964.4347534179688,454649
2021-09-24,966.499122665634,977.0555451219332,929.5281624431136,933.46923828125,533414
2021-09-27,942.1489254065642,942.9465561011076,922.5374735088792,936.8472900390624,335525
2021-09-28,935.5804408773058,959.9305979994851,933.6568377414349,939.756103515625,438399
2021-09-29,941.8674536760036,949.5619240297258,931.7802057287886,935.4866943359376,270602
2021-09-30,874.5408534978445,938.348555255198,874.5408534978445,930.7948608398438,744956
2021-10-01,926.900709785532,926.900709785532,824.0108230272349,861.497802734375,9096073
2021-10-04,861.5916473353607,874.7285269937496,833.6757780612841,838.2267456054688,5686783
2021-10-05,835.1302748084499,847.8448872008017,830.8138940498026,844.3729858398438,1292721
2021-10-06,845.4521620871396,858.5890436290042,822.6033946000143,828.1865234375,1533500
2021-10-07,831.9398222745348,847.0472686697528,831.0014737011269,841.6048583984375,978399
2021-10-08,849.2054377379911,851.9266714418528,821.1487931844878,829.124755859375,1057034
2021-10-11,834.1918347527217,855.7738507249519,829.1247298329508,853.3341674804688,1083385
2021-10-12,858.5890218156228,861.4040677887888,839.1182871678915,843.9508056640625,594370
2021-10-13,851.0821298534265,854.8824300041655,840.4318967823526,842.6838989257812,456620
2021-10-14,847.0472141365769,858.5888893919868,839.5873320038035,847.469482421875,890689
2021-10-18,858.5890230465716,872.617346954079,847.469614345527,854.0849609375,1187657
2021-10-19,858.5420429058004,893.307846266665,848.2671145221273,852.302001953125,1935874
2021-10-20,858.495143254897,864.547445809848,817.3485234426747,828.7025756835938,1384833
2021-10-21,831.3768003501261,842.0270332922128,817.3015723532278,826.7788696289062,1543769
2021-10-22,836.068477274031,853.8970980015356,827.2010728787968,830.6729736328125,956330
2021-10-25,832.315229106184,838.4144951593861,797.1271557223262,815.002685546875,1048967
2021-10-26,815.0027243967363,832.3152687813064,811.9999972037277,821.3834838867188,654920
2021-10-27,821.0549854725954,848.9708549786636,821.0549854725954,839.4465942382812,1374702
2021-10-28,870.59984595968,891.4311969642428,829.5001874909375,839.7282104492188,4091480
2021-10-29,835.1302831746376,856.0554462311916,814.5804252078427,840.4788818359375,1394234
2021-11-01,840.7603225143796,866.7056835008725,840.7603225143796,856.4776611328125,1211268
2021-11-02,856.1493191222596,866.095791763403,843.9507868439018,855.72705078125,624307
2021-11-03,855.7270136144498,857.838297955543,833.2535532848065,840.3380737304688,933131
2021-11-04,850.6130260783743,850.6130260783743,836.0686224333497,844.0914916992188,34666
2021-11-08,846.1089744424529,865.1574402516776,844.560676287981,855.6331787109375,734400
2021-11-09,859.9026505354,867.9255193365221,853.8971967919189,865.1104736328125,1040287
2021-11-10,866.0958029821703,881.1093813653932,859.9496307859897,867.5502319335938,1736346
2021-11-11,867.034079137416,871.4912348472674,855.0701348636043,860.6533203125,527215
2021-11-12,867.9254612435827,878.4818819259199,863.0460375626307,865.9548950195312,398802
2021-11-15,870.6936157970422,877.8250416498087,862.2015158617331,868.30078125,876359
2021-11-16,867.9724538562639,879.6549053653205,864.2190594612098,869.520751953125,579065
2021-11-17,866.0958348326915,872.5704636574623,861.7324905457035,867.4095458984375,322082
2021-11-18,864.2190508374489,872.4296009946993,847.3756822032674,858.9173583984375,618377
2021-11-22,857.3690900085586,867.6909241599159,814.8149484848394,825.2306518554688,699130
2021-11-23,823.6823576907857,844.9828815393996,813.9235669924931,840.5726318359375,352603
2021-11-24,841.6986404040557,846.2965711590871,837.194578866377,841.9332275390625,532358
2021-11-25,841.2764824325563,849.2055400900587,825.2776491814437,840.056640625,582157
2021-11-26,836.0686022604033,839.5405035334437,810.9208712450685,821.2896118164062,508067
2021-11-29,820.1167292753328,825.6999152597479,790.0895721393938,820.1636352539062,461771
2021-11-30,820.1635707332607,843.3407922787088,819.1783161716971,824.3392333984375,407386
2021-12-01,825.7468182361376,861.3102552486195,825.7468182361376,858.8236083984375,1143468
2021-12-02,856.7122268841829,865.8611252545232,852.0204841301622,862.8583984375,530045
2021-12-03,862.342421798168,883.1268676046002,860.5595364285289,864.6882934570312,682024
2021-12-06,867.50335785788,881.109413768036,858.5890453650192,867.4095458984375,543727
2021-12-07,870.7874772350993,893.589336143594,866.0957343620654,885.5664672851562,958045
2021-12-08,893.5424703172,897.4835459620759,882.0476997617936,886.9271240234375,693560
2021-12-09,888.8976642565988,892.510340920689,882.3761296878313,886.8802490234375,506043
2021-12-10,891.4780113852813,933.6567893537524,887.6777112850751,913.10693359375,1868676
2021-12-13,927.0415092094944,939.2400409882438,917.0011677525345,932.6246948242188,1182294
2021-12-14,922.39661345437,927.792117551382,900.0639296898842,904.3803100585938,652333
2021-12-15,909.1660132409336,912.8724445227384,877.3559716796875,879.7018432617188,360472
2021-12-16,888.6160703046978,895.5129091874975,875.9483649730047,880.8746948242188,420664
2021-12-17,880.874711446088,883.4551699882736,857.6505845664175,859.2457885742188,589258
2021-12-20,855.7738493676734,856.1022484404393,824.2922680082137,839.2119750976562,443183
2021-12-21,836.1155141185278,856.6653715036633,836.1155141185278,846.296630859375,331318
2021-12-22,846.3904587374187,871.9135527613352,845.0767477550884,868.72314453125,599748
2021-12-23,876.4175154672456,881.3438451848077,864.218984738044,877.1212768554688,365411
2021-12-24,877.1212721470087,877.4027652463371,858.6827009656422,861.779296875,220755
2021-12-27,858.5889239857912,871.678897723959,854.4601674533528,862.8583984375,227959
2021-12-28,870.2244972002622,884.2527626727946,868.1132128923524,881.4846801757812,327873
2021-12-29,881.1563119586133,889.0384637388969,877.5905984474405,881.0625,251667
2021-12-30,873.0396843693416,886.7395529665874,868.8640210517133,874.9163818359375,352159
2021-12-31,874.9163123420502,886.1764962472388,873.6026013108755,883.7367553710938,144411
2022-01-03,884.2528085361254,895.8414484795136,881.0155515805594,884.1589965820312,151922
2022-01-04,888.7569706342806,899.125712040902,877.4967865317577,890.9151611328125,236996
2022-01-05,889.5544541248187,889.5544541248187,870.0837210835846,872.00732421875,471227
2022-01-06,850.1437980854802,886.6455800954019,850.1437980854802,883.595947265625,714262
2022-01-07,886.7393399353896,887.7715003851455,877.684253925563,885.3787231445312,217166
2022-01-10,882.0476504334031,897.0612274620568,877.3090016381846,893.4486083984375,453512
2022-01-11,895.1845101938042,924.2733150323868,889.8359120432276,914.7021484375,640620
2022-01-12,922.959663702954,922.959663702954,903.6297053753729,914.1392211914062,201156
2022-01-13,914.1391980640964,919.8161955184822,904.5680310939218,915.3121337890624,302741
2022-01-14,916.7665666989308,955.2388586484254,908.3214294417248,926.00927734375,1457453
2022-01-17,936.4719761657334,946.981492763528,925.2117920835803,939.9907836914062,479224
2022-01-18,944.9170924638928,962.604941643316,920.5200275144774,926.9476928710938,870391
2022-01-19,927.0883919806809,930.7479743316106,892.181813540723,905.0841064453124,1298605
2022-01-20,904.5681130914088,904.5681130914088,882.5638254419432,889.6014404296875,1794379
2022-01-21,889.5545310670803,889.5545310670803,853.8972819314802,864.5006103515625,527085
2022-01-24,863.2806169202998,870.5528177693567,834.098001583306,840.8540649414062,899243
2022-01-25,833.4412231999416,876.1360837430849,823.119388782918,872.1011962890625,736229
2022-01-27,871.209831873541,871.209831873541,844.3730256172618,850.6599731445312,435590
2022-01-28,858.5890377540056,886.5518168187555,858.5890377540056,876.1361694335938,357392
2022-01-31,887.5839598747465,888.8976135458086,876.136095548974,883.9243774414062,234218
2022-02-01,891.2434549090032,900.8146217192202,879.3264166880591,893.4486083984375,232623
2022-02-02,908.2745374845916,933.516080424004,885.6603018945993,889.4136962890625,1896737
2022-02-03,891.4312593016698,893.8709429971707,865.3451770628727,869.473876953125,359291
2022-02-04,872.664139910442,874.6816121750488,858.6358178197975,865.6265258789062,337862
2022-02-07,858.9643220911641,868.8169822849742,849.2054738474416,853.897216796875,191141
2022-02-08,858.166769354941,861.5448589486429,843.3408717428699,851.8798217773438,252050
2022-02-09,848.3140406526273,877.3559412865637,848.3140406526273,874.7285766601562,248726
2022-02-10,874.8224379738674,884.159018528192,862.7646806884615,872.8519287109375,710697
2022-02-11,863.7498330203941,896.1228577234942,863.7498330203941,880.968505859375,1073008
2022-02-14,864.7351755410319,906.6793710969406,862.342397969561,894.856201171875,2047449
2022-02-15,906.444798663219,906.444798663219,881.2031969923696,892.6510620117188,832141
2022-02-16,901.6591881929734,901.6591881929734,884.2058699558742,898.5156860351562,1192259
2022-02-17,905.506406244221,930.8418186469092,897.5773490563364,924.4610595703124,1504969
2022-02-18,922.3966179460268,941.1635888096284,911.3241165909516,914.7021484375,1473610
2022-02-21,914.418273226717,926.67044891282,903.7745012931416,918.3446655273438,330919
2022-02-22,881.1151508938848,909.6404850066956,881.1151508938848,899.0440063476562,583726
2022-02-23,911.1069461737565,922.4130096511057,901.220052394497,913.4722290039062,323259
2022-02-24,886.5080697396884,906.139918669356,869.7145604143101,877.709228515625,425308
2022-02-25,898.8074737665219,911.9584693758866,883.669663682033,907.89013671875,491736
2022-02-28,901.6458282112048,907.8428577687752,885.751138906347,905.6668090820312,199733
2022-03-02,899.7063254832818,917.6351815028344,894.2188806774831,911.343505859375,389889
2022-03-03,931.9213847933509,931.9213847933509,897.3409632317229,899.7535400390625,270549
2022-03-04,891.2386592831502,914.891489943531,887.5015004895763,898.5237426757812,667925
2022-03-07,891.475210777052,912.8100530384016,860.1588852666366,891.759033203125,405357
2022-03-08,895.9691493741258,901.1254775697038,875.2492483756673,894.502685546875,325198
2022-03-09,896.8206859414381,948.194618893074,894.0769346836257,946.4442749023438,1044481
2022-03-10,955.9053826562972,972.60430258415,929.319626666616,941.0514526367188,893014
2022-03-11,933.813656941542,953.6820326211492,928.4208005649876,941.99755859375,424501
2022-03-14,942.3287259438272,990.7696744942078,942.3287259438272,975.7738037109376,1164727
2022-03-15,982.3019970328726,994.3175880739058,966.8803639381028,975.3953247070312,1164730
2022-03-16,983.4372383605632,990.6750268415524,960.0682904465978,971.1851196289062,526200
2022-03-17,975.4426142181436,986.039034829404,957.6084052331825,968.1575317382812,769485
2022-03-21,977.4768710768016,1018.8219715252278,965.7923384641086,997.2033081054688,1739686
2022-03-22,1002.2176794591036,1002.2176794591036,975.584571893226,995.1690673828124,661241
2022-03-23,1007.0430443107754,1037.8863155485712,993.4189893582496,1028.4725341796875,1118357
2022-03-24,1028.4250590936358,1051.84136103712,1005.7183420575298,1035.0478515625,2168244
2022-03-25,1040.535226932573,1053.780810247993,1021.8494933268912,1027.8099365234375,1117373
2022-03-28,1035.0478751304574,1058.7007059149744,1020.2885318193864,1049.6180419921875,1597873
2022-03-29,1054.868669019724,1068.776599756149,1037.7440463982696,1062.15380859375,1020641
2022-03-30,1067.6413932123155,1071.5205497220743,1040.8664589760738,1048.104248046875,1031415
2022-03-31,1047.8204220368857,1072.797834879619,1025.586760711498,1060.8768310546875,1307804
2022-04-01,1063.431186469364,1081.4073364185792,1049.239489141036,1075.44677734375,572374
2022-04-04,1078.5691011556892,1087.888293536505,1058.7007229765054,1067.4522705078125,713929
2022-04-05,1061.6336476393758,1082.1170224636028,1061.6336476393758,1066.127685546875,674194
2022-04-06,1064.8504636763248,1071.5678446579118,1054.4905697779648,1058.937255859375,528618
2022-04-07,1058.7007110000498,1065.7019720443625,1037.223986741488,1052.929443359375,740284
2022-04-08,1058.2275247986013,1073.6964512132854,1048.5772171708145,1069.9593505859375,487992
2022-04-11,1071.8515687511956,1099.383437239362,1055.9095858965766,1061.39697265625,1122004
2022-04-12,1059.6467701438028,1067.452203941737,1026.5801604331234,1036.23046875,554348
2022-04-13,1040.6300590686808,1049.4288436095508,1024.8298974005995,1026.485595703125,446415
2022-04-18,1013.2871274783108,1027.9045286385622,1003.4948800171106,1022.55908203125,415943
2022-04-19,1032.8715691271118,1040.818941835103,1003.82594472731,1010.1648559570312,518913
2022-04-20,1012.3410023797204,1057.375962190859,996.5881963937588,1042.8531494140625,742189
2022-04-21,1050.1382263573437,1053.3077977485077,1020.5249545734572,1031.972900390625,619016
2022-04-22,1027.478884263252,1027.478884263252,997.9602000835596,1003.5421752929688,615091
2022-04-25,969.7660498263648,974.4966159230788,938.7335477811548,945.1198120117188,1328456
2022-04-26,949.4245827882772,970.3336611144456,945.214367558518,968.2522583007812,688687
2022-04-27,963.143220427588,979.6056129125376,953.8240286722116,973.1719970703124,365432
2022-04-28,974.49650107691,985.5659782417284,970.6174604332238,976.672607421875,538063
2022-04-29,985.471364149645,989.3504046914626,969.7659100703836,974.9221801757812,310154
2022-05-02,956.5204243997598,981.687011874027,956.5204243997598,975.4426879882812,380054
2022-05-04,975.4425819180602,984.903712683512,955.9526756396938,959.1221313476562,282149
2022-05-05,960.304794525068,978.5648235144438,959.1221531525002,962.5281372070312,219580
2022-05-06,950.8437714184328,962.5282464065504,946.1132053914752,954.249755859375,315938
2022-05-09,954.249682945111,957.3245506276824,926.5285796945452,935.4693603515624,362497
2022-05-10,941.1934187602808,946.4443355767668,925.8663730624604,928.3735961914062,212762
2022-05-11,928.5626955807512,946.1130816969988,921.6560816335952,926.0081787109376,414179
2022-05-12,917.7297253895866,923.0279357572884,896.0637118669758,906.1871337890624,265926
2022-05-13,926.2447143694382,954.5808129415146,913.661421831731,946.3969116210938,540269
2022-05-16,931.9214245390232,956.9934222550476,918.392018452816,939.0172729492188,437523
2022-05-17,942.3758994978232,962.1969796042916,938.5441531636748,953.7765502929688,421716
2022-05-18,958.7437386738196,972.6043194374196,941.3352913393696,947.390380859375,420323
2022-05-19,934.7598845771004,968.3469047213182,929.2724393140396,938.0239868164062,549408
2022-05-20,960.3048617372503,965.035427558616,939.3957839052796,954.3443603515624,698976
2022-05-23,954.6281397510774,977.3348546708256,954.580845644227,960.02099609375,763680
2022-05-24,957.4664354999246,968.1575017383896,946.7753692614598,961.1089477539062,169418
2022-05-25,969.7660753367884,970.7121885810196,947.8635306343726,957.088134765625,333619
2022-05-26,948.0053507932166,976.3887445295404,937.8346347043672,972.8408203125,318489
2022-05-27,950.7964278762709,970.7594501198704,914.93871615768,960.5413818359376,1459108
2022-05-30,972.6516572252912,995.2636688181796,961.3928877903272,974.875,776721
2022-05-31,972.6043120288432,981.7815633286826,960.4940753349152,970.6647338867188,381120
2022-06-01,970.7121411340972,978.1864584966568,951.789877174368,970.9486694335938,372917
2022-06-02,971.2797264547588,976.388760509378,962.4808858017268,970.286376953125,291248
2022-06-03,974.4965518492044,982.7750419741368,951.4113677166408,955.2904663085938,378985
2022-06-06,959.5006840727824,961.2509703198792,937.4562012533574,956.9461669921876,235955
2022-06-07,958.6018281396172,959.8317636507554,945.9238891881016,955.7634887695312,154031
2022-06-08,959.9263617843534,964.3258109519148,948.0053594052672,956.4730834960938,122402
2022-06-09,955.479708224914,969.7659939148522,949.8976174541576,965.1773681640624,172460
2022-06-10,948.9515207343708,959.7845282082384,942.754490946804,954.1078491210938,169367
2022-06-13,950.8436943954542,958.9329500970488,938.7334578966652,949.2352905273438,335373
2022-06-14,944.2209620934068,967.5426752876676,941.5718567149232,954.4862670898438,276057
2022-06-15,957.3719106491324,961.2509514294668,937.7873570776654,945.3562622070312,480528
2022-06-16,949.4245169994956,951.7425056953634,914.7021539067838,922.933349609375,465459
2022-06-17,919.905827093538,931.1645969572504,911.2489262032536,922.2238159179688,310344
2022-06-20,917.8243280997292,924.3525318221172,899.6116502721184,909.2147216796876,323357
2022-06-21,914.8914148375692,922.9333766019116,906.0452799952576,912.2423095703124,301832
2022-06-22,912.2422378594628,926.812344557108,906.7547935773326,911.86376953125,412002
2022-06-23,912.9992191859778,937.5981618790717,902.923090715148,932.4418334960938,301240
2022-06-24,932.9148718574176,950.7491396091328,932.9148718574176,942.8490600585938,173243
2022-06-27,947.5322780161584,973.5503884958832,946.9646332496108,953.0670166015624,292975
2022-06-28,947.6742894999836,951.8371528427668,939.490387397501,947.2012329101562,320171
2022-06-29,942.328686954074,972.604307418462,935.705894977489,967.022216796875,775732
2022-06-30,970.6647312005376,980.4570946076686,959.5006654276652,969.009033203125,395286
2022-07-01,961.2509212971836,974.6856812837384,959.3586950741576,970.806640625,149758
2022-07-04,972.6042273233066,1001.7917921751584,971.7527024694044,995.452880859375,454505
2022-07-05,997.9600264119728,1023.41037340738,991.5264118936024,1012.4354858398438,512099
2022-07-06,1012.2938038467298,1056.6665374148902,1006.9010046347684,1044.3670654296875,1140872
2022-07-07,1044.3669507339368,1074.7845108244858,1042.900544684457,1069.3443603515625,785823
2022-07-08,1071.9460228308478,1086.7999506484382,1048.3405498136233,1058.0382080078125,576555
2022-07-11,1061.4442915004606,1071.9461236290776,1043.5627311234534,1051.3681640625,421468
2022-07-12,1040.7717384676164,1056.477192476278,1027.242275244671,1034.290771484375,208348
2022-07-13,1034.1015104200762,1043.1369357794078,1026.1541381107006,1028.5667724609375,97071
2022-07-14,1028.5668787201448,1041.907050318149,1026.0123040573428,1031.121337890625,142589
2022-07-15,1033.865196604693,1068.8713849134313,1026.769347623192,1067.1683349609375,535193
2022-07-18,1079.5623851979176,1118.25831810106,1071.094603765407,1091.43603515625,1187316
2022-07-19,1094.6528650361336,1105.060109215388,1077.0078324882966,1088.2666015625,597846
2022-07-20,1102.45838969866,1120.813008600734,1091.956556435268,1096.6397705078125,840829
2022-07-21,1093.0446168476872,1158.9886601291212,1091.8619753577595,1155.109619140625,1189647
2022-07-22,1158.988463708882,1159.8399885357842,1125.9218594514196,1135.0517578125,794692
2022-07-25,1138.883621277066,1152.2237926209757,1119.2517748459145,1122.894287109375,806178
2022-07-26,1128.5238776664337,1139.0729475134149,1108.6555003518297,1117.785400390625,665554
2022-07-27,1122.6105303686663,1139.4986258850652,1114.4266290618796,1121.6170654296875,788032
2022-07-28,1125.9692086286857,1147.2095176117325,1118.920712033945,1143.5196533203125,879886
2022-07-29,1159.8400083328154,1177.1538078112158,1150.899170736207,1160.73876953125,978782
2022-08-01,1166.5575395551843,1188.6020226309777,1154.258068335219,1156.9544677734375,623028
2022-08-02,1165.9726063572882,1167.6902894553302,1136.7230668068064,1143.54638671875,418124
2022-08-03,1145.1689181018364,1157.765729603914,1119.402617444545,1127.0848388671875,1421116
2022-08-04,1130.8543657633268,1137.9162644261096,1103.2272107664069,1124.3173828125,418185
2022-08-05,1122.2654392027073,1138.9658177622714,1114.6787423969722,1118.8299560546875,308759
2022-08-08,1120.356973041978,1140.0156836826932,1120.356973041978,1135.9122314453125,444334
2022-08-10,1141.6378339289547,1170.8872585663016,1053.3644114360995,1113.9151611328125,2244675
2022-08-11,1121.3112789084769,1191.5482855058383,1106.9966668373047,1181.0509033203125,1889729
2022-08-12,1183.6749961975695,1230.4838142754627,1182.148127867761,1192.6455078125,1482543
2022-08-16,1192.8839879753218,1213.5447619455697,1192.6454111777268,1204.1925048828125,363270
2022-08-17,1210.2526855260066,1214.4994236584032,1185.488453303785,1189.7828369140625,557068
2022-08-18,1188.1124712872197,1210.7295054689084,1168.2151893436962,1190.06884765625,550201
2022-08-19,1185.2496422584204,1202.665750125744,1150.8945801639734,1168.453857421875,453180
2022-08-22,1168.549359576529,1171.8416733637605,1141.1130230409428,1146.8388671875,679686
2022-08-23,1139.4428386686934,1168.9786009969505,1131.8561427469524,1145.0255126953125,1023358
2022-08-24,1147.0774702939336,1159.197127417969,1105.4696918413592,1144.453125,684900
2022-08-25,1157.7179628682875,1170.410180485634,1136.9140164380713,1143.6895751953125,858503
2022-08-26,1149.7016664039431,1166.163466566191,1145.1687069389764,1151.3717041015625,322555
2022-08-29,1116.5396314437703,1150.8946970266554,1116.4918694778653,1129.5181884765625,655197
2022-08-30,1135.625757757673,1145.4074081921403,1131.9039357572583,1138.10693359375,1089848
2022-09-01,1141.5422974724954,1180.1917414909003,1135.6256390593048,1166.640625,825029
2022-09-02,1175.4201812750046,1179.523749005309,1143.0692590230517,1146.695556640625,395426
2022-09-05,1146.6956770492573,1162.3463407320169,1135.768904597542,1156.0955810546875,332428
2022-09-06,1161.916850529333,1169.9807002759628,1156.6681606015045,1166.306640625,429296
2022-09-07,1166.306691245979,1192.8841262810015,1164.302669212345,1170.26708984375,1371395
2022-09-08,1177.2813339309748,1198.2283345259114,1166.8315981241544,1176.9949951171875,767969
2022-09-09,1183.3412241913957,1190.4507680138895,1154.3302547514077,1164.15966796875,376617
2022-09-12,1159.483416953092,1176.804118455478,1158.529109614036,1165.1614990234375,258428
2022-09-13,1167.45188233312,1191.0233439555773,1167.308712930996,1180.9075927734375,674888
2022-09-14,1164.3502950769962,1186.156193239736,1159.9127429034304,1174.6568603515625,353324
2022-09-15,1175.7544677854655,1195.7471610316925,1161.9170106147076,1191.261962890625,432408
2022-09-16,1191.2616473185074,1202.3315868241025,1128.8021752221953,1136.9615478515625,1452065
2022-09-19,1136.961847143973,1157.6702708989942,1121.7405743859522,1147.125244140625,452318
2022-09-20,1153.566685852186,1196.510513422075,1147.1727571851166,1177.185791015625,903140
2022-09-21,1179.3806954205131,1224.8057012202069,1175.7066354831472,1196.2242431640625,1689177
2022-09-22,1191.4526933757102,1210.0139242205291,1168.6447250458104,1197.0831298828125,759472
2022-09-23,1200.041366214142,1202.4271343378282,1159.483308111477,1163.300537109375,596214
2022-09-26,1143.26028732716,1150.1312541431028,1109.382373971472,1137.3436279296875,590593
2022-09-27,1134.6716824162295,1148.843126303476,1118.3052845563614,1135.10107421875,424561
2022-09-28,1125.557700502809,1135.625689133762,1121.311079606866,1123.6014404296875,344391
2022-09-29,1129.2318892826352,1148.556612357412,1106.0421749958664,1127.2755126953125,484280
2022-09-30,1116.5396727758136,1145.1211331870077,1097.4535245232355,1141.20849609375,456403
2022-10-03,1135.6257270542328,1145.1210384271023,1116.5395803810525,1129.0887451171875,461834
2022-10-04,1150.8947405355857,1177.5675861424986,1145.264303498126,1160.3424072265625,586517
2022-10-06,1161.2012977904571,1183.8183367072916,1161.2012977904571,1172.939208984375,444453
2022-10-07,1172.9389832979616,1184.5816013022702,1150.3695941984474,1182.1480712890625,711813
2022-10-10,1158.5290707166596,1192.311572683522,1131.808466120229,1168.7401123046875,724263
2022-10-11,1173.7979578267073,1178.3309174199403,1136.4845663682945,1145.455078125,245949
2022-10-12,1151.228662734197,1161.8214511528106,1142.1150973235742,1152.7078857421875,500287
2022-10-13,1152.8987377062338,1163.6824578396984,1128.0391000244636,1134.8623046875,195280
2022-10-14,1145.1688974754566,1172.84381249778,1124.7944574730598,1131.474609375,185612
2022-10-17,1123.983147121147,1147.4113206607008,1123.983147121147,1131.7130126953125,206062
2022-10-18,1134.6714275499498,1166.4021466130582,1134.6714275499498,1155.0936279296875,296193
2022-10-19,1158.1473320803293,1169.0264587500728,1155.809325759866,1161.34423828125,363280
2022-10-20,1157.5749261175924,1164.2550782056576,1128.0391574109751,1155.427734375,143761
2022-10-21,1155.6661832425114,1174.8954993505567,1143.4510027515807,1154.425537109375,256017
2022-10-24,1157.1453875370114,1164.2071685113888,1133.4785194024614,1148.7474365234375,44334
2022-10-25,1141.4947085849533,1174.7045329735336,1130.9495662453971,1168.7401123046875,292659
2022-10-27,1170.1715437870002,1209.1073275294186,1169.0264216444657,1192.7886962890625,1169791
2022-10-28,1198.848481930439,1238.118248537563,1195.937798223047,1233.6329345703125,1089188
2022-10-31,1241.2676536205893,1290.175910433193,1240.5996850026313,1286.31103515625,1622116
2022-11-01,1286.4062310368624,1310.0730985016387,1273.0459289341056,1286.5970458984375,926233
2022-11-02,1288.3148596216583,1303.0588608625144,1267.9404219920857,1275.0023193359375,627644
2022-11-03,1268.2743173661136,1274.6204837876437,1256.345476909322,1270.0875244140625,408654
2022-11-04,1275.1932058922594,1288.2195246148606,1261.2125798125826,1271.0419921875,485053
2022-11-07,1288.3149963488163,1316.9442184899012,1246.468639951118,1274.1435546875,754875
2022-11-09,1269.2287303693902,1306.446715696011,1269.2287303693902,1289.078369140625,1189937
2022-11-10,1293.2295648183554,1306.1127134074543,1268.84696663232,1279.5352783203125,816087
2022-11-11,1289.269152794793,1296.7127962769505,1257.7770121269705,1286.2630615234375,763460
2022-11-14,1292.7047199922797,1301.675232429241,1270.708005351552,1285.642822265625,648024
2022-11-15,1292.0842457793055,1312.1246978934184,1272.1393175836124,1310.0252685546875,1085541
2022-11-16,1315.5127045751851,1328.205039145275,1297.858018296882,1304.2518310546875,1447516
2022-11-17,1298.8122210705517,1328.157170224056,1291.3209321461422,1317.6597900390625,956978
2022-11-18,1311.3137061641462,1329.254730938827,1284.2113541291887,1288.1717529296875,881986
2022-11-21,1293.086431710472,1294.5178927049851,1257.7770605124738,1261.689697265625,603719
2022-11-22,1268.0359651038889,1284.6885827334238,1261.880728935233,1269.276611328125,683891
2022-11-23,1273.189204928683,1296.9037198481367,1273.189204928683,1291.655029296875,868985
2022-11-24,1296.9991598038405,1317.278191987583,1289.937261768393,1314.606201171875,588224
2022-11-25,1317.182823049778,1327.775612166292,1310.2640942201378,1316.228515625,550007
2022-11-28,1312.1726614479503,1344.857689560381,1304.3473874458102,1326.8690185546875,588237
2022-11-29,1328.6822111682227,1331.2587944960137,1305.444733281685,1308.927978515625,410380
2022-11-30,1313.3177410553697,1355.116449982866,1313.3177410553697,1348.9134521484375,835344
2022-12-01,1357.7407396016952,1374.0117260055915,1341.1357689343,1372.1507568359375,1054284
2022-12-02,1361.5101871547918,1378.496903802142,1361.5101871547918,1376.20654296875,418013
2022-12-05,1378.97412109375,1388.5171945961288,1363.0372349418158,1378.97412109375,474730
2022-12-06,1380.3100517064738,1389.0419864817145,1374.4888006871754,1382.8389892578125,523685
2022-12-07,1382.934332000736,1399.968692589557,1373.6298366000897,1394.0042724609375,550453
2022-12-08,1399.0145194700904,1407.6032852785695,1378.687727126319,1401.87744140625,480794
2022-12-09,1415.237860616382,1481.085070584373,1405.8856015891051,1453.41015625,3239055
2022-12-12,1448.5907487989518,1448.6862727249602,1399.0622921191489,1414.283447265625,619176
2022-12-13,1420.0092121379348,1435.230366437137,1412.374754008161,1425.3056640625,656285
2022-12-14,1432.463058937683,1432.463058937683,1403.8814846154908,1426.35546875,453988
2022-12-15,1421.91790525704,1425.496557703157,1377.590376888178,1381.2166748046875,537409
2022-12-16,1375.2522832888396,1387.2288869934146,1354.2098763540232,1359.6971435546875,570002
2022-12-19,1369.3831434910069,1401.877351990893,1346.9092776211487,1396.628662109375,400752
2022-12-20,1383.9842696003636,1424.7331478865754,1383.9842696003636,1421.7271728515625,583277
2022-12-21,1425.687437072386,1432.892504253584,1380.548768738711,1388.5172119140625,421917
2022-12-22,1400.207425943184,1407.6510696929608,1361.8443179837957,1383.8887939453125,599231
2022-12-23,1372.771227728028,1387.03807710216,1313.2224212454755,1324.62646484375,627352
2022-12-26,1302.629431485311,1342.3763528214572,1300.2914252566031,1317.8505859375,393400
2022-12-27,1328.872875338304,1334.4555495771142,1301.1025570408824,1310.3116455078125,408515
2022-12-28,1316.0853057069642,1329.8751174661531,1288.3627457659584,1324.674072265625,519130
2022-12-29,1326.439445134966,1358.0271113901808,1310.6457284999542,1333.5013427734375,536715
2022-12-30,1331.258792153012,1343.6170260996148,1307.401107705825,1317.325927734375,280357
2023-01-02,1317.2781838012295,1330.924826088875,1297.8580516938891,1322.3360595703125,458030
2023-01-03,1328.9683254872025,1341.8038285948546,1322.335936335236,1332.06982421875,362952
2023-01-04,1336.5073833763342,1358.8858431271558,1315.9897762770188,1329.2069091796875,620292
2023-01-05,1329.3979640486314,1359.888038741263,1329.3979640486314,1349.0089111328125,472768
2023-01-06,1353.1601334966497,1368.8585601484726,1347.3388816454317,1365.9478759765625,392767
2023-01-09,1377.304043303005,1393.1932835223586,1372.3416918226644,1387.085693359375,284204
2023-01-10,1390.4257697907678,1397.3444978834125,1374.3457146946575,1382.552734375,303676
2023-01-11,1383.7455861493431,1394.2429664580625,1375.6817360546816,1382.9344482421875,283386
2023-01-12,1389.423795931932,1423.540285076759,1388.5172505097391,1413.138427734375,670911
2023-01-13,1420.2477993336809,1424.1604358552663,1390.0917127992104,1395.9129638671875,331675
2023-01-16,1399.9689846603642,1403.5953994521635,1381.8371436865762,1387.22900390625,142151
2023-01-17,1386.608673609553,1426.689585028411,1381.884898503658,1415.4287109375,467862
2023-01-18,1426.689583786942,1448.6386543067413,1414.3789948490555,1419.961669921875,866712
2023-01-19,1420.0094062278906,1420.0094062278906,1383.7457251548665,1392.4776611328125,616100
2023-01-20,1390.4257118329213,1398.8713079920024,1374.2978954458815,1381.1212158203125,514524
2023-01-23,1381.4076611693108,1390.3304116583986,1357.1204690390357,1361.8443603515625,462438
2023-01-24,1365.13667833948,1375.9680435758455,1340.5632638220093,1344.7144775390625,447318
2023-01-25,1339.8474992520548,1349.9631337114215,1314.3197780234275,1320.7613525390625,302117
2023-01-27,1325.0081609190388,1328.4437610071875,1296.3312913239083,1318.99609375,344156
2023-01-30,1320.761076726577,1343.664447999292,1310.6454443796415,1326.677734375,617437
2023-01-31,1329.016075012697,1376.397455412862,1329.016075012697,1370.1944580078125,770920
2023-02-01,1386.6084788764022,1400.8276806575475,1340.992544261272,1361.3193359375,508254
2023-02-02,1359.88780250958,1399.0143989326627,1353.6370435571523,1383.4114990234375,502153
2023-02-03,1387.5627837469735,1392.9068812111675,1353.0645523105927,1379.451171875,293421
2023-02-06,1376.1110833073324,1395.483567484907,1359.8878597177174,1380.31005859375,284958
2023-02-07,1385.1771957319563,1394.720269763868,1367.4271013311218,1380.548828125,332075
2023-02-08,1387.562938285233,1412.3749303040886,1378.5924255645114,1406.9354248046875,547138
2023-02-09,1469.633294077894,1544.0692661156056,1469.5855321141655,1506.23095703125,4534071
2023-02-10,1507.328480006564,1536.4348545809232,1499.2646293854611,1527.6552734375,1124334
2023-02-13,1535.3373210077898,1540.5383658397725,1509.7141925552912,1522.3587646484375,519389
2023-02-14,1522.2632859680389,1544.594099691574,1512.577043745849,1526.653076171875,742894
2023-02-15,1523.9810722746206,1558.3838987553895,1519.3050594650838,1554.3758544921875,610762
2023-02-16,1564.968383465837,1590.3051694532364,1550.7491830428062,1569.1673583984375,1233069
2023-02-17,1563.1554836622452,1571.6010806509114,1541.444990833603,1544.7373046875,717223
2023-02-20,1552.4673790082686,1552.4673790082686,1536.1963906743122,1540.252197265625,365315
2023-02-21,1538.329336249481,1546.9824387658844,1514.4371822188991,1517.5137939453125,765337
2023-02-22,1516.119699923137,1527.7051720883358,1504.9668359291104,1518.4752197265625,778980
2023-02-23,1518.4751664559458,1540.781011026685,1512.5621899211617,1535.1083984375,761827
2023-02-24,1542.8000486492674,1553.3760622827317,1500.0632685930982,1510.6392822265625,688041
2023-02-27,1509.4854732550934,1523.90730898683,1490.2563589461115,1507.8990478515625,446642
2023-02-28,1509.0528127627206,1527.9934427537185,1496.7942528161357,1509.58154296875,640541
2023-03-01,1510.4469329691158,1548.8570419569098,1503.7167429431554,1540.7327880859375,651248
2023-03-02,1548.328285977111,1548.328285977111,1526.7916547792256,1534.4351806640625,466385
2023-03-03,1538.328986951086,1545.491784350502,1520.1094499579592,1538.088623046875,431101
2023-03-06,1545.491827423428,1578.7101668572748,1540.251941111665,1566.5477294921875,737814
2023-03-08,1566.547933037746,1613.274659916946,1563.3751994206064,1604.669677734375,1339514
2023-03-09,1610.4864880607192,1628.7060274309404,1598.42017154896,1620.1490478515625,799916
2023-03-10,1609.428745548689,1622.8411231784792,1580.585074127892,1616.158935546875,681029
2023-03-13,1620.0528237130056,1631.5421721635864,1586.4018748524982,1603.80419921875,639231
2023-03-14,1612.3132272548817,1629.6675510722653,1593.1803510784118,1617.98583984375,895074
2023-03-15,1641.156701257078,1641.156701257078,1615.6781261216706,1632.1671142578125,1146198
2023-03-16,1632.5036453146322,1634.378554333184,1571.4993286022157,1593.8050537109375,655835
2023-03-17,1601.6891779459438,1631.061581066137,1598.08371883719,1614.428466796875,756814
2023-03-20,1586.4018712917489,1607.4577741473877,1561.4521433529658,1589.093994140625,488496
2023-03-21,1590.4399978494885,1598.0836412078688,1551.4049192679402,1572.220458984375,688444
2023-03-22,1575.3452082405563,1581.7389122963243,1546.0208085754132,1550.4434814453125,368954
2023-03-23,1547.9436014942214,1590.2476502307095,1546.0206901880174,1567.6534423828125,713358
2023-03-24,1575.4895083591314,1577.7007861932886,1552.4625724330226,1559.62548828125,371397
2023-03-27,1556.596679330372,1562.3654131635917,1520.013245325296,1524.43603515625,560710
2023-03-28,1531.1663034787043,1553.472028503087,1519.3403515655284,1550.10693359375,300231
2023-03-29,1550.1071532601227,1583.5177431660238,1547.511269479706,1576.643310546875,493564
2023-03-31,1581.5945262520463,1593.9012053780775,1563.5672330196903,1566.7880859375,559036
2023-04-03,1572.0281347983762,1577.2199015064489,1533.0891802966678,1543.376708984375,444453
2023-04-05,1540.2522025264363,1543.3288141621774,1499.8710586399754,1508.091552734375,824057
2023-04-06,1515.7831581257135,1524.051654367331,1492.708219387132,1517.225341796875,746042
2023-04-10,1531.69519153598,1534.3873146869628,1507.3704305322638,1518.3309326171875,578155
2023-04-11,1527.9453263809785,1532.1757548644875,1495.8808027860227,1516.6002197265625,831554
2023-04-12,1519.1002255580715,1541.4059540758765,1496.5541330805263,1499.390380859375,941159
2023-04-13,1498.9096337575224,1509.2934036314982,1473.4791740885423,1489.006591796875,647095
2023-04-17,1463.33558742361,1480.6417901658076,1435.4533718945136,1440.8856201171875,1045243
2023-04-18,1443.145105226248,1448.3849922065367,1423.9159899001154,1432.569091796875,1235433
2023-04-19,1432.5689828783593,1451.7499770117593,1430.3095854723624,1443.193115234375,510197
2023-04-20,1446.029382798768,1503.716725197655,1446.029382798768,1499.7747802734375,1233088
2023-04-21,1499.8709476924166,1505.158954238768,1480.1611051105613,1484.9683837890625,355147
2023-04-24,1484.9683811665866,1497.6115475417575,1477.5652189608495,1494.48681640625,282687
2023-04-25,1494.4868554260895,1509.0048139155367,1485.4491478174605,1493.9580078125,453954
2023-04-26,1493.9579528920265,1506.6972412318514,1486.4105489335475,1505.158935546875,256650
2023-04-27,1509.485631527993,1528.7147478531904,1503.6207745218503,1506.0244140625,701384
2023-04-28,1518.138577789657,1523.7630702634626,1502.418800283051,1514.917724609375,420097
2023-05-02,1515.35042366804,1543.6172469291328,1508.6683529771517,1538.521484375,367587
2023-05-03,1550.780104455341,1557.4622927654375,1519.1001824075468,1521.888427734375,1042002
2023-05-04,1527.7531233896138,1550.7799407010427,1519.3885056576005,1545.059326171875,747747
2023-05-05,1544.8672207564146,1551.9338973876208,1526.8399245721082,1534.3873291015625,434617
2023-05-08,1538.3290520704572,1565.7305383104624,1535.6850490122113,1555.63525390625,769059
2023-05-09,1566.2595565141323,1571.0187155914143,1546.116987874911,1559.62548828125,519553
2023-05-10,1562.3655792150278,1591.7380990503514,1557.5583005097508,1577.1239013671875,670896
2023-05-11,1577.652786290536,1585.7290381794874,1555.8757897674516,1565.0577392578125,394578
2023-05-12,1565.24979935026,1580.6330897615649,1558.4234877032818,1574.9124755859375,326962
2023-05-15,1580.3927633748065,1592.1705953756225,1563.9037751006251,1585.488525390625,273516
2023-05-16,1594.093547519416,1601.7851931045518,1570.5860026459234,1585.6326904296875,483520
2023-05-17,1591.1131109195333,1593.94935837672,1567.12472003888,1583.9501953125,406198
2023-05-18,1591.1611704246775,1615.245684270145,1576.7874536922843,1580.681396484375,594239
2023-05-19,1581.642783375147,1582.796483296162,1550.8762002526098,1576.4989013671875,348650
2023-05-22,1580.441089554192,1606.5445206083743,1560.442761986227,1602.314208984375,370747
2023-05-23,1605.1503243011298,1639.2820023560505,1605.102204569057,1619.764404296875,643307
2023-05-24,1619.7644760767928,1648.8005105223249,1496.0251663937754,1533.8104248046875,2437287
2023-05-25,1514.2927234436322,1598.2758551406253,1504.678166469387,1586.546142578125,2501705
2023-05-26,1586.4019705168246,1672.9329870904694,1585.392395044051,1668.173828125,2506445
2023-05-29,1688.1240090667336,1688.1240090667336,1663.318404413219,1676.826904296875,582128
2023-05-30,1672.9328412643629,1705.6223335649308,1666.2026516730696,1687.691162109375,559849
2023-05-31,1687.3547615432535,1699.8536857028332,1668.798619498721,1692.06591796875,660502
2023-06-01,1692.1622894414302,1703.5075153735445,1677.7404517473271,1683.220703125,330554
2023-06-02,1683.6050879397492,1694.9983147495266,1671.49076933992,1685.6722412109375,566594
2023-06-05,1687.3548823650451,1719.3232868315056,1687.3067626302911,1705.4302978515625,754132
2023-06-06,1707.8339332122823,1744.4653746194654,1702.5459264710428,1737.5909423828125,906087
2023-06-07,1741.2445094649677,1744.0807570245206,1721.1500605113242,1730.1396484375,373808
2023-06-08,1725.3322511043848,1728.6492263184118,1690.2391181061626,1698.65185546875,570269
2023-06-09,1709.66046188471,1718.9866525015889,1698.4595969826491,1714.083251953125,460201
2023-06-12,1716.1983683897563,1726.774380743979,1702.9302332174725,1720.7171630859375,436279
2023-06-13,1726.6783658400095,1776.7701858088756,1717.1599306572791,1772.1551513671875,1192944
2023-06-14,1788.3075844262926,1795.037774260155,1768.645862500587,1783.8367919921875,690383
2023-06-15,1783.5003749647844,1783.5003749647844,1757.0603424518297,1759.704345703125,581128
2023-06-16,1768.9343720236352,1791.432460477312,1757.541144641098,1772.25146484375,589884
2023-06-19,1776.4335963480353,1819.7952236945036,1774.847171015746,1803.8350830078125,720228
2023-06-20,1812.4401702868304,1830.6117070281653,1804.508160526861,1826.28515625,643545
2023-06-21,1833.496205228457,1834.45766102564,1779.846924799548,1786.192626953125,605777
2023-06-22,1783.5963664782005,1790.2304339869584,1753.7912411003292,1773.308837890625,283690
2023-06-23,1782.202328937561,1783.9809984567858,1737.446520483446,1775.5201416015625,648800
2023-06-26,1787.1059106213147,1805.5178120706291,1769.0786149526398,1798.739501953125,392942
2023-06-27,1784.7983075487289,1817.1513160940249,1784.7983075487289,1810.2288818359373,470780
2023-06-28,1808.4982467483687,1854.6481222634784,1800.47011479326,1837.3419189453125,608998
2023-06-30,1837.3420046959784,1876.76169187156,1829.6503584178165,1868.2047119140625,1395387
2023-07-03,1871.9542439287789,1878.203705965521,1812.4401127519943,1817.1031494140625,573480
2023-07-04,1821.4779922019384,1855.6096727103409,1780.3757572235097,1785.0869140625,721898
2023-07-05,1793.1149948366017,1812.2479879596413,1781.2890420264496,1802.39306640625,839386
2023-07-06,1814.8438038466525,1845.9949928235908,1796.960750826714,1842.149169921875,823919
2023-07-07,1842.1011658387051,1848.687231863535,1820.035802500903,1829.025390625,407591
2023-07-10,1830.6117483307771,1836.38048283182,1813.8823948047136,1820.32421875,403084
2023-07-11,1822.8721347399137,1853.590718940981,1806.7197472079752,1817.7764892578125,334485
2023-07-12,1826.7659989693293,1865.1761107910488,1821.7664758129704,1828.112060546875,604091
2023-07-13,1830.9002332430491,1847.869833352956,1807.5368115519088,1819.4107666015625,353278
2023-07-14,1827.727312143979,1848.8793378500116,1819.6991804058653,1844.4566650390625,324663
2023-07-17,1847.917840009743,1859.214944390656,1823.4488395946105,1826.18896484375,381853
2023-07-18,1830.7560010869552,1855.513486801609,1823.785446856616,1839.5533447265625,594389
2023-07-19,1853.926865213621,1870.992703075694,1834.505507944832,1866.1854248046875,562127
2023-07-20,1870.8966723921303,1874.6943754656977,1823.2564954527625,1842.9183349609373,454525
2023-07-21,1842.9184240865404,1845.995035533014,1791.2401776490926,1811.046142578125,693371
2023-07-24,1813.209376301428,1841.1877144421037,1810.421131224272,1828.784912109375,464889
2023-07-25,1847.9178935330508,1854.1673557120127,1829.9867208849887,1848.735107421875,313510
2023-07-26,1852.7521589596004,1872.7413843074175,1841.18460523277,1855.3173828125,388480
2023-07-27,1855.6563037684225,1874.0483067791688,1851.106750289292,1861.270751953125,444377
2023-07-28,1861.27076421524,1898.683876054944,1847.9607619487235,1892.48876953125,1210189
2023-07-31,1900.184331162429,1910.8323330181536,1885.7611050159496,1905.1695556640625,526098
2023-08-01,1911.6067004317763,1916.785477484822,1861.7062465575189,1865.5782470703125,789751
2023-08-02,1865.239494037352,1865.239494037352,1811.6122626301776,1839.0067138671875,868807
2023-08-03,1838.9582445951417,1854.3494702751016,1815.0002414085488,1820.856689453125,763718
2023-08-04,1790.8002303439166,1842.9270134159767,1689.2086645421996,1738.625,3490486
2023-08-07,1724.0082174382535,1734.5594424018254,1686.256212676832,1695.6942138671875,1287836
2023-08-08,1703.6803509676445,1707.5523517652982,1665.9283431905203,1678.1251220703125,1370375
2023-08-09,1679.4802412728209,1698.7917967814788,1669.800239882199,1692.64501953125,645904
2023-08-10,1692.064292139195,1724.6858505057648,1679.722290008317,1708.1815185546875,1420634
2023-08-11,1737.560195598967,1746.6594202560889,1676.140635950528,1682.9649658203125,2169143
2023-08-14,1678.1249756085813,1691.047753510072,1646.5681954947022,1686.159423828125,734195
2023-08-16,1684.0298954953598,1698.743569388562,1660.1203378945252,1674.4951171875,968798
2023-08-17,1681.416330736475,1707.5523358774565,1676.1891060754615,1687.998779296875,1013325
2023-08-18,1687.4178310493764,1693.0807265146386,1667.1867222437995,1675.6082763671875,642655
2023-08-21,1689.1118561784967,1702.2283058004546,1680.496749162067,1696.0330810546875,589097
2023-08-22,1698.8402258175515,1703.6802264609064,1685.8690004605448,1697.0977783203125,479017
2023-08-23,1700.5827701115743,1704.4063235718293,1678.4638713811776,1682.0938720703125,1003686
2023-08-24,1699.7598288559736,1699.7598288559736,1658.1842693677563,1665.2022705078125,895467
2023-08-25,1663.0727437335213,1689.1603011183984,1652.3762945610922,1659.8782958984375,1216603
2023-08-28,1660.071940738801,1686.2079468475038,1655.2803868845083,1662.9276123046875,1199396
2023-08-29,1669.848719912866,1682.384274694004,1660.3138238247905,1674.688720703125,1144087
2023-08-30,1683.3523688099294,1691.0963705065824,1664.9603647803788,1675.9471435546875,1060606
2023-08-31,1679.1898523104032,1693.3710784732189,1635.920291856518,1653.102294921875,19211098
2023-09-01,1641.8249783134404,1656.2482037203254,1618.3994226976968,1651.408203125,881138
2023-09-04,1655.2802931639633,1690.854299464417,1647.100738980921,1670.7198486328125,772655
2023-09-05,1674.640246520785,1686.6434719205708,1660.7977972174378,1665.10546875,555245
2023-09-06,1669.7518035363914,1694.484254516909,1666.9930267548268,1690.418701171875,653379
2023-09-07,1703.6803477710985,1708.5203487590843,1680.8355667406215,1683.9815673828125,611119
2023-09-08,1694.484178217165,1706.3906267350492,1681.8034005162783,1699.178955078125,1105103
2023-09-11,1713.360333459966,1729.3323365684912,1705.4227791807575,1711.037109375,920278
2023-09-12,1714.328225324542,1719.4102259925005,1653.3442173090446,1656.87744140625,843063
2023-09-13,1656.345074394122,1666.8962999254215,1635.0490705623224,1660.7978515625,669374
2023-09-14,1682.868369900315,1682.868369900315,1655.570811165842,1670.5263671875,463243
2023-09-15,1679.1415038081182,1694.0002826545865,1665.202277849458,1691.43505859375,653183
2023-09-18,1696.9042151604883,1697.8722152832268,1660.7977633167134,1671.3006591796875,615598
2023-09-20,1657.506758798653,1702.6638727548088,1653.2475343653073,1673.0430908203125,626655
2023-09-21,1664.9603051964175,1693.516310430891,1664.1858577888322,1688.821533203125,574260
2023-09-22,1700.6309185652096,1700.6309185652096,1662.6369153883463,1670.138916015625,418784
2023-09-25,1674.5434085010882,1684.707409623186,1623.3361792150376,1680.690185546875,1275373
2023-09-26,1680.448159810273,1688.240607816958,1667.2349349208855,1673.8173828125,540158
2023-09-27,1673.8176556379124,1678.7059860011316,1661.1368759978704,1676.189208984375,341810
2023-09-28,1661.2333973977543,1674.6401751672902,1603.2986149705912,1615.1566162109375,981227
2023-09-29,1615.156673003519,1654.796231278007,1600.3946709403488,1642.0186767578125,831116
2023-10-03,1642.018697920568,1650.2950282855163,1615.689023002893,1624.9334716796875,544659
2023-10-04,1626.240245786524,1655.0866974119408,1619.02869196221,1641.19580078125,659803
2023-10-05,1641.195833761981,1649.278729677293,1622.0778304883395,1636.79150390625,357966
2023-10-06,1643.6641614959233,1655.2801626372373,1634.806936992857,1649.90771484375,347194
2023-10-09,1649.472145914558,1651.4081460858192,1628.950591364818,1644.8741455078125,279463
2023-10-10,1643.2286919826674,1658.184246944291,1638.3402439890328,1652.4730224609375,415182
2023-10-11,1661.088409473844,1701.550866713843,1658.668408877291,1695.5491943359375,711325
2023-10-12,1698.8887098019006,1702.6154867450025,1664.960257293172,1674.6402587890625,357591
2023-10-13,1671.1555047616496,1672.6075050059112,1649.0367246735475,1660.2655029296875,554753
2023-10-16,1669.7035395051564,1677.4475409701563,1654.0703129148703,1662.2015380859375,550814
2023-10-17,1674.6402317561672,1674.6402317561672,1649.1334518590552,1658.281005859375,387186
2023-10-18,1662.9758343462256,1673.4787306560584,1648.310726394055,1666.6058349609375,406163
2023-10-19,1662.056227949841,1662.056227949841,1641.19577782322,1651.940673828125,287138
2023-10-20,1651.4081141780784,1651.4081141780784,1628.6601126052851,1638.4368896484375,332649
2023-10-23,1632.3869624766253,1656.441741586313,1618.7866318244808,1644.583740234375,723756
2023-10-25,1650.440260506652,1667.1382631422764,1629.6282572216708,1645.7454833984375,364056
2023-10-26,1631.080315332679,1638.5823167830222,1610.800758677708,1626.53076171875,694676
2023-10-27,1626.2401728916311,1656.8289525108255,1624.1106199308556,1635.0489501953125,360754
2023-10-30,1639.7438359335097,1643.4707311084294,1618.5447268034748,1622.8038330078125,579771
2023-10-31,1630.9834120666471,1634.9521888923628,1612.3009626425662,1622.900634765625,459147
2023-11-01,1622.4166564684333,1627.4986571237328,1605.960654346511,1620.72265625,250623
2023-11-02,1627.2082329741904,1655.2802369933763,1619.270679103363,1650.6337890625,255983
2023-11-03,1659.3457541588712,1664.960202106022,1641.728199285938,1657.2646484375,283500
2023-11-06,1660.0719003572656,1683.3523524978712,1646.568344795215,1669.558349609375,551177
2023-11-07,1664.9602303379395,1674.5917844047865,1638.8726739944968,1644.72900390625,475127
2023-11-08,1657.2162204316917,1741.335455253476,1637.856217856555,1710.6497802734375,2322242
2023-11-09,1716.2642561807118,1727.154257806224,1688.1922519905029,1694.4842529296875,468929
2023-11-10,1694.4843073947918,1716.2643113458817,1676.043856783902,1711.85986328125,189259
2023-11-13,1718.200241717689,1724.9762426709422,1692.5482381089462,1721.539794921875,488247
2023-11-15,1727.880423684053,1771.537210756081,1723.0404224972629,1768.29443359375,672912
2023-11-16,1766.5518101025325,1794.6238141923302,1764.0350333686763,1783.0078125,707768
2023-11-17,1783.2498939259185,1801.7387919946736,1768.0038910088808,1771.1015625,307038
2023-11-20,1771.1015176121075,1799.8027460089424,1758.711068289833,1794.4302978515625,386973
2023-11-21,1803.3842527800628,1830.7302566131475,1800.7706996793463,1811.418701171875,717092
2023-11-22,1802.4163153879592,1808.9018692571808,1775.5543106876285,1785.911865234375,292692
2023-11-23,1798.5442894605758,1817.323516115747,1788.2835114420025,1814.2742919921875,179167
2023-11-24,1815.0002484775696,1818.436696213652,1791.574692536184,1811.854248046875,167850
2023-11-28,1817.904090948649,1821.534091130256,1793.5588660978597,1815.3388671875,257084
2023-11-29,1820.808381373021,1839.2003852252735,1803.3843777235184,1813.693603515625,527029
2023-11-30,1813.6934756995809,1858.560258302345,1805.4170272836964,1848.009033203125,1324591
2023-12-01,1849.9935754823136,1867.272355135745,1837.2643494285355,1858.75390625,326619
2023-12-04,1873.031814816096,1897.1834890939276,1860.0122602599756,1891.37548828125,668617
2023-12-05,1902.1203142521936,1924.1423178904824,1871.337861900953,1897.425537109375,356762
2023-12-06,1890.5042740211936,1915.4302776341203,1886.4387206975327,1893.2147216796875,263761
2023-12-07,1893.214764470036,1897.2803178855868,1861.270759117881,1894.279541015625,321470
2023-12-08,1897.2802945693477,1904.2498483858064,1865.3847368829083,1886.9710693359373,253118
2023-12-11,1889.5363048171173,1945.6803138741832,1872.547854810941,1937.161865234375,562772
2023-12-12,1949.5038229621105,1954.779494591828,1776.8126935560217,1866.9818115234373,1063056
2023-12-13,1877.9201880691317,1909.8157439977688,1849.5577379630763,1901.490966796875,440298
2023-12-14,1907.928209567105,1916.1562104708696,1873.0802057393955,1884.8414306640625,738402
2023-12-15,1888.471522290011,1915.6238556856492,1857.5922937737237,1864.852294921875,740405
2023-12-18,1882.4699372267237,1906.476389395639,1868.2403815859775,1898.151611328125,348422
2023-12-19,1916.6403599840596,1919.253913209313,1891.5208025317204,1913.3975830078125,506932
2023-12-20,1916.640399149099,1959.958408170272,1832.037157897276,1847.5736083984373,821439
2023-12-21,1839.4423880904749,1886.6323980467491,1827.874832915546,1879.2271728515625,321468
2023-12-22,1885.2289432543832,1960.2005157131837,1865.8204908825485,1948.729736328125,1057329
2023-12-26,1948.729613499696,1979.4636196484048,1940.0176117567544,1962.2816162109373,550809
2023-12-27,1960.151905644001,1970.606354791866,1911.1711204582164,1920.1251220703125,410225
2023-12-28,1926.320246330752,1943.35702487654,1871.6282393369388,1878.646240234375,1136906
2023-12-29,1877.09742804976,1914.7042085123464,1875.0162041903009,1901.103759765625,373649
2024-01-01,1902.1203469479087,1911.2195722404251,1883.292790779376,1895.2958984375,231172
2024-01-02,1892.4402502278024,1902.6526988437677,1865.336246643977,1898.10302734375,383818
2024-01-03,1897.2803455494648,1913.9783485906528,1883.7283430812545,1908.847900390625,170039
2024-01-04,1913.8329381763967,1942.8729406316477,1913.8329381763967,1928.9337158203125,232609
2024-01-05,1936.0001925368397,1953.424194269671,1923.1741912612829,1934.451416015625,240305
2024-01-08,1938.6622722502268,1947.5678262352264,1906.3310440770751,1940.1627197265625,443494
2024-01-09,1945.6803071406885,2000.7112103589925,1943.744306835076,1961.071533203125,684150
2024-01-10,1961.0717012803343,1988.998484449496,1936.0004715410591,1980.6737060546875,464463
2024-01-11,1976.6563095487809,2000.323865989548,1958.5547539796617,1970.557861328125,459742
2024-01-12,1979.560331633946,1989.0467804888272,1950.5203267689003,1981.931884765625,488499
2024-01-15,1988.9013614604137,2031.832261517304,1974.720254166412,1980.2862548828125,1030582
2024-01-16,1984.3034107323604,1988.9498587127912,1939.96907481044,1955.166748046875,191012
2024-01-17,1936.000392587935,1959.2323972989905,1914.897941043092,1945.5836181640625,242049
2024-01-18,1937.9362464545932,1973.5102509786725,1885.6642398069669,1965.814697265625,345585
2024-01-19,1966.976244236556,2051.095360150253,1966.2986914180497,2044.851806640625,700438
2024-01-23,2022.9267605270509,2046.352316889003,2018.3772070881523,2030.622314453125,482656
2024-01-24,2018.2800243870704,2107.3360254631425,1976.7044711503336,2101.33447265625,1066789
2024-01-25,2090.880132695783,2120.888134600213,2078.39302643455,2092.71923828125,434655
2024-01-29,2098.624236583497,2217.4462499786187,2094.8006834180824,2182.9853515625,1135151
2024-01-30,2196.343943239791,2197.118390643111,2137.5863800584425,2164.061279296875,326292
2024-01-31,2159.705018011477,2232.9341276670702,2119.968568473937,2220.447021484375,962485
2024-02-01,2226.4002024849287,2231.143308385051,2149.202195463984,2190.4873046875,328995
2024-02-02,2182.8404748105577,2249.971383944095,2164.9809181913797,2235.7900390625,663252
2024-02-05,2237.0483380164524,2297.935452685203,2217.736782364115,2274.993896484375,1055164
2024-02-06,2282.5443106296843,2337.671870866326,2255.0047541474723,2324.9912109375,646602
2024-02-07,2324.16824617578,2344.351142844801,2296.0962432023944,2323.393798828125,572250
2024-02-08,2555.0364706100117,2564.0389195337893,2347.884432454852,2502.5224609375,4892636
2024-02-09,2516.655590966501,2554.1171540676314,2465.1577876529905,2519.65625,1543145
2024-02-12,2539.0647282865275,2539.0647282865275,2469.9011557137856,2485.38916015625,1134382
2024-02-13,2485.776099036524,2489.164099781109,2425.9536386236414,2461.721435546875,437422
2024-02-14,2441.2963978138505,2499.521512770493,2439.408844771895,2481.081298828125,501042
2024-02-15,2506.9265586734423,2562.054113857686,2487.131005059353,2549.0830078125,402747
2024-02-16,2555.520419479517,2561.6673150197576,2509.733964698209,2534.41796875,351624
2024-02-19,2545.8406472217325,2586.0611047124885,2518.4461929916943,2573.670654296875,508687
2024-02-20,2585.528400788404,2593.756402063844,2538.1448407089997,2545.162841796875,264511
2024-02-21,2551.644385325258,2576.3036525934667,2525.571890212471,2541.848876953125,285288
2024-02-22,2538.681453004736,2719.093486286617,2529.275955520663,2690.925537109375,1179771
2024-02-23,2694.9701819171,2756.374565808882,2682.3969984935743,2739.75634765625,951153
2024-02-26,2719.3856588441577,2756.3744408246025,2582.980259832557,2664.316650390625,1848049
2024-02-27,2648.185738876182,2727.0366655096727,2647.4059531209205,2684.34619140625,439505
2024-02-28,2690.0967263069115,2705.1553723464267,2631.616362691544,2645.8466796875,409541
2024-02-29,2641.3630752279246,2691.4611579294387,2592.2396652478974,2669.287353515625,1010604
2024-03-01,2679.3756174600203,2693.362267794079,2648.9658726670536,2657.104248046875,431838
2024-03-04,2667.337892490866,2737.855556017594,2634.5402520169305,2712.41650390625,932506
2024-03-05,2712.2705263336647,2728.060176892113,2694.970085459557,2704.47314453125,278427
2024-03-06,2713.4890447124653,2725.6724545755783,2640.4373667646864,2713.781494140625,292058
2024-03-07,2729.083587022336,2755.399750182908,2704.8628750046305,2716.412841796875,479478
2024-03-11,2752.329407923349,2818.704471409153,2713.2449401849594,2725.03857421875,1183246
2024-03-12,2725.039007392495,2735.1267279661124,2677.328584091237,2689.804443359375,287216
2024-03-13,2690.096830573912,2726.841946211684,2584.832171986237,2608.175537109375,612537
2024-03-14,2595.943088816633,2682.2504011610786,2590.436283425209,2655.05712890625,762079
2024-03-15,2654.959477170851,2667.7765650985702,2610.660653490625,2639.072265625,472475
2024-03-18,2637.2694823492297,2698.5275197709766,2597.259119768947,2643.99462890625,754044
2024-03-19,2644.2869353323786,2663.975275538107,2600.5242279364043,2646.96728515625,431587
2024-03-20,2646.23627408101,2731.666237617544,2642.045134048117,2723.04052734375,886440
2024-03-21,2763.1971652141915,2834.7868290107517,2745.750618683729,2824.84521484375,857294
2024-03-22,2833.373300739044,2873.334878080049,2799.795876637856,2856.570556640625,568710
2024-03-26,2864.514111853082,2909.397834581021,2844.3384357675254,2893.900634765625,513559
2024-03-27,2912.3221460259206,2935.7142917771325,2872.555450657417,2893.169921875,384326
2024-03-28,2910.8112958418355,2948.3849767736488,2864.70922861357,2930.10986328125,827120
2024-04-01,2948.3850577543712,2962.0304762034825,2904.6223466254646,2927.33203125,510013
2024-04-02,2951.3087556863165,2976.796350054696,2912.078181902837,2961.640380859375,345280
2024-04-03,2941.5134022136485,2985.178786391602,2896.581133902293,2971.971923828125,739575
2024-04-04,2972.751770850524,2975.6757889857868,2919.2908774279203,2953.0146484375,452822
2024-04-05,2934.739393571436,2962.5663457415744,2926.990793478088,2955.20751953125,310015
2024-04-08,2967.7319468582477,2967.7319468582477,2848.5294408665955,2912.5166015625,1111709
2024-04-09,2912.2730634688423,2918.5111111313845,2855.4010577699987,2863.929443359375,285172
2024-04-10,2864.660726008524,2931.5231327475312,2864.660726008524,2924.944091796875,547302
2024-04-12,2954.23272221588,3020.5104606225705,2939.905082239988,2982.693115234375,751185
2024-04-15,2963.0050623912234,3000.3350750779227,2945.753402875979,2965.539306640625,433380
2024-04-16,2943.5118276363146,3053.844739941701,2937.176454497362,3041.612548828125,562240
2024-04-18,3040.978553715039,3081.086236572351,3012.518160996065,3044.926025390625,654035
2024-04-19,3045.8524238324644,3045.8524238324644,2949.1649320817705,2961.299560546875,402676
2024-04-22,2963.297468329836,3065.3456528047413,2962.030346223723,3048.873779296875,365623
2024-04-23,3070.219046887459,3107.256609992768,3039.029520061936,3079.13720703125,316601
2024-04-24,3112.130099566901,3180.1623053010844,3100.970144139227,3162.130859375,663114
2024-04-25,3162.130666929728,3187.1797075597824,3142.0035330358023,3151.506591796875,339113
2024-04-26,3177.4331987245946,3184.255908047009,3123.826196905621,3158.768310546875,238555
2024-04-29,3168.7586439414404,3251.7519326676297,3164.811171748333,3222.0244140625,527287
2024-04-30,3234.889962353966,3242.200007722107,3182.3064169305817,3192.49169921875,526043
2024-05-02,3191.078602243549,3248.09695845346,3163.592878123548,3220.513671875,361820
2024-05-03,3226.166813501463,3390.301609978289,3129.771773380635,3320.56396484375,1585260
2024-05-06,3345.2230022934323,3345.2230022934323,3276.606135495538,3323.439208984375,511877
2024-05-07,3315.836648690529,3368.371413991013,3238.350166159401,3286.888916015625,341624
2024-05-08,3290.592779618366,3378.2157650109216,3265.153725558738,3357.30908203125,353585
2024-05-09,3358.8199376270154,3364.2291811504374,3298.6824371777243,3312.03564453125,257217
2024-05-10,3311.7920340485557,3344.8821276712574,3299.3161747475056,3325.388671875,320278
2024-05-13,3345.076558399609,3438.5475710111737,3317.444493394288,3423.3916015625,1427509
2024-05-14,3432.748798046564,3488.841264913259,3367.4945021023354,3481.23876953125,415369
2024-05-15,3489.328372658079,3610.187791152381,3473.87971470798,3589.91455078125,1317014
2024-05-16,3598.004249002877,3693.0348366441553,3559.943232720237,3634.067138671875,927635
2024-05-17,3666.718731922994,3735.822931820745,3630.02239960537,3694.838134765625,700512
2024-05-21,3778.8057982534087,3790.501869849757,3640.792058233629,3654.145263671875,663444
2024-05-22,3692.011556279661,3692.011556279661,3589.232363482975,3639.720458984375,479447
2024-05-23,3669.4478269834,3684.262804425629,3620.275636880852,3663.794677734375,266131
2024-05-24,3672.5667620085023,3675.441998904303,3610.18770872598,3619.788330078125,308558
2024-05-27,3637.965852103231,3780.462953226457,3610.869903456608,3708.873291015625,2514197
2024-05-28,3708.971141680582,3751.5155131511215,3641.864825900018,3735.238525390625,527402
2024-05-29,3748.104103235773,3762.13929581432,3664.7695821522575,3737.52880859375,1036254
2024-05-30,3786.6522919162817,3801.223601463785,3496.540814532805,3505.702880859375,3481626
2024-05-31,3501.755360637283,3503.948374223376,3372.611227234057,3461.355224609375,2778125
2024-06-03,3557.555383701133,3630.607055564049,3524.367730406946,3618.228759765625,1219845
2024-06-04,3618.2286386912697,3625.7823519244457,3023.5807443392773,3163.68994140625,1891496
2024-06-05,3176.458202474985,3345.076572842636,3079.9656090276017,3317.88330078125,1250711
2024-06-06,3367.055624135721,3478.606867084435,3325.778140098532,3416.520263671875,1005234
2024-06-07,3392.05605752167,3527.3406828355714,3392.05605752167,3515.2060546875,549839
2024-06-10,3532.8960761659937,3547.808616017066,3414.765792916426,3454.288818359375,1386803
2024-06-11,3454.532635961294,3525.34251525717,3454.532635961294,3475.293212890625,397111
2024-06-12,3480.214798527579,3625.587366881805,3476.657338542057,3581.77587890625,941192
2024-06-13,3639.9639928151614,3657.313214530656,3590.353009427677,3618.472412109375,978790
2024-06-14,3633.385207254789,3773.7380864305815,3622.85869372516,3728.708251953125,1397955
2024-06-18,3752.4411295506898,3752.4411295506898,3640.4025498060646,3728.95166015625,548966
2024-06-19,3762.236762124159,3869.255876161517,3664.769488494,3695.4716796875,1769573
2024-06-20,3694.009670804504,3776.759290938585,3673.297875156853,3759.312744140625,610293
2024-06-21,3787.529386686781,3839.187040546647,3752.4899501978034,3801.1748046875,908528
2024-06-24,3760.336164909996,3996.158183799088,3718.668905798432,3940.114501953125,2042932
2024-06-25,3986.3625429551607,4066.2369227516574,3865.259460551851,3905.318603515625,1214055
2024-06-26,3926.9562762844303,3939.334571882072,3878.6124155756856,3898.008544921875,520613
2024-06-27,3876.663115691592,4049.131640940504,3845.425045910392,4000.202880859375,2074872
2024-06-28,3999.6668585411735,3999.6668585411735,3854.148181509878,3866.38037109375,651880
2024-07-01,3859.7527633266286,3903.5642546229024,3813.5531334938455,3884.8505859375,471217
2024-07-02,3901.614886521023,3945.5239400174783,3786.847174083388,3836.360595703125,650017
2024-07-03,3849.95721008258,3877.248046002153,3810.970301626048,3857.705810546875,401559
2024-07-04,3873.3005310043536,4010.729619747803,3851.273070744851,3961.3623046875,1127996
2024-07-05,3990.309967646347,4044.794075490197,3942.8922367603454,4029.296875,574786
2024-07-08,4039.04358607381,4048.790312874181,3860.483598682449,3899.519287109375,937986
2024-07-09,3882.316341675461,3947.4245271467553,3867.842594516914,3884.8505859375,432053
2024-07-10,3897.7163666208494,3937.6779497745024,3826.3703681916263,3930.611572265625,333049
2024-07-11,3930.611490563323,3954.052417541796,3874.372921080684,3895.084716796875,278392
2024-07-12,3888.944222476596,3896.741604376298,3842.354818034432,3853.90478515625,669534
2024-07-15,3869.4506221074266,3884.070712619168,3767.451219153395,3792.256591796875,898925
2024-07-16,3848.982453942917,3848.982453942917,3760.2872391268106,3771.106201171875,377594
2024-07-18,3756.38873107321,3762.236767499375,3664.769493729961,3700.686279296875,826073
2024-07-19,3720.282906652335,3756.6346053824714,3478.0189444175357,3487.670166015625,1375041
2024-07-22,3473.511574288288,3594.766033334318,3430.7907156566707,3538.866455078125,1311522
2024-07-23,3576.393997642992,3616.469111409121,3338.3433819994984,3504.71923828125,894196
2024-07-24,3504.719163859593,3585.163387718685,3429.4188290267675,3469.93505859375,833741
2024-07-25,3408.107748055418,3575.4144103081208,3382.4361440627376,3537.88671875,1111742
2024-07-26,3555.8175726492627,3669.380237135964,3550.96744221093,3643.169677734375,550113
2024-07-29,3654.780809939271,3730.4729862309086,3621.466454030977,3700.8330078125,667727
2024-07-30,3703.772549640709,3754.7729575923145,3682.167161924348,3730.6689453125,322462
2024-07-31,3740.761222413571,3789.948840961356,3725.573795539781,3774.66357421875,386818
2024-08-01,3772.36083984375,3787.0093100667,3713.7176801919936,3738.066650390625,337985
2024-08-02,3625.091800251337,3627.737304206636,3401.5918084868404,3440.05029296875,4800901
2024-08-05,3362.3985238732485,3453.914925794621,3291.3115177698187,3427.361328125,1442742
2024-08-06,3439.9032350060047,3524.022081036905,3430.39889288631,3451.073486328125,1367913
2024-08-07,3492.128374636521,3738.850623583647,3382.386966679369,3672.956787109375,3498089
2024-08-08,3625.385766414946,3691.5245608022456,3589.1319087507964,3653.31103515625,993412
2024-08-09,3683.734970029426,3746.885223614301,3626.5125207827696,3640.181396484375,644934
2024-08-12,3610.688320639573,3700.392171944239,3576.443169892433,3677.905029296875,716376
2024-08-13,3659.826938038056,3678.835861524861,3586.535544837606,3630.48095703125,417701
2024-08-14,3649.881729992769,3661.4438192896273,3588.740182739672,3649.3427734375,432049
2024-08-16,3654.780672608932,3694.268029059932,3609.267432987861,3685.54736328125,419710
2024-08-19,3704.752201026979,3727.778299076208,3644.9823294949374,3679.129638671875,562243
2024-08-20,3703.7726619242567,3766.482040327207,3649.5877918044985,3752.323486328125,545141
2024-08-21,3767.41256133947,3783.089904802175,3723.760910292046,3756.046630859375,522503
2024-08-22,3761.582866442721,3765.698121552912,3725.524926053002,3738.752685546875,181744
2024-08-23,3738.0666664665137,3775.0063599928576,3703.772476865904,3744.87646484375,355889
2024-08-26,3772.360880253305,3849.767765848113,3744.190652900764,3782.60009765625,812751
2024-08-27,3777.211062141872,3780.199603710398,3677.121113889176,3692.6025390625,704348
2024-08-28,3703.7725434258414,3708.671713456829,3648.1179240303777,3661.688720703125,669653
2024-08-29,3661.639750591354,3674.3285533687567,3616.6164249963126,3659.533203125,338528
2024-08-30,3659.679984230316,3695.443925173932,3646.109187664797,3669.184326171875,632373
2024-09-02,3693.876146504647,3738.0667561369823,3669.1843772433463,3727.680419921875,465810
2024-09-03,3761.4846480873007,3765.355183762337,3737.576794166752,3753.989013671875,468471
2024-09-04,3723.369412477191,3804.2057220901834,3719.645995221254,3792.0068359375,374494
2024-09-05,3793.917068901633,3817.1881253030815,3733.804160152452,3763.88525390625,746864
2024-09-06,3762.562669774876,3782.15935034662,3676.4353543489774,3689.7119140625,440240
2024-09-09,3689.075142940416,3689.075142940416,3587.417361777052,3597.41162109375,496595
2024-09-10,3641.651094131924,3689.074963446556,3603.535408482546,3668.743408203125,385377
2024-09-11,3670.45816132672,3785.000660156382,3670.45816132672,3720.821533203125,393675
2024-09-12,3747.864848080844,3754.870565116491,3674.377302040043,3745.75830078125,676639
2024-09-13,3770.401163948108,3770.401163948108,3692.847399934789,3708.27978515625,523385
2024-09-16,3733.167728007247,3755.0180751511166,3699.069455246556,3740.71240234375,383239
2024-09-17,3703.8213723350073,3773.487422683389,3703.8213723350073,3768.392333984375,190892
2024-09-18,3771.3811057209336,3788.087323440344,3667.322781668428,3688.09521484375,208050
2024-09-19,3723.369460181233,3749.971859453239,3537.788983300173,3652.62548828125,513980
2024-09-20,3663.550355847434,3754.7729986621857,3603.633601299472,3737.135986328125,686932
2024-09-23,3747.815729430047,3804.695136708454,3721.3111738740095,3787.842041015625,512848
2024-09-24,3785.7356082724978,3813.220000323133,3760.749840811428,3775.202392578125,403762
2024-09-25,3784.1190019664486,3847.808213547966,3668.057709627896,3687.80126953125,698850
2024-09-26,3688.095096834878,3728.2682899725583,3654.780741549972,3717.68603515625,283237
2024-09-27,3717.7352112298368,3799.796309982027,3704.0175350205154,3786.862548828125,361709
2024-09-30,3786.225329111228,3797.738378227173,3685.1555510696535,3729.297119140625,429408
2024-10-01,3742.965872784209,3813.219922605314,3717.539228376684,3797.689697265625,301686
2024-10-03,3791.908706255384,3791.957745800985,3588.936179967451,3608.3857421875,560379
2024-10-04,3609.512504304428,3632.244605054786,3535.142960848604,3550.428466796875,486955
2024-10-07,3508.148604277315,3582.272947451093,3454.894533017657,3518.583740234375,514843
2024-10-08,3527.402482172033,3649.881735025229,3518.77989492771,3633.5185546875,265947
2024-10-09,3649.24471902157,3747.8649117980513,3630.87283219903,3685.939453125,322648
2024-10-10,3689.074922481566,3734.147285412284,3671.486950442274,3706.368896484375,186298
2024-10-11,3625.3859376239134,3661.6397970001535,3493.108342602501,3541.26708984375,1851770
2024-10-14,3541.266967271719,3611.668136094385,3517.1141547777524,3593.835205078125,613526
2024-10-15,3605.788948399064,3634.204133046774,3575.0222579501774,3595.059814453125,272730
2024-10-16,3597.852271874316,3768.539541444486,3597.852271874316,3721.80126953125,1063163
2024-10-17,3757.66338079748,3757.66338079748,3607.846858251295,3617.547119140625,306393
2024-10-18,3612.697004972599,3640.5732344864655,3566.595767334339,3635.2822265625,200159
2024-10-21,3636.898838096496,3662.962518101687,3496.880655622437,3507.119873046875,470459
2024-10-22,3507.119737295248,3554.54360522398,3456.8542073550484,3469.98388671875,312283
2024-10-23,3469.983908807693,3489.0418708053976,3324.674723136687,3350.93408203125,507633
2024-10-24,3370.629021967122,3390.0788229116097,3287.882086989323,3328.59423828125,273625
2024-10-25,3328.594217998391,3359.850827295649,3244.426332833519,3302.1875,267615
2024-10-28,3302.187326876221,3372.4416132303177,3260.9855002037293,3350.150390625,576259
2024-10-29,3355.833329432661,3416.632076224604,3315.7582150149315,3404.188232421875,445323
2024-10-30,3401.003735633143,3471.4049025978543,3378.516593694755,3440.68701171875,439545
2024-10-31,3471.2086623399296,3522.5030655318724,3391.7442721805487,3430.0068359375,695092
2024-11-01,3458.8142972823957,3458.8142972823957,3416.632392357346,3429.17431640625,42900
2024-11-04,3444.0674031907465,3444.0674031907465,3374.4991905494776,3405.657958984375,599036
2024-11-05,3419.473619928646,3435.248803057104,3336.383652789032,3414.182373046875,491406
2024-11-06,3332.4154456762167,3559.6878949290835,3332.4154456762167,3538.8173828125,884916
2024-11-07,3566.105744645208,3583.252839172284,3464.9869264775675,3482.868896484375,402270
2024-11-08,3528.3333589933195,3617.4982571513465,3408.3527279417194,3581.636474609375,2259037
2024-11-11,3571.494889344537,3571.494889344537,3430.839672402203,3529.31298828125,837743
2024-11-12,3529.3129514738607,3570.0251011292894,3387.286064115261,3410.165283203125,743826
2024-11-13,3410.164979794153,3425.4012054323903,3246.53271992204,3258.9765625,789671
2024-11-14,3268.775329811652,3310.859153121364,3207.045786560203,3262.6513671875,709817
2024-11-18,3233.452060490626,3300.080769615888,3204.2529607069832,3284.9423828125,897540
2024-11-19,3308.899427670035,3337.5595722537923,3224.1928259659426,3234.677001953125,427254
2024-11-21,3225.662479374739,3243.250451350541,3178.826367611478,3216.06005859375,509750
2024-11-22,3218.7057034873123,3271.665779903329,3197.247434220684,3252.4609375,847791
2024-11-25,3331.43559806839,3477.43086398374,3293.81006817712,3464.546142578125,977534
2024-11-26,3468.6126330931943,3484.6818162714503,3382.681232371041,3393.361328125,337367
2024-11-27,3449.015579822311,3449.015579822311,3356.2253505608883,3430.104736328125,367758
2024-11-28,3432.358508682114,3442.842684659068,3369.698172103584,3411.047119140625,343777
2024-11-29,3417.660843626165,3443.136526520167,3390.2254928172392,3413.447509765625,431448
2024-12-02,3429.4189453125,3429.4189453125,3346.328975594044,3360.83056640625,559721
2024-12-03,3367.4932426365003,3476.401686463458,3365.778533287429,3441.470703125,685485
2024-12-04,3463.71308219254,3506.67889744215,3446.565987726241,3473.805419921875,484852
2024-12-05,3511.725105294342,3511.725105294342,3365.778876789141,3386.9921875,554598
2024-12-06,3403.9435064935064,3427.312644388218,3385.865616025278,3395.125,250689
2024-12-09,3399.974833594426,3447.0559036581126,3390.225533444306,3438.38427734375,185203
2024-12-10,3440.2461868738665,3476.059167139693,3431.917597938432,3455.090576171875,241848
2024-12-11,3456.75614610395,3574.238381924552,3446.125091124315,3531.8115234375,554451
2024-12-12,3531.811393970195,3570.710753073784,3515.7422132356533,3538.768310546875,342086
2024-12-13,3537.2006179642312,3556.7482577463675,3457.589108210881,3527.30419921875,280895
2024-12-16,3546.9008557526845,3607.748640349343,3525.197629227825,3597.3623046875,385473
2024-12-17,3609.708465936839,3616.56730395572,3447.0560214890875,3472.482666015625,456521
2024-12-18,3468.661193261274,3479.8312045100765,3429.4678355921133,3455.1884765625,324397
2024-12-19,3386.6004696807195,3409.8224887867564,3273.6255560449863,3289.939697265625,863891
2024-12-20,3289.93936613219,3338.539225733214,3237.420409948914,3246.091796875,639822
2024-12-23,3275.58471442711,3330.406373066517,3234.529769870372,3292.535888671875,273118
2024-12-24,3292.2423614063487,3328.398141652733,3263.4841367589324,3309.095458984375,309606
2024-12-26,3326.536142899606,3331.4353124767777,3114.010262328802,3296.40625,2207146
2024-12-27,3279.9454417200864,3329.5251403202424,3222.6741893604094,3231.149658203125,342055
2024-12-30,3208.662416449189,3236.68576509936,3136.448697041184,3155.996337890625,2494608
