date,close,high,low,open,volume
2015-01-01,123.19124603271484,123.86368736189092,121.9360276905944,122.83261612949582,3057025
2015-01-02,124.80511474609376,126.1948296381376,122.92228713052064,124.08784121979488,4759090
2015-01-05,121.75672149658205,123.28091921617468,120.86013299319168,122.65330999997238,5929537
2015-01-06,119.82903289794922,121.48772689243816,118.57381462380036,120.142844306913,6414971
2015-01-07,120.68077850341795,123.2808788393254,117.99101387419633,119.64969385370613,7368573
2015-01-08,127.98796081542967,128.79488469323962,121.3083817086928,122.65326395894247,9062204
2015-01-09,123.59471893310548,129.33287933779627,119.24625963207558,128.66043802408154,8109551
2015-01-12,122.3843002319336,124.1326446419338,121.48771195184618,123.37055281237036,5247669
2015-01-13,119.47040557861328,123.2360741627441,118.61864932566814,122.92227642789769,7351163
2015-01-14,119.56005859375,120.99459170503066,118.70828874044184,118.93243582165933,5751188
2015-01-15,132.51576232910156,134.0399598047577,122.42914328024855,123.63952935759932,17725500
2015-01-16,131.1260528564453,135.69865914634468,128.25697272669714,131.43986426724646,13096543
2015-01-19,130.3191375732422,133.23305005571845,128.39146418401464,131.70883873558603,5451338
2015-01-20,130.5880889892578,132.60541279659458,128.39145024632833,131.08121532277733,4747097
2015-01-21,128.83975219726562,131.7088323823684,127.18107184191648,130.90190828310162,4821636
2015-01-22,133.23301696777344,134.30892011178176,128.3914322984599,129.46733544246823,9019250
2015-01-23,140.49542236328125,141.57132588186025,133.45721048863754,135.2952060624846,14722411
2015-01-27,141.57131958007812,142.7368873736788,137.895314915159,141.3023539730475,8855525
2015-01-28,146.18875122070312,147.13017184039902,138.25393787293606,139.55398840449027,11878411
2015-01-29,149.41647338867188,151.29931477825448,144.53006862533783,144.53006862533783,12112048
2015-01-30,152.33035278320312,156.9029587682178,148.69918096782047,150.98547027947552,11569727
2015-02-02,155.06497192382812,156.32020398041234,150.71652608723517,153.31662715732767,7545950
2015-02-03,152.50970458984375,156.36502407552626,149.6406105341902,155.60293208268746,7479301
2015-02-04,155.4236297607422,160.66866454090578,148.11642490988416,153.0476619077855,12756976
2015-02-05,151.88209533691406,156.32021961693394,150.80619180997357,154.61669315849386,6889506
2015-02-06,146.54737854003906,153.9890653667118,143.45415114220603,151.07515292163572,10514349
2015-02-09,140.85403442382812,146.4128794247628,138.29875216910816,139.91261392572852,8809558
2015-02-10,141.2574920654297,144.48520179779652,132.6950709027634,135.5641507807068,12490607
2015-02-11,142.0196075439453,144.12659591141502,140.0022834954185,140.94370412090186,7961425
2015-02-12,142.3334197998047,144.30591170022953,139.50917158792984,142.82654619512448,5932767
2015-02-13,139.15052795410156,147.44397131031948,137.71599460910622,143.09552543476107,7459362
2015-02-16,139.4194793701172,141.75061440105787,138.43322677683037,140.62987903634632,7631900
2015-02-18,134.4434356689453,141.07819842362554,132.9192380364019,140.7643869930192,7260335
2015-02-19,134.71240234375,136.90904111002328,131.43986027163396,136.1917676791772,8145217
2015-02-20,135.69863891601562,138.43322217023268,134.75721850481494,135.51931031894793,6299259
2015-02-23,131.39505004882812,136.32628689781902,130.18465007718834,136.23662257367715,6255008
2015-02-24,131.4846954345703,133.0985574386065,130.05016207164724,132.82957815779136,5363297
2015-02-25,132.2019805908203,135.2952083902756,131.39505635821658,131.88818280296584,6740635
2015-02-26,134.9365692138672,135.96764051624916,131.4846980174496,132.20197155342848,6970504
2015-02-27,139.8229522705078,140.8988555683739,131.8433213237438,132.9192246216099,12535891
2015-03-02,138.56771850585938,143.63343670934387,137.5366337969595,140.719524860418,6623433
2015-03-03,135.65382385253906,140.6747105432452,134.75723547767873,139.68847153941056,5781561
2015-03-04,138.16429138183594,141.57131668930072,136.0124708035452,140.0919511574202,8764606
2015-03-05,138.20907592773438,139.73328692677882,135.8779546413363,138.4780551440864,5560556
2015-03-09,135.38485717773438,140.2712615383758,133.2778688287856,138.07462255212644,6088574
2015-03-10,129.91567993164062,135.92283436981535,128.83977637047036,135.56419072885458,8941746
2015-03-11,130.0501251220703,131.26051102056417,124.71542790514766,130.00529297452965,9714297
2015-03-12,133.99513244628906,134.44342664228256,130.05014899388743,131.350199426098,5863912
2015-03-13,141.1230010986328,145.87492209926432,130.18462594302517,136.28142947133432,24833117
2015-03-16,147.3094940185547,148.20608252301227,142.28859292125017,144.17143425295308,15502205
2015-03-17,147.93707275390625,150.08887924889498,145.96458118669125,148.25088413814927,9395915
2015-03-18,147.48878479003906,148.78883517207862,146.14390225395968,147.04049061134594,5060431
2015-03-19,146.9956512451172,149.86473111181425,146.1438950835613,148.16121878870248,4412152
2015-03-20,143.36448669433594,147.75777827756198,142.1541005036925,147.0405047863359,5534666
2015-03-23,142.8713836669922,144.6645606760245,139.8678067045211,143.5886435259212,4464757
2015-03-24,143.54379272460938,145.47145210293934,141.4816368923727,141.66095181672983,5077957
2015-03-25,147.98191833496094,148.38538037927773,142.55755577223664,143.76795558604033,7036974
2015-03-26,142.8265380859375,146.99566876787364,141.07819340257245,144.84386203155566,10373418
2015-03-27,138.92637634277344,142.46789795227434,135.5641696854902,141.97478525388928,6078680
2015-03-30,143.00582885742188,143.49895514137634,137.35732002845063,139.6884549994074,4581106
2015-03-31,141.88514709472656,143.99213579406825,140.00230554719332,143.45417715738546,4058426
2015-04-01,143.18515014648438,144.26105338062823,140.04709106640115,140.7643644494477,3098216
2015-04-06,150.13372802734375,151.74758991773558,140.2712554182147,143.14033562288154,7646511
2015-04-07,145.20248413085938,151.07514070450475,144.3058957587258,150.62684651843796,7451287
2015-04-08,145.1128387451172,148.38538094930124,141.34715650141902,146.14390993798247,10759078
2015-04-09,142.8265380859375,146.2783952954831,140.9436969310191,146.09908034759889,5155153
2015-04-10,142.0196075439453,145.2473314939299,141.3023477158192,143.2300074454031,4803517
2015-04-13,140.5850830078125,144.4852348706109,139.73332664794998,143.09553360597712,4584338
2015-04-15,137.49183654785156,141.66096713355475,136.55041599212248,141.12300862146577,4768674
2015-04-16,134.5779266357422,138.29876308763872,133.2778624886148,138.07461598376895,5257987
2015-04-17,131.93296813964844,136.10211210959883,131.35019119372367,134.48825036900035,4896793
2015-04-20,131.1260528564453,133.99513298619348,128.794917555545,132.60541823684343,5235207
2015-04-21,124.53614807128906,132.33647964829635,123.81888815323155,131.66403821447545,9659999
2015-04-22,122.65328216552734,125.74650906408858,119.42555881346672,124.62577368918583,8921517
2015-04-23,122.11532592773438,125.2982171863487,121.17390545957352,123.9533347120766,4741588
2015-04-24,117.4979248046875,122.74295928294173,116.6461684720672,122.33949719705366,6105912
2015-04-27,111.13213348388672,118.21519030989356,109.47344625167273,117.81171457054312,7946480
2015-04-28,114.85297393798828,115.79438076761478,110.99764126893498,111.31144582561926,6264725
2015-04-29,119.91871643066406,120.94978777249212,114.8978151675801,115.43577376035886,7701687
2015-04-30,122.3394775390625,124.13265423785668,116.19785555420393,119.69454464451158,8382062
2015-05-04,123.99817657470705,125.88100397762634,122.96709172184003,123.54988238150914,4282176
2015-05-05,124.89478302001952,126.86727501912826,122.11535314796517,125.34307727803764,7284056
2015-05-06,117.99105072021484,124.53613575052714,116.60133582496942,124.53613575052714,9279235
2015-05-07,115.65990447998048,117.45308129362358,113.68741272114372,117.0047870902128,7871289
2015-05-08,119.201416015625,122.20499240047822,115.83920977027536,117.45307150421364,9618803
2015-05-11,116.7806396484375,120.14284616422744,115.30127425383124,119.78421627488451,6409011
2015-05-12,112.5218505859375,119.51524323900324,112.07355636049552,116.73581356892132,9107904
2015-05-13,112.07355499267578,114.7633203125,111.04247691865775,113.8667318725586,11645939
2015-05-14,113.82189178466795,114.35985028349596,109.74241877139872,111.53559552635484,8970751
2015-05-15,112.07355499267578,113.8667318725586,111.53560329679632,113.8667318725586,5894746
2015-05-18,110.10106658935548,113.32878370556536,107.9492528984065,112.43219523770554,5330974
2015-05-19,111.35628509521484,112.9253149157054,109.9217449131375,110.05623455155067,3760223
2015-05-20,110.5045166015625,113.77706552012002,108.80099733049168,112.5218404340454,8544269
2015-05-21,111.31146240234376,112.92531758009837,109.4286279414164,110.72867851575432,7989333
2015-05-22,110.45968627929688,112.7011572414614,109.65276220525888,112.52184230065885,4914974
2015-05-25,108.75617980957033,111.89423932941284,108.12856380134566,111.04247621262802,4067429
2015-05-26,104.8111801147461,109.38377935921832,104.45254340449948,108.9354851815166,5952773
2015-05-27,107.05265045166016,108.48719044482884,103.1973178071197,104.0042486909103,7445557
2015-05-28,107.05265045166016,107.59060209404514,104.58703248700496,107.59060209404514,4886136
2015-05-29,105.57329559326172,108.89067029823784,103.55597147364524,107.59061971287818,21110393
2015-06-01,105.93191528320312,109.38377907443402,105.3939636394469,106.64918186140264,5768042
2015-06-02,101.4041519165039,107.00782970632427,99.70063250031312,106.87334007128318,6011361
2015-06-03,99.11785125732422,103.10766693742792,92.16929109414971,102.65937273335216,21170190
2015-06-04,99.6557846069336,100.91100951558896,95.89010988096744,99.87993166774972,14101729
2015-06-05,96.15910339355467,98.8937006784464,95.30734717192688,97.50398595849953,7193486
2015-06-08,98.53506469726562,99.969604742526,96.02461448774012,96.83154540083235,9687681
2015-06-09,99.34198760986328,100.32823338402594,96.42807559867644,98.49022461003,7025198
2015-06-10,100.41789245605467,103.73526652423608,99.61096159501903,101.09033370018004,8397380
2015-06-11,96.74188995361328,102.659372039323,96.2935957525682,102.659372039323,7161382
2015-06-12,96.42808532714844,98.08677250200414,93.82797759445282,97.1901841004144,6846005
2015-06-15,96.96603393554688,97.95227977804142,95.03836756496467,96.78671215664016,5699786
2015-06-16,96.74188995361328,97.63847835570344,94.76939136475896,97.01086236998434,4250200
2015-06-17,97.32467651367188,98.53506952236796,96.33842377136033,97.6833064122286,3673721
2015-06-18,95.84530639648438,98.0867775150157,95.39701217277812,97.81779824462112,4599512
2015-06-19,95.48664855957033,96.96602053914172,94.85903952117056,96.06943228975608,4884998
2015-06-22,102.74903869628906,104.3629007004868,95.4866733582538,96.11428255964888,10211633
2015-06-23,105.34913635253906,106.24572474702876,102.74902864043364,104.00425376080452,9247220
2015-06-24,102.61453247070312,105.66293418569416,102.03175552378264,105.6181088730836,3727482
2015-06-25,105.97675323486328,108.48720365901124,100.50756499699855,101.09034886407866,11625400
2015-06-26,107.59061431884766,110.23554751801518,102.52488819324984,105.48363282318896,9360964
2015-06-29,104.9008331298828,106.69400976458166,101.40413732413484,102.07657856214692,5194257
2015-06-30,104.8111801147461,106.51469935809789,103.78010213794688,104.04908138073844,4070899
2015-07-01,105.2594757080078,106.4698686359949,104.49737696375124,104.72152405561648,3566230
2015-07-02,104.72151947021484,107.05264775545596,103.86975645416688,104.63185516505374,4358746
2015-07-03,104.0042495727539,106.0664055332118,103.555955393561,104.49737590603662,3630686
2015-07-06,105.43878173828124,105.97673334522857,102.21106525617152,102.21106525617152,3845929
2015-07-07,106.8733367919922,107.94924699888077,104.85601284955624,104.85601284955624,4264557
2015-07-08,104.45254516601562,105.93191734546508,103.10766261023002,105.75259556710448,4034686
2015-07-09,104.76634216308594,106.2457142357191,104.49736977560548,105.03532139099232,3116182
2015-07-10,102.79385375976562,105.8422554604432,101.852433273824,105.75259115479076,3337193
2015-07-13,103.46629333496094,104.09390242181316,101.9420890890789,103.37663587118575,3022539
2015-07-14,102.56971740722656,104.228404628935,101.80761861243369,103.91460004759992,3119476
2015-07-15,104.63186645507812,106.06641340733388,104.00425729378637,104.63186645507812,4816079
2015-07-16,104.04907989501952,105.12498316997028,103.19731686529283,104.4525419130195,3547074
2015-07-17,102.39039611816406,104.81118898692722,102.031766217986,104.36289477127777,2737098
2015-07-20,97.45916748046876,102.61455136957342,97.05570539053588,102.39040424396018,6067534
2015-07-21,95.57633209228516,97.41434124115553,94.14179186997106,96.96604699415566,5994106
2015-07-22,95.57633209228516,96.65224238934124,94.76940107959992,95.2176953265998,4215446
2015-07-23,96.6522216796875,98.1764190567266,95.30733922685565,96.33841030168604,4013062
2015-07-24,92.52790832519533,97.14533936349396,92.16927848334458,96.20392576799716,5551887
2015-07-27,90.73475646972656,93.64866919125984,90.10714723510584,91.6313449994291,5861376
2015-07-28,85.53453826904297,91.45202058592947,85.1759015261108,91.45202058592947,8686984
2015-07-29,91.04854583740234,93.603821159012,84.45861627058541,86.7897513545776,12340725
2015-07-30,98.35574340820312,99.47647889298403,91.45201555812326,92.25894647525082,17880156
2015-07-31,103.15251159667967,104.54221969349912,96.87639197891733,97.72814833372834,10625318
2015-08-03,103.5559539794922,105.52844560483584,101.7627772872066,103.19731727294985,6223109
2015-08-04,103.15251159667967,104.94568863032607,100.23859891700432,103.28699440186116,6607088
2015-08-05,109.4734344482422,113.05978779193842,104.00424696719068,104.00424696719068,16047306
2015-08-06,109.78723907470705,112.61149370293325,107.68025785189344,109.1596299752906,9919996
2015-08-07,112.70115661621094,113.50808752619872,107.63543774216426,108.75617321702885,11513533
2015-08-10,115.03228759765624,116.9151149168854,110.81831826464771,112.11837547139102,10318987
2015-08-11,111.4907684326172,116.28751510179566,109.56310196544447,115.16677957907046,7569814
2015-08-12,111.4907684326172,111.4907684326172,111.4907684326172,111.4907684326172,0
2015-08-13,102.43521881103516,109.3837785115649,99.07301250432722,105.84225727133636,8351901
2015-08-14,121.2635726928711,122.56362304656876,101.31448217592929,104.00424718944952,27751885
2015-08-17,117.66889190673828,121.76409686484152,116.25831853281969,120.76304120949465,14297576
2015-08-18,116.53134155273438,119.8530024295771,113.61919147448586,118.30592769085848,12797745
2015-08-19,115.30277252197266,120.0350067735887,114.71124844784325,118.21491560864456,11063533
2015-08-20,109.20548248291016,115.98532007648512,105.20128006991726,114.7567597871719,15824669
2015-08-21,103.69969940185548,111.25308110043257,101.83410997870864,105.83831224129052,16794240
2015-08-24,87.95591735839844,97.82991170979032,84.95276380309141,95.55479748398125,17825912
2015-08-25,102.01611328125,103.8362045331656,88.36542889188298,90.82255624782732,31742998
2015-08-26,100.65103912353516,104.0182119141217,98.55793846861604,101.01505874185489,15914583
2015-08-27,104.427734375,105.65629456726296,98.648946105395,105.11026858660132,19325858
2015-08-28,104.83724975585938,108.7504485911912,101.5155888889323,107.1123637431228,15818307
2015-08-31,100.924072265625,106.47534979810312,99.55900367846984,103.8362158076502,11098531
2015-09-01,96.2828369140625,101.33358633477644,94.73575507303758,98.28493465762696,10905474
2015-09-02,99.83200073242188,103.97271103900395,97.73889999333734,98.55794243171694,15425527
2015-09-03,109.75149536132812,111.98111119416272,101.7885965506976,102.8351503544284,25615172
2015-09-04,106.2478256225586,109.47849033521568,101.19706967867994,109.20547387329364,21553097
2015-09-07,102.5621337890625,107.56738446443656,101.65208821172176,105.56528697152564,11584547
2015-09-08,109.52399444580078,112.61815109688,102.65315383766776,104.20022869165868,15552677
2015-09-09,111.48059844970705,114.48375204232596,109.93352353417468,113.75571270378268,12003425
2015-09-10,112.75465393066406,114.71125340617128,106.11131811422486,106.61184598345824,14458515
2015-09-11,113.57369995117188,116.12182360652352,112.43614288813168,114.66575195445154,11524766
2015-09-14,114.75675201416016,115.25727988554276,111.61709738267902,113.57369686658772,6333571
2015-09-15,111.34408569335938,116.30383873209716,110.84356474360617,113.93771444927312,8814580
2015-09-16,112.4816436767578,114.66575467829726,110.25203455747436,113.75570900624729,8706660
2015-09-18,114.98426055908205,119.2159740019698,113.80120544095118,114.21072318509322,15618398
2015-09-21,116.39485168457033,117.80541841752874,111.93562616420591,113.20969159046687,6851388
2015-09-22,113.4826889038086,118.6244551184276,112.4361419688461,117.85091076740696,10774572
2015-09-23,115.71229553222656,116.4403278218533,110.98005440571768,111.48058224610212,7451135
2015-09-24,115.16626739501952,117.25937494207952,114.4382281761039,115.1207623401761,5550016
2015-09-28,117.89640808105467,121.71859675326426,113.61918967414732,114.66574348344896,16531994
2015-09-29,122.49212646484376,124.94924646961124,114.93874624662436,115.93979488030384,19676328
2015-09-30,124.99476623535156,126.26882449560456,122.99265484610603,124.22122193621638,11501067
2015-10-01,122.1281280517578,126.3143437538766,120.76305952535324,126.26883869242408,9524729
2015-10-05,121.9006118774414,124.63074882379485,120.58104846394284,122.7196612930642,10221555
2015-10-06,123.03819274902344,125.3133073112694,122.401163448834,122.401163448834,7406199
2015-10-07,125.9503173828125,127.72491757939665,122.17363334054376,123.17468914958124,11799500
2015-10-08,126.17779541015624,128.58942417141515,124.44871461892204,127.36085726603878,12039618
2015-10-09,127.36085510253906,130.04548634277378,125.90479074681085,129.13544091312193,14305062
2015-10-12,123.9027099609375,127.22438492233674,123.22017572196164,126.45084056368626,5557629
2015-10-13,124.5397720336914,125.9958369673496,123.35670972833384,123.35670972833384,5706788
2015-10-14,121.40006256103516,125.58627736087448,120.99054486861856,124.53973060401071,7010057
2015-10-15,122.4466552734375,123.902720104068,121.94612734664123,122.76516294598366,4734016
2015-10-16,116.66785430908205,120.39904718067334,116.16733334703515,118.30593932310248,10170319
2015-10-19,120.26252746582033,121.21807817852132,116.30383720776564,117.6234006271172,8117129
2015-10-20,119.85301208496094,121.85510978377997,118.53344863934352,121.67310342683186,4776614
2015-10-21,117.2593765258789,120.94504995269592,116.48583224167172,119.8529980526689,4867466
2015-10-23,118.3514404296875,120.58104951133744,117.62340112709708,120.12602668299276,4911591
2015-10-26,117.39588928222656,119.80750470912776,116.80436516202654,119.12497046911484,3917714
2015-10-27,115.53028869628906,117.39588499476248,115.25727917611296,117.259383706223,5584642
2015-10-28,112.75465393066406,115.12077115874617,111.61709690340372,114.665748347842,6074089
2015-10-29,109.56949615478516,114.21072751788869,108.8869619265906,113.02766541177924,9660966
2015-10-30,106.02031707763672,111.43508585929858,104.88276002744747,110.5250402191472,8635267
2015-11-02,108.02240753173828,109.0234632238726,104.2457239305101,106.02031003366318,7266316
2015-11-03,109.29647827148438,110.57054353624156,108.29542947170984,109.11447192356069,7229734
2015-11-04,111.34408569335938,114.39273728164736,110.57054826694264,113.0276687845246,15016029
2015-11-05,105.7018051147461,112.25413110916544,105.20127722300543,110.70705625976284,9484039
2015-11-06,107.84040069580078,108.84144944022262,105.3832804192111,106.74834878244909,5980063
2015-11-09,103.65420532226562,105.4742966995026,102.47114314982254,102.83516281388944,11326083
2015-11-10,98.96746826171876,104.60974873250414,98.60344859903314,103.7452081088362,8682106
2015-11-13,100.28701782226562,102.24361716269016,98.83094631651828,100.7420406017552,8429796
2015-11-16,99.96851348876952,100.8330610240728,98.37593359768688,100.10502172519608,6728402
2015-11-17,101.37908935546876,103.2901838800484,101.01506969766848,101.24258111590646,8446681
2015-11-18,96.91984558105467,101.87959077017068,96.05530513480016,101.42456802096385,7988700
2015-11-19,94.00772094726562,98.64895249830862,93.5526981100438,98.28493283991168,15834962
2015-11-20,93.05215454101562,96.46482524545384,92.64263683372155,94.09870827899594,12556533
2015-11-23,93.87120819091795,95.09976840368589,93.14316890915327,93.64369678325365,8349362
2015-11-24,97.51140594482422,98.28494346309,93.87122285359868,94.09873429680026,16020202
2015-11-26,103.33567810058594,106.02030977692606,98.7399451570513,99.19496794579348,29194432
2015-11-27,103.79071807861328,105.246789855116,102.01612474276172,104.56425555896492,13200331
2015-11-30,105.56529235839844,106.29333163466072,102.4256377335987,104.10922074897098,34796886
2015-12-01,107.29438018798828,108.06791757782064,104.65524649641576,105.74729846522648,13399897
2015-12-02,106.52085876464844,108.29544521573423,105.33779650185916,107.7039140843396,6745535
2015-12-03,108.20442199707033,109.61498849515752,105.3377770010782,105.65629156883358,9642164
2015-12-04,106.61183166503906,108.20441128931336,105.92929754035008,106.9303462012747,5909089
2015-12-07,106.11133575439452,107.7949190460028,105.1557918585025,106.93037833880074,6098766
2015-12-08,100.46904754638672,106.65735419459344,99.87751644759916,104.92827290396514,7803535
2015-12-09,100.51454162597656,101.74310883680891,97.46589001549444,100.01402067257956,12680778
2015-12-10,101.51559448242188,103.29018071302794,100.4690406019964,102.38013506797924,7655638
2015-12-11,98.4669418334961,102.28913793433702,96.64685043588544,101.92511826619535,8413623
2015-12-14,97.4203872680664,100.24152732663582,95.91881059304002,97.829905023484,7780225
2015-12-15,98.55792999267578,99.103955901649,97.4658712316332,98.2849135666411,4827608
2015-12-16,102.92616271972656,104.20022803187994,99.1039737263638,99.28598008105828,12638792
2015-12-17,104.97377014160156,105.42879299175424,102.92616731591454,104.20023268496156,7506273
2015-12-18,104.24573516845705,106.42983924068284,103.83621044759155,104.92826942680198,7709429
2015-12-21,105.65630340576172,106.02032307101992,103.60870059966906,104.47324817254452,5152431
2015-12-22,103.24468231201172,107.15788161533084,102.69865627838756,106.20233084916522,6661928
2015-12-23,105.65630340576172,106.56634909735844,103.47219235731002,104.01822532674616,11304857
2015-12-24,104.063720703125,106.02032027711616,103.60869786931762,105.92931709897417,6186623
2015-12-28,104.79176330566406,105.47429757781156,102.92616685122186,103.8817176094674,6178737
2015-12-29,103.56320190429688,105.83831612062065,102.38013973456948,105.51979457585723,6738765
2015-12-30,103.65420532226562,104.60974912945647,102.97167105580176,103.83621168275027,4680277
2015-12-31,105.56529235839844,106.24782657623292,103.4721846464672,103.83620428459837,11801392
2016-01-01,110.61604309082033,111.02556082482069,104.83724809996902,105.51978228536753,13839642
2016-01-04,107.74939727783205,111.7080941334532,106.97585992907104,109.56948842460928,11343369
2016-01-05,107.74939727783205,110.20651754874262,107.38537765985724,108.65944285122066,23815902
2016-01-06,104.427734375,108.56844470262008,103.9727115672658,108.2044250678133,10845589
2016-01-07,97.19287109375,102.83515093413646,96.23732045384897,102.83515093413646,24867867
2016-01-08,102.10711669921876,103.38118196722355,97.4203872688145,97.6478986758476,22157004
2016-01-11,102.10711669921876,103.19917561883594,97.8754100828807,99.42248487346696,11597335
2016-01-12,99.87751007080078,103.33568631746152,97.87541241837444,103.06266984526825,9515402
2016-01-13,100.1960220336914,103.7452013637006,94.8722565102262,101.47008729870716,19405771
2016-01-14,96.32833099365234,98.64895018633572,95.55479357712366,97.32937982345987,14789012
2016-01-15,90.6860580444336,98.01192197771488,89.59399900665336,96.78336163542278,14467548
2016-01-18,87.40986633300781,92.46061430389716,86.54531900860822,91.27755941069674,13670077
2016-01-19,87.50089263916016,89.27547892004446,85.04376516205404,87.36438439991579,13598821
2016-01-20,83.95171356201172,85.45329031515502,81.90411079220655,85.45329031515502,15236321
2016-01-21,83.40568542480469,86.18132049855748,82.17712518277658,85.27127484622594,11253754
2016-01-22,86.0448226928711,87.13687474269454,84.17922625273363,84.67975415904299,11036494
2016-01-25,85.08926391601562,87.18237158102805,83.81519868266446,87.18237158102805,8165215
2016-01-27,87.04586029052734,88.50193181610615,85.36227737210507,86.1358147191535,10692219
2016-01-28,85.95380401611328,87.18237112878059,85.18026664587242,86.72734832945105,11425084
2016-01-29,87.68289184570312,88.68394061336558,84.5432373146034,86.13581710868813,8899820
2016-02-01,88.04691314697266,89.1844701643754,87.09136247511553,87.81940174349211,7072185
2016-02-02,84.9527587890625,88.59294133550844,84.2702245616039,87.81940393300812,8889021
2016-02-03,84.9527587890625,88.13791851720269,84.08821821152047,84.63424420486793,15694636
2016-02-04,86.13582611083984,87.36438640605547,85.49878996077044,86.18132422956775,10105186
2016-02-05,87.22786712646484,87.77389308379281,84.86175001597915,86.18131332477981,7240006
2016-02-08,87.50089263916016,92.05112099332244,87.36438439991579,88.09242371382075,14149568
2016-02-09,86.90936279296875,88.54744780086058,85.95381204784891,86.31783170994683,7210910
2016-02-10,82.26813507080078,87.04587513530798,80.99406966497928,86.77285864009698,13605261
2016-02-11,73.9867172241211,82.17712841750287,72.80365505228247,81.9496169954645,20934839
2016-02-12,74.07771301269531,75.89780420739005,65.84179757946285,75.89780420739005,24614028
2016-02-15,81.58560180664062,82.45014248056842,75.71580263022706,75.71580263022706,13690696
2016-02-16,77.99090576171875,83.6786908068586,77.39938167150179,83.04166165904172,13751512
2016-02-17,80.4935302734375,80.99405812900154,75.80680100359639,78.35492450921245,11679234
2016-02-18,78.80994415283203,82.49563145019629,76.26182074922045,81.4490776669734,10288734
2016-02-19,80.1295166015625,81.17606347068497,77.80889758068919,78.90094950633733,8330679
2016-02-22,80.99407196044922,81.54009802324836,79.67450839675979,80.85756370897491,6052510
2016-02-23,77.35386657714844,81.0395535854157,76.8078406722819,80.90304537342506,8318356
2016-02-24,77.35386657714844,78.80993797115791,76.07980150372913,76.35281792771045,7187259
2016-02-25,75.89781188964844,78.17292611330038,75.57929728695669,77.80890644889655,9548107
2016-02-26,79.40148162841797,80.03851079547586,76.8988561329664,77.30837389134687,9203996
2016-02-29,80.94855499267578,84.45223617856627,77.44488074988237,79.90200808582233,15387741
2016-03-01,89.27547454833984,90.36753346572056,81.08506391192155,81.08506391192155,19666292
2016-03-02,98.10291290283205,102.65314064520648,90.32202068613309,91.91460039596416,34675068
2016-03-03,96.8743667602539,99.33149443716236,95.37279683575755,99.33149443716236,11115302
2016-03-04,98.19392395019533,100.83305764121113,95.09976744842152,96.64684222775986,10961088
2016-03-08,97.2383804321289,99.74100607562032,96.100823321451,97.82991151830096,9299049
2016-03-09,97.69338989257812,99.01296012604428,95.0997614241745,95.73679054164324,10457873
2016-03-10,96.4193344116211,98.7399536101115,95.87330840700491,98.60344537318312,6860605
2016-03-11,96.8743667602539,101.37909736303702,93.27968884540202,94.09873140437148,26833249
2016-03-14,95.91880798339844,98.83095113693092,94.9177592083152,98.01190870528212,8635066
2016-03-15,96.10081481933594,97.9209060353957,95.645792015321,96.14631987697624,9132567
2016-03-16,96.96536254882812,98.46693225125452,95.37278273089964,97.32937523844846,10007848
2016-03-17,95.64579010009766,98.73994649406086,95.23627236192324,98.28492369915736,7543412
2016-03-18,97.73889923095705,98.6489448347032,96.23732259615647,97.82990240271224,8475673
2016-03-21,99.33148193359376,100.2870256795286,97.19287609105707,98.19392489574476,8141983
2016-03-22,104.51874542236328,105.20127968538668,99.0129731998331,99.83200876098311,18872438
2016-03-23,105.11026763916016,106.06581830402769,104.29122520400183,105.0647625815581,10136686
2016-03-28,98.627685546875,105.94373123996624,97.47008360383656,105.94373123996624,10095751
2016-03-29,98.81291961669922,100.38726282647008,97.7942311076963,99.27596049037716,7004971
2016-03-30,106.49939727783205,107.79591309256377,99.69269808229392,100.2946526104311,15363987
2016-03-31,106.26787567138672,107.42547780288332,103.8137577395254,105.75852790735114,11142294
2016-04-01,111.9632797241211,112.38001366585108,104.83244634511227,106.03635538968756,17306758
2016-04-04,109.97220611572266,112.79675823581944,108.62939042511836,112.33371736796376,12288518
2016-04-05,105.0176773071289,111.40764312646871,104.32311595862336,107.42548856885948,16267710
2016-04-06,105.99004364013672,108.49046837270969,104.0915804678168,105.57330971742908,12189393
2016-04-07,105.15657043457033,107.7959016298828,104.60091581202704,105.99003823750118,9853984
2016-04-08,109.6480712890625,110.29632563276036,104.9250561787771,105.11026968685007,13325258
2016-04-11,111.77806091308594,113.39870392504707,110.2500317255911,110.66676567391828,13957492
2016-04-12,110.6204605102539,112.79675824164228,109.786992600425,112.28741046079756,9056627
2016-04-13,112.84305572509766,114.51000564071865,111.26871963346667,111.82436725019274,10538401
2016-04-18,115.80653381347656,116.22326780412668,112.0095927189152,113.1671949878806,11352407
2016-04-20,114.9267349243164,116.5936847723091,114.27848057534284,115.85281660310292,8766759
2016-04-21,114.09326171875,117.89020231131676,113.02827342445909,115.76021159184968,9584546
2016-04-22,113.49131774902344,115.01934693651168,112.750449545953,113.25979731874428,5007587
2016-04-25,111.222412109375,114.27848458271389,110.342637309854,113.07457553189728,6302885
2016-04-26,115.01934814453124,115.43608916267635,110.06481229760944,110.57416007575029,9015929
2016-04-27,114.18587493896484,116.13064507037636,113.35240000680488,115.6676042264478,5167178
2016-04-28,116.22325897216795,119.3256384695962,113.07457962676564,114.64892283218832,18810331
2016-04-29,119.9275894165039,120.52953691566074,114.04697158021185,116.36217600910189,12087081
2016-05-02,119.14041137695312,121.50192266348584,118.16802977960198,119.41823872787803,9629704
2016-05-03,117.65869140625,121.77975244612014,117.14934360786462,119.37193419787272,9414896
2016-05-04,111.54655456542967,118.26064789120096,110.66677964547162,117.1030455936542,8642677
2016-05-05,115.25086212158205,116.17694380055156,110.4815471272429,111.82436273557174,10228459
2016-05-06,116.31584167480467,117.28823013189124,112.9819494962018,114.78780569885792,6731862
2016-05-09,118.63106536865234,119.37191938613856,116.68628824553952,117.61236989828188,5688052
2016-05-10,118.30694580078124,119.6034546229558,117.33455711870714,118.53846624266144,4521620
2016-05-11,116.54737854003906,118.5847624844844,115.06564925845134,115.2971696794945,5023710
2016-05-12,118.30694580078124,119.78868228116905,115.85282770376251,115.85282770376251,6756502
2016-05-13,112.88937377929688,118.90889846430748,112.10220565578771,117.9828237219888,8847558
2016-05-16,115.15826416015624,115.38978459757732,111.22241672399792,113.07458022336654,7268491
2016-05-17,114.9267349243164,117.79758671546608,113.95435340085608,115.94542335789306,6173132
2016-05-18,118.02910614013672,118.49214697562635,112.241095696516,114.27847961193596,7739823
2016-05-19,114.88044738769533,120.57584467007136,114.37109958361526,117.56607889155516,12052622
2016-05-20,113.63021850585938,116.68629085441388,112.79675065211038,115.48238185275484,7301220
2016-05-23,112.2873992919922,115.11195113128724,111.45392439962298,114.60260340110544,7524569
2016-05-24,111.12981414794922,113.44501860936482,108.62939615579768,111.9632891671475,7619962
2016-05-25,113.58392333984376,114.7415254793337,112.42632120035378,113.6765300979144,6804541
2016-05-26,118.53846740722656,119.32564256970728,112.98197674751282,114.09327205327828,9987824
2016-05-27,119.41822814941406,121.2703914836613,117.84389214148086,118.81628071813763,9393704
2016-05-30,117.14933013916016,124.00232877953184,116.7325962178065,119.46453429210798,11531109
2016-05-31,120.29801177978516,121.7797482088248,116.77890542442329,118.07542126711152,12446435
2016-06-01,123.261474609375,123.90972894525602,118.63106630896098,119.92757498072302,14691766
2016-06-02,123.77081298828124,124.46537426011422,121.96495650769258,123.26147936031194,10545181
2016-06-03,122.19647216796876,127.05840088126368,120.76104276929522,123.77080816323968,12645560
2016-06-06,122.61320495605467,124.00232743273604,121.50190980088652,123.07624578161514,5864842
2016-06-07,125.2988510131836,125.66927802361468,122.1038721228404,123.77080780066493,8311974
2016-06-08,126.59538269042967,127.336250976836,123.77083029712968,124.88213979218276,9818976
2016-06-09,126.08602142333984,127.8918920949056,124.88212648347698,127.15102388745372,6172794
2016-06-10,124.18756866455078,127.38254788454864,123.35408660875603,125.71559790384528,6155550
2016-06-13,120.76104736328124,122.8910380877402,119.0014977953155,122.70582457493622,7119260
2016-06-14,122.7521514892578,124.09496733951536,121.77976272497216,123.16888549369808,6640787
2016-06-15,122.89102935791016,123.90972480229472,121.9649477287912,123.26147048808828,2876802
2016-06-16,121.2240982055664,122.65952777719652,118.81629407882252,122.5206211638621,5263299
2016-06-17,124.51168060302734,125.761896538977,122.8447307320562,123.77081242360848,8936573
2016-06-20,128.26231384277344,129.97557061865913,123.3077711575036,124.0023324238002,12367976
2016-06-21,127.61402893066406,129.18836459779416,126.4564270973505,128.5864172968238,5498667
2016-06-22,129.88296508789062,130.76273992184528,127.19733367247404,127.8455880695519,10610999
2016-06-23,127.8918914794922,129.18840023812993,126.08602081661628,128.72535937706135,6048153
2016-06-24,123.58560180664062,124.18756339878252,117.2882503958264,122.65952009339358,14541272
2016-06-27,124.7895050048828,125.85449327279318,122.56691464972864,122.98364857495945,4851415
2016-06-28,123.53927612304688,125.94709386397624,122.52059487179474,124.55797150518238,5566838
2016-06-29,133.03163146972656,136.78226520675938,129.55882507078607,130.29969326207043,42895387
2016-06-30,138.86595153808594,139.42160622424186,133.77250206157078,134.28184983539944,19438012
2016-07-01,140.2550811767578,141.36637647407687,138.17139719520216,139.74573337731138,11574298
2016-07-04,147.15438842773438,149.28437933688338,139.97725466989493,140.53290938737257,19451557
2016-07-05,145.1170196533203,148.49722680479567,143.72789691101497,146.78396977026418,10559208
2016-07-07,143.63528442382812,147.2933044935073,143.26484324698194,145.85787496136112,7601802
2016-07-08,143.1722412109375,147.71003603877114,141.45898435687957,147.24699517344584,10908641
2016-07-11,146.50611877441406,147.24698694370403,145.11699625607724,146.64503950477874,7601771
2016-07-12,149.09915161132812,150.025233298355,144.28352966496536,146.32090655024749,8393495
2016-07-13,145.48744201660156,151.32174547379492,141.7831151836481,150.0252367346154,13610391
2016-07-14,144.93179321289062,146.78395670442916,144.00571146712136,145.39483408577524,5123783
2016-07-15,145.3485107421875,147.43219443462982,143.58896127647887,146.1356857894639,7725596
2016-07-18,142.8944091796875,147.47851076990628,142.199847904476,146.22829482217145,4544998
2016-07-19,140.85704040527344,143.7741922773877,138.77335645922437,142.7554966958537,6455047
2016-07-20,146.04310607910156,147.0154948555045,140.85705615643215,141.22748324702005,8217737
2016-07-21,143.07960510253906,147.61739922366422,142.43135081821885,146.41350446601962,5183806
2016-07-22,146.64503479003906,147.15436839234582,142.3850535517468,143.0796147885846,6604161
2016-07-25,151.7847900390625,152.3867516426667,145.44113866105823,146.32091347921815,10042713
2016-07-26,149.09915161132812,152.80347835943564,148.40459034605797,151.8310897618804,6790619
2016-07-27,148.40457153320312,150.81238926659438,144.70024525468324,149.93260047073926,7824307
2016-07-28,149.88633728027344,150.95132564319306,147.98786686165116,149.0991621383686,5545763
2016-07-29,149.376953125,153.3591065171092,148.77499165394568,150.58086193622594,7486440
2016-08-01,149.56219482421875,151.64587865303912,145.7189614145264,150.76610386260316,6475441
2016-08-02,146.4135284423828,149.97893465544905,145.02440583526678,149.79372113401075,5391899
2016-08-03,143.21853637695312,147.52482497469768,142.29245463088583,146.59874322863038,4905592
2016-08-04,150.1641387939453,151.32174089420974,141.32007005263324,144.42243520281085,7739610
2016-08-05,152.34043884277344,153.68325447448103,149.2380595118583,151.4143571476806,7706238
2016-08-08,153.3128204345703,155.30389033557222,151.970004864298,152.89608651702162,6357438
2016-08-09,154.97976684570312,156.41518207131952,150.99761299991823,153.729550989519,7704784
2016-08-10,154.60934448242188,156.6930284084138,151.55327189812323,154.7019583092648,7330513
2016-08-11,149.9326171875,154.33150513369708,146.96915866044947,154.14629162529732,9195450
2016-08-12,150.58090209960938,151.8774109308105,149.14547252378114,150.71980871335006,3747892
2016-08-16,152.98866271972656,153.63691695094798,147.33957398378865,150.349338893136,5812605
2016-08-17,153.49806213378906,155.72065285622207,151.78480510920184,153.68327567217727,6975285
2016-08-18,154.97976684570312,156.41518207131952,153.22020326548528,153.8221648051194,4291420
2016-08-19,155.35020446777344,157.06346125732802,153.8221753220839,154.6556431959354,5937716
2016-08-22,152.43304443359375,155.8132367858057,151.5995624744852,154.74824854631004,5088269
2016-08-23,150.85870361328125,152.4330538114922,149.19176785428084,152.2015333859771,5141350
2016-08-24,152.06260681152344,152.57195455427004,149.2380549025512,150.85869781890915,3535845
2016-08-25,149.60848999023438,153.40541619058118,149.09914226811057,152.01629374708946,5398380
2016-08-26,147.89523315429688,151.5995596660182,146.78393802695732,150.58087835382537,7094058
2016-08-29,146.59873962402344,148.35828924593264,145.0244035205964,148.35828924593264,6296807
2016-08-30,150.1641387939453,151.5532613142626,143.5426604327869,145.3022099728348,12708939
2016-08-31,143.40377807617188,153.03502352622374,142.47769623940198,152.10894168945384,15020668
2016-09-01,137.754638671875,144.74655761215368,135.7635688745174,143.54264870010505,12773096
2016-09-02,138.91226196289062,140.718118542231,137.38423273365325,139.79203679581173,9634895
2016-09-06,139.37530517578125,141.36637531165218,138.0324894471088,141.36637531165218,6318529
2016-09-07,140.62548828125,142.94069214408992,138.31028441841008,139.83831331553125,7441241
2016-09-08,145.1170196533203,146.0894083991115,140.76443788694104,141.22747880104282,8597979
2016-09-09,146.32090759277344,147.61741631149457,141.27376518869343,145.3022120774317,7787823
2016-09-12,134.6522674560547,142.61657536929104,132.52229094680547,141.45897329648835,11042338
2016-09-14,133.77249145507812,137.1526979545613,131.9666350645818,134.09662568478353,11765899
2016-09-15,133.8188018798828,135.57835140795638,131.73511811358705,133.5872814614055,10577943
2016-09-16,135.48573303222656,138.3102845742504,134.467037679076,134.93007845216573,12364546
2016-09-19,140.764404296875,141.3200589135583,134.83748766304436,136.22661007386876,12049100
2016-09-20,136.6433563232422,141.41267137918962,135.34683347740582,141.36636446846595,8883681
2016-09-21,137.198974609375,139.09744459408375,136.59702726024233,137.43049499456183,4976653
2016-09-22,142.3850555419922,142.80178946374303,138.31030188127443,139.00486312782073,8962007
2016-09-23,144.37612915039062,147.4322015394224,141.92201833560372,143.95939521799653,17333176
2016-09-26,141.64418029785156,145.0706794498304,139.00485617158645,143.357436939283,9509307
2016-09-27,142.06092834472656,143.31114430279166,140.02355141344876,142.33875568328386,6374076
2016-09-28,144.46875,145.30221790533798,141.59789098226108,142.38506610576923,6905698
2016-09-29,129.69778442382812,146.32095317692776,127.89192738484778,145.95052603643063,16630508
2016-09-30,135.34683227539062,136.27291395809843,129.6514355790917,129.69774248940408,10650160
2016-10-03,141.55160522460938,142.33876625629284,137.06010295514366,137.06010295514366,10778413
2016-10-04,142.06092834472656,142.89441036039844,139.93095172118663,142.57027611026737,7469692
2016-10-05,147.15438842773438,148.45091139155338,141.04225718991265,142.9407276552604,15224569
2016-10-06,143.68157958984375,148.2656956122381,142.0609365078338,146.8302660562806,8221064
2016-10-07,144.4224395751953,145.6263486220956,142.7091968934666,144.28353297131218,6472064
2016-10-10,142.6165771484375,145.3022083384892,141.45897506119368,145.2096086500406,3988033
2016-10-13,136.8285675048828,141.5978824796026,134.14293629927292,141.5978824796026,7214854
2016-10-14,139.09750366210938,140.3477199253783,135.71731025532878,137.98620816747527,5895646
2016-10-17,135.90248107910156,140.57919620135655,134.88378561968125,139.7920211526332,7234378
2016-10-18,140.3939971923828,140.90333084378898,136.36553597802896,136.96748345562852,5252551
2016-10-19,139.28268432617188,141.0885549756817,138.07878940101273,141.0885549756817,4015890
2016-10-20,142.52398681640625,143.8205098463113,140.44030271598575,141.41269145569277,5925299
2016-10-21,144.60763549804688,145.67263781149842,141.82939071129567,143.68155390246315,6980247
2016-10-24,143.68157958984375,146.13570473541918,142.0609365078338,144.97810253398347,5602564
2016-10-25,142.70921325683594,144.1909356814002,141.78313144240065,144.0983359784889,3427736
2016-10-26,140.81072998046875,144.00570912523736,139.37530047169275,142.15354566381953,4650948
2016-10-27,137.56944274902344,140.94963538491143,135.6709723910938,140.02355366210534,7269720
2016-10-28,139.37530517578125,140.06986649725525,137.7083551780664,137.98618253283323,4626709
2016-11-01,138.4955291748047,140.67181281876898,137.52314050666118,139.1900904904949,4973982
2016-11-02,134.1429443359375,137.06009613510744,133.35576921253696,136.96748230968885,6209733
2016-11-03,132.61489868164062,135.94879850597908,131.87403048391147,134.09663507709894,4951613
2016-11-04,129.00320434570312,133.54099975182385,127.8919089534784,133.35578620826766,6647178
2016-11-07,133.40208435058594,134.51337966970044,130.2071050090492,130.57753207179184,7378917
2016-11-08,132.75381469726562,134.0966303092827,130.80903751373395,133.8651098889044,4029122
2016-11-09,109.83328247070312,119.51083996954372,100.3409455414547,119.51083996954372,36191940
2016-11-10,116.22325897216795,126.27125155558232,111.4076367253948,111.54654333476012,32695378
2016-11-11,107.84221649169922,112.38001846002692,104.27680318281423,112.05589126202705,23755323
2016-11-15,105.9437484741211,109.46285471415553,102.19311474237423,105.66592113642034,14035061
2016-11-16,100.52617645263672,110.06481420648498,99.55378779221002,107.93483042787096,17638482
2016-11-17,103.81375885009766,105.01766790591029,99.36857085686292,100.38725933038904,13921559
2016-11-18,107.79590606689452,108.35155364686692,102.37832979763964,104.50831336510754,11157992
2016-11-21,100.57247161865234,108.35155934358824,99.41486948891315,107.51808439708748,14306214
2016-11-22,103.1655044555664,104.60092687443216,96.45141202237104,100.94290692666144,16337790
2016-11-23,108.44416809082033,109.04612262241903,103.90636624588586,105.06396839686695,16480030
2016-11-24,104.69354248046876,107.33287399984133,103.5359403171086,105.9900512510778,12910649
2016-11-25,103.99897003173828,106.03634679462851,101.86897945335492,105.34178557108292,10486910
2016-11-28,104.83245086669922,106.12896672475271,103.53594207408872,103.9526760337931,6711172
2016-11-29,106.4067840576172,108.2589473760598,104.69353440114622,105.2954818272862,7594261
2016-11-30,106.49939727783205,107.61069251020622,104.87875427577806,106.40679051937464,5830767
2016-12-01,103.95267486572266,107.28656770222516,103.2581135637245,106.6846131607382,7192775
2016-12-02,101.7300796508789,103.5822431659261,100.98921848412589,102.10051376697696,8694046
2016-12-05,105.202880859375,106.82352385212862,101.26703359125906,101.63746768840558,7298234
2016-12-06,107.42547607421876,108.35155776451374,105.94374678283528,106.54570129461554,6912900
2016-12-07,103.67484283447266,108.81459906320984,102.60985453854852,107.51808327830432,7461789
2016-12-08,104.7398452758789,106.45309511278668,104.13789072089968,105.1565863056844,7453200
2016-12-09,106.4067840576172,107.3328657168385,104.83244099767556,105.11026832161888,5844410
2016-12-12,104.9250717163086,108.07374421246614,103.95268299132591,107.42548977277336,8912797
2016-12-13,103.81375885009766,105.43440185153008,102.6098568597278,105.15658157626449,6829277
2016-12-14,104.13790130615234,106.0363719266498,103.72116729943038,104.27681499687428,4973885
2016-12-15,104.36940002441406,105.57330900592169,103.02658444656832,103.16549810834876,4739653
2016-12-16,103.58223724365234,105.01766671192104,102.79506920785192,104.78614628577724,4453846
2016-12-19,103.53591918945312,104.23048034573628,103.02657151533556,103.72113267161872,2898287
2016-12-20,104.69354248046876,105.29548995306172,103.02659253905298,104.18419470241314,6896404
2016-12-21,108.76830291748048,109.60177793780022,104.69354871226088,104.69354871226088,11689427
2016-12-22,106.68460845947266,109.69437396883345,105.75852676428472,108.35155833698798,11114684
2016-12-23,105.34178924560548,107.3791660795633,104.87874841375664,105.80483007745428,4776463
2016-12-26,97.3774871826172,104.6472267423371,96.63661903437064,103.99897241170308,14954475
2016-12-27,100.2483367919922,100.94289801687896,93.53424495141996,95.84944903437592,16371003
2016-12-28,99.55378723144533,101.31334395374084,98.25727137999372,100.2946554509728,7994734
2016-12-29,102.23943328857422,103.53594923631582,98.581405897966,99.5537946251331,8044656
2016-12-30,103.1655044555664,104.87875421508632,101.82268172966168,101.86898864158496,9772851
2017-01-02,109.92588806152344,112.148485415054,105.52700026273172,107.42547045470292,17254054
2017-01-03,110.25003051757812,112.05588702779946,107.98112608642728,110.01851008983472,10163888
2017-01-04,116.22325897216795,116.54738616975872,110.2500345443971,111.4076367253948,15556248
2017-01-05,117.28826904296876,118.35326459561033,115.2508847106449,117.10304843160628,10194043
2017-01-06,117.19563293457033,119.69605050580684,115.80651049156288,116.45476480545618,8297099
2017-01-09,117.14933013916016,119.3719204736362,115.85281440042093,117.2419368921896,5755448
2017-01-10,115.9454345703125,118.39955266950896,114.69522559613868,117.6123845795064,9567194
2017-01-11,115.76021575927734,116.96412482935098,114.37109317016602,116.68629748535156,11964645
2017-01-12,115.9917221069336,117.51975818250854,114.2321656279516,116.084328855208,5485659
2017-01-13,114.9267349243164,116.63998461698291,113.35239889655637,116.17694377758968,4883025
2017-01-16,120.25171661376952,121.59453227734252,115.8528213922488,116.22325549216497,15016258
2017-01-17,121.91864776611328,123.07624986845344,120.39061864337826,120.39061864337826,13094098
2017-01-18,122.10388946533205,123.02997125382636,120.89998031411209,122.24279608125153,5670699
2017-01-19,122.61320495605467,123.44668692059425,121.50190980088652,122.24277794796016,5034258
2017-01-20,119.0478057861328,124.23385484611386,118.26063068596876,122.15017101367587,7480437
2017-01-23,121.27039337158205,121.68712730209836,117.427160045542,117.7975870658043,5985563
2017-01-24,121.82605743408205,122.2890983105849,120.48324171840092,121.50192316817558,3742764
2017-01-25,127.24362182617188,128.26231736372534,121.9186519717212,122.3354000476475,14393650
2017-01-27,125.57667541503906,129.6514289585247,124.46536614782995,128.67904041515888,7232481
2017-01-30,126.82686614990234,128.54012267925995,125.02100994356088,125.99339840263184,6615785
2017-01-31,124.9747085571289,128.21599414320946,124.23384045413374,126.59535135016918,5164436
2017-02-01,133.1705322265625,135.02269536147745,125.34514580772344,126.59534744526104,23720780
2017-02-02,131.1331787109375,133.03163495404027,129.46622876960888,133.03163495404027,8229573
2017-02-03,132.93905639648438,134.23556537316733,130.6701586218452,131.50362665958593,6178195
2017-02-06,134.5596923828125,138.26401969338747,133.49468980248986,133.91143792963933,11329261
2017-02-07,133.21685791015625,135.022714395086,131.59621493865015,135.022714395086,4804023
2017-02-08,134.83750915527344,135.67097708226396,131.13318213596247,133.77250665868985,6058533
2017-02-09,137.4305419921875,139.05118524271276,134.09665578392529,135.11533734857997,10594956
2017-02-10,136.9674835205078,138.07879291181175,134.97641343437903,137.80096556398578,4847914
2017-02-13,136.8285675048828,138.4955173463477,134.74488373577293,137.61574258112273,4808927
2017-02-14,136.55076599121094,140.71813431727568,135.20795013454537,137.7083683040067,14302511
2017-02-15,127.01210021972656,133.03163130371144,126.1323254259366,132.1518565099215,12945909
2017-02-16,130.5312042236328,131.2257654530571,124.37276697509095,127.05839807651122,11808631
2017-02-17,131.82772827148438,132.4296756904508,129.1883899218034,131.04055321817336,7949339
2017-02-20,135.39317321777344,137.0601234918247,131.08689796312223,132.4297139143982,9312118
2017-02-21,134.93008422851562,136.0876862107968,133.81878915170242,135.99508653074443,5799694
2017-02-22,135.25425720214844,138.40292984406454,134.37448226963255,134.79121627652032,7831609
2017-02-23,137.84725952148438,138.68072735574268,134.55966683144845,135.80986858283592,5773590
2017-02-27,135.71728515625,138.6344370565378,135.0227238341923,137.80096912242306,4449446
2017-02-28,139.32896423339844,141.13482040201197,135.3931177062918,136.1339857611002,6685184
2017-03-01,141.92201232910156,143.91308221676454,141.13483727720626,143.45004139350482,13921277
2017-03-02,130.4849090576172,143.54266699819428,128.86426604312143,143.54266699819428,24557116
2017-03-03,133.44834899902344,134.00398941714923,129.74402302132265,130.25335653855078,9081762
2017-03-06,134.7911834716797,135.48574469108283,131.7814181875994,134.2355288438035,7408417
2017-03-07,134.37448120117188,135.53208350603762,133.355785520535,135.11533537157595,4378211
2017-03-08,132.05926513671875,134.8838032108829,130.0218739521668,134.28185571692015,6885998
2017-03-09,131.78138732910156,133.4483366915059,130.67009246445895,131.5961738734746,4638620
2017-03-10,131.3647003173828,133.44838422994053,130.4386185784683,132.6149021863859,5209705
2017-03-14,135.76358032226562,136.55074127394894,132.5222944331477,135.2542325706558,8595586
2017-03-15,135.57835388183594,136.6896632155129,133.91141814309094,135.76358152470556,5082042
2017-03-16,138.21771240234375,138.8196599363307,136.4118556694956,137.06011012091707,5838034
2017-03-17,136.73597717285156,139.51422267556487,135.6709887158331,138.26402067787632,4084969
2017-03-20,136.6433563232422,138.26399928237376,135.71727463230985,136.68966323396583,3235278
2017-03-21,137.2916259765625,137.80097378949944,135.11532810805318,136.8748919953911,4320165
2017-03-22,134.7911834716797,136.597039815951,130.39229574879312,136.04138518807483,4723040
2017-03-23,135.856201171875,136.68968329456715,135.34685334093322,135.53208101101183,3081249
2017-03-24,137.38424682617188,138.35662145494695,135.43946930684675,135.62468284895215,4144163
2017-03-27,136.6433563232422,137.93986503819335,136.13400856705238,136.78226292452797,3923843
2017-03-28,138.03248596191406,139.00487461360296,136.96748348401252,137.06009731022516,5012691
2017-03-29,137.89356994628906,139.28269260174886,137.33792936263697,137.98618377567428,4816470
2017-03-30,138.21771240234375,140.7181305040479,137.15272395578612,137.33793749463692,12937597
2017-03-31,137.6620330810547,139.51419640071038,137.15269947285714,139.51419640071038,4076648
2017-04-03,135.9951171875,138.21770784215482,135.3931555424862,137.6157603280278,4274831
2017-04-05,138.72705078125,139.51421180046063,136.04140519277357,136.597059902358,6986613
2017-04-06,144.8391876220703,147.24700595034258,137.80097443253572,138.35661503306153,17207813
2017-04-07,142.84811401367188,147.47852289580064,141.78312562313687,144.83918418063266,8996688
2017-04-10,145.16331481933594,145.99678274489156,141.87572176918013,142.01464251069683,5950689
2017-04-11,147.57113647460938,149.00655192091682,144.19092951787712,144.515063791429,10822728
2017-04-12,148.12677001953125,150.02524039390286,144.4687500089435,147.8952495868246,10315529
2017-04-13,147.84893798828125,149.88632903623662,146.69133586143633,148.17307223615197,5789046
2017-04-17,159.84170532226562,160.86038670258102,146.18200039682418,148.17307037767006,28526267
2017-04-18,152.6645965576172,162.388455850946,151.50699426079234,160.2121578805603,19137079
2017-04-19,156.7393341064453,157.6191089310872,150.48828237694158,150.48828237694158,10428734
2017-04-20,159.378662109375,160.44365038453742,156.55411017108926,157.43388493720846,9305710
2017-04-21,169.8896942138672,174.4275032674668,157.9895522047206,159.79540879107043,45011030
2017-04-24,176.27964782714844,180.2154948418208,169.05620812698467,169.5655558609427,28555018
2017-04-25,179.84507751464844,182.85484327730387,177.80770043995128,178.73378221307604,16756066
2017-04-26,173.68666076660156,182.299225143544,166.46321922042762,180.53966107937097,18731522
2017-04-27,175.7703094482422,177.15943199794236,170.95468743545857,174.52009350115787,12257947
2017-04-28,172.25120544433594,176.04814627046338,171.00098942988552,175.4924915682885,7476285
2017-05-02,175.35357666015625,177.80768752837602,172.2975042045852,172.99206548399292,7609476
2017-05-03,176.23336791992188,179.0579202129196,173.2699090104188,176.41858145222454,8608828
2017-05-04,172.62161254882812,177.25202076237915,170.07488803137505,176.51116675291854,7122915
2017-05-05,171.9270782470703,174.93684405732148,168.77840582100836,172.71425341902912,7971625
2017-05-08,182.48440551757807,183.91983500790988,169.6581680597131,172.25119969855666,19238717
2017-05-09,184.7532958984375,188.27240912268,183.3641733728853,183.82721421473605,17753141
2017-05-10,184.66065979003903,186.2350097670229,181.74350849082,186.0497821479307,7080125
2017-05-11,187.85569763183597,191.05067699609097,184.29027707131755,185.07745224885124,13522798
2017-05-12,192.9491424560547,194.24565128186276,182.530722542248,187.4852515338376,21738528
2017-05-15,194.940185546875,196.2366941926952,191.9767271200828,194.1530104992013,12610346
2017-05-16,196.79237365722656,197.9036689411137,192.9028330981786,194.4771692612592,11592567
2017-05-17,199.1539001464844,200.03367505782975,194.9402249984869,196.1441342023272,9094122
2017-05-18,192.34716796875,198.08887173346625,191.2358727450768,196.3293221402241,11471530
2017-05-19,192.2545623779297,196.8849707769079,185.63306988885984,194.0141119171874,11082014
2017-05-22,189.9393615722656,195.72737217440823,188.9669729649286,194.4771562319913,7745012
2017-05-23,182.53070068359372,191.6989034574665,178.3170263079894,191.6989034574665,16994184
2017-05-24,176.27964782714844,184.61438268174865,172.80684163773168,182.90112597594924,14483933
2017-05-25,180.5396270751953,181.69722921613769,174.1496689095476,176.8816071359945,14048672
2017-05-26,179.6598663330078,182.62332521953988,178.17812982429845,180.95637517996352,9495071
2017-05-29,162.80516052246094,178.4559351037088,161.97167854036542,174.10335407793733,19081948
2017-05-30,166.6947021484375,167.5281700068257,157.61909887195668,162.06429375542535,18265873
2017-05-31,166.27796936035156,170.0748957901475,163.6849378162927,165.67600778659792,10473340
2017-06-01,163.6849365234375,167.99121067212442,162.6199482465018,166.64839506571877,9273199
2017-06-02,162.7125701904297,165.12038853398067,161.50866101865418,164.33321334796562,8463960
2017-06-05,163.82383728027344,166.23165520862966,162.0179808994485,162.48102172175666,7349444
2017-06-06,162.34214782714844,165.30560686065783,159.0082475826458,164.84256594508176,8789085
2017-06-07,161.46237182617188,166.27799448954903,159.980635253954,162.99040118492564,10815850
2017-06-08,162.7125701904297,165.76864297081767,158.73041560573546,162.6199704885312,13797415
2017-06-09,171.1862030029297,172.01967085674568,162.0642928663822,162.0642928663822,19000069
2017-06-12,170.2601318359375,174.14967227857213,168.59318189455527,169.79709097060274,15479795
2017-06-13,171.27879333496094,173.6403042996125,170.35271171202967,170.8620594308187,8136505
2017-06-14,173.77923583984375,175.4924927405892,169.56557515526677,171.32512483909764,6729359
2017-06-15,177.80770874023438,178.68748363959455,174.1959953088032,174.33490192890167,13242649
2017-06-16,179.28941345214844,184.1513421244053,177.20572973546692,178.73375880867954,19120147
2017-06-19,178.5485382080078,180.91004915256465,176.41854766721374,179.6598333198922,8161493
2017-06-20,180.169189453125,181.7898323551921,175.63138084880626,178.73376005654575,7376120
2017-06-21,182.57701110839844,184.10505447232316,179.19681837791367,180.49332717377155,9719001
2017-06-22,181.3267974853516,188.7354509954302,176.55746830970736,184.012428730401,18969010
2017-06-23,177.85400390625,183.2252809124034,172.39011307222532,181.60463784085889,15116428
2017-06-27,173.6403350830078,179.05791918995232,171.9733850400336,177.80770312500002,8839702
2017-06-28,176.65008544921875,178.73376928806928,169.9359930795892,171.69554266893104,10683977
2017-06-29,179.75245666503906,180.8637518358493,176.6037705283777,179.47462933961532,11224084
2017-06-30,176.60377502441406,178.17811106738233,173.9181437823438,177.71507022351605,8137908
2017-07-03,179.79876708984375,180.67855606184645,176.048147286616,176.88161521380303,6845071
2017-07-04,180.6322479248047,182.2991978987775,178.45595016282823,181.51202275996403,7745660
2017-07-05,182.80853271484372,183.3178805060765,180.1692081926332,181.51202391069327,7418077
2017-07-06,186.2813415527344,188.8280664088815,183.1326692011252,183.3641896425931,11154086
2017-07-07,187.30001831054688,188.8743543280185,184.5680802021572,185.58676156363416,7112185
2017-07-10,188.13351440429688,191.1432802924786,186.5591781505023,188.2724351545913,3198674
2017-07-11,184.29026794433597,189.56893108440352,183.59570663298797,188.22611537530796,6557717
2017-07-12,185.6793975830078,186.79069289697816,183.6883274009312,184.89222241471523,4587004
2017-07-13,185.3089599609375,187.94828441483716,184.0587439721685,187.0685095968706,3424618
2017-07-14,186.6054534912109,188.5039237102265,184.2902493536029,184.2902493536029,5961999
2017-07-17,189.19851684570312,190.12459865686083,186.4202714122299,186.69809878175465,5713706
2017-07-18,185.2626495361328,190.30979204646783,184.05874048289772,188.45762862022488,6063387
2017-07-19,187.11480712890625,188.3187161446084,185.72568460253115,186.6054593763917,5981333
2017-07-20,187.9945831298828,191.88412340294477,187.207408040778,187.9945831298828,11753965
2017-07-21,181.7898406982422,189.29109399639836,179.24311602097177,189.10588048241027,14365117
2017-07-24,179.70614624023438,183.82720673893536,178.87266428026768,181.32678912080436,7204958
2017-07-25,179.9840087890625,181.55834506930336,178.73379266984597,180.21552924588872,7832948
2017-07-26,181.1416015625,183.1789786494225,180.4933330127136,181.69724215117716,10645929
2017-07-27,181.3731231689453,183.27157952269408,176.094445691938,181.69724331502812,15756955
2017-07-28,177.11312866210938,181.32680330743733,176.0481403381947,180.53962819436265,6750640
2017-07-31,179.05792236328125,180.4007381522104,175.72402221824825,178.1781333452261,9598130
2017-08-01,179.24310302734375,181.18786597956725,177.9465802616438,180.1228777531747,6750072
2017-08-02,178.82640075683594,181.00268450251684,176.603795964214,179.89138917164928,5609354
2017-08-03,176.18704223632812,181.7898393097051,175.02944011913806,178.27072604727024,6009655
2017-08-04,175.7703094482422,177.06681817560823,173.73293253485895,174.56640041232495,5101036
2017-08-07,177.20571899414062,179.10417496066785,176.0018100935227,176.0018100935227,4263872
2017-08-08,165.39817810058594,178.27070658614082,163.6849215018202,177.39093189929503,11942033
2017-08-09,165.62973022460938,169.38035008857588,159.84171916183837,163.45343241265292,13187103
2017-08-10,152.43304443359375,166.69469611557224,144.46873663349595,164.51839859726516,14065209
2017-08-11,144.05203247070312,153.63697099841204,141.6905209618285,149.5159096528239,14677670
2017-08-14,168.22274780273438,170.3990456137427,149.09916491202486,149.09916491202486,31036798
2017-08-16,167.4355926513672,169.6581833241256,161.2771401886674,167.62080618561592,14106982
2017-08-17,171.5103302001953,175.5387912989033,166.37057387349788,168.54687154859494,16958436
2017-08-18,169.8896942138672,171.55664419006936,165.2129785501199,168.5468785025243,10993991
2017-08-21,167.0651092529297,171.23247630987964,165.9075072926658,170.7694355257741,7554907
2017-08-22,162.34214782714844,170.30644309652448,156.23000208918936,169.38036126537233,15103601
2017-08-23,172.20489501953125,175.16835373197344,165.8612436419557,169.38034291435753,28066784
2017-08-24,173.13096618652344,174.9368226252556,170.53793467227177,171.83445749484005,10932188
2017-08-28,166.7873077392578,176.74268529302915,164.10166252529123,176.74268529302915,29863787
2017-08-29,168.17645263671875,172.0659931879332,163.26821650097585,164.8425526608857,24287507
2017-08-30,169.5192413330078,172.52900656189172,168.2690255086563,169.4266275197655,8982352
2017-08-31,171.37139892578125,173.08464136745798,166.23164333898416,169.2414084690772,13072657
2017-09-01,177.43727111816406,179.6598616929387,170.53795069174168,170.90839187479497,18832892
2017-09-04,174.10337829589844,177.1594510602485,168.8247148652321,176.92793061038694,12405954
2017-09-05,177.159423828125,177.71506434385017,172.89944255314197,174.10335153354018,8160744
2017-09-06,178.27073669433594,179.98399358245413,173.59402103539824,175.02945057262076,10424040
2017-09-07,178.5022430419922,181.0489676508922,177.80768178501944,179.61353822697157,7734333
2017-09-08,177.62246704101562,180.03027090324895,174.7979151227883,179.65984388779302,6408546
2017-09-11,178.40963745117188,180.12289428308245,177.80768998638473,179.6598534237429,3994507
2017-09-12,181.92874145507807,183.91982552640465,178.54854900803485,178.87266911437766,9471362
2017-09-13,178.5022430419922,182.94743791279467,177.57616136602854,182.25287665582192,5947700
2017-09-14,179.24310302734375,181.3730936110132,177.34463285209745,179.47462343576686,5476108
2017-09-15,177.39096069335938,179.15051035266066,176.27966542796457,176.4648789503827,5179712
2017-09-18,179.5209503173828,181.04897953063227,178.45594784161227,179.3357226653282,4101062
2017-09-19,178.44483947753906,183.21709844471312,177.08802523101224,181.5327709105225,7332431
2017-09-20,177.55592346191406,179.56775034848988,176.9477007133771,178.72559357694644,4266689
2017-09-21,173.15792846679688,178.63197483003444,171.42681136734944,177.602673922906,6753815
2017-09-22,162.35018920898438,171.05253650060982,160.8530059603314,170.30394487628334,13762129
2017-09-25,155.8936004638672,163.28590806918808,153.7414051236484,161.41443634346672,13155212
2017-09-26,158.32652282714844,160.85300708346827,155.70645926281026,156.08076221668586,9777131
2017-09-27,149.6709442138672,160.85298460599674,148.26734045891715,159.07509222767163,14241691
2017-09-28,151.44886779785156,152.8992470841858,148.03342304547755,149.8113299007153,12734059
2017-09-29,153.74142456054688,158.04580150697305,152.75889892468726,153.4607009105587,10258656
2017-10-03,156.68898010253906,160.05763519362952,155.33216584686554,157.39078205666647,8170479
2017-10-04,155.94039916992188,158.0925948322028,155.37896613510836,157.577937174975,4715334
2017-10-05,160.19798278808594,160.85299506066278,155.3789486274885,156.50182884879118,8356954
2017-10-06,160.57229614257812,163.19234540304822,159.1686922052416,159.6833355597069,7274927
2017-10-09,161.92910766601562,163.5198559122406,157.39078263471168,161.13372640380447,7366202
2017-10-10,160.99337768554688,162.44377130541986,160.24478604836747,161.8355343535,4443387
2017-10-11,159.44940185546875,164.5023846058406,158.13937722288955,161.78874175521565,7446673
2017-10-12,161.74197387695312,162.49055125701258,158.27973924228576,159.73013290299798,4988762
2017-10-13,161.8355255126953,164.08130030155058,160.759434909296,162.81805109043216,4538752
2017-10-16,161.8355255126953,163.51985303478747,159.6833300276996,162.2098284499364,4225773
2017-10-17,167.26278686523438,167.73065480052173,160.99335938802287,162.1630292262413,12065651
2017-10-18,166.88851928710938,169.64893759798895,165.4849153041335,167.73067596561566,8818611
2017-10-19,163.5198516845703,166.98207172582883,162.4437610900565,166.88850670093896,1270942
2017-10-23,167.6838836669922,168.80676398003095,163.14557276050263,164.5959520974872,7040486
2017-10-24,166.79493713378906,170.53788102458938,166.13992480853858,167.96460709966416,5122959
2017-10-25,170.11680603027344,171.23968636390532,165.34454676459026,170.30395037284572,6071750
2017-10-26,170.35073852539062,172.502934141483,168.5728315911413,168.99392420596217,9725128
2017-10-27,172.50291442871094,175.45047672643653,170.3507190585607,171.70753322293922,7725715
2017-10-30,175.82476806640625,177.50909552449278,172.1754038057159,173.3918633186782,6268234
2017-10-31,188.41046142578125,189.6736965400864,174.42119590373449,175.45051128119718,24256440
2017-11-01,195.24131774902344,198.1421051652008,188.08294280144207,189.95441486911807,26337451
2017-11-02,194.49270629882807,195.98987512397235,191.82585335793925,194.7266402663378,8503663
2017-11-03,200.1539001464844,202.30609553822865,195.5688000199741,195.5688000199741,13764388
2017-11-06,201.93182373046875,203.80329565701956,199.40533948526476,202.91434934754744,8426970
2017-11-07,195.2880706787109,203.00789150601517,193.69732257599657,202.5868132256196,7315132
2017-11-08,200.1071319580078,201.18322255341005,194.63307112143852,194.63307112143852,10138614
2017-11-09,198.23565673828125,203.52255887832453,195.80273767949157,201.8382313974853,5941296
2017-11-10,194.5395050048828,198.1888839026964,191.9194556770552,197.6274366020488,6490636
2017-11-13,189.2993927001953,194.35236131002637,181.6731358523416,187.3811310745046,26432844
2017-11-14,192.80838012695312,194.39912826069136,188.08291109698655,189.018646973091,7954784
2017-11-15,190.515869140625,195.8495618721525,187.70866093685277,192.71484033332703,6487836
2017-11-16,195.2880706787109,196.69167446549352,188.6443546548577,191.63870654435465,7708024
2017-11-17,209.4644775390625,211.3359492551919,197.62741036762637,201.46393309697007,23984346
2017-11-20,213.02029418945312,215.0321351516568,208.4351935114788,209.18378516536396,19164643
2017-11-21,208.10765075683597,213.34777731443384,206.09582435747396,212.69276506428315,7713439
2017-11-22,205.7215576171875,210.4470128178945,204.64545269051544,209.60485616067083,7183039
2017-11-23,208.4351806640625,210.5405865293561,204.364723613216,205.9554861339957,9067531
2017-11-24,213.9092712402344,214.89178269083945,207.125184735051,210.25989200156096,10078314
2017-11-27,218.4007568359375,219.52365135642415,212.45884234298063,214.00280089135444,17682208
2017-11-28,215.31285095214844,218.9622154991892,213.5349440542535,216.950388888574,7965380
2017-11-29,214.6578063964844,216.90358108833087,211.99096769004956,215.967845202944,6879979
2017-11-30,218.26040649414065,219.804365073174,212.69278054532077,213.11385885976645,10982691
2017-12-01,211.38275146484372,222.14371519890932,207.4526632176072,221.7694265194384,8262616
2017-12-04,214.2835235595703,217.6989539224943,209.3709100281828,214.2835235595703,11463487
2017-12-05,215.4999847412109,217.09073294595132,213.06706564346888,213.9092365364705,7958613
2017-12-06,216.4824981689453,219.57041510217093,213.5349216260533,214.2367235250948,8849217
2017-12-07,223.4537506103516,224.90414420728007,216.3889412406916,217.09074321228303,10567982
2017-12-08,223.07943725585935,226.26094794563107,222.1904909889368,224.5766204367163,7838005
2017-12-11,224.01519775390625,226.86919547407737,222.00337101969637,223.7812637486168,6521448
2017-12-12,218.86862182617188,223.6408806389512,217.51180762354144,221.72261918368903,4862359
2017-12-13,213.16064453125,221.16118946909515,211.33596235059684,218.1668231151857,7124397
2017-12-14,212.9735107421875,215.7339289754811,208.3416063059958,214.09639104136824,7648214
2017-12-15,216.8100128173828,218.8686290143141,215.3128438915224,215.3128438915224,4081057
2017-12-18,216.66966247558597,220.78689495185932,206.75085567611245,210.5405891362036,9431206
2017-12-19,219.00900268554688,219.80436967878825,215.7339268495944,218.26041106740396,3496068
2017-12-20,229.4892425537109,232.99825237869123,218.494345102106,218.494345102106,16691999
2017-12-21,227.80490112304688,231.78177868274875,227.19667850166528,229.7231625663071,8159204
2017-12-22,229.4892425537109,231.5946484486991,227.94528394199864,228.78744058871487,6912057
2017-12-26,236.9751434326172,239.7355760718638,229.48925538736177,229.48925538736177,15589327
2017-12-27,232.34323120117188,239.9226835669916,229.95710175559648,237.5365683996132,9140312
2017-12-28,246.84710693359372,249.65431449640064,231.5946239315666,232.81108339775545,21258310
2017-12-29,242.68313598632807,249.280063327753,240.4841506870544,248.0636179569529,13758096
2018-01-01,240.20343017578125,245.58391189697733,238.7998119703152,242.77670404244023,4935049
2018-01-02,237.58334350585935,243.01062895580208,235.24400371443423,241.84095906008952,5496883
2018-01-03,241.7005920410156,245.06924727791952,237.6769387524111,237.6769387524111,7342607
2018-01-04,240.95199584960935,243.47849421893943,239.1273136881352,241.65379777926844,4123938
2018-01-05,243.2445831298828,248.2039724768908,241.04559783209763,241.747399827791,7238574
2018-01-08,243.52525329589844,245.8178175352657,241.5602023130682,244.03989658731965,3945670
2018-01-09,252.50833129882807,253.95871048090584,241.65378944963751,244.13348380434752,13135536
2018-01-10,252.0405120849609,254.7541409327445,248.6250811960403,253.21018215352265,10967347
2018-01-11,253.1165771484375,256.25129832532565,250.1690145860841,251.7129732086125,6530547
2018-01-12,251.2919006347656,254.66055607014255,245.4903543548808,253.350531333162,5842102
2018-01-15,249.7011566162109,254.0055479155085,248.53148661946685,251.29189067794508,3449870
2018-01-16,240.99876403808597,251.15150402910817,239.5483848492511,251.0111493586391,5899206
2018-01-17,245.72430419921875,246.70681567617285,233.7000896700789,242.07493914087576,7901148
2018-01-18,234.1211395263672,247.9232595205308,230.93964290311868,246.4728516165409,6764646
2018-01-19,233.27896118164065,236.5072471596343,229.76995157986565,232.9982375578593,6511361
2018-01-22,234.8229522705078,236.8347932881989,229.81677311108749,234.40187391552084,5026796
2018-01-23,242.9638519287109,245.3499959140107,234.495452368632,234.495452368632,9049840
2018-01-24,242.3088531494141,248.34433332833203,240.1098677970529,242.35562852772927,9439889
2018-01-25,237.30262756347656,244.6949353878145,236.32010202272363,240.43734850821284,5921504
2018-01-29,237.7237091064453,243.5252688516916,234.6357777696894,238.70623466062173,5914647
2018-01-30,237.58334350585935,239.9226832972845,235.33758301737,235.33758301737,5013590
2018-01-31,234.027587890625,241.04560814790244,231.6414581475109,236.78800633618104,6309912
2018-02-01,229.25531005859372,237.39621004993285,221.4886987397447,235.5247381310872,10509963
2018-02-02,209.0434112548828,226.72882976209007,191.3580070258734,224.5766341623942,16904503
2018-02-05,213.6285095214844,216.71644085718196,200.24748325225943,204.3647155143917,10372280
2018-02-06,210.961669921875,215.9210733795142,196.50455215470416,198.42281373375863,12918029
2018-02-07,210.77452087402344,217.0907384806812,208.6691150051375,214.2835306555,9498474
2018-02-08,214.6110382080078,218.6814808787647,210.8680945411802,211.38273787281145,8201053
2018-02-09,214.330322265625,217.3714641040116,207.26551298542583,207.73338096056224,7906691
2018-02-12,218.728271484375,222.19049153565405,215.21926178141712,216.99715431963696,7012358
2018-02-14,216.1082000732422,224.2958890779086,214.9385302154327,224.2958890779086,8092805
2018-02-15,216.29534912109372,220.27222672454425,213.20743205156023,218.0264662597568,5417282
2018-02-16,211.1488037109375,219.2897176018012,209.8855687913944,217.6989551222183,6524609
2018-02-19,209.0434112548828,211.0084625150829,204.22437669142724,210.44701521839775,7983021
2018-02-20,210.63417053222656,212.87993112734588,207.26551536134997,209.27734196621944,5759220
2018-02-21,206.79763793945312,212.41205344912157,204.55187744686452,211.9441854899825,5996226
2018-02-22,205.7215576171875,207.82696353844423,204.2243743619036,205.253689634686,6933969
2018-02-23,210.6809539794922,211.2891909443636,205.90870896247625,206.0490636507245,4446123
2018-02-26,213.48814392089844,215.2192610799946,209.83877955299477,212.6927769577384,4593608
2018-02-27,208.1544647216797,214.1899589030089,206.98479475327488,214.1899589030089,4117630
2018-02-28,211.7102508544922,212.87992074871588,205.16009944683935,206.61049297131615,6333501
2018-03-01,209.88558959960935,213.5817439782037,208.8094846227235,211.0552596104429,3581145
2018-03-05,208.57554626464844,209.55807190886912,205.5811939550885,207.0783772489675,3539064
2018-03-06,202.6336212158203,212.08454566870253,200.294281359434,209.97913979795487,6144090
2018-03-07,201.6043243408203,203.75652006047423,198.5631822503655,201.18324598393556,5878878
2018-03-08,204.3647003173828,205.5343701092135,196.2705910691926,202.6335975923908,6237904
2018-03-09,197.76779174804688,206.37655932788545,196.50454254895337,206.1426253486605,5137684
2018-03-12,203.70968627929688,204.22434383876796,196.6448779437829,201.1832024070337,6107809
2018-03-13,205.76829528808597,208.99659519835373,201.0896163203878,202.68037859196124,6433609
2018-03-14,206.75083923339844,207.63978546119247,203.52255331235887,204.92615712830624,4388182
2018-03-15,210.961669921875,212.64599751026915,205.11332015536595,205.86191178111864,5972448
2018-03-16,211.75701904296875,214.93851512151343,210.07269171036455,211.00842753090072,10153974
2018-03-19,200.5749969482422,212.78633908594776,198.1888675348503,211.47631453022507,6851893
2018-03-20,201.5575256347656,203.89686559932048,198.32923933931957,198.4696083041117,6577013
2018-03-21,202.16575622558597,204.879384787729,201.0428759336025,203.4289911997432,3574529
2018-03-22,199.49891662597656,203.4757947113277,198.37603625751711,202.2125596511353,4863917
2018-03-23,189.95437622070312,196.4109478292418,187.89576022074849,193.69731959451008,8236891
2018-03-26,195.9898681640625,196.8320389841083,186.02428721332203,189.20578334719528,9631888
2018-03-27,194.81349182128903,199.09562700153285,193.4017998515696,198.3897810166731,5393376
2018-03-28,189.4019927978516,195.6604876852438,188.6490875941383,193.5900091453866,5838391
2018-04-02,189.1667022705078,191.99008588648556,185.9668732499217,191.70774465279345,7539616
2018-04-03,191.33132934570312,193.1665261126813,187.28447598744745,188.2256040074849,7657672
2018-04-04,186.9080047607422,195.8487197187344,186.10804030978568,192.554772102632,8885029
2018-04-05,194.10763549804688,194.6723180000484,190.107841796875,190.95485118940476,5141982
2018-04-06,192.3195037841797,193.68413644992697,190.10784734072956,193.68413644992697,5927283
2018-04-09,193.91940307617188,195.66048104264803,191.7548060741606,191.7548060741606,6881655
2018-04-10,200.3661193847656,201.07196529292304,193.96646130584907,195.04875262083507,9694025
2018-04-11,200.97787475585935,203.3306946093336,198.7662183494045,200.4602515160005,9160118
2018-04-12,196.60162353515625,202.530732508064,194.53114491172877,200.93081786089155,6198129
2018-04-13,197.8721466064453,200.0367437101442,195.18992627092044,197.49570117992053,5489580
2018-04-16,201.8719482421875,202.530734944776,195.42521594574197,195.70755720698645,5851193
2018-04-17,204.1306610107422,205.16590757296044,198.7191749165013,202.81308753198613,8211004
2018-04-18,199.9897003173828,206.57759632783777,198.81329031551584,206.2011508714298,6246878
2018-04-19,202.67189025878903,203.6600630227468,200.22495208024728,202.15426706404315,4261649
2018-04-20,198.3427276611328,202.10723969266084,196.41341237287995,201.82489841820149,4589352
2018-04-23,199.56619262695312,201.91901259576773,196.69574939290456,198.2015599171353,4855224
2018-04-24,203.14244079589844,204.55413249187976,199.14264765728475,199.42497450810455,4293336
2018-04-25,205.9658660888672,211.09501075562784,200.9308256047005,202.01311704760903,13247848
2018-04-26,206.2011566162109,209.63626817317547,204.78946457464076,206.76582481655456,8340355
2018-04-27,209.25979614257807,212.83607070553327,206.2481753478147,206.4364124178416,5441340
2018-04-30,209.96563720703125,212.6949023334935,207.75398092972875,212.6949023334935,3575963
2018-05-02,203.14244079589844,210.90674512379564,200.6013842547557,209.6832761151844,4308135
2018-05-03,201.02491760253903,202.53071356946475,196.1781004840534,201.4013630041526,4723527
2018-05-04,198.8603515625,203.4248137987877,197.21337754353075,201.3543350470354,3922824
2018-05-07,203.0012969970703,204.13064767084035,199.51912643608236,199.51912643608236,2696751
2018-05-08,209.3539123535156,211.09500482805944,201.7307844747334,203.51892185901647,6606949
2018-05-09,208.36573791503903,210.6715130527638,207.2363871629646,208.74219773937983,3481254
2018-05-10,201.02491760253903,210.10679575082744,199.84850777190732,208.9303859201957,4928049
2018-05-11,201.63665771484372,204.83648691222052,198.10742799988148,202.3425036578362,5124007
2018-05-14,194.2958831787109,202.2013674202161,192.74302763937524,200.46027478237656,5027276
2018-05-15,191.33132934570312,200.78966881917404,188.6491087444069,192.931244107672,5844684
2018-05-16,193.7782440185547,196.2251824940851,189.637286678936,189.87256867233413,4788429
2018-05-17,193.35472106933597,195.94282275266,189.82549150116677,194.719353630267,5595602
2018-05-18,185.6845550537109,195.00171639820883,183.2846758102877,193.872365683796,5207776
2018-05-21,182.15530395507807,187.51972999630337,179.7554249901829,186.1550974430796,5394290
2018-05-22,186.76683044433597,188.3667450156173,172.4616891168348,183.51994203428532,22283610
2018-05-23,184.3199157714844,190.9548563673155,183.1905507368576,185.82571188353185,9524497
2018-05-24,184.8375244140625,186.2492163450064,181.40241312628825,184.7904795047427,5491106
2018-05-25,190.76663208007807,193.3076746661526,184.97870094732664,185.3551463821255,6195224
2018-05-28,194.9075927734375,197.26041251063268,190.86073995336736,191.80186784824545,5447905
2018-05-29,193.1194305419922,197.9191882862384,191.6136346092372,194.3428996101796,6282591
2018-05-30,195.61343383789065,196.8839478481484,188.79025676943093,191.0018986512004,4635458
2018-05-31,197.54275512695312,199.5191296078237,193.0723972701741,196.17812244276783,7797171
2018-06-01,194.7664337158203,198.53094565760173,193.44886028038616,198.06038166487903,5138637
2018-06-04,187.42562866210935,196.2251808873375,186.43745578630703,195.7075576340053,4693026
2018-06-05,187.80209350585935,189.4961267620221,183.61407681734144,186.9550696975413,5729316
2018-06-06,188.6961669921875,191.37838757890935,184.931654932493,186.76685168949928,6151093
2018-06-07,191.0960235595703,193.6841252925945,189.16670848649423,189.2608270209749,4271438
2018-06-08,193.68414306640625,195.2369985045328,188.55499839691203,189.1667258457562,4442610
2018-06-11,190.5313415527344,195.18992181179777,189.63727291480865,194.5311351501931,4066622
2018-06-12,193.02532958984372,194.10762088330756,188.9784769247884,190.20194601335928,4808717
2018-06-13,192.9312286376953,194.48408400205352,190.67252731490652,193.1665106238389,4609134
2018-06-14,193.7782440185547,196.1781232233108,192.0842251544664,192.225388606316,3560475
2018-06-15,188.08441162109372,195.0487521540584,185.87275536997123,193.82528304408575,5339537
2018-06-18,187.80209350585935,189.63729021650505,185.6374962541222,187.37858878193708,3919736
2018-06-19,184.0375823974609,188.69616310322644,181.68476240864263,187.66091656395696,4876624
2018-06-20,188.8843536376953,190.39016391808536,185.11984229719127,185.77862890968527,4323867
2018-06-21,187.14329528808597,190.0137239963832,185.63748485055905,189.16671460056963,3660058
2018-06-22,188.8843536376953,189.44903608295937,185.21396082489235,187.1432757589949,2899353
2018-06-25,184.9787139892578,191.23720953699976,184.08464524821952,188.69616677176896,4148205
2018-06-26,184.1316680908203,187.7079569867994,183.19054018979804,184.46106860036696,4145494
2018-06-27,180.55540466308597,185.6374898970674,178.53197093512307,184.4610799484168,4939785
2018-06-28,174.2498321533203,179.09664965522194,172.97931805201475,179.09664965522194,6246529
2018-06-29,177.6849822998047,179.80252045506077,175.28510285175287,175.80272616179928,4202492
2018-07-02,173.35577392578125,178.6731557174617,168.60307467567745,177.8731911769737,5622150
2018-07-03,174.86155700683594,176.64969417360547,171.5676095392816,173.1675240085709,4388316
2018-07-04,174.39100646972656,175.9438617937302,172.74403260952226,174.2968879335259,3718019
2018-07-05,170.53237915039062,175.42624154604954,169.6853697520839,174.39100943261604,3362590
2018-07-06,175.6615447998047,178.57904749918535,170.3441770611465,170.8147410861773,4767759
2018-07-09,176.27330017089844,177.77909655022492,174.34398464817576,176.46152292325482,2311937
2018-07-10,182.90823364257807,184.64931183674932,177.96731161290722,178.81432107380417,6749798
2018-07-11,180.74362182617188,183.3317236336372,179.09664794869394,182.20237298974683,3447721
2018-07-12,178.29669189453125,183.2846730314088,176.22621322275376,181.5435805344179,3713490
2018-07-13,176.6497344970703,180.36718747264828,173.73224611897888,179.28489594473083,3214697
2018-07-16,167.5678253173828,177.49672752560636,166.57963815117128,176.93204504192204,4266013
2018-07-17,169.35597229003906,171.285287466009,166.34436571218183,166.6267069702094,5742276
2018-07-18,160.65052795410156,171.0029347443075,159.99174130318286,171.0029347443075,5559072
2018-07-19,159.85057067871094,165.16793727411647,158.1094784162483,161.7798712781512,7272656
2018-07-20,160.3682098388672,162.20342097740462,158.1095083213236,160.74466966544043,3249890
2018-07-23,167.1913604736328,168.46188884317505,160.4623019428008,160.4623019428008,9216233
2018-07-24,177.9673309326172,179.70840931579573,167.19140260971824,168.8854360758861,9610781
2018-07-25,172.69696044921875,178.57900951084065,171.52055063689437,178.57900951084065,4839118
2018-07-26,179.00254821777344,181.5435910236105,170.9088557858304,173.02639385077364,6391773
2018-07-27,179.28489685058594,183.0494091204145,177.16735869880736,179.80252015978232,4558851
2018-07-30,177.77908325195312,179.94368064332343,175.09687692043997,178.90844840256332,3271250
2018-07-31,184.743408203125,187.1432872015267,177.9672902479987,178.3437356608777,10925285
2018-08-01,181.96710205078125,185.63749545629813,178.20259010236455,184.36696692951813,5890923
2018-08-02,176.69679260253906,180.6965868425433,175.42626398211263,180.6965868425433,4912319
2018-08-03,177.77908325195312,182.10827803469377,177.1202964877468,178.4378843766339,5986116
2018-08-06,178.20257568359375,180.64949963579443,176.50854257177957,178.81430308152585,3743820
2018-08-07,175.802734375,179.66135102189418,173.21463206433089,178.4378959634127,4195521
2018-08-08,177.8260955810547,180.27303361409284,174.86154874452097,175.80267654792476,5579043
2018-08-09,188.79026794433597,191.51953318908227,177.9202375128611,178.4378607449261,12195178
2018-08-10,184.9787139892578,190.8607640756596,182.20238922057092,190.4843042538456,8356670
2018-08-13,182.72000122070312,185.87278586436423,179.99073567878312,183.5199657901318,4981483
2018-08-14,190.8607482910156,192.64888562520892,182.81410156620032,182.81410156620032,11487982
2018-08-16,194.5311584472656,196.55459230223707,186.8609708448041,189.49613216728204,9989854
2018-08-17,197.7780303955078,199.3779593782352,195.89577451980287,196.64867974217935,7728061
2018-08-20,202.2013397216797,203.70713578011805,199.8014606492473,200.27202461009787,8027156
2018-08-21,195.94287109375,202.7189906642778,195.04880225466567,202.20138168829112,6488641
2018-08-23,199.4250030517578,201.7307779735954,193.8252947283078,196.6957377930764,7578138
2018-08-24,200.41319274902344,203.14247240217605,198.1074321589356,198.5779961308096,6562786
2018-08-27,201.07199096679688,205.44824477243787,199.4250169708024,201.35433223820493,7327329
2018-08-28,200.7896423339844,203.8012487287629,198.15448135337613,201.871933670078,5328214
2018-08-29,204.69532775878903,208.4598395336633,199.75440605426655,201.07197943128347,8597454
2018-08-30,208.0834045410156,210.3421059750821,202.15429532599916,205.02473857046076,11203811
2018-08-31,207.80105590820312,209.21274784458973,204.41298951668608,208.08339716757504,6129569
2018-09-03,199.9426422119141,203.8012727847429,197.91922274108532,200.5543840327387,9075098
2018-09-04,189.96669006347656,199.8485339344328,186.7197870174979,198.10744141297968,9686643
2018-09-05,190.437255859375,191.8959927657505,184.79048787968085,190.1078553163701,7278094
2018-09-06,192.46066284179688,194.81348268093865,189.40199705091257,192.46066284179688,4795832
2018-09-07,196.08401489257807,196.9780835764757,189.8255053843492,193.4959130199692,4237143
2018-09-10,192.5547790527344,197.11924086922923,191.04896862969068,195.2369850206608,3767850
2018-09-11,187.1903381347656,194.7664207867776,185.96688332328117,193.30766963407785,3593534
2018-09-12,191.30079650878903,192.38747307442247,182.7019547055761,187.99354633406105,5717235
2018-09-14,197.72630310058597,198.90746381205892,192.19846520350583,193.2378923969884,5547982
2018-09-17,201.45877075195312,202.45094864651605,194.797021366706,195.60021642860596,7225702
2018-09-18,191.63150024414065,202.214696425719,190.49758894226875,201.2697679377484,5891263
2018-09-19,190.1668701171875,194.46629789048652,187.615565923532,190.5920850797192,5211308
2018-09-21,188.56051635742188,194.04110545082528,174.33933718818793,190.970087316074,12303546
2018-09-24,174.9062957763672,188.8439931163589,172.02426056135351,188.8439931163589,10192254
2018-09-25,167.81932067871094,177.03237428448466,156.90539275433198,173.96135641589342,16192061
2018-09-26,172.54396057128906,174.71728472134123,166.6381570799178,169.80365910021345,15397405
2018-09-27,162.4332275390625,171.88251394432424,161.01583457827326,171.88251394432424,9691018
2018-09-28,153.59814453125,165.07902108325956,150.81060808636556,163.94510966380255,13888498
2018-10-01,149.72390747070312,153.64536912254334,139.51867750068996,150.24362099305108,21910391
2018-10-03,146.2749481201172,152.8421989146743,143.34566373365513,148.82625242078024,19784307
2018-10-04,149.67666625976562,151.99175258283591,139.42420084837843,141.73927275298428,13713891
2018-10-05,141.0305938720703,154.82655723096252,137.29812877723975,148.40103985259535,11093634
2018-10-08,143.4874267578125,148.11757155251365,138.101321712038,141.03060640646035,15115736
2018-10-09,145.04652404785156,147.2198624710237,144.0070969354974,144.5268104916745,9331488
2018-10-10,154.684814453125,156.29119024672298,145.0937945884487,146.4639382236215,13311026
2018-10-11,144.99929809570312,151.85003079104771,144.0543694480694,147.31437039871238,8930073
2018-10-12,148.96798706054688,152.18075293087787,147.1253791861401,147.1253791861401,7037376
2018-10-15,148.164794921875,150.43261760405304,145.70797500079468,148.49551125302412,4457305
2018-10-16,149.4404296875,152.46421228427332,148.4010170360152,149.34594549289085,5218314
2018-10-17,136.40042114257812,153.45636733224282,135.12476202738188,152.13347333152785,11909786
2018-10-19,144.71580505371094,145.99146439346734,134.1798572418923,135.03028718941945,19254568
2018-10-22,144.3850860595703,147.21987172401816,141.26681894498458,145.51899744165635,8007346
2018-10-23,144.99929809570312,146.4639403832288,141.5030649831517,142.02277862304362,5919153
2018-10-24,148.02304077148438,150.00739634883902,144.2433268477341,147.4088430262607,5771458
2018-10-25,146.4167022705078,148.63729052974642,142.5425031698479,145.04655851029312,4732368
2018-10-26,145.37725830078125,147.40884884764162,142.07000848689185,146.46392032938752,5328152
2018-10-29,155.39349365234375,157.23610139951282,144.19609923895314,146.46392194032046,6936987
2018-10-30,152.93670654296875,157.3306189628323,150.95235062650124,154.92104804096942,5747572
2018-10-31,155.677001953125,156.66917996307515,149.10975042969125,154.77932257972918,6249997
2018-11-01,162.38600158691406,163.89787884395827,154.9683055827898,156.3384493033344,8059831
2018-11-02,160.59059143066406,169.04769839759487,158.8424824031221,169.04769839759487,12042541
2018-11-05,163.66162109375,165.97669314507272,159.17321050545408,160.63785263374896,5399483
2018-11-06,163.00018310546875,164.89004030089447,161.67728883605722,164.4648253156169,3241788
2018-11-07,163.00018310546875,163.00018310546875,163.00018310546875,163.00018310546875,0
2018-11-09,164.74830627441406,165.36250409366122,161.81902186308278,163.37814827715084,2796209
2018-11-12,161.9607391357422,166.44914951082887,161.39379068681004,165.8349517532029,3201720
2018-11-13,161.9607391357422,163.37813188576956,158.51175587806145,161.01581063572394,4712188
2018-11-14,153.692626953125,164.37032273409315,152.84219700302924,163.66162630285808,6001775
2018-11-15,160.4961395263672,161.86628320699828,153.4564094369605,154.77931821911278,5375427
2018-11-16,160.07089233398438,162.14974670124218,155.72422960804894,160.7795887541498,3566071
2018-11-19,163.23643493652344,166.5436854272779,158.8425221947654,160.8741131574131,4385661
2018-11-20,165.2679901123047,165.9766864925778,160.54334757715057,160.54334757715057,6984983
2018-11-21,172.7329559326172,173.39440308795147,163.99236613118094,164.41758112971965,7925047
2018-11-22,167.34686279296875,172.44947152551526,166.73265054467475,172.44947152551526,4309429
2018-11-26,167.72482299804688,169.1422158684529,162.14975014183617,168.19728728818222,4103380
2018-11-27,168.3390350341797,173.25267560161203,166.3074441822942,168.66976583261086,6761380
2018-11-28,166.2602081298828,169.37847584077056,163.00020687605536,168.8587621525446,5394839
2018-11-29,169.56741333007812,171.03205536189776,164.55928948827443,168.0082871010709,5321521
2018-11-30,168.29177856445312,170.08713702117947,166.2601735545099,170.08713702117947,3513726
2018-12-03,170.51234436035156,171.7880035983911,166.49639824903437,169.14220092371272,3700585
2018-12-04,164.2285919189453,170.51236127862694,162.6222161987264,169.23671633248222,4669519
2018-12-05,167.2523651123047,168.19729372875838,162.1969912468908,163.42540133197392,6536199
2018-12-06,158.18106079101562,165.07904327970527,156.5274355432426,165.07904327970527,7596610
2018-12-07,163.0474395751953,163.47265457913556,156.0077240969548,159.12597707149436,6402016
2018-12-10,157.47232055664062,160.30710590900833,155.44073015482934,160.30710590900833,4046041
2018-12-11,162.00799560546875,163.378139107365,154.02335231107247,154.9682808528582,4612431
2018-12-12,169.37843322753906,171.3155395316864,161.67727173799636,163.28364730053391,7437148
2018-12-13,169.00047302246094,172.78018713495914,165.079010979665,167.20510016794526,8244217
2018-12-14,168.90597534179688,170.60684958557513,166.5436540083452,168.2917775624855,4029066
2018-12-17,168.4807586669922,170.74858135658832,165.26799303518845,169.8509021427259,3643033
2018-12-18,168.24453735351562,170.9848244811727,166.54366301772652,167.2523594560998,3786975
2018-12-19,180.95382690429688,182.6547012680305,168.57525647661646,169.4729501814107,16441945
2018-12-20,179.39468383789062,183.03264995937656,176.41815037289498,182.18222006564343,8962611
2018-12-21,176.796142578125,181.2373040076893,174.95352031763912,179.53642968487625,8223560
2018-12-24,168.29177856445312,176.0401897006138,167.34685002544657,175.7567082552188,8945739
2018-12-26,167.81932067871094,169.8509113474696,162.33873206030108,169.14221491625622,7574429
2018-12-27,165.97671508789062,171.41005493940128,165.26801858551966,169.89817771875693,6183377
2018-12-28,168.15003967285156,170.74859329482683,166.96887893559008,168.1027903596679,4300844
2018-12-31,167.77206420898438,170.03988692473376,166.63815285110968,168.85872625643404,4653719
2019-01-01,170.37060546875,172.11871448146715,167.25233864423248,167.34683725830982,6246700
2019-01-02,163.567138671875,169.9926413124378,162.7639436325719,169.9926413124378,6604177
2019-01-03,162.9529266357422,165.31524802628198,161.7245166289684,163.56713884836185,5873745
2019-01-04,165.50424194335938,166.118454197134,161.25206315547268,163.51990049342547,5556175
2019-01-07,169.8981475830078,173.86684440864258,167.34684351070436,168.1972733953173,10127291
2019-01-08,171.50454711914062,172.7329572273788,168.71701053175153,169.89817132458307,4704040
2019-01-09,172.0714874267578,174.5282929015129,168.29177338701325,172.21322093586232,5570072
2019-01-10,173.44163513183594,176.84336919987052,171.3627952427373,173.01642017563978,9198151
2019-01-11,172.1187286376953,173.48888656218688,169.14220948948437,172.44945939570334,4565679
2019-01-14,171.17379760742188,172.2604740690504,168.38626132492288,172.2604740690504,3741265
2019-01-15,175.70947265625,176.8906334221813,171.9770075196003,172.44947182597284,4060162
2019-01-16,172.8746795654297,177.4103396000154,172.44946459122667,175.37874893523107,4131732
2019-01-17,174.0558319091797,175.56772332080348,171.5517770782969,173.58336764535537,4558933
2019-01-18,170.41786193847656,174.43380809166277,169.42568412281994,174.33930947361367,4243642
2019-01-21,167.48858642578125,172.07149568634117,166.49640855902993,170.60685354194305,3361204
2019-01-22,170.13441467285156,170.65412833957225,165.12628969816922,167.25237926509843,4744583
2019-01-23,167.48858642578125,170.8903349922242,166.49640855902993,170.4651056075697,4567262
2019-01-24,167.9610595703125,173.5833818874258,166.92163233723068,168.10279309370264,5827123
2019-01-25,149.2987060546875,170.18163209934306,135.21927688400484,169.00047145017624,20781142
2019-01-28,155.01553344726562,158.37003272535486,149.77117704557293,151.18856988827554,11812368
2019-01-29,155.81871032714844,158.93697738981032,153.1256726418454,154.02335187027973,4196603
2019-01-30,155.1572723388672,157.2361123631498,151.23582443893557,156.85814669272247,4379914
2019-01-31,155.77146911621094,158.74798812619113,149.77116736905535,155.91320262393774,5587357
2019-02-01,156.5746612548828,171.0793205800672,153.69262623104086,155.86596482697738,13045972
2019-02-04,154.59034729003906,156.81092117305488,149.4877234542251,156.76367185246554,5652935
2019-02-05,150.9523468017578,156.2439528326176,146.03872086936886,154.0706141264264,7095047
2019-02-06,151.519287109375,153.55087756827726,143.6763778637332,149.29869942023265,10746796
2019-02-07,151.56655883789062,154.63757713569083,148.54278985913476,152.13352182948702,7154145
2019-02-08,155.677001953125,159.69294889273522,149.15699974796843,151.1885906676783,10455050
2019-02-11,154.684814453125,156.81090387895176,152.22800865658297,155.72424171758254,5269340
2019-02-12,150.38536071777344,156.52739579256786,148.9207331193246,154.96826957942883,5780211
2019-02-14,153.36192321777344,155.20453120685548,148.02306767890795,148.3537984747416,4477707
2019-02-15,149.39320373535156,153.12566847957424,145.89695670101312,153.07841917021145,5111337
2019-02-18,147.4088592529297,151.37755642604614,147.0308935863342,150.24364500779373,3876032
2019-02-19,154.40130615234375,157.70855579566722,148.92073256389338,149.20419956997833,15335372
2019-02-20,154.02334594726562,156.19668438726967,150.24363193628977,154.5903088162979,9359061
2019-02-21,156.1967010498047,157.70857816439812,153.17293240215156,154.02336237795623,5377001
2019-02-22,159.9291534423828,160.63784983873015,155.6297257541826,156.38567146064614,6024582
2019-02-25,158.88975524902344,163.75614670851627,157.85034232937525,161.15759278169423,13038685
2019-02-26,157.23609924316406,158.51175850672936,153.17291816047586,156.00770370754103,5572262
2019-02-27,155.2990264892578,159.88192170493213,154.02336706823849,157.80308159752042,4545778
2019-02-28,155.62973022460938,157.23610588544642,152.93669249221168,154.02335456377233,5881165
2019-03-01,158.039306640625,159.88191450700185,156.10220014788376,156.85814590340058,3845718
2019-03-05,165.92945861816406,167.25235281655858,158.27553162018964,158.27553162018964,6150185
2019-03-06,167.58309936523438,170.7958509603099,164.74831345717942,166.30743993922297,6513459
2019-03-07,166.2602081298828,169.18949297736154,164.03963425250737,167.20513686539618,4201421
2019-03-08,165.6931915283203,167.01608544764943,164.22854970576586,165.6459422272452,3005893
2019-03-11,167.1106414794922,168.48078517076368,165.504251201656,165.69324847090775,2795266
2019-03-12,177.4103546142578,178.30803395098275,167.81933455296436,169.1422288998783,13173333
2019-03-13,181.5680389404297,184.21384211130444,179.53644805873097,180.00891239572763,16127714
2019-03-14,190.7338409423828,191.96223656999544,179.58368073857588,182.18223435131424,18351272
2019-03-15,186.5761566162109,192.5292099169688,185.72572660973125,191.01731832937529,9317938
2019-03-18,186.85964965820312,190.11965077613183,184.49732791789717,187.5210968617953,6926554
2019-03-19,183.31613159179688,188.2770062869357,181.99323744047916,187.80454203025585,7149471
2019-03-20,188.37152099609372,189.6944152604113,184.73354014152136,185.2060044385585,9822900
2019-03-22,185.3477325439453,191.53701753795823,184.6390361190996,189.0802119162389,9153838
2019-03-25,178.82774353027344,184.02485100407267,177.6465827407736,183.74136953089936,5217787
2019-03-26,185.7257080078125,194.04108206979228,178.1190303530731,180.8593173603496,28150981
2019-03-27,179.91439819335938,188.41875552343663,179.15846685434758,188.13528848054025,11282628
2019-03-28,183.3634033203125,186.90688567865996,181.0483310632188,181.33179811711327,10010007
2019-04-01,184.78079223632807,193.23790039690016,184.2138293039629,191.82050748445343,16311067
2019-04-02,188.5132293701172,189.74163926223684,183.505105605915,184.8280141122224,18498248
2019-04-03,190.97007751464844,198.10427697290768,188.60775599377683,189.64716881188053,28104238
2019-04-04,189.78890991210935,193.5213748968337,187.19035633283136,192.15123134781663,14167501
2019-04-05,190.4976043701172,193.4741235808986,188.41874999344975,189.8361428401963,13045209
2019-04-08,174.433837890625,192.0095024653964,173.4416599054722,192.0095024653964,110839025
2019-04-09,177.78829956054688,179.0639588607138,173.29988898224403,175.7567089609117,24874709
2019-04-10,170.181640625,180.67033906397896,169.18946274630133,177.41033839265395,22351331
2019-04-11,167.91380310058594,172.40221378390234,166.11844459464564,170.55960596602347,20379941
2019-04-12,171.83526611328125,173.53612600343368,167.53583823880547,167.9138038991803,21022203
2019-04-15,174.57554626464844,175.00076122030097,171.45727922575466,172.92192133386015,13223734
2019-04-16,173.2526397705078,177.55205275013088,172.07147918963022,176.41814147618123,15829170
2019-04-18,173.01641845703125,175.4732239675747,169.37843787339654,173.72511484980697,14326897
2019-04-22,163.42538452148438,171.41002762549735,162.8111867513545,171.0320619851813,15806621
2019-04-23,162.52774047851562,166.87441837497946,161.20484603270563,163.47266920222793,10583075
2019-04-24,166.3546905517578,167.2523698792809,161.72453154808744,162.9529416681823,8682385
2019-04-25,164.03961181640625,168.85873905731955,163.47264888525584,167.25236331034844,44558136
2019-04-26,164.70106506347656,167.53585098739708,163.2836721015163,166.77990519065824,15119128
2019-04-30,163.23643493652344,164.7010773232654,157.85034416384548,164.41759582607858,15575038
2019-05-02,162.38600158691406,165.9294841840815,160.35439624679083,161.63005574915817,9657298
2019-05-03,168.15003967285156,169.33120041011304,162.48046813399645,163.42539672380565,11791575
2019-05-06,164.32305908203125,167.58307391600064,163.51987851446705,166.2601653753924,5468266
2019-05-07,160.25991821289062,166.49643917348618,158.18106347422398,166.02397480896522,8443779
2019-05-08,159.6456756591797,160.7795870356313,156.480173667355,160.1653892454391,6741133
2019-05-09,158.5590362548828,161.3938223103868,157.33062608047092,159.409466304147,4647668
2019-05-10,157.33059692382812,163.00016798414626,156.62190054128837,159.2204539439342,7393523
2019-05-13,155.2990264892578,158.2282965983713,154.02336706823849,156.00772296349817,6157794
2019-05-14,157.09439086914062,158.55903318650124,151.89728320128935,154.07062201881152,8190348
2019-05-15,152.55873107910156,157.75583877061828,151.7555503596748,157.75583877061828,5421371
2019-05-16,153.92884826660156,155.44073964758095,149.44043785124586,153.8816133759486,9992081
2019-05-17,155.39349365234375,157.8030642840872,152.93668812894,153.69261941708572,6369300
2019-05-20,164.18133544921875,165.0790146874063,158.98422842780462,159.92915697715267,7512324
2019-05-21,162.0552520751953,166.73264567996986,160.16539490813764,164.89003782578183,12077133
2019-05-22,164.32305908203125,171.2210399611281,162.527700713627,166.21291606707342,24314232
2019-05-23,170.74859619140625,174.43382640525795,164.41757741597849,167.25236323349537,26290847
2019-05-24,181.09555053710935,182.56019267085185,171.50453153804298,171.74076367514775,22407285
2019-05-27,186.1509246826172,189.17469316432704,179.63092344335334,180.8593190257759,15049131
2019-05-28,184.6390380859375,186.71789248906896,181.04832102990855,186.62339386403,8700693
2019-05-29,183.0326690673828,186.38716852013297,181.23731047386568,184.16658051689188,7979267
2019-05-30,183.9775848388672,185.6784591036625,180.15062134769408,184.21381697513135,10437577
2019-05-31,180.67034912109372,185.39499221745325,174.5755624104833,184.7335450676562,11214402
2019-06-03,185.3477325439453,186.0564289687911,178.35526691951995,180.48135619405727,7573474
2019-06-04,184.6862945556641,191.48977768662093,183.59963241793287,184.26107956344168,14559889
2019-06-06,179.91439819335938,186.29266619091732,176.84338026860925,185.11150545062884,9595362
2019-06-07,179.58367919921875,183.50512703198729,176.32367848760245,179.53642988660803,8188075
2019-06-10,178.82774353027344,182.4657245293196,175.3787597923206,180.8593343208265,7653848
2019-06-11,181.0010681152344,182.27671301707895,175.47323028517775,179.53642596707303,6158116
2019-06-12,174.3865509033203,180.48133661202303,173.58335594158797,180.48133661202303,8066923
2019-06-13,174.7645263671875,176.46540058178928,171.59902448574172,173.81959785001592,8810333
2019-06-14,168.05555725097656,174.3393266726026,165.83496927393904,173.63063022271396,11855210
2019-06-17,163.14190673828125,168.10278157555177,160.96858263005876,168.05554668330237,11335861
2019-06-18,164.13409423828125,165.83496859474107,160.6378613168432,163.09468143378135,9460128
2019-06-19,166.68539428710938,169.61467862688195,162.33873150819633,165.26800142950313,11090503
2019-06-20,171.36280822753906,173.1581668090596,163.80337939003576,166.6854000995609,9873647
2019-06-21,167.77206420898438,171.88249468358828,166.82713567434462,170.03988692473376,10517709
2019-06-24,165.8822021484375,169.5201682462579,164.37031077111942,168.5752397400503,7231257
2019-06-25,166.5436553955078,167.58308255827015,164.46481548844844,164.9845290698296,4769918
2019-06-26,174.433837890625,175.5677494085994,165.6459983940057,166.26019626085557,10243007
2019-06-27,175.37875366210938,176.7016479327219,172.73295070241818,173.86686213700978,16068076
2019-06-28,178.16629028320312,180.81209324495856,174.906289499284,176.27643308458727,9413259
2019-07-01,180.29237365722656,180.9065714590373,177.26860512333425,179.25294646504528,5467507
2019-07-02,181.8987579345703,182.7964372328918,178.96947346797768,181.28456010373625,6054505
2019-07-03,182.9854431152344,183.97762116715293,180.5758863843199,182.84370957287524,5299636
2019-07-04,183.88311767578125,186.05644199604032,181.8987617798867,183.03267325534077,9837342
2019-07-05,176.65438842773438,185.7729575289621,175.284244922545,185.3949774602602,15489840
2019-07-08,172.35496520996094,176.8906252246369,167.72482098946892,175.1897509168252,7421180
2019-07-09,173.53616333007812,175.09530445603454,170.46514481896045,172.3077674604061,5311932
2019-07-10,167.91380310058594,173.91410525514254,165.5987310002527,173.91410525514254,9142852
2019-07-11,175.75669860839844,177.36307415284682,169.09494989035497,169.14219919840497,11089171
2019-07-12,175.89845275878906,177.97730720926216,173.1581655918435,173.86686204037764,6872502
2019-07-15,175.803955078125,177.3158320680623,174.48104649115666,176.22917003096782,3848689
2019-07-16,180.81211853027344,182.9382081760351,174.67008177585086,175.04804750104344,6662699
2019-07-17,180.1978759765625,181.99324891623397,178.30801883067625,179.96164383332672,4842698
2019-07-18,173.1109161376953,180.81209285659327,172.49671831685086,179.5364334828811,6315890
2019-07-19,170.13441467285156,175.89847106989018,167.4886114392017,173.86688013998932,6320721
2019-07-22,171.5199432373047,174.0521259821749,168.36664888565883,169.84774323359838,5386468
2019-07-23,172.18878173828125,174.76874396407658,171.08991352853883,172.76211315753517,4388484
2019-07-24,169.46551513671875,172.95324039539491,164.30557545954008,172.8099148128728,8097078
2019-07-25,168.50997924804688,171.85437906066704,167.02888498637273,169.1310762382202,7273037
2019-07-26,172.47547912597656,173.19213624145846,168.12775637596778,169.1310792537277,4583743
2019-07-29,171.47213745117188,174.1954400236409,168.41440367639464,171.99768886099878,6600119
2019-07-30,169.84774780273438,174.29101638565606,167.36333046965143,168.22332781437737,15821594
2019-07-31,170.22994995117188,171.37661301568156,162.20339598216327,169.895518707712,15109507
2019-08-01,164.73558044433594,169.70441489659976,162.77672927882324,169.08330329985344,10107821
2019-08-02,164.1622772216797,164.92671447679015,155.46683078310045,163.87561142845976,14931726
2019-08-05,157.56898498535156,162.77670435105858,155.9445653156888,160.86561895606135,8790354
2019-08-06,160.77008056640625,162.25117486363823,155.65792061221325,156.7090235535847,7803580
2019-08-07,158.5245361328125,165.2133353718413,157.95121923200804,160.14897046948826,7755724
2019-08-08,164.1622772216797,165.02226002091152,158.71568547221295,159.4801081468955,5915829
2019-08-09,167.84109497070312,169.32218929723228,164.68781524506736,164.68781524506736,5782491
2019-08-13,166.0255584716797,171.04215808017648,164.64002435303715,167.41109259032223,4917578
2019-08-14,167.12442016601562,168.3188485965344,163.1111435555576,166.35999763482374,5299098
2019-08-16,169.7521514892578,171.80657700216796,164.9266726133596,167.1244091158611,5364795
2019-08-19,170.99436950683594,173.19212071335247,168.93995845881997,170.22993240277475,4861541
2019-08-20,169.41773986816406,170.56438830200835,165.54778864606692,170.0866169062044,4494565
2019-08-21,163.9711456298828,169.6566222114457,162.92004274772722,169.13107077036787,4658146
2019-08-22,138.0281524658203,161.3911706579912,131.53045860756168,161.29562512768533,86786146
2019-08-23,145.3380584716797,147.58357519155632,130.62269133651822,135.20929946410655,42604662
2019-08-26,152.504638671875,153.8423927768949,140.65589905136153,149.06467871550063,27776662
2019-08-27,153.60350036621094,155.7534715999526,149.49466353675285,151.262423494444,13260627
2019-08-28,156.90011596679688,158.42899019246642,151.5968508107606,153.6512764627806,16114232
2019-08-29,157.76010131835938,159.48006646731594,153.84237052257146,155.75345587067795,11577203
2019-08-30,160.67454528808594,161.67786832713492,154.17686472752402,159.09790521274374,9168884
2019-09-03,156.27902221679688,161.00895599003323,155.5145850882962,157.18678492795527,7127055
2019-09-04,156.66122436523438,158.85897551399412,150.4501967511534,156.04012743599614,13175472
2019-09-05,152.26573181152344,156.9478851089354,150.1635262522699,156.61343933893846,10539344
2019-09-06,147.3924560546875,152.4568350945314,141.61142001619842,152.40905504520362,33559078
2019-09-09,147.34469604492188,149.92465867484654,145.7680562656418,147.39247610074798,9871180
2019-09-11,153.26905822753906,156.9956838700145,146.5802586738111,147.8702472770576,15562134
2019-09-12,152.60020446777344,156.66126195920364,151.35799573077975,154.4635102830499,12684164
2019-09-13,158.66787719726562,160.5311826512396,149.11244965850136,152.26574366237864,14679309
2019-09-16,154.55905151367188,158.142337097451,152.98241168897962,155.70569998439592,11152022
2019-09-17,148.6824493408203,156.37455637985246,147.4402409198431,154.79791676350504,10759732
2019-09-18,150.16354370117188,152.26574950470032,146.72359840348383,148.68246404017577,9304274
2019-09-19,148.4913330078125,150.49797855403622,146.48470204201357,150.02020719354724,6396288
2019-09-20,160.81785583496094,165.9300010564973,146.10248799608925,148.15691376024256,27345926
2019-09-23,160.24453735351562,166.407785986261,157.90346022392114,164.35337463548825,11731385
2019-09-24,159.81454467773438,163.73227626882124,157.90345894167774,160.24453605226168,7908403
2019-09-25,148.82579040527344,160.0056381970001,145.72027631977014,159.38454121206985,15184200
2019-09-26,154.55905151367188,156.61346274953468,148.2524630540501,149.54245169638114,11914905
2019-09-27,151.3101806640625,154.70234532213126,149.78130663024473,153.84236279087338,7148165
2019-09-30,148.6824493408203,151.931288675292,144.66915835298246,151.931288675292,10546288
2019-10-01,137.7892608642578,150.92797360336817,126.65719372110892,149.0646681673612,18836234
2019-10-03,143.23583984375,145.24248527511526,138.17147537678582,139.17478351204446,12704415
2019-10-04,140.7992401123047,146.38915685124798,139.12704018023658,144.66917686217838,13947473
2019-10-07,137.5026092529297,141.46812079898393,136.40374081583096,141.42034074075644,6301348
2019-10-09,141.1814422607422,143.09252777357796,132.19934618258424,137.5025968163632,15540451
2019-10-10,136.1170654296875,140.36922786382132,133.29821715854885,139.98701658585955,12393751
2019-10-11,139.12704467773438,140.36923871737122,134.4926560268756,136.16485601300016,11600032
2019-10-14,147.9658203125,150.83244894305207,142.3758886507526,143.33143152760329,19269942
2019-10-15,149.20797729492188,152.31349087265514,145.24248117398577,147.63133777224212,8060089
2019-10-16,152.64794921875,153.69905204084557,148.58689266676447,149.0646640258216,11931455
2019-10-17,156.56568908691406,157.42567174988736,149.73354951612944,150.54576670482416,9272454
2019-10-18,161.34339904785156,162.06005610981046,155.56236249863133,156.32679961413922,12716934
2019-10-22,170.2777099609375,174.864317937683,161.82116562859952,162.44226256506073,21273741
2019-10-23,167.17221069335938,170.85105632202232,166.26444794537505,169.704407872967,9737277
2019-10-24,168.65330505371094,172.42769621673142,166.9333250889193,168.22331370761955,8220431
2019-10-25,172.95326232910156,173.9088052148977,166.88555917212514,168.65331934301892,9432267
2019-10-27,171.8065948486328,173.90878604963112,171.08993776326344,173.90878604963112,832293
2019-10-29,172.90545654296875,175.77208477384556,170.70770531654483,171.80658821996937,7767341
2019-10-30,173.4788055419922,174.8643397440978,171.281054093604,173.9087969039661,6563814
2019-10-31,175.1510009765625,182.12646644497443,173.81323228676465,177.53985801503055,16086336
2019-11-01,176.91873168945312,178.44760589880164,174.48210937766495,176.2020746376507,5112995
2019-11-04,176.1065216064453,180.02423790773204,174.19543621642512,177.06206430145542,6416447
2019-11-05,176.15431213378906,179.06870586255943,173.95656088847306,174.95988369398964,7847108
2019-11-06,182.98643493652344,185.56639742163225,177.539844227866,178.25650128375318,15940992
2019-11-07,183.9419708251953,189.006350080883,179.92869437782142,188.24191300032976,23939489
2019-11-08,194.07073974609372,200.4250932469004,187.28638034036945,187.28638034036945,45666495
2019-11-11,198.4184417724609,199.37398450111317,190.2007830543069,191.1085457304415,14939800
2019-11-13,193.2107391357422,204.8683576490948,192.20741634253343,200.8550810566849,22014078
2019-11-14,199.6128845214844,200.52066184324963,193.4974164510057,193.8318622622272,13244986
2019-11-15,202.33616638183597,206.0150116027664,199.0873270395158,200.663966659672,12386416
2019-11-18,206.39724731445312,208.7383242868883,201.9061990158257,202.4317504783135,12188767
2019-11-19,205.3939208984375,208.069443640904,202.62285262471292,207.6394522991779,9625573
2019-11-20,202.67062377929688,208.97719720195653,201.9539667144202,205.5372520388036,9963070
2019-11-21,207.2094573974609,209.16830842949503,199.7084407523438,203.91282314653864,11285129
2019-11-22,207.5916748046875,209.5983205314027,204.7250463839093,207.30500904652445,7459722
2019-11-25,210.5538482666016,216.52599038239552,207.9261057356522,210.21940247594705,24412232
2019-11-26,210.2672119140625,212.70384915391452,205.44171749404717,212.3694033165208,73850039
2019-11-27,206.2538909912109,208.45162746616197,204.1039199853836,208.1649763297242,8209601
2019-11-28,208.2605438232422,210.98384655014556,205.1550298204764,206.87500972270868,10068332
2019-11-29,209.9327545166016,214.2326972041168,205.4417061812821,208.40389475374084,11696442
2019-12-02,209.9327545166016,209.9327545166016,209.9327545166016,209.9327545166016,0
2019-12-03,209.16830444335935,212.89492995760168,205.91946488979724,208.308321791071,8871643
2019-12-04,210.45831298828125,214.13715879777263,207.35279872171185,208.308341572964,10927951
2019-12-05,211.27052307128903,212.99048848080787,208.02166873907575,210.45830584312915,8570953
2019-12-06,208.69053649902344,212.6082677137848,206.3972396682136,212.0349362158695,9114752
2019-12-09,207.49612426757807,211.46163584758168,205.0595016618097,207.83057009760708,8352510
2019-12-10,207.16168212890625,209.7894248310984,205.2028164711869,206.8750163725819,7229597
2019-12-11,213.4204864501953,217.2904230576389,207.35278394498064,207.5438895855268,12291947
2019-12-12,214.9015655517578,217.86375400416009,212.65604876532123,216.62154547313892,10821969
2019-12-13,218.77151489257807,220.9214861311433,215.09268396595533,216.04822673865092,14462928
2019-12-16,220.0137176513672,220.92148034557007,217.3859750952705,217.3859750952705,7409874
2019-12-17,219.6792755126953,221.1125896580511,218.3415214758668,220.2048269487442,5127644
2019-12-18,217.6726531982422,219.7270643902449,214.2326932790842,219.63151885830644,7530021
2019-12-19,218.24595642089844,218.81928789821663,215.57044840788043,216.90820241438945,3905985
2019-12-20,220.30039978027344,222.16370536076232,215.8093514482057,218.00708826700333,6991936
2019-12-23,217.1949005126953,222.641492037,214.6149376412276,218.8193204998841,7458937
2019-12-24,218.4848480224609,220.06150233756577,215.9048854655196,216.7171026503092,5770969
2019-12-26,216.6693115234375,218.9148427451557,215.5226631767744,218.43707138567737,4849665
2019-12-27,222.54592895507807,223.11926051018736,216.71712618679416,216.90823184502156,6721432
2019-12-30,222.88037109375,224.6958966874233,221.5426169279304,222.83259103487924,4687013
2019-12-31,220.63482666015625,223.9314609840836,219.77484397243447,221.6859295721948,5458676
2020-01-01,217.43377685546875,221.8292651853106,217.00378549217496,221.112608053012,3761160
2020-01-02,223.35812377929688,223.9792207512188,216.43043865673044,217.38598143225687,4513308
2020-01-03,218.4370880126953,223.31034750206305,216.9559937694893,222.30702465470247,4289982
2020-01-06,211.12718200683597,217.4337704164732,210.3627448389365,216.9082189522657,7552620
2020-01-07,215.47488403320312,217.33818942693964,212.60825586424696,213.08602722573968,4646862
2020-01-08,217.52931213378903,218.15042370074823,207.63945292268735,207.63945292268735,6320990
2020-01-09,227.6580810546875,229.8080524392543,219.15375563234932,219.77485264460915,9195030
2020-01-10,233.3435516357422,234.10798880097343,225.50810349808052,228.2314063428338,14793061
2020-01-13,241.56121826171875,242.46898098874416,233.4868846680309,233.4868846680309,14466469
2020-01-14,243.23341369628903,246.14782204501853,239.41124263708332,240.89233683861067,6843491
2020-01-15,244.52340698242188,246.53005277907337,241.27456715781403,241.27456715781403,7020963
2020-01-16,246.67333984375,248.10665388021675,243.3289404253277,244.33226316693927,5235129
2020-01-17,249.6355743408203,250.352231492038,245.47895703158704,245.57451715058687,5766591
2020-01-20,247.4378204345703,252.26329992408023,245.90894611801156,250.3044488427985,6096170
2020-01-21,245.6700592041016,247.34225910064328,243.66341349608103,246.5300418901526,5387621
2020-01-22,246.6255798339844,249.63553354503696,243.6633915941988,246.91223098328487,5476635
2020-01-23,249.11004638671875,250.35224049582925,245.6700861049867,246.6256290076425,5101631
2020-01-24,251.16439819335935,254.07879169052524,249.49219851052857,250.3521810866719,7257409
2020-01-27,245.6700592041016,252.2632986782957,244.42785065058536,249.87444168323609,5577299
2020-01-28,246.19558715820312,249.6355469386184,243.9500704124651,244.61894743076095,4763857
2020-01-29,247.1033477783203,250.16106691842225,245.2400278510457,247.48555902572693,4977662
2020-01-30,243.32896423339844,247.34225559251772,240.844561742029,247.10336989639995,5549648
2020-01-31,248.87109375,251.1165956388353,242.9944977303816,246.3388824100839,10810838
2020-02-03,220.5870513916016,223.31033950210477,208.16499554463337,219.7748342155912,20842165
2020-02-04,234.3468780517578,236.7357351165056,220.5392871336009,221.11260408088447,15797056
2020-02-05,242.1822967529297,244.42782795192608,234.72906070439925,239.02900289619475,12352880
2020-02-06,235.3501892089844,243.37674271445255,232.57910640368712,236.01906623770245,17929026
2020-02-07,225.3169860839844,235.92350198867092,224.3136632682967,235.06351933546745,14050194
2020-02-10,223.4058990478516,226.0814216780895,220.87370199870165,224.83921318043343,8120421
2020-02-11,223.4537048339844,227.2280962350132,222.25927625261912,225.50811616176185,5475597
2020-02-12,221.7248077392578,226.4311112952316,217.83489600327223,224.6542335097724,6806019
2020-02-13,222.2050628662109,223.40565210872205,218.459215636198,221.4366828198777,6913597
2020-02-14,217.2586212158203,225.1825100275458,215.5777963163634,223.2135407856274,6757171
2020-02-17,210.7274169921875,220.71632823627752,209.23869806297992,219.3716594976112,10788768
2020-02-18,209.33474731445312,210.6794161231739,207.99009316136343,208.6143937348056,6678150
2020-02-19,217.93096923828125,219.61179429965603,209.67092344433271,211.97604909482263,7405952
2020-02-20,211.39974975585935,219.32363838431127,210.3432254098139,217.93094320389773,7654026
2020-02-24,204.1001739501953,210.34323809455424,202.8995846916648,206.5013524672564,7761069
2020-02-25,208.1821746826172,210.82347101653733,204.58040695454423,204.58040695454423,8778643
2020-02-26,204.05213928222656,209.0946139662468,202.27527604409264,206.35727935972807,6037598
2020-02-27,200.45037841796875,204.3883170235429,196.22431011665597,203.61993697176865,8839033
2020-02-28,193.7270965576172,196.8006023937887,185.5150623888668,195.45594817034865,15083273
2020-03-02,195.79209899902344,204.9645890623836,191.90218693272973,197.8571066282801,10400591
2020-03-03,198.62550354003903,203.66797877309895,195.3598917385832,196.89665195757792,11084288
2020-03-04,195.88812255859372,201.79502996320824,190.65355680171288,199.82606082833675,9357919
2020-03-05,194.59152221679688,199.1537616180016,192.47847329594435,197.6650279349033,8576035
2020-03-06,186.763671875,188.34845857236496,180.42456905243415,187.29193410745495,10991688
2020-03-09,175.1419677734375,181.5290967985413,171.58821182589273,180.5686253869088,12053473
2020-03-11,171.3961181640625,177.4951174079591,170.00343756709654,175.141965412309,9238369
2020-03-12,150.6979522705078,162.31966172362277,148.39282684201015,161.35919035247707,14049953
2020-03-13,160.1586151123047,165.15306374689948,136.3869466023824,139.31638747109506,11231755
2020-03-16,143.1102294921875,150.79400020317743,141.76557548001608,149.11317536014838,7065375
2020-03-17,138.88417053222656,148.8730672465147,138.2118288266089,144.0707102385626,8919578
2020-03-18,134.61007690429688,143.97467417132407,132.54506901023095,143.97467417132407,9347932
2020-03-19,123.37255096435548,134.802169655408,120.53916320656242,127.40652799711428,10873570
2020-03-20,134.27391052246094,136.14682690323102,116.5532080209066,123.90081601775522,18143402
2020-03-23,121.1634750366211,128.8952658222307,118.90636859182364,120.87533067012966,6918861
2020-03-24,116.0249481201172,127.7907227771134,113.04748091609451,121.0193964719609,13129144
2020-03-25,118.90636444091795,122.3640600790322,110.02200382730268,115.25657012257687,14618656
2020-03-26,132.6891326904297,141.18931138070454,116.84136016939117,121.11545543992553,16809428
2020-03-27,133.26541137695312,152.57089304948846,131.39249501305187,136.38694353533222,14470204
2020-03-30,125.58163452148438,130.14387363411956,123.70871823794968,128.70316654591898,7737955
2020-03-31,132.01678466796875,133.40946520005625,125.19744684837048,131.5845754898216,8327716
2020-04-01,127.3105010986328,131.53656986434697,125.14944020933147,130.57609835799084,5567170
2020-04-03,126.87826538085938,130.62409761188988,125.19744059541226,128.27094584338974,6553107
2020-04-07,135.95472717285156,137.25135474631432,129.75968968462664,132.2569064866458,6419110
2020-04-08,132.5450439453125,140.9971946062844,131.4405077746867,131.58457261237547,7944486
2020-04-09,143.20628356933594,145.79955327274473,135.1383154685168,136.48298414646814,7216451
2020-04-13,134.2258758544922,143.01418315194388,129.27945409133724,142.53394746015678,12595353
2020-04-15,134.75413513183594,138.93217676663394,132.35295672483826,133.45749292980523,9821552
2020-04-16,128.7031707763672,137.6835844502541,127.45455499442552,132.54505647118413,13414652
2020-04-17,131.48855590820312,139.5565261250444,130.43204594374905,134.3699707022964,30164652
2020-04-20,129.0873260498047,133.93770863982817,126.1098740624717,132.7371196153485,18161265
2020-04-21,127.4065399169922,128.41503793344245,124.04488963257938,126.2059505297019,12612460
2020-04-22,128.2709503173828,129.85572216525696,124.66918279436923,127.6946616514488,11250707
2020-04-23,131.5845947265625,133.0253019680942,127.7427087491446,129.0873629789881,10333997
2020-04-24,123.13243865966795,129.663647541008,122.55615724727107,129.663647541008,12295346
2020-04-27,127.74270629882812,128.41503340085353,124.57314749712936,125.82176334696604,6956597
2020-04-28,132.5450439453125,133.1693444494698,128.60710561801884,129.66362994650137,10118659
2020-04-29,136.05075073242188,136.8671571813692,132.06480078904048,133.02527206750622,7030077
2020-04-30,141.0452423095703,146.23178242495138,136.62706765155556,137.9717218575783,12818946
2020-05-04,127.79071044921876,135.66657224299607,125.9177943299103,135.66657224299607,7768173
2020-05-05,121.78778076171876,130.86423288184727,121.1154463612328,130.28794415919776,9178838
2020-05-06,124.76522827148438,126.01384401534224,120.05892430113217,122.84429281048146,8703337
2020-05-07,124.04488372802734,128.07887560180993,123.51663614727,125.82176179889022,5890404
2020-05-08,125.00535583496094,127.64665237485596,124.236990384224,127.64665237485596,5882098
2020-05-11,128.078857421875,130.04781191932295,125.9177969343673,127.74268659489982,6546304
2020-05-12,131.53656005859375,132.400993143252,125.00535137113242,126.5421115289931,7708941
2020-05-13,135.52252197265625,140.7090617305045,134.08181485596165,137.82764749711532,11157101
2020-05-14,131.63259887695312,134.465986372972,129.66362971679445,134.32192153553845,8704139
2020-05-15,133.31344604492188,134.94624465049185,131.24842354336795,133.50553741223035,8090978
2020-05-18,127.21443939208984,133.3134389029072,124.57314293011292,133.02529453956532,7009940
2020-05-19,126.25395965576172,130.09584516620333,125.24546177814476,129.1834002885995,6068689
2020-05-20,133.74563598632812,136.1948408690888,125.58162948087902,126.8302451716619,11788743
2020-05-21,133.12135314941406,135.4264788419174,131.20041018711737,133.5055358796207,5864536
2020-05-22,129.8076934814453,134.46598526169134,128.55909248566164,132.06480695344686,6331378
2020-05-26,131.34446716308594,132.40099159118395,129.23143296252078,130.3839957395899,4595672
2020-05-27,132.20889282226562,132.73715506524437,129.471557908773,132.064827963104,4864921
2020-05-28,138.35592651367188,140.18081655427787,131.2964549219381,131.44053444449065,8686378
2020-05-29,144.69500732421875,146.80805608164846,134.4659930043539,134.4659930043539,15478799
2020-06-01,146.1837615966797,152.2827615768798,144.83910733844027,146.952141739516,13138735
2020-06-02,150.986083984375,152.57087040759055,144.45487627573394,146.95210749409424,10651414
2020-06-03,149.83355712890625,156.6048842764352,148.58494122170558,151.80252667614977,16147229
2020-06-04,150.16970825195312,152.0426245383513,146.61595237112076,147.00014972193986,11047021
2020-06-05,150.986083984375,152.0426082665187,142.9181310038135,146.95210749409424,24856656
2020-06-08,146.9040985107422,157.0851012692599,146.0877066096087,155.59636765990626,13212637
2020-06-09,147.28829956054688,152.04263020494437,145.9436307660101,147.91260012740366,10649535
2020-06-10,150.6019287109375,152.28275377544432,147.28830508632177,147.9126056766003,7195413
2020-06-11,144.7910614013672,154.63589310527442,143.6865251700102,150.55388971584946,13544700
2020-06-12,147.96063232421875,148.7290124284348,138.1157997940065,139.2683626225148,11237376
2020-06-15,140.1327667236328,148.29677335132317,139.4604396971843,147.2882901394654,11614920
2020-06-16,140.8051300048828,145.41538155380556,138.01975381714038,144.07072729464178,8630991
2020-06-17,144.11874389648438,145.9916602914657,139.2203336428735,140.51697596166204,7838504
2020-06-18,141.86163330078125,144.26281197769234,140.22883473160803,143.54245837461903,6470562
2020-06-19,155.404296875,156.02859750881325,142.6300225628258,142.6300225628258,22606656
2020-06-22,153.6273956298828,157.99754337784285,152.04262370141495,157.99754337784285,12877819
2020-06-23,161.9835205078125,163.5202808449669,153.19521171672378,155.59639058375706,16147689
2020-06-24,153.72344970703125,164.4807264003359,152.5708869641112,161.98349491098375,13866743
2020-06-25,151.0341339111328,155.02008452411854,150.36180683438755,153.48333901379092,10615968
2020-06-26,148.29678344726562,152.85902275568668,146.32782873339923,152.85902275568668,10524946
2020-06-29,145.5114288330078,149.16122337842742,143.78257724247942,148.1046988909846,5370205
2020-06-30,142.19778442382812,148.2967686225386,141.38137792484008,146.952114612519,6991814
2020-07-01,144.31082153320312,146.47188208860882,142.05370797974967,142.58197015775258,7325712
2020-07-02,146.8080596923828,148.00864894516437,144.0707103337886,145.2232730853328,5754433
2020-07-03,145.27130126953125,148.6329512162642,143.59047629616478,147.91259765625,6698888
2020-07-06,148.72901916503906,149.83355553913236,146.231787377134,146.95214100953368,5813548
2020-07-07,147.00015258789062,149.11318676388558,144.0707118491648,147.9606240002184,7492628
2020-07-08,140.61302185058594,148.39284686908186,139.84465637447497,146.47190386754036,12826654
2020-07-09,140.22882080078125,145.03117767752033,138.88416673754637,143.01418192703787,19957900
2020-07-10,141.90965270996094,143.54245119749422,138.93218543721196,139.74859200879402,15581405
2020-07-13,137.25135803222656,143.30233082014217,136.05076877492706,142.96617462147665,13687808
2020-07-14,134.3699493408203,139.2203330709138,133.793675266995,138.30788812896697,13082474
2020-07-15,131.68064880371094,136.96324206540328,131.10436004018257,135.42648179974904,13326740
2020-07-16,133.07333374023438,134.7061324141276,129.18342110303146,131.8727443247787,13656677
2020-07-17,135.1863555908203,135.7146178155519,131.8727320438767,133.5055305657124,7461988
2020-07-20,135.37843322753906,138.06775592627238,134.08180570439183,136.38693107151778,8746550
2020-07-21,137.6355743408203,141.5254870012508,136.09881401760768,136.86719417921398,13694418
2020-07-22,137.0592803955078,140.66104852777747,135.61857314259996,138.30789627915436,9775312
2020-07-23,137.1072998046875,138.64405999049518,135.90671048941002,137.05927330095014,5731413
2020-07-24,133.40948486328125,136.77113509754597,131.48854187227283,136.38695236159705,9430566
2020-07-27,130.81619262695312,133.88969796150897,129.1833942919356,133.74563312380693,8219123
2020-07-28,135.57052612304688,136.48298563632886,129.8557244823519,131.39248451517753,9789458
2020-07-29,134.32192993164062,137.25135595051592,132.83319634404296,134.22587693026128,7614355
2020-07-30,134.5620574951172,136.09880303873038,132.35297020456483,134.61006934364306,8828387
2020-07-31,135.57052612304688,137.10728615587252,133.5055185685904,135.37843478285112,7720316
2020-08-03,133.0252685546875,136.09877363348966,132.5450329281363,134.61004026005523,5813192
2020-08-04,136.96322631835938,137.92369771005718,132.8331964029327,133.50552344599512,8786634
2020-08-05,136.9152069091797,139.46045036675775,135.42647324381298,137.34741612670393,8805210
2020-08-06,137.01124572753906,141.62151159333757,135.42647370599795,135.90670942835962,14873713
2020-08-07,136.2428741455078,138.21182879379631,135.42646759209757,138.21182879379631,10489309
2020-08-10,142.77406311035156,144.35884966225495,136.77111705533125,136.86717005446357,14527334
2020-08-11,140.75711059570312,144.45491732268238,140.0367569229059,143.1102629957141,6255637
2020-08-12,140.75711059570312,142.24584445061063,138.83616746824387,139.7486125226604,5257547
2020-08-13,141.90965270996094,143.110241988387,139.94068336221602,141.1892991429053,7889782
2020-08-14,136.81915283203125,143.83059723083767,134.80217161415936,143.0141906497458,9986928
2020-08-17,141.3333740234375,141.66954490750467,136.09880732916793,138.78813043480966,8642516
2020-08-18,150.9380645751953,154.01158457459445,140.80510370590278,141.1892863780129,39197183
2020-08-19,151.32228088378906,153.57938001290316,149.4493644749744,150.89007165954433,9439687
2020-08-20,154.5398406982422,158.0455700630673,148.87306536281304,149.83353675225055,17796868
2020-08-21,155.3082275390625,157.51731476259087,154.15566475241363,155.93254276290256,10424330
2020-08-24,151.46636962890625,160.3987585131611,150.79404243452873,156.07663627777654,28388350
2020-08-25,150.2177276611328,156.02858281614957,148.5849291409179,151.75448783052988,14665726
2020-08-26,153.67544555664062,155.11615285873413,149.92961243345053,151.27426671981812,10613576
2020-08-27,168.94692993164062,174.6617470454223,154.44381916568045,155.54835552152306,76444741
2020-08-28,166.20957946777344,172.59670844498208,165.29713456469085,169.04296717971644,25128213
2020-08-31,152.09063720703125,169.61923854610436,150.74596858490298,167.84236076728916,20605993
2020-09-01,154.5398406982422,155.40427374211413,147.14421393069946,152.52285957380164,17246779
2020-09-02,154.73196411132812,157.3732607294843,149.54540923138777,154.53985808732028,16987780
2020-09-03,152.37879943847656,156.02859411333304,151.41832792696866,154.7319663661767,7922397
2020-09-04,148.72901916503906,151.27426280393172,147.04819402277317,149.83355553913236,10265412
2020-09-07,146.13571166992188,150.50585929228276,143.68652142461283,149.83353227091106,11200977
2020-09-08,144.31082153320312,147.8165361274982,143.35035017524504,146.71199992809835,7800724
2020-09-09,144.16677856445312,145.36736794405172,139.31639453974836,143.1102540481535,10110075
2020-09-10,144.2628173828125,147.19225840952822,141.66954724571232,145.2232888895631,9723095
2020-09-11,148.20074462890625,150.69796155434963,143.25430796939958,143.9746615421367,17319975
2020-09-14,149.54539489746094,153.00309781933368,148.39283214204687,149.8335392502221,10567394
2020-09-15,150.17294311523438,153.50368040415435,147.85589759109513,151.18664961133763,8587437
2020-09-16,157.7033233642578,158.5239317268778,148.7730773488707,150.99355916763807,17795601
2020-09-17,151.42800903320312,157.46195879175724,150.9452930525188,156.3999777417227,10347762
2020-09-18,155.67588806152344,160.59959646018382,151.95896949279737,152.5382345036943,19610622
2020-09-21,146.6491241455078,156.8344353333875,144.814809122486,156.06208673846942,15159129
2020-09-22,143.8010711669922,147.56626422224466,141.43576607983928,146.64909217933229,12105412
2020-09-23,145.24923706054688,148.96615604065477,137.574055838954,144.81479561995158,23504074
2020-09-24,141.1944122314453,143.22182506883564,139.40835736368138,142.88391801883012,9215076
2020-09-25,146.11813354492188,147.71109039191344,143.07701402158887,144.4768874221758,11733841
2020-09-28,152.24864196777344,152.92444150368868,147.37320682863657,147.7111139622567,10507683
2020-09-29,149.4971466064453,153.45540884887254,147.71109156751163,153.02096740817382,8313533
2020-09-30,147.37318420410156,151.18665226745452,146.60085041380896,150.124671208818,9738929
2020-10-01,150.51083374023438,153.21404612185316,148.19380297388818,148.19380297388818,9336209
2020-10-05,153.74502563476562,156.2551543948005,151.37972049434117,151.5728039225005,8518857
2020-10-06,157.2688446044922,159.7789733410492,154.1794655888751,155.33798087831636,12822886
2020-10-07,153.21405029296875,157.9929355857351,151.6210934391542,157.02750361825412,6956925
2020-10-08,154.27601623535156,156.35168886955356,152.2486034097374,154.27601623535156,6656052
2020-10-09,151.57281494140625,157.02749952288332,150.4142995569084,153.98639479716113,13048412
2020-10-12,150.46258544921875,154.61393132918252,149.7385114378776,152.92442530271984,7747619
2020-10-13,149.73849487304688,153.93811483544818,149.2557789188866,150.65565223968704,6683490
2020-10-14,153.6002197265625,154.3725534541842,148.04898635418226,149.54539399994056,10159928
2020-10-15,150.07638549804688,155.2414520414412,149.014419249746,154.61391246936543,15676743
2020-10-16,156.93096923828125,158.5722006365041,148.435164979376,150.60738690590344,12349164
2020-10-19,159.0066375732422,162.0477570230644,156.15861629647966,158.52392160323762,12902014
2020-10-20,161.6615753173828,163.351081211449,157.60676411788842,158.4273871589638,15771594
2020-10-21,166.1508331298828,168.17823124750157,159.34453540137943,162.3856399434683,18718295
2020-10-22,166.53700256347656,169.0471313931939,164.8957712815791,167.74379243712494,15889305
2020-10-23,165.37850952148438,167.98517305363816,164.70271004741838,167.3576481272891,8487199
2020-10-26,160.4547882080078,166.9231793696472,158.86183137247096,166.9231793696472,9246577
2020-10-27,159.39280700683594,161.42020508712284,158.08946809489913,160.55132230004577,8439659
2020-10-28,150.60739135742188,160.26171131623096,149.83504281445252,159.44108822720293,15046056
2020-10-29,147.80764770507812,150.80047811918345,145.3940676624173,149.5454135507351,14280083
2020-10-30,152.827880859375,153.793312810816,147.2283725947527,147.8076376581463,15148639
2020-11-02,159.10317993164062,164.99230567786458,151.23490111450528,154.75873638531664,29960943
2020-11-03,157.992919921875,163.10971178849573,157.07576258996215,159.10317541319796,10843695
2020-11-04,157.17233276367188,158.95837312734844,154.51739475999946,157.99294112601302,8663963
2020-11-05,160.06861877441406,161.51676668600768,158.52392177618523,159.34454481861724,13322658
2020-11-06,162.09600830078125,163.39934724370278,159.0066292016698,159.9720610908497,10144658
2020-11-09,166.82664489746094,168.61268517677917,163.25454960750193,164.02688338703274,12011067
2020-11-10,174.2604522705078,175.66032553361885,166.05428138796313,168.5161355989908,15500699
2020-11-11,176.57749938964844,177.4463969914489,171.17108925862138,173.29503662192926,15718886
2020-11-12,176.33612060546875,179.32896521764556,173.00538368631769,175.70859579871598,13342624
2020-11-13,178.26699829101562,179.37725383877756,174.3087362543551,176.57749242954145,10070735
2020-11-14,178.21873474121094,180.34268197624183,176.67403780774026,179.47378442691894,1702545
2020-11-17,181.839111328125,184.10786754254983,177.63947650729853,179.0393498704666,13319247
2020-11-18,184.1561279296875,187.77649741716496,179.85995908414512,185.8456336905103,21293362
2020-11-19,178.5083465576172,193.90699664218647,176.38439939360387,183.3355058991571,32676477
2020-11-20,175.66033935546875,182.46663751045665,173.77775000995868,180.53577362145708,12984806
2020-11-23,179.66688537597656,180.92193508113115,174.8397257982375,177.5911979187556,11222797
2020-11-24,182.9493560791016,184.78367090715452,179.8117022149481,181.5012081418,11941881
2020-11-25,176.52923583984375,184.59058368718695,175.80516188599915,184.59058368718695,12845778
2020-11-26,178.07391357421875,180.0047774020364,173.439837441192,177.59119761726433,10173802
2020-11-27,180.72885131835935,183.3355145393732,177.63947214044217,177.63947214044217,16434212
2020-12-01,188.35577392578125,190.67280464668045,183.04589835334207,185.3629290742413,19225092
2020-12-02,193.90701293945312,195.30688631989037,187.29379819319533,188.0178721552824,16010211
2020-12-03,195.982666015625,197.86525518133357,192.2174876842079,195.01723416333127,14752672
2020-12-04,203.9957733154297,204.9129307186716,196.0309597539265,196.65848462684932,21352652
2020-12-07,200.9546661376953,203.99578579510668,198.5410861229196,203.70615324706893,9525344
2020-12-08,199.3616943359375,204.04404510754287,197.18947248481956,200.6167587961812,10544417
2020-12-09,204.86463928222656,206.5541450498979,199.2168716976608,200.71327930682705,12745554
2020-12-10,210.36761474609372,211.91231174932395,200.47193731816407,205.97491118509507,14237563
2020-12-11,211.2365264892578,213.84318996696976,205.44393443597647,210.8020850315264,21193126
2020-12-14,206.1197204589844,211.0916890880656,204.9612050701164,210.70552220221705,7492250
2020-12-15,207.1334228515625,207.80922225409188,200.23057573580405,206.11971638210736,12419020
2020-12-16,227.2626495361328,232.08980874234908,207.08512994667723,208.19537067157864,69126114
2020-12-17,226.20069885253903,229.386627093258,223.01477061182013,227.16613075994957,22292093
2020-12-18,223.4009552001953,226.15244224706447,220.40812488865444,225.8628097056062,9591145
2020-12-21,207.3747711181641,226.3937762398068,201.0994638876364,221.08390089089872,17768901
2020-12-22,211.7675018310547,214.132807136668,202.7407073038086,207.66441608800145,19728934
2020-12-23,220.9391021728516,222.53205895833247,210.1745273584166,212.82946515509957,17973779
2020-12-24,218.2841644287109,225.18699680921924,216.5463840151085,222.0493430487478,12434884
2020-12-28,225.13873291015625,230.73824129367316,222.7251529803061,223.01478551815268,27762006
2020-12-29,223.44923400878903,228.27639402077983,220.69776164074827,226.7317116557368,11576761
2020-12-30,227.7936553955078,228.80736184361092,220.6011906382494,224.4629182643019,9073150
2020-12-31,224.8008270263672,230.15896236303087,223.64229694472124,229.38662861702957,11989362
2021-01-01,230.11070251464844,232.1381006945524,224.46291992717775,224.8008269894894,10012441
2021-01-04,235.8550262451172,236.53082565787523,225.13872580237432,231.5588570518815,17172770
2021-01-05,233.3931579589844,238.41340080956277,231.2209362199659,233.5862413895217,17130907
2021-01-06,232.7173614501953,235.9515494626289,226.5385884777157,233.34488628999415,12995777
2021-01-07,236.91696166992188,240.68215458978,234.2137643711361,236.43424576209293,16159966
2021-01-08,239.7167510986328,243.72328771449028,237.3997056284836,239.3305694879469,15045597
2021-01-11,238.41342163085935,242.3234240488281,235.08268428641293,240.39256011218407,13389039
2021-01-12,258.30133056640625,268.72801427799163,236.53084984529625,236.72393330706845,55656650
2021-01-13,270.7554016113281,282.6302027870943,258.9771200602495,262.4043916907139,53194247
2021-01-14,271.8656311035156,275.9204274383092,267.521187518823,271.76908202021593,18052699
2021-01-15,269.7899475097656,276.98239725443483,265.2041461331603,271.86562013506904,18616023
2021-01-18,267.5694580078125,272.83107389987697,259.50809536418177,268.39008105464524,14493618
2021-01-19,279.0098571777344,289.1468935111815,269.0659190356976,269.8382528760441,45630675
2021-01-20,280.4096984863281,284.80240171070744,277.7547608432622,280.9889340383376,15773901
2021-01-21,272.9276123046875,287.6987087189591,269.5968604354676,283.5473632976692,16708249
2021-01-22,260.0873413085937,275.1480844555303,257.19104568274605,274.66536851788896,24757381
2021-01-25,260.61834716796875,269.1141359065998,256.32216352718297,264.6731433766888,19016825
2021-01-27,249.80552673339844,260.3287295032616,248.2608296610685,260.3287295032616,18254885
2021-01-28,251.97772216796875,253.7154877771734,242.85439379435832,243.53019316808476,18465673
2021-01-29,246.61956787109372,256.3221610961384,244.4956207065802,255.83944516187069,14687473
2021-02-01,271.91387939453125,279.68562359993786,246.18512603657103,249.56413757040636,34749840
2021-02-02,284.3197021484375,288.6641458145427,269.2106984021784,275.4377166460093,27644084
2021-02-03,279.927001953125,290.98117995556714,275.77562694592046,289.62958113612746,24568816
2021-02-04,294.2153625488281,301.5043613863918,275.8721570084582,277.07894684664046,43148676
2021-02-05,294.7463684082031,304.0145212049422,287.79527590763297,297.0151394283253,29462092
2021-02-08,302.2284851074219,307.87626837360096,298.8012131871037,305.1247811964729,24557444
2021-02-09,296.3875732421875,309.903618927499,293.6843758901818,303.6283120021758,21572096
2021-02-10,300.6354675292969,305.02820005617303,297.4012649894882,298.3184370178034,20575150
2021-02-11,298.94598388671875,304.5937664309788,297.7391940038702,300.6837789956069,13808073
2021-02-12,300.973388671875,305.46264102256765,297.93228414157625,301.2147466419406,16500467
2021-02-15,306.2832336425781,314.5376636152654,301.21471677378844,303.62829623511686,23007953
2021-02-16,307.9727783203125,316.85476364940405,304.5937666459517,307.9245185100219,19300639
2021-02-17,304.0144958496094,310.4346120167353,302.3732793164565,307.6831547041407,12470386
2021-02-18,295.6635131835937,306.3315236701406,294.16710555498696,305.9936460823307,13038811
2021-02-19,290.2088317871094,300.24931754229743,282.9198033460369,296.0979722037795,20551420
2021-02-22,283.9335327148437,293.9740187602683,281.0372369635111,289.62957513326927,11647381
2021-02-23,294.8429260253906,299.9597332876706,285.9609693295506,286.0574889591447,21574486
2021-02-24,302.3732604980469,305.07645783302985,296.4358311821328,296.773738214666,11726034
2021-02-25,303.8214416503906,307.9727871847511,302.51810264595133,306.0419233152542,10043934
2021-02-26,292.04315185546875,299.95970527760005,289.9191898750988,293.4912997159091,16598725
2021-03-01,296.6772155761719,299.95970765597843,291.5604382137692,295.2290677042492,8238981
2021-03-02,302.75946044921875,304.06279945288134,296.9185795698847,298.99428179847246,8429333
2021-03-03,312.9930419921875,317.2409365713162,304.15931630487523,305.3178464003849,20023351
2021-03-04,315.1169738769531,321.1992126714138,305.5592037286796,307.97278353696305,20355344
2021-03-05,307.1039123535156,313.37922009320886,301.6009383967266,311.40006689771843,15748456
2021-03-08,305.3178405761719,312.0758639248935,303.5317856557667,309.71054396778345,6273645
2021-03-09,300.6354675292969,310.2897858793876,297.88398090699275,308.26237313334025,7976670
2021-03-10,303.386962890625,305.4626355031557,300.7320252678749,303.5317717775193,4810951
2021-03-12,297.8357238769531,311.11041173208474,295.5669531510023,306.1384436279638,9498938
2021-03-15,293.732666015625,299.9597137770206,286.44366669659746,299.9597137770206,9489942
2021-03-16,293.6844177246094,296.1462574686302,291.17428870439176,295.2290853099935,5444765
2021-03-17,281.0854797363281,295.6152468857125,279.4925230621809,293.6843831685299,7754321
2021-03-18,278.2374572753906,288.0365841785839,273.024101971594,285.381646721615,10848676
2021-03-19,277.46514892578125,279.4443021892338,268.1487360848495,275.14811803485907,9077585
2021-03-22,282.1957397460937,283.74043671782147,274.42402453893186,278.9132770953249,8212537
2021-03-23,287.65045166015625,292.23625326917363,282.5336448188242,283.74043471593404,11946828
2021-03-24,274.32745361328125,287.1194255944601,273.1206638037361,284.8023950526618,7392963
2021-03-25,267.4245910644531,275.8238589587531,260.6665689075897,275.1480449580113,10184085
2021-03-26,269.548583984375,274.47226284340377,267.47288193923094,273.02411507012664,7720066
2021-03-30,269.6451110839844,274.61710881369595,265.0110498659215,272.203529124571,7730360
2021-03-31,277.127197265625,278.3822763323961,264.57658337376347,268.727957954041,8921131
2021-04-01,281.7130126953125,283.4508077685963,273.6999398224291,278.1409323928525,7372090
2021-04-05,267.18328857421875,279.00982980288785,262.74229577133246,279.00982980288785,10716857
2021-04-06,269.16241455078125,274.61712861156246,266.2178589028252,269.9347777845685,8462492
2021-04-07,273.31378173828125,275.6308124477652,268.9210488360457,270.2726770906684,7382197
2021-04-08,270.7554016113281,277.17551817322845,269.88648928798114,275.14810518982705,6174083
2021-04-09,269.8865051269531,275.1481213375903,268.4866463977358,269.8865051269531,7211615
2021-04-12,238.0755157470703,263.4181034748956,235.56538687959505,261.632048542501,18657763
2021-04-13,246.86094665527344,249.5641590613905,237.59280877457235,240.00638864944077,16183485
2021-04-15,239.42710876464844,249.8537613935356,237.4962449842884,247.24711296763536,10700910
2021-04-16,243.7232818603516,246.04032727484628,237.93069042109747,240.77871159913303,9010453
2021-04-19,228.61427307128903,236.33772814308043,226.9247672743347,235.565379689637,12812162
2021-04-20,226.2972412109375,233.1035393452542,224.02848498704685,231.7036659762455,12162782
2021-04-22,238.4616851806641,240.19946558978356,223.8353974274963,225.5249032941609,12569022
2021-04-23,233.5862579345703,239.76503126866177,230.7382366212834,235.5653963832349,7740849
2021-04-26,238.26858520507807,239.62018391207295,234.26203416055583,234.64821574206945,5940387
2021-04-27,244.9300842285156,245.7989818274877,237.7376191044131,238.46169307122855,10632521
2021-04-28,242.2268524169922,247.9228946074695,241.06833710908575,246.6678449505084,5698980
2021-04-29,240.68215942382807,245.7024020198156,239.04092825051,244.25425426724303,5746596
2021-04-30,238.75131225585935,245.7024190023936,234.74476102468935,236.72389936959777,6442696
2021-05-03,239.2823028564453,240.34426911008845,233.39316236040688,235.56538414039,6028248
2021-05-04,237.3997039794922,245.6058753252107,236.5308211412979,241.84069671793927,6949282
2021-05-05,239.861572265625,244.73700670643595,238.2686153926093,240.1994793508455,4866052
2021-05-06,241.84068298339844,242.66130596389456,236.67561659601492,241.35796704929984,3591055
2021-05-07,249.03317260742188,253.42587600647664,241.5993351261744,244.01291489766464,17385575
2021-05-10,256.90142822265625,257.91511990789843,250.77092991450837,251.3019056615128,10608802
2021-05-11,256.3221740722656,262.30786374526315,252.94316236133184,254.82576638533823,9244129
2021-05-12,256.1290588378906,261.6320321855211,254.005126438693,259.7011684793549,7118778
2021-05-14,241.88897705078125,259.79774259787905,241.35798653414165,258.6875017523509,9188880
2021-05-17,250.2882232666016,252.2673469017814,241.74414495012127,244.15772473089856,8266248
2021-05-18,252.8466033935547,256.2256149724065,251.7363626244605,252.94315247405044,6221518
2021-05-19,255.8877410888672,258.54267910208466,252.07430234747005,253.0397343522764,6331207
2021-05-20,258.10821533203125,259.8459809062079,252.36388394284097,254.92227249585085,7035433
2021-05-21,259.1219177246094,266.4109462938103,257.9151278418917,260.5700655838706,11798677
2021-05-24,267.472900390625,269.210695516023,258.3495864672,261.5355000031305,11223254
2021-05-25,269.35552978515625,274.6171460050863,267.90738177555863,270.3692216068159,12889490
2021-05-26,281.1337890625,282.7267458502864,268.727982902062,270.3209396898484,17184211
2021-05-27,273.6033935546875,282.195731540353,272.10698590028403,281.7613048645471,9088297
2021-05-28,276.40313720703125,278.6236482226604,273.6999397109922,276.1135194262567,6276190
2021-05-31,278.4788513183594,280.6027838816231,274.4722852484582,276.4031491037766,9776560
2021-06-01,277.3686218261719,279.9753001992937,270.75543571916955,279.9753001992937,5328784
2021-06-02,280.8441467285156,282.53365263118604,271.62428344471493,271.62428344471493,9157000
2021-06-03,287.3608093261719,292.52587606674393,281.9061247903935,283.45082177766426,12795761
2021-06-04,286.6849975585937,291.89832361816883,283.49905479916777,288.56757197482386,7966626
2021-06-07,288.32623291015625,293.6843976674508,285.9609424174207,288.4710418035656,5565442
2021-06-08,293.9257507324219,296.0014234036536,286.3953643118915,288.76068422774546,8230268
2021-06-09,287.55389404296875,297.3530218241919,284.60930910381217,296.242781044325,7726753
2021-06-10,302.8077087402344,306.09017129900934,288.1814213865129,289.3399514485009,13347991
2021-06-11,299.3321228027344,305.65571887590033,298.366690986615,305.65571887590033,11748668
2021-06-14,288.8572082519531,303.145587201222,280.6027486298769,303.09732739595955,22458184
2021-06-15,298.1253662109375,300.1527791429468,289.82267523841824,290.88462678422127,10001848
2021-06-16,295.5187072753906,301.1182004495644,293.877461278145,297.304762163536,11292445
2021-06-17,286.6366882324219,295.71174102892905,284.56101580777687,292.4775681513527,6906253
2021-06-18,284.6575927734375,288.8089380295469,272.7345032859311,288.5675800620372,12563202
2021-06-21,292.13970947265625,293.6844064614449,277.22377428934016,278.18920622450247,8469243
2021-06-22,286.5401611328125,295.27733704795395,285.3816605910532,294.4567140833899,6275951
2021-06-23,282.9197998046875,290.20882815452217,282.0992062792505,288.1814153200435,5070124
2021-06-24,280.21661376953125,285.2368715204857,278.3822990206746,284.995513541356,3432955
2021-06-25,283.74041748046875,286.15399712807846,280.216597087487,280.9406709817699,4304141
2021-06-28,283.40252685546875,286.9263769152378,282.09921734036936,284.3196989597513,3238770
2021-06-29,277.2720642089844,286.1057605437498,275.14810216162624,283.25772454333475,7969215
2021-06-30,271.3829345703125,279.0581011082653,270.7071204014959,279.0098412944837,7442177
2021-07-01,270.56231689453125,276.0652910571057,269.7899830827455,272.8310879777908,4909910
2021-07-02,274.037841796875,275.9204162630749,270.94844803227284,273.2172188160298,4885936
2021-07-05,283.54736328125,284.31969702291013,274.6653779389404,276.0652659911734,7189626
2021-07-06,280.8441467285156,286.3953804087185,279.5408077110695,284.5128057947583,5099406
2021-07-07,284.70587158203125,288.18143243864426,279.7821628237165,280.5545260488774,7795807
2021-07-08,277.89959716796875,288.37453988640897,277.0789741047462,285.6713127053608,6407941
2021-07-09,289.96746826171875,293.49128869729924,277.3685646713051,279.87869342769204,13119855
2021-07-12,300.2010498046875,302.1801733402295,290.3536330098212,292.47759489503306,23057943
2021-07-13,303.3387145996094,307.68315814723985,300.68377687605744,303.09735662474105,16548982
2021-07-14,301.02166748046875,304.78687562125657,299.6218088433185,302.95253136286465,6841291
2021-07-15,311.4483337402344,312.799932494286,299.62179308265723,301.2147498093124,12763481
2021-07-16,319.3648681640625,325.0126508029709,310.00019619380595,313.6688257140889,29757038
2021-07-19,319.79931640625,327.0883154555087,313.23439128093,314.63424985629206,23622887
2021-07-20,311.2552185058594,322.1163266773292,309.7105216733887,321.8749687179632,11504064
2021-07-22,319.07525634765625,323.1783420949408,314.7308126152373,316.372058699209,9250040
2021-07-23,322.5990600585937,323.9023990022492,313.76536416015193,320.4751275787878,11705345
2021-07-26,322.406005859375,329.3088382888445,320.66821070212444,322.5990745684177,11540718
2021-07-27,325.3505249023437,332.6395233932893,317.2891632741046,326.3159567269798,27226565
2021-07-28,320.5716247558594,327.76410361584374,315.116940853308,326.94348067449823,12956787
2021-07-29,328.2950744628906,329.88806051590007,320.71645834164485,324.19198927967113,13771413
2021-07-30,325.97808837890625,332.59130305496643,324.6264895565529,327.0883292164592,9615942
2021-08-02,339.6872253417969,342.63178089884605,326.2677276096423,328.2468512512467,20614630
2021-08-03,342.8731384277344,344.56264427754564,338.4321457299875,341.71463780830726,14244303
2021-08-04,338.3356628417969,346.83145282389256,334.47393476581755,343.69379876215936,8722938
2021-08-05,338.9148254394531,341.61805218762186,333.7497888211278,339.1561833921839,9899381
2021-08-06,330.9500732421875,341.03884928784896,329.2123074512569,337.80464624000683,4741644
2021-08-09,330.4190673828125,337.46670845939,327.4262226038361,333.07400510466124,6125876
2021-08-10,322.69561767578125,333.7980847012756,318.7856302040343,331.62586289193973,6133189
2021-08-11,320.0889587402344,324.5782409830778,311.8345271593109,323.80587772738687,9652285
2021-08-12,322.5025329589844,326.6539080453408,317.6271133686273,321.2474832018564,6584207
2021-08-13,321.1026611328125,326.89525262842795,317.91671813263764,323.3231427544075,5586335
2021-08-16,318.254638671875,326.3160014038179,316.80649073665097,321.00612564132973,5652582
2021-08-17,314.1033020019531,321.5371106038877,309.6140491672384,318.20638793545567,6982467
2021-08-18,315.7927551269531,321.3922479140754,312.79991058377766,315.69620605214595,6497642
2021-08-20,298.3184814453125,314.10330019101593,295.9049014983439,309.9036651907615,7814607
2021-08-23,297.9297790527344,307.404062444573,295.6462278940413,305.02333321761114,6842918
2021-08-24,306.2865905761719,307.4526384384258,297.63824657789365,299.48454092198284,7875017
2021-08-25,298.6099548339844,308.6672765973176,294.43156494901586,305.8978648574749,10506390
2021-08-26,298.8528747558594,302.691185763001,296.61792762168875,300.2618825064761,8282325
2021-08-27,302.9826965332031,305.41199983977015,299.53309769971054,300.26188869168067,7456521
2021-08-30,310.7564697265625,311.82536912135384,303.22562941289755,303.22562941289755,6860250
2021-08-31,311.4852600097656,314.7405323913756,308.618699883247,310.0762818760949,9726975
2021-09-01,323.4374694824219,325.5266645328353,310.2220526928588,313.5258994766037,14296207
2021-09-02,329.3163452148437,331.4541439533969,321.6883270192648,325.28370771921846,12204919
2021-09-03,333.9806213378906,336.79860716571926,328.83048067571224,331.2112097130357,10190223
2021-09-06,335.729736328125,338.9364050158802,331.8914250205722,335.00094529412763,8448657
2021-09-07,326.54693603515625,337.8675130782674,324.84642373395184,337.8675130782674,7523534
2021-09-08,325.2351379394531,327.9559457759096,320.2793532723676,327.3243328482945,5673475
2021-09-09,323.53466796875,325.04082435129413,320.3765732627957,322.3200161587676,3618505
2021-09-13,330.0451354980469,331.5998955178379,322.8544037679169,324.0690553998504,6333561
2021-09-14,332.6202087402344,335.2438682667638,331.3569828375839,331.3569828375839,6832136
2021-09-15,332.7659912109375,335.6811552875832,331.4541614455304,332.7659912109375,3455110
2021-09-16,332.7173767089844,334.85517549198454,329.9965688529673,334.2721367643862,3236430
2021-09-17,325.28369140625,338.74203677249545,322.5142798875587,333.1546395340012,9901964
2021-09-20,313.8659973144531,327.9073827403537,311.0480113190169,319.6963254379414,5888573
2021-09-21,321.3482666015625,324.1662526233076,310.51354968059377,315.1778300156799,12090071
2021-09-22,358.6137390136719,363.18084105058864,321.6883290874582,323.4374452451328,42525950
2021-09-23,390.4862365722656,401.1265677294296,359.53690515689726,361.6747040223659,76461998
2021-09-24,398.8430786132813,406.4710682261922,386.4536302003663,392.9641460834216,43795780
2021-09-27,408.1229553222656,415.7995478366967,400.1548286184269,402.4383796565035,32580196
2021-09-28,398.4543762207031,407.685730169695,385.7734229210276,407.1512952239561,21272633
2021-09-29,399.2317199707031,408.9975076125818,393.5471441794173,393.7415003099807,17273596
2021-09-30,405.4021301269531,408.9003030134387,396.60803474480105,401.22371082763743,12248397
2021-10-01,405.4021301269531,410.8923494314109,399.52319858659246,407.1512165701959,11265711
2021-10-04,412.3985290527344,419.4435087384824,402.8270679625604,405.4021532265337,13898131
2021-10-05,403.8959655761719,411.76691429358505,401.7581964392551,409.5805412973359,6736683
2021-10-06,396.5594787597656,407.5885217321116,394.8589664406024,404.0903190303453,7205982
2021-10-07,410.64947509765625,416.77130813821367,402.438417295314,402.438417295314,16871779
2021-10-08,404.09033203125,413.3702591239877,400.83505955606006,411.9612809498128,7456612
2021-10-11,412.8357849121094,425.5167355445804,404.2360457954019,406.1794883232644,13587772
2021-10-12,416.8684387207031,420.1237110145898,407.6856605513868,414.2447793424468,9631321
2021-10-13,415.4108581542969,423.4761331291445,413.9532761958607,419.5892479066481,6351171
2021-10-14,422.60162353515625,432.22165929592535,417.2571559286642,418.3260553808792,12094977
2021-10-18,429.2579040527344,436.98310060549926,416.8684569069,417.1599614484985,8330640
2021-10-19,402.7299499511719,432.3674529351864,398.69728237886005,430.4725843251945,8662895
2021-10-20,401.2723693847656,408.5116761193086,393.8386768511929,405.1106511736003,9537787
2021-10-21,395.5877685546875,405.2078040140322,386.89085058751743,403.264361308929,10677501
2021-10-22,401.9525146484375,406.665368941036,395.2962177324649,399.377459103383,8070605
2021-10-25,389.8059997558594,403.16716784309153,380.4288949928273,403.16716784309153,7158126
2021-10-26,404.09033203125,405.3535579328664,390.9720937185062,391.6037066693144,5111958
2021-10-27,402.6813049316406,410.7466095973603,400.3491797185652,404.04170883471954,6585855
2021-10-28,385.3360900878906,403.2643608854754,383.052568635458,402.77850020970976,7192680
2021-10-29,387.328125,398.2113860170197,377.2222291789884,391.50651482406073,15011614
2021-11-01,397.2882690429688,403.2643492515636,391.652267573933,392.9155230872289,12418986
2021-11-02,417.8887634277344,419.6864538936717,399.5232354603302,400.3492045559861,19028658
2021-11-03,417.5000915527344,422.5044508075288,410.3579333664823,419.637890484192,11101084
2021-11-04,417.5000915527344,417.5000915527344,417.5000915527344,417.5000915527344,0
2021-11-08,429.6951904296875,431.4442769880766,415.6052309334552,422.84453715773566,7938150
2021-11-09,425.0309143066406,429.8409468707504,420.80392048584446,429.8409468707504,5558139
2021-11-10,422.212890625,426.39128021239134,417.8401449223245,422.6501770570994,4563617
2021-11-11,404.236083984375,425.66252801642537,402.4869974058909,422.2129290654109,8079167
2021-11-12,416.23681640625,417.06278542553775,406.5196036018766,406.6653558630262,5871736
2021-11-15,412.0584411621094,419.2005992678308,408.36591176349935,418.326055952853,3385226
2021-11-16,411.81549072265625,419.39493494334073,409.8234738438136,413.07874625339457,4307994
2021-11-17,406.1309509277344,414.584908897333,403.847399819632,409.5319756597135,3311849
2021-11-18,404.1388854980469,410.11496560292807,393.83863371681326,405.2077848662601,6773134
2021-11-22,389.1258239746094,405.6936610240585,383.149713986757,405.3049784174668,5824237
2021-11-23,396.4137573242188,398.7944569634647,385.4332877022616,388.5428080467024,5107281
2021-11-24,392.0895385742188,401.0293862598001,389.66023536124345,398.3571527255272,3762561
2021-11-25,395.7335205078125,397.0453502636167,387.7168193557205,393.5471474663328,4585718
2021-11-26,366.1932067871094,390.4376373461229,364.39551630906806,388.7371249366806,11874170
2021-11-29,364.249755859375,372.4607835165268,352.83202993791474,365.5129817590653,9038035
2021-11-30,364.2011413574219,379.70010837893193,361.48033350470297,367.31066146445625,9984396
2021-12-01,372.2664794921875,374.8901095162353,364.7356385365627,369.2541371790208,7479832
2021-12-02,374.1612854003906,376.0561538513969,366.9219793011682,372.1206943357149,4819894
2021-12-03,375.27880859375,378.7284076288569,372.0235360417772,374.112731076613,4410427
2021-12-06,365.8531188964844,379.45721893513183,364.3955367494864,375.2788286422383,6437207
2021-12-07,380.1374206542969,381.88650729917725,368.1852297323359,369.4484853354904,5299980
2021-12-08,386.45361328125,387.5224830993515,381.8865108318599,383.927131706153,4391196
2021-12-09,387.328125,389.6602502426056,381.4006190030491,386.7450862757033,3237488
2021-12-10,407.2484130859375,410.06639899646615,384.4615361613866,386.74508720519793,13250517
2021-12-13,402.4869689941406,411.5239651026863,400.6406748249153,409.0460876823181,6510329
2021-12-14,405.2077941894531,408.6573930455403,393.9358208422355,398.64867521876056,5058088
2021-12-15,399.3775024414063,406.519660788246,397.0939511802283,404.7219702356343,3224926
2021-12-16,393.6929016113281,402.827076430497,391.60370662600167,401.32092018992233,4319280
2021-12-17,379.1656799316406,395.3934085683271,378.048176663433,392.9641052106271,4920357
2021-12-20,356.3302001953125,374.7443003979818,351.3258119504668,373.3838965561493,8769978
2021-12-21,362.3548889160156,370.565946263117,358.3222512062382,361.4803456236491,5075432
2021-12-22,366.5818786621094,369.7399730442216,361.4803415833126,366.3389483250238,3998066
2021-12-23,372.8494567871094,377.90238951198353,369.4970066010864,370.6144801115676,5739918
2021-12-24,368.8654479980469,375.861824259257,364.68702820084815,375.861824259257,4499625
2021-12-27,371.7806091308594,373.5296957681371,358.7109445951127,367.5536151604243,4183245
2021-12-28,374.89007568359375,378.9713171143501,372.1692678328105,374.6957492111558,3818062
2021-12-29,374.7929382324219,377.999606839925,370.4201921378726,375.1816208432431,3119708
2021-12-30,368.4767150878906,374.35561687193865,366.4360945030329,371.8777395111269,2569747
2021-12-31,379.4085998535156,380.7203999070021,370.7116822098274,371.0517906014866,3949389
2022-01-03,383.5870056152344,386.5021696857745,379.457189848636,380.914771883906,3274712
2022-01-04,383.2955017089844,389.1744040658744,379.6515466147346,385.0931624984816,4091503
2022-01-05,390.6805114746094,392.7211320032282,380.2345081768436,383.2954537970612,4327617
2022-01-06,387.6682434082031,389.5145080373521,379.94304683451753,388.49418282982987,5282381
2022-01-07,389.2715759277344,394.9561517150696,384.89882988433527,388.5913591258173,5075140
2022-01-10,396.4137573242188,400.0577125772741,393.69291960918713,393.69291960918713,6298597
2022-01-11,397.2882690429688,404.2360705750614,396.0250135296729,396.94816064882826,4585662
2022-01-12,405.74224853515625,414.7306712597932,400.3492067622073,409.0946991429351,12818775
2022-01-13,399.1831359863281,407.92862851464713,397.9199100385154,407.92862851464713,4584953
2022-01-14,405.54791259765625,407.1512468991589,393.6443260236355,396.4623120163648,5761279
2022-01-17,411.81549072265625,412.9815681887868,401.51526827502494,405.4507278276971,4584613
2022-01-18,392.4782409667969,417.7429956569195,379.70011135251656,414.827831654213,9435830
2022-01-19,396.7052307128906,400.20343341188135,387.3281258627184,392.478237020551,6237382
2022-01-20,396.3165588378906,398.7458622147876,391.943812759476,396.8509937189751,4572029
2022-01-21,383.9271240234375,394.2273766052797,379.36002166543904,391.4579647351992,6994687
2022-01-24,361.4803466796875,383.4412553927571,355.2127320326825,382.85821664461525,7007990
2022-01-25,369.4970397949219,371.8777689414293,352.88059893831667,359.4397179879307,7324240
2022-01-27,363.5695495605469,366.6790698483395,351.7631406866492,362.4520759008844,7134303
2022-01-28,367.6507873535156,378.4854747300181,365.5615923327774,365.8530968828031,5280455
2022-01-31,379.8458557128906,381.1091112138433,370.8088593544944,370.8088593544944,4205414
2022-02-01,393.352783203125,396.4623033263407,374.1612869024014,383.6355698863029,11931399
2022-02-02,388.251220703125,397.4339985460327,385.96769944736775,396.462277278194,5265147
2022-02-03,391.8466491699219,398.1628381832002,387.47390292995993,389.0772372870293,8273002
2022-02-04,388.2026672363281,395.733507464317,385.3846813399969,393.5471344949008,4128681
2022-02-07,376.201904296875,390.1946854182129,374.5013919814969,388.4941731028348,4851736
2022-02-08,373.6754150390625,380.8175725438223,365.755892354084,377.8052305749585,5011220
2022-02-09,375.424560546875,380.5746719915373,374.30708689241993,376.54203420133007,3351979
2022-02-10,380.08880615234375,383.44125672486905,371.1975615896854,377.8052550126949,4747069
2022-02-11,367.8937377929688,377.7567043353741,366.4361556540541,375.5703311270022,4872433
2022-02-14,345.0096435546875,361.2859757000944,342.4345879820021,359.3911369147212,7374254
2022-02-15,361.04302978515625,362.6949678232765,337.9160751789535,347.8762183006912,10050051
2022-02-16,357.4477233886719,365.4644249491625,356.1358935660385,364.0068428472552,6547019
2022-02-17,355.2613220214844,360.4114331773761,352.15180192253524,360.4114331773761,4698952
2022-02-18,349.4795837402344,356.6217417192059,347.5361410060698,353.2207169344178,3470414
2022-02-21,336.7014465332031,347.681885885873,334.66082577481274,345.93279932415675,7926195
2022-02-22,315.1778564453125,328.7819566679163,314.1089569254766,321.6397981201323,19176808
2022-02-23,334.46649169921875,335.68114335464213,319.64774150305334,320.8137892995109,16434369
2022-02-24,311.4366760253906,329.850806485292,309.0559469833331,316.2952825156464,15926498
2022-02-25,338.9363708496094,341.5600301693568,320.81377489529496,325.5266290376516,16385276
2022-02-28,340.83123779296875,342.4345719685628,330.4824121273199,331.93999404232903,8850697
2022-03-02,337.0415344238281,340.58831119148243,330.4824157346912,336.6042479827202,6854294
2022-03-03,329.4621276855469,344.183730569051,326.9842499858236,343.01765303119083,7492305
2022-03-04,318.3359375,326.83849977481526,317.41279030547224,325.4294918788695,7924031
2022-03-07,304.7318420410156,311.4367138816539,297.34675334722647,309.4446968403444,11047929
2022-03-08,320.27935791015625,321.9798702462111,303.274234549608,305.12049915497977,14780062
2022-03-09,329.60791015625,332.5230743510709,319.69634003202543,321.9798912488852,6387930
2022-03-10,344.6209716796875,350.49990365414885,336.89580472126164,339.227930035983,11010864
2022-03-11,343.7464294433594,346.8073457816912,339.27650527798505,342.09449127748763,3891664
2022-03-14,333.6891174316406,345.9328128045148,331.35699204027964,343.74643968987954,10079369
2022-03-15,331.5027160644531,343.4549058652421,325.9153185810196,337.1872916089496,8151180
2022-03-16,345.4469299316406,346.32147319042474,336.7014380346371,337.9646638912606,6167428
2022-03-17,352.7834167480469,354.6297109974215,347.24462296366784,348.3620965614704,8990234
2022-03-21,343.8921813964844,355.65001571582,342.8232819757116,354.6297201555174,4873329
2022-03-22,348.50787353515625,350.6456724730398,335.43823852205486,343.5035142653194,5561409
2022-03-23,346.8559265136719,356.86464394421665,345.592671043245,351.3258207264089,7304162
2022-03-24,346.51580810546875,351.0343060447482,342.0458843674778,344.0865049494497,4111307
2022-03-25,354.77545166015625,355.64999489701967,346.02995998236065,346.9045032192241,9141134
2022-03-28,353.51220703125,358.4194175271602,346.12714866698934,358.4194175271602,5946994
2022-03-29,362.4034729003906,363.0350858183149,354.2409902070949,355.3098895745104,9088475
2022-03-30,372.0235290527344,376.49345324500746,363.9582239623197,365.3186575916161,10688708
2022-03-31,369.69140625,374.8900918441855,367.74796351435447,371.8777793276012,5537751
2022-04-01,375.0358581542969,376.7363704771672,368.1366307991637,369.25410439470505,3250273
2022-04-04,376.34765625,379.3599982799266,372.9466316220852,376.0075775108736,3264802
2022-04-05,383.0525817871094,385.3847071799387,374.6471680841083,377.9996187238264,10310506
2022-04-06,386.7936401367188,391.99235486851967,379.2142260832418,379.9430170366369,8671174
2022-04-07,389.9031982421875,395.97645678178543,386.1620650508786,392.47825393206045,8931310
2022-04-08,384.8988342285156,393.5471483477093,383.8299348082597,392.2353185889672,6519357
2022-04-11,391.798095703125,393.4500043551414,381.98370324741376,381.98370324741376,7340278
2022-04-12,382.4209289550781,392.4782509511834,377.75667829392506,391.60370765904,4854926
2022-04-13,380.2345581054688,388.10550708963126,378.6312237847981,383.8299390163154,2465488
2022-04-18,377.8538513183594,379.5543636738384,368.5253204659579,374.9386872803953,4551203
2022-04-19,367.1163024902344,380.6718267533674,361.4803307013469,379.0684925077857,3938936
2022-04-20,367.0191345214844,371.9263150595234,363.0350713946336,368.282360307144,3247779
2022-04-21,378.8255615234375,379.79728284084814,368.4767354239309,369.2541006160269,3935746
2022-04-22,368.9625854492188,377.9995815788607,367.7479338374615,376.4448215848953,2971828
2022-04-25,353.7065734863281,365.0757252102216,350.88858748562274,364.39550839937647,4987646
2022-04-26,368.0880126953125,371.8291455917645,356.7674656006459,358.5651559175987,5510832
2022-04-27,365.1242980957031,367.2134930720542,357.9335660202105,364.3955070815401,3787448
2022-04-28,368.91400146484375,370.225831207124,360.50861778961416,370.225831207124,3951298
2022-04-29,361.3345947265625,375.4731286949746,357.8363918891936,371.197560629116,4463995
2022-05-02,357.1561584472656,361.18882563925536,353.90091575674074,357.10758424321466,3606478
2022-05-04,338.5477294921875,362.2577256976765,336.79864283576154,359.63409571303754,6741897
2022-05-05,330.38525390625,342.3860183246434,328.29605896687684,339.13074592141544,8172183
2022-05-06,319.8420715332031,327.42151574011024,317.0726597971136,318.77317213362346,10554131
2022-05-09,317.947265625,323.2431296568495,315.1778536023195,319.84210463187674,5588545
2022-05-10,309.2017517089844,328.9276836526106,307.5498135186152,319.6477564335503,7809598
2022-05-11,317.02410888671875,319.01612590831127,304.7318390247865,312.9914709804558,9584712
2022-05-12,313.0886535644531,316.48967853639346,306.96679082221,314.83774025961725,7826298
2022-05-13,309.8819274902344,323.38884810229075,308.2785932200065,318.82177562511373,5040759
2022-05-16,318.0929870605469,322.1256246967237,308.57010012140887,311.92255061130714,4588718
2022-05-17,324.652099609375,326.78986872501474,314.4490257284297,319.064702007905,5294509
2022-05-18,315.7608642578125,335.14668737997255,314.49760871120947,327.66445078451125,15907792
2022-05-19,311.53387451171875,316.58680780013003,300.3104749906215,308.0356716784601,10108593
2022-05-20,322.1256103515625,326.9842168425363,313.86597931690704,316.7811432114913,8095291
2022-05-23,321.5425720214844,330.3366675732815,319.69630748364995,325.089348833168,6456879
2022-05-24,315.32354736328125,324.31196897533164,313.9631435366976,322.0770219498428,3843952
2022-05-25,303.1770935058594,319.5020020635715,299.0472773282956,317.55855915648266,7080643
2022-05-26,310.8050842285156,319.8906849134811,293.751356496348,301.7194835435501,8037300
2022-05-27,315.37213134765625,320.47366809653874,310.1248423368646,314.83769650246256,5042715
2022-05-30,337.0415344238281,338.01325571110766,317.947217059701,320.0849860989679,9568306
2022-05-31,335.7783203125,340.3939969955504,332.6688296029848,335.7297461039857,10568070
2022-06-01,327.4700927734375,338.98499662531896,324.16624613631325,336.60426747180986,5551017
2022-06-02,330.628173828125,331.7942512552586,325.08935053111173,326.8870408752006,4326789
2022-06-03,321.2996520996094,333.7862771313642,320.27935656409727,332.5716254678585,5573119
2022-06-06,317.6071472167969,321.1053502063925,313.91458808433003,320.4737075693528,4693011
2022-06-07,309.7361755371094,316.58679908715624,306.1893985952086,316.58679908715624,5097864
2022-06-08,316.9755249023437,322.22281440496107,307.25831113654027,310.4649798174222,9732471
2022-06-09,315.6636962890625,317.752891325577,312.0197411133105,315.2750136678989,3304352
2022-06-10,312.991455078125,316.6839843735705,310.36779555191,312.8457028054647,3525590
2022-06-13,298.9986572265625,306.7724276617846,296.3749978428427,306.0922108868703,7361749
2022-06-14,304.9747314453125,310.2705946595852,295.45184505278394,298.3184347074071,6307163
2022-06-15,308.1814270019531,310.56215622366494,303.857284692066,306.8695972196748,4024438
2022-06-16,295.4518737792969,313.5258973814025,294.0914697779735,312.1169191729038,6574807
2022-06-17,293.4598693847656,301.2336407591965,289.57298369755017,293.4598693847656,7782354
2022-06-20,290.058837890625,297.6382529485465,286.36630843257785,296.37502699042085,7708600
2022-06-21,306.1894226074219,308.2300435019079,292.4881447782546,293.9943011038173,5336496
2022-06-22,295.6947937011719,305.5577890859105,294.6744981497903,305.5577890859105,4354021
2022-06-23,304.5374450683594,306.480887640148,294.9174102689218,298.0269302456157,6769260
2022-06-24,306.8695678710937,311.1451652199157,305.55776786885707,308.42432784752174,3572017
2022-06-27,309.0559387207031,313.3315360414843,306.0922007027151,312.8942496072199,3334788
2022-06-28,310.3677978515625,310.9508366011061,301.7194836395108,306.9667730762379,5140316
2022-06-29,309.54180908203125,310.22202585568493,304.3431238367752,306.0922103196265,3164135
2022-06-30,303.8572692871094,312.35983085561327,299.3873452744653,307.7441545755683,5228785
2022-07-01,314.01171875,315.226370323112,300.69915530144004,301.6222727042576,5557896
2022-07-04,315.5665283203125,317.60714921496344,311.97114723666164,313.96319392258107,4171008
2022-07-05,312.991455078125,320.47369173565033,312.0197337209465,315.8094410830263,4164243
2022-07-06,320.27935791015625,321.15390118063954,312.4084091666433,312.4084091666433,4031342
2022-07-07,327.3729248046875,328.15031969624545,320.8138055334933,322.61149600540386,5330866
2022-07-08,330.77392578125,331.94000320728503,325.2837063473784,330.2880651294989,3635774
2022-07-11,336.3613586425781,337.9646930310208,326.69274844888827,327.0328272172065,4251298
2022-07-12,336.9929504394531,340.6855093416167,332.62020438883087,333.30042119187164,4041343
2022-07-13,337.6246032714844,343.94079220273414,335.09812176806787,337.1873167913339,5397952
2022-07-14,338.6934814453125,342.2402882720381,334.5150912953235,339.13076793629017,4920704
2022-07-15,343.6492614746094,344.9610912737501,339.2765152471957,340.1996624237052,4400222
2022-07-18,343.21197509765625,347.3903648267471,340.29681119701223,347.00168223757737,2406259
2022-07-19,349.6739196777344,351.18007584788074,341.8515453318056,342.9690485630676,5148307
2022-07-20,346.32147216796875,354.3867769085872,342.19165656213187,353.70656012344034,5343868
2022-07-21,350.4027099609375,351.18007514631535,346.3700724594505,346.71015119394025,3358877
2022-07-22,349.9654541015625,353.1235486319125,347.8762590354784,350.3055625203631,3247918
2022-07-25,347.2445983886719,350.548444743628,343.5034656046362,348.7507544806935,2303596
2022-07-26,350.5970458984375,352.1032317608329,344.2808572192752,347.24462508455423,3466646
2022-07-27,358.2250671386719,359.0510362110752,348.5564575693096,348.5564575693096,5478661
2022-07-28,371.1975708007813,373.1410135798429,360.9944962107074,361.4317826978297,8480197
2022-07-29,375.0358581542969,385.62761469154447,372.8980593722844,375.0358581542969,8223276
2022-08-01,373.3839416503906,376.9307187696338,366.0474570660028,374.1127326880947,7429671
2022-08-02,368.87884521484375,378.0359393608866,367.4587799557026,376.3220458534215,4448690
2022-08-03,364.5206604003906,371.13139220319886,360.8969880496054,370.2989237022964,3183672
2022-08-04,360.0155639648437,368.1932900436093,353.35584582992783,366.6752522118301,4037919
2022-08-05,360.21142578125,365.1572505671047,358.74237424072624,362.0722483095908,4186137
2022-08-08,362.6598510742188,364.9124147400789,357.46921416615635,358.9382657312228,3666894
2022-08-10,360.8970031738281,367.5077352536744,360.3093765669223,362.4639974962667,3769700
2022-08-11,364.8634033203125,367.8504925632031,362.7577688661648,364.22682033016486,3888072
2022-08-12,365.2062072753906,369.22162080014,364.3737387575391,365.1082645283616,3215823
2022-08-16,371.3272705078125,374.4612592129607,366.5773310185444,368.1443253711184,3839161
2022-08-17,372.5024719238281,378.5255766747017,371.1803196887761,373.2369976224207,6384327
2022-08-18,381.1209716796875,381.9044838489265,371.37628004623934,372.6984026599512,5188764
2022-08-19,365.9897155761719,382.9327645593015,363.34541087340375,382.9327645593015,6322982
2022-08-22,357.2732849121094,364.5695854135007,355.75527710263026,364.3247435159765,3796813
2022-08-23,360.6031799316406,361.97428866118975,352.67029600563177,353.6496636535852,2553978
2022-08-24,364.3737487792969,365.6469447498321,360.4073214629343,363.1495391275885,3120328
2022-08-25,368.9278259277344,375.2937160015906,365.3531098989938,366.2345647426413,4424052
2022-08-26,372.1597290039063,375.8813143387731,370.8375766206484,371.3272604746009,1981093
2022-08-29,362.2680969238281,367.1649352977321,357.51815772355536,358.84031006209534,2663606
2022-08-30,381.9533996582031,383.9121350410657,364.42272395916905,365.1572497277425,10834269
2022-09-01,390.0821228027344,391.7470597618939,378.0359126702277,379.9946479690372,9880155
2022-09-02,386.8502502441406,397.6232951876484,385.6260405914693,392.5795573962287,8022555
2022-09-05,385.9688415527344,392.62853038901295,383.52042214411256,387.7316915717692,4044126
2022-09-06,387.0950927734375,390.7187653061222,384.2059460334918,387.9275613161279,2831682
2022-09-07,391.1594848632813,393.31410593174905,381.7575482094996,382.9817579329625,4860013
2022-09-08,389.0048522949219,395.07691394450666,386.6543459656069,393.70580517769264,4602945
2022-09-09,388.7110290527344,395.1259053363328,384.8915010504306,391.649132114188,5536333
2022-09-12,388.7110290527344,388.7110290527344,388.7110290527344,388.7110290527344,0
2022-09-13,400.3165588378906,405.3113402285001,398.7985508145953,402.4221934755985,6632103
2022-09-14,398.7985534667969,401.78561310202326,389.0538325527818,391.74709382281367,6503658
2022-09-15,402.5201416015625,405.2134028896508,393.7058319314553,400.5614061193165,4834801
2022-09-16,381.0719909667969,404.7237157460583,376.5179369849901,399.8268770800443,9517876
2022-09-19,377.2034606933594,385.7729280005664,375.6854527255405,382.9817241000615,5089286
2022-09-20,383.8631591796875,392.13879782059325,380.974012681048,380.974012681048,4794091
2022-09-21,371.9148864746094,384.6466666567553,370.49479134527473,382.98172960084094,4035315
2022-09-22,372.8452758789063,376.02822073772455,367.2628683251919,370.690655096227,3941049
2022-09-23,362.3171081542969,374.3143629953275,360.554228285713,373.2370525014037,4060146
2022-09-26,344.786376953125,358.93825176790443,343.02352709879546,358.44856793193185,5947442
2022-09-27,343.5132141113281,349.5363193719023,337.00042501025314,344.8353664582663,5931471
2022-09-28,341.5544738769531,347.0878952180907,338.0777306141659,341.7013730494219,3987512
2022-09-29,343.3663330078125,348.165228919696,337.9308241594298,345.03124022038,5905469
2022-09-30,349.3404846191406,353.796595878493,339.7426628397126,341.5055427034923,7344112
2022-10-03,340.67303466796875,350.5156673537012,338.86119858235605,349.9280408005393,4315023
2022-10-04,351.6909484863281,353.5517411463544,346.69616721830874,346.69616721830874,4660309
2022-10-06,359.770751953125,365.2062310559738,355.8042945996473,356.4898639855616,9169254
2022-10-07,361.2887268066406,362.80676462504624,354.3352103851187,359.4279342147225,4146172
2022-10-10,358.6933898925781,360.3583267974213,351.5929746660356,351.5929746660356,3136911
2022-10-11,351.1033020019531,361.2397631419384,349.14456670487107,359.8686544115667,3727411
2022-10-12,359.2810363769531,360.1624613039861,350.27084184123294,352.96410293867945,3919948
2022-10-13,355.0697631835937,358.93827772268065,350.2708672216408,357.7140680442268,3680850
2022-10-14,351.2991943359375,363.7371457821477,350.61362501342114,360.55420086233306,3591285
2022-10-17,351.9847412109375,354.33521768536167,344.24774245065663,349.6342647365133,4311369
2022-10-18,358.1058044433594,361.68049067973857,354.5311182069802,354.6290609575518,2859419
2022-10-19,362.6598510742188,369.56441136278914,358.4975383065306,359.86867701093706,6360698
2022-10-20,365.6958923339844,366.77320277901214,357.9588934999437,360.89699659296656,4314503
2022-10-21,362.170166015625,367.2628900461032,357.07747187307734,366.6752634444433,3605264
2022-10-24,362.170166015625,362.170166015625,362.170166015625,362.170166015625,0
2022-10-25,362.1212463378906,367.7526112234697,359.52592762908,361.38672048324986,2997168
2022-10-27,375.5875244140625,377.8400582376445,362.0722616967081,366.2835309800766,6417885
2022-10-28,376.6648254394531,377.9379915011828,372.5514691219829,377.8890350710895,3984403
2022-10-31,377.5462341308594,381.561647527217,374.4122456537195,378.0359179624169,3315136
2022-11-01,381.6106262207031,383.9121463408941,377.05657229909247,379.0153077396072,4655525
2022-11-02,377.2034606933594,382.9327676706209,372.1597230558464,379.9946645938642,4448264
2022-11-03,376.8117065429688,380.4843352617111,372.7473367384797,375.09781314088895,3805252
2022-11-04,379.3091125488281,381.5616762764726,376.126167403881,377.252464211669,2031089
2022-11-07,389.5924377441406,391.5022166096029,379.064235546384,380.4843305886947,4991409
2022-11-09,388.8579406738281,393.852722015746,386.8992052368353,389.78835196157206,4968369
2022-11-10,383.0796813964844,392.0898764625898,378.6235701826628,388.07446279426176,4250236
2022-11-11,392.2857360839844,396.6439344797368,387.33994095490345,387.33994095490345,6567026
2022-11-14,398.1129455566406,399.77788249937976,392.0408542350457,393.9995895145372,3134766
2022-11-15,397.0846252441406,401.0510522674383,393.1181683329142,398.6026331449265,2773854
2022-11-16,392.9712829589844,398.2109060426901,388.36824289189417,397.1335956133786,2711725
2022-11-17,394.5872497558594,397.0846553831335,391.893988516676,393.11819817085023,2978886
2022-11-18,392.1388244628906,396.0562952964618,389.39660683456304,395.6645541906908,2907982
2022-11-21,386.5564575195313,392.0408929331294,383.7162671735727,390.767726830958,3236030
2022-11-22,382.6389770507813,388.172398646244,379.798786775509,386.8992026878283,4093062
2022-11-23,383.5203857421875,386.6053879266509,382.05133423644975,384.5976961573144,1919758
2022-11-24,384.05902099609375,386.55642645602927,380.97401885187134,385.4791160549549,1823725
2022-11-25,388.417236328125,392.62850548870506,384.3528663451595,385.381190476392,3584507
2022-11-28,387.0461120605469,393.7058002084029,386.06674439833694,387.8295942351432,3330551
2022-11-29,384.4507751464844,389.6414418415371,382.9327671806079,386.50745327516825,3448261
2022-11-30,394.3424072265625,395.9583579900339,381.3168284810887,384.9404711191866,8733967
2022-12-01,404.1850280761719,406.2416761645069,394.0485672479627,397.42736759874725,7882120
2022-12-02,402.2752685546875,407.6617907142755,401.3938436334317,406.2416956443034,6745441
2022-12-05,408.6411743164063,409.8653839458742,401.5407584654921,403.79329222854096,6361119
2022-12-06,405.8499755859375,409.3757053415852,403.695384543214,407.6618118383609,2654909
2022-12-07,400.07171630859375,407.31903150771154,396.6439292655581,404.96855494150185,3417623
2022-12-08,396.594970703125,402.2263351007068,394.3424070113337,398.7006053263737,2154953
2022-12-09,393.95068359375,401.4918273417678,385.8708995299876,397.6722691467343,5996845
2022-12-12,394.3913879394531,395.66455400459273,387.9765115197392,393.7058185887284,2914566
2022-12-13,392.0898742675781,397.9660806113772,391.2574057246204,394.832091939512,2024616
2022-12-14,398.7985534667969,401.9325122846205,393.2161454246492,393.80377204296974,4437819
2022-12-15,391.4532775878906,401.3448673450234,390.0331824824373,397.7701812546599,2719988
2022-12-16,385.528076171875,394.0485868307183,383.91212549876457,390.7676991683853,3463368
2022-12-19,388.417236328125,389.1027757863032,381.5126761009359,386.11571625239526,2827030
2022-12-20,381.31683349609375,387.8296229544856,373.8246763029684,387.8296229544856,4641199
2022-12-21,372.6004638671875,388.02550557467663,369.9072026166736,383.3245225501117,3330407
2022-12-22,370.0540771484375,377.05654995574406,366.7731895024056,374.6570872281268,2624616
2022-12-23,349.6342468261719,369.2215995895429,347.969309886114,369.1236568481403,4966765
2022-12-26,363.1005859375,364.71653671459177,348.9487102822685,351.34817317620536,3309456
2022-12-27,363.5902404785156,366.1855587763994,359.91761178681344,363.9330251339936,3108513
2022-12-28,364.4716796875,369.3685181352373,361.19079194993,363.3454128221064,3891662
2022-12-29,365.744873046875,368.7319325238351,357.32230499835947,363.0516119195429,4181247
2022-12-30,367.2628784179688,374.0205094032734,366.2835107421875,366.2835107421875,2831958
2023-01-02,372.3066101074219,374.7550292583163,366.8221452318325,368.2911967223692,2924202
2023-01-03,372.2086791992188,374.8040274920365,370.6906712325665,372.8942485384404,2004850
2023-01-04,364.1778869628906,373.62877933546775,360.9949419226802,372.5514688827335,3815316
2023-01-05,365.0592956542969,366.8711318048148,361.043882266429,365.0103392264163,2499525
2023-01-06,362.1212463378906,366.5773579008711,359.96662520910434,366.1856167559828,2603968
2023-01-09,366.2345581054688,368.2422499064356,362.46398653708553,365.3041468486715,1561902
2023-01-10,365.3530883789063,366.9690689051217,360.6031792062301,366.1855568555778,2252881
2023-01-11,364.4227294921875,367.7525737160248,363.3943754678132,365.3041544502723,1681043
2023-01-12,367.1649475097656,368.7319418191195,363.1495339320245,365.20621209505583,2859266
2023-01-13,369.2705993652344,371.4741768097932,364.9124307965327,368.242275179613,2743616
2023-01-16,366.0386962890625,372.0618019694768,364.031004358235,370.69069309808737,1661685
2023-01-17,367.6546020507813,368.1442858654168,361.43561162732425,366.2345369210951,1977186
2023-01-18,368.6340026855469,369.36852847326566,365.45105760543214,368.2422615763497,1819111
2023-01-19,367.6546020507813,368.7319124205651,364.96134107028575,367.2628609766585,1980513
2023-01-20,361.6804809570313,368.09535734788574,360.94595517938666,366.28352111877626,3988074
2023-01-23,361.92529296875,364.0309572676363,359.91760129763503,363.49228714246135,2338790
2023-01-24,357.37127685546875,363.59026788646656,356.09811076821046,362.8557420927565,3010618
2023-01-25,344.786376953125,356.6857180776024,341.211690928111,356.6857180776024,7032545
2023-01-27,348.60595703125,352.52342796903423,340.0854457863967,347.6265892968039,5422141
2023-01-30,345.8636779785156,356.3429237389548,339.35088911450976,349.58529296361087,5105818
2023-01-31,348.7038269042969,353.55170854730494,344.29667264262685,348.6548704787827,4784073
2023-02-01,341.79931640625,358.0568256856804,334.5030153186239,351.15226568798283,5504489
2023-02-02,347.1858215332031,348.50797379871483,334.5029988901477,341.7013568797757,4485546
2023-02-03,346.2064819335937,351.5930042833385,341.5544853588142,347.7734762311055,4697067
2023-02-06,346.59820556640625,347.8224151296444,343.5132034446318,346.2064644837558,1913975
2023-02-07,349.7811584472656,351.69093736485786,345.7657450102316,347.47963843804484,2846953
2023-02-08,352.8661804199219,354.48216108136006,348.36111278176435,351.2502296464148,2429159
2023-02-09,349.3404846191406,354.8739063694809,346.50029426437294,353.8945386300249,2229848
2023-02-10,354.0414428710937,354.8249251186786,348.21419278291125,349.1446041038587,2809140
2023-02-13,350.51568603515625,358.1057855408806,347.43068382654457,354.72698498399336,3030923
2023-02-14,346.6471862792969,350.22187216859373,339.98746843015607,350.22187216859373,3140968
2023-02-15,353.5517272949219,354.6290377047083,342.97456846121503,342.97456846121503,2548073
2023-02-16,364.031005859375,365.45107116891097,354.77596863545136,355.41255169751446,5171809
2023-02-17,357.0284729003906,365.1082561950234,355.6084077086371,362.2680959235869,2666456
2023-02-20,357.07745361328125,362.95365955352855,355.60840212821944,358.3506196118299,2726465
2023-02-21,350.1239318847656,359.42792448030485,348.65488042231203,359.42792448030485,2119153
2023-02-22,341.4075927734375,348.85079341438706,339.8895548764404,348.5569651659695,3326607
2023-02-23,335.8251647949219,342.3379537594101,334.25817056059645,341.79931350132745,4026752
2023-02-24,338.9101867675781,344.05186728569527,337.88186261912705,339.84059805460026,2887310
2023-02-27,342.729736328125,344.14980155107713,335.335492308738,340.2323307767042,3701975
2023-02-28,344.3946228027344,346.54924355448384,341.6524053804426,343.26835600029057,2520202
2023-03-01,348.3121337890625,350.0260273489996,343.7091233037047,344.3946627949205,1507846
2023-03-02,347.9693298339844,350.4177490697651,345.8147388392554,346.69616378655047,1675015
2023-03-03,352.8172302246094,354.8249221471895,347.6755495620717,349.7322278046731,3121845
2023-03-06,352.4254455566406,356.88155629171456,350.5646530481898,353.7965542529766,2053122
2023-03-08,355.5594177246094,356.93055636171675,346.3533676796365,350.61362298681064,2908986
2023-03-09,349.73223876953125,356.2939849356404,349.1935685599989,355.51050267005303,1782741
2023-03-10,342.8276672363281,348.9977019635635,340.52617694555926,347.7734922821198,3238856
2023-03-13,335.6293334960937,345.7168091740449,334.25819476182903,343.8560164620258,2045069
2023-03-14,339.93853759765625,340.8199625577194,329.5572339099787,336.8535352934699,4016343
2023-03-15,338.32257080078125,344.7374170318558,334.8947839837031,342.7786817078112,2833314
2023-03-16,352.621337890625,354.0414330488981,337.6859800649108,341.79933647044385,5412088
2023-03-17,367.5077209472656,369.71129822143314,355.7553088183724,356.09809348305106,10695531
2023-03-20,362.2680969238281,367.2139216142288,354.48214184207853,367.2139216142288,5404518
2023-03-21,359.86865234375,364.7165042434149,358.7423556440566,363.3943519478959,2980424
2023-03-22,361.141845703125,363.8351069253178,359.5258949473955,360.5542190952422,4140942
2023-03-23,360.06451416015625,364.2758130301972,358.0568224126694,361.09286813573874,2508345
2023-03-24,346.9410095214844,360.4073154662138,345.7657563202267,358.44858005607136,3134205
2023-03-27,341.6034240722656,350.0749781478533,340.281301656241,347.8714009372405,2815174
2023-03-28,341.4565124511719,345.91265302511835,340.08540376992977,343.3173049391381,3165715
2023-03-29,345.27606201171875,346.6961570962396,339.35089953064124,341.9952042094285,2624280
2023-03-31,349.3404846191406,353.306912008765,346.8920652705005,347.03896445383265,4167504
2023-04-03,354.0903625488281,355.6573567692749,350.0259927714931,350.6136193401518,2782342
2023-04-05,359.4768981933594,362.8557286746516,353.89452030035346,354.5311033204423,3015748
2023-04-06,374.9999084472656,375.8813334516128,357.1754331898125,357.4202751292385,8930230
2023-04-10,397.1336059570313,399.2882268717731,375.83235828855913,376.0282437855104,20647930
2023-04-11,396.937744140625,402.5201523695361,393.0202730713351,399.09236518390736,8091142
2023-04-12,398.1619262695313,404.870600988574,396.0562916932295,397.62328598998783,6586341
2023-04-13,404.6257629394531,407.22108139035583,396.7418648382725,399.2882268589043,7161482
2023-04-17,406.7803649902344,410.94267755988346,402.76495159251647,407.1231496500266,6635668
2023-04-18,415.10498046875,418.1899825592241,407.2210530287288,408.10250781566015,9367931
2023-04-19,412.9993896484375,416.0354057448485,410.4040412161877,416.0354057448485,4044971
2023-04-20,405.8989562988281,416.32921635396,404.0871200714272,412.3138027957032,4285836
2023-04-21,397.6722412109375,405.75202470710894,393.7058139952618,405.75202470710894,5194549
2023-04-24,402.6670227050781,403.3036057306387,394.9789803048752,398.2109116382239,3379013
2023-04-25,401.6876525878906,407.3190168125682,399.5820180292929,401.5897098411798,4335180
2023-04-26,408.0045776367188,409.0818880521948,401.19796036942273,401.7855869494941,4122285
2023-04-27,412.9504089355469,414.8112016970449,406.5355620796655,407.95562739515486,4423231
2023-04-28,417.4065246582031,420.0507995088757,411.3833894078223,413.5380102976416,5668793
2023-05-02,415.4967346191406,418.7776222961352,412.4117324316109,418.0920529709377,3519033
2023-05-03,418.7286682128906,425.0945585674513,411.922080305004,414.0766714153271,7152444
2023-05-04,416.0353698730469,419.659042169001,414.2725200408108,418.6307180815181,3328989
2023-05-05,418.3858947753906,424.5069429205834,414.7132658882749,416.0353883772922,4870886
2023-05-08,427.34710693359375,431.3135342103954,418.9245386362605,420.0997918453509,6530244
2023-05-09,423.08685302734375,429.697585105896,417.9941289523978,427.9836916040491,5239571
2023-05-10,425.2904357910156,426.9063865642761,418.7776463788258,422.7930600403341,3804494
2023-05-11,423.8703308105469,429.8934661072341,421.0301704433534,424.0662163067384,4810556
2023-05-12,426.9553527832031,427.9836768937944,421.1281031220402,421.1281031220402,2713530
2023-05-15,458.4909973144531,465.9831544794154,431.16664359568585,433.8599048560792,28116711
2023-05-16,462.0166931152344,468.8233103001906,460.35175613982767,464.9058396643434,14423428
2023-05-17,460.1559143066406,463.2409165470743,452.076130878494,460.1069279894696,6005061
2023-05-18,450.460205078125,466.1790453886842,448.8932107126776,462.2615744190314,5852119
2023-05-19,462.1636047363281,463.2409151677927,444.14324530358135,451.39056019754224,8398165
2023-05-22,468.28466796875,471.22277112014393,459.5193448331833,462.50640441526144,6566526
2023-05-23,458.19720458984375,470.5862005625515,456.2874255356139,469.90063118720445,3818677
2023-05-24,455.8956604003906,460.2538585828059,452.76167183236953,458.1971804530377,3086273
2023-05-25,467.4032287597656,469.9006044071864,455.0631899223095,457.36470996502993,8132396
2023-05-26,468.2357177734375,474.55262170029647,461.8208412080437,467.4032492252039,6159488
2023-05-29,472.6918029785156,476.3644317645622,464.2692349849296,468.62743309954334,4665809
2023-05-30,464.8079223632813,471.5655536024277,463.7306119018682,470.0965020335729,3209364
2023-05-31,465.1017150878906,467.15839323696014,458.148198435289,464.6610175553309,10062142
2023-06-01,467.3542785644531,470.1454526001199,463.2898786976367,465.1996576685006,4270077
2023-06-02,479.2046203613281,480.86955746454487,467.50119387107,468.1377769206771,10020905
2023-06-05,479.1556396484375,485.8153279479602,477.0500051043185,481.8489007808509,4635248
2023-06-06,484.4442138671875,488.3127281338661,477.44174097710913,479.5473754981915,5477093
2023-06-07,485.4725646972656,488.36168138340895,482.9751592125767,487.7250983771692,4885566
2023-06-08,474.7485046386719,487.5292414932667,470.9779329202731,485.7663915436437,4923194
2023-06-09,475.1892395019531,480.3798765698595,473.6712015718786,474.9933539987398,2611565
2023-06-12,480.477783203125,482.0937338754008,475.6299012983682,477.0010100539984,1696800
2023-06-13,493.2095947265625,494.3358616382958,478.5680352102359,482.1917077658278,5849124
2023-06-14,493.3075256347656,496.5394271104901,489.292112061217,494.58069169782544,6893041
2023-06-15,480.2329406738281,498.2532997383772,478.4211045153755,492.62193566271,6420824
2023-06-16,485.7663879394531,487.4802814452879,480.03708081379074,482.6323992878972,4360893
2023-06-19,475.3361206054688,489.0962248767759,472.7897586002068,486.7457483672766,3074442
2023-06-20,479.106689453125,481.5551086962666,471.5655462290767,474.4057065735349,3849887
2023-06-21,472.8877258300781,484.1504549971148,470.4393064459397,479.204629908396,3758306
2023-06-22,471.3207092285156,474.7974526349252,468.6764044631263,473.0835591468215,3256065
2023-06-23,467.8439636230469,471.6634916867099,463.240923464318,471.0758650873932,2583485
2023-06-26,467.3052978515625,468.1377663844348,460.009026329166,467.2563414211297,2333475
2023-06-27,473.8670654296875,476.90311126322376,468.8233277756143,469.1171261290826,2749294
2023-06-28,475.874755859375,477.9314339914324,473.6222221215546,475.874755859375,2383384
2023-06-30,480.4288024902344,483.3669055242497,476.8541164431017,479.69427673173055,3261788
2023-07-03,482.9751892089844,487.7251286685839,476.3644570432957,482.8282900273331,2820027
2023-07-04,479.69427490234375,486.9416196022864,478.4211088809644,483.8076310894502,2535317
2023-07-05,489.3900451660156,493.35647234333095,478.4211151160639,479.694281154036,2846706
2023-07-06,503.0032043457031,506.8717185431087,492.6219310996715,494.18892532727614,7921377
2023-07-07,492.4750671386719,505.7455177625565,491.1039582994628,504.08058067270406,3938391
2023-07-10,491.2018432617188,495.11931394433776,486.1091493070717,493.0626657463063,2465685
2023-07-11,489.341064453125,494.33584569178703,487.8230564760093,491.642584521599,3011396
2023-07-12,482.24066162109375,490.0756034179854,475.5809730489083,489.683862305727,4530464
2023-07-13,481.8978576660156,488.6065322888717,479.30253927718326,483.8076366077973,3665726
2023-07-14,482.9751892089844,486.2560770762087,481.0654400716553,483.6117722547608,2539514
2023-07-17,487.7740783691406,488.312748545004,482.8772397954601,483.3179672222637,2333926
2023-07-18,484.5911254882813,492.57299614511726,481.65302239141306,489.43900755328576,3200509
2023-07-19,490.6632080078125,493.79719654107816,483.95453341774447,486.2560534448681,2832711
2023-07-20,494.4827575683594,498.498171211896,491.2018697173746,491.6425971480782,4178930
2023-07-21,490.2714538574219,494.5806655599625,485.76635666879486,494.1889244757186,3822759
2023-07-24,483.6117248535156,497.95948457642857,478.0293472824056,492.3770771173903,5676545
2023-07-25,470.0964965820313,489.53695142868673,468.4805458526166,485.96226529684697,6582695
2023-07-26,477.5886535644531,479.400489789456,469.7047555241092,472.0552320296583,3572206
2023-07-27,500.2610168457031,503.1991199905791,477.245875544175,479.4004964722563,8431778
2023-07-28,508.9474487304688,511.1190752878052,498.434896466269,502.4326293061098,7227144
2023-07-31,512.0568237304688,515.0181162050546,502.28456458910046,510.2800602952472,4607915
2023-08-01,493.2526550292969,504.9003940047037,490.4887638304396,502.9261989157313,15013979
2023-08-02,487.2313537597656,496.4607218212453,476.0277906102186,489.15617589633536,11155073
2023-08-03,482.049072265625,490.0939109011712,477.9526236474095,487.1326183881732,3315895
2023-08-04,483.3323059082031,487.6261862450452,481.7036009870082,483.67779607302055,2509237
2023-08-07,482.8387451171875,486.2935864317062,479.1371294230603,485.6026362430979,3089545
2023-08-08,481.9503479003906,486.8364925092793,475.87970438170976,484.07260147211485,2542925
2023-08-09,479.4332885742188,483.38167874530944,476.8668289382445,481.9997180863666,2944921
2023-08-10,484.31939697265625,486.7377979702019,476.9655384499259,480.6177812358982,4117165
2023-08-11,475.781005859375,487.7742347333472,473.8068108143153,486.2935884495525,2844914
2023-08-14,464.8735656738281,472.8196882599829,457.075471559625,472.8196882599829,4619798
2023-08-16,471.8819580078125,473.41197724012255,459.2964646112408,461.9616399682804,2644594
2023-08-17,471.5364990234375,476.965535402664,467.3906773752252,471.8326162309559,2863803
2023-08-18,467.9335632324219,471.8326104520052,466.40357413927296,469.7596996532878,4023514
2023-08-21,475.6329650878906,477.1136114271968,467.9335860492023,467.9335860492023,2359743
2023-08-22,474.1523132324219,478.5942521986641,473.36261711968285,477.2616644840261,1579326
2023-08-23,474.4977722167969,478.5448477987978,471.4377639941569,474.9419480099356,2883112
2023-08-24,477.31097412109375,484.4180880224041,475.7809850775319,476.4719653626514,2603113
2023-08-25,469.11810302734375,476.7681089157433,466.9958493540368,475.23811978759386,1992979
2023-08-28,476.17584228515625,479.6800565897592,470.3519728849038,471.8819620063526,3252263
2023-08-29,487.6261901855469,491.3771488297512,476.7681171247351,477.755214675718,5917819
2023-08-30,493.59808349609375,496.4606902910484,489.2055177784116,489.600350746184,4657793
2023-08-31,497.5958862304688,500.7545803495038,489.6003899663338,495.4242595480228,4875243
2023-09-01,496.7568359375,502.9261955492424,493.8448861512271,497.398443312356,3044080
2023-09-04,507.2694396972656,510.3294179106286,497.4971501488526,497.9906989089209,4584709
2023-09-05,514.573974609375,519.0159138765246,507.5656056424907,509.046252064874,5519389
2023-09-06,512.3035888671875,515.7584300252514,507.1706699542486,513.4881178851963,2130114
2023-09-07,523.9019775390625,525.6293980961862,507.9109866178744,510.329387447377,6661946
2023-09-08,533.0326538085938,537.4252497645095,524.5436393469986,525.1358737521701,8016696
2023-09-11,533.8717041015625,537.326545644878,530.0714025029775,534.9575475923406,2695210
2023-09-12,517.732666015625,534.8587844434866,515.3142649637334,533.0326780713775,2701774
2023-09-13,522.1746215820312,523.6552679570276,513.3894289913244,517.2391336653769,1914101
2023-09-14,530.4168090820312,536.4381398847654,524.2474498052436,524.2474498052436,3661252
2023-09-15,525.53076171875,531.8974927423534,521.2368512113194,531.5026898694431,2341930
2023-09-18,522.5694580078125,528.4426401303501,521.2861830169417,524.3955643445869,1494139
2023-09-20,515.6104125976562,525.1359286353106,512.8958941695602,519.1640001430306,2135243
2023-09-21,510.230712890625,519.163933059249,505.9368026924257,514.7219943872387,3361352
2023-09-22,509.8852233886719,516.2520145855772,508.15780268977176,510.77363527573874,1854379
2023-09-25,515.3635864257812,520.9407114623351,506.775886277673,510.477501944151,2789922
2023-09-26,513.5868530273438,518.9172039982393,512.4023238951831,516.2026856838795,1858145
2023-09-27,521.8784790039062,524.7410257079113,509.9839657521312,511.8100720935197,2184496
2023-09-28,513.3893432617188,522.9642002706778,510.6748253608495,522.3226230972413,2701673
2023-09-29,524.050048828125,527.1100267570571,514.3271030099551,514.3271030099551,3622321
2023-10-03,531.798828125,533.9211120485983,520.3978629776054,523.9513902126498,2831594
2023-10-04,518.9664916992188,530.861004090917,509.0955170591956,528.0971432412402,4940218
2023-10-05,518.2261962890625,525.9255448701126,517.1897559460145,520.2003913225446,2455475
2023-10-06,541.6204223632812,543.3971858533258,518.4729734231779,518.4729734231779,7397196
2023-10-09,533.8717041015625,540.3865843032648,529.6271965407345,539.991721170681,3107088
2023-10-10,554.5020141601562,557.463306625631,536.0432790758334,537.4252396587815,11366176
2023-10-11,558.0062255859375,561.6584985221675,553.4162581877309,555.3410501866533,4106418
2023-10-12,559.733642578125,561.6584948119847,555.4397924198358,558.0062218998808,1860355
2023-10-13,561.0662231445312,569.3084628773329,554.4033152565,554.4033152565,6226867
2023-10-16,559.782958984375,564.5210751049075,556.3281177909488,558.697175851215,2132190
2023-10-17,559.8323974609375,564.1755905158938,558.006230851763,562.6456013687199,1670432
2023-10-18,560.0297241210938,562.6455565091869,554.3539136826239,558.2529607290154,2695513
2023-10-19,552.873291015625,558.5985047692985,548.2833237446773,557.8087785635155,2068643
2023-10-20,545.0752563476562,557.7100924093467,541.0281204134404,551.4913901541354,3274784
2023-10-23,526.0736694335938,548.4807966395526,524.3955914912906,544.9765520182866,2355807
2023-10-25,523.309814453125,533.575593299688,518.4730121351907,528.09721369315,1695789
2023-10-26,515.56103515625,521.335591936957,506.87458881900886,521.335591936957,4361390
2023-10-27,529.2323608398438,531.354584364838,517.8807393299696,519.2132968864161,4062846
2023-10-30,547.2962646484375,550.7511061744474,524.3955887693554,530.0713998478002,8141820
2023-10-31,556.2294311523438,563.1884563514812,550.5042778058069,551.7874924829816,10712514
2023-11-01,567.4329833984375,579.2288107730005,557.7100969576173,557.7100969576173,11265190
2023-11-02,570.4436645507812,574.4907401676793,562.892344640239,571.5294476925882,3649740
2023-11-03,588.1619873046875,592.3078086147618,570.8877820524167,571.5294194894169,7692738
2023-11-06,584.3616943359375,592.4559055299851,582.7823625043588,589.9388190650608,2917487
2023-11-07,584.805908203125,589.198503994546,578.9326662065721,584.7071623075273,2662819
2023-11-08,588.2114868164062,593.6405236429633,583.3746844536836,586.3359772681694,4003266
2023-11-09,592.949462890625,597.7862043500289,589.2478473743039,590.1856020213015,5403880
2023-11-10,598.23046875,600.056635398517,587.4217383360523,591.172757290777,3378490
2023-11-13,600.5501098632812,603.5114021993967,596.5523170114078,603.5114021993967,1898672
2023-11-15,614.0733642578125,616.3930796583554,604.1530458894255,606.1765838256392,3886884
2023-11-16,622.1182250976562,625.1288605476067,612.247249689522,613.9253275584354,3206517
2023-11-17,623.0066528320312,623.8456616640051,617.0346643600674,617.8737334396953,2412089
2023-11-20,618.1698608398438,626.0666414972789,615.5046853184284,623.8456719373753,3290059
2023-11-21,626.2640380859375,632.9269463935201,619.0088351135344,619.0088351135344,6052465
2023-11-22,624.3884887695312,627.3004383377016,615.4552687703492,625.6717034231315,2762713
2023-11-23,627.9420776367188,631.7423787850382,624.8326965170769,625.8197939839285,2516687
2023-11-24,621.2297973632812,632.828193171945,620.2426998476503,628.9785490095749,3963603
2023-11-28,621.0324096679688,623.6481818667646,611.2601204220724,616.9359309871543,4535901
2023-11-29,629.4227905273438,633.4698664711832,620.983058093414,624.734077063007,5851523
2023-11-30,617.77490234375,629.7188173929654,615.1591303033571,629.4227002135534,14874927
2023-12-01,621.131103515625,626.1159338542617,617.4788307064481,623.7469359965944,3438389
2023-12-04,640.8731079101562,643.5876262725019,624.6353405658665,630.7553576505042,4588495
2023-12-05,641.7120361328125,645.8085147003569,631.6436902156175,644.4759572253305,3417071
2023-12-06,644.5253295898438,652.0765893738414,641.712065544799,642.5511345747881,3264809
2023-12-07,640.2314453125,646.1046877706011,638.9482305500741,644.6733842769651,1051759
2023-12-08,641.5147094726562,655.3340749061542,633.1737232864789,642.600492657656,3937417
2023-12-11,658.4927368164062,664.9088707482764,644.8708029798124,646.0059892360503,5641806
2023-12-12,654.05078125,668.6598724894213,651.0894887416282,658.4927200125578,3998781
2023-12-13,665.0569458007812,666.2908176853838,655.6301766519477,658.1966060728608,3426758
2023-12-14,690.4746704101562,692.8930712266691,672.262710299058,672.9043477444594,7464762
2023-12-15,696.1998291015625,699.8521017668004,686.0327372749313,690.968224593456,4137143
2023-12-18,688.1056518554688,696.742755089728,684.5027820834825,693.3866596958635,1906529
2023-12-19,689.0433959960938,693.04112881095,683.02212536114,689.9811506681341,1475227
2023-12-20,666.63623046875,694.9165961586395,663.0333609696403,694.9165961586395,3091436
2023-12-21,683.9598999023438,685.934094954453,661.5527740113723,671.2263177171777,5888251
2023-12-22,706.7124633789062,709.426981489327,685.4898672428889,687.0198563101416,5899551
2023-12-26,705.6266479492188,712.8818509713568,702.4679840391298,710.2660184076838,2419374
2023-12-27,711.1544189453125,715.102809017605,702.221198456281,709.7231154945762,2233097
2023-12-28,719.2485961914062,720.4824680298958,705.8733772640605,712.5856882635626,5426028
2023-12-29,717.0276489257812,720.5811758308183,712.4869642719558,716.4353542765083,1995191
2024-01-01,714.2637329101562,721.5682785706706,712.1415094158917,717.8173200886432,1400824
2024-01-02,704.6395263671875,716.435353543245,695.360846014576,716.435353543245,2394602
2024-01-03,706.4163818359375,711.5492408693275,697.5818467629388,706.0215187190678,1829817
2024-01-04,751.5760498046875,754.8828022831348,708.2424460779984,708.7359948209098,13312567
2024-01-05,743.2350463867188,760.0650460716324,738.2008131797335,750.1940714473255,5929704
2024-01-08,749.5031127929688,763.4705663883033,741.6063328657463,750.687641831582,4448637
2024-01-09,779.4121704101562,782.7683260458571,752.6618519671703,762.0392783195482,9348457
2024-01-10,785.7789916992188,790.4677050561769,767.5176870458026,780.2512695248136,5169408
2024-01-11,787.160888671875,794.5147768651584,784.1008503695093,787.2102314957933,5304485
2024-01-12,790.220947265625,800.9309920439965,785.9764397660269,789.6780556518952,4158326
2024-01-15,795.0083618164062,805.2247969864973,788.1973648712449,791.6522061699918,4959825
2024-01-16,776.6976318359375,795.946032790036,767.1228344312489,794.0212408927455,3800255
2024-01-17,765.2966918945312,779.8070374252658,761.1015274526865,769.9360622679839,6183356
2024-01-18,765.44482421875,770.5283405657037,752.9086730054444,765.987715833792,8727583
2024-01-19,775.4144287109375,777.8328296343306,767.6657374386402,770.6270299372482,3519988
2024-01-23,729.7611694335938,781.6825340631959,724.480221909585,779.8070247148218,19908675
2024-01-24,737.7567138671875,739.3360458072344,722.8515050995187,730.4028252605625,6963379
2024-01-25,748.8615112304688,765.9876280418822,739.6321138419426,765.9876280418822,9110800
2024-01-29,757.44921875,761.7431288888065,745.5053634739716,751.1811739208108,5504653
2024-01-30,776.7470092773438,788.3947471644057,757.10374587844,760.5585869613273,10661351
2024-01-31,792.2444458007812,796.291581783149,772.4038097391306,776.7470629280981,7997614
2024-02-01,789.7273559570312,798.3151163993583,780.8434783093104,792.1950997480649,5565773
2024-02-02,781.2383422851562,797.969657256531,773.0947877656744,790.8625430809075,3474878
2024-02-05,776.4508666992188,795.6005822316458,773.0947713594866,774.7728491531776,3023829
2024-02-06,787.0621948242188,791.6522224574782,774.0818983976033,783.7554421835881,3996095
2024-02-07,816.7738037109375,827.4837870316939,795.600551186289,795.600551186289,10550511
2024-02-08,820.1299438476562,830.0503220426049,812.5293412024361,818.106405997336,3355261
2024-02-09,823.6341552734375,826.2005846032532,799.548952841858,820.1299110474315,4351187
2024-02-12,797.179931640625,826.7928571881616,792.9847671880573,822.2522327032665,2814982
2024-02-13,818.6492919921875,821.2157816547794,788.7402496285448,799.5489793620433,3526880
2024-02-14,832.912841796875,836.5157716988966,805.6689754406599,808.4328363358682,2710385
2024-02-15,840.4148559570312,846.8803326891191,831.6296638951612,837.0587002766727,3505476
2024-02-16,852.1612548828125,858.0838398493295,837.84834121373,845.9425527174997,3451534
2024-02-19,837.6509399414062,855.5174413847565,834.4428729685905,853.1483832134625,2390450
2024-02-20,852.7536010742188,858.2813232780408,835.2819623173606,841.0071160815304,4100739
2024-02-21,875.4074096679688,885.1796991944336,852.7535698298341,853.8393530004852,8801547
2024-02-22,880.7377319335938,883.4522500202481,867.5106015213818,882.465152534192,3784762
2024-02-23,887.6473999023438,893.3232103548747,880.8364032602473,886.413528064837,3438995
2024-02-26,891.2503662109375,898.5055088130869,876.2464720038034,886.4135643110707,4080998
2024-02-27,904.576171875,906.3529353230656,891.2503556430323,893.3232362911673,3614155
2024-02-28,887.400634765625,908.0803390268788,882.07028427309,902.4045285153076,3541248
2024-02-29,889.572265625,900.183563589865,870.2745218407522,886.4135416231383,19571487
2024-03-01,898.1600341796875,905.1684022902906,889.5722739295844,890.3619398755094,2562306
2024-03-04,919.7774658203124,929.747187015572,911.732657104513,913.2626462255108,3951444
2024-03-05,920.0242309570312,927.2794338736048,914.0523030138684,918.000693091682,2846188
2024-03-06,910.794921875,921.8504264898772,896.3832614894384,918.9384766664384,3258284
2024-03-07,908.4258422851562,917.0136028218232,905.3165212228876,913.6574471300884,2108204
2024-03-11,899.4926147460938,921.2581030039998,895.494881841197,916.0264981995884,4511073
2024-03-12,853.2470703125,903.490294983282,849.8909148424024,899.1471022987621,8341087
2024-03-13,819.4390258789062,861.9829046609051,810.0615994898096,848.903862591902,8639565
2024-03-14,829.8035278320312,833.1102803195479,806.4586481292306,815.342525526003,5915623
2024-03-15,813.0722045898438,837.798984361529,798.8579768091276,825.8057259060719,6129505
2024-03-18,825.4602661132812,828.8164216380928,805.7183165500339,815.3918597864954,2709444
2024-03-19,812.4306030273438,830.9386815556122,808.9264188755219,819.2909428513523,4696393
2024-03-20,815.293212890625,823.6341990270944,794.9096248986307,816.3296532424303,3281967
2024-03-21,846.6336059570312,848.2622808145562,823.338066933054,828.2735548303813,3484101
2024-03-22,854.727783203125,858.6761733595129,844.5606303523042,849.9403239899132,2786894
2024-03-26,862.1310424804688,865.1416780220338,847.0778045249884,853.7407131282338,2686188
2024-03-27,869.1393432617188,877.2335547601369,864.2531986180428,867.6093541959101,3049873
2024-03-28,885.4264526367188,895.2974275825015,871.3109705137792,875.3580461424904,4055477
2024-04-01,936.0151977539062,955.1155101447362,889.3748412088263,892.3361336878789,8494956
2024-04-02,922.7880859375,936.2619910891344,918.2474614767184,936.0152167108824,3144624
2024-04-03,892.8790283203125,921.9490616388624,889.8190501805283,921.9490616388624,6683506
2024-04-04,876.7400512695312,902.8981362046022,872.6435723598835,900.282303612034,5670088
2024-04-05,894.1622314453125,898.0612785551727,872.1993124345908,878.4180747795662,4129880
2024-04-08,906.4022827148438,916.3719434025192,892.3854861136657,896.2845333025626,4636924
2024-04-09,898.900390625,918.6423412432604,892.2868251183525,910.0545806747868,2977374
2024-04-10,899.3939208984375,910.0052191375784,897.4690687032027,899.5419493764397,1853706
2024-04-12,896.8767700195312,908.8700288187246,894.1129090517468,899.3939168584203,2340026
2024-04-15,873.581298828125,887.2032324552367,855.4680835673028,880.984530174126,3602490
2024-04-16,864.3025512695312,872.0513028322872,857.0967515326398,863.7103168655979,3398331
2024-04-18,845.0048217773438,874.5684046149295,840.2174228940314,869.6329170042358,3948733
2024-04-19,844.6099853515625,848.2128550155969,823.2393007474872,830.1489831278617,4474855
2024-04-22,853.9874267578125,857.5902964864742,843.2773827275286,848.9038505305751,2662369
2024-04-23,873.8280639648438,886.9071058711235,860.2554733073836,861.7361195609246,5126456
2024-04-24,881.9716186523438,886.6109889645106,874.0748386308342,878.3193458428656,4102872
2024-04-25,882.2677612304688,885.4264853794576,871.3603455615566,881.971644020675,2376516
2024-04-26,896.2845458984375,899.8380728624105,882.2184062739301,884.439375688326,4053816
2024-04-29,874.6671142578125,903.1942575291046,865.5364619276003,901.2200624306804,3109393
2024-04-30,880.3428955078125,895.7909957316109,870.5213234221543,877.3322601336718,4508015
2024-05-02,884.883544921875,889.3748263907447,870.6199743358899,876.7399907401617,3099475
2024-05-03,866.8690795898438,892.2374986489235,851.6677532360331,892.2374986489235,5271160
2024-05-06,875.6541748046875,890.3619517655061,864.8948481215218,871.1135503692452,5317254
2024-05-07,844.8568115234375,883.45230137261,829.9022596413652,874.370991923495,5793580
2024-05-08,841.5006103515625,853.5432117809036,835.5780254106717,844.955451567082,5424719
2024-05-09,826.1019287109375,859.7125868155888,823.3380074898594,850.8780520676762,3748279
2024-05-10,815.1944580078125,833.5051650944512,806.8535322108942,832.1232044755027,4811461
2024-05-13,827.9280395507812,831.185449296205,800.1412204432505,821.0676997815755,3983559
2024-05-14,828.22412109375,840.9083597462317,819.5870182214495,833.1102656253239,5869025
2024-05-15,814.9970703125,837.0586752122537,802.1153998130595,828.174797763067,5237735
2024-05-16,830.642578125,835.4299770846511,815.6880263270754,821.2651515151515,3843468
2024-05-17,837.7990112304688,848.4103094581301,830.0503198795624,835.5780418339815,4170491
2024-05-21,840.957763671875,845.9425942136853,834.8870896843492,841.0071064994864,3184740
2024-05-22,836.4664916992188,849.4467883910115,827.4838678055696,847.3245647976395,4576451
2024-05-23,836.1209716796875,840.0200190703791,823.4367922005416,840.0200190703791,2828079
2024-05-24,829.3099975585938,843.2280483578008,826.0031847497766,839.9706386226302,3335343
2024-05-27,831.629638671875,837.4041349125546,824.0289759187565,829.3593264852681,3490864
2024-05-28,809.4199829101562,834.4428814535007,807.4457878298876,834.0974214135147,3216721
2024-05-29,807.7418823242188,815.2438595668341,801.7206115978119,808.1860882543161,4517186
2024-05-30,791.7015380859375,810.3577049411354,789.2831371606118,805.4715602649978,4203818
2024-05-31,805.1260986328125,813.0228786196574,794.9589462016297,798.1670130712854,12210410
2024-06-03,857.935791015625,861.736092179902,824.2263882820369,844.856749524922,9999975
2024-06-04,753.1553955078125,868.6458034690368,678.1853280338809,868.6458034690368,12437434
2024-06-05,785.7789916992188,788.6909415178076,737.361868978476,766.9747954434749,7296308
2024-06-06,818.451904296875,825.1641551495283,788.6908910065181,788.7895766560199,5439648
2024-06-07,832.5674438476562,837.7990488335516,811.6903064845835,818.4519608770753,4266992
2024-06-10,836.663818359375,845.6957845991792,827.1877064419167,835.0351436301261,3204208
2024-06-11,844.9555053710938,858.3800079928816,838.2925968883194,842.931967436967,3639409
2024-06-12,848.6571044921875,854.7277784227424,839.2796779232131,845.9425862748528,3293555
2024-06-13,862.7725219726562,869.0899698091926,847.1270513468693,852.6547730181028,4081481
2024-06-14,867.2638549804688,872.2487456431375,860.6503498097838,866.0793861573111,3033968
2024-06-18,867.4612426757812,876.4438657815849,861.5386578688265,869.6328691545276,2186628
2024-06-19,848.7064819335938,871.1629517383345,839.6251722047831,869.9784226002018,4384765
2024-06-20,863.216796875,865.3390806805004,845.9425899621211,850.6313032670454,1952972
2024-06-21,845.05419921875,868.3497378440395,842.9813184364107,863.7103672504207,2496508
2024-06-24,829.6061401367188,838.5393608305865,822.7458001792746,838.5393608305865,4054032
2024-06-25,814.0099487304688,832.6167118493834,803.7934538176344,830.1489681865221,6394175
2024-06-26,815.0464477539062,825.2135403280346,811.4928604747157,814.7996733698369,4869959
2024-06-27,806.2118530273438,820.2286490535961,801.3257085352242,815.8360532930512,6534966
2024-06-28,814.1087036132812,819.1922800901641,802.5103074114552,806.4586976078215,3751351
2024-07-01,814.7503051757812,821.0183502369309,808.9757486197536,815.342539580048,1970264
2024-07-02,819.685791015625,830.1490004537947,807.3964150473676,816.3296354046232,3484392
2024-07-03,830.2970581054688,831.6296155862807,817.5141338638414,822.2521896538539,1939722
2024-07-04,827.7799682617188,836.0716116498693,822.8938836644842,831.1361239777921,1817264
2024-07-05,822.0548095703125,830.4451385613892,819.340291367317,829.1125809971612,2792876
2024-07-08,824.9174194335938,828.9151523881384,817.3660992157246,822.0548124921089,1202880
2024-07-09,827.7306518554688,829.9516213787963,820.6729404077096,825.2629079406605,1237622
2024-07-10,825.904541015625,841.9942192041094,812.2826067286766,834.097438719194,4948598
2024-07-11,821.2158203125,832.0245505548061,819.5870852528835,826.2006508998202,1293318
2024-07-12,811.0980224609375,827.0890139052159,808.9757387508462,827.0890139052159,2543048
2024-07-15,822.54833984375,824.9173979576235,808.0873975269179,816.3296376043954,1494904
2024-07-16,832.863525390625,840.710962657169,820.3767177701526,822.5483443451458,3157792
2024-07-18,833.9987182617188,836.0222561270109,816.0335313586432,831.136111356324,4433926
2024-07-19,805.866455078125,837.0587132168621,797.574811650029,837.0587132168621,4601334
2024-07-22,821.1664428710938,823.1406378915818,795.0577016756082,804.5338136748909,3125767
2024-07-23,798.9073486328125,828.2241568399218,768.1592972289254,826.1512761601634,11426098
2024-07-24,808.8277587890625,818.6987343161555,786.7167495093128,789.6780421674407,6572592
2024-07-25,801.22705078125,811.8876917048659,792.1950845799413,807.9886445401576,3694096
2024-07-26,818.994873046875,832.7648963184296,803.8428890661629,806.9029277085389,5503367
2024-07-29,858.7748413085938,864.6974264210669,819.7844893181461,823.1899878073484,8358895
2024-07-30,868.547119140625,874.0254982463179,858.7748297376536,863.3648572370357,4629527
2024-07-31,882.6936645507812,885.0762011436475,864.0798133941851,876.1415525884813,4091190
2024-08-01,867.5543823242188,894.4575771103993,860.9526456703593,883.5374513077196,6040354
2024-08-02,838.3182373046875,859.9599296200223,835.3400210982113,851.7698350522126,3305561
2024-08-05,804.2672729492188,828.9864299445817,794.5880707336461,826.7031430787875,5834107
2024-08-06,814.7406616210938,838.1692706586648,811.861695159918,822.5336361641266,5035943
2024-08-07,839.509521484375,846.8061268281134,827.4973466360904,846.8061268281134,2323809
2024-08-08,826.5542602539062,844.3243081423657,824.4695331125629,837.3751368819347,2365759
2024-08-09,824.8666381835938,841.4453265651337,822.9804103525141,841.4453265651337,1309164
2024-08-12,829.3836059570312,834.6947340657317,816.4780021268771,820.994951349038,1697136
2024-08-13,807.9403686523438,831.4186631991707,804.1679737018922,830.922293848007,1433125
2024-08-14,815.6837768554688,817.967063746415,803.3241679256572,811.8616965063991,2076958
2024-08-16,860.605224609375,867.6536453173877,824.3702611607656,829.4332044195395,8826463
2024-08-19,850.9756469726562,866.3134723884106,849.0894191588492,862.6899518062938,1552098
2024-08-20,861.0518798828125,865.6681390353243,853.7552747366731,858.7189681944444,1686482
2024-08-21,854.30126953125,864.8243360246944,847.1039140121519,862.4417389264153,1781137
2024-08-22,853.0107421875,860.2080978824193,847.8484887430965,856.2371430162569,1597012
2024-08-23,843.33154296875,864.2783057321304,841.5942502080728,853.0107454925233,2524444
2024-08-26,842.6365966796875,851.5216201655902,834.8932469358921,851.5216201655902,1382673
2024-08-27,840.2044067382812,854.2020593004054,837.2758759345128,842.6366287649731,3312432
2024-08-28,831.0215454101562,843.3315295843704,827.9440796625837,841.8424215274233,2135655
2024-08-29,825.859375,832.21286652664,812.5566517606577,831.0215679304064,4348398
2024-08-30,838.9635009765625,843.3812005724131,827.9937498082351,827.9937498082351,4433064
2024-09-02,842.0906372070312,847.7492601501574,837.2261931384572,843.8279300040984,1639881
2024-09-03,841.4453125,853.0107427926882,840.0058898335651,843.8279096581729,2402444
2024-09-04,844.1753540039062,845.6644620974689,829.1850234321605,834.595461623831,1426084
2024-09-05,835.53857421875,847.7988732663194,834.0494661275328,846.8061345388413,942254
2024-09-06,808.3375244140625,834.8932858854487,803.6716401866784,833.9005471388548,3788122
2024-09-09,820.7467651367188,826.2564531048196,806.1534933297745,807.6426014612593,2517054
2024-09-10,823.7745971679688,829.9295894955391,814.9392587067474,824.2709665396766,2172160
2024-09-11,818.0167236328125,829.3339695315084,814.2939533492894,823.9731560864494,1543757
2024-09-12,829.830322265625,830.9719354411724,821.2927328980677,823.9731395668585,1310892
2024-09-13,857.3291625976562,860.1585043980392,829.9792220790774,833.9005522706478,4679178
2024-09-16,855.8400268554688,874.4042530504478,852.2661916978309,862.6899482648981,3120053
2024-09-17,854.59912109375,859.662125028862,847.7988849535661,855.7407948828736,1262957
2024-09-18,854.4502563476562,857.3788477857614,842.8352008256588,850.876360483676,1326773
2024-09-19,843.1329956054688,868.5471435793105,827.2491758438041,861.6972220703071,3526011
2024-09-20,871.2274780273438,874.6028139182972,846.9550647525573,847.7988684293142,4012769
2024-09-23,903.0447998046876,912.3268825888003,873.9078820523594,877.2832179331074,6822019
2024-09-24,910.3414306640624,919.1768297458976,903.5908193053392,904.3353733653151,5638566
2024-09-25,913.7167358398438,916.2978322573048,896.0956236810495,908.3559225519326,2956612
2024-09-26,917.2905883789062,922.0557221741702,899.123481701483,914.2131225464552,4276089
2024-09-27,907.412841796875,922.2542982192264,898.4285682329386,917.2906044720831,4444599
2024-09-30,888.6500854492188,911.2348912276724,886.5652977914147,903.3426063207654,4693690
2024-10-01,907.114990234375,909.4479019505868,888.7989490381996,890.2880570933039,1899090
2024-10-03,858.570068359375,901.4067688932344,852.564011147587,882.0483636141396,5533806
2024-10-04,838.7152709960938,859.7613436683562,826.2564123620773,857.7262414407376,6178623
2024-10-07,819.6547241210938,847.5506570898432,809.7769620313469,842.289154148117,4635422
2024-10-08,833.9005126953125,837.0276638547047,817.0239547002883,817.2721393766857,2801195
2024-10-09,845.7637939453125,852.5640301762938,834.0494887615661,838.3678781065009,3340138
2024-10-10,854.5494995117188,872.3195472826344,848.2952575370939,853.7553206341729,4443507
2024-10-11,840.4525756835938,855.7407762005275,835.6378171308515,855.7407762005275,2156169
2024-10-14,856.63427734375,858.5204445821553,837.6729311793898,843.8279234452657,2214137
2024-10-15,869.0931396484375,870.880057257104,850.8267226461567,858.7190077257281,2052716
2024-10-16,878.3255615234375,881.4527126534674,859.2649664366926,872.6173140198944,3343590
2024-10-17,854.748046875,881.6512422320734,846.6075771673216,881.5519925958188,4342357
2024-10-18,868.7952880859375,873.9574807961835,840.6014850760102,854.6487617649063,2492488
2024-10-21,854.4998779296875,877.9781735728482,850.8763572602053,868.6960299174747,1786182
2024-10-22,809.2310180664062,852.7625881121804,806.1038667602916,851.7698493600126,4910152
2024-10-23,799.5021362304688,812.7552350333265,791.0638567694001,809.6280837021443,6343961
2024-10-24,795.580810546875,812.0602485670752,792.2054747634793,803.621969700547,2654323
2024-10-25,771.3579711914062,801.884686267514,761.0334644573363,799.1546548379434,3787373
2024-10-28,816.9247436523438,833.5034323451831,781.7817675777759,788.234569468894,12404776
2024-10-29,826.4053344726562,831.8157724506566,809.0820322166198,814.0953504819012,3086644
2024-10-30,820.3992919921875,836.3327361267891,817.0239561504071,823.9731271018686,2654524
2024-10-31,813.8967895507812,823.5759917639041,808.3871019478573,822.8811231555051,2475258
2024-11-01,817.7684936523438,822.3847527850108,813.0529848877324,818.0166783241655,276864
2024-11-04,784.1643676757812,819.00947377791,782.3277646218276,818.2649197108391,3511025
2024-11-05,793.2478637695312,794.6377222172458,767.9330263561753,784.6607101786099,3602796
2024-11-06,822.1862182617188,824.9658745533736,798.0129941263068,801.1401453243953,2936349
2024-11-07,797.5663452148438,822.9804332721058,795.729742150915,819.9525921679657,3183930
2024-11-08,780.2926635742188,802.5300359841124,777.3144473010348,798.3605210832617,2045558
2024-11-11,771.8543701171875,785.7527124729954,766.1957471825015,779.2999106649418,2034527
2024-11-12,759.2962036132812,782.774499130258,756.566172069073,775.3289585551446,2258658
2024-11-13,743.1145629882812,763.9124514656144,738.5479890746549,756.4669110029865,4136515
2024-11-14,757.161865234375,765.401584833384,745.5468096107282,746.5891731915245,1985408
2024-11-18,754.0842895507812,774.2865583777551,750.6097041133714,774.2865583777551,2762739
2024-11-19,757.6085815429688,771.5565484983517,753.290131737903,757.5092713153797,1919376
2024-11-21,768.3301391601562,775.7756795087746,739.2429069832795,761.3809681681124,4250528
2024-11-22,797.5663452148438,803.0264084030182,770.2660292739718,774.8822281597036,5603939
2024-11-25,817.32177734375,832.8581625729834,809.4294923889381,816.0312291241117,7824936
2024-11-26,821.3423461914062,827.6958981622099,814.045740921154,820.0021731717966,1954044
2024-11-27,817.7188720703125,822.9803750153477,812.1098742281762,819.5554144122716,2279120
2024-11-28,807.9403686523438,820.3992878401217,803.0759853661167,817.7188812254454,3511735
2024-11-29,816.974365234375,822.6329882194806,801.3387299447745,808.287901184597,2517628
2024-12-02,842.9344482421875,846.6075937349441,816.2794370460911,821.9876848576022,4392800
2024-12-03,840.800048828125,855.7407540513485,836.2830998897497,853.7552766637583,3983809
2024-12-04,841.7927856445312,846.8061039186232,834.843614803464,846.8061039186232,1677057
2024-12-05,844.0761108398438,847.7988811022954,838.268613467205,847.7988811022954,1991220
2024-12-06,850.628173828125,852.1669673644273,836.8787663753515,846.7069042386095,2604765
2024-12-09,856.4357299804688,867.0580467019963,848.9901893707951,850.6281719497445,3507045
2024-12-10,862.0943603515625,864.6754568815871,854.4502598083839,858.7190243427932,2333620
2024-12-11,869.3909301757812,876.2408515501203,856.7335115520402,856.7335115520402,3124962
2024-12-12,860.8037109375,873.0640703573786,855.2940232170996,871.4260272496012,1752393
2024-12-13,864.5264892578125,866.6112769230191,839.9562059610436,856.2371451904352,2141188
2024-12-16,886.8134765625,890.0895021835533,864.5264804287868,864.5264804287868,5928710
2024-12-17,866.1149291992188,888.3026158877084,864.6258210834285,878.5737883162712,3979629
2024-12-18,865.1221923828125,874.9502696137463,860.6052432065779,873.610096543335,3550474
2024-12-19,858.1233520507812,865.3207075883234,846.8061066928958,853.7552775567297,2850728
2024-12-20,824.6680908203125,863.3849020269754,818.513098458809,856.8327899291306,2873364
2024-12-23,838.1196899414062,847.7988927568385,826.5046344444945,831.7165128835734,3024905
2024-12-24,835.5881958007812,845.7141429002364,828.2419050091075,839.2613411966181,2883051
2024-12-26,832.6099853515625,838.6160425524266,825.8593741028567,833.9005335827623,1616769
2024-12-27,828.7879028320312,840.7007675680027,812.159529138071,834.4961505180175,1052649
2024-12-30,814.7406616210938,833.7515713338792,811.1171411363686,825.9585967908463,4581041
