date,open,high,low,close,volume
2015-01-01,600.7986440518144,601.7286729125757,595.9624826229642,597.1715087890625,378210
2015-01-02,598.9386003104997,603.1516583950275,598.0085714280301,599.1990356445312,430070
2015-01-05,599.1989993539452,599.1989993539452,584.2441199355286,585.6205444335938,1468825
2015-01-06,582.1980461502287,582.1980461502287,568.2476137344884,570.2099609375,1956675
2015-01-07,571.9863773721294,572.5350626207676,559.877383244312,565.3087768554688,1597185
2015-01-08,569.1775809910614,575.5110743520996,565.6434831809347,570.3494262695312,1394180
2015-01-09,575.6877810080698,589.6382118887176,574.9809500944718,588.4849853515625,2968190
2015-01-12,586.4762895357745,597.8226551692692,581.5750750980087,596.567138671875,1671110
2015-01-13,597.0785453093288,602.2866843694835,593.3584297622302,599.5617065429688,2453370
2015-01-14,596.1484493085283,599.5337676987409,593.5443800716155,596.7529907226562,1656545
2015-01-15,600.1661654909012,605.2533955550277,595.9531079662476,602.7609252929688,2218360
2015-01-16,603.0307895488963,612.8890736422125,601.0312046149921,611.1777954101562,2110020
2015-01-19,610.0989673290514,619.399256465165,608.1831100375904,618.2646484375,1243345
2015-01-20,621.6312052430263,621.6312052430263,612.3959703073763,614.97216796875,1488550
2015-01-21,609.6339443466434,622.9147842942247,604.890819659341,620.4873657226562,2155780
2015-01-22,619.417731370479,625.9093135154217,619.417731370479,625.2117919921875,1228990
2015-01-23,630.5130809142213,630.5130809142213,620.3292534809455,623.044921875,2207395
2015-01-27,618.4412415714755,618.4412415714755,594.3535290214338,597.52490234375,2061520
2015-01-28,598.938586936398,603.5887312449105,590.0288945472404,602.4819946289062,1248555
2015-01-29,601.5426674995139,628.6995221153774,597.1436490670905,625.5932006835938,7008190
2015-01-30,626.8394017998032,627.3695250195877,595.4044401840981,601.4031372070312,3163790
2015-02-02,591.4518865200453,592.242388374199,583.1467353079693,583.8907470703125,1931265
2015-02-03,576.9899374475484,580.1520015676649,571.9491400685954,574.2277221679688,2612865
2015-02-04,577.5478407303485,581.5004628287446,573.827725814211,576.0411987304688,1074225
2015-02-05,574.3858006787863,575.687863787319,569.4008596174417,571.4190063476562,2110710
2015-02-06,571.9677763518487,579.7800418565845,563.5975162101142,566.2573852539062,1222480
2015-02-09,564.1554295872523,579.0266373125263,559.3193253912899,576.450439453125,1760745
2015-02-10,578.6733073486085,585.0811633844779,571.9677784859498,582.2910766601562,1694925
2015-02-11,584.1139090967844,591.6657387120827,581.0726966351626,586.3645629882812,1164455
2015-02-12,594.2884001870337,621.8451579324808,593.7954576785954,619.6223754882812,2286200
2015-02-13,624.9793704833831,626.6534110157156,617.7251570003062,621.9939575195312,1055275
2015-02-16,623.4912726183584,632.9403393769534,620.915074915761,623.3517456054688,749685
2015-02-18,616.9811209765257,627.9554493275768,616.0696541639979,623.9097900390625,1048480
2015-02-19,622.5705443389743,631.815032737627,616.181251123604,629.2388916015625,858420
2015-02-20,632.0477184071866,637.06058860011,627.0255956059352,633.1452026367188,757390
2015-02-23,632.8287308432064,636.8836423513843,625.4629194338961,630.5222778320312,2079990
2015-02-24,627.7693764931223,634.2795774345325,621.3335937422306,624.9328002929688,1082050
2015-02-25,627.7694212627215,629.6387881772383,607.308788273418,609.9779663085938,2027820
2015-02-26,605.0767581579822,610.6569313599229,600.2406534611995,604.927978515625,2485045
2015-02-27,604.3326801652701,613.6329678155957,595.4044267267378,609.7361450195312,2169240
2015-03-02,625.5372660854899,636.1209969817521,619.7896956674731,629.9363403320312,1361095
2015-03-03,634.0937392823491,647.820975937817,625.5653895364383,633.88916015625,1999645
2015-03-04,633.8891022677604,645.0680108468543,626.9510663621076,630.643310546875,1453640
2015-03-05,630.2060934483371,641.7012354742742,630.2060934483371,640.1387939453125,1404490
2015-03-09,642.0733191361899,654.1823128737283,642.0733191361899,644.9843139648438,1170590
2015-03-10,647.3000921129558,647.3000921129558,634.4192149972381,639.357666015625,1110320
2015-03-11,643.3660812244341,656.9630985864164,626.4767253760782,645.0679931640625,1548505
2015-03-12,645.4400470671948,651.9502492710426,635.2469100385366,638.5206298828125,1841340
2015-03-13,643.3939674323506,644.3426150539891,624.7004096617195,628.0578002929688,970535
2015-03-16,630.5595892350414,632.1592116835056,613.8469972805749,616.2371215820312,1089025
2015-03-17,624.9793011901096,642.2313226304886,623.3052608433829,639.3854370117188,1772035
2015-03-18,640.7713209676438,642.4546710785995,632.4196792504059,637.4511108398438,852305
2015-03-19,645.4399745073475,647.3000320707692,634.474955606179,637.013916015625,1389765
2015-03-20,639.5251668067325,644.5101087138612,627.1185547448797,637.3674926757812,1539650
2015-03-23,637.9998101171557,645.4121130256586,637.7208128067307,643.328857421875,948465
2015-03-24,650.8341397253126,655.6703008147089,644.1379210449527,653.14990234375,2612275
2015-03-25,655.6704313648311,664.9707211714244,651.764298293169,652.991943359375,1969915
2015-03-26,645.439908704998,649.5413102378477,623.3982174727016,640.9199829101562,2686595
2015-03-27,638.9112584688925,638.9112584688925,625.0166239340489,635.2841796875,1219560
2015-03-30,643.1707983380803,643.1707983380803,627.3974874026679,637.1256103515625,1409625
2015-03-31,642.463961048633,653.8103251277823,642.463961048633,648.9276733398438,1400455
2015-04-01,658.646468855847,663.4453929344348,651.3364554304986,657.279296875,1413925
2015-04-06,656.6003588409452,687.1983302802502,656.4143417206772,684.101318359375,2183820
2015-04-07,682.2691884493463,689.1421157457127,678.0282588730498,685.4033813476562,1164730
2015-04-08,683.5711513515635,702.2275263546077,681.1809705820422,698.5353393554688,2219855
2015-04-09,698.4609746747375,700.12570587854,684.3152154522191,695.7080688476562,1549295
2015-04-10,696.777650471712,708.2727938417132,689.4025282415192,706.3383178710938,1077135
2015-04-13,703.1018357665674,708.2541753447841,694.0805442457714,705.95703125,1317300
2015-04-15,703.1017411996102,706.8218562324123,694.1083790018571,698.191162109375,1468240
2015-04-16,693.8014336619759,695.8939983077393,681.3762634332667,684.5569458007812,1167935
2015-04-17,681.7854968081234,688.2212799099923,673.3408198038303,678.390869140625,1292220
2015-04-20,678.9210612006182,691.1881440153555,658.4976071983377,663.4826049804688,1514980
2015-04-21,665.1379288848577,672.2247431445744,642.0918468688245,643.951904296875,1936100
2015-04-22,649.1693636948955,666.830600216648,648.7880201270428,664.0963134765625,1698220
2015-04-23,665.7518424465138,668.6907084837967,652.6942017401949,656.3771362304688,858435
2015-04-24,652.9731734427588,664.2079368221695,645.5050719745551,648.0719604492188,931160
2015-04-27,651.9501176949493,653.7822469841904,624.0678754765559,629.7410278320312,2723495
2015-04-28,630.0016075359744,638.1486131208969,621.4174020805427,634.6982421875,1383945
2015-04-29,634.8376750952591,643.0684645385496,623.1193342026047,629.1552124023438,1168845
2015-04-30,628.6994373665706,628.6994373665706,609.447830816213,615.7255249023438,4007680
2015-05-04,619.3990971604239,633.3495272766496,616.7950282249508,631.498779296875,1264110
2015-05-05,630.5595364725694,636.1397093617072,623.3146324400423,632.9125366210938,1574005
2015-05-06,630.5595883157371,634.0565060294181,610.6662567069077,623.7517700195312,2039700
2015-05-07,615.9022435255886,622.3752641996032,604.5280098337944,610.6383056640625,2099680
2015-05-08,622.9332582573707,630.5130154321324,614.376982227839,623.2030029296875,1342365
2015-05-11,628.699437418164,634.2331198548383,621.0267002011524,624.9235229492188,1216890
2015-05-12,630.745488234345,650.4063089667391,625.5094220080778,645.2353515625,6354760
2015-05-13,650.4529428331542,656.6004203978276,642.649986536684,649.93212890625,1952595
2015-05-14,650.183157915373,658.4418187916975,645.4400334016339,654.6287231445312,1084320
2015-05-15,654.182325049809,654.182325049809,645.4400310303586,650.35986328125,977035
2015-05-18,651.0202321069745,675.9449953547496,650.0902032039645,673.796630859375,1734110
2015-05-19,672.410883931228,686.8542597638553,665.9006817354899,676.3170166015625,1934910
2015-05-20,676.3170823554473,684.8733602831799,668.8768505512388,671.2484130859375,1224490
2015-05-21,673.898790749713,678.8372410039055,667.7606238766817,673.1920166015625,1149350
2015-05-22,673.3595158220116,680.7811279870806,668.6907527632663,677.553955078125,1027005
2015-05-25,675.2008991894749,681.4879028703008,665.2217084721395,666.9143676757812,1001045
2015-05-26,667.202700458143,670.5507815158244,658.088372579374,659.8089599609375,1452145
2015-05-27,650.146047907529,669.3418594248521,650.090248440044,667.1376953125,1199620
2015-05-28,667.1655177588269,669.6208076771132,651.066719778168,656.2191162109375,1456865
2015-05-29,663.1104643549243,664.6077969412906,649.1600338285234,657.5767822265625,3791700
2015-06-01,656.2282730128237,664.4125715455915,655.037865712708,658.1720581054688,792215
2015-06-02,655.6703074572969,656.804915352342,644.5099617984492,646.1375122070312,861195
2015-06-03,644.8820462445706,646.3700697425112,632.2336194542439,637.6370849609375,741335
2015-06-04,638.5764166245935,645.384234748165,632.2336129348906,636.5117797851562,827575
2015-06-05,637.9997766309115,645.7748040171135,633.3496324863713,635.3212890625,762220
2015-06-08,637.0697857020208,641.3478958637255,631.2757239178538,633.73095703125,927440
2015-06-09,632.419686837231,632.419686837231,616.2371603800227,617.8926391601562,1080750
2015-06-10,618.4505656750902,628.63439292176,618.4505656750902,626.20703125,886690
2015-06-11,628.3273536465551,628.3273536465551,613.0749173497189,616.1904907226562,947190
2015-06-12,616.8322481007783,621.2498845847354,614.5351043760562,617.0833740234375,778335
2015-06-15,619.3433549564025,626.058135359392,616.2370339203832,617.6506958007812,1237170
2015-06-16,617.9112812740559,620.3851334015319,607.5972348384469,611.32666015625,1597855
2015-06-17,613.8190361963165,625.6675945702779,613.8190361963165,622.5985107421875,1806375
2015-06-18,627.7322119469333,634.9678059477933,624.3562031163565,628.22509765625,2159880
2015-06-19,630.7549143321314,637.3860248632986,627.6579022323698,629.5830688476562,1766225
2015-06-22,632.6055963574723,637.9997520040328,632.41957924598,637.2371215820312,1036010
2015-06-23,638.929838859987,641.4967276442704,636.6977468481427,640.4829711914062,766625
2015-06-24,640.482929135214,646.3700274374323,636.353598919568,638.8460693359375,1369165
2015-06-25,637.0696489303198,652.7592282978567,636.4093081290746,648.313720703125,2353050
2015-06-26,650.4621713486263,658.4603963956737,649.0671281359236,656.6189575195312,1224430
2015-06-29,650.8343237857043,658.6465905828956,637.6278998021046,654.954345703125,1130240
2015-06-30,650.4622558607795,663.1106265935251,642.3151933577655,662.0783081054688,1976490
2015-07-01,659.948522414562,671.127488595462,657.6048880525824,664.7102661132812,1313440
2015-07-02,664.412560986086,667.7513324068774,657.7907608344148,659.892578125,718390
2015-07-03,661.0644686012854,669.6021262886777,660.3204569041434,667.3421630859375,704885
2015-07-06,659.5764397002195,694.3129928528316,659.5764397002195,691.32763671875,2391555
2015-07-07,691.1974648798731,698.2656615589194,686.0729967435587,695.6522827148438,1952545
2015-07-08,693.5410816938912,701.3068565931696,689.151372800991,692.0995483398438,1690125
2015-07-09,690.4534930403879,699.1771688527443,690.36976546121,694.182861328125,964305
2015-07-10,698.4373703647257,703.9634306364542,694.2670721871548,701.3733520507812,856355
2015-07-13,701.410694021679,708.760092364365,692.1163971239572,702.8038940429688,965105
2015-07-14,710.6207741034864,715.9317924642953,703.2526570996866,705.5715942382812,1374640
2015-07-15,708.9284651080296,714.3610440355727,706.8994447320388,713.4353637695312,966060
2015-07-16,712.5002854437424,725.4038225062233,712.5002854437424,723.0662231445312,1071235
2015-07-17,723.7207426420484,727.1616819601797,720.261084267039,725.0391235351562,1133300
2015-07-20,728.395896834783,735.6798352578257,722.7950183895979,734.9879150390625,869360
2015-07-21,733.4452180371808,733.5199801281273,717.2689843682996,720.5697021484375,746460
2015-07-22,719.9806548174945,728.9663737086692,716.4836150539148,719.5598754882812,689905
2015-07-23,724.4594366435616,741.4678121968926,724.4594366435616,731.8369140625,2702115
2015-07-24,734.1932424126541,736.6243229984373,726.6568241123679,730.9954223632812,1587895
2015-07-27,728.3959082052495,731.2197462915941,715.632593789197,720.8875122070312,1698575
2015-07-28,728.7512204783616,731.201019841106,698.895410749397,701.1114501953125,2594915
2015-07-29,704.0849488369065,707.7316267785238,685.9451544185666,694.2389526367188,2177750
2015-07-30,699.2227310018568,735.6892821575411,695.8566106463746,731.7808227539062,6650085
2015-07-31,741.8605448306334,765.517038592606,739.8128055385129,762.2630615234375,3523830
2015-08-03,764.8811637965537,778.635560721612,756.3816281444348,774.9421997070312,1823225
2015-08-04,776.2606736680839,784.4890122801511,769.2758968670774,778.2803344726562,2000230
2015-08-05,780.402923611992,787.3035219927066,774.241043208021,783.8999633789062,1442725
2015-08-06,789.5474632133008,809.0897566642241,789.5474632133008,797.8880004882812,2328085
2015-08-07,796.2797838990274,799.4589416999871,791.0435844189346,796.4387817382812,1073790
2015-08-10,796.092755400438,807.5562932040972,793.521396445101,796.59765625,1460555
2015-08-11,800.580990412827,805.4432081931477,782.6188575029263,789.8934936523438,1371000
2015-08-12,790.7069656654147,801.4879434579951,786.1813485206089,799.4589233398438,1430370
2015-08-13,803.0121489425474,807.491025998638,794.2414712700942,802.5913696289062,1165870
2015-08-14,806.5653329845184,811.2312296663324,790.6696559049741,796.233154296875,1352505
2015-08-17,788.986389807682,790.7723473730318,777.8313744155674,781.9642333984375,1080150
2015-08-18,786.2750162533007,789.9216373498734,777.7941981426854,783.8158569335938,2100885
2015-08-19,791.0435626828869,798.2901201424525,784.8816261321471,791.2866821289062,2782205
2015-08-20,794.9707413934515,809.3142180178138,794.9707413934515,803.311279296875,3407185
2015-08-21,806.5559565882695,806.5559565882695,787.5278635863518,793.6710815429688,2078250
2015-08-24,776.0828850830279,785.162140344183,752.5573133401131,756.1198120117188,2007385
2015-08-25,762.244414502844,776.0829913686104,735.3152811561613,767.7330932617188,2271915
2015-08-26,767.667580295377,772.342778713741,742.6085281870044,759.4766235351562,2203760
2015-08-27,770.8466905666896,784.3112269400367,764.0021936553651,772.3614501953125,3239700
2015-08-28,791.0434911334603,792.7452700313781,777.7191770097585,781.8333740234375,1473675
2015-08-31,785.358489092053,807.8275193394858,781.842730866762,804.6296997070312,2316040
2015-09-01,805.0410755361296,805.9013531212701,786.3683607605615,794.6154174804688,2487615
2015-09-02,794.7650868886003,800.8615644625916,781.1883482112931,785.4614868164062,1677550
2015-09-03,791.9692285767683,796.5509457162335,784.5356519024605,787.15380859375,1048115
2015-09-04,785.433373550559,785.433373550559,752.7069829859524,757.9151611328125,1829070
2015-09-07,762.9924279442195,765.7975471646026,734.9412357403879,738.02685546875,1125360
2015-09-08,738.1390182192166,749.9018335328683,720.2891424452364,743.8334350585938,2082665
2015-09-09,759.2522761971959,762.4220746432156,739.9343800935527,755.70849609375,3668120
2015-09-10,751.4072686278332,751.5942879891118,740.5514709886211,743.08544921875,3044895
2015-09-11,751.3979602384334,753.4363972237186,741.6922425515664,750.6873779296875,1981335
2015-09-14,752.052347917809,757.3820851160166,743.7305296198186,756.0169067382812,2069560
2015-09-15,753.6420146923903,753.6420146923903,744.4318962739575,747.3865966796875,1808375
2015-09-16,752.697625080765,752.697625080765,745.7970272897787,749.9766845703125,1729805
2015-09-18,755.1380307798529,756.4471091739078,747.4707509784536,749.125732421875,2746650
2015-09-21,747.9008076796391,747.9008076796391,736.9982703705813,740.0465087890625,1059220
2015-09-22,748.0223665764288,748.0223665764288,730.0789532636915,734.8850708007812,1332170
2015-09-23,731.1450189893337,740.0185375054051,721.2897201033724,735.7828369140625,878465
2015-09-24,738.6814230749867,747.8448014661609,736.1848828526321,742.4683227539062,2595465
2015-09-28,746.5357474823461,790.4638959836984,742.4215498189587,783.7970581054688,4571020
2015-09-29,773.9136658748405,775.5312663222475,751.7719322316763,763.2635498046875,2578965
2015-09-30,764.4884205601549,784.4982925669768,762.9923798982754,778.3924560546875,2746920
2015-10-01,788.0046983601421,794.7837361093098,783.5632598348254,791.5952758789062,1986180
2015-10-05,791.0435856214734,791.0435856214734,778.7477907473482,781.7399291992188,1572510
2015-10-06,791.4176305187345,804.9757062648521,789.1735123947076,794.1292114257812,1675200
2015-10-07,794.0357107729026,794.0357107729026,782.9367942935548,784.6011352539062,1330320
2015-10-08,789.9214126240616,793.6522113549278,785.6202534557564,790.1458129882812,1642270
2015-10-09,796.8408496004769,803.180389136437,792.1469320095435,796.2517700195312,1328605
2015-10-12,789.3605416874965,801.0672001540661,777.1956658198628,783.0957641601562,1210975
2015-10-13,785.4333351089331,795.3073518960622,780.3279978854194,790.6788940429688,1329840
2015-10-14,791.0435558197872,796.6537938043248,781.7025187067791,784.84423828125,1101435
2015-10-15,785.4334599359453,792.8389594356566,782.8621003944884,786.82666015625,1268355
2015-10-16,786.6302478635897,800.3098265464816,777.9997923872161,798.52392578125,1019710
2015-10-19,791.0622734985504,815.3545856668185,787.3688554177675,813.0357055664062,1683600
2015-10-20,817.2247965759726,820.3291356036218,798.645560056969,807.8182983398438,1816010
2015-10-21,797.5888915894733,797.5888915894733,778.5140582239278,780.496337890625,4546375
2015-10-23,783.5632576341853,784.9470981083246,774.465339743003,783.2640380859375,7302805
2015-10-26,794.9707457494586,796.8408251056934,777.1208131832689,785.5736083984375,4354730
2015-10-27,790.0991388557478,790.108498383425,778.4205028452086,781.5248413085938,4071250
2015-10-28,785.433309336592,785.433309336592,763.0110766968335,769.28515625,3227090
2015-10-29,769.5282331890253,792.9135827745054,763.5907545423551,789.4259033203125,6075625
2015-10-30,796.8408846051376,816.3551595789386,791.0436267538748,800.3753051757812,5226980
2015-11-02,795.3447845878735,806.9673788447463,791.6420637211785,803.4422607421875,2237600
2015-11-03,806.0041816433446,812.5494592204947,803.993823559389,810.7074584960938,2533870
2015-11-04,811.6331034943471,818.9451201196453,806.0041467591285,808.4165649414062,1432455
2015-11-05,805.087987942269,809.4078672584603,792.3714124029705,794.671630859375,1511245
2015-11-06,796.2797930300113,802.6381087048419,676.0337093299994,678.9603881835938,20077465
2015-11-09,667.618374369191,668.5534141092038,644.4200407022835,654.7428588867188,8571740
2015-11-10,654.1536348007127,654.1536348007127,617.1260921026663,622.8672485351562,9468305
2015-11-13,620.1183831748193,637.4539998617865,616.7522057807424,633.8821411132812,8533480
2015-11-16,643.3072565687971,659.2029300595958,637.6970188661622,656.2482299804688,6525455
2015-11-17,647.0475156547467,649.1139740751942,637.7158370874236,643.5504760742188,3942100
2015-11-18,640.1281822856773,642.1852811248759,628.34670440618,629.6464233398438,3717640
2015-11-19,635.8270077090581,636.7620474262773,586.8028821836907,613.5917358398438,19031830
2015-11-20,620.3052552762969,631.553751295184,618.9494365257162,627.0562133789062,3921190
2015-11-23,628.3466449684597,640.2777600369051,628.3466449684597,637.5567626953125,2838850
2015-11-24,635.6399321036025,637.5100113725572,626.4765550997831,633.5267333984375,1607540
2015-11-26,589.0749859899151,598.4066635372302,576.1714500918134,579.8648681640625,13707815
2015-11-27,585.3348463624578,587.1955662156538,569.8225127832328,579.5936889648438,6941180
2015-11-30,582.5297051825323,586.8308647682836,580.1079273646656,581.5946655273438,3855655
2015-12-01,585.7088493740468,602.9977230698028,585.2413295571998,600.4637451171875,5924780
2015-12-02,603.1006338146939,610.5809517534808,602.1655940723456,608.0844116210938,4179595
2015-12-03,607.2148211440921,607.2148211440921,598.6404657625068,602.84814453125,1960590
2015-12-04,597.3408609268334,601.4737209322257,594.6853227395169,597.5839233398438,1629340
2015-12-07,598.9770801064868,599.4165213523571,589.5144262553175,594.66650390625,1733125
2015-12-08,588.8505868551288,589.6173262266418,569.0651156417044,572.8427124023438,4393125
2015-12-09,555.0302389744404,565.5119974551127,551.95392184565,560.1261596679688,5197810
2015-12-10,559.90171699162,568.0739541968226,554.787077627879,560.1448364257812,3435450
2015-12-11,560.2664401803613,565.5026396727534,551.86044240779,555.2265625,2429255
2015-12-14,554.6655322996519,564.2029481524038,551.9071539155793,562.9686889648438,1876560
2015-12-15,563.0809287351943,568.868826863602,558.4618302525047,559.939208984375,1973825
2015-12-16,562.3142183050645,569.0651780129856,560.5282603949804,561.8654174804688,1604035
2015-12-17,567.7560333203371,572.9828725112671,562.9966568400059,564.3805541992188,2461875
2015-12-18,561.9589167050334,562.5667153998061,555.3762570945953,556.1990966796875,2192485
2015-12-21,557.9382786885942,566.540656549656,554.0204595130717,562.7911376953125,1833850
2015-12-22,564.8013506316839,567.0080876611191,560.0887711658445,561.2294921875,951540
2015-12-23,563.828946275803,566.8678253394785,562.9219851490013,565.6242065429688,863570
2015-12-24,568.2236588060534,570.196578951534,561.9588811627258,562.8939208984375,1132870
2015-12-28,563.82889082732,585.1477827480264,563.82889082732,583.5956420898438,3759550
2015-12-29,579.724756139885,588.5421758243498,577.8546762813693,579.8182373046875,3116650
2015-12-30,581.7817695058652,593.1892663727057,581.7817695058652,583.6798706054688,3166420
2015-12-31,585.1478024646372,590.010020066246,578.855003872858,581.3328247070312,2729505
2016-01-01,583.2403421209798,584.0257434688365,577.8545045973694,581.3328247070312,859300
2016-01-04,580.6596545142597,583.4647736181934,568.9810177761299,571.4962768554688,1669965
2016-01-05,573.1793624388858,576.994340569875,572.2443226959186,574.2359619140625,1507525
2016-01-06,574.8530117664112,578.2285483109081,567.5316923225286,569.6729125976562,1333990
2016-01-07,564.9510135530846,564.9510135530846,555.4135969390618,559.4903564453125,2419515
2016-01-08,557.2836232099419,567.0080582551443,556.4981648045572,563.0247802734375,1854355
2016-01-11,559.8083221372488,559.9018032862002,546.5120269212184,548.2138061523438,2329895
2016-01-12,545.3151405530226,550.3456584841597,540.4996634809662,546.6709594726562,2357910
2016-01-13,548.8683748079422,551.5425749985499,533.9825568405357,540.6306762695312,1875845
2016-01-14,538.5828352808747,546.9981920821384,533.7206177149753,545.1281127929688,1956610
2016-01-15,548.157620528443,554.4784975235326,546.7083205240161,549.0365600585938,1705645
2016-01-18,547.5592682137732,551.8043853079757,534.8614691876721,537.629150390625,1377180
2016-01-19,541.930317761959,550.8692948867158,531.4111212833873,545.2216186523438,1225980
2016-01-20,541.0140086011244,542.8840882120102,534.4500679747199,536.7315673828125,1976660
2016-01-21,541.2009385481144,541.2009385481144,514.2811675429512,515.5995483398438,3119925
2016-01-22,520.6300639579633,544.5390345766256,519.7043838388178,539.0222778320312,1922080
2016-01-25,544.1931279872432,547.1852665654935,538.6577087131728,542.9308471679688,943135
2016-01-27,545.6890523711846,557.6576041318518,542.3229328574247,555.9744873046875,2136065
2016-01-28,556.0867092239109,566.5966019967934,554.4784685469895,563.1182250976562,3050750
2016-01-29,560.6404432874303,583.45537627871,555.600565927105,580.7344360351562,4349920
2016-02-01,576.9194475962992,586.8308447755104,568.7378508921377,570.4676513671875,2828705
2016-02-02,572.2443300222988,581.1459267518076,568.6911903675924,570.09375,2046945
2016-02-03,568.1114035237249,568.1114035237249,560.5188861714811,562.575927734375,1709585
2016-02-04,570.1873193655999,570.1873193655999,555.4137003658884,562.6415405273438,1690605
2016-02-05,563.6606373474224,584.2127916378756,559.7895593025444,581.4263916015625,2201340
2016-02-08,579.5375685475416,584.2127668370027,567.0080713739608,574.1798095703125,1702935
2016-02-09,571.8702005381666,582.5296748809576,551.2993291940558,553.4686279296875,5609845
2016-02-10,542.3230423709916,549.3639189182743,528.297446447604,539.5272827148438,3199525
2016-02-11,542.3229721890084,556.8254456282743,533.3466147877884,539.5833129882812,3930550
2016-02-12,545.1095283996192,548.7094661627619,528.3536298090189,532.495849609375,2541695
2016-02-15,537.1430396875774,541.743420000375,526.0627826677662,534.6651611328125,1903910
2016-02-16,535.2541355810356,546.7177315934166,532.0656752707039,534.0292358398438,1654515
2016-02-17,538.4145832605035,558.9667382284233,538.4145832605035,553.6744384765625,3638300
2016-02-18,570.3742287516583,589.8978626555354,564.7639904360682,580.3978271484375,5658600
2016-02-19,580.6596551797073,580.6596551797073,569.5700980063182,572.0198974609375,1927980
2016-02-22,574.1143030631284,583.0532791798015,573.6280642182378,581.2205810546875,1438030
2016-02-23,583.4647266854626,588.8879451027759,573.3663101376567,576.1527099609375,1731230
2016-02-24,574.9934104374831,574.9934104374831,561.02391272775,563.492431640625,1986430
2016-02-25,563.0622221041739,565.2782617157359,558.2187231138661,559.9859619140625,2799830
2016-02-26,564.7639912452503,566.5966896429419,552.8328752790868,559.9111328125,1215375
2016-02-29,557.3958600439767,575.2364334563086,556.9189806668883,567.8028564453125,2509475
2016-03-01,568.5041660928003,570.271404911243,561.0238481178951,565.6148681640625,1597260
2016-03-02,570.3555513006309,575.0307502379987,562.1459316431688,563.875732421875,1842655
2016-03-03,572.6183179253369,598.6124093912633,572.6183179253369,596.2093505859375,4450185
2016-03-04,601.034182480772,613.9470791910841,598.4254421143618,608.2901000976562,2963165
2016-03-08,609.6458557922452,611.5159351044914,596.1812619159564,602.0813598632812,1503355
2016-03-09,602.3526288962407,603.3063306501141,593.63805142543,602.15625,1751980
2016-03-10,605.0641369165679,605.0641369165679,590.9450609776551,595.47998046875,1273630
2016-03-11,594.6852884236026,602.577026294929,594.3112496908145,600.4544677734375,1540835
2016-03-14,600.2956023882166,607.214920321748,595.0967829431806,604.7183227539062,1689115
2016-03-15,604.5965748175703,604.5965748175703,581.4076044475062,585.9612426757812,1074240
2016-03-16,581.7817916367962,591.6370908657525,573.4131737730517,589.8792114257812,1458955
2016-03-17,591.7679840938986,591.8989033607584,580.7251665084434,584.4933471679688,1481985
2016-03-18,581.2205942095328,594.3111486473176,577.1812733477271,593.0582275390625,1904355
2016-03-21,590.3842001798167,598.2385008913149,584.6897822274638,595.1061401367188,1624205
2016-03-22,594.6851292043315,598.4065681969247,569.4390623984872,571.86083984375,5177515
2016-03-23,572.2442251249805,575.7506235632463,566.82100695452,569.9814453125,2024905
2016-03-28,568.1300540235225,574.9651914079022,563.6605942870533,567.6906127929688,1902365
2016-03-29,566.6341053150575,566.6341053150575,539.9200120163721,550.0465087890625,2533990
2016-03-30,555.6191445104,565.9420171193589,547.0822863767693,563.9503784179688,1805565
2016-03-31,565.1380447938985,572.8053250478519,561.6783863228018,567.6065063476562,3311230
2016-04-01,564.8014118919407,565.9141115202932,554.5066717852765,557.2743530273438,1585615
2016-04-04,562.5197896495042,569.3081861454236,560.4627482255298,563.2210693359375,1532140
2016-04-05,561.9588246149164,568.5041021062715,559.5464063598498,561.0050659179688,1418750
2016-04-06,562.7068408549106,568.5040980052061,555.4322621721187,561.294921875,1148040
2016-04-07,561.958773450256,575.0493272411105,561.958773450256,567.7092895507812,1792820
2016-04-08,570.3741738243205,577.7516501957374,566.6901154023813,568.3451538085938,1104765
2016-04-11,566.4751734611729,567.569154038697,560.088835698813,566.4938354492188,1142755
2016-04-12,570.374219612723,579.3505779457234,570.374219612723,576.4987182617188,1435325
2016-04-13,579.7246456977749,583.9697056225774,576.9288859731573,579.6311645507812,1819860
2016-04-18,580.4725628505139,581.4076024353473,565.1192288472299,578.0508422851562,2260020
2016-04-20,582.7167197819463,585.3348193810942,579.6030217758446,581.3609008789062,1775285
2016-04-21,583.2777659370478,587.1862251183136,581.3609459250573,585.5592651367188,1538560
2016-04-22,583.0719810709786,590.9449981360865,583.0719810709786,587.5695190429688,1214865
2016-04-25,590.6552070717647,592.6094650785898,579.2664308235393,582.7447509765625,902240
2016-04-26,582.9037940585093,586.2418356930689,579.8181172744886,583.5115356445312,886920
2016-04-27,579.6871999599015,586.2698585278923,577.106481403556,585.47509765625,966445
2016-04-28,585.3161179775359,587.9529367116494,574.4135804689581,576.6109008789062,1641560
2016-04-29,579.7245266598768,581.2205671263688,573.5532883977407,577.611328125,1937975
2016-05-02,576.1620206267964,576.1620206267964,561.9587676280612,563.2304077148438,1065565
2016-05-03,562.7068732963494,566.2600126996712,551.9539168753297,553.4219360351562,1743355
2016-05-04,551.4863922983639,553.3564716598845,546.0631735640128,548.5503540039062,1170210
2016-05-05,549.6163599383863,552.0474975584424,544.3801601064617,547.84912109375,1009435
2016-05-06,546.053831863049,546.053831863049,534.8333553276091,536.0208740234375,1220560
2016-05-09,533.1596778155288,536.6847388715174,527.73645866991,531.1119384765625,1968910
2016-05-10,535.5907903922524,553.9176048638387,533.0194309212898,546.8954467773438,2237095
2016-05-11,544.8662417362636,544.8662417362636,533.9169646775156,536.4696044921875,1815880
2016-05-12,536.8998367682013,558.7797327128688,531.8599588103428,555.6847534179688,8655965
2016-05-13,542.3044143037708,550.4953728285859,539.4619135983455,545.5396728515625,3378110
2016-05-16,547.3348596588344,566.2600552506964,547.3348596588344,561.47265625,3630650
2016-05-17,563.4455990947329,567.9431377781868,562.7256002617554,564.3432006835938,1535665
2016-05-18,563.9224894061973,569.4392471409377,561.0238888088056,565.7551879882812,1257295
2016-05-19,570.280673900719,570.280673900719,563.8288778435482,565.8111572265625,1812590
2016-05-20,568.5042278785284,569.4392677270127,565.1381072521058,567.3447875976562,1137700
2016-05-23,564.76398132201,569.8693186521143,564.5863214954048,566.5966796875,1195245
2016-05-24,565.6990332309339,568.5041524039798,563.8476728392181,565.7271118164062,884955
2016-05-25,564.7639040218639,575.0493393600104,564.7639040218639,570.6640014648438,1047270
2016-05-26,572.6931167903499,581.5947133014456,572.253675510054,577.9854736328125,1407535
2016-05-27,576.7324985781811,586.8309163274101,575.0775170508883,582.7261352539062,908980
2016-05-30,581.9688196110326,594.0027777937954,581.9688196110326,592.8619995117188,1377375
2016-05-31,593.4791137961587,598.182334169314,590.9451354705897,595.2650146484375,2781820
2016-06-01,596.5552917364058,602.1468105343888,593.2078338375766,595.2742919921875,971200
2016-06-02,593.1892027730522,598.19164229157,592.1980629834464,594.133544921875,1192120
2016-06-03,595.9943858305527,597.8551058840786,587.6351278131286,590.9638671875,1693175
2016-06-06,590.2719163342387,592.6281776787148,584.6429588190796,589.2994384765625,1994080
2016-06-07,587.2330436312661,595.2462840948104,585.7089242678346,590.187744140625,2996330
2016-06-08,588.8879954636894,592.0297151791865,586.2698957007751,586.8215942382812,1182665
2016-06-09,579.4814507159208,579.5375508108657,572.6650323638071,574.2919921875,2852425
2016-06-10,571.3559983830617,578.4248962460092,570.3742181102095,573.3289184570312,1481405
2016-06-13,573.9273456951014,580.1453824117425,573.7403263445459,577.5272827148438,1983470
2016-06-14,577.4805701585612,581.4451869354765,575.9845292742812,579.2197875976562,1349660
2016-06-15,578.7896035478002,578.7896035478002,575.4982453749849,577.2467651367188,1088955
2016-06-16,577.2467573710423,577.6675366657036,567.0081179326316,570.0469970703125,5407740
2016-06-17,576.1715186609107,578.7708995493446,560.986481901719,561.5755615234375,5331775
2016-06-20,562.1458931309061,572.992331094397,562.1458931309061,571.6739501953125,712150
2016-06-21,575.7974732741042,578.6025925564434,568.1301358216508,570.1965942382812,662355
2016-06-22,573.9273890674442,586.0829058583525,573.1512900926491,580.6784057617188,1533625
2016-06-23,581.2860659473945,594.4888208470991,581.2860659473945,593.10498046875,1082000
2016-06-24,581.5948045839515,592.2449224998138,576.9196051901898,589.6829223632812,1491785
2016-06-27,585.7088018909465,611.1418322093493,585.7088018909465,607.139892578125,2081950
2016-06-28,605.9057656177595,614.3211234735617,604.9988044425993,612.0863647460938,2009200
2016-06-29,616.93917666199,621.231033954291,609.5149592331888,612.3948974609375,2120195
2016-06-30,622.3998488043122,634.5366460272072,620.1183496197785,632.40478515625,3062975
2016-07-01,641.437125564929,655.6029974488864,641.437125564929,651.5542602539062,2745410
2016-07-04,664.9254688752877,665.4584483863702,639.2492565470361,642.372314453125,1702580
2016-07-05,643.3072315486962,650.7969077216646,641.4371523872175,645.2801513671875,1583845
2016-07-07,648.8989341312774,663.1302702654177,648.5436144241366,659.1657104492188,3010480
2016-07-08,661.4564988261599,667.9924751551434,653.5928389929854,665.9821166992188,1073090
2016-07-11,669.8624671579088,680.5218855474457,668.2915502324287,678.1749267578125,1339315
2016-07-12,678.2778799661278,679.194200689013,666.8797427529156,672.5460815429688,1405505
2016-07-13,674.1637770795396,678.2218754117303,664.8133779522228,676.1460571289062,931630
2016-07-14,672.0504747501875,673.6306942433392,665.7483158354647,670.0869140625,1085130
2016-07-15,669.6754147555802,675.8092726318307,666.4495165200638,670.9844360351562,1368450
2016-07-18,674.4164284951171,678.8827624586609,666.4710439661436,670.9373779296875,1135725
2016-07-19,670.796354310646,677.5663302456416,670.0534957393651,674.3505859375,914720
2016-07-20,675.8739373851706,693.8991071808405,675.12172410098,691.4168090820312,1512415
2016-07-21,689.0378865097244,689.0378865097244,676.1372590892346,680.1992797851562,1209170
2016-07-22,679.5974806854542,684.8442645489794,673.062516488745,676.9740600585938,1585395
2016-07-25,671.3606564703911,673.0813868272392,651.6147548094972,654.8775024414062,2805770
2016-07-26,655.9398788754396,661.5722092104484,618.7236052386745,624.2806396484375,7676225
2016-07-27,567.9484879362175,577.2196438423397,556.3172177871962,560.4450073242188,23594215
2016-07-28,562.0999246461636,567.7040196112505,555.3111239251111,556.5993041992188,5719065
2016-07-29,557.7747306536336,559.8433604428442,550.0832385471058,552.0108032226562,3448735
2016-08-01,555.329859022139,564.7233131238409,554.4084021341405,560.5014038085938,3112110
2016-08-02,562.0999895264516,563.9805515907021,557.5866520502902,559.9091186523438,2047300
2016-08-03,559.373072928938,559.8432133306634,551.0045508221518,552.7252807617188,1737965
2016-08-04,556.3830209614866,560.7459383805751,551.2114756921053,557.1070556640625,1502550
2016-08-05,560.8682726850925,566.9895119216043,558.6680470161502,565.8047485351562,1488330
2016-08-08,569.7726665130265,572.5840973779567,565.8610656129711,570.9761962890625,2015970
2016-08-09,571.6906923843457,575.1320946559002,568.1270490248496,571.3709716796875,1210050
2016-08-10,570.1863078344879,570.1863078344879,561.9117907697498,564.1026611328125,1249310
2016-08-11,563.2188370182356,568.6160401051114,559.1474047249236,566.2089233398438,1139890
2016-08-12,565.6164627747162,568.3057093413906,561.1595411936338,566.2652587890625,1209155
2016-08-16,565.8611010573638,567.5442407971246,560.7836180310455,565.456787109375,1523125
2016-08-17,560.8022929007,567.9108138870293,560.8022929007,565.04296875,1763255
2016-08-18,569.8102464340797,572.2549539082473,567.1116447426783,569.28369140625,1323700
2016-08-19,569.8101576899447,570.9102701429656,564.7326184772277,566.0772705078125,869430
2016-08-22,567.5535010697573,568.822914658004,560.9715350853623,566.6132202148438,866895
2016-08-23,568.4939313448309,568.6538204531267,563.2283801294188,565.8988037109375,1088960
2016-08-24,568.8698853718525,572.442940942432,565.5224880113876,571.6531372070312,1269565
2016-08-25,573.7594607269455,578.8369435428181,571.8788987825046,573.6278076171875,2323985
2016-08-26,575.4518760470844,577.5299173710555,568.8699101445851,571.7659912109375,1172565
2016-08-29,574.5116139576064,575.2638271786946,567.4595074032986,573.9756469726562,729315
2016-08-30,576.2041427632207,582.974176941222,571.8788734387665,581.2346801757812,1078005
2016-08-31,582.5040871837722,588.6441497420602,579.1755130603364,581.0654296875,2390975
2016-09-01,577.3419183612009,584.6479197464034,576.6367076449518,582.5322875976562,1361525
2016-09-02,582.4287777346924,590.3083362506713,579.6079350408629,587.308837890625,981150
2016-09-06,588.8039021783417,591.4366771805986,585.888996998186,589.1893920898438,662725
2016-09-07,589.7441843742567,593.815616688154,585.9172342736462,590.2801513671875,762925
2016-09-08,592.969406578005,601.4036995289763,590.8725983307015,599.6077880859375,1002560
2016-09-09,596.608232091481,606.481181558716,596.250920757642,600.519775390625,997660
2016-09-12,592.9411289112763,598.9589497930609,588.9919949346854,590.0451049804688,837335
2016-09-14,592.3676239985585,596.138160029124,589.5561929625563,593.8438720703125,702670
2016-09-15,594.9909313699459,597.9810175236051,589.0012896817066,590.3929443359375,559065
2016-09-16,590.6844822587049,597.6707625700676,589.5561336827091,592.4052124023438,1041815
2016-09-19,595.5740703660766,597.0596731798123,590.6845971789548,593.75927734375,664425
2016-09-20,596.138160029124,601.7798460861819,592.4428625485748,593.8438720703125,1405770
2016-09-21,594.6335913641365,597.8305115988862,589.556052169284,592.9410400390625,1250240
2016-09-22,592.7530886970245,597.1723629133343,590.9007055236851,592.2453002929688,1438040
2016-09-23,595.9499569370081,599.3255902458212,592.4521399237038,598.4323120117188,775585
2016-09-26,598.7708445182683,605.5408782374705,594.4549874780323,601.7139282226562,1160760
2016-09-27,600.8395116116384,605.5409162408374,598.0186688341189,600.0308837890625,873535
2016-09-28,601.6292738070462,606.9888282899441,599.4572275215037,601.8455200195312,1185835
2016-09-29,601.77988508751,603.6228566460633,585.0710721007625,589.6314697265625,2161055
2016-09-30,588.2397365959617,588.4278042631157,575.1322179190314,584.3657836914062,1185890
2016-10-03,585.7197177672115,598.9588879050721,585.7197177672115,594.3609008789062,1080630
2016-10-04,597.8305768224855,597.8305768224855,590.9477138388398,592.066650390625,792700
2016-10-05,592.0008050340881,592.3581163512184,583.9144126141862,587.32763671875,904875
2016-10-06,585.7950580197468,586.7071030346979,575.4519671076806,578.6771240234375,802650
2016-10-07,577.3325008268113,579.5891980532218,572.6310960969512,574.3800048828125,902585
2016-10-10,574.323589311801,582.7485272333663,571.5027464788451,578.9591674804688,1585075
2016-10-13,577.4829168582181,580.10633741054,569.3589331531726,573.599609375,1939985
2016-10-14,576.0067558382283,576.0067558382283,568.2306137006123,570.0453491210938,2060800
2016-10-17,569.8102726345891,574.6715092213091,566.4252840700661,569.61279296875,1004740
2016-10-18,570.7505110480475,574.3235670197333,568.1177359841839,572.6968994140625,776260
2016-10-19,572.8191449201487,578.0846950882933,572.8191449201487,576.4862060546875,1071645
2016-10-20,578.2915060898305,581.0935244610457,574.6243880764782,578.9873046875,504830
2016-10-21,582.7861339172133,591.0605949778611,580.8303334297233,585.53173828125,1568765
2016-10-24,586.7353266183627,589.0390264781568,577.7274188359605,580.9525756835938,1368975
2016-10-25,584.6478593308442,603.4722430793372,577.0503739302987,601.892578125,5564420
2016-10-26,602.9081701084482,612.1040881623109,592.9693933577391,609.734619140625,2462735
2016-10-27,613.0631454454251,626.7818689977976,609.7157477444289,625.2492065429688,3454425
2016-10-28,624.3466550794626,639.3723288052145,623.7260948005012,632.5177001953125,2748385
2016-11-01,625.8509563337842,632.1978525330128,621.1401971403409,625.5877075195312,1557965
2016-11-02,622.6540189084624,628.1076366105758,611.1825805342429,613.2135620117188,2000180
2016-11-03,614.9438456331616,618.704970071285,612.1324142980972,613.5051879882812,804100
2016-11-04,595.7619515491562,595.7619515491562,576.7306754348917,579.1566162109375,3160050
2016-11-07,587.4875399064528,593.3078814195222,579.410558494398,584.2247924804688,1145850
2016-11-08,585.0428146570723,591.8128489298541,582.7861174360803,586.5472412109375,1515015
2016-11-09,564.356616952432,628.2957192054456,556.6557139589981,617.3038330078125,3319875
2016-11-10,622.4659388186931,626.8570344326472,614.0128229407306,616.4951782226562,1567985
2016-11-11,607.0454213517412,620.7453231015842,607.0454213517412,612.3580322265625,1673675
2016-11-15,612.4049252311961,626.2270656354214,612.4049252311961,622.5975952148438,1595030
2016-11-16,627.1672925354515,630.9190037386536,600.8394301801401,603.8389282226562,1684820
2016-11-17,598.4888115533939,606.4811994531643,593.5241006989496,603.1243896484375,1160635
2016-11-18,610.0542414566272,612.6870165202304,590.8913119658919,604.5723876953125,1093480
2016-11-21,600.6703168392501,600.7831459683221,585.0522631630528,589.443359375,1215280
2016-11-22,589.5561272078477,592.8941129412732,578.3385829023428,587.0455932617188,1066840
2016-11-23,582.9741598447725,591.624755630185,582.0432909332576,588.3525390625,1548100
2016-11-24,589.5562451876488,592.1044276096188,580.1534342596161,585.174560546875,1484920
2016-11-25,587.4875676765218,602.4662373836995,578.4608928735043,595.8466796875,1520805
2016-11-28,596.2320978207773,599.9932214339416,594.4455985386395,596.6834716796875,1021955
2016-11-29,596.8622373729528,602.3064441461281,594.2576404258418,599.5702514648438,1211525
2016-11-30,602.7201501164325,605.1555032757674,597.7178480679556,601.1968994140625,3023250
2016-12-01,602.720059464402,610.6654445812457,600.9805627480775,609.0669555664062,1061115
2016-12-02,598.7708790211832,602.8704900631409,592.7154675942705,598.1126708984375,1705250
2016-12-05,601.3096667461036,601.3096667461036,586.4626512253056,595.7902221679688,2031470
2016-12-06,598.2067093603135,604.0270503228361,597.9904057318514,601.0087280273438,575135
2016-12-07,598.958995659407,603.4723329712657,596.2415698018417,598.7333374023438,767295
2016-12-08,594.257512020744,609.5934907711148,591.0605340949362,603.9800415039062,1314555
2016-12-09,604.9767434199006,604.9767434199006,595.2166232576338,599.2222290039062,582285
2016-12-12,599.7111369916865,599.7111369916865,590.2425015926495,591.9820556640625,556605
2016-12-13,594.0694065327546,598.0185974277676,591.3238026263949,595.545654296875,398070
2016-12-14,595.0097831359479,595.6209887192372,590.4870339901947,591.9444580078125,448350
2016-12-15,592.7532293493841,594.220065572135,583.2940037637793,584.3847045898438,612955
2016-12-16,586.1711210674682,589.1799739585828,583.246803926499,584.4409790039062,800170
2016-12-19,584.8547041728687,585.7949850477446,574.530438531591,577.1162109375,1089050
2016-12-20,578.3291741965706,580.7174670474502,570.9761705937055,572.9131469726562,1250775
2016-12-21,573.947467261508,576.7683098776881,567.967237298662,571.098388671875,1171200
2016-12-22,568.5596573687859,571.6908089541872,564.3566291331426,566.4910278320312,1264925
2016-12-23,564.3754301573313,571.8224969439702,560.4262958982862,563.8959350585938,716295
2016-12-26,562.2880409626425,569.4341536442156,560.238235258666,561.5358276367188,533075
2016-12-27,561.9118976176732,571.6908428862805,560.9716166260838,570.7411499023438,677985
2016-12-28,571.352401537745,585.1838993087232,571.2677509899947,577.2479248046875,736635
2016-12-29,577.2478184391965,579.5797540818702,571.9916803797398,576.6272583007812,953795
2016-12-30,578.272764857201,578.272764857201,573.0259812629012,575.5271606445312,885245
2017-01-02,576.5801971429702,586.1710727661188,576.5801971429702,579.8523559570312,477630
2017-01-03,582.0339016889758,585.7856134560424,576.5332811476698,577.7838134765625,554600
2017-01-04,582.2690037644236,585.4753366925297,578.2822215444149,581.338134765625,1179225
2017-01-05,580.8398263513828,591.4368127280851,578.4609450079581,589.7913208007812,1218265
2017-01-06,592.1513288692557,602.5038311121414,591.5683592826799,594.0977172851562,1770195
2017-01-09,593.1291808372598,593.1291808372598,573.9192489178026,575.489501953125,1401490
2017-01-10,577.4923141239512,578.0846956922605,570.7787520001009,572.0386962890625,1230110
2017-01-11,574.521015381337,575.4518842469532,568.2963607017762,572.1514892578125,1385185
2017-01-12,559.8433310148193,567.7604809748798,553.4493742951378,565.76708984375,2171950
2017-01-13,562.6641122756158,564.9207519965257,559.4671342665872,560.3604125976562,987580
2017-01-16,563.9804742618711,565.4849581411077,557.6524021481903,561.4041137695312,1008200
2017-01-17,561.9212404936428,564.1685255607722,558.6679053926308,559.7586059570312,588425
2017-01-18,559.7680728401142,560.8211829332157,553.261344609838,554.3990478515625,2155100
2017-01-19,556.2701143644666,559.4200895694104,551.6533607550201,552.93212890625,1407100
2017-01-20,552.885196996492,556.5899062243552,549.1240732074002,554.2767944335938,1204385
2017-01-23,552.6970940151991,556.636873228154,546.115127804834,549.8104248046875,1196865
2017-01-24,552.932205010537,560.3698595152135,551.3337159063938,559.1568603515625,996480
2017-01-25,559.4671722408293,565.8610713026853,555.8282895100751,563.4727783203125,1638155
2017-01-27,558.5268011619008,566.3405323976998,556.6462395418271,563.1435546875,960555
2017-01-30,562.2879834647429,572.4242392089413,561.1690468876585,567.3748779296875,963170
2017-01-31,568.6819120634395,572.0669579472083,566.462862775648,567.7040405273438,723155
2017-02-01,568.1365873158179,570.3651061987216,553.6562936097047,564.394287109375,1332865
2017-02-02,564.7515149399665,590.4024056833073,560.7929116528344,582.4193725585938,2519370
2017-02-03,584.8547348467755,594.0694764258083,579.7678402985873,591.35205078125,1382600
2017-02-06,596.1381643766986,597.454580755692,572.800382663645,582.3724365234375,2484805
2017-02-07,582.0338721111301,584.8547147869515,573.0071985045784,576.4110107421875,966585
2017-02-08,576.9470472343212,576.9470472343212,564.3566708010027,567.0740966796875,1913425
2017-02-09,568.3058610391823,569.6974585584404,564.732747316442,568.5126953125,943990
2017-02-10,568.8511791663719,570.6283240242436,558.526912184789,559.6646728515625,1575005
2017-02-13,560.5860831997168,561.9589140014498,555.7906734705576,557.9533081054688,752775
2017-02-14,558.8652872702994,558.8652872702994,551.9448342970509,553.1577758789062,1403590
2017-02-15,552.8851666556253,553.627967902738,546.5288586184464,547.4973754882812,955495
2017-02-16,548.0144511363906,553.3552390804555,526.3597572237276,549.7257690429688,6839345
2017-02-17,550.2524613763302,555.4710095307845,545.3629886209987,547.7512817382812,4487480
2017-02-20,549.5753175490578,550.073693932979,543.4823161754797,545.1278076171875,2801810
2017-02-21,544.9868809688824,551.9638077748573,542.5609971481326,544.2440795898438,7622450
2017-02-22,545.7390024336553,550.440406460857,544.2815212730741,545.9646606445312,4282200
2017-02-23,549.876333244408,549.876333244408,540.6615906556217,542.9934692382812,3736795
2017-02-27,542.4856243959304,542.8899382660378,535.3395130434767,537.2764892578125,3574905
2017-02-28,539.7681601581926,540.2853030994572,535.0197537862806,535.9506225585938,2713290
2017-03-01,536.900416522733,554.5400961324259,535.978959566768,549.74462890625,4490315
2017-03-02,547.2246647317909,547.2246647317909,538.2919961015662,539.8152465820312,2129260
2017-03-03,541.8932517695412,544.1969513190328,538.5176182825442,539.9280395507812,1456010
2017-03-06,542.3540955344323,542.3540955344323,536.1482635905779,537.62451171875,1060050
2017-03-07,539.5331450888049,542.2035679784278,535.9600893048106,536.3926391601562,1049300
2017-03-08,535.7720022255004,540.2383361410705,530.8825304609442,535.3582763671875,1830855
2017-03-09,520.9156456343563,523.3603531451545,507.7517123511777,508.6637573242188,10976435
2017-03-10,509.4253531252529,513.9386894318781,507.9396934102166,510.7322998046875,2744225
2017-03-14,516.533909043732,518.0665140351632,510.8922239256771,515.4619750976562,2489210
2017-03-15,512.2649977604475,518.2828181818796,512.2649977604475,515.1986694335938,1389340
2017-03-16,517.1545223894452,519.9753652388422,516.2236534315754,517.4742431640625,1559495
2017-03-17,517.7185822548171,517.7185822548171,512.2649651272907,514.5686645507812,1816910
2017-03-20,515.6501443522803,516.4023577048692,513.3934469043131,514.2114868164062,2005400
2017-03-21,513.3933956159856,513.3933956159856,488.9460910628434,493.31842041015625,7268165
2017-03-22,483.4360506454127,500.21063028150337,480.5211740262781,494.5219421386719,4430915
2017-03-23,493.6474763845994,497.9163310437228,492.7071954772002,494.81341552734375,1580595
2017-03-24,494.73816375260606,497.4085867098779,492.0207956194504,494.2774353027344,1725910
2017-03-27,492.143128148411,497.9352342073544,491.7669927695622,494.9545593261719,1781095
2017-03-28,496.4683038890231,498.170209983641,493.8825314729344,496.045166015625,757685
2017-03-29,496.4401091256674,497.0889052813512,493.6475022317642,495.274169921875,1638910
2017-03-30,494.6066391661204,497.6061379074072,490.0932443701812,491.4378967285156,3599995
2017-03-31,491.57881791102864,497.4085706710332,491.57881791102864,495.0296325683594,1475205
2017-04-03,497.37110565600415,517.9068125077777,494.0424738701561,516.1109008789062,3442145
2017-04-05,516.2141576131244,520.915561598672,502.6740911786732,515.5277709960938,5168335
2017-04-06,515.4243723649323,516.8160271748391,509.2279531383404,511.155517578125,1452065
2017-04-07,510.1964289735348,510.1964289735348,499.1011250576015,500.4833679199219,1614060
2017-04-10,499.2892196074332,502.2511277645737,495.0485430418949,495.68792724609375,952460
2017-04-11,498.5369715737592,498.91304951994846,493.4500194916104,494.23046875,701145
2017-04-12,495.1518187602823,498.7061075337146,491.823245574041,497.3802795410156,1226155
2017-04-13,499.28922105902967,501.3578507787453,495.9135869493348,496.6470336914063,797180
2017-04-17,511.51283980155,512.1710479484514,498.6403912249069,500.4645385742188,2340540
2017-04-18,503.0315466494947,504.5547973861848,493.45949227824167,494.2963562011719,1064085
2017-04-19,494.5877343535667,495.7160828681526,489.4161896027214,490.337646484375,1012230
2017-04-20,492.33106950897206,494.5877666856683,489.9897791875108,491.2967834472656,739165
2017-04-21,494.5877533722646,495.5280342722119,490.2624841885838,490.76080322265625,550770
2017-04-24,492.641390758226,493.9765736366476,487.0749436089996,491.3532104492188,694280
2017-04-25,494.2116463973628,498.6498023425249,492.17125279672206,497.5872802734375,1375775
2017-04-26,496.6563642753355,498.4146849013315,490.09316481357126,490.9488525390625,1617520
2017-04-27,491.0899665356434,493.647503195381,486.54839343699126,488.29730224609375,2010110
2017-04-28,490.8736816607159,491.3626461426792,485.85261328900526,488.7862854003906,681870
2017-05-02,484.8088378171765,492.096015224067,482.5521979575468,485.683349609375,1116720
2017-05-03,488.5699688442918,489.8487945794868,483.6805537145664,488.11865234375,641200
2017-05-04,488.381907764283,492.6883528361488,486.8115973874554,490.0744018554688,606545
2017-05-05,489.69832157978,493.6475131631242,487.8177596248729,489.51025390625,684185
2017-05-08,487.3475754504158,491.0052818984813,486.80219646312537,489.0400695800781,551390
2017-05-09,489.5102069682832,489.6982746237799,484.0565893000262,485.4011840820313,511765
2017-05-10,487.4416620941778,493.2525914146721,485.0157212005093,489.4820556640625,1834655
2017-05-11,492.6789855019713,492.6789855019713,484.24469286480416,487.8177490234375,1070850
2017-05-12,489.51020710234434,491.7669041885402,474.2682906448844,485.3353576660156,6152355
2017-05-15,488.946110206122,507.5636621551619,487.4416835923356,503.2007446289063,4733780
2017-05-16,506.021571240759,514.145612429477,506.021571240759,512.2838745117188,2202310
2017-05-17,511.5128248757788,519.0350723004226,505.2223431713127,514.6909790039062,2049090
2017-05-18,506.811443918544,511.4846128021872,502.52376498174266,503.7931213378906,1412055
2017-05-19,506.8020650847274,506.8020650847274,495.9042400445229,499.5618896484375,1303385
2017-05-22,503.9905996452114,504.3573229969584,489.3410060713438,490.5821838378906,772310
2017-05-23,492.48154929995104,492.48154929995104,478.1892676795069,485.08154296875,1422140
2017-05-24,483.8685533712149,483.8685533712149,472.021036370581,473.2998046875,1831575
2017-05-25,471.5320550022757,471.7107106609041,450.9587052379245,456.5439758300781,4041550
2017-05-26,470.14041953580016,472.0115692231226,452.0494253744926,454.0428161621094,3605155
2017-05-29,456.9953523529011,463.55852393478926,447.6395738029192,456.1961364746094,2717540
2017-05-30,455.0865307334152,470.14043669894585,454.3719367822974,466.6331787109375,2189925
2017-05-31,468.2599185758568,478.4149414765712,463.3704461006401,474.6256103515625,3930430
2017-06-01,477.66273043777625,482.8812783178664,472.75446265043456,474.42816162109375,1622510
2017-06-02,476.7600254264806,484.2070626218702,474.87005167526337,480.3894958496094,1466455
2017-06-05,478.25509582954726,482.9282645220642,473.9203858043698,476.8822937011719,1123385
2017-06-06,476.7130194164419,482.4581221238683,473.1493753529728,479.41162109375,860555
2017-06-07,477.2865948932524,482.2701009253562,473.1587479312944,477.7849426269531,1235945
2017-06-08,478.6969704077375,501.4047464340883,478.6969704077375,495.7630615234375,4227380
2017-06-09,498.3489343923162,498.3489343923162,489.3222596688366,494.3621520996094,1031055
2017-06-12,493.89196435996536,499.6558909807248,492.15241022688457,494.634765625,692145
2017-06-13,495.18957788942896,497.5026323182275,491.21215040858624,493.96722412109375,679580
2017-06-14,501.7338808131117,507.56363405158703,497.4838500388992,501.9783630371094,3744195
2017-06-15,500.7371214679412,511.6914158511309,499.2891096822488,507.84564208984375,3473260
2017-06-16,510.4221357083412,511.1649369977289,494.77584694022335,504.47955322265625,1852690
2017-06-19,502.486188810383,502.486188810383,496.5717845970794,499.74993896484375,2209015
2017-06-20,500.2953370292903,506.81147771306286,499.0259231983009,503.2478332519531,982635
2017-06-21,503.0502934437261,506.811417133025,499.4302348488532,505.31634521484375,896080
2017-06-22,505.8900786195992,507.7329929290464,492.4346577669133,495.6409912109375,858935
2017-06-23,495.7348781745486,500.1166193921199,491.7293296705488,497.16412353515625,1164040
2017-06-27,494.6347635820684,502.1100083301912,494.6347635820684,498.9318542480469,1329355
2017-06-28,494.7758772888445,501.11336209266295,493.6757645800714,498.6780090332031,959840
2017-06-29,498.5745363692136,501.5364441670368,496.4777283222988,498.6309509277344,907940
2017-06-30,498.3489124121376,509.8203516853241,497.4086314453223,505.8899841308594,1638215
2017-07-03,507.7516945045494,508.8988096744709,501.1697280943052,504.4701232910156,723230
2017-07-04,501.75265247248143,503.2570788460828,490.883008361177,493.4029541015625,1321265
2017-07-05,492.9892655028702,501.9219340729992,492.9892655028702,501.1603088378906,906630
2017-07-06,501.1602969198839,503.8024838963968,496.8632064125661,501.715087890625,624680
2017-07-07,502.072506760108,513.2994651648435,501.5929542262807,508.7673034667969,1424960
2017-07-10,509.820338567556,516.3082426375296,509.820338567556,512.6787719726562,200975
2017-07-11,513.39337824402,513.8446947171751,504.5547147101156,506.106201171875,804630
2017-07-12,506.5951948559709,511.78550676745857,501.8561420534963,505.8899841308594,1065875
2017-07-13,506.4822528185776,511.46572935366873,504.5546313541837,506.6232604980469,685915
2017-07-14,507.59187962981935,512.4531160559951,505.1941746932844,508.31585693359375,976430
2017-07-17,511.0440746744648,512.2376695214786,508.18329772060906,511.01568603515625,1009480
2017-07-18,509.64210291201874,519.7401905149269,509.1779399873845,515.1268920898438,1505540
2017-07-19,515.8942082033064,527.6027587539596,515.3921744739474,525.5565795898438,1823010
2017-07-20,525.7365689054542,526.3902014438142,519.5507940817898,521.028564453125,939445
2017-07-21,518.7360412469873,526.693301300307,516.652049258832,523.3872680664062,1412580
2017-07-24,527.6405407274353,528.0194798623368,509.4336543099087,510.864013671875,2589475
2017-07-25,510.8640941451346,514.0659395400374,507.7475303053164,510.0494384765625,1874800
2017-07-26,513.0523515707613,514.6722386347512,507.9180548520056,512.92919921875,873325
2017-07-27,513.4313184755874,515.894250012658,490.12800131773656,496.4464111328125,9113325
2017-07-28,473.5502943736512,474.8859768249658,464.3805335472484,467.0045166015625,7744985
2017-07-31,461.89874225780966,463.8122581993815,449.9628790527156,451.5164489746094,7625340
2017-08-01,450.7206077667143,465.68780835175,448.9775974914315,460.6766357421875,5170390
2017-08-02,461.3492874331254,462.258706888171,449.4702885052607,450.6354370117188,2852295
2017-08-03,452.4258006494976,454.1309114283628,438.4722057397417,440.291015625,3887925
2017-08-04,438.5953877175453,438.6048698709692,422.5103887931463,424.30078125,6133195
2017-08-07,424.3859323365599,427.6067126483861,416.8076121162642,418.1243591308594,3680390
2017-08-08,417.90652028727766,418.1244074260172,394.9915695616639,397.0377197265625,6804955
2017-08-09,396.13780537013616,398.8091706485076,385.0734628708274,388.0763854980469,5624935
2017-08-10,386.8733049260404,397.6724072296204,366.43079549841264,368.3916931152344,7700035
2017-08-11,364.7161669070983,384.5902944992778,360.1881214319507,381.0285034179688,9289565
2017-08-14,378.9160204517541,386.4754054670059,373.251215538761,379.3044128417969,4216350
2017-08-16,377.9687419482824,382.2883824006857,373.2417736996084,379.9106750488281,3310680
2017-08-17,380.8106628000699,384.9597985276604,377.4856649262332,381.0474853515625,2700655
2017-08-18,378.53710752797633,380.3464349818789,373.4785821599074,375.5057678222656,1746485
2017-08-21,377.0214413996839,379.10549108157295,363.96778561512014,365.86236572265625,2091475
2017-08-22,368.4958776312982,381.56847046695685,366.6012972835794,375.91314697265625,3860820
2017-08-23,377.2109760885604,389.0426216516341,377.2109760885604,384.7798156738281,4049980
2017-08-24,384.2208914002556,397.86186380609286,380.91482911193657,395.6167907714844,5624835
2017-08-28,394.8304998195133,395.91990655537546,384.05036282778536,388.2752685546875,4220880
2017-08-29,388.19946966522417,391.704454583013,384.9786891215532,386.88275146484375,3036830
2017-08-30,387.8205243804839,393.01168404343673,384.86498417420296,386.2859191894531,2007245
2017-08-31,387.2521466312899,388.7109813491461,380.0527656433184,382.8756713867188,4189045
2017-09-01,400.703729858853,423.05978298029606,400.703729858853,420.1326599121094,18067945
2017-09-04,423.2491879842605,423.7038976210948,411.7396195169409,415.8792724609375,4736175
2017-09-05,416.485564904331,420.2842074203597,413.3784545620156,418.5411682128906,2567635
2017-09-06,414.0321294100663,418.32335280537467,412.2133195291332,416.2203674316406,2636260
2017-09-07,417.5654591528567,423.43866926101634,416.9971082273568,421.53460693359375,2456970
2017-09-08,422.3019193065003,422.3019193065003,391.4487024069069,409.7029724121094,8597120
2017-09-11,410.9344279018262,416.42872774814657,408.0925576427292,409.1345825195313,2226885
2017-09-12,410.17663784423513,416.3150884667889,404.5686673967044,410.3187255859375,2589985
2017-09-13,414.3446689259498,422.1124590277375,410.9628364534813,420.0947265625,3776210
2017-09-14,423.24921562397424,429.11294380126697,422.4913950887605,426.9152526855469,3066270
2017-09-15,421.58199506051056,425.3332557696607,417.01604983101487,418.9295654296875,3364005
2017-09-18,417.5654304049887,427.9003680207954,412.18483001469616,424.7743225097656,3654810
2017-09-19,422.870329275083,429.1224502257352,416.8076779234514,424.6796569824219,2833950
2017-09-20,426.2805760830629,441.2477491908231,424.38599574491593,438.53851318359375,6665490
2017-09-21,444.51590346231626,473.6450756124841,444.51590346231626,471.0968627929688,20286820
2017-09-22,472.50832615806377,478.7130941291202,463.51855167803296,465.6404724121094,9956755
2017-09-25,466.82454647282185,468.9085962419414,455.6465349340885,457.9674072265625,4555245
2017-09-26,457.3516773879032,457.54114698338094,440.04469658316367,449.1576232910156,7122180
2017-09-27,447.1209163191778,451.6678971249258,432.1726800613076,436.6438903808594,4677680
2017-09-28,435.753481581824,457.5411556609152,430.4865505084682,450.0386047363281,14078165
2017-09-29,450.03858261832977,452.9373170148443,439.5615560844524,441.2003784179688,5667975
2017-10-03,457.5411635500769,457.5411635500769,439.6279025184045,442.48870849609375,4894300
2017-10-04,443.71072410100726,454.3961564055312,439.4574003519441,452.3500061035156,5939900
2017-10-05,453.183578017768,460.07984878879273,450.1522670434382,452.64361572265625,3797520
2017-10-06,453.7519793844347,456.57491442333605,448.6366183840304,450.1238708496094,2668810
2017-10-09,450.91004963168166,460.95132962796816,450.76796191044593,456.3948669433594,3165240
2017-10-10,458.4315966424885,460.6198345721575,455.0024109313709,456.849609375,1581675
2017-10-11,456.57494042644447,458.497938373655,445.4916335368451,449.4228820800781,2251475
2017-10-12,454.1308508127689,454.1308508127689,446.8367346667659,450.8816528320313,2080470
2017-10-13,449.583927012764,450.8343569935391,445.2263863854886,446.0694885253906,1708945
2017-10-16,446.3631396260717,456.7833314951022,446.3631396260717,455.3623962402344,1933290
2017-10-17,454.1308857906718,454.1308857906718,450.0575497661168,451.1658630371094,1535550
2017-10-18,452.1794711907683,455.45708697508303,450.1522853272907,451.9331665039063,1665570
2017-10-19,451.85742122245216,452.23633151714847,447.5093627137315,449.5933837890625,236515
2017-10-23,452.8236391428243,457.54115462257096,445.6052926332253,448.2955932617188,1819780
2017-10-24,449.58392802224114,451.3458738917423,446.36314717189344,447.8125,973365
2017-10-25,448.25771107591817,453.7709177846244,443.3696904270334,445.0084838867188,1478480
2017-10-26,445.1127171628299,446.7325752861499,438.5953560585923,444.1559448242188,2246210
2017-10-27,446.1167886451975,456.5938145246829,443.2938538245065,453.7424621582031,2174680
2017-10-30,453.9414420939678,467.0140343311169,448.4566241439159,461.993408203125,4161095
2017-10-31,458.4884137143656,474.4028760152312,452.804673048485,460.0325012207031,9786665
2017-11-01,456.972797912146,458.2327100981052,444.8474946181965,446.0221252441406,5880460
2017-11-02,446.02212831803234,462.2776321300464,446.02212831803234,456.859130859375,6199435
2017-11-03,461.2734420881582,464.13424777350025,453.3635639973984,458.3179016113281,2883230
2017-11-06,457.351676607928,458.3179310706147,451.03326744464056,453.2309875488281,1418335
2017-11-07,455.1161005261906,457.5411610962997,442.8581631729195,450.5312194824219,2591750
2017-11-08,450.9480052370575,458.4884266384926,443.3317844355672,444.5822143554688,2161975
2017-11-09,448.7502483737281,451.6868533414896,443.3696477711576,449.034423828125,1729270
2017-11-10,448.97765017905937,450.89119486385874,443.3318087434287,444.8190612792969,1048780
2017-11-13,446.11680140926114,449.9627968973904,441.4466681606755,444.1085510253906,1495910
2017-11-14,444.980026913036,445.2168494298346,437.6574931953821,439.5994262695313,1396310
2017-11-15,440.37623525835664,442.7633959516048,434.427254465881,437.6764526367188,1122475
2017-11-16,439.9405284971852,443.729689306601,438.59536368988137,442.10980224609375,1414750
2017-11-17,442.10978506038896,446.54312500591465,436.32185602531615,440.03521728515625,1373285
2017-11-20,442.7633595202204,442.7633595202204,428.2035162109317,430.9127807617188,1367925
2017-11-21,431.05492990386,472.5083283592599,431.05492990386,453.5909423828125,11964410
2017-11-22,448.0682173514985,451.84789560005305,442.58339957734825,447.24407958984375,2684365
2017-11-23,447.3198524939053,448.44713003184336,435.7534484036247,436.93756103515625,3433715
2017-11-24,437.6480622092915,440.0920581484215,433.26210405997887,434.815673828125,1730500
2017-11-27,434.99561879034,436.8522992632514,432.0684669864602,434.7682495117188,1231110
2017-11-28,433.8588831410793,436.5112839634943,429.690812316284,434.0293884277344,1535515
2017-11-29,434.61668193283714,439.5236665721848,430.06970106229807,431.3580017089844,2875165
2017-11-30,428.3645438992978,438.0553019693983,428.3645438992978,432.7315368652344,7260235
2017-12-01,431.9643329988408,433.10109280717575,421.0704956534753,423.2303161621094,2646440
2017-12-04,431.0169886715198,431.0169886715198,422.3113904777202,424.8406677246094,1477975
2017-12-05,425.7121953652799,425.7121953652799,417.2055481654371,418.5791015625,1428905
2017-12-06,418.32335143039984,421.3073097310113,415.7467209711317,416.8455810546875,1303650
2017-12-07,418.32329086748007,419.6494911525282,414.5341306764866,416.1160888671875,1172195
2017-12-08,417.96330731416055,418.3232821502433,412.89529988251695,414.0509948730469,1919085
2017-12-11,416.5613845183644,419.44115482932784,411.3134176094607,415.4625244140625,1888965
2017-12-12,440.3951498847676,440.7551247385432,423.21132296478726,427.4835815429688,7411070
2017-12-13,428.17510477382007,433.356782529987,426.8583577213159,428.3077392578125,2007880
2017-12-14,433.4989218106418,439.4858026071913,431.01702619731947,437.7712097167969,4181020
2017-12-15,440.4898962556738,450.9100873498941,438.8700382800922,449.2996826171875,3718400
2017-12-18,448.0682125848121,460.0040735010065,441.9960796386314,453.751953125,2641755
2017-12-19,455.55178224369774,458.7915269558533,453.031987225132,454.6044921875,2244795
2017-12-20,453.75198024232975,453.75198024232975,445.30213941430753,446.3631286621094,1459875
2017-12-21,448.0682047586399,449.90594981392167,443.521223969509,445.5578918457031,1249705
2017-12-22,447.1209571846642,447.6893370645806,441.4372162035032,441.9487609863281,1248010
2017-12-26,442.3749971195013,448.44713016487657,441.2477195812288,447.1777648925781,2054680
2017-12-27,447.68932714678766,459.2557316926959,447.499857554679,454.756103515625,3467600
2017-12-28,456.5749300179118,463.8690470370116,454.9361076041014,460.3830261230469,3823400
2017-12-29,460.373514973222,463.4048549129556,455.2960538195185,457.3895568847656,1659835
2018-01-01,456.5938463313628,461.5197666105712,453.5719884796447,455.4855041503906,1210405
2018-01-02,459.81461120340106,462.0881016736911,453.8656305001255,456.4422607421875,1257685
2018-01-03,452.1415906810526,452.1415906810526,434.2567763926909,443.142333984375,4430010
2018-01-04,443.9001405778958,458.4884021368128,443.9001405778958,456.7453918457031,2793085
2018-01-05,460.1935278746391,469.66642905698245,453.7330312391211,468.60546875,3199500
2018-01-08,467.9613315452755,475.91856298003466,467.9613315452755,469.2117614746094,2929355
2018-01-09,468.8138476938431,469.0506702102482,464.17213215410175,465.64990234375,1219120
2018-01-10,466.0572900510382,468.3402628717671,458.48845070454433,459.5873107910156,1721640
2018-01-11,459.814637710457,464.3616478221596,458.1095269866945,459.5020446777344,925725
2018-01-12,460.9514059478382,464.9015897972114,457.2853975879876,463.7269592285156,1778900
2018-01-15,463.60376176957226,466.3035442933448,459.4451733295291,460.7145385742188,784105
2018-01-16,461.5197400094394,470.6137016792025,460.7145376570752,467.7149963378906,1860665
2018-01-17,467.39297972490624,474.781860643377,466.6067415774767,472.10101318359375,1908940
2018-01-18,473.64503623489816,480.0865971640933,464.2005530560144,466.3508911132813,2920990
2018-01-19,467.3929151107225,474.5923254299831,464.5510448985669,471.8167724609375,1204480
2018-01-22,462.2776055090674,477.2447787139979,462.2776055090674,472.991455078125,3462075
2018-01-23,475.5396285667738,483.108467188899,473.8345179562298,477.5099792480469,3650455
2018-01-24,478.0025939213676,495.43272611374135,478.0025939213676,484.89886474609375,5631385
2018-01-25,483.87577578750097,492.0414118961379,464.7784326428512,475.11334228515625,13260150
2018-01-29,463.9732485540874,464.5510816666404,443.7106984613678,446.571533203125,5772835
2018-01-30,446.3631239555312,446.3631239555312,432.9494921514134,436.9186401367188,4290010
2018-01-31,434.4272465202119,436.9186241136894,417.4802127206252,421.61041259765625,5719535
2018-02-01,421.5440749873024,421.5440749873024,407.9220393544077,408.8409118652344,4841605
2018-02-02,407.3347506990962,418.9011549441947,399.7659119079164,402.3235778808594,4798230
2018-02-05,399.794379516744,405.2507516209947,395.7115609100496,400.9879455566406,3018190
2018-02-06,388.3889647730731,402.4088475476225,379.9675413922826,397.0472106933594,3816170
2018-02-07,402.62671528939,406.7663684548541,397.1513795964536,400.0216674804688,1990805
2018-02-08,402.598315427434,416.04984717708055,402.598315427434,413.103759765625,4448115
2018-02-09,407.33475534467976,418.3233266194992,404.2276448788757,415.6330261230469,2395615
2018-02-12,415.8034960253789,422.4440085134336,412.8289913980284,417.6128234863281,2413130
2018-02-14,418.7022330471976,421.7335729948498,412.1848723960455,413.6437072753906,1549165
2018-02-15,417.56544250489577,420.4073126550897,412.5069171066304,416.0119018554688,1725925
2018-02-16,418.1338386755382,424.3859590323685,418.1338386755382,419.3747863769531,2294485
2018-02-19,421.1651530337249,423.2397205117207,398.8185846996716,407.713623046875,2811550
2018-02-20,408.28201519397766,416.1445111155524,406.2358651986357,409.92083740234375,3345125
2018-02-21,413.0563715753807,417.1865424178407,405.5822390221876,410.34710693359375,2490025
2018-02-22,410.5555149687017,411.6164752330647,395.3136210476672,402.30462646484375,8326545
2018-02-23,405.8948993941909,413.9658011746109,404.5023816984105,410.5650329589844,3717530
2018-02-26,401.6510145724284,418.1717567298257,395.96727380017705,415.6330261230469,5923745
2018-02-27,416.84554274104624,424.6796214428119,416.48556787843313,423.6281433105469,3380760
2018-02-28,421.174600114011,429.4918342066655,420.2557565511793,423.8649291992188,4963885
2018-03-01,416.8171095358972,424.3385949427809,415.5856151095896,422.7755432128906,2153885
2018-03-05,422.4535063506368,424.36705095155264,412.22278431479407,413.1700744628906,2991720
2018-03-06,417.0823672598152,421.3167551736961,410.527107031568,412.3459167480469,2075000
2018-03-07,412.3553995175763,417.6223305510802,406.0085727227433,407.2590026855469,2462470
2018-03-08,411.6732950344588,413.3973698545113,403.18558432581295,406.0842895507813,2383815
2018-03-09,409.9871382710567,413.5489582506294,396.9145466282834,403.5266418457031,2354070
2018-03-12,409.2293362511873,409.9303216966633,402.029925479783,407.0316162109375,2652140
2018-03-13,405.8190571081947,415.6992855247098,405.6769693805792,413.3026428222656,2596345
2018-03-14,413.9657807786057,416.0498305978418,410.51763087932426,413.293212890625,1333845
2018-03-15,413.48265465169294,420.2936729177212,412.450111891412,413.53948974609375,1678835
2018-03-16,413.0184968879805,418.51276808114704,401.3289401469742,405.8475036621094,2971805
2018-03-19,408.2820374285711,411.1239077587003,400.1637542473418,401.6225891113281,1460745
2018-03-20,400.6942308024889,409.7787394072448,398.2312996656664,408.6893615722656,1936860
2018-03-21,410.8965626055229,412.99006562985625,403.6213526741436,405.7622375488281,1845300
2018-03-22,405.2507030113551,407.47684058196097,397.312436065046,399.4343566894531,2052010
2018-03-23,396.1567458454384,398.2218314006651,390.3214351473384,392.6138610839844,2371980
2018-03-26,392.55700861266337,399.709066157576,388.4457730796391,398.6196594238281,2501400
2018-03-27,397.10406625240296,401.46157807646136,395.9673064406469,398.3260498046875,1622835
2018-03-28,398.4302630473914,400.4385136416444,392.4812817605088,394.1769104003906,3328235
2018-04-02,394.0727052899639,405.06127689234967,394.0727052899639,403.9434814453125,1229875
2018-04-03,399.9459107740197,407.30634479327136,399.9459107740197,402.5793762207031,1395115
2018-04-04,402.408803659352,402.64562617301897,394.0631805904471,396.23248291015625,1768595
2018-04-05,400.70372890225406,404.6065596505191,397.2934786191581,399.96484375,1875550
2018-04-06,400.1353339348798,404.2276341201421,398.8186157237003,402.5603942871094,1324225
2018-04-09,401.6510863610415,404.5687277589847,399.5670361417924,401.8879089355469,1116435
2018-04-10,402.2194130304944,404.49290366272334,394.5937097963698,400.1543273925781,2579905
2018-04-11,403.5456133688691,404.12344649760695,395.96729199105,397.9945068359375,1530100
2018-04-12,393.6937808106014,393.6937808106014,389.2036059704877,390.3782653808594,3396280
2018-04-13,392.613861170009,397.104036067028,391.7613058304993,395.9577941894531,2206760
2018-04-16,394.3000664258053,399.7564672678301,393.1254358202594,398.3260498046875,1447925
2018-04-17,398.80917255045534,401.1110807887736,395.5883916655776,398.9133605957031,1468190
2018-04-18,400.6469113988242,401.1300386419352,396.166218436192,398.1744689941406,1139040
2018-04-19,399.94591095430593,405.4401822340644,399.18806149258,404.73919677734375,1612750
2018-04-20,403.5456223333614,406.5674803626154,399.0080942130736,402.0110168457031,1336685
2018-04-23,402.2951683219584,405.8190887868982,396.9145672835775,404.5970764160156,2725725
2018-04-24,403.9055863666418,413.0185131553166,402.986713747528,407.3631896972656,4431075
2018-04-25,407.6094988486527,408.4620542271831,400.3248350659953,401.2721252441406,1444495
2018-04-26,403.1666794135013,406.8042699922261,391.0603128795109,393.4758911132813,6777745
2018-04-27,397.48292872504015,400.17322911954176,394.4515888644472,397.435546875,1596720
2018-04-30,399.9080147856869,402.9582902371944,397.49240754816617,399.72802734375,1113320
2018-05-02,400.9689580850545,403.1287783874698,398.2502400847554,401.30999755859375,991145
2018-05-03,402.0678104949731,402.8066956131918,395.5220324652029,401.8594055175781,900380
2018-05-04,403.5456157818728,406.3874863155479,397.464000119847,399.1123046875,1822665
2018-05-07,399.7564608751592,399.8985486221058,389.3362687670389,392.0834045410156,1720485
2018-05-08,395.96728892651424,396.7345916473598,391.2308381020344,393.1159362792969,1252220
2018-05-09,393.2864506303216,395.0199788246279,389.99935276767513,391.107666015625,1271755
2018-05-10,389.3362516712308,390.0940722276716,375.5058096986764,376.9457092285156,3301590
2018-05-11,379.5791710860543,382.30734240874426,371.3377352952382,377.1162109375,3022440
2018-05-14,381.1894919058825,387.0627014954842,381.1894919058825,382.2788696289063,2908575
2018-05-15,382.2788917044176,384.5997639123154,374.7858527784583,380.52642822265625,2023605
2018-05-16,380.0527783903749,380.526423413838,376.07414862968585,377.7698059082031,1372185
2018-05-17,378.1203165121555,378.1203165121555,369.4620711967795,374.5869140625,2330875
2018-05-18,375.6573376984509,377.4003479110853,372.7302149303042,375.5057678222656,2536480
2018-05-21,377.2109425653855,377.2109425653855,357.5072904514338,358.65350341796875,2528680
2018-05-22,360.4438670049578,385.7365231126632,358.0756418603786,380.7348327636719,10095680
2018-05-23,374.74793459644593,377.7603098969888,366.5633350149744,370.2672424316406,3670390
2018-05-24,371.8492655805456,376.1120710492548,368.1074581055231,373.7911987304688,2292270
2018-05-25,374.1795996309697,378.1203300227455,372.28501937967366,372.8249816894531,2176245
2018-05-28,372.6165835220612,381.19902990471866,371.3377360472412,377.8835144042969,2541820
2018-05-29,378.9160474661029,381.6726651804987,373.7248872085771,375.259521484375,2453350
2018-05-30,374.1796012740911,374.1796012740911,369.82206089517496,371.6787414550781,1679240
2018-05-31,373.5733206252305,373.5733206252305,364.8866863492661,366.9044189453125,9300890
2018-06-01,367.54857217456765,371.9913652179545,366.09921942518775,367.8138122558594,2209305
2018-06-04,374.7479531307228,384.2018894179988,372.2849931954671,378.158203125,7002105
2018-06-05,375.1269134299573,376.5573308608361,370.2009929021247,371.9819030761719,1826720
2018-06-06,371.9061313942983,374.729037636106,369.06426084708096,371.4230041503906,2078025
2018-06-07,372.2850558835352,374.549093382151,371.5651060665689,372.2755737304688,763500
2018-06-08,373.8006596559559,392.67066127019416,373.8006596559559,390.8329162597656,5567795
2018-06-11,390.6719076094327,402.59828631616574,388.7015280426575,394.678955078125,8061475
2018-06-12,397.2934992462549,415.8603927213073,397.2934992462549,415.0362548828125,10485570
2018-06-13,414.9130456658629,436.5112474382948,413.96575560726507,427.47412109375,12901270
2018-06-14,428.18459635386137,435.6871175641176,425.6269015859565,429.9560241699219,7944815
2018-06-15,436.3218332494644,452.0089552590729,435.0429858109528,445.1979370117188,22284555
2018-06-18,443.14232995838455,456.7833315334624,434.3136075449059,452.0184631347656,11550755
2018-06-19,455.30555741790926,460.307248317765,450.2564846645444,453.3730773925781,10532330
2018-06-20,453.3730659419339,456.5749112346144,445.7852626837768,448.5892333984375,5748405
2018-06-21,452.61520730655,452.61520730655,436.9849203426373,438.8605651855469,5575655
2018-06-22,440.48993497943417,444.75274080181583,430.8370457044765,442.621337890625,8336385
2018-06-25,436.7007207206847,440.8308915349125,432.1537399644159,433.8872680664063,5713835
2018-06-26,432.7220869915623,432.91155656678825,427.68252585313337,429.52972412109375,3140740
2018-06-27,427.7772317974405,437.0417274110441,425.5037414393717,434.5787963867188,7760350
2018-06-28,433.6693947749508,440.6698824670021,430.48651392585,434.9482421875,6142315
2018-06-29,431.95479710611033,432.72209976312473,421.16517805820456,423.4481506347656,4492115
2018-07-02,422.4913427393611,428.2792708005706,417.2338947688713,424.4522399902344,3871625
2018-07-03,427.7962540960356,432.72214572148016,423.4766131573986,430.78021240234375,3782865
2018-07-04,430.7896532004055,442.9528545609322,430.7896532004055,439.0216064453125,5327675
2018-07-05,441.4277278640844,444.9800659275217,433.4325966832549,435.4977111816406,4154695
2018-07-06,435.7534683223355,439.5236935207126,427.3889090308042,429.8897399902344,2781090
2018-07-09,432.3432424342038,442.3845243577432,432.3337891903051,441.44671630859375,3649485
2018-07-10,444.39272487645,444.39272487645,436.3218236718291,439.8930969238281,3329700
2018-07-11,435.94289745761154,442.0055480637338,431.0169775788256,436.0091857910156,4100335
2018-07-12,440.81201744120506,452.35948727207625,440.8025352883405,446.5999755859375,6561835
2018-07-13,443.3317994189314,448.3334903585798,435.94294765888327,439.5142211914063,2334635
2018-07-16,424.8468319493955,424.8468319493955,395.5790062106372,400.1655578613281,18607580
2018-07-17,393.6775113685478,404.9527293989245,393.11375338306885,394.69036865234375,7110920
2018-07-18,397.4996544399371,400.6624498383459,389.9509889497204,394.7572937011719,6097745
2018-07-19,397.0791753077633,397.0791753077633,386.9888029272332,387.79144287109375,3813605
2018-07-20,387.1799798243877,396.16193771566896,386.0333344934148,392.1296081542969,3778915
2018-07-23,396.1618814442117,396.1618814442117,388.42209946052026,390.1802673339844,2935145
2018-07-24,390.4287476598401,399.410705051404,390.4287476598401,397.0409851074219,6446885
2018-07-25,398.8373648861866,400.84397943534447,393.9737310664216,399.0667114257813,2693070
2018-07-26,396.6779255500303,418.7123998766698,396.5250375639861,407.5804748535156,9565245
2018-07-27,408.0104622903125,408.0104622903125,395.09173402888814,398.1112060546875,4481590
2018-07-30,397.5092112646296,399.9553606035105,393.3526586466313,395.0534973144531,4039975
2018-07-31,396.5441176786963,408.01045361157423,395.70324837795454,406.6344909667969,7321900
2018-08-01,407.0548826860966,416.9923669477623,407.0548826860966,415.7884216308594,4564515
2018-08-02,415.6547002220071,427.68479482803485,414.69917217551966,425.754638671875,5198205
2018-08-03,427.3120999392374,437.6317898702724,426.165454764501,435.92138671875,5065535
2018-08-06,436.6762861320664,444.32050995932354,425.821502294353,427.00634765625,4178875
2018-08-07,429.96850335391815,435.9978827489906,429.04164002013806,431.6693420410156,2499550
2018-08-08,432.47197246402055,435.72076178560513,427.50321527072646,429.1276245117188,1726995
2018-08-09,432.6439506109837,432.6439506109837,421.3973969662742,427.6369934082031,1953505
2018-08-10,427.3885773508511,431.3062481174708,421.4834211065538,423.1651306152344,1619440
2018-08-13,424.2544966662242,429.7965482468013,423.3276331985328,428.3823852539063,1336615
2018-08-14,430.75198439800215,437.82291449397854,427.8949651840194,435.4245300292969,2410190
2018-08-16,434.8321341072005,451.2863274392435,433.97216473898646,449.7574768066406,4479940
2018-08-17,453.6655984578956,460.8129586443167,449.2701636728859,451.8023071289063,4445110
2018-08-20,451.96479323194905,458.0706318140424,451.96479323194905,454.9747009277344,1806590
2018-08-21,456.3601628458065,463.9852573593852,449.8816843963241,460.74603271484375,3194790
2018-08-23,464.3865901778266,481.58609351774606,463.4310622144977,470.8077392578125,8122840
2018-08-24,472.9863429330692,473.4450068542632,463.5457219680544,467.7213745117188,2883520
2018-08-27,468.7820622179626,470.6835536860795,463.7177461101335,466.8901062011719,2285610
2018-08-28,468.208692713263,473.9418603791397,460.00071117086407,461.4244384765625,3752040
2018-08-29,462.47558660903206,464.2910841128135,454.3535980012288,455.5671081542969,3190665
2018-08-30,455.7868486630585,462.0837745824469,453.8853573049955,454.8599853515625,5392990
2018-08-31,458.08010637512905,477.5728712752708,457.69790101638114,476.2351379394531,9906600
2018-09-03,479.67499178929575,502.98989519661455,476.808408173025,495.6131896972656,15199620
2018-09-04,495.91905719630927,499.7411693905005,484.8444906128885,486.0006713867188,5182295
2018-09-05,487.18550711174265,494.9635192686715,481.2994801113224,490.7018432617188,5635765
2018-09-06,493.8168575257066,500.6966707730073,488.29390686565705,490.55853271484375,5422470
2018-09-07,492.09699755720266,505.3406037274759,486.4784873660304,503.0855712890625,6533160
2018-09-10,501.4228843062728,508.30269759368855,488.27480965050063,489.9756774902344,6619365
2018-09-11,492.7562136924861,494.28503509292926,479.1208402655808,482.4365234375,5684655
2018-09-12,482.73275864988335,491.9918273292943,475.3942814269134,483.334716796875,6244125
2018-09-14,488.4468130340183,495.919049252465,487.32886156495016,493.406005859375,3386665
2018-09-17,493.24352561853976,499.7411038321213,486.91790627224015,490.8547058105469,3458865
2018-09-18,493.03331674797215,503.9454884540332,491.14138997841576,493.8455505371094,5557290
2018-09-19,497.52427242739327,503.7543331539968,491.3324701430561,498.2313537597656,4349735
2018-09-21,505.2736113776788,510.4047918816359,466.507864017883,488.513671875,7055035
2018-09-24,492.6319849972263,497.0560840482927,483.36335226645656,488.0741271972656,3443295
2018-09-25,491.2560339315862,500.5533023916865,487.3670281057916,499.1105041503906,3796255
2018-09-26,500.2570813088344,509.1435378891272,495.15459472199547,497.0369567871094,6031190
2018-09-27,498.7664487073774,500.7635277360962,483.30601384594127,485.5993041992188,5251760
2018-09-28,489.03925730077736,492.4791933645263,474.8114594222017,483.6214294433594,5348515
2018-10-01,483.68827708606887,485.54200370755854,466.36455007331045,479.4075012207031,3811780
2018-10-03,481.0127456501752,487.128118462288,474.3240502580898,475.7669067382813,3529440
2018-10-04,471.83970106450494,476.6078054754236,451.05696766667495,453.3884582519531,4021070
2018-10-05,450.2448554577619,464.2146717094624,449.15553941933206,457.6119689941406,3684765
2018-10-08,457.6978840549791,460.13446864205184,445.65822615798766,447.2061767578125,3018945
2018-10-09,450.56009228205056,473.3685397416278,447.5597496878854,469.0017700195313,5638370
2018-10-10,471.07527104063576,480.44899773195937,469.3553324251336,474.8209533691406,4467855
2018-10-11,460.9562573144108,480.8216922259018,460.1822819817916,469.92864990234375,2740135
2018-10-12,470.1198188223528,476.034540013946,464.8548497314482,468.3043212890625,4626930
2018-10-15,470.3300163535733,493.0429075278427,466.9474389030517,490.5394287109375,5616380
2018-10-16,490.5489708387719,494.9635055469045,484.9304615155484,491.829345703125,3000015
2018-10-17,493.0524359809028,496.68343062823016,487.7014734792626,490.1858520507813,2460045
2018-10-19,487.3192417732657,493.60663184988886,483.5926886976675,487.7683410644531,2184920
2018-10-22,489.7081129770567,493.5589189130858,477.04736664155234,481.4714660644531,2781960
2018-10-23,482.5320953520757,486.6026541318117,463.4501992362001,472.74749755859375,4117545
2018-10-24,475.4707027631718,477.1906413692616,456.083032940841,465.2083129882813,3628220
2018-10-25,460.8702502793148,467.2436054096901,454.8313066048885,456.8379211425781,6696500
2018-10-26,457.0099363991797,468.2087258658984,452.5476077526977,459.5229797363281,5628260
2018-10-29,466.2976515398458,489.03920566799815,466.2785514781003,484.0609130859375,5153915
2018-10-30,483.630929776096,498.7855890399744,480.67832275453605,495.78521728515625,4855195
2018-10-31,466.0970217771604,488.1601602945727,463.0584205068545,485.8764343261719,11364110
2018-11-01,489.2303205573004,491.9918103871253,467.5398239778072,470.425537109375,6852830
2018-11-02,471.1708415553219,473.15832687584,459.3318361679207,463.09661865234375,4403540
2018-11-05,466.2976765469465,468.59093797657255,456.9335135591396,462.6475524902344,2647945
2018-11-06,462.2271179340727,470.1197887596174,460.946713878569,468.3711853027344,1894150
2018-11-07,470.1197588676491,472.0117147364456,466.679852360928,468.7724609375,389780
2018-11-09,471.075306447347,471.075306447347,456.5512691077311,458.6534423828125,5014635
2018-11-12,461.30981065816513,465.8867979826112,457.6979159533833,461.6251220703125,2439440
2018-11-13,461.7111652725839,468.3998616203881,461.6251420869585,465.9250183105469,2348490
2018-11-14,468.1896224762595,472.0308345593424,459.95294657686406,468.0653991699219,2151265
2018-11-15,469.5082171313353,477.37222295264274,468.1991484563818,470.4637451171875,2493625
2018-11-16,470.6931118877629,477.1524615205992,466.6894471221794,473.3781433105469,2129050
2018-11-19,486.4593342377771,486.4784343009598,475.85296709101743,483.2296447753906,4735110
2018-11-20,481.6052191769605,481.6052191769605,465.8294714929793,466.899658203125,2705585
2018-11-21,498.4034123566254,507.3853994415393,492.50782056111296,497.2185668945313,22429120
2018-11-22,493.0524490102464,500.6393436786237,492.2115797028594,498.53717041015625,5046020
2018-11-26,498.21230136366046,504.11745715430624,481.7867442482056,488.9627685546875,5648170
2018-11-27,492.096907442057,497.409640653648,485.7904169709138,494.724609375,5237990
2018-11-28,495.9190393233386,495.98593328282254,486.8892879258343,491.5809631347656,3221465
2018-11-29,493.8168199301368,509.6212891334836,492.1160105506083,507.4426574707031,5241465
2018-11-30,508.5320675312168,522.5878485858409,507.7771630053461,520.2277221679688,7459140
2018-12-03,523.3617685795228,524.1262376367674,506.8980397891711,509.85064697265625,4919170
2018-12-04,513.6918283693749,519.5874781077002,512.5069829832455,516.7590942382812,4577265
2018-12-05,515.2207695336048,518.6510827952272,505.7801471235965,510.5673522949219,2238155
2018-12-06,510.44304499732345,512.3541009064704,500.9164009634107,504.7480773925781,2575765
2018-12-07,508.5320822373988,518.7179864377813,505.09214597835273,514.5614624023438,5898375
2018-12-10,501.2891025269196,517.32289061143,501.2891025269196,514.1600952148438,5025935
2018-12-11,509.96526042037806,525.5307891761354,509.5065673625687,519.0714111328125,4203895
2018-12-12,510.2519246126704,518.1923595336424,484.2806819651504,494.2659606933594,17065640
2018-12-13,501.65217957688463,501.65217957688463,490.6062786794141,496.2725524902344,5189005
2018-12-14,495.9190139091241,498.7091392375176,490.75913956903344,495.2883911132813,2931800
2018-12-17,497.7727286865702,503.5632256851463,496.9127302100224,499.3875732421875,2962015
2018-12-18,497.21857965519285,505.4743562956541,493.4633612846122,504.3850402832031,3696265
2018-12-19,505.4743082565534,506.6209535122217,493.9410783834702,499.5022583007813,4206195
2018-12-20,498.3459983023003,503.3625197605075,495.3456850301478,502.31146240234375,2465430
2018-12-21,498.670944565674,499.9895778376497,492.6893301071634,498.4129333496094,3739795
2018-12-24,498.7856515270233,501.28913039967466,492.7085070111585,496.8363952636719,2523195
2018-12-26,496.4922898802654,502.2254574692791,492.1350848454469,501.1361999511719,3768120
2018-12-27,504.70995374628006,505.4743645616069,493.3105105194083,494.4762268066406,2937890
2018-12-28,497.83003394540754,503.1809668360807,497.08469419235246,501.0597229003906,2988500
2018-12-31,503.5059067757785,509.0670865147342,498.7855963092916,500.02777099609375,5132645
2019-01-01,500.3335701655296,503.37214222811446,496.874563447196,498.2218322753906,1693785
2019-01-02,498.0212197638695,500.3144520381557,492.1064989388325,497.07525634765625,2087755
2019-01-03,497.8300569773583,499.70291273613816,489.9947162014631,492.54595947265625,2709455
2019-01-04,493.0524909386268,498.0212486355028,489.6126131673773,496.8746032714844,2036985
2019-01-07,499.5213882973535,499.5213882973535,484.89222787545657,488.9723510742188,2712075
2019-01-08,489.4214398014038,494.3615030956908,487.51038385397214,491.2369079589844,3447490
2019-01-09,493.2244030934663,498.9575707104832,493.2244030934663,497.4669494628906,2321680
2019-01-10,496.5114859015713,498.7856473501733,493.6544663333272,496.9510498046875,1952070
2019-01-11,498.9384354883807,498.9384354883807,493.0524091335184,494.6099243164063,1583935
2019-01-14,494.074859437701,497.83007739924153,488.27479760271103,492.8231201171875,1972390
2019-01-15,494.00803379796935,497.6390289586285,493.3105169390175,495.8808898925781,1787885
2019-01-16,493.0524042409631,502.16811955644334,492.15420566784735,500.11376953125,4730740
2019-01-17,500.6966946777667,502.37843336526487,496.874582504654,500.5342712402344,3249010
2019-01-18,497.8300803812911,502.4834970044119,495.8234949403199,496.2630004882813,2681365
2019-01-21,497.8301234589639,504.9010544909257,493.39645922617495,496.8363952636719,2975320
2019-01-22,496.7025694902968,505.4743094882125,494.9539369291618,504.57611083984375,3880330
2019-01-23,504.490052096576,508.3408576399738,502.6076900726057,505.8086853027344,3772630
2019-01-24,504.9105335900895,511.1501595324679,504.9105335900895,509.9557495117188,3057825
2019-01-25,510.3475269861717,514.2652271280458,505.5698865600859,510.7106323242188,3046410
2019-01-28,510.6151152515521,510.6151152515521,496.3108291414493,501.6044921875,3424970
2019-01-29,499.9322418423256,512.9273988091572,497.4478341463616,509.573486328125,4338480
2019-01-30,507.395005081264,512.163081150948,504.03152737821074,509.3729553222656,3285070
2019-01-31,509.29635656574936,521.4411368331873,506.6208901841592,519.9600219726562,6157590
2019-02-01,519.3676252002493,538.7266302116105,518.8803549499935,533.4234619140625,7254975
2019-02-04,536.6054511099353,550.0019145245788,518.8994885982045,522.7120361328125,10747910
2019-02-05,530.3562510714701,546.5333334468813,529.93581640996,539.1948852539062,8266655
2019-02-06,538.1533445693984,538.1533445693984,527.642537286093,533.1272583007812,4408975
2019-02-07,533.3756924696207,541.7843264362177,533.3756924696207,539.26171875,2809020
2019-02-08,538.5354883807387,538.5354883807387,525.8556731056291,529.3051147460938,3570965
2019-02-11,508.3600628482968,517.5044734836051,489.10614889492194,499.8080749511719,9477310
2019-02-12,500.50554365106456,511.4845507965826,493.81684779920016,506.9075927734375,6546620
2019-02-14,506.1813498241461,511.19787139239895,499.9322182374663,509.7263793945313,2987045
2019-02-15,508.3408861271122,508.3408861271122,357.93122306908845,489.8705139160156,33781355
2019-02-18,506.4298363918516,514.0071663793696,486.373313146076,490.29095458984375,13437905
2019-02-19,493.80731970056496,498.7856418338984,478.7386528578488,484.8158264160156,11348990
2019-02-20,492.0777676391257,493.81683551584825,479.39792217309474,482.5702819824219,7798610
2019-02-21,487.31929636469965,498.02122198824185,481.5574634976272,494.2564392089844,6551985
2019-02-22,493.9602350407979,506.4298643768599,488.40861942640447,504.42327880859375,6890795
2019-02-25,504.5665651628032,515.0200441559648,501.23178166556215,509.6595458984375,6377575
2019-02-26,507.1751738872099,508.3217608171252,502.407040233645,506.0093994140625,5065570
2019-02-27,509.2008794669197,512.7362863057069,502.61727774466056,505.83740234375,3965490
2019-02-28,510.06083130353096,510.06083130353096,499.78890537265295,502.9230651855469,3348795
2019-03-01,504.136525553493,507.7866493388131,493.06198921856026,505.6654052734375,4428975
2019-03-05,503.56328525328695,510.022664239857,497.7536583459665,507.2134094238281,3233555
2019-03-06,508.4555197610886,517.6094937019924,507.7006736884383,514.7715454101562,4261975
2019-03-07,514.0740388343635,520.934722540014,510.0417388657424,512.3063354492188,4583795
2019-03-08,509.8697106288437,513.3000817639579,498.1167280507377,499.7507019042969,3424030
2019-03-11,502.2255194724047,507.5765115419115,498.98632370851686,501.8719787597656,5568560
2019-03-12,505.8565452226816,511.3985959442172,504.1365481704804,509.6499633789063,2724340
2019-03-13,508.91418856641707,517.8961750787602,505.3978525311681,507.54779052734375,3520390
2019-03-14,507.5477907939941,510.4239394017172,499.9322606375241,506.0285339355469,2418560
2019-03-15,507.4808964261435,514.7907089394038,504.7003356130245,508.1307067871094,7180270
2019-03-18,508.0350823495444,511.0736541656116,505.12073382992486,510.1468200683594,2272815
2019-03-19,510.2519280367847,519.2816788768762,510.1468339587125,517.647705078125,4590280
2019-03-20,517.7050314856639,527.4514282368079,517.7050314856639,525.855712890625,5759745
2019-03-22,531.0824838491019,531.0824838491019,523.3427298948446,525.7888793945312,3427005
2019-03-25,524.5656405568668,534.7133412737519,521.0970699271123,531.4550170898438,5049315
2019-03-26,533.3757594043668,533.9394882838909,527.9292379549695,531.72265625,2420510
2019-03-27,531.4742049117226,537.7711012393444,524.4128395921358,528.41650390625,3295160
2019-03-28,530.2606034702661,530.2606034702661,517.5138368656415,519.2720336914062,3317795
2019-04-01,534.8949137997831,539.4432356940807,531.6557187142421,534.1018676757812,3959055
2019-04-02,535.8599819853509,538.9176826289638,531.2734601803261,534.856689453125,2941955
2019-04-03,536.6245078744475,536.7774250159205,527.1552509426168,528.4451904296875,1842580
2019-04-04,529.8880008915054,533.6719124824667,526.2092416964459,529.6204833984375,2192480
2019-04-05,530.470959731934,530.891394433044,524.107168182343,526.3717651367188,2225465
2019-04-08,527.4514269510513,531.2735387405517,524.6803725753446,528.1585083007812,1535035
2019-04-09,528.2157418711124,528.5884117000093,523.0367976651853,526.1708984375,2065405
2019-04-10,525.9512684707131,541.9563624229127,524.7950585986779,528.406982421875,5386055
2019-04-11,529.8689481562834,537.9622419911908,527.0405643965084,537.3411254882812,3186725
2019-04-12,535.0956633519751,539.1088924912747,532.4297613104056,536.4429321289062,3031110
2019-04-15,539.223515604293,540.7905953691345,531.4646336632811,533.7196655273438,2782595
2019-04-16,541.0199109478369,542.7398495110015,536.4333886724663,539.8923950195312,3857435
2019-04-18,540.4370597583913,540.4370597583913,533.4425884136525,534.9236450195312,2168040
2019-04-22,537.0067217919539,538.9082131303164,530.3180259689225,534.27392578125,1736150
2019-04-23,535.1912216524153,541.3353181545571,535.1912216524153,539.3286743164062,2379440
2019-04-24,541.7843456159985,549.4285691873001,537.599128545047,546.4473266601562,3740925
2019-04-25,544.9663317074965,561.8504961023806,542.6348409214504,558.9647827148438,5438620
2019-04-26,560.7037318921722,564.430313843307,549.533608969406,552.72509765625,4628615
2019-04-30,554.9610384728841,563.7614715927248,553.3079938374786,560.656005859375,3006375
2019-05-02,558.9838735199513,566.4369801693906,555.1617615642593,558.0092163085938,2940460
2019-05-03,556.136401660183,560.4649129899755,552.4289485115968,555.6299438476562,1822665
2019-05-06,553.6233766368556,559.929838048388,551.9129442078562,558.1430053710938,2055080
2019-05-07,561.0860544237221,564.1437556942014,559.0316458911561,562.3186645507812,2290700
2019-05-08,562.4238695006278,563.3411975588383,550.8811309524117,554.3018798828125,2251990
2019-05-09,550.8141512685621,555.9835323126906,542.4723518068831,554.3209228515625,3655600
2019-05-10,555.7349908270681,557.4931877847198,547.775485589851,549.6961059570312,1695460
2019-05-13,544.6605318153606,546.5524586177282,530.8245048550126,535.6212158203125,3296000
2019-05-14,532.381949342174,540.25554897065,527.4610151852767,536.548095703125,2424750
2019-05-15,537.1979130336697,545.3867959032741,533.5669178938394,537.6852416992188,2394025
2019-05-16,537.6087915707149,540.1313998080254,527.4897231046529,535.286865234375,1926500
2019-05-17,533.3757075761158,537.0067020826218,509.7645911919072,524.5848388671875,5803605
2019-05-20,530.8913019435213,531.0824191963316,485.8955237553439,494.8488159179688,13296325
2019-05-21,495.7279063459704,515.9755466561245,495.7279063459704,509.67864990234375,10041680
2019-05-22,509.27731729136246,512.1439014180878,501.0502348446536,507.9109191894531,3825980
2019-05-23,512.162995543228,515.9659782280761,501.9197636263472,504.0028076171875,2733160
2019-05-24,506.42987716443497,511.0068356248275,501.8815542193274,509.0862731933594,2355750
2019-05-27,509.105293916929,510.0608218928696,503.07591472157657,507.9586486816406,1703280
2019-05-28,509.2963735527756,512.9273679289553,501.9197261174374,506.8024597167969,6261485
2019-05-29,506.4298573239729,506.4298573239729,495.4317203364201,498.9289855957031,3872490
2019-05-30,499.3588931917652,508.32175020522544,495.6036752726875,506.8884582519531,3638095
2019-05-31,508.2453554268288,513.6918182512223,501.91976487066137,511.84765625,4697455
2019-06-03,512.1247954005597,523.4382139853259,506.88846242996783,520.5907592773438,2794240
2019-06-04,525.5403936124621,534.7994621527573,458.65343442542144,509.3633117675781,12191965
2019-06-06,516.281319939119,517.877035334035,505.2831835708121,507.8249206542969,3042480
2019-06-07,506.4298532076981,507.6051340156932,488.3225854713001,493.1862487792969,3912170
2019-06-10,498.42249085231146,504.0983292791904,491.0744784920012,502.46435546875,3114925
2019-06-11,503.7447588117202,503.7447588117202,495.6323362257012,497.9924621582031,2605765
2019-06-12,499.1678957439413,502.37845611776805,491.61920053184514,494.9062194824219,2644365
2019-06-13,495.1546180879376,497.3714500322136,488.73346880271066,494.6290893554688,1843465
2019-06-14,493.4346938600832,493.4346938600832,483.306061834998,490.2145690917969,3446035
2019-06-17,490.5680475512093,493.1384199369425,485.14062691329246,488.1123046875,2634620
2019-06-18,488.27484457675695,496.874597220966,485.8000303706162,495.2024230957031,3325285
2019-06-19,493.8168150377908,495.1258836162868,484.930417088312,487.481689453125,4227975
2019-06-20,487.31926028192345,492.5268993353704,481.2038871614458,490.1476440429688,2840740
2019-06-21,489.2303537446063,492.0969378485786,482.2645462070412,487.6155090332031,2895690
2019-06-24,482.3505132384343,483.87936384041154,478.6526246169093,480.3247985839844,2261305
2019-06-25,478.1653366772532,487.7874815173392,475.48027615796747,484.6533508300781,2186090
2019-06-26,484.4431412166202,494.4761854201616,480.191059026598,492.8517761230469,2506335
2019-06-27,492.8422436479691,492.8422436479691,486.15351870724106,490.3005065917969,2329305
2019-06-28,494.9635034077035,499.74114340198633,484.7966715028774,487.4052734375,4298885
2019-07-01,490.58721372089497,511.2075261523422,490.58721372089497,507.3567199707031,5592610
2019-07-02,507.7675747586784,508.71353809561583,499.8557753573877,502.15863037109375,3333410
2019-07-03,503.9359155800111,503.9359155800111,493.05243788626615,496.2439270019531,3132990
2019-07-04,497.0847748109015,500.69669883849326,495.5463886454326,497.3332214355469,1840500
2019-07-05,498.7856252052584,500.6011517670849,495.6419590227293,497.0561218261719,2458575
2019-07-08,494.0270808158981,500.6966472637407,489.0391945755016,496.05279541015625,2352875
2019-07-09,495.3457469572169,501.6522085362085,491.38984697291033,496.6548156738281,2041480
2019-07-10,495.72790320943005,497.4287710038668,491.6000153469135,493.9410705566406,1555795
2019-07-11,494.1991203099857,508.7231583689968,494.03669687092105,507.0127258300781,3900525
2019-07-12,506.0476329503401,508.3886883416209,494.0366966604445,502.3401794433594,3309185
2019-07-15,506.4708735592365,514.2892438258615,503.0334775125043,505.99908447265625,2497770
2019-07-16,505.045813314232,516.8599913819746,501.3002973243125,515.4157104492188,2961595
2019-07-17,513.3167854395424,517.6111359853147,508.8587661478588,513.4515991210938,2367680
2019-07-18,513.2492560422907,516.0607729555524,506.46114784847936,511.3813171386719,2172275
2019-07-19,512.2286685868453,516.0897223678786,501.4639683702056,503.2163696289063,2341240
2019-07-22,504.3429094202895,508.7720730456985,500.7225690063192,506.942626953125,1745260
2019-07-23,508.38684457385045,509.28229162293616,496.919280812662,500.558837890625,2400580
2019-07-24,499.7212197708302,502.8023642860117,492.0183878668482,500.5011291503906,2268320
2019-07-25,504.4970084445397,513.393770097745,502.08023547556985,511.1021728515625,2581940
2019-07-26,508.3965822707197,522.6371726797884,504.8629243210464,520.8944091796875,2688095
2019-07-29,521.8475182377689,525.101968998481,504.7857759817651,511.07318115234375,4598165
2019-07-30,509.9274380216011,518.6894443924721,490.8822170910535,492.9812316894531,10986210
2019-07-31,488.1669680572952,498.7583618415758,487.78183234193386,495.7927551269531,4173450
2019-08-01,495.48461901168986,495.48461901168986,481.436612795522,487.9262390136719,4881245
2019-08-02,487.9358874097805,491.0555248707947,480.70484468969465,487.050048828125,2969945
2019-08-05,485.85612311176845,488.7350471027394,481.56180259796463,484.2577819824219,1687875
2019-08-06,483.3238050240455,497.7762230288184,481.61956408761847,492.24945068359375,3016085
2019-08-07,491.0555533805786,498.5369479701784,489.3127899438085,492.3650207519531,1581395
2019-08-08,494.9069435482665,498.363615179193,491.0651655877958,495.282470703125,1276305
2019-08-09,496.2067162384652,498.7005336088072,493.00045517822895,495.5712585449219,1869625
2019-08-13,496.4474649182351,500.5877838492461,489.32238106660975,492.2783203125,1874220
2019-08-14,486.2508830988925,488.7061489198569,452.77243242366217,483.7282104492188,8047285
2019-08-16,487.0115243449513,487.0115243449513,474.68700533131687,479.9923400878906,3989225
2019-08-19,489.1297509711659,494.7046535511721,480.4640664067161,483.1793212890625,3556515
2019-08-20,486.19313621067465,493.8381992766895,484.4118504442959,491.9413757324219,3047550
2019-08-21,481.4269814524941,486.6071404743583,479.6938560728535,482.0046997070313,4254970
2019-08-22,482.0047250234101,492.9812549002541,482.0047250234101,490.1697082519531,2648925
2019-08-23,490.1119008699365,493.1063918963375,486.0486560768195,489.3705139160156,2863550
2019-08-26,492.97155639721007,497.7954638149992,489.524552381364,494.3677062988281,2175030
2019-08-27,495.8697818810609,497.6029072291929,487.7432922311662,489.2646179199219,2915520
2019-08-28,492.4998118238635,494.71436422901365,482.091362628509,483.7571105957031,2116140
2019-08-29,484.3155223379667,488.1669380225628,480.2619155574408,486.7804260253906,2524850
2019-08-30,487.2426423258672,494.5217867704984,483.93042224276,492.4998168945313,2876385
2019-09-03,492.6635158373833,494.3292638245517,485.8176086631784,487.7433166503906,1927265
2019-09-04,489.1105654817903,502.9082498081839,487.7625464297791,501.2039794921875,4096285
2019-09-05,507.7610839323991,518.9398646487074,507.7610839323991,516.5615844726562,4488550
2019-09-06,516.8792759735086,528.9823574460287,515.1365126360112,527.6343383789062,3959170
2019-09-09,525.545018262024,532.3908966308799,525.545018262024,529.4157104492188,3199675
2019-09-11,529.9548628422459,535.0387013811875,527.8365722977103,531.68798828125,3171745
2019-09-12,532.6508045952438,536.8873266166622,529.0111885396669,532.8529663085938,2347310
2019-09-13,535.6645387343467,538.2257043082707,518.5449677972717,526.0167236328125,5949000
2019-09-16,525.9109001563164,531.9961448772824,520.5381580380042,524.813232421875,4092125
2019-09-17,526.6811058173824,531.9575266092269,525.8337896477218,527.2684326171875,2342715
2019-09-18,527.6055051665012,531.8709413842296,522.8586419431426,528.3468627929688,1821510
2019-09-19,527.6632695333484,529.2230883167833,521.6068802429533,526.2093505859375,2319595
2019-09-20,527.2588298866042,551.1376562365439,522.0690914607745,546.4774169921875,3830525
2019-09-23,546.9010540129967,546.9010540129967,520.1337254469349,532.8915405273438,4645190
2019-09-24,532.7856981250142,547.8639670365226,522.8297611613915,536.3578491210938,3398250
2019-09-25,529.5985646280596,536.1170456402801,529.5985646280596,534.066162109375,2457150
2019-09-26,537.272394515645,538.4085548927559,528.2119665520424,534.3549194335938,2524060
2019-09-27,535.7319887720301,536.5022602179594,523.8888375650836,525.872314453125,2344830
2019-09-30,526.4884882610376,528.1349895473869,518.0924306610746,520.3743896484375,2749030
2019-10-01,518.0154345062708,523.7925583111735,509.3304729138256,517.8902587890625,4860100
2019-10-03,516.0511121757037,516.9465591026699,507.6165040017913,515.540771484375,1485000
2019-10-04,517.4376982091542,519.7485122585608,502.86971431486296,504.0924987792969,2221020
2019-10-07,506.46113124466166,509.3496928297072,496.1104522315816,503.8517761230469,2596265
2019-10-09,505.45022372323086,515.3194773144088,500.7418535154256,512.89306640625,2332220
2019-10-10,505.7197365570852,513.5670193720058,503.0044814990624,507.1351623535156,1440705
2019-10-11,509.349702662536,512.045681773703,502.032036679663,510.5821838378906,2734535
2019-10-14,510.6977121622858,516.5903730991791,504.7280064613727,510.6784362792969,1507185
2019-10-15,512.6234705879688,519.3441724069907,511.188768825921,516.9851684570312,1710795
2019-10-16,522.0593596085787,525.4100721391278,517.4376729672855,520.2202758789062,1639185
2019-10-17,522.0593383796315,526.4884423207801,519.7484657689869,525.2174682617188,1525070
2019-10-18,523.7925613196326,528.5971932421018,521.8764913162055,524.7265014648438,1446395
2019-10-22,524.2259040242362,543.1845027911706,522.0305685617374,541.2684326171875,3496720
2019-10-23,540.5077059130407,547.2765977238378,530.5421905464483,544.3399047851562,4897960
2019-10-24,546.8529134888873,548.8171143934198,533.4210891123439,544.0702514648438,3013160
2019-10-25,543.8198869808325,543.8198869808325,535.33714622275,538.2257080078125,2503975
2019-10-27,535.1541966726205,537.8501758934719,534.3839252906542,536.4251708984375,113015
2019-10-29,534.3839298626017,543.049615211725,530.234031785017,539.6796264648438,2668840
2019-10-30,544.7826595380618,544.7826595380618,527.9423562493597,531.4760131835938,2965735
2019-10-31,535.3275571696698,542.0675352836809,533.4404009092317,535.9630737304688,3601190
2019-11-01,536.1169963104446,544.811594531298,526.8447093035923,530.840576171875,15004275
2019-11-04,532.506408047343,541.1239633453104,529.2905085061947,538.7745971679688,4044245
2019-11-05,538.0043134076677,548.7305211310836,537.6577000700643,542.2216186523438,4218310
2019-11-06,543.0689239050997,554.6038958498459,543.0689239050997,551.2723999023438,4502345
2019-11-07,551.1376686903482,555.2201603629077,544.7827968499004,552.8804321289062,2205775
2019-11-08,550.7524903332884,550.7524903332884,541.5668842908332,543.4540405273438,1594930
2019-11-11,541.5764697608552,544.4650318066681,538.2353945364786,542.2312622070312,1533320
2019-11-13,543.0496968840184,543.791113325579,530.5325939416564,532.10205078125,2283415
2019-11-14,534.3839451899138,534.8364583402914,524.7457676945187,526.4981689453125,3242840
2019-11-15,529.1845345617706,529.1845345617706,522.3098016697091,525.872314453125,1894225
2019-11-18,526.2959539929954,531.302806366783,526.1034302142646,527.0662841796875,2113865
2019-11-19,527.8365733491453,531.5820895049053,524.6591669099846,528.2216796875,2384625
2019-11-20,528.8668060050107,551.5130908647142,528.606816633712,546.6410522460938,4989880
2019-11-21,544.5902187955655,556.5296323390844,541.1624607810115,554.45947265625,4794695
2019-11-22,549.7896089200927,559.3700175366495,547.4787359183308,552.9188842773438,2747755
2019-11-25,550.7525213716563,565.3879148120451,548.8364511984272,562.4319458007812,2343975
2019-11-26,562.3548242514033,572.8980865045285,559.8321516643648,571.1360473632812,5280840
2019-11-27,570.0095614895288,576.1622125835618,566.6010795249194,572.3204345703125,2792575
2019-11-28,571.5693279439221,574.3616277636737,566.7454204976012,573.2350463867188,1282180
2019-11-29,572.8403530842246,572.8403530842246,557.5502270770304,561.1224365234375,2802065
2019-12-02,561.9215322611793,561.9215322611793,549.2119073493111,553.0055541992188,2990275
2019-12-03,554.4112838344712,556.0192334503615,549.1445010203895,550.4346923828125,1906680
2019-12-04,550.7524239038257,555.7399999912219,550.405810608471,554.1898193359375,2380810
2019-12-05,554.565422822982,554.6039158273429,548.6534850325988,552.986328125,2168805
2019-12-06,556.0866290240156,567.89122742715,552.9959055677276,556.68359375,4942595
2019-12-09,558.2627427527833,566.543322492258,556.8955065148119,560.1403198242188,2646785
2019-12-10,560.1402371186856,560.1402371186856,554.1224004500276,557.9738159179688,1742585
2019-12-11,558.4552005692218,561.49779270064,553.6409315987976,556.1058349609375,2032640
2019-12-12,558.4553661846774,562.0757069269533,556.5296580254198,559.5433959960938,2019050
2019-12-13,551.734618424086,551.8405182598826,533.9988054138606,543.3385009765625,6842090
2019-12-16,545.9382284407543,548.8171525529409,538.5050236272118,542.3468017578125,2301945
2019-12-17,544.5901565885276,547.863883441399,541.316488503596,544.3783569335938,1835550
2019-12-18,546.9010944568132,553.8817862434539,544.3976974611967,553.3425903320312,2656160
2019-12-19,553.4484458300549,556.9821034170143,547.1032711279308,552.5914916992188,1991375
2019-12-20,551.7730490949067,554.8445553616392,549.934024018759,551.3975219726562,1756605
2019-12-23,552.2160136390324,561.921539096933,552.2160136390324,560.0728759765625,1961175
2019-12-24,562.0949407920523,562.0949407920523,555.7689829096663,557.6754150390625,1089215
2019-12-26,557.7910017985906,561.2958047984873,550.7525407353654,551.8309326171875,1284800
2019-12-27,553.6409846552702,559.4181079734121,551.0605432919859,557.9931030273438,1868265
2019-12-30,555.0467692357256,563.847209041865,553.6409814134186,556.30810546875,1899395
2019-12-31,556.5295657597545,561.3149215335416,551.5323515642392,553.5543212890625,1516190
2020-01-01,554.6038800587331,556.2407435416616,550.7909572268703,554.4883422851562,773895
2020-01-02,555.3356611106791,556.9917417184506,550.7909598459244,551.696044921875,1494155
2020-01-03,551.6960274754937,557.8775920354794,549.2214858166482,555.3549194335938,1723390
2020-01-06,552.8706976429829,558.0315802233999,549.6355227807455,554.3823852539062,1788685
2020-01-07,556.5296656514951,560.3810820227857,552.8804697961592,555.4127807617188,1788175
2020-01-08,553.6410084825646,559.4181320493392,551.9078831661202,557.9257202148438,1395115
2020-01-09,560.6891655235013,565.5034356711121,558.64791968235,562.4030151367188,1877480
2020-01-10,564.2324917223797,579.2529918856251,563.298551472001,564.8101806640625,5635735
2020-01-13,564.7908626606625,571.261212723561,561.4786428614342,568.9888916015625,2209320
2020-01-14,569.0081752487985,571.7041544784556,564.6175637125168,567.66015625,1785850
2020-01-15,567.3423883789529,567.4097952045437,558.4552656299275,562.0466918945312,1924335
2020-01-16,563.8472451671986,568.3726704501063,562.6244606225396,565.6670532226562,1917310
2020-01-17,567.00541597643,587.1483033453999,566.1580998330678,584.3271484375,5585585
2020-01-20,585.9928323112293,593.1179743413351,583.8841800192658,589.1895141601562,4373565
2020-01-21,588.409634697014,593.0795113884301,584.6159879675803,589.353271484375,2853930
2020-01-22,589.3724715089645,597.9418945063584,586.840161115476,589.6613159179688,2798990
2020-01-23,588.3615420115939,592.8676915195423,582.3340667826044,585.0589599609375,2130840
2020-01-24,586.1855074076317,586.772834247294,582.5651669402957,583.7591552734375,1363645
2020-01-27,583.2969235207219,617.9596664554778,577.230955260728,614.0601196289062,20699040
2020-01-28,614.3008147111344,625.8454240674904,608.0903950345262,614.1371459960938,11511345
2020-01-29,614.1371242388491,616.5827520072943,596.815391846835,606.260986328125,6946015
2020-01-30,607.0409152431376,610.4493970290812,600.5416511580488,607.5319213867188,3366300
2020-01-31,607.6090046201764,614.6571029485455,597.3738619042363,599.7617797851562,3341175
2020-02-03,601.5911667578591,611.0271241934704,600.2720614808045,605.4714965820312,2576210
2020-02-04,607.3682332839699,631.1700124440088,606.9927061556242,624.2855834960938,5149785
2020-02-05,622.9664366530017,625.8549981830774,601.1481944203875,603.3916015625,4781145
2020-02-06,609.9873106557008,611.758929180497,604.0176038499114,608.321533203125,2462660
2020-02-07,608.4948617292961,613.3380459364363,604.0946703211829,609.8140258789062,2676165
2020-02-10,609.7657576193512,611.0752836566624,599.4728465299619,606.4246826171875,1477975
2020-02-11,608.5043855678596,617.3722910945202,603.7093919779851,614.5318603515625,3060520
2020-02-12,610.8633746090344,618.8454120468607,609.3035560387276,615.3984375,2843165
2020-02-13,620.6074951430671,642.5894670436737,615.6680497304693,640.2208251953125,8584320
2020-02-14,636.4850132179533,641.8384793277246,631.0545610979312,636.3117065429688,3533430
2020-02-17,640.4519641432685,643.5812397574122,633.0187592007477,634.626708984375,3203305
2020-02-18,633.1727900701139,633.1727900701139,622.6295853985354,626.1151123046875,3486830
2020-02-19,627.3955496543003,635.2524700367163,627.3955496543003,631.27587890625,1509105
2020-02-20,633.423066295212,647.9910508197778,623.938978681579,626.8756713867188,4622330
2020-02-24,627.2031367939454,627.2031367939454,609.7465885802452,611.6626586914062,3143085
2020-02-25,612.7602153935261,612.8179842739733,588.5636933726317,594.4467163085938,5005135
2020-02-26,596.391769337685,599.9542819932907,589.3243953777628,592.2225952148438,3810845
2020-02-27,595.8140033580888,595.8140033580888,583.3161780847257,590.6242065429688,4677080
2020-02-28,583.4895011959001,594.7549043092113,559.4662830811933,563.6739501953125,8299780
2020-03-02,570.2022484734997,577.1829411722828,553.83372766256,559.524169921875,4444330
2020-03-03,566.1581636152096,592.7329110532351,564.4731690806406,586.1277465820312,5280400
2020-03-04,590.2294886969441,613.6749595613339,584.6449473764018,610.7094116210938,9163610
2020-03-05,610.642037010216,622.3792299756898,609.7176759858172,613.2321166992188,5228710
2020-03-06,594.1193561365468,617.4685634802448,594.1193561365468,610.63232421875,5629460
2020-03-09,608.2830390104618,614.1082941915987,582.7289139772311,589.5073852539062,4992640
2020-03-11,591.1922977643428,593.8690598292804,574.4386163074938,577.827880859375,5845705
2020-03-12,567.698741282534,574.3424579326055,539.8819316131109,548.9038696289062,3889695
2020-03-13,525.7084971017515,603.7863316969052,502.6096455895009,555.5858764648438,4930170
2020-03-16,537.2724958033541,574.0438899367421,531.4953721925654,544.3880004882812,4715400
2020-03-17,544.9752828680643,559.225508193006,531.0620328857783,535.5778198242188,4684015
2020-03-18,539.5447744878886,539.5447744878886,504.7376427352877,513.865478515625,4366425
2020-03-19,502.2246358879317,516.0704814676299,480.47379637517554,505.296142578125,4838010
2020-03-20,508.5794564153108,567.891234860354,508.5794564153108,557.9257202148438,7772855
2020-03-23,516.1377968849689,586.7631623642509,516.1377968849689,533.1129150390625,4816170
2020-03-24,548.8267633792497,570.0095507377471,539.4100233358143,550.3577270507812,5340585
2020-03-25,544.4457406348916,567.8719920950995,538.3701349756329,562.6918334960938,4097050
2020-03-26,572.9366573144131,590.5280197536313,554.4594855971718,567.8046875,3194975
2020-03-27,568.6230812191053,586.7536393017716,548.0757500859106,561.6327514648438,4007940
2020-03-30,554.5268670592959,587.3409482979156,541.3165382012745,576.6051025390625,5752295
2020-03-31,587.3409247771921,606.9831693752786,583.8842531488873,600.96533203125,5013780
2020-04-01,600.8112235782797,605.4425487017834,590.4220506709448,596.006591796875,3555215
2020-04-03,594.0808897191215,619.8565088778302,582.5459181539793,605.9817504882812,5868365
2020-04-07,625.8549980709334,696.2588663832628,618.152167325445,690.0195922851562,11837790
2020-04-08,678.8121162826656,725.0291114338257,668.4133041272441,709.23828125,12611475
2020-04-09,720.2148620197277,733.6948193302572,691.9454799356678,697.4048461914062,9804680
2020-04-13,711.3564755694316,742.5529665769676,694.6413453587296,721.4857177734375,11611945
2020-04-15,736.5833181317176,749.7936469489435,727.1473605811357,733.2326049804688,8625555
2020-04-16,733.0015436176334,749.1004347785532,727.9176461344297,743.448486328125,7329295
2020-04-17,764.5060673642816,769.8788090786165,736.3136743541244,756.716552734375,9074610
2020-04-20,755.5611851558863,755.8307537171473,733.7525185008105,740.3865966796875,7493955
2020-04-21,738.5090341571347,779.4880989429588,736.0152163846793,773.44140625,14239375
2020-04-22,768.3477783607905,788.4425346596531,762.8210063481499,781.2211303710938,8917130
2020-04-23,776.2528853627979,786.8442790736653,772.064435316371,775.5018310546875,5128285
2020-04-24,772.2088386463486,779.8346251864367,764.5252832221665,770.8223266601562,6330770
2020-04-27,770.822344665191,782.8195258643924,761.627101329839,766.489501953125,5624485
2020-04-28,776.0603008327345,777.2542303542217,749.4951339078731,760.6065063476562,4305840
2020-04-29,760.6064583962295,764.5060049803881,745.7399916665483,747.3094482421875,5198230
2020-04-30,757.4002388034518,788.3367437512734,750.0729336772891,758.0164794921875,10890150
2020-05-04,741.3974680249146,771.4385200413294,741.0508547415711,758.5362548828125,7077435
2020-05-05,766.4316176711727,767.654460791537,732.9243174964214,738.2970581054688,3978630
2020-05-06,741.5901228542077,747.1746640016629,732.7414927171817,741.8789672851562,4779515
2020-05-07,752.7399552778321,758.0645068217719,735.3411781341694,739.019287109375,4581335
2020-05-08,751.0453076690989,795.7409686441898,751.0453076690989,767.2019653320312,10017290
2020-05-11,766.0081072995217,766.0081072995217,741.0220348523039,743.7084350585938,5974940
2020-05-12,743.9394844131541,752.8747384423345,723.9024962157159,726.6466064453125,5392485
2020-05-13,741.2049321813824,741.2049321813824,719.2711505520402,727.8405151367188,4392175
2020-05-14,729.843338361265,735.6108244686629,716.0937549128113,718.6742553710938,4485705
2020-05-15,721.3702549791136,727.7058509862262,715.795292503405,719.271240234375,4496935
2020-05-18,724.0950716444104,724.5572227266382,695.9219561541079,708.496826171875,4954380
2020-05-19,712.540834086009,716.748501129887,704.8283645733078,712.4348754882812,4677020
2020-05-20,716.5366002331527,756.8031569327984,711.1927729015277,752.990234375,21083545
2020-05-21,760.6546442875853,761.4538295461014,736.6795566756474,740.9161376953125,8672120
2020-05-22,739.5873951030972,752.9518130593456,733.887315991227,749.6492309570312,5052550
2020-05-26,750.833515063863,758.5363468342396,742.061929489653,744.1513061523438,4136880
2020-05-27,744.2379985907115,751.0261074234502,734.4650071471906,747.7523803710938,4308340
2020-05-28,750.063203159275,753.1057956864693,739.9532370062936,748.6670532226562,3962810
2020-05-29,747.1747390236415,787.7494225898769,745.1142172627483,784.00390625,9631120
2020-06-01,785.2265976854038,788.0669695543384,758.9310611539312,761.3381958007812,6848855
2020-06-02,767.3945733348303,771.6889229694231,748.3300774949054,750.1209716796875,7451040
2020-06-03,756.5721301250645,768.3574530853069,753.19250335336,763.04248046875,3694130
2020-06-04,762.5609819332943,781.2596462244803,761.9351621844844,770.0712890625,5997250
2020-06-05,774.0287080961444,779.9117318705155,768.8004179827954,775.0781860351562,3855025
2020-06-08,777.0038608170456,777.0038608170456,759.1140767607951,764.0438842773438,3559990
2020-06-09,756.8032436933448,797.6282767839803,756.8032436933448,794.1234741210938,11375810
2020-06-10,798.2059384795308,806.871624180756,787.1716108635113,791.9473876953125,7769840
2020-06-11,792.0436234275583,794.9226060582918,777.4082906298415,781.375244140625,4137580
2020-06-12,768.7425198167316,777.331159507854,766.6242296414501,771.8140258789062,3911520
2020-06-15,779.5265269067615,794.7203903000716,762.6958588285653,772.6517944335938,6959575
2020-06-16,782.8002674121312,785.6888292845008,761.1841843136446,771.3327026367188,3900130
2020-06-17,771.332649708056,778.5155021263131,764.8911548239682,767.4330444335938,3186815
2020-06-18,772.2089144836101,780.3835356093747,768.7426635616846,771.6312255859375,3614150
2020-06-19,774.1826048453368,778.9294671418978,768.7425160046307,771.3614501953125,3654715
2020-06-22,776.4454621400839,782.3188478289148,772.3821878418763,776.609130859375,2655980
2020-06-23,779.5073148712304,795.317360226027,778.0052650646204,791.2445068359375,4799415
2020-06-24,791.9377415159064,796.6076184670945,775.7328929681363,778.496337890625,2677740
2020-06-25,776.0602262486968,778.1785165354693,765.7673159344575,771.5540771484375,3769375
2020-06-26,773.1718003250039,782.8003408022767,763.5432598477311,770.0136108398438,3719560
2020-06-29,769.8979786910326,778.7562465979767,762.3395988499645,765.2474365234375,2692435
2020-06-30,770.2831603027877,772.3821748624598,755.9366129349718,759.68212890625,3404710
2020-07-01,763.5816364666484,763.7357260008487,748.3011497597325,753.23095703125,3117825
2020-07-02,759.8844123439904,766.2392254357686,751.2187260726857,754.9834594726562,3711465
2020-07-03,758.7288251099802,764.1112039277252,752.9517020761479,755.1566162109375,2280380
2020-07-06,755.8404087536204,758.7289708252903,746.5970336314551,749.485595703125,2848085
2020-07-07,750.0439575576025,754.6849206883087,734.4649875659818,736.29443359375,5179985
2020-07-08,737.7386978292673,759.6339869403108,737.7386978292673,748.4649047851562,6811290
2020-07-09,751.9889254540456,754.2997984120408,742.1774414767252,750.371337890625,2455715
2020-07-10,750.9682560564177,762.0025826562005,747.7908500121888,752.0755615234375,4152955
2020-07-13,758.829958744777,761.4754660787416,750.825536492047,755.7774047851562,2678440
2020-07-14,756.6397896537741,774.4801644066116,750.8254469169676,771.97998046875,6044725
2020-07-15,773.1138371235477,784.5099594770518,767.6871403583356,782.3101806640625,5296965
2020-07-16,781.2732357061597,806.8273274485498,777.3970070633748,804.734130859375,7809325
2020-07-17,802.5731806042071,805.8679395787633,794.6268997771244,798.2608642578125,3712880
2020-07-20,802.2533663804835,805.0926968327037,789.2776764884101,793.0957641601562,3144360
2020-07-21,794.6753591001112,800.5769435770818,776.4183542509502,781.7481689453125,3316480
2020-07-22,785.6243414647988,800.4412039596211,780.100703893878,787.1845092773438,4093845
2020-07-23,792.8631889706852,802.3793374862855,787.2620692792243,800.4412231445312,3559780
2020-07-24,800.4412076432988,810.1123790944642,785.256098630762,788.027587890625,5479715
2020-07-27,791.719692132458,791.845674293775,768.0650331080395,778.28857421875,2909240
2020-07-28,778.9282277410709,793.0764994789804,776.6703077237023,785.1980590820312,2592970
2020-07-29,791.2254774072608,840.3663876750403,789.8591328252618,833.8155517578125,24766165
2020-07-30,851.5880721687394,883.7801223581494,841.1416076829755,875.3687133789062,31472050
2020-07-31,868.0813972855087,882.0067440261888,863.5074758533259,876.231201171875,7910670
2020-08-03,876.231195209625,905.0993866893222,872.1514432766488,877.4715576171875,12183250
2020-08-04,878.1015073346528,902.0662730164674,870.2424676205397,898.2869262695312,8332715
2020-08-05,902.2018799546196,904.2659763546892,887.9858285463464,891.7166748046875,5060070
2020-08-06,893.4803686533611,902.7735933534748,885.2433830966813,888.2474365234375,4587005
2020-08-07,889.5945445367464,912.2705075659148,883.8867832094136,886.3966674804688,8326715
2020-08-10,892.5016297749139,922.2710368532815,892.5016297749139,909.1500244140624,8697180
2020-08-11,913.830562732755,918.3851430187792,884.7491491446293,890.7379150390625,6457605
2020-08-12,886.6873036230687,887.636960715352,869.0601514726123,875.6691284179688,5353620
2020-08-13,881.8711701764818,889.6817690026638,870.5525297995845,872.5875854492188,4550210
2020-08-14,877.2195804402515,888.8192252220938,866.3370876288137,875.911376953125,5753920
2020-08-17,875.9211171397216,885.7182711295808,872.1902114725217,875.8629760742188,3388330
2020-08-18,879.5162043623133,883.7219382202148,870.6687082667381,876.1051635742188,3252160
2020-08-19,879.9039475135031,883.5766530501212,867.5193679676237,870.0679931640625,4036070
2020-08-20,869.2443522538451,877.3069156621926,864.6122302138044,867.5000610351562,4033835
2020-08-21,876.0277011718247,876.0277011718247,867.0348220437842,870.1649169921875,2438510
2020-08-24,870.1648577058367,873.5274575411067,857.6155561008136,866.831298828125,3676190
2020-08-25,870.2133284700401,870.6784569792957,856.6465282489036,858.1388549804688,3010780
2020-08-26,858.7785171461726,863.0229924864369,852.7703505741791,859.5053100585938,3460010
2020-08-27,860.9879454688482,866.0076548033361,856.0651773449229,859.94140625,4518315
2020-08-28,864.3990222765837,865.5619027457292,845.1729014068434,847.7893676757812,5814245
2020-08-31,847.9250683867244,857.6156405968585,817.2350427582667,826.5476684570312,5944120
2020-09-01,827.7880052733398,848.0994652886669,820.210030088986,843.4577026367188,4063205
2020-09-02,843.3219045752425,852.2662822921038,836.6257463301292,843.6126098632812,3018485
2020-09-03,847.8378695117262,865.5619648221298,841.1708099133627,859.1952514648438,4691970
2020-09-04,852.7702632482649,868.9438289023242,831.8289531379886,837.7498779296875,6774000
2020-09-07,841.9459511501154,859.7475264955078,832.4685437094585,856.617431640625,6153985
2020-09-08,865.3680469844944,868.5659237946558,838.970939314844,842.84716796875,7357755
2020-09-09,843.0604153005191,861.298080013408,840.2889257348138,858.4781494140625,6175435
2020-09-10,864.3989709100811,864.786617425613,841.2481815859373,848.9231567382812,4355845
2020-09-11,852.7702779203147,861.8794386385396,847.9249922503129,853.0803833007812,4434725
2020-09-14,857.35382132228,857.35382132228,840.3662820632624,845.8123779296875,2924530
2020-09-15,847.915338496788,881.6482168067001,847.4502099739772,860.9782104492188,12522330
2020-09-16,863.4299283012664,901.37818060706,854.9022371350094,896.93994140625,14898945
2020-09-17,911.689010092832,939.12301730458,902.1825612415852,935.5762939453124,42149590
2020-09-18,969.0569903667372,1065.3715788344582,959.4148614832792,1033.6640625,109935390
2020-09-21,1033.6642041717578,1068.414578413949,990.6186441744248,996.578369140625,63716980
2020-09-22,1010.5328852469008,1019.4481640793988,979.7168192816276,1001.6077880859376,38516740
2020-09-23,1018.672879081184,1023.3244009481944,980.56960211,989.9403686523438,25066590
2020-09-24,980.6858866183992,1008.3814988150456,969.5417288159174,974.3676147460938,25989895
2020-09-25,992.314522199207,998.7102757344472,977.5848416810016,990.8027954101562,17571115
2020-09-28,1007.8097724389428,1007.8194724742424,986.6552375277984,994.2235717773438,12487900
2020-09-29,994.2526976891288,999.0882837046938,981.926318365436,985.3761596679688,7146485
2020-09-30,988.4383763552844,1030.6892479996905,985.5312046601218,1005.455078125,26977680
2020-10-01,1012.6647707786294,1018.672878082271,986.1901210612606,990.7737426757812,11385685
2020-10-05,1002.0051502811024,1005.8813791023058,989.0197600714476,999.9701538085938,9188390
2020-10-06,999.970151683318,1013.0039237496674,990.8028492478946,995.5125122070312,8450035
2020-10-07,997.1598627442776,1006.8504347826088,987.1204443077404,989.397705078125,7912070
2020-10-08,996.9661979275847,1010.6879641296302,979.9107539533112,1006.7342529296876,11102775
2020-10-09,998.3226806096254,1019.060528358362,995.4155090082076,998.7103271484376,11669875
2020-10-12,999.6987272603905,1015.1842415116342,990.570225514912,1011.7925415039062,9678985
2020-10-13,1013.6338908517232,1031.6196503228691,999.6503425838292,1001.762939453125,16819870
2020-10-14,1002.9741531059128,1011.6471673058652,986.6649046639378,992.8959350585938,9322630
2020-10-15,997.8672648109816,1001.0361008237406,972.9528417236578,979.9591064453124,8842090
2020-10-16,976.0343670104244,993.2835723397948,972.933372321126,984.6686401367188,10115525
2020-10-19,1009.9513578434144,1010.726650913998,977.2069366295748,980.3273315429688,10753270
2020-10-20,980.0947734733026,990.3764561467362,975.0556642154556,982.8468627929688,6901450
2020-10-21,987.7696898690336,987.7696898690336,950.94551635467,978.1178588867188,8006955
2020-10-22,976.1700753667038,977.7205431796278,936.3030492093936,973.321044921875,24590740
2020-10-23,978.9414893902782,986.6939461517984,968.281861343188,972.5941772460938,9087405
2020-10-26,970.6075645827968,981.0734285464108,959.6087901917568,964.8126220703124,7040385
2020-10-27,967.119046083015,993.6712359367018,961.4015851780104,988.322021484375,9217170
2020-10-28,990.3764310854722,998.12888847166,953.5522585010808,959.5604248046876,18141410
2020-10-29,953.5522822278328,976.8096549650973,948.6972962054798,957.8064575195312,11551185
2020-10-30,964.0181325790478,964.8030665792596,943.8908538809748,947.476318359375,6316955
2020-11-02,948.9008142500908,953.5522769424496,934.3261562283932,941.6619262695312,5854965
2020-11-03,940.1793026484154,953.5522801133768,936.3224147917124,945.2861938476562,7304100
2020-11-04,950.0152084161948,962.2350647374608,945.2959045538416,956.5757446289062,7607400
2020-11-05,963.7757662396752,968.9214572844472,953.9592126850272,961.0139770507812,5170230
2020-11-06,961.866850598684,961.866850598684,947.9027026662352,950.2478637695312,5452210
2020-11-09,954.5213506097732,960.1418705911586,943.8617213136232,945.7319946289062,6028255
2020-11-10,934.9463763587096,943.4740679042472,906.9212586469456,910.526123046875,9830150
2020-11-11,916.728088917565,953.532861552072,909.188795694471,946.2164916992188,13535220
2020-11-12,944.8307435683802,954.5213152972866,931.263943147911,935.4987182617188,6582350
2020-11-13,939.9855112349348,946.7398117242848,936.118982358356,941.3228149414062,5459350
2020-11-14,946.032424502092,949.2884426126252,936.1092878910032,944.259033203125,676080
2020-11-17,944.830775323102,945.77073242205,924.4805740084506,927.2230224609376,6416065
2020-11-18,927.3877481507664,929.3258625669644,906.068489572588,911.6502685546876,6500295
2020-11-19,906.0684542930916,932.5818442791576,902.5798721383928,912.4060668945312,8836445
2020-11-20,916.7281327713752,921.0501492778368,902.4442387707128,905.2835693359376,4774680
2020-11-23,908.0065502746407,943.8616648532552,905.3125430051448,935.866943359375,10763015
2020-11-24,939.9854287951098,957.4284573706892,927.5427090533792,952.6800537109376,9611490
2020-11-25,968.6695499677082,972.3520146316728,926.6125031273284,931.5159301757812,13295580
2020-11-26,932.2329898291138,955.3546795188912,925.2170254397946,949.9376831054688,8336175
2020-11-27,949.8697856461448,956.5659442136578,932.0779114029606,935.9056396484376,10018690
2020-12-01,943.8617453408476,943.8617453408476,931.457824582518,936.1868286132812,5585950
2020-12-02,940.3924209247252,947.5440674081086,932.4267995591586,940.0338745117188,6117260
2020-12-03,943.8616891429068,957.2346663384128,938.5512747469064,954.1433715820312,5174465
2020-12-04,957.428478152379,961.4112889017464,942.3305509743252,951.3331298828124,6998410
2020-12-07,955.4903624565404,983.3991969139922,950.6644767130184,974.6970825195312,12029520
2020-12-08,978.7477107404268,984.5620535765084,960.5100482803304,972.0030517578124,6638505
2020-12-09,973.902493293785,988.4383514026476,973.902493293785,980.0850830078124,6767490
2020-12-10,980.2982288958224,985.8025257792224,971.9643607276676,979.3485717773438,4741470
2020-12-11,979.7361960734388,985.3470157785606,966.1112546689697,972.34228515625,3839815
2020-12-14,959.7542506330192,979.5229815326842,959.7542506330192,973.47607421875,5918125
2020-12-15,978.1566323537312,983.7868521532372,971.0340266565966,975.1331787109376,5025520
2020-12-16,978.7477166852868,979.0868630274966,970.2200256365476,976.6060791015624,4162280
2020-12-17,978.747853765164,995.124945471939,974.8716246413416,983.1764526367188,6803005
2020-12-18,984.5620895776058,1020.0004584103816,984.2035431546612,1013.3915405273438,18525665
2020-12-21,1016.153379094464,1022.2002866948897,961.702051437074,982.343017578125,9061285
2020-12-22,989.930687377464,1002.9742188007156,956.7211367968335,1000.4158935546876,7764120
2020-12-23,1000.3479779454954,1015.3198626187,994.4948352876712,1012.4901733398438,4062350
2020-12-24,1016.9285883421248,1016.9285883421248,1001.036027556755,1008.1682739257812,3378180
2020-12-28,1013.2752239903592,1014.6028275430034,1005.2999026396262,1008.1682739257812,2055865
2020-12-29,1012.6646859819416,1021.1924359179789,997.276054251755,1001.1522827148438,4412165
2020-12-30,1006.1623155849855,1006.1623155849855,996.6752088978344,1002.1890869140624,2376345
2020-12-31,1005.8812899007462,1018.2367681726485,1000.2607112911876,1008.807861328125,6036190
2021-01-01,1011.1626961782448,1018.450025307919,1007.8194961285266,1015.8336181640624,2915215
2021-01-04,1019.4481229221304,1028.8189481584643,1015.8335586755492,1021.822265625,3923440
2021-01-05,1015.5718605869253,1034.371592351831,1013.0426357018192,1024.66162109375,4770920
2021-01-06,1024.661619015356,1030.1077152806945,1012.8584512823644,1024.9329833984375,2713390
2021-01-07,1027.3942319557866,1032.045753089768,1018.0913079809208,1021.5606079101562,3266465
2021-01-08,1027.181301856358,1038.829389120221,1023.130708728751,1034.614013671875,4045915
2021-01-11,1035.7282371473048,1051.8145607483962,1032.239537083009,1049.837646484375,4599235
2021-01-12,1054.518352770055,1055.01258143132,1032.908447057131,1037.637451171875,3741860
2021-01-13,1039.7984320310654,1041.736546536249,1015.1843541566078,1025.2625732421875,3296060
2021-01-14,1028.1502440661095,1032.6272834021595,1020.4171868759414,1028.925537109375,2674860
2021-01-15,1030.1078268380447,1030.1078268380447,1006.9667356482836,1010.3003540039062,2577605
2021-01-18,1013.8275587293932,1015.174562383948,975.840565177752,979.1547241210938,4412055
2021-01-19,986.1125659978924,989.397684044221,976.140988875199,986.2870483398438,3990495
2021-01-20,988.884083348682,1000.0184814233332,981.6645957316708,984.6880493164062,3398145
2021-01-21,990.3764936002304,995.8031904544844,975.6274708823644,979.1741943359376,2906620
2021-01-22,978.5054008157812,989.475134219121,966.1499228653964,976.208740234375,3815610
2021-01-25,977.1972822644788,993.9426186959894,961.304720881604,985.0272216796876,3588895
2021-01-27,979.2129287567724,979.2129287567724,936.6519518669076,951.478515625,5261980
2021-01-28,939.0163781263166,950.4415406293352,925.837224548078,944.2105102539062,5165470
2021-01-29,947.7378922747436,952.5831780225694,881.8420061043114,892.0558471679688,14820975
2021-02-01,883.7898061424933,887.2009061806833,851.4232742119449,858.22607421875,12951700
2021-02-02,866.1432993983797,877.5781623424928,849.0879166152845,868.759765625,18375530
2021-02-03,887.4528428091536,922.8525295552838,880.3787373103175,901.1359252929688,17227025
2021-02-04,909.5570140230792,912.0765980918476,895.8157907836463,904.7020874023438,6508800
2021-02-05,908.0066209459196,936.109280505612,896.5039164026945,930.4693603515624,12038405
2021-02-08,942.8926248224992,951.6044393026827,935.1401674755518,941.8848266601562,10792890
2021-02-09,939.985460350112,948.8426571304402,931.263945769544,938.8419799804688,6233845
2021-02-10,939.0164679343856,946.5945026679344,922.7363180905318,934.9561157226562,5767115
2021-02-11,934.364968373996,941.9236027395076,932.2330306948624,935.14990234375,3557750
2021-02-12,941.884859090436,941.884859090436,927.38774205973,928.7444458007812,2504510
2021-02-15,928.7444152560812,936.797277971787,910.9234397071126,912.82275390625,4923205
2021-02-16,916.5343550011228,922.8526273343816,905.0994910336502,910.2548828125,4064700
2021-02-17,910.254769301865,912.8421353315182,887.6563494646331,891.63916015625,5106775
2021-02-18,892.889273740353,903.9074487062944,883.7801129526146,894.8176879882812,5147530
2021-02-19,891.9202685580456,916.3404626265724,877.9658212504095,907.3185424804688,6392670
2021-02-22,912.4642547171428,916.137019434836,861.133322162754,866.1917724609375,6976565
2021-02-23,871.7637362747062,878.7991002258333,856.7433513492209,871.21142578125,5317090
2021-02-24,871.2114821899846,876.754460724584,848.3126568924444,859.6602783203125,3677930
2021-02-25,856.8693994071217,889.594478846714,856.8693994071217,868.3043212890625,8531875
2021-02-26,864.3989490737591,883.5087270463449,853.7393207780065,857.9159545898438,7534450
2021-03-01,861.4918031034405,867.887556610716,852.8187298143143,863.1198120117188,3545365
2021-03-02,866.9961112261168,868.2558737896838,850.8613439129506,853.6812744140625,9188390
2021-03-03,865.3680620302786,875.2040160692004,857.8094278530543,872.6456909179688,4253070
2021-03-04,868.6628815241738,888.3056303818634,861.2980114537119,886.697021484375,7364955
2021-03-05,881.8420335433187,883.7801479027546,869.0504669417307,870.6978759765625,4131845
2021-03-08,872.151501966175,876.4153774121888,864.9804548469406,870.6494750976562,2782080
2021-03-09,872.3356712282791,876.027777082199,855.968279649345,862.1314697265625,2715590
2021-03-10,871.3762288553719,875.9985913883985,863.6334714437785,872.22900390625,3149805
2021-03-12,876.027629835871,877.9560440265967,853.3710698103829,857.90625,3439260
2021-03-15,864.3990446060194,864.8254321508355,830.482041734707,841.5777587890625,4608715
2021-03-16,848.9135112695906,865.6975891502366,845.986939584907,862.4027709960938,4678635
2021-03-17,862.402722612668,865.3680351264103,841.9749813254683,844.2135009765625,4769865
2021-03-18,846.9559865198906,848.6033955769867,813.0486848067598,816.4791259765625,6054535
2021-03-19,815.9461554970336,834.4260832422789,801.410297620008,828.4373168945312,7062075
2021-03-22,828.9120708859597,846.5586220539418,827.2356210218549,843.84521484375,4336515
2021-03-23,843.0797734262237,853.3517562024487,837.6724176287296,847.39208984375,3326180
2021-03-24,843.1281947120918,856.45273104902,839.4651892971314,843.1766357421875,3912020
2021-03-25,843.079806824295,853.1870668361071,830.4336215512427,849.000732421875,4707080
2021-03-26,856.6465146758311,857.2279253031885,842.633927090976,853.9331665039062,3626590
2021-03-30,858.5749503433439,877.4715651090099,856.8500593414561,875.6788330078125,4331625
2021-03-31,874.0895609813983,881.2024665819397,868.4690412655962,875.25244140625,3862550
2021-04-01,881.8420093326517,890.5538236756871,876.4249538222671,889.1390380859375,3238200
2021-04-05,883.7801065389365,888.4315689545675,857.402399731925,883.1211547851562,3661290
2021-04-06,883.5863008622889,899.2656385106445,880.2915420278359,895.263427734375,3711470
2021-04-07,903.607134309736,917.5033819939848,899.4789410084248,909.4893188476562,5568060
2021-04-08,909.5086578332392,921.7672555382444,903.3939090344638,908.7915649414062,3303175
2021-04-09,909.537713943312,929.132021934594,909.2179085095788,922.6005859375,6810735
2021-04-12,925.4496022537184,992.3145473380184,909.944687451562,968.466064453125,17568825
2021-04-13,997.1015628528704,997.1015628528704,920.8174157834668,925.8953247070312,19686170
2021-04-15,938.6094772944411,944.8405082448376,927.387777903599,939.123046875,6934505
2021-04-16,942.660097744737,957.4285201097006,933.240830940484,948.3678588867188,5990145
2021-04-19,948.3193152510598,970.0262193425216,931.6612202673176,962.8745727539062,9219640
2021-04-20,988.4383580711104,1009.9029990152976,986.4033615807638,999.4371337890624,17424880
2021-04-22,1003.9335156762496,1025.262473187773,999.8732229648282,1007.7903442382812,12120670
2021-04-23,1013.2461082307744,1020.6400188407656,974.8908697334864,981.984375,11774495
2021-04-26,993.2835550752012,994.252612202104,974.9199106910858,981.984375,4752885
2021-04-27,986.5970878026326,991.53931489105,973.1950696362532,980.1528930664062,4789175
2021-04-28,985.0563301704644,989.7756339372723,974.871529676302,977.672119140625,4219765
2021-04-29,982.6724046989272,996.9660570053776,977.2554082776888,988.8840942382812,5359655
2021-04-30,996.190746360511,1009.9513105202316,993.3126750264496,1000.6677856445312,6534750
2021-05-03,1006.6469606569924,1010.2130248876464,996.1907956773604,1005.0963745117188,4689495
2021-05-04,1009.9513379841504,1012.2576987867031,979.5908193515812,982.0910034179688,3978090
2021-05-05,990.3764020719752,1008.207077196472,982.623944912899,1000.2510375976562,5055995
2021-05-06,1001.0360582112304,1017.897676654824,994.2526580103798,1001.7046508789062,4891875
2021-05-07,1007.8097405367872,1017.316248002104,1001.2298046046436,1002.9159545898438,3924345
2021-05-10,1042.7054385679903,1044.6338527316336,1021.773828887328,1032.5400390625,11222420
2021-05-11,1032.0460513244154,1036.8816379136497,1021.6383851153548,1026.415771484375,4724450
2021-05-12,1030.6890847995055,1034.9529596025557,1022.3552175849215,1027.4815673828125,4400825
2021-05-14,1034.6719697963144,1046.27167376242,1000.0669768897104,1007.2089233398438,14885055
2021-05-17,1017.5100981249676,1019.4482125975868,997.1598961624684,1017.5682983398438,6846935
2021-05-18,1025.310957030686,1028.1502282143233,1009.7575425749324,1010.8137817382812,4550200
2021-05-19,1014.6027790582934,1020.2233575298212,1008.9919006211696,1015.1455078125,4594605
2021-05-20,1018.4791841363378,1024.4872918539556,1012.6648405542084,1014.8549194335938,3879585
2021-05-21,1018.672908953714,1021.289434440555,1007.102422452566,1011.0077514648438,3558170
2021-05-24,1014.796595983766,1027.0068106579708,1012.9941638873617,1021.802978515625,3532490
2021-05-25,1025.146019443504,1031.0766435260466,1018.4789025807096,1029.37109375,3478075
2021-05-26,1031.076752872528,1033.9839241682212,1022.3552389854484,1024.3321533203125,2537400
2021-05-27,1023.0821665293558,1024.0803238626595,1013.6629586813284,1021.1634521484376,3891965
2021-05-28,1023.324336947468,1023.324336947468,998.1288513786856,1006.76318359375,4373725
2021-05-31,1011.1143404652588,1034.03256768194,1002.2280430540538,1028.9739990234375,4338240
2021-06-01,1028.169680711468,1034.7593169343104,1020.4754233876868,1030.3985595703125,3736865
2021-06-02,1028.4120168148136,1037.6665609618212,1023.9058768987672,1029.59423828125,2729755
2021-06-03,1029.1387179330163,1034.9530609721858,1020.8048499021622,1023.818603515625,2833590
2021-06-04,1023.8187633683068,1025.2626493183575,1015.9597226618076,1018.479248046875,2007655
2021-06-07,1019.6418304821674,1022.1129733975728,1010.2808240930964,1011.54052734375,1819835
2021-06-08,1011.69575533866,1026.4060962439935,998.1483540934954,1022.306884765625,3663570
2021-06-09,1022.9174372100492,1029.138827509899,1009.379735449445,1012.238525390625,2365525
2021-06-10,1014.1182864992136,1027.2005577536231,1014.1182864992136,1025.6597900390625,1836400
2021-06-11,1027.2007517185375,1064.0055295371749,1024.981572618099,1056.8538818359375,7277420
2021-06-14,1056.8536779125673,1068.8700099330836,1040.7673532802646,1058.4720458984375,4489710
2021-06-15,1061.1175303889831,1062.6776981334694,1046.9693203090842,1048.6845703125,2844075
2021-06-16,1048.5198089632636,1057.8227337020985,1035.0112094251488,1047.763916015625,3492955
2021-06-17,1047.7638762823633,1049.295062188967,1017.2288779764624,1024.5841064453125,3536160
2021-06-18,1030.1077070238655,1035.922049678751,1014.5639931393451,1024.0802001953125,3487140
2021-06-21,1022.355332412221,1027.2006183478238,1013.052407074486,1023.7120361328124,2077445
2021-06-22,1024.3904337540528,1031.076952688572,1017.6070327495228,1028.819091796875,2134275
2021-06-23,1031.464564782074,1036.8815617096805,1024.7198458551345,1027.07470703125,2055715
2021-06-24,1027.006789338836,1030.0980247897442,1017.5196822225475,1022.868896484375,1830910
2021-06-25,1022.7429801752836,1034.177784021186,1020.8048657987124,1029.0030517578125,2320365
2021-06-28,1032.821276766412,1050.4483715748297,1029.633040521838,1047.405517578125,2964815
2021-06-29,1048.7136727581867,1057.231723548099,1042.7055653309617,1052.9969482421875,2881305
2021-06-30,1054.140426118893,1059.9159689395394,1047.5507901126884,1051.049072265625,2340440
2021-07-01,1051.621005217234,1081.4680193775237,1048.985197574695,1077.301025390625,4157750
2021-07-02,1081.4678965284606,1085.344125548276,1068.1918594528422,1080.634521484375,2858690
2021-07-05,1080.731483926768,1084.568913087981,1072.1553502412316,1073.3084716796875,1486705
2021-07-06,1073.6765466015188,1077.8241396886676,1068.676296764265,1073.6087646484375,890540
2021-07-07,1071.5835032691916,1088.1737578663667,1068.879795816818,1077.9986572265625,2692540
2021-07-08,1073.7153885410992,1083.0183140972724,1056.1948767720876,1059.5186767578125,2255835
2021-07-09,1060.7357015654406,1074.8029821469966,1054.6902468854414,1063.130615234375,2304980
2021-07-12,1070.8406918236064,1070.8601810225684,1059.1780699568678,1069.7503662109375,913295
2021-07-13,1069.750291382369,1077.480016125171,1057.0363231902222,1058.6134033203125,1852410
2021-07-14,1058.6134811531388,1062.8579672617896,1045.0621894873275,1049.6085205078125,2506775
2021-07-15,1053.3369585635596,1058.8859134908644,1045.7825176347733,1050.153564453125,1518410
2021-07-16,1050.0268707151572,1061.1248980028656,1048.24539187857,1052.6651611328125,2189520
2021-07-19,1051.0004455840135,1060.1514552830631,1047.9047530619666,1055.1573486328125,1204290
2021-07-20,1058.3991901726804,1058.3991901726804,1036.320067325282,1040.4964599609375,1322140
2021-07-22,1050.2217615405218,1050.2217615405218,1037.0891320764244,1048.3720703125,929240
2021-07-23,1047.7880021492351,1057.620421326831,1043.6213542419014,1055.70263671875,1533805
2021-07-26,1055.0891868015942,1060.5408138738242,1051.350826377873,1053.5802001953125,934695
2021-07-27,1058.7885306300414,1060.1417226125811,930.6747499116136,943.0090942382812,29369105
2021-07-28,948.188140883678,949.142160810046,908.5760523054524,921.2803344726562,16190650
2021-07-29,924.833593924503,927.754121063212,907.3104310922492,909.7734375,5434680
2021-07-30,912.1781181863056,935.5423389296046,910.7373435876536,917.279296875,6866000
2021-08-02,922.691903163424,924.9309621856644,912.6842606206636,915.4003295898438,3781730
2021-08-03,920.6280773164416,920.8325356177468,913.4825538063136,919.3236083984376,2991305
2021-08-04,920.0829464258362,936.515785333593,920.0829464258362,928.4940795898438,5520990
2021-08-05,933.400536670803,936.3210640442524,923.276077427147,931.12255859375,2969750
2021-08-06,934.2572426649444,935.7856591421896,926.060312358004,931.9013671875,1998185
2021-08-09,933.5952714949738,941.1497119787508,926.6444019285648,938.1707763671876,2717725
2021-08-10,942.1620933560644,946.0269553734312,921.6308197492248,928.6790161132812,3083355
2021-08-11,927.754202940534,928.1338857624607,913.1515659582592,923.8309326171876,2633925
2021-08-12,924.7168847291337,925.4761909756664,913.2489183150304,918.291748046875,3107090
2021-08-13,919.4014472816935,922.0688527078892,901.858853709909,905.7918090820312,3969475
2021-08-16,903.4164383432492,912.4992948184522,897.3806700827312,907.5343627929688,2096145
2021-08-17,908.2840922680706,918.836958240826,907.5344711630652,915.1959838867188,2130070
2021-08-18,915.0986243796198,925.8169699018852,910.23107850526,912.5772094726562,2768780
2021-08-20,907.2910120857454,907.2910120857454,877.7158002196777,887.0615234375,4134540
2021-08-23,895.4336746001558,895.4336746001558,876.1582059528492,879.0494995117188,2837575
2021-08-24,886.2827082179157,894.7911682431727,865.5858952494137,893.1751098632812,3084680
2021-08-25,889.7873988855092,894.5770474590202,880.7045415135951,885.6889038085938,2220705
2021-08-26,885.6888251134234,886.8473033223135,873.5102761505715,876.8396606445312,2408595
2021-08-27,877.3263823007452,897.7310942996144,877.3263823007452,895.7354125976562,2816975
2021-08-30,899.3277884271258,915.0986493744708,891.3547456904189,910.7860107421876,3141835
2021-08-31,910.7957121278642,919.3333470151798,905.460841552533,915.8871459960938,3227635
2021-09-01,922.6919187893656,931.5411427070088,912.5674597378656,927.452392578125,2814755
2021-09-02,936.7104746522674,954.8956176410902,936.5157609472084,946.1924438476562,6299320
2021-09-03,949.4050968723946,955.8399783845002,946.6987722105184,953.7567138671876,2156575
2021-09-06,961.8269855483892,962.469475406838,948.4801544696828,957.1444091796876,3080995
2021-09-07,956.9594458836024,959.0914331906338,945.384408417156,953.5424194335938,2101070
2021-09-08,956.9595230277752,961.8270689231352,946.5040439514676,956.2391357421876,2500145
2021-09-09,951.118412592598,958.4099864125088,949.5802515420744,956.3850708007812,1812055
2021-09-13,959.6658333384848,963.2288505161084,948.8014384604764,960.152587890625,1493265
2021-09-14,963.7546205083096,971.3674695959812,958.6631863971476,960.026123046875,1549905
2021-09-15,961.2429329596551,968.6415785359336,957.7188346836704,966.227294921875,1601600
2021-09-16,969.809888615402,972.82774340447,957.2613406157316,960.259765625,1482575
2021-09-17,960.464067403248,965.282949397683,948.0129072348676,951.03076171875,2274150
2021-09-20,949.1713943311232,951.2254843189804,924.4832172476775,929.6914672851562,1660330
2021-09-21,928.484299903046,947.0296362900616,923.9087952701954,945.0144653320312,1701950
2021-09-22,945.1216171272104,949.911265344895,936.9148829842468,943.5932006835938,1253645
2021-09-23,947.594321266409,947.9252810962151,928.7277095824352,934.0430908203124,2800365
2021-09-24,935.7369686395856,938.676925748058,930.2950265693396,932.6898803710938,1258075
2021-09-27,934.0431243085038,935.6688679760066,921.5237512958516,932.9430541992188,1130285
2021-09-28,936.4962303741452,945.1020766439592,925.8266090603884,941.0230712890624,1527230
2021-09-29,940.9938765560644,958.4976106577992,932.9429966670184,950.339599609375,3275350
2021-09-30,952.0724124380572,970.5885745695732,947.3119980877804,950.2811889648438,3880075
2021-10-01,944.887935027044,967.6680723692464,944.7419443089432,964.9130249023438,1710665
2021-10-04,964.747547237432,988.5011937621548,963.77403810803,981.8228759765624,3801765
2021-10-05,980.732543135262,983.244213307364,967.66806735398,980.2457885742188,1774235
2021-10-06,976.916416155439,981.725553655048,955.362909664178,965.05908203125,2646320
2021-10-07,968.8168899612172,971.542703869734,950.719386993844,952.30615234375,1719870
2021-10-08,955.333742857723,963.121815992922,938.6575265035156,944.1481323242188,1741550
2021-10-11,948.1979189672204,958.225051401184,940.0009885019742,952.9389038085938,3440320
2021-10-12,954.0389461301942,965.1369739647356,945.4720776812528,956.0443725585938,1427440
2021-10-13,955.791282174473,962.9952737315912,952.1114484442156,959.5782470703124,1207980
2021-10-14,958.7118006538388,975.3880171749367,956.7745269489956,965.4679565429688,1460300
2021-10-18,962.8005770278064,968.6318874970148,947.3509911266368,949.658203125,1668255
2021-10-19,955.0124939798042,957.9330214843296,932.6217831117762,934.9192504882812,2698595
2021-10-20,934.7732013299552,943.223253251296,918.6031698994832,925.593017578125,1580485
2021-10-21,930.6747158131982,932.3881013659716,895.6283876026594,905.6847534179688,2584000
2021-10-22,906.3370094990812,912.7232270818708,894.3141953852839,902.9199829101562,1814980
2021-10-25,905.5386859566088,914.9038387291038,883.3621795941029,910.4548950195312,1380835
2021-10-26,914.1251225948326,914.8649990806422,902.8324398423384,908.5177001953124,1363565
2021-10-27,906.4343870592364,920.5502703768016,904.789154144113,907.8362426757812,1929040
2021-10-28,910.2310863735718,913.0932057491676,886.0978151104637,889.7776489257812,1341975
2021-10-29,894.2654742029524,957.5143940653278,881.2302319475858,907.15478515625,9725820
2021-11-01,912.1780676524216,941.373597365236,901.2844979576212,934.85107421875,3383505
2021-11-02,934.5395643411156,935.3475935849576,919.3820789344238,924.0743408203124,2046660
2021-11-03,926.5860045403788,934.2280870803264,925.5249128325812,929.0490112304688,1862160
2021-11-04,929.701279700238,932.3589407843778,925.6125292042864,927.9781494140624,104180
2021-11-08,926.7807401788044,936.545065783608,915.312773507496,932.37841796875,1191260
2021-11-09,932.6217028839044,941.383284643774,929.7595837989492,933.0792236328124,1249435
2021-11-10,931.4730183655864,944.294117045842,929.5065108975908,940.2832641601562,1711170
2021-11-11,940.6044777006974,944.1772393595312,931.453468652202,937.4794921875,1586300
2021-11-12,944.3038375558164,948.1978739993456,937.4892737796404,942.9896240234376,1166710
2021-11-15,942.5515247600688,953.8442065797906,941.0036191433198,948.9085083007812,1337395
2021-11-16,954.2336697386388,954.2336697386388,934.0527848868144,937.9955444335938,1679855
2021-11-17,937.9955124193506,939.4070530878128,924.8531394940618,928.3966674804688,983295
2021-11-18,926.741805675798,928.2799073746228,905.5776665271178,909.5398559570312,1168320
2021-11-22,910.5133346395212,913.0736684100364,892.0458949270309,897.108154296875,910090
2021-11-23,895.6284442179173,907.6707480024716,886.1853933028323,901.8491821289062,1063495
2021-11-24,901.2553123849304,906.0643904535452,893.0194037409078,895.2487182617188,996290
2021-11-25,898.3542218520384,914.3197955036876,892.7078807278199,893.992919921875,2726870
2021-11-26,891.7343757276662,938.462814630426,890.984754673084,925.0089111328124,5361365
2021-11-29,944.3038249095569,951.1183885944712,908.4008046275744,914.6312866210938,4500925
2021-11-30,917.8049952828948,924.4929984651708,905.363519685155,910.3965454101562,3589115
2021-12-01,914.3197570978087,917.5128360430442,893.6813523281434,896.86474609375,2127105
2021-12-02,897.5559484050059,909.06283370489,897.3904684863852,907.845947265625,1163740
2021-12-03,905.7918667707276,908.0893341319054,892.3184738290247,894.9469604492188,2738865
2021-12-06,897.4293628183032,897.4293628183032,873.1013792994924,875.9050903320312,1336375
2021-12-07,880.0522930880963,885.8933481307165,864.7292681998819,880.1885986328125,2662500
2021-12-08,881.4638483538541,893.622967807681,881.4638483538541,889.9236450195312,979280
2021-12-09,895.6284093766901,899.1233333355848,888.8819981623401,894.5088500976562,1130885
2021-12-10,897.5753991093808,899.4250901850529,890.4687944924963,894.3238525390625,802565
2021-12-13,910.8151771946946,910.8151771946946,889.0961894758057,895.5895385742188,1355025
2021-12-14,894.8496093600477,907.310514412529,891.1697163065691,904.6917724609376,1195915
2021-12-15,904.409492011635,904.6917882753224,890.2352011257373,895.6868286132812,1537725
2021-12-16,901.4694700076922,903.2120299900192,889.7873602451735,895.1124267578125,1006605
2021-12-17,901.4695131230748,904.9741224521356,875.5352139495128,879.6531982421875,2417560
2021-12-20,875.4183922839136,890.7609065862482,868.7596227154759,887.9766845703125,1708885
2021-12-21,888.0448166882243,901.313751359038,884.6861981857221,899.6976928710938,1293770
2021-12-22,903.4164947228586,911.0682624113086,897.5754398000815,905.0714721679688,1068395
2021-12-23,909.97794209072,915.0986097757524,906.3565165387664,914.086181640625,831200
2021-12-24,919.9661475370146,920.9396566878474,897.770150781683,903.1536254882812,1259130
2021-12-27,900.3207175366821,923.8601610862194,899.7365764097892,922.2830810546876,1696340
2021-12-28,922.28307853449,929.4286022295285,915.6924027519752,923.6265258789062,3342970
2021-12-29,923.626469068821,943.9435984810664,923.626469068821,941.0230712890624,2528020
2021-12-30,940.40981186769,959.480881712032,939.4460473438188,954.9540405273438,2765730
2021-12-31,954.817714357194,960.0844318677308,949.463414301806,955.40185546875,1442840
2022-01-03,955.4019493902327,959.9384761027214,943.8560851596968,944.917236328125,1463005
2022-01-04,946.4455645358412,952.6565573842644,939.4362870904736,941.470947265625,1267190
2022-01-05,950.1449130076396,954.934561300846,926.2062973032904,932.6996459960938,2684010
2022-01-06,932.6996626616792,941.587805950759,920.6086362427972,922.7796020507812,1908215
2022-01-07,928.620637684528,928.620637684528,913.1515633582948,916.7340698242188,1335615
2022-01-10,920.628129231987,920.628129231987,906.366255782938,914.9136352539062,1575095
2022-01-11,917.0455731357202,922.8671385458108,907.4175538665088,909.1114501953124,1547160
2022-01-12,911.204540274926,915.7410666497724,902.2482444483966,913.8135375976562,1188845
2022-01-13,915.0986081422096,926.7028206636596,912.100183299688,920.151123046875,2270255
2022-01-14,919.0315588194863,919.5767215680862,907.4176017618216,912.995849609375,1594300
2022-01-17,908.3813451280612,915.0888372918772,896.6992355720174,909.7247924804688,2693245
2022-01-18,909.2575240615548,919.8590527084845,899.7171465064496,913.8427734375,2122640
2022-01-19,914.1250367061664,921.7962930988668,906.327219378138,912.1682739257812,1539435
2022-01-20,917.4350150547932,917.4350150547932,889.7873323819583,893.983154296875,1588695
2022-01-21,888.0836768369531,889.7873177626475,863.5025720519346,875.4085693359375,2787740
2022-01-24,873.451810131939,874.172256780553,839.3595617001668,849.7468872070312,2782490
2022-01-25,849.7469484293975,860.3776519782813,837.4126038250645,857.2429809570312,1704510
2022-01-27,845.0059667856104,849.902746473359,823.9781923011166,828.7191772460938,3527530
2022-01-28,827.2491126549826,852.7939822511044,812.9677506167317,821.3690795898438,6514920
2022-01-31,827.4730623120115,850.5744162487401,825.545533140353,837.7630615234375,3092775
2022-02-01,841.1119514862966,842.3580717870537,829.0404136004287,839.057861328125,1858315
2022-02-02,842.0853800319169,862.480407767213,840.157851008237,859.6766967773438,1525005
2022-02-03,860.1926266909798,863.882264249278,848.8999447709718,851.7523193359375,1107685
2022-02-04,857.5739174342526,857.9536002623666,844.4218587559216,847.3326416015625,1234965
2022-02-07,841.1119700897716,846.9530254376173,827.4925855439709,839.0092163085938,1279790
2022-02-08,838.9702231919659,852.6675048725364,833.333626270774,841.4916381835938,1982015
2022-02-09,841.5402696949985,855.714560840263,839.4569458098115,850.6036376953125,994400
2022-02-10,853.7674981898364,854.4976300297934,843.7792851122982,850.9832763671875,1189325
2022-02-11,839.3595580809143,846.8652752158001,833.3530235697642,842.1632690429688,1687690
2022-02-14,827.4827287096412,830.7147860272653,811.2737785505464,818.6432495117188,2246930
2022-02-15,824.367515881129,836.1372673566281,815.5280363813457,832.8468017578125,1790055
2022-02-16,832.9344273903137,851.3921827616682,826.2269943241847,840.4207153320312,1903065
2022-02-17,841.676572562798,844.0811116854281,835.8939257318825,837.41259765625,1145155
2022-02-18,833.323793478095,845.5899844278671,830.3253687990227,841.3357543945312,1790540
2022-02-21,852.0151911167795,859.9298249917746,833.8300479406721,836.8771362304688,2939755
2022-02-22,815.7909118497437,824.6790550201163,809.1223980315327,821.3496704101562,2404200
2022-02-23,829.4298192322308,829.5563801787689,815.9661706702499,817.9326782226562,1857420
2022-02-24,788.5423723429387,807.81784067211,788.5326277449973,796.8171997070312,3485635
2022-02-25,801.0032971173048,817.9423796797277,798.6863406435915,813.191650390625,1527165
2022-02-28,808.0126142428334,808.0126142428334,789.0291853539957,791.1514282226562,4914250
2022-03-02,790.7523300644912,791.1514426889963,744.7345315643067,750.2153930664062,7703175
2022-03-03,755.2483606325773,758.2175515539926,720.3967461485083,724.06689453125,6673625
2022-03-04,722.3437175387303,754.2650580054215,711.4404042582639,745.445068359375,6040250
2022-03-07,729.9370630792847,738.2995318399328,714.1662048173959,733.9089965820312,3015430
2022-03-08,730.1318821927091,756.7963127907751,727.7662620245989,753.2138061523438,3920845
2022-03-09,759.6292128746157,775.1664410153487,755.8714816428002,765.265869140625,4046845
2022-03-10,773.9397311348447,776.178790171453,754.5766209596499,757.8768310546875,3560495
2022-03-11,757.9741896466351,778.0285135024944,754.0801531019963,774.0565795898438,5566315
2022-03-14,771.2139785895531,777.7656763087627,764.2047006616114,770.4935913085938,2850290
2022-03-15,770.6297768716726,778.6125633450704,755.4430587365487,759.307861328125,2356470
2022-03-16,773.7450248739376,773.7450248739376,757.390083791404,767.8650512695312,1793880
2022-03-17,772.0122275355488,788.5423935116087,768.3323345117194,787.0139770507812,3862935
2022-03-21,793.2152777283495,794.9578972096673,778.1745488288535,779.7711181640625,2008195
2022-03-22,782.8960344256313,789.8955672700034,772.9662296671579,784.7164916992188,6451110
2022-03-23,786.5953443780645,815.5961587659772,786.5953443780645,803.5928344726562,5220570
2022-03-24,800.8085675459547,846.6706267286083,798.5597638858105,842.766845703125,8690735
2022-03-25,842.4748788342665,851.8205433135929,835.2708870435002,849.1823120117188,4321985
2022-03-28,848.8610865280507,849.474402065307,825.3703052461152,834.385009765625,2484535
2022-03-29,836.0496283575479,848.0335233624762,826.9083633730512,841.8031005859375,2105420
2022-03-30,847.4981623102594,850.1655679972806,834.1221554796562,847.8096923828125,3084130
2022-03-31,847.5370720494734,854.2543091881818,833.3433509241274,836.33203125,3058595
2022-04-01,836.2442736888555,843.9641933227515,830.0137920034904,833.2166748046875,1569355
2022-04-04,845.0058894688465,845.0058894688465,831.376762219349,840.5569458007812,1298870
2022-04-05,844.7917927031084,858.2456367723912,837.7532811942048,843.0394287109375,2399325
2022-04-06,843.0589364076948,847.9264822299101,830.6564391596156,832.6910400390625,2059755
2022-04-07,836.2443499290605,848.3255721931881,832.6910178064029,840.6056518554688,1397010
2022-04-08,846.3689085743497,871.8067083128686,842.4456380409522,862.5972900390625,3358875
2022-04-11,862.5290602174081,866.4230966066515,851.5186747035536,852.8912963867188,1077795
2022-04-12,852.0152064672058,858.265118474084,842.7960440652358,851.3045043945312,1855070
2022-04-13,847.1476743239881,849.3574996903434,835.3876671533372,837.0621337890625,1847180
2022-04-18,832.350323953039,840.8101208504158,823.7250471371417,834.28759765625,1698380
2022-04-19,839.1648200766329,840.3524726237172,815.8006023482811,819.63623046875,1550720
2022-04-20,821.0576119033994,845.0059123809859,820.288501674339,835.9328002929688,2252075
2022-04-21,840.9171662077416,847.2547200876407,839.1648616749073,841.1702880859375,1972180
2022-04-22,836.6240157472711,837.0231283418788,811.3225232601723,816.3360595703125,1953715
2022-04-25,808.0125663795955,813.7952129060795,790.6841159963158,801.28564453125,1705680
2022-04-26,812.8801772841025,814.8758592488674,804.3230528563295,808.8984985351562,792225
2022-04-27,808.8984740876598,810.6800124966005,792.9329594337837,793.80908203125,993500
2022-04-28,798.2775104810594,808.3338767319218,794.6950039056799,802.5901489257812,1504805
2022-04-29,809.9596634281108,830.5980705818114,801.2175697285198,804.498291015625,2615175
2022-05-02,802.5901443484051,807.0877518844408,792.4364510068528,802.930908203125,925300
2022-05-04,802.9503222056189,805.1699515529264,772.3821710350518,777.3178100585938,1712475
2022-05-05,788.5424442086818,793.3905009629283,769.2669741227934,771.7591552734375,1264655
2022-05-06,765.139268617707,768.8483360815977,755.4430961477036,765.3047485351562,1197395
2022-05-09,764.9834048772603,766.3365967264707,753.6225708225991,760.46630859375,886775
2022-05-10,759.3371135937723,765.9569637260618,757.3900953537883,762.0629272460938,1014140
2022-05-11,758.4610041605456,767.6996565042457,749.7968078149089,756.231689453125,1356280
2022-05-12,751.8411194249873,758.5972754353869,737.8907163944288,755.443115234375,1468145
2022-05-13,759.2202422871211,774.7184897182395,757.4873676582163,764.0682983398438,1092005
2022-05-16,763.8152801813784,770.0457627114653,751.7535465782192,757.07861328125,1089575
2022-05-17,766.1321849673965,768.0694586009866,753.6907693645082,760.1159057617188,1277320
2022-05-18,762.0628777071372,775.8769735985506,755.8324553951744,760.46630859375,2500790
2022-05-19,756.6113092237821,781.6791693711164,745.5230259506511,765.0711059570312,9129055
2022-05-20,773.9397201168015,837.0425859362667,773.9397201168015,827.3074951171875,12401575
2022-05-23,827.3075505184886,842.4748396674216,824.7958802818521,832.340576171875,3035360
2022-05-24,832.1361769146522,851.8205033396218,828.7385800814029,846.3883056640625,5054480
2022-05-25,854.9551852145678,856.2986326076365,836.4974895850739,838.6683959960938,2500200
2022-05-26,840.3330907850817,846.758227259601,835.2026786690415,838.02587890625,2145360
2022-05-27,841.1119233685902,858.4403747209992,831.1723733465341,854.83837890625,2171455
2022-05-30,857.4668375965922,861.8962922946059,847.1670942706663,850.9053955078125,2324015
2022-05-31,847.9264340342532,856.4933023107595,843.1757048283372,850.77880859375,2380075
2022-06-01,846.9529437875248,849.221236699385,837.4319959676208,840.9171752929688,1772530
2022-06-02,837.8215023119603,848.90004201744,835.2709129024811,843.6723022460938,1639675
2022-06-03,848.8415487389797,855.0622863074558,840.0994558112592,845.0059204101562,1423865
2022-06-06,843.4483866303268,847.6636386450948,831.5715626195589,838.3374633789062,566055
2022-06-07,829.4297625837744,832.3502899168158,798.9978582665574,806.8345947265625,3605015
2022-06-08,812.6853740910421,820.1424869730482,800.8085513438365,817.5821533203125,2264910
2022-06-09,811.9260779753428,844.0323890549562,811.9260779753428,841.676513671875,3702930
2022-06-10,841.676572229213,849.6787890610552,833.6742959790867,847.2547607421875,2107480
2022-06-13,841.6960011879867,847.926483617935,828.7483411633558,830.8316650390625,1839815
2022-06-14,827.4828160990777,842.075709431358,825.3508285843968,839.369384765625,2035905
2022-06-15,838.5223979459282,846.7777365294028,834.6964546958712,844.1297607421875,1585315
2022-06-16,846.9529214308491,848.7636341059347,832.4768457915796,834.7840576171875,1750035
2022-06-17,835.2708637172744,837.0037385520563,791.6674095998186,807.3701171875,4764870
2022-06-20,807.3700981886985,813.69790761341,799.6598630008097,808.363037109375,1387575
2022-06-21,809.9791068902365,832.6521137401306,809.9791068902365,831.1139526367188,1191555
2022-06-22,833.5185060776239,846.7290317387825,809.9595738955633,829.60498046875,2847785
2022-06-23,836.2443427120762,838.7170345118192,828.4562696716844,836.224853515625,1675510
2022-06-24,841.5013392384118,851.3435025571686,835.6602842952991,839.0967407226562,1518295
2022-06-27,856.6588353074858,856.6588353074858,838.3568748057529,841.218994140625,1663765
2022-06-28,842.912879564597,852.7940212724532,839.554320508596,851.7426147460938,1412215
2022-06-29,848.3352871219905,858.3916528075948,843.9155771785805,849.7468872070312,1905735
2022-06-30,850.7983801399309,859.6086265464726,847.1477206274177,855.48095703125,1845325
2022-07-01,853.7675245066404,855.7145428065415,835.2805952560045,853.9427490234375,1523995
2022-07-04,849.308835073013,858.8784466441213,836.4390726449249,847.8193969726562,1303490
2022-07-05,849.8540289112875,869.8304563920268,847.1866232525566,855.558837890625,2434495
2022-07-06,855.7145369753479,865.1186091557425,852.6674486033041,854.7410278320312,1678505
2022-07-07,861.8962694705574,865.0601740879664,842.6694644878411,844.314697265625,2161110
2022-07-08,843.058872565873,859.5987825103273,838.0745107748351,857.8951416015625,2089480
2022-07-11,858.4735449174175,895.6322496866917,852.7786850670319,882.360595703125,4797040
2022-07-12,876.3029868560147,889.8098738190791,867.657767964432,878.9690551757812,2079370
2022-07-13,881.086367585316,888.9670159813327,872.3627164901694,882.4782104492188,1893835
2022-07-14,883.3407368833168,903.3364297810396,882.7624027175035,896.9456787109375,4423835
2022-07-15,900.8664005330044,904.2284202682064,886.281276072201,891.1821899414062,1504725
2022-07-18,897.0633186846611,904.4734983270384,873.4016913192924,875.5188598632812,2337315
2022-07-19,873.8917314731711,881.772379257461,869.4515347185027,871.9509887695312,1961920
2022-07-20,880.2042068297501,880.5963039033497,870.4023782458999,874.0780639648438,1130700
2022-07-21,876.0873194729212,879.5865790275074,853.9352135189619,856.8953247070312,3126100
2022-07-22,861.384631305084,863.8938968760692,853.3471203927434,857.3659057617188,1806315
2022-07-25,858.179470957518,860.7671080680549,842.9572034395779,848.9461059570312,1726910
2022-07-26,848.6031116475976,848.6031116475976,822.187171941606,825.7060546875,2971165
2022-07-27,824.912083362704,842.9572227021639,816.1001895835016,840.2225341796875,1866270
2022-07-28,845.7017619019935,845.8781876381911,822.3734217367994,835.1256103515625,2832835
2022-07-29,820.0111589858546,820.0111589858546,795.0458718384348,801.858154296875,9872475
2022-08-01,811.5521298608267,811.5521298608267,803.8478479913366,805.7984619140625,2136850
2022-08-02,809.2388728862968,809.2388728862968,798.104010951037,800.8877563476562,2635115
2022-08-03,802.7598676438784,804.5339960433679,791.9876687023142,803.0245361328125,2600985
2022-08-04,805.7102278450056,815.3748154899641,801.6032596920414,813.1498413085938,3006675
2022-08-05,814.5318684171385,822.1380961588109,812.3460800203338,814.89453125,2075395
2022-08-08,814.8945502733834,830.0187633386865,814.8945502733834,827.9309692382812,2041885
2022-08-10,831.9007275210106,835.899890145318,826.2058677760641,831.8419189453125,2108115
2022-08-11,835.1157591838148,838.6443933909667,830.3912708318941,834.782470703125,1285185
2022-08-12,834.7236220151293,840.9183842932803,827.4703054210678,835.2725219726562,2021290
2022-08-16,838.0562479767317,846.6818441779205,835.6645996830487,842.52587890625,1314065
2022-08-17,846.4760661535901,848.8186575105401,841.339858176262,846.0741577148438,2169055
2022-08-18,831.195034557359,831.195034557359,810.2877181751635,828.2741088867188,5137920
2022-08-19,829.6267549480601,832.586866355106,820.4130125967766,824.1376953125,1928705
2022-08-22,817.2960283158276,829.2248362237369,815.5120884432847,820.7952880859375,1692810
2022-08-23,812.5715159987323,830.2539916251044,812.5715159987323,828.2838745117188,1398150
2022-08-24,832.4300857681912,832.4300857681912,822.7654973529903,826.8920288085938,1467185
2022-08-25,831.0283708867057,835.8802875414124,825.7059856487188,830.7833251953125,1552875
2022-08-26,837.664223345317,838.0563204079166,825.7354150446004,827.9212036132812,818685
2022-08-29,817.4724264306145,827.911396813479,814.9533495441954,825.3433227539062,966050
2022-08-30,826.0980409141363,835.4294001905223,821.9127010950829,832.1849975585938,2359905
2022-09-01,826.4901346069925,829.7247258258342,822.7752035709593,823.7651977539062,1656700
2022-09-02,827.8917898620901,829.626732534439,818.2467649416277,821.3833618164062,1008280
2022-09-05,822.3733539118043,827.1860250470666,814.5318916575798,826.1470336914062,1581715
2022-09-06,829.2346453400692,833.5474735723183,820.413000176877,831.0382080078125,1129375
2022-09-07,826.294087893327,836.2919642671225,825.7648107265577,833.0181274414062,1073975
2022-09-08,842.3593197956144,842.3593197956144,833.6846660281274,837.3995971679688,1577545
2022-09-09,837.566168227007,846.7799100991272,832.3810229650206,834.1551513671875,1570630
2022-09-12,835.1157026000835,842.9571645963284,832.1163457795441,835.3411254882812,1262745
2022-09-13,835.9096653852315,844.3196502999289,830.6069029247369,833.723876953125,2209365
2022-09-14,816.5609085517868,835.5960421537169,816.5609085517868,826.1275024414062,1723540
2022-09-15,830.2638506650742,830.2638506650742,811.8560483050634,817.2764282226562,1881365
2022-09-16,820.4129955406394,820.4129955406394,796.0652287045522,799.3096313476562,1893520
2022-09-19,797.8687696893151,805.9160917168894,783.5581252688654,803.583251953125,1506440
2022-09-20,806.1023229331595,830.8028805382296,804.9456546338724,826.4901123046875,2957845
2022-09-21,827.264479662735,836.8996934294848,810.1897118756167,814.0908203125,1894725
2022-09-22,805.7299147785128,827.6859744309527,805.3966262906782,819.9033203125,2391915
2022-09-23,816.1001902722991,826.2451183331672,809.5330132527054,811.4345703125,1659940
2022-09-26,807.5138365657926,815.2768677087766,801.652302651164,809.2095336914062,2055290
2022-09-27,813.2576548208623,823.3535253691962,808.7095924178197,819.7464599609375,1485445
2022-09-28,819.0701289105453,842.3690923846938,819.0701289105453,837.0172729492188,3133240
2022-09-29,841.2418751769701,863.9331305786346,840.2126952179023,854.8566284179688,5442790
2022-09-30,859.1400577989785,863.5410691125963,837.477981463897,849.9557495117188,3164565
2022-10-03,845.897745311193,870.2062664674125,845.3880311176796,866.4129638671875,3476290
2022-10-04,871.5785373298797,872.3430487866725,857.8657898508606,865.2955322265625,1543270
2022-10-06,869.62798577734,871.9608255797788,856.6601269165806,862.08056640625,1231195
2022-10-07,860.6004696749768,864.2369692788179,857.0718356429993,857.9833984375,1338865
2022-10-10,852.7590398919093,860.2084052756634,846.8779430650685,858.64013671875,1218745
2022-10-11,860.0124712259192,860.2084599387797,833.5475338233853,839.5756225585938,1486910
2022-10-12,842.957180479802,844.9175460158016,826.3038848235833,831.42041015625,1470100
2022-10-13,833.1455813273067,844.7215379791203,831.4498842015979,834.0669555664062,1513920
2022-10-14,843.9374160966566,850.7986959023204,835.7136678000069,845.0744018554688,1244005
2022-10-17,843.9373834921101,857.4638940498583,839.5265609303046,849.857666015625,1050700
2022-10-18,854.1117107968115,857.3952993147939,849.8576910331528,854.0430908203125,721180
2022-10-19,854.729246351997,861.394477686955,843.9472351312783,846.270263671875,860840
2022-10-20,843.9374067036995,853.7392348884115,839.0364926113435,852.5728149414062,1287620
2022-10-21,853.7392283156457,860.3946480646063,844.6431031139688,848.9951171875,1002975
2022-10-24,855.6604425466439,859.4243111895032,853.7392626228093,858.1500854492188,158840
2022-10-25,860.5906795631812,877.7536898149662,856.8758083205026,870.8629760742188,3118275
2022-10-27,874.3230609663917,885.8892060858027,872.4313153341812,880.4393920898438,2207370
2022-10-28,879.2240191225565,882.7036562855108,868.4420077397826,874.3132934570312,1767930
2022-10-31,888.2416764269041,906.6691013320992,851.7102438701169,869.1672973632812,9128805
2022-11-01,869.4711276231408,897.8474312190391,869.4711276231408,889.0845947265625,5350980
2022-11-02,890.9959309307776,910.5897745263684,890.9959309307776,893.0739135742188,3708780
2022-11-03,893.0739796057719,901.7681964529156,887.5261113295994,899.7882080078125,1766075
2022-11-04,899.8175864726697,901.768140595992,884.6051308697255,887.0850219726562,2463380
2022-11-07,888.2416455755306,891.4370510045801,871.2648726779271,879.3121948242188,2100085
2022-11-09,890.005970137201,895.0636869922455,882.1841306451681,889.0061645507812,3565560
2022-11-10,889.9961493029705,904.9047508647382,887.6534981099347,891.8585205078125,2959765
2022-11-11,896.318378854802,897.6514131296854,882.5566336216234,889.898193359375,1625215
2022-11-14,862.5608847954319,878.9985698919224,845.897776793702,855.4349365234375,3722425
2022-11-15,856.1308779254663,870.9120514853812,855.4447379917684,869.1672973632812,1872600
2022-11-16,869.1574573007096,890.976335553988,861.2278121134391,878.4398193359375,2610960
2022-11-17,878.4300237918425,879.9002979882721,859.1007879134643,866.7364501953125,1561865
2022-11-18,867.2167006573768,869.333869104858,857.7579130522607,864.3349609375,1693670
2022-11-21,858.6400838862468,861.1885350908262,846.3976109837557,852.7295532226562,2153040
2022-11-22,856.9933513264132,863.0704960732542,848.0540898270926,855.2094116210938,2015475
2022-11-23,858.6401752676596,866.4816380554921,854.7194438737433,863.6685180664062,1964345
2022-11-24,867.9910666871581,870.3925265441312,857.8265757023927,865.2760009765625,1188110
2022-11-25,867.2363650225162,869.4123421471193,860.4044597190328,866.109130859375,1477045
2022-11-28,865.4523960139267,871.8529584465305,859.9143393866156,862.9529418945312,1530840
2022-11-29,863.5606205570753,877.988881837376,863.3547606435466,873.0193481445312,2045690
2022-11-30,876.2834269380752,885.6834063534424,870.5983786389457,879.6454467773438,4256840
2022-12-01,884.0464461453171,888.3984601305674,871.7353526828555,877.1361694335938,1936730
2022-12-02,879.2141513802478,886.8693765784317,874.3524830294073,884.2033081054688,2080040
2022-12-05,888.0259818826411,888.4377017274626,872.3921142964543,878.1261596679688,1961695
2022-12-06,874.3427076784209,877.1558276161372,854.5331911351728,857.503173828125,1742295
2022-12-07,855.6996287301993,859.2282630627589,846.877983073187,855.0134887695312,1661035
2022-12-08,857.4541244189376,858.4931158355286,849.0441987325289,853.9744873046875,1386625
2022-12-09,857.6599409951468,865.4622175384479,853.5921584876118,863.9526977539062,1539865
2022-12-12,856.101419045007,874.8915660886124,856.101419045007,872.8037719726562,1367975
2022-12-13,872.401871220035,877.1949794341688,870.5003142092978,873.9603881835938,1087545
2022-12-14,877.2635428764685,884.8109618585158,872.627297710265,883.056396484375,1392005
2022-12-15,879.4494069563771,887.5751607718613,874.5191185118615,876.0775756835938,1209055
2022-12-16,869.3241513365107,874.0976367979176,835.3607933047589,844.7411499023438,16783045
2022-12-19,851.7690605131928,864.2565800874448,845.907586384612,861.7865600585938,1661755
2022-12-20,858.6401000028144,860.6004655279351,844.5450670911488,856.6307373046875,1214105
2022-12-21,858.6303263584026,869.4221486208219,853.4255580533701,864.0409545898438,1739615
2022-12-22,868.4419137695344,873.5388760186305,845.9173333895482,852.6119384765625,1737350
2022-12-23,847.867915303585,866.0894796643304,841.2418701449108,845.0057983398438,2498780
2022-12-26,849.2401741341138,852.1709710310963,829.2444804218695,832.8809204101562,1593040
2022-12-27,837.0369527058423,837.0369527058423,823.5496273661671,833.322021484375,1366245
2022-12-28,833.3219837624847,836.419394873567,826.4803270493979,833.6944580078125,1088005
2022-12-29,838.0562685667225,853.6705729177874,827.8721552256428,835.2333374023438,4064660
2022-12-30,839.0365255987424,840.0363312570869,828.2545141716557,830.7147827148438,882895
2023-01-02,834.8707274634493,836.5958588205025,825.1178963163352,830.2246704101562,663630
2023-01-03,830.9597637696281,834.7432549451264,826.5096956566927,830.8715209960938,810895
2023-01-04,830.2148034968617,835.1157173309635,827.5291122878712,833.8414916992188,832835
2023-01-05,836.0959139608102,843.7119533294783,831.4890429152479,842.4671020507812,994925
2023-01-06,842.859252101791,846.7407378784751,834.9393579653116,837.419189453125,630680
2023-01-09,841.6143598226569,850.788856444959,838.0857256834976,849.6224365234375,830195
2023-01-10,846.8779584339865,852.4257668847177,839.8108187482604,840.7420043945312,1170765
2023-01-11,843.9275797683821,846.8779395697679,832.0575804133458,835.4882202148438,1273265
2023-01-12,838.0465089156529,847.2700628556263,831.6067005383612,845.0352172851562,1280325
2023-01-13,847.662062754063,851.1319481105681,840.9968317634836,846.9563598632812,1234630
2023-01-16,850.7398446896578,853.2981073879836,841.0066368607747,848.06396484375,446555
2023-01-17,850.5927852805977,854.6801905099701,844.0549829494155,853.10205078125,778125
2023-01-18,853.1020637899893,861.5708574184323,851.1907552179446,855.5721435546875,1318465
2023-01-19,855.6701548949602,859.2576574649875,846.2016153182727,849.2695922851562,1242455
2023-01-20,849.2205852717083,858.8459874880871,839.0364716836632,852.8766479492188,1182675
2023-01-23,854.7096498278553,855.7878868784436,846.750569722647,850.3772583007812,770265
2023-01-24,850.9947081387762,853.700022204584,830.6069181223132,833.6944580078125,1320270
2023-01-25,835.1157514783331,836.8605055909073,818.4722665613759,823.539794921875,1470210
2023-01-27,839.0364900115767,858.8165720479632,833.8120988541418,845.7017211914062,4781440
2023-01-30,846.8680847317866,850.6908213876226,840.006805480722,848.60302734375,1873685
2023-01-31,851.778873944687,857.9932593713041,841.6437572225823,847.6915283203125,3159705
2023-02-01,850.9947405837944,858.6401546532558,844.9665922801278,853.0531005859375,2027270
2023-02-02,845.505671050127,858.4539075545284,841.3007083171572,856.6994018554688,1946775
2023-02-03,857.6599605740065,868.4223487064996,846.5250981868724,854.3959350585938,1874895
2023-02-06,858.6695500241516,858.6695500241516,840.0166429926319,852.6707763671875,1516105
2023-02-07,858.7675923340935,875.9404147538784,854.7684296146341,870.4513549804688,2987405
2023-02-08,872.3626479476592,881.4979583614199,868.9614425197053,879.7728271484375,1196855
2023-02-09,871.1864480910236,887.9573611986297,869.1476511453021,879.7140502929688,2054810
2023-02-10,880.9785092152628,883.1447348190205,868.9418951041844,882.0861206054688,685110
2023-02-13,883.7523778451754,893.4169655286255,882.1841093548755,887.006591796875,1872775
2023-02-14,890.9861091358471,894.7107915763542,882.2918930329682,889.6922607421875,1202135
2023-02-15,891.5742198906196,894.5540137872052,882.9878691152489,886.0557861328125,1283685
2023-02-16,890.4862491292918,891.936900507478,884.017066675944,885.947998046875,1352330
2023-02-17,882.3997302190933,889.0257753383653,875.0091736460023,884.1934814453125,1056035
2023-02-20,886.0852573053651,889.7217570556412,875.9795749607586,877.2244262695312,761745
2023-02-21,883.0074702352771,883.0074702352771,874.0878306109179,879.4494018554688,791630
2023-02-22,879.5964140955629,886.1244049846259,876.1657744194131,877.5968627929688,882305
2023-02-23,877.4791974790053,885.1050482053056,870.5983550614146,872.2842407226562,1187840
2023-02-24,875.2835906278996,884.1248583556508,870.7551510174925,880.4197387695312,1764830
2023-02-27,880.4197339810671,880.4197339810671,853.7391878486337,866.6776123046875,1370570
2023-02-28,870.2062816861456,870.2062816861456,842.9572116919243,846.21142578125,2699875
2023-03-01,846.1819471387455,854.1606491047893,842.3690816977644,851.6220092773438,995515
2023-03-02,854.3273284693115,862.8451196328181,846.8779629109875,860.7181396484375,1413260
2023-03-03,865.0309542461655,871.7648053774335,854.8174062723889,870.00048828125,1371180
2023-03-06,869.8142615981827,874.0878443509579,865.7072931742492,870.2455444335938,877920
2023-03-08,869.0300710315641,871.1864852174355,862.8059340064656,867.7068481445312,1173705
2023-03-09,865.6288258871224,870.0788341844675,857.0326037365112,858.8263549804688,1022125
2023-03-10,857.2580910413218,865.1191163211448,852.7590257202879,861.6884765625,1686010
2023-03-13,857.6599301148591,865.6876294537586,851.8768277986982,856.7581787109375,812710
2023-03-14,861.384615645059,866.6580037908514,844.7215083744933,852.6707763671875,2141980
2023-03-15,854.1215443071787,867.4618184795476,850.9555130340229,861.4827270507812,1717110
2023-03-16,864.7172522056229,868.4419347688552,856.7483614944379,859.375244140625,1384640
2023-03-17,863.678303144843,874.9405941585308,859.3752862130149,869.6475830078125,3092990
2023-03-20,868.6380442723929,880.9883241190283,866.9717214802308,870.2945556640625,3949945
2023-03-21,870.7845711687582,878.2437475684202,864.3643860952938,866.3541259765625,1984640
2023-03-22,868.3145219359188,878.2437783680258,865.6680164422326,877.2537841796875,1598885
2023-03-23,878.0477157571049,882.0665010202543,868.5497422972929,871.7647705078125,2418370
2023-03-24,872.3528512979238,881.7723933313788,872.3528512979238,875.1365966796875,1126970
2023-03-27,880.2041336243547,887.7809273453227,875.313031139898,879.3513793945312,1759570
2023-03-28,881.958648621607,891.3978136490782,878.2437773950683,887.4182739257812,1834690
2023-03-29,891.8585563651142,896.867276194238,886.506736655194,895.455810546875,2083535
2023-03-31,898.4355618471739,912.8442614742296,895.4656389690326,906.22802734375,2282485
2023-04-03,911.364152667198,917.843206503747,901.3957102483856,912.84423828125,1500675
2023-04-05,911.5700032304526,920.3916484230054,909.86449473199,918.0,1823560
2023-04-06,920.1857248901132,923.5673672786246,916.6570909872532,921.254150390625,1460345
2023-04-10,927.644989092443,935.5256369549536,919.0193329337452,933.0653686523438,920770
2023-04-11,935.682456031854,942.1320754628388,922.9400799167196,933.7907104492188,2309250
2023-04-12,933.7907018793264,964.4214134134388,926.5079510840488,956.8544311523438,3403195
2023-04-13,958.2266676716778,958.2266676716778,947.0918055807674,951.3458251953124,1169335
2023-04-17,956.0605044173708,965.0781980365438,944.8472109240917,951.2282104492188,1705675
2023-04-18,953.0121323369028,964.1077486468258,949.8950984817512,963.0099487304688,1797050
2023-04-19,958.1090316359466,968.4205734856772,956.7661860316356,962.4120483398438,1920935
2023-04-20,963.71573739361,963.71573739361,945.3373099609572,952.3848266601562,3175850
2023-04-21,952.3652087765112,956.4623657075751,945.513740566346,954.4530029296876,1657195
2023-04-24,951.5614324476868,951.5614324476868,931.5853025718842,942.1712646484376,2190830
2023-04-25,941.6714392051382,949.0423731787832,932.6929312559414,947.5034790039062,1639985
2023-04-26,942.9358699414933,955.5311952095316,942.9358699414933,949.8167724609376,1020765
2023-04-27,949.797126779282,968.2245513295888,944.5237385648818,964.2156372070312,1098280
2023-04-28,964.2156233052376,967.440403111724,956.0898697769326,966.4307861328124,1235220
2023-05-02,961.2456692925612,972.1354859349448,961.2456692925612,970.4594116210938,1209890
2023-05-03,970.36130448029,972.3412927892368,963.519647995786,970.822021484375,883875
2023-05-04,970.822067006475,975.2818867849423,964.5684959513932,973.9096069335938,1006635
2023-05-05,975.2720209814167,978.0263321049658,965.5878106637864,968.91064453125,461545
2023-05-08,969.4007493352595,973.6547688355898,950.1205712032908,961.970947265625,1190915
2023-05-09,964.1175571738924,968.4009510800032,958.6285576084622,967.0973510742188,1545295
2023-05-10,973.2920782248276,973.2920782248276,948.7973198256284,954.1687622070312,2271505
2023-05-11,916.4709492461444,921.3718634132362,886.8792271122204,888.437744140625,13916795
2023-05-12,890.9763619040754,890.9763619040754,871.3825171259507,875.5188598632812,5242020
2023-05-15,876.3128630050139,888.4572825072232,871.676557649946,885.801025390625,1588765
2023-05-16,886.673386435856,891.554737733704,883.0565093089701,885.1149291992188,1430235
2023-05-17,886.0460140769422,890.9959249649622,872.5782529319154,878.5377807617188,1749805
2023-05-18,880.5961800028408,882.595731215387,863.5213539377719,867.0892333984375,2127235
2023-05-19,868.0401162441402,870.4023304799445,859.4340825035072,860.9827880859375,1630405
2023-05-22,864.3251467757084,876.2539542271645,859.4732301431258,873.8623657226562,1224880
2023-05-23,873.9506281785871,882.0959452713705,871.5884138326876,874.430908203125,1616475
2023-05-24,875.3032122786382,886.869356981924,874.3034067105642,885.9381713867188,1683665
2023-05-25,888.8102494393027,888.8102494393027,878.7143180420691,882.9389038085938,1033820
2023-05-26,883.154472040888,889.809891397958,882.1546664884205,888.2318115234375,752935
2023-05-29,891.5547008070804,895.6910435663207,886.0852639531893,893.1915893554688,928140
2023-05-30,893.1915656167415,893.1915656167415,881.9390863540448,885.86962890625,1369945
2023-05-31,884.1248669659268,887.9769781096654,878.4300074109777,882.370361328125,6313505
2023-06-01,884.0954191393454,893.9168695811592,882.3703477278054,892.3681640625,1528955
2023-06-02,895.6812074676942,905.68889526099,894.9166960030896,903.8167724609376,2509565
2023-06-05,907.8453052326402,911.9620848847882,901.1212657019772,902.464111328125,1132140
2023-06-06,903.728490082026,909.609586546768,902.7483073379022,908.952880859375,1161655
2023-06-07,911.57002271768,917.059022580144,910.6094626981518,916.2258911132812,1139525
2023-06-08,916.4709237596154,919.9995579315472,909.0215583630436,911.452392578125,1203490
2023-06-09,917.6568989725332,922.3519527313651,910.7073770649248,914.8633422851562,1084700
2023-06-12,920.3916914961457,920.3916914961457,912.4424229809872,916.598388671875,717870
2023-06-13,921.3718189709256,927.0176813911852,913.1480710370706,921.763916015625,1294905
2023-06-14,922.9008513964712,927.1646223534206,918.4312205284392,921.1757202148438,901255
2023-06-15,920.7052932750538,951.757476471487,920.587676127862,941.6517944335938,3630745
2023-06-16,949.767735683696,968.420643804442,945.9058727351209,963.529541015625,3814515
2023-06-19,970.576997219921,984.887641826054,953.139507338234,956.4623413085938,3540755
2023-06-20,956.4623780023576,965.8231119115842,954.1197267185888,960.8143920898438,1070755
2023-06-21,964.88213974733,970.38095077692,959.344083118208,962.617919921875,1123550
2023-06-22,962.8433390402096,965.8623187375116,958.6187536741994,960.4713134765624,1242850
2023-06-23,960.7751265519352,983.1232808922408,960.7751265519352,978.9869384765624,2791140
2023-06-26,978.202774533771,994.6894557841314,970.773032265738,988.337890625,3607125
2023-06-27,988.3378907519858,997.1497242191224,983.3193597915518,985.2012939453124,3330315
2023-06-28,985.1914874859572,1003.5895371836376,981.035522122158,1001.3253173828124,4426340
2023-06-30,1002.922990252548,1014.479323205174,1001.7663817998975,1011.47021484375,2430705
2023-07-03,1011.4702967834278,1015.2734109039123,997.8849174563552,999.4531860351562,1174135
2023-07-04,1002.707390819131,1020.3212471807876,996.8557281656211,1017.1161499023438,1863335
2023-07-05,1016.4495350715664,1019.742934828985,1007.0398043859112,1015.1459350585938,1410270
2023-07-06,1015.165430262447,1030.858165899291,1013.5089788224874,1025.6240234375,2534370
2023-07-07,1025.27114766586,1033.7301295115228,1001.7467618685556,1015.9594116210938,2771720
2023-07-10,1018.400117180386,1022.3306597780928,1008.6081005864404,1010.5586547851562,1003625
2023-07-11,1016.2980991766154,1030.325492935797,1010.2820781585395,1020.614990234375,1056805
2023-07-12,1017.48333677972,1027.1544063064348,1013.5319451805752,1025.1885986328125,1203590
2023-07-13,1025.386265798972,1027.9843109683554,1014.5001611013032,1015.9918212890624,2034915
2023-07-14,1018.4712733934092,1020.427193111452,1002.912667616546,1006.0342407226562,1942045
2023-07-17,1007.535739619924,1036.2524863971453,1006.2218849809334,1033.239501953125,1976770
2023-07-18,1028.0533602220198,1030.463772035156,1016.801877674794,1025.583740234375,1286955
2023-07-19,1024.2007611093816,1041.1916969230806,1019.775101180505,1031.5799560546875,1961585
2023-07-20,1037.0429494583643,1065.8287360277704,1035.2647747021604,1054.8834228515625,6016030
2023-07-21,1051.7223100725466,1054.9722480695489,1042.693364670686,1044.78759765625,1150370
2023-07-24,1042.8217490259462,1074.156258155565,1042.8217490259462,1065.2359619140625,2119525
2023-07-25,1070.8272105613978,1082.6714981973148,1065.2656216092676,1071.89404296875,2162155
2023-07-26,1074.7786601837747,1084.6571405163463,1067.083285416888,1081.822021484375,1701060
2023-07-27,1092.5598234846032,1109.1557171393852,1070.8370568942803,1088.0157470703125,7539055
2023-07-28,1089.003613089598,1109.945941565839,1089.003613089598,1103.031005859375,3180540
2023-07-31,1103.3372752277492,1118.3228512856035,1100.4626039611471,1114.38134765625,1599490
2023-08-01,1114.262884969314,1127.9939963526272,1107.7925528903947,1119.6368408203125,2122735
2023-08-02,1119.6466786347669,1125.3268044067972,1113.196002512802,1118.332763671875,1791795
2023-08-03,1115.2803583705625,1132.8641004751194,1110.637521145325,1118.1451416015625,2570520
2023-08-04,1118.1649053339097,1128.3198907079347,1114.292497922749,1116.1793212890625,1726520
2023-08-07,1118.2439752078487,1123.7759000844262,1110.123893304002,1112.4552001953125,2499830
2023-08-08,1116.6633859674826,1133.8420768910023,1115.280374671588,1117.8388671875,2987010
2023-08-09,1120.4370059085404,1162.4502131500358,1120.4370059085404,1159.93115234375,10067015
2023-08-10,1161.7290781874124,1168.9501846974583,1147.0891026190766,1156.0093994140625,2763310
2023-08-11,1156.5724838436176,1162.7069813210007,1147.5138742941897,1150.44775390625,2256960
2023-08-14,1151.8208740686246,1161.5117207815076,1145.9036742253963,1150.5169677734375,2167595
2023-08-16,1151.8307476081534,1163.58616271742,1140.9644198005294,1157.3330078125,4308265
2023-08-17,1160.0002637168382,1167.0535127459125,1156.9478472310034,1161.837646484375,2138070
2023-08-18,1165.5619212738557,1181.4662505289775,1153.9250424741062,1160.61279296875,4281645
2023-08-21,1159.783000299528,1170.5998877362488,1156.5626061512917,1167.8043212890625,1334640
2023-08-22,1169.414477955107,1174.551239176793,1160.2867723371369,1170.70849609375,1688225
2023-08-23,1169.6120600752372,1180.4685002088806,1168.031527354681,1176.2010498046875,3142630
2023-08-24,1181.4662571584297,1183.382624476447,1163.922066301498,1167.0733642578125,4124730
2023-08-25,1163.6849342831129,1163.6849342831129,1140.0852312897432,1141.8040771484375,4713240
2023-08-28,1141.9523163062104,1151.6332751809432,1131.5205832859144,1141.142333984375,2350770
2023-08-29,1139.9765827521248,1143.2365293604448,1129.1102548402762,1130.848876953125,3258085
2023-08-30,1133.614982599895,1137.2205315652118,1114.2926165796111,1116.2188720703125,3551815
2023-08-31,1116.2188452317598,1125.1589182338816,1104.4141093814571,1107.940673828125,3178875
2023-09-01,1112.316849994792,1113.156496678915,1096.5310582203886,1102.15185546875,1105280
2023-09-04,1103.4261831536735,1119.5675852288473,1102.151820683796,1118.13525390625,1473020
2023-09-05,1114.2925429436343,1114.2925429436343,1098.5956237680855,1102.2210693359375,1968470
2023-09-06,1102.3987661100805,1113.2947580028522,1098.33872548238,1103.09033203125,2256645
2023-09-07,1103.0211309390052,1117.1572932698975,1102.6852963935764,1109.3829345703125,2634215
2023-09-08,1112.5144367878002,1113.038025200391,1100.4627386921877,1103.189208984375,923950
2023-09-11,1105.4018928748103,1119.034243273715,1103.4360850357752,1109.1162109375,1313930
2023-09-12,1114.2827084151195,1129.5054805772588,1111.526573777346,1120.970458984375,2581215
2023-09-13,1128.122484662244,1137.9022045748611,1120.4765503238336,1133.832275390625,1571615
2023-09-14,1139.976598047075,1141.2212961806306,1127.045701422818,1134.96826171875,1139730
2023-09-15,1141.280534372741,1154.3695207864275,1132.6863047358795,1149.75634765625,2069105
2023-09-18,1150.0526606958324,1151.5937615477758,1130.4735652478034,1131.6787109375,1256740
2023-09-20,1130.463577362591,1130.463577362591,1106.7848904466898,1109.3631591796875,2266405
2023-09-21,1109.4521741281703,1125.5541463513678,1108.92858569566,1119.92333984375,2926715
2023-09-22,1119.923175248457,1124.9415200215865,1087.027910790166,1090.0013427734375,2447785
2023-09-25,1092.5303011781127,1094.5158854460228,1072.4078408130913,1074.53173828125,1217045
2023-09-26,1078.532496465815,1091.957317044271,1076.5568004624608,1080.26123046875,1379915
2023-09-27,1089.3988748478253,1107.3776610747525,1082.6913480185322,1085.9315185546875,2443890
2023-09-28,1088.1047445041534,1088.1047445041534,1069.0491169345278,1072.6251220703125,1931555
2023-09-29,1080.5082217782397,1112.3168800602946,1077.396476371167,1103.8214111328125,3101955
2023-10-03,1103.8015471533258,1103.8015471533258,1076.7542654598578,1079.0657958984375,2065240
2023-10-04,1079.7179279862253,1086.4353430190783,1067.1723058775124,1070.3927001953125,2109530
2023-10-05,1078.7299494606648,1081.6934932778645,1066.8757741918662,1068.30810546875,2058530
2023-10-06,1073.7907603106876,1084.103835398283,1068.6934309408296,1071.7952880859375,1572990
2023-10-09,1068.8614918909584,1092.0363688523937,1066.9055720208626,1085.6153564453125,2368110
2023-10-10,1083.471738607464,1084.0644232922543,1072.407768614748,1082.3948974609375,1519630
2023-10-11,1088.6084971249588,1104.018901823501,1088.6084971249588,1099.988525390625,1961240
2023-10-12,1099.988571367261,1103.2386300142764,1089.59639066825,1092.5994873046875,1695245
2023-10-13,1072.2497595381894,1091.3942601068002,1071.1433745146824,1078.7696533203125,1633255
2023-10-16,1084.4595489733838,1088.0157775456164,1078.7299825164628,1085.26953125,859220
2023-10-17,1084.0644339183696,1101.0553715124506,1083.6791587227508,1095.3455810546875,1626760
2023-10-18,1095.424683473169,1125.109443850428,1094.8912069594362,1121.6915283203125,3014855
2023-10-19,1121.1579539129418,1121.1579539129418,1108.464132197821,1112.49462890625,2525845
2023-10-20,1110.3510219737686,1110.3510219737686,1096.7087834350875,1100.3243408203125,1141375
2023-10-23,1091.6708516933152,1119.6171115069776,1091.6708516933152,1096.8966064453125,1809785
2023-10-25,1106.3897420956548,1108.8000332949312,1086.6327824153752,1089.369140625,2104480
2023-10-26,1086.2376541478334,1090.0902855271613,1055.1995466644082,1071.2125244140625,1544145
2023-10-27,1071.2025403704936,1077.5346793496562,1057.1948037012917,1066.34228515625,2159725
2023-10-30,1065.6805875325788,1065.6805875325788,1028.4584216588312,1056.07861328125,2691600
2023-10-31,1061.7390841941728,1074.9662628669475,1057.609826474309,1060.4647216796875,1884070
2023-11-01,1063.9122899567378,1070.9062103457218,1049.9836573532384,1056.2960205078125,1376665
2023-11-02,1062.9245290568972,1069.8394655842192,1051.7421419023888,1054.725341796875,2365835
2023-11-03,1062.3316966097595,1062.3316966097595,1036.6674264752176,1039.818603515625,2921805
2023-11-06,1047.1188435598085,1058.4099988651133,1043.799688865746,1054.646240234375,2847485
2023-11-07,1061.7390453782464,1081.3082509400908,1051.0306865710827,1067.7352294921875,3498735
2023-11-08,1072.5856652071077,1086.701931586353,1068.1797809849495,1077.4556884765625,2096955
2023-11-09,1082.4640969456968,1086.425377023484,1074.7786106602268,1078.324951171875,1642660
2023-11-10,1074.7687201694455,1076.8926174557955,1061.3438998099334,1071.7952880859375,1144920
2023-11-13,1072.802967877276,1083.0370590672587,1063.339427096795,1070.797607421875,855910
2023-11-15,1072.9906002567618,1077.7718715732071,1067.8637268320456,1070.8173828125,1422405
2023-11-16,1071.815093168543,1101.45053353265,1070.9952227297588,1095.375244140625,1695060
2023-11-17,1099.4748301168029,1114.193789516073,1095.5234380948195,1108.6717529296875,2120630
2023-11-20,1109.3433801020942,1117.4733495860355,1103.6040461123553,1107.2095947265625,2001625
2023-11-21,1108.3654441007511,1121.9879064623149,1107.4763567929135,1115.56689453125,1903465
2023-11-22,1117.2758970906352,1132.0738412716405,1117.2758970906352,1119.1429443359375,2124580
2023-11-23,1121.2074880557775,1123.0745352596216,1108.1382782157823,1115.2113037109375,1511300
2023-11-24,1116.2583424800105,1137.378537365766,1109.353294665068,1115.507568359375,2305405
2023-11-28,1115.6755863009662,1129.0016465440929,1115.6755863009662,1121.3656005859375,1555790
2023-11-29,1125.7318632327388,1134.8399141087427,1117.058648800829,1129.179443359375,1602385
2023-11-30,1131.0859747735626,1145.9036949671026,1129.3078001155716,1143.5625,4267760
2023-12-01,1145.9036327351157,1157.0762510359996,1133.940808418974,1135.9066162109375,1391500
2023-12-04,1145.9036819385344,1145.9036819385344,1131.7577516128458,1137.2105712890625,1121300
2023-12-05,1138.988644182628,1149.6574498824132,1134.4445678982393,1141.2508544921875,1121875
2023-12-06,1145.1133938580676,1149.855112660507,1127.737180687956,1132.1429443359375,2659705
2023-12-07,1140.0457368612222,1155.762432975,1136.0943446929152,1142.9599609375,3791150
2023-12-08,1142.9105097513764,1142.9105097513764,1128.5176169694118,1138.771484375,1142525
2023-12-11,1086.6327370580595,1102.043140848047,1060.9486905457782,1081.3970947265625,9493150
2023-12-12,1086.6328556183337,1113.265200473674,1082.1677631358857,1094.604736328125,4281525
2023-12-13,1099.3662001658338,1108.36548117985,1092.6290091241065,1106.123046875,3111975
2023-12-14,1108.7308926567175,1111.6449958582605,1100.0476706366603,1101.12451171875,3164560
2023-12-15,1106.3897647403758,1109.3533087530732,1094.930752008662,1104.305419921875,3636220
2023-12-18,1103.4263244216177,1123.9736130753402,1101.4407400995628,1104.62158203125,3279260
2023-12-19,1110.341116526161,1115.477877727283,1105.0067133792047,1113.7886962890625,1123370
2023-12-20,1116.2682352539618,1120.4369248553785,1096.9163267805764,1102.2703857421875,1307230
2023-12-21,1094.5356072467723,1105.204414108132,1080.9428088311224,1097.400390625,1681900
2023-12-22,1102.043155371978,1117.4535593650603,1098.486926848483,1111.8624267578125,1315040
2023-12-26,1111.8229475010878,1125.1588957829756,1106.8935955238471,1112.74169921875,1658265
2023-12-27,1113.2651151845712,1130.493246571697,1106.64658198763,1129.011474609375,1473880
2023-12-28,1129.871018065818,1163.8431280167792,1120.397588740355,1157.471435546875,4888545
2023-12-29,1151.8505735180747,1154.6955806538322,1138.198446282554,1145.48876953125,1452615
2024-01-01,1145.903691800678,1157.7578679227538,1145.903691800678,1150.1810302734375,978400
2024-01-02,1147.2965339096932,1175.341551987054,1147.0199075398127,1170.9554443359375,2869280
2024-01-03,1170.9555104947792,1179.4905318286933,1163.3293527474336,1171.963134765625,1412035
2024-01-04,1170.0368897326205,1170.0368897326205,1150.8429495416774,1154.2410888671875,2048300
2024-01-05,1159.7335323056514,1160.632507734721,1147.187911153464,1152.947021484375,1037255
2024-01-08,1161.88705640464,1161.9067120706632,1132.5874524050917,1138.267578125,1205700
2024-01-09,1149.65762176187,1153.539797113381,1134.8595565133344,1135.9857177734375,1292220
2024-01-10,1135.8375912205097,1145.9037046755514,1124.210600716231,1143.374755859375,1273855
2024-01-11,1141.5572175517927,1141.5572175517927,1115.3002589869975,1124.6551513671875,2964925
2024-01-12,1133.0320010975113,1133.0320010975113,1115.4878108237924,1123.94384765625,1385710
2024-01-15,1133.6445211188595,1145.7062279274571,1126.541951451013,1142.594482421875,1665610
2024-01-16,1143.927962796448,1143.927962796448,1127.3419565960696,1137.6353759765625,1142145
2024-01-17,1134.0495761097857,1134.0495761097857,1111.724234007587,1116.2584228515625,1778960
2024-01-18,1115.7644988201555,1119.8838686533795,1090.7126864176385,1116.2584228515625,1727635
2024-01-19,1121.2273709451104,1129.1004913695986,1108.7310683494711,1119.8641357421875,1641460
2024-01-23,1116.643673074644,1136.8155734771135,1114.4802231603037,1121.0889892578125,2329945
2024-01-24,1127.717465156292,1168.6242882498152,1124.7638090197574,1166.07568359375,5244260
2024-01-25,1166.0755853483474,1170.599885799473,1150.2502410160382,1156.8687744140625,2677510
2024-01-29,1145.903693610344,1164.1986580815465,1134.0890699778297,1154.5374755859375,1509570
2024-01-30,1165.4531510428926,1175.3415184956202,1152.0282108156766,1153.9940185546875,1576585
2024-01-31,1150.8528192305043,1212.5834316991347,1147.2965905135763,1209.3531494140625,7857425
2024-02-01,1203.0901704030496,1214.9344578351695,1175.5588524914333,1184.064208984375,3112555
2024-02-02,1188.568711794277,1200.1759251551705,1184.637096264663,1193.2215576171875,1686230
2024-02-05,1193.1228029223005,1212.6821199912629,1183.6591423803054,1204.0780029296875,2126485
2024-02-06,1202.21101530907,1222.9558232971476,1201.964053309212,1218.3326416015625,2587065
2024-02-07,1218.2142039130538,1222.9559229314025,1211.2202829185674,1220.9307861328125,2953275
2024-02-08,1228.4878215235815,1228.8730967368556,1210.1138717515146,1217.0386962890625,1791205
2024-02-09,1213.0773407418094,1225.9589172150231,1206.0043153164709,1216.2088623046875,1238970
2024-02-12,1231.7082565408996,1262.16356978174,1230.8587216528863,1251.30712890625,4296460
2024-02-13,1254.5670553400792,1266.3915678578164,1246.8716802474612,1251.672607421875,2086675
2024-02-14,1250.6254229770534,1252.5813426713023,1219.02417594165,1236.459716796875,1724345
2024-02-15,1232.8539881520317,1244.4908656635437,1226.1365740190986,1235.33349609375,1469095
2024-02-16,1239.1465982158309,1257.668747184833,1234.286342915078,1248.0767822265625,1275915
2024-02-19,1248.0769015160752,1275.1044094044669,1247.6520738008755,1267.8338623046875,1393520
2024-02-20,1268.792009404617,1277.287478181558,1252.699926718136,1259.7037353515625,1399485
2024-02-21,1261.8771251302517,1264.9493181000512,1245.676392967924,1254.3990478515625,995895
2024-02-22,1259.5062256538408,1260.4545211653435,1231.125371329681,1257.3231201171875,1420120
2024-02-23,1258.0639998722272,1283.0269385103688,1257.1353600327382,1272.7730712890625,1842255
2024-02-26,1273.3459947936362,1282.2267389084602,1260.6225073837643,1272.4964599609375,1089190
2024-02-27,1267.6065646009167,1276.2206912095126,1261.5313955865531,1274.2449951171875,966475
2024-02-28,1273.0298332404957,1285.3681662044671,1262.8847351590846,1269.9873046875,1560230
2024-02-29,1260.899071144159,1278.848191725676,1255.9697193817487,1269.2364501953125,5513940
2024-03-01,1274.126343448802,1278.867941291282,1219.4193187548394,1223.6571044921875,2876430
2024-03-04,1232.834281041306,1272.219775244365,1232.63675967975,1251.6231689453125,2196055
2024-03-05,1251.5836002060869,1253.0160521129817,1234.2172763260126,1245.3404541015625,1040180
2024-03-06,1245.3404515636942,1251.0106892460517,1222.9557828721518,1247.5828857421875,1207130
2024-03-07,1245.7750631263696,1258.458997421831,1245.7750631263696,1249.459716796875,1174600
2024-03-11,1258.3208411141743,1269.1080641883866,1246.6641863823313,1261.9659423828125,1412365
2024-03-12,1262.1042182543192,1269.9773377062218,1238.0204797024203,1245.11328125,1647055
2024-03-13,1245.1625826135423,1254.5669145265765,1234.5728813782391,1245.439208984375,1051325
2024-03-14,1241.1323077344978,1248.6695931405905,1226.6899741414811,1243.6217041015625,2001060
2024-03-15,1241.744630630213,1246.3775795639558,1227.7962226105608,1241.705078125,2429735
2024-03-18,1243.1277558824236,1255.5350643797167,1238.376148997202,1252.7987060546875,902465
2024-03-19,1251.6033978283665,1251.6033978283665,1209.8074916734693,1212.0697021484375,1581835
2024-03-20,1210.1038763892243,1212.7019213765184,1190.001194296077,1205.8265380859375,1385185
2024-03-21,1210.1138565300355,1216.238466181379,1197.271831930125,1210.74609375,1626230
2024-03-22,1210.9040905839054,1232.7157303632432,1206.1722602169682,1225.563720703125,1528595
2024-03-26,1222.9559298473498,1227.1938367219548,1206.369921904011,1212.0599365234375,1361275
2024-03-27,1215.250566241981,1215.250566241981,1192.1546750858215,1194.13037109375,1452965
2024-03-28,1200.827978134156,1226.8676363680293,1200.827978134156,1216.61376953125,2586915
2024-04-01,1227.89511778296,1241.221178239701,1216.613849717541,1234.879150390625,772020
2024-04-02,1238.5539338637718,1238.5539338637718,1226.116841209659,1232.3502197265625,1191030
2024-04-03,1232.3502438814726,1238.3662043187776,1207.545395559917,1209.9952392578125,1346125
2024-04-04,1216.0409091053623,1219.9923011739418,1194.802176736747,1213.5712890625,1995095
2024-04-05,1213.5712501722364,1245.8442872694238,1213.0773261794925,1220.841796875,2705055
2024-04-08,1228.3791350542704,1230.216517916464,1212.0994188419195,1219.9034423828125,1420525
2024-04-09,1225.366100265831,1230.8981454677676,1216.0408731414925,1218.5894775390625,643620
2024-04-10,1224.911716665178,1224.911716665178,1214.0651651588848,1216.61376953125,980420
2024-04-12,1218.7871916350614,1222.7583600755188,1200.235376382705,1201.98388671875,1974255
2024-04-15,1199.8797149754064,1199.8797149754064,1181.9106970635771,1187.561279296875,1349665
2024-04-16,1186.5734832174105,1200.008192552713,1182.4640015734276,1195.365234375,2041490
2024-04-18,1205.1647830749127,1210.6078357041022,1173.0992726240056,1176.951904296875,2988680
2024-04-19,1185.4176207395371,1185.4176207395371,1161.8673577718482,1174.12646484375,1713255
2024-04-22,1180.478428650823,1198.0621723081726,1176.2306337690263,1188.5985107421875,1667285
2024-04-23,1195.2959986037622,1198.2595424019537,1172.3581985466203,1175.9539794921875,1494175
2024-04-24,1177.524760394944,1184.4001442156714,1169.8194973919824,1175.697265625,1334935
2024-04-25,1180.4881657448243,1237.180772978876,1171.1924829492018,1228.6358642578125,4634925
2024-04-26,1229.8510196040572,1246.4370265954572,1220.7529778466042,1235.2249755859375,2063090
2024-04-29,1238.761420889781,1249.6277491432002,1225.3958081972153,1244.1156005859375,1485530
2024-04-30,1244.6687779928943,1247.2569350838062,1221.96804889266,1225.7811279296875,1906520
2024-05-02,1223.9931245279834,1244.6489395861124,1223.9931245279834,1242.2188720703125,3134765
2024-05-03,1244.6687652312485,1268.3771184024129,1236.3905937588402,1254.4781494140625,2906840
2024-05-06,1260.4347881108058,1260.4941168757664,1234.088957686845,1243.3944091796875,2263770
2024-05-07,1250.5958901236638,1254.5670586899605,1224.9316163587014,1236.3116455078125,1586770
2024-05-08,1205.1745528747954,1208.1282087303796,1176.072589554664,1196.5506591796875,4940700
2024-05-09,1200.1365689563925,1200.1365689563925,1159.7335613145092,1161.1856689453125,2534535
2024-05-10,1160.7214168156038,1172.5755929873376,1149.479701589266,1169.8095703125,1480900
2024-05-13,1169.8094631286208,1175.341507971422,1155.8808315204287,1167.3497314453125,852820
2024-05-14,1173.346231526245,1174.6303616891694,1156.7701116599735,1159.49658203125,1186650
2024-05-15,1162.6971316073802,1178.8879752936516,1157.757891456117,1160.721435546875,1458405
2024-05-16,1171.1925034365436,1171.1925034365436,1127.9248356513217,1155.861083984375,3660485
2024-05-17,1155.8611564245764,1157.056534516084,1144.125517239304,1145.8148193359375,3006695
2024-05-21,1148.0669933876882,1152.4827655327774,1140.5692609355403,1141.9127197265625,2456865
2024-05-22,1155.7822206683618,1166.648549238748,1144.0070284789792,1160.2769775390625,2605110
2024-05-23,1166.144706217778,1172.1804431844068,1152.8186459979684,1165.206298828125,2827915
2024-05-24,1164.9494340433291,1167.4584859979611,1153.5100768739046,1158.8939208984375,2122215
2024-05-27,1158.893844654884,1163.674994960278,1145.133069676952,1160.2669677734375,3366290
2024-05-28,1160.1583983592534,1186.4252433374163,1160.1583983592534,1178.56201171875,3966010
2024-05-29,1182.4540505952775,1188.9639351211868,1168.545194230141,1185.5657958984375,2533990
2024-05-30,1180.4784101545874,1180.4784101545874,1152.423501645245,1160.4744873046875,3005220
2024-05-31,1165.6507254842734,1166.5793652884456,1136.5881945709211,1144.29345703125,5146590
2024-06-03,1173.148429603825,1173.148429603825,1141.3892143575636,1142.604248046875,2087555
2024-06-04,1147.28672794746,1151.307216377582,1106.3897953243377,1132.23193359375,3287175
2024-06-05,1133.6345489898831,1162.0450667299172,1131.2440340380645,1150.6749267578125,2542820
2024-06-06,1152.8185975325466,1170.7973826097716,1142.2683280033132,1163.87255859375,3598380
2024-06-07,1163.8726359373472,1202.0332109254246,1160.968420552594,1197.5286865234375,3747525
2024-06-10,1197.528559242947,1216.5644084336686,1186.2177485094403,1206.3895263671875,3148275
2024-06-11,1202.2110749716994,1205.2240597542602,1190.94958310191,1193.1722412109375,2581810
2024-06-12,1197.27172808438,1202.2109678867084,1183.6393779951902,1197.2816162109375,1932925
2024-06-13,1209.1062226873971,1209.1062226873971,1191.6411368980196,1204.354736328125,2191150
2024-06-14,1204.3842748504978,1208.8295910036177,1192.3523533247276,1202.260498046875,1985020
2024-06-18,1194.9010164626277,1197.6670393283696,1181.4663066581472,1183.68896484375,3076985
2024-06-19,1183.8271753805896,1185.348499883506,1169.6120282359077,1176.7640380859375,3056645
2024-06-20,1170.599959581128,1184.6273538999894,1163.289859766781,1179.648681640625,2489735
2024-06-21,1179.6880324340427,1196.2839270557083,1176.5566314521395,1187.6798095703125,2150475
2024-06-24,1185.0224445860906,1205.1745680378774,1180.0832045531483,1196.2740478515625,1624525
2024-06-25,1203.1988587840103,1204.226259287369,1188.588548339535,1200.9071044921875,1977490
2024-06-26,1197.9633074343649,1204.1177022095426,1190.416254288622,1199.2574462890625,1958240
2024-06-27,1185.4175714177072,1234.7013214198278,1184.4297234415258,1232.0242919921875,12168270
2024-06-28,1235.8868089009277,1268.3969226691936,1235.0174977753095,1264.9097900390625,5118295
2024-07-01,1270.3725439490208,1280.2510240730412,1252.0282594169578,1255.2979736328125,2251925
2024-07-02,1253.5790685615375,1260.6816375537037,1241.5766916600555,1258.5677490234375,1819075
2024-07-03,1259.3086333056142,1289.2996830356485,1257.560123114646,1269.5625,2913200
2024-07-04,1270.3725038426333,1292.5003227392342,1258.538104321582,1280.12255859375,1744245
2024-07-05,1280.122599426817,1293.517876361091,1275.5191939231809,1288.15380859375,1139175
2024-07-08,1288.1537744297327,1299.0201022815174,1281.4363598865918,1290.9493408203125,807380
2024-07-09,1292.10524025156,1302.9715687246237,1270.5602165518826,1300.571044921875,1734640
2024-07-10,1298.9213100834113,1304.8385097321743,1280.8436441338567,1302.4874267578125,1287550
2024-07-11,1302.606060827278,1308.2960751628718,1291.0877189605887,1302.922119140625,1581340
2024-07-12,1302.0331231133196,1332.6069709124604,1296.9851136451937,1327.55908203125,2944400
2024-07-15,1333.594843502611,1360.2568522453876,1324.2201753237573,1342.43603515625,3023975
2024-07-16,1343.469472704041,1348.0404583026989,1318.9648511051007,1320.8330078125,1556420
2024-07-18,1320.8231201045155,1333.3139698790128,1309.7732049782917,1325.0960693359375,1928535
2024-07-19,1323.6054913983287,1335.2119352659145,1316.907977820108,1318.835693359375,900340
2024-07-22,1307.7063162446502,1347.4542285925118,1307.7063162446502,1345.645751953125,2061455
2024-07-23,1345.4669085431085,1368.123268374282,1334.933735439531,1364.34716796875,4330455
2024-07-24,1379.0340399035929,1379.0340399035929,1350.0876165022491,1355.4337158203125,3019385
2024-07-25,1350.4352962959697,1366.324514250295,1342.8931640359035,1362.001953125,1315525
2024-07-26,1369.1070123380148,1384.419809012618,1349.759622829289,1367.0599365234375,2051955
2024-07-29,1375.2777680713157,1380.862344907542,1338.5109491272126,1359.3885498046875,3271945
2024-07-30,1360.3822858607336,1369.5143107604645,1350.017964045903,1352.2537841796875,1458475
2024-07-31,1352.2041769767252,1357.2919050698092,1338.5109916176457,1341.5914306640625,1730870
2024-08-01,1350.5347393690663,1371.402394461565,1348.775874745966,1368.908203125,2320480
2024-08-02,1367.526924030056,1387.40088090479,1366.225242931284,1384.0521240234375,2209945
2024-08-05,1377.2850430214776,1383.426027491822,1350.2366180401589,1353.8238525390625,2186945
2024-08-06,1359.1600028490293,1374.343734310111,1350.494987165334,1352.899658203125,1227135
2024-08-07,1367.3281967463895,1378.2588727378215,1359.3786142071665,1376.539794921875,968865
2024-08-08,1376.2715246719415,1398.132877410413,1374.1748367608725,1378.914794921875,2705840
2024-08-09,1387.2021365046726,1396.1454167543443,1383.8931664806546,1393.85986328125,656255
2024-08-12,1393.949405968843,1397.1391371598354,1365.9966813953902,1368.6300048828125,1853275
2024-08-13,1371.7004524742804,1383.6744380535615,1361.6143956536828,1380.9219970703125,1217325
2024-08-14,1382.23369051337,1383.6248917446126,1349.9385108284782,1351.6376953125,1727965
2024-08-16,1357.5998916341807,1361.1574075457224,1343.1118207477027,1350.1571044921875,2565660
2024-08-19,1358.9711783359892,1376.072800436849,1354.9268815493467,1373.5587158203125,809235
2024-08-20,1377.2651373388553,1386.0493918407192,1371.3029505971288,1384.29052734375,747970
2024-08-21,1391.1570871134388,1412.5315374247275,1384.2906010526526,1403.5882568359375,1905585
2024-08-22,1403.5683147502891,1403.5683147502891,1375.9137484023706,1385.0260009765625,1683410
2024-08-23,1387.172271755575,1389.189507377096,1377.2750806051738,1382.13427734375,711440
2024-08-26,1376.2615326016164,1383.217417334459,1371.1439645736814,1379.908447265625,1018915
2024-08-27,1380.2462574608194,1392.4787357208245,1371.7104272410909,1383.8135986328125,2277085
2024-08-28,1383.813639102038,1400.7661824531635,1375.8740030756453,1391.037841796875,1632585
2024-08-29,1370.9651113102034,1395.1417345973448,1369.136620060697,1377.49365234375,1784160
2024-08-30,1378.8550884968745,1400.120246378437,1378.8550884968745,1397.407470703125,3415210
2024-09-02,1401.0542875106228,1406.072510170324,1357.391262233964,1365.7681884765625,2354285
2024-09-03,1371.303037362454,1374.0854398717086,1360.9685554293762,1362.1312255859375,1246805
2024-09-04,1360.928866053299,1360.928866053299,1344.870675064489,1348.8851318359375,2177470
2024-09-05,1350.9321754330344,1361.1275246883783,1328.7726657047212,1330.71044921875,2001265
2024-09-06,1331.3364459248996,1335.5497148242364,1322.2142468969491,1325.0264892578125,2074285
2024-09-09,1327.5703951174755,1334.7249711936,1312.217811691163,1322.790771484375,1466880
2024-09-10,1330.362646662932,1331.1178666856465,1314.294509767828,1321.697509765625,2328120
2024-09-11,1323.784453823988,1341.3629105479258,1310.8663817872734,1314.1654052734375,1833720
2024-09-12,1331.555083546255,1333.9796480112157,1307.766015875142,1328.345458984375,2663355
2024-09-13,1328.852250258773,1331.3663348564023,1321.021906582676,1323.74462890625,1197575
2024-09-16,1329.5477379780432,1329.5477379780432,1317.9414158213465,1321.041748046875,691625
2024-09-17,1319.650603805547,1324.7482784953595,1312.277322282162,1317.97119140625,911735
2024-09-18,1321.021877443511,1321.220568482789,1297.9680157401988,1305.28173828125,1239415
2024-09-19,1308.5013411885986,1314.165370256448,1288.329226871444,1292.31396484375,4661780
2024-09-20,1298.7232450179597,1311.273653153059,1288.965185940706,1301.97265625,2823650
2024-09-23,1311.6811791921066,1324.0030569538098,1307.7063877400092,1322.5025634765625,1326620
2024-09-24,1322.5025222211366,1329.5478058859192,1307.7461336757522,1321.6876220703125,1962100
2024-09-25,1322.860285232365,1333.0655817329855,1310.7967785727917,1329.85595703125,2388280
2024-09-26,1334.4964154957725,1342.8832883614136,1324.460091548617,1340.379150390625,2842130
2024-09-27,1333.741169791936,1345.9438081731946,1324.897356206171,1341.47216796875,2794555
2024-09-30,1342.485704388093,1349.6402799029224,1333.5424243440568,1341.8099365234375,1827470
2024-10-01,1341.8099592513136,1348.5273660800283,1327.1927034369571,1341.3131103515625,1738090
2024-10-03,1347.4542314485304,1350.4353248809389,1329.985067602979,1338.64013671875,2277090
2024-10-04,1334.1386156466012,1338.0935134042609,1313.8671566671264,1318.2891845703125,1742335
2024-10-07,1328.2858317557912,1333.949982356014,1307.9249722451411,1313.648681640625,2224190
2024-10-08,1313.6585697930657,1325.1953869134045,1306.712631743619,1322.8204345703125,1395550
2024-10-09,1330.760053863458,1342.4658431355565,1321.0417815052406,1324.5693359375,1680365
2024-10-10,1331.157543645827,1331.157543645827,1302.479439801105,1308.3223876953125,1582735
2024-10-11,1308.7000268864715,1316.5899293404098,1300.7603910212104,1311.5220947265625,1130225
2024-10-14,1318.8356667105743,1329.7563957876794,1311.681091097715,1323.5855712890625,1117595
2024-10-15,1328.3752369136523,1331.5351279161905,1312.7145502428775,1313.996337890625,1423265
2024-10-16,1319.630746641766,1340.6871458881703,1317.4546065717122,1333.721435546875,1849620
2024-10-17,1340.458525258642,1346.4604986964575,1321.7074529074334,1332.3599853515625,1819115
2024-10-18,1332.360052977583,1346.2618759914835,1324.0824723756202,1339.7232666015625,1143115
2024-10-21,1345.4668417627963,1345.4668417627963,1328.7826166294908,1331.038330078125,1175275
2024-10-22,1336.9210164369554,1342.4856997404468,1318.10031742181,1324.0823974609375,1904985
2024-10-23,1323.4762878405425,1329.1900502069764,1309.693704166941,1313.2510986328125,1548860
2024-10-24,1320.425664462993,1320.425664462993,1305.5598631233308,1308.242919921875,1587305
2024-10-25,1305.718994304122,1308.1038934397652,1281.8901389151656,1294.7286376953125,1285830
2024-10-28,1311.6811730068148,1317.5440146312137,1282.1186617212445,1303.2347412109375,829374
2024-10-29,1318.6370730818817,1326.9841594475,1255.5372583564108,1266.6666259765625,1443741
2024-10-30,1264.9772723698966,1264.9772723698966,1221.0558790688117,1241.97314453125,2065575
2024-10-31,1250.6680164431905,1275.560194647064,1240.1348441107828,1266.169677734375,1902206
2024-11-01,1271.9332028445988,1280.8764831771,1194.2260822537128,1251.6617431640625,540201
2024-11-04,1251.661762930723,1268.8527839173069,1242.6688703460686,1260.3070068359375,1771490
2024-11-05,1257.127142478333,1270.9395670370611,1233.4274727011357,1264.182373046875,1603920
2024-11-06,1265.9710361201946,1313.5691864637215,1243.7121804556823,1293.8939208984375,3908554
2024-11-07,1296.7258731230413,1300.7503976637145,1272.4797442639208,1279.23681640625,1479152
2024-11-08,1284.652539619152,1284.851230654925,1251.2145850329366,1275.5601806640625,1328199
2024-11-11,1275.9080015055242,1287.0871019860049,1254.1957283880804,1279.783447265625,1175591
2024-11-12,1279.7337065268125,1280.2802888453523,1250.3700088801468,1255.9346923828125,1110785
2024-11-13,1250.0718804907128,1257.077498770622,1230.4960815980253,1237.15380859375,995217
2024-11-14,1242.0229793410713,1245.1034184465395,1214.4974758414169,1218.9691162109375,1346891
2024-11-18,1198.4989109753928,1212.112643827902,1162.825135139902,1186.028076171875,3367815
2024-11-19,1185.4815397126647,1224.2357560150904,1178.7740791987833,1205.8026123046875,1509716
2024-11-21,1167.4955787398546,1199.0950962498766,1165.1106797407394,1187.816650390625,2121476
2024-11-22,1191.4436819049265,1215.491120542239,1186.0776894359794,1206.7962646484375,763755
2024-11-25,1226.173387449366,1239.1411926368985,1198.1511571948197,1201.6788330078125,3280431
2024-11-26,1201.3806068742151,1210.6716567862854,1195.6171112736918,1201.0328369140625,1190121
2024-11-27,1204.3617317971132,1207.939019611558,1190.499696028265,1192.3380126953125,1402977
2024-11-28,1201.430440721544,1202.2750596385238,1180.960167857287,1184.4381103515625,2819269
2024-11-29,1198.399533690004,1211.6653749146808,1191.095879200103,1194.722900390625,2535820
2024-12-02,1206.5975594330305,1217.5282352854192,1194.7229191865174,1214.05029296875,1826479
2024-12-03,1221.254599094975,1221.254599094975,1209.8768077784043,1216.782958984375,2237453
2024-12-04,1216.7829510495606,1221.3539366503878,1201.9768296308157,1207.889404296875,1435443
2024-12-05,1208.8831677617898,1241.6254633941169,1202.4737438496193,1232.0362548828125,3324867
2024-12-06,1238.1475252450998,1247.2398848632408,1228.558316700295,1245.7989501953125,1717216
2024-12-09,1246.7430192440515,1253.8479830604113,1235.4148396075973,1247.2398681640625,1269332
2024-12-10,1242.1222893889712,1245.6995773222106,1225.2294262532814,1232.5330810546875,2025890
2024-12-11,1232.483478053936,1235.5639170941895,1218.9690904046852,1230.7445068359375,1178864
2024-12-12,1236.955075108969,1242.320946210502,1218.6212778420577,1237.55126953125,1648944
2024-12-13,1232.4834402975032,1242.32095156001,1218.720628610154,1238.4952392578125,1258819
2024-12-16,1238.4952882569205,1266.1201369441912,1237.352511471831,1261.946533203125,1920945
2024-12-17,1261.002533571659,1262.9401958002447,1235.4148147068283,1239.787109375,2706166
2024-12-18,1244.0102846076304,1272.9268659677757,1241.6751190668745,1267.3621826171875,2823838
2024-12-19,1266.9647625103426,1322.9596122638334,1263.635898963164,1317.245849609375,7185903
2024-12-20,1317.6433377446958,1360.0741870536287,1309.097560568544,1335.18212890625,7499087
2024-12-23,1353.4164916098784,1358.384980932969,1321.9163178218876,1332.8966064453125,3740109
2024-12-24,1338.5109069447244,1356.39746694844,1327.7789224220958,1342.3863525390625,2587142
2024-12-26,1342.3864034241053,1351.6277203290645,1334.2877419663432,1346.609619140625,1531359
2024-12-27,1354.4598345017782,1389.437948533408,1337.0203895953516,1380.693359375,3656253
2024-12-30,1380.8424478032168,1383.2273467992782,1363.452736187565,1368.2225341796875,2462657
