date,open,high,low,close,volume
2015-01-01,633.8815156760934,636.0520874931466,629.5822049362287,633.1719360351562,372132
2015-01-02,631.9613322368886,639.4747430560853,628.3298707223747,631.0847778320312,1207322
2015-01-05,634.2572268419825,636.0521179541981,630.3752767404876,634.7163696289062,849252
2015-01-06,640.3095812272975,651.0788240309354,630.6256496631794,646.7377319335938,2738679
2015-01-07,650.3275874483287,673.5356734463959,650.3275874483287,669.445068359375,3744143
2015-01-08,671.1146909159648,688.7294479300749,670.4885732360284,682.0925903320312,3076833
2015-01-09,683.3029318689225,724.9606386281891,682.0924277854648,721.7882690429688,3825060
2015-01-12,724.2094616203493,751.1742532859283,721.496284962982,748.5028076171875,4338065
2015-01-13,751.2994795874737,758.5624548137505,731.639394768142,738.4431762695312,3371700
2015-01-14,741.9912880671321,780.1427410238093,739.6537919177048,771.4188232421875,4578199
2015-01-15,780.5182595437229,782.5635873566814,759.4389656818444,769.3316040039062,3534537
2015-01-16,774.7162802728185,790.5779282525422,772.2118095391779,785.6107177734375,2021113
2015-01-19,789.9935318991967,790.9118683957903,739.6954119468377,745.1217651367188,7705398
2015-01-20,742.9097675890894,753.8459396881738,732.766637387923,747.5430297851562,4355821
2015-01-21,748.8367895514708,791.7467441390893,741.7407887586197,786.3621215820312,4103989
2015-01-22,788.0733721837347,802.5158083264702,777.4711037019871,788.6160278320312,3585572
2015-01-23,790.5779027819273,808.8187769894951,788.616087818549,805.8551635742188,2450001
2015-01-27,803.1837870070478,808.0258047815126,781.8957846284943,786.3621215820312,3274894
2015-01-28,783.0644524992422,785.4019481368814,774.8414613059234,779.5999145507812,2246526
2015-01-29,777.220835779774,791.4128381516927,773.3806672841039,786.0699462890625,3421454
2015-01-30,785.5689788249795,785.5689788249795,774.5492975179073,778.5147094726562,1562161
2015-02-02,773.3387669898274,776.3441623102233,755.3483298681348,758.019775390625,1822825
2015-02-03,759.8563211060953,777.0953949290281,758.0196993091237,760.39892578125,1544881
2015-02-04,760.4407489590028,767.8706475605717,747.250496854029,751.2576904296875,1181845
2015-02-05,757.4354210452772,767.870715755351,752.3430176081962,758.8963623046875,1711139
2015-02-06,756.3501853932341,764.5731775130384,750.840369987037,756.1414794921875,717674
2015-02-09,756.1413606964388,763.5295280513171,747.918369868531,751.4663696289062,860239
2015-02-10,747.1671564375572,757.6024519185287,739.1528698896076,741.1146850585938,1058750
2015-02-11,743.2852301776111,753.8040389347997,738.484994101108,751.5917358398438,897359
2015-02-12,755.5152235555282,760.3571893831792,739.0691913713936,741.15625,1121008
2015-02-13,744.9966065007912,750.3394470079338,738.9858663458652,745.3305053710938,1344229
2015-02-16,739.945929656678,768.0377661590408,739.945929656678,757.18505859375,1635273
2015-02-18,753.0109364513658,770.8344010956902,753.0109364513658,762.1105346679688,2178775
2015-02-19,767.9960507858341,770.3752778805597,747.1671898827418,758.1451416015625,1034454
2015-02-20,755.932689155085,759.4389580917446,750.5063363339827,751.5498657226562,623253
2015-02-23,753.8457497037266,762.9035658497379,737.1910078335073,739.7789916992188,1054383
2015-02-24,742.1581675585691,764.3644545529021,740.4885203874586,762.7783203125,2100402
2015-02-25,765.1158334421756,765.950657046586,746.3323023429405,752.9274291992188,1141174
2015-02-26,756.0997564376137,756.0997564376137,737.8170989326192,739.9876708984375,1194401
2015-02-27,742.8261439113674,745.4975900350229,734.9788314305251,740.6138916015625,1906598
2015-03-02,763.0287708362008,784.6924534593031,756.4336440109951,781.1027221679688,2792110
2015-03-03,784.6507705190563,784.6507705190563,770.7509363385012,776.1355590820312,1510436
2015-03-04,777.3041520022131,789.1586560688269,762.1938668094396,764.7817993164062,1202376
2015-03-05,762.569644658531,790.0353111403931,762.569644658531,784.4837646484375,2301603
2015-03-09,781.3947803935066,818.9618371431944,777.2206629768747,814.7877197265625,3529726
2015-03-10,816.707816956501,817.0000357526121,793.9588766623565,799.0513305664062,1323330
2015-03-11,799.0513582381341,817.2087699274025,792.6232068976533,808.8605346679688,1742798
2015-03-12,808.1093393162678,812.1164828742245,797.7575050840842,801.889892578125,1358419
2015-03-13,804.5195002448131,805.5212987390121,783.8576164855117,786.1533813476562,1466001
2015-03-16,784.2749529450788,799.1348011619706,753.4282142059842,777.8468017578125,1244490
2015-03-17,780.5182642878442,790.4109026700353,769.2064157235303,777.8885498046875,1239535
2015-03-18,778.3895564890834,782.438430627298,760.941722610597,769.7908325195312,1436285
2015-03-19,777.2207565435256,785.4020174743188,765.2410584970343,770.25,1249067
2015-03-20,769.7072687811802,769.7072687811802,744.6625637232243,747.7931518554688,1854369
2015-03-23,751.0908146873531,759.6894877091676,744.9548305606253,753.3448486328125,989354
2015-03-24,748.168930074165,752.3013171377049,739.1110633262298,740.655517578125,1288989
2015-03-25,742.784309620377,749.337654600582,737.1492502329788,739.9876708984375,2848966
2015-03-26,738.6936458344397,738.818889756512,716.4456273534734,722.873779296875,2570353
2015-03-27,726.7139880563811,727.047937898154,708.7235485714936,710.6853637695312,2023538
2015-03-30,716.2368508749025,727.1312876460466,711.2696407283946,719.6596069335938,1415143
2015-03-31,720.4110222242612,737.9840484821282,716.2786352914774,729.2601318359375,1503993
2015-04-01,729.2183540486723,739.4866732853151,727.548706987313,737.5665893554688,865861
2015-04-06,737.6918259404157,760.3572540011248,736.7317585082349,757.97802734375,1482378
2015-04-07,760.8163591604144,767.2445101559503,749.3375362946654,762.5695190429688,1212932
2015-04-08,763.7799808782979,769.4150390631858,759.1884519869079,761.818115234375,1296825
2015-04-09,762.9452766925237,778.0555628426907,762.6947888600698,773.4223022460938,1237632
2015-04-10,776.302507018312,781.2279358193782,764.9906061694847,779.5582885742188,1161659
2015-04-13,777.5128427058764,793.8754138014717,774.7162043753939,792.3727416992188,1374251
2015-04-15,787.155133507388,792.2058057160898,778.8903601087231,780.3095703125,924855
2015-04-16,778.4730641729313,782.8976193871636,766.4515830686094,778.9739379882812,1071747
2015-04-17,781.9792462869202,788.2404230465247,775.425850706382,782.7723388671875,764984
2015-04-20,783.3983750882625,785.3601898875214,756.0161241438285,762.5695190429688,879556
2015-04-21,763.0704329590635,767.9123992141306,726.5886347199408,728.8843994140625,2535704
2015-04-22,740.8641470399909,762.1938779011631,730.4705839688037,757.3101806640625,2106687
2015-04-23,760.5242227712482,769.7072814435684,745.3304245954198,753.553466796875,1027886
2015-04-24,754.638896289168,754.638896289168,729.4272102754795,742.57568359375,1122637
2015-04-27,738.818807954874,752.8438327626227,718.156926037492,723.4998168945312,945769
2015-04-28,720.7449225762948,729.5523521712774,710.852283463841,718.4491577148438,1844291
2015-04-29,718.2821708825842,730.4705737895246,711.3948769011402,716.0281372070312,1323821
2015-04-30,715.6525765363727,717.4891987636965,694.7402542193792,709.8922729492188,3001302
2015-05-04,717.9481775932877,722.7066815192151,704.7162460969831,719.4091186523438,558193
2015-05-05,716.2785981875882,737.483136510706,712.9393040235434,733.8516235351562,1663346
2015-05-06,733.8098131898948,733.8098131898948,709.6833950824243,716.4454956054688,1989322
2015-05-07,717.9481858202561,727.7573616148933,712.688808138103,723.1658325195312,982642
2015-05-08,731.0549863319849,757.2266840069956,713.3567170408968,747.3340454101562,5244650
2015-05-11,751.1742350489181,752.1760335195728,719.7848893256514,721.8719482421875,2712131
2015-05-12,723.7919882562561,729.2600720944649,702.6292325104738,704.54931640625,1837756
2015-05-13,709.6835000898533,714.3168116898195,690.4825578820664,702.1283569335938,1842567
2015-05-14,703.5893479663424,710.3096680238021,693.7384392839551,706.636474609375,1458520
2015-05-15,707.9303566315732,711.5200876360399,701.3352303334065,705.2589111328125,861417
2015-05-18,707.9303232916294,713.6906257847514,699.1646765999288,711.85400390625,794940
2015-05-19,711.6035833461603,714.4836837051006,702.295280788452,705.2171630859375,1115144
2015-05-20,707.2624765789346,716.4038040583091,706.2606781922009,714.2749633789062,1051609
2015-05-21,714.9428450095971,722.8736680291763,707.9720384149762,721.5796508789062,998351
2015-05-22,724.1677148165993,725.3364372405579,712.8975966398175,721.078857421875,1369038
2015-05-25,722.0806807089226,722.0806807089226,707.5547297337919,711.6453857421875,642231
2015-05-26,713.7741163263678,716.4038308205829,706.2189735898875,714.0662841796875,732655
2015-05-27,714.1915152879295,717.9482210959899,706.0102550522035,716.0281372070312,530542
2015-05-28,716.8631531578892,717.9484138252777,703.2137544856805,706.4278564453125,2062630
2015-05-29,707.5128970542717,718.5325771460102,703.8396533724983,717.572509765625,3787109
2015-06-01,717.5725608778563,737.5665947752714,711.6453341479101,735.3125610351562,950336
2015-06-02,737.9839235080439,738.5265791273491,710.351287930068,711.8956909179688,928603
2015-06-03,712.1045126374595,713.5237229119796,691.7347969355625,694.1140747070312,1074518
2015-06-04,695.8253927906921,697.0776280506634,684.5970064355666,686.767578125,1273078
2015-06-05,685.8909842391582,707.3459589122865,681.5081607553972,692.1521606445312,1564172
2015-06-08,691.233920533241,692.0687441087642,675.3722725982994,678.08544921875,1108643
2015-06-09,673.7026782650961,691.6931175373428,672.951316606784,684.3466796875,769058
2015-06-10,683.0944690410157,688.729528822289,679.5464684379918,684.9310913085938,959272
2015-06-11,684.5552613282915,698.3298489037998,681.2159673705925,681.8003540039062,1263695
2015-06-12,679.0036777045882,685.8075096547201,676.9166189411837,679.9637451171875,833644
2015-06-15,679.5462925385515,690.7746782018025,674.9130325528682,686.0161743164062,626620
2015-06-16,682.9690821821166,700.709081484739,682.3012335755578,697.035888671875,864766
2015-06-17,701.2517584646145,725.3363966923524,701.2517584646145,719.6596069335938,2574818
2015-06-18,719.6179616578072,724.6269033862837,715.5273055314485,720.1188354492188,1234051
2015-06-19,718.0096772543918,729.6517509113148,712.737017623835,723.57763671875,1376406
2015-06-22,728.8081927665478,739.0160421589444,724.2104228453627,736.8648071289062,1039509
2015-06-23,740.7032680119399,742.2217837757595,735.093137242173,738.762939453125,741773
2015-06-24,740.2813618284338,766.7712226087052,739.8595490866511,756.3524169921875,1812148
2015-06-25,749.6034682773047,757.4913980234978,741.6311965728747,745.1322631835938,1257404
2015-06-26,745.764958940205,752.0078083783384,738.1723292677369,749.0972900390625,758668
2015-06-29,735.6414777123395,763.4811207909028,732.5622238664139,759.6004638671875,1221747
2015-06-30,765.1685654235013,778.7509195827572,764.3249396622846,773.3517456054688,2318253
2015-07-01,773.3516965148476,781.1974052979685,769.3866453906559,774.7014770507812,1456248
2015-07-02,775.9668882573682,783.8969902261945,769.3866182677173,779.046142578125,962649
2015-07-03,777.8226381078032,784.1498287648623,773.6466819759822,779.9317016601562,512931
2015-07-06,773.6045745205719,784.5717058932735,771.6220752149089,782.4204711914062,595187
2015-07-07,777.4852666126036,782.3783358714584,772.4235134406705,779.8052368164062,715696
2015-07-08,776.1354775809222,796.3824900395549,774.5325684982876,782.5892333984375,1791894
2015-07-09,782.5892005442346,788.6210918581525,769.7239119179147,777.4430541992188,1153644
2015-07-10,779.9317958824371,779.9317958824371,751.9234182253806,759.473876953125,2198242
2015-07-13,759.9378814214363,771.4955616980171,751.2485485971397,768.289794921875,1103160
2015-07-14,768.1212264650495,783.8126444324193,761.6252980518033,782.2941284179688,662369
2015-07-15,782.0407764775632,788.7897799423104,776.4306467511682,783.72802734375,980533
2015-07-16,784.5716502653206,792.5860918540524,778.8771786101692,790.3504638671875,667588
2015-07-17,790.5194725855439,794.6532592201122,778.033822196789,779.7632446289062,848156
2015-07-20,779.5099302617674,785.8371212541518,766.8977192521186,770.3143920898438,738505
2015-07-21,771.9174609237696,773.478147762095,734.8822747159065,751.9235229492188,4915170
2015-07-22,754.2011758533915,778.6663146674277,751.7968638421303,776.5572509765625,1433553
2015-07-23,775.2918652910733,775.2918652910733,755.2135878918182,762.848388671875,1049783
2015-07-24,763.4813008484682,768.9226972134546,757.2384497258616,764.9998168945312,624104
2015-07-27,764.3246396376053,767.8257057686932,755.0447599069059,759.3472290039062,1305606
2015-07-28,753.5683884674687,772.7608663153668,752.0920440176304,763.2700805664062,1648693
2015-07-29,764.4513428674463,775.3340819970098,756.7321481842889,758.588134765625,1332413
2015-07-30,763.4809624608272,788.3257399904486,758.5879455962561,776.7258911132812,1997547
2015-07-31,776.3886623877148,783.0533255073715,770.3989409694075,777.527587890625,1616033
2015-08-03,776.9791871260574,780.1849541471972,764.7466157760815,767.4462280273438,1813626
2015-08-04,768.1211577121327,771.4534893424917,759.3052593325931,766.096435546875,2728548
2015-08-05,768.289710752977,770.1034745834028,763.4810353701629,766.51806640625,2869226
2015-08-06,767.6992438969551,768.0367147103793,761.4142233053497,765.8010864257812,1105175
2015-08-07,765.8011491284151,766.8978521256153,760.0223342837855,763.3546142578125,849340
2015-08-10,763.4812259057135,766.8557285616504,760.1067232497767,764.451416015625,1089645
2015-08-11,761.7939995474245,764.198312172257,746.6087370979742,749.308349609375,1430428
2015-08-12,749.9832652284252,749.9832652284252,725.1806484591856,730.8751220703125,1406250
2015-08-13,730.579717423176,741.5468494399212,717.081708787182,731.043701171875,976700
2015-08-14,734.7977325532032,741.546735837274,723.4087895113338,734.4180908203125,742844
2015-08-17,737.7082126283871,741.5466977508933,725.5178157744803,736.189697265625,373170
2015-08-18,735.6415203820436,740.5767095268108,732.3091889766445,736.3585815429688,606035
2015-08-19,733.4058872228941,746.8195547213047,726.6991049645086,739.1847534179688,548163
2015-08-20,733.9542935876095,760.8237491415857,731.4234167131694,735.6837158203125,1086427
2015-08-21,731.4234017957031,749.1395395554605,726.3194771678418,745.8916015625,1428246
2015-08-24,730.031507200031,742.3906447804922,712.821573147344,718.0520629882812,2392818
2015-08-25,726.3615799573223,740.7032139402195,721.3841687434021,730.5375366210938,2303018
2015-08-26,730.7906534295333,732.7309819514422,717.0817378529331,721.2998657226562,1894521
2015-08-27,726.0661060675975,729.2718717815108,717.925101651144,723.6617431640625,2087603
2015-08-28,733.9542481325884,734.3760609188715,718.7689878263969,720.8780517578125,1427528
2015-08-31,727.9644726985825,733.9541932193339,716.0693221208837,726.2772216796875,1990625
2015-09-01,721.2998322114064,726.6568337607436,715.6897018089912,720.2453002929688,1483369
2015-09-02,722.9870662193988,727.5426645958705,695.3161596307517,700.71533203125,1463479
2015-09-03,700.6310804924685,710.1218687592238,687.6392252909815,703.3728637695312,1228866
2015-09-04,701.347980178749,709.2780798119235,694.4724638231996,700.2091064453125,1332041
2015-09-07,701.0528074534883,703.5836840146922,689.5795209723566,691.6463623046875,868619
2015-09-08,698.353243414421,698.353243414421,662.2460789615596,675.8284301757812,2511604
2015-09-09,679.9622164977562,685.4036117790596,667.2234908544857,677.4735107421875,1519952
2015-09-10,675.744076040618,675.744076040618,656.0032172678232,666.5907592773438,2651147
2015-09-11,668.1514663480431,674.6473936801464,661.4446326187341,670.8932495117188,1368043
2015-09-14,675.6596304904781,675.6596304904781,664.8611837457695,670.4713134765625,1115042
2015-09-15,670.4713761910996,682.1977914134794,667.434344941829,678.7810668945312,1239118
2015-09-16,684.1802042145539,684.8550942411414,672.1585421799577,680.6791381835938,1000450
2015-09-18,680.8058030868176,689.0733229872304,668.9950456602805,673.0866088867188,3196079
2015-09-21,670.682389555277,674.8161758230791,665.1144808798267,667.0548095703125,1097798
2015-09-22,668.1514665911163,672.24303010207,660.7275717049345,663.00537109375,1900127
2015-09-23,665.45173805972,665.9579442191846,658.1544088841055,662.2459716796875,1108731
2015-09-24,665.6204301225551,665.6204301225551,654.8642064418675,659.4619750976562,2627897
2015-09-28,662.2460076069109,677.0094536363644,658.7027702616795,667.0125122070312,1121534
2015-09-29,660.221348128864,675.7440791577794,659.1668161701283,661.6976928710938,2377821
2015-09-30,674.7318403671795,690.0858387650065,663.9334414523963,687.3440551757812,2321962
2015-10-01,689.9168234426462,697.8890935584287,684.3489165472969,688.7357788085938,903859
2015-10-05,692.2370672182177,695.1475862208272,675.7441948578671,683.1680908203125,1344972
2015-10-06,689.1999576127461,701.8965128413392,684.9396585481114,699.6187133789062,1470601
2015-10-07,690.0857713119271,698.5220276849336,688.3985200373259,694.7678833007812,1126929
2015-10-08,697.6785084074645,701.8544662468844,689.6640636313207,693.3760375976562,673062
2015-10-09,696.8347593274851,700.5467326369383,683.3367494615775,690.0857543945312,740404
2015-10-12,690.9292891008893,693.8819783705511,681.1010313641173,687.42822265625,760378
2015-10-13,689.2421698331515,690.9294211668924,679.7935520660377,685.7833251953125,860797
2015-10-14,686.7534629865133,687.5549176672351,663.9333990234528,672.5383911132812,3479601
2015-10-15,660.5588014423898,675.7440612456631,648.7480438176217,667.7717895507812,4110634
2015-10-16,664.776848004578,667.2233823816298,659.715095354797,662.2459716796875,2121262
2015-10-19,667.6904715381672,677.9410280183032,661.8208315695745,675.3464965820312,1733760
2015-10-20,678.3664112662628,678.3664112662628,666.0742264602105,669.5619506835938,1428531
2015-10-21,670.3274249148242,675.8142524191496,669.4767555938663,672.3264770507812,879891
2015-10-23,676.2821970550729,685.2992722475105,673.0921866916055,680.7056884765625,1956438
2015-10-26,682.9172639846654,689.0420929730161,681.0883562483482,687.8511352539062,754383
2015-10-27,686.2775193844765,693.1679205647579,679.8549759770495,690.8711547851562,876427
2015-10-28,690.4033697290379,697.9743493137814,687.2559340048671,696.2730102539062,1123867
2015-10-29,689.8929876169726,695.8476743165025,679.8550975647717,681.7691040039062,1558590
2015-10-30,682.2367616644497,689.8502620946022,676.2820767122662,681.08837890625,1209468
2015-11-02,679.897595724262,684.6613241408945,673.3474302108332,682.8749389648438,553599
2015-11-03,684.7889027321397,687.7662457874969,681.5563692276148,684.321044921875,349296
2015-11-04,686.3201029019781,695.9326573172015,679.8550358406093,681.38623046875,945881
2015-11-05,681.3859260454527,690.4029974320734,678.6212515639949,682.78955078125,462520
2015-11-06,686.2351823240953,686.4478497258369,677.3881976433419,679.7275390625,726024
2015-11-09,675.4313964366602,686.4900968820966,666.9247037863244,682.7471313476562,1247468
2015-11-10,682.236892670563,688.7019596632339,674.9211562356593,683.555419921875,880293
2015-11-13,674.0278287142781,680.1101352449255,674.0278287142781,677.728271484375,1029232
2015-11-16,675.4314123151061,682.3218127555691,663.6070884848734,667.009765625,1186659
2015-11-17,668.5410863123168,680.5355037984694,665.2234549630039,679.08935546875,792593
2015-11-18,678.8340540635338,686.3624560752697,672.4115116805374,675.0060424804688,721764
2015-11-19,678.40885659626,682.1092477730342,673.9853652662804,675.94189453125,861404
2015-11-20,680.4078884134748,683.4703293590723,675.6866836998431,678.9617919921875,845026
2015-11-23,676.3246779157479,681.1309806649178,669.4767998138706,673.0496215820312,692990
2015-11-24,675.4314038747232,692.0194547255508,672.6667287329186,690.700927734375,1188716
2015-11-26,693.0402264551315,698.824766788161,687.4683534278805,691.126220703125,1282221
2015-11-27,691.1687974257253,698.186819061125,687.3407856245982,694.3162841796875,897445
2015-11-30,692.0195954797304,702.652963572535,684.0232819056441,690.7435913085938,2959644
2015-12-01,690.6159094582847,711.8401206913,690.6159094582847,708.9478759765625,1404347
2015-12-02,708.5225280900864,710.9043919051238,700.4411691999951,705.9705200195312,983626
2015-12-03,704.2265851529683,704.269160156122,692.4448356826812,694.6565551757812,680102
2015-12-04,691.8918886228661,701.3343494725376,684.7888203846859,693.2529907226562,1445988
2015-12-07,693.2954554108709,710.7341754549481,693.2954554108709,709.0328369140625,1273142
2015-12-08,707.6719455720979,714.3922031634312,699.7606780459907,702.4403076171875,1136199
2015-12-09,703.5035781640679,710.3089332128135,694.2738361475023,697.676513671875,1028736
2015-12-10,700.1008273970119,706.7785605716914,690.9561325069537,694.0610961914062,1144862
2015-12-11,696.1026721485429,707.714328767467,694.6990989673901,699.335205078125,1214169
2015-12-14,701.8022975989832,716.6890130025979,691.9770758167459,713.711669921875,1307321
2015-12-15,713.8817498676676,733.7023359205624,713.8817498676676,730.3847045898438,2303845
2015-12-16,735.8289410950109,738.7212374699205,725.3657191375753,727.6625366210938,1101128
2015-12-17,714.5621881327742,736.424398796697,714.5621881327742,735.19091796875,1214526
2015-12-18,736.3393747283425,744.8460682992371,724.897913412079,729.066162109375,2114632
2015-12-21,733.2345133167169,733.2345133167169,722.8563360600386,724.4300537109375,1112136
2015-12-22,725.5784943682353,729.7893183941225,717.2844674981434,724.302490234375,913032
2015-12-23,731.1077988165342,740.5076849501339,728.2155021966246,734.34033203125,770192
2015-12-24,738.3809277372,739.4867874061162,733.2769121076801,735.19091796875,538736
2015-12-28,735.829014782513,742.6343698325246,733.7023413293844,736.5520629882812,976331
2015-12-29,737.5302541279301,737.5302541279301,727.3222229289275,729.7891845703125,754046
2015-12-30,729.8743519307916,734.0426527975269,727.0671532690519,729.406494140625,677471
2015-12-31,729.4065015393387,737.0625262876,724.3450081271733,733.9150390625,743363
2016-01-01,731.5756276937361,733.2769663627913,726.0462770193068,728.6408081054688,230366
2016-01-04,728.6407644219904,738.976416985152,724.0471814433774,730.7249145507812,828876
2016-01-05,729.2788107588424,730.7674820955975,719.240922986583,721.3250732421875,1118709
2016-01-06,723.0689002616538,723.0689002616538,715.3703535312499,717.15673828125,2135092
2016-01-07,714.5621928337397,715.37033903121,695.4221340971217,697.761474609375,1353969
2016-01-08,696.6982578093123,707.3316256024947,687.0857037084236,688.9146118164062,1324046
2016-01-11,685.6394135451956,697.2935926211148,681.6837807756812,690.53076171875,1514504
2016-01-12,687.7661937317037,699.3778515370278,684.4060392965476,697.293701171875,1110037
2016-01-13,699.0799975110288,711.3296557990228,692.2321202539532,708.3948364257812,1338356
2016-01-14,705.630131269301,712.7757736200668,696.3152927508587,703.7161254882812,1531002
2016-01-15,703.7161499440837,705.1622980797016,660.6723058744547,684.1507568359375,3249884
2016-01-18,677.3878566604202,694.6990056005702,676.2819971121808,688.99951171875,1525578
2016-01-19,691.5941842598207,699.0375411014855,687.0431239877834,689.4249877929688,867289
2016-01-20,684.788878082379,693.2955722200484,667.7754898070405,676.32470703125,1543575
2016-01-21,678.153602510958,679.6847969258929,658.5882078560198,659.7791137695312,1679165
2016-01-22,663.9474057329219,666.4994136985833,655.0153778531068,656.2913818359375,1465143
2016-01-25,656.7167916499104,667.5628267451648,654.7602623698167,666.329345703125,1036869
2016-01-27,664.3728755927261,666.7972628851696,651.9531217340668,653.2291259765625,1291178
2016-01-28,654.8453128312124,677.9835315700732,652.038114113502,673.5175170898438,1967418
2016-01-29,672.9644345962485,697.5487971165765,672.9644345962485,694.9117431640625,1733695
2016-02-01,694.1461291122718,695.3370868667866,679.6847514224327,681.3435668945312,1025869
2016-02-02,688.6167955542664,688.9996071218591,677.9409062667565,680.6204833984375,960236
2016-02-03,676.7074630041213,704.779551349987,676.7074630041213,698.909912109375,1843081
2016-02-04,701.376789078421,713.2011122944875,694.6139582295407,710.138671875,1698770
2016-02-05,706.0556141904948,727.747684265022,706.0556141904948,718.7731323242188,2043434
2016-02-08,717.9649599748113,721.537781771156,703.0357226722791,705.119873046875,490426
2016-02-09,702.95068359375,716.3913025236045,701.547110145001,702.95068359375,964658
2016-02-10,702.6527923056988,707.841853901892,697.6338230209375,701.4193115234375,781041
2016-02-11,700.8664282294567,704.3541514478018,673.0495328787124,682.7471313476562,1010277
2016-02-12,680.9608276866173,694.7416818040855,676.2821461722183,691.25390625,1318480
2016-02-15,694.9968529008765,699.2076765308736,678.8341353915538,684.5336303710938,1206980
2016-02-16,689.0421705657508,690.6158880882545,680.0676193456158,683.2576293945312,926079
2016-02-17,680.9607494100235,692.4447845343649,671.8160547739739,691.2113037109375,783633
2016-02-18,692.4873445430218,706.4808651397502,691.1688174907249,703.8438110351562,1179011
2016-02-19,707.6290152700386,707.6290152700386,691.9767361945371,704.013671875,620200
2016-02-22,703.5036521923425,736.6797615460322,702.9506962681501,732.9793701171875,1883688
2016-02-23,730.2569934050158,730.2569934050158,709.6282650710929,711.8825073242188,590731
2016-02-24,711.9251675517355,718.7305220436313,704.524334157652,711.7975463867188,1062120
2016-02-25,712.6055170400398,719.8362044061316,708.0969811841504,716.9439086914062,859877
2016-02-26,721.3674724207135,725.3231049186697,715.4978342471127,722.9837646484375,1191495
2016-02-29,723.9195799364276,724.5150588352108,700.5261740042869,706.3958129882812,1974971
2016-03-01,705.9278748782192,705.9278748782192,695.9325109282927,701.0791015625,1777318
2016-03-02,706.0557030157584,727.3224410584016,706.0557030157584,722.4310913085938,1221727
2016-03-03,727.7476367481528,728.2580175953447,719.4536104964936,722.1332397460938,746384
2016-03-04,721.7929478955725,728.0879218924204,715.7957393254903,722.005615234375,1331537
2016-03-08,721.3674723430408,721.3674723430408,700.9514118050303,702.8654174804688,1342346
2016-03-09,703.1206668672779,717.8798096890799,703.1206668672779,714.2644653320312,1929618
2016-03-10,712.0103526207733,715.41303053055,705.20499680122,712.4782104492188,1140147
2016-03-11,716.2636480877346,729.8318356535922,707.3316192220325,724.4300537109375,1527676
2016-03-14,727.3647474661858,731.5755707283616,718.8155317040298,729.1511840820312,825367
2016-03-15,724.8552895190414,728.8534456118497,710.7767229929013,715.2427368164062,1330602
2016-03-16,718.7305312886969,719.5386256084165,706.9062069386374,718.092529296875,1511400
2016-03-17,721.4526002700968,727.3222391083874,717.1142076823048,722.7711791992188,1970969
2016-03-18,723.0689694767373,724.7703082284472,712.8609369664774,721.6653442382812,1848223
2016-03-21,720.6020504650334,751.1411036465946,720.6020504650334,748.2913818359375,1587554
2016-03-22,745.2288789857683,749.1419891760528,733.6172734280921,740.2099609375,2024654
2016-03-23,740.0824470682793,746.3348469734893,732.043610103906,743.1448364257812,1373555
2016-03-28,745.1862867968873,745.2713329563109,731.7457226018205,734.6805419921875,2033190
2016-03-29,731.8307939800209,741.2306794324707,730.3846457748592,732.5538940429688,1389839
2016-03-30,733.2770836636025,747.6959415745472,730.6400290730171,732.9793701171875,1453623
2016-03-31,727.7476718545029,744.9312041222989,727.7476718545029,739.6570434570312,2635929
2016-04-01,737.6153975155954,744.2506602061642,728.1729881801529,738.2108764648438,1096484
2016-04-04,734.2125535723816,744.2930145776005,732.681359421927,741.9536743164062,960124
2016-04-05,740.2525448927299,751.0134819792343,733.5322356590027,738.806396484375,1096886
2016-04-06,739.2315640326838,742.5491948121695,734.1275486308471,741.5283813476562,1041648
2016-04-07,740.0821306095567,744.2078550521371,727.3646169465468,731.575439453125,848064
2016-04-08,732.4261915312431,734.1275299552414,719.4960091247108,723.4091186523438,712487
2016-04-11,725.6210273213362,738.253447650017,718.9007180233343,735.2335815429688,943737
2016-04-12,737.4452569341249,743.8252768571192,731.7457620854365,742.208984375,867406
2016-04-13,744.3356102023149,765.2620534465673,743.0596062991109,763.6458129882812,1897529
2016-04-18,765.7725258905313,769.8132051269847,754.11834591914,764.8793334960938,1091523
2016-04-20,764.8366200256626,770.7062579905695,759.7751800666092,769.0899658203125,1424850
2016-04-21,769.8556925807566,771.4719849688322,762.1996691186275,769.0475463867188,1162870
2016-04-22,763.7309478657215,769.260298755256,751.1410516090826,752.161865234375,1078366
2016-04-25,749.014299063214,756.2449879241309,744.7609526744394,752.1192626953125,828061
2016-04-26,749.9501089990274,762.1997689105278,749.1845377050204,753.4804077148438,1214609
2016-04-27,752.3320134033044,760.4984186066239,749.3546706011532,758.9672241210938,778693
2016-04-28,759.8177798652445,762.8801683783362,740.9329122458987,745.39892578125,2715410
2016-04-29,745.1863605311908,748.0360821233747,730.8951256448771,738.2959594726562,1581281
2016-05-02,737.5303221337939,737.5303221337939,727.3222899935338,734.935791015625,787156
2016-05-03,734.9357331996187,739.2316026698828,721.3675478297591,723.9195556640625,1305303
2016-05-04,723.0690069149812,728.0879772606875,717.9649903955814,725.9613037109375,568460
2016-05-05,730.7249358131155,733.1918975754231,720.3467598679442,723.196533203125,760873
2016-05-06,721.3676680751813,728.5983581443311,720.3043313003063,725.9613037109375,411253
2016-05-09,723.9195869937583,739.8271135668398,713.881699461893,719.2409057617188,3215773
2016-05-10,722.0481927322434,738.2960097936453,719.3260402062804,733.6598510742188,1523285
2016-05-11,727.3223295270124,737.3602179597285,724.0046981328039,733.744873046875,697299
2016-05-12,730.2145456185463,733.2769343207339,722.5159469408891,725.6209106445312,730642
2016-05-13,725.5782826936949,725.5782826936949,699.2075382871107,707.5866088867188,2369627
2016-05-16,708.6074176917929,721.7927898097073,694.9967109894295,719.8787841796875,1940183
2016-05-17,723.0691049994238,723.3668185684772,706.9063838288483,709.5009155273438,1434067
2016-05-18,709.2031613065303,709.9262096017852,700.1009874164805,702.2276611328125,1428456
2016-05-19,702.7379787431829,705.9279890302765,689.3399355373897,693.380615234375,1866764
2016-05-20,697.5488675664869,698.3995369171778,685.7671178277135,691.0838012695312,1624617
2016-05-23,694.9968376549691,702.4401942394011,691.6366834412785,697.2085571289062,1118741
2016-05-24,696.6982502908643,701.3344089828088,693.6783842543377,700.1859741210938,946784
2016-05-25,704.3541997870127,715.7957125710816,703.546053545622,714.6472778320312,1127694
2016-05-26,714.7324360125549,726.471663278576,707.7569365899008,723.36669921875,2479387
2016-05-27,724.2173718519641,736.6371762260627,723.494323631328,732.5964965820312,1531278
2016-05-30,734.9784516994614,737.7006044973123,722.8564112634459,726.7694702148438,776274
2016-05-31,729.7041860670199,731.4906229230623,718.8156283530387,721.5377807617188,12132028
2016-06-01,724.8978821754192,734.4679120302924,719.708768168336,727.4498901367188,1223721
2016-06-02,727.3221813298085,743.4423733937201,710.3087969712165,738.551025390625,3409326
2016-06-03,741.7836417637336,755.3943507869214,739.5719223157595,752.7147216796875,1752265
2016-06-06,755.0540939113081,758.7970598177171,744.378203958334,748.0360717773438,1941227
2016-06-07,751.991671376726,764.5815668029587,748.9292826235761,763.0928955078125,2185954
2016-06-08,761.3491589128367,772.4078617797271,758.4568620101221,763.2206420898438,1470489
2016-06-09,764.7517986550887,764.7517986550887,743.8678750492675,745.5692138671875,1376923
2016-06-10,745.1864689741278,752.6723500591254,741.060742739544,744.0380859375,793113
2016-06-13,737.8280352047551,749.3971694427257,737.8280352047551,743.6551513671875,1071858
2016-06-14,741.8686294692458,744.5057352871311,731.8307427397548,736.4243774414062,826228
2016-06-15,738.3811130930856,745.696849896908,734.1277656674342,744.0380859375,863255
2016-06-16,741.6560972139885,749.3121218304254,730.852637347386,748.1212158203125,803719
2016-06-17,751.9491982671711,752.5872002932047,742.209023618913,749.7374267578125,849716
2016-06-20,744.3356475424571,750.58804621352,740.5501587222371,748.07861328125,526386
2016-06-21,745.6117276852243,747.7384011811889,736.8073201802263,740.2950439453125,1214022
2016-06-22,742.1872307066399,746.3154995485139,737.0698739418916,739.0050048828125,723156
2016-06-23,739.6500056517285,750.8307615511152,734.7476637201639,747.6915283203125,574726
2016-06-24,738.4030160486582,741.5422497267383,728.5553383738848,738.8760375976562,1157925
2016-06-27,737.9297992992595,751.5616982538387,735.5646396861208,738.6608276367188,815766
2016-06-28,740.5099874897696,765.408678752554,738.7898713748108,763.5165405273438,1607560
2016-06-29,765.3656480798825,769.0208946414064,754.2708786956293,760.1192626953125,857945
2016-06-30,766.3116872663294,776.5463985875984,765.9246506628944,772.8051147460938,2029009
2016-07-01,772.8480951063747,777.9654506872773,762.0973701438791,771.988037109375,1099564
2016-07-04,774.0522430326255,776.417402664114,763.7315464588571,768.0748291015625,674938
2016-07-05,769.9240086895044,770.7840667750615,762.7424921788345,765.6237182617188,631452
2016-07-07,765.4516285911992,791.2533688807902,764.2475263801749,789.791259765625,1689043
2016-07-08,790.3934813897135,796.6718957159235,785.6201689051053,791.8555908203125,1579861
2016-07-11,797.2738522744362,804.0683322071889,792.4145030510875,799.3380126953125,746028
2016-07-12,803.2081756981829,803.2081756981829,785.7920014475259,795.8116455078125,813346
2016-07-13,793.9195437230181,799.6389506000556,789.0602473667532,797.6608276367188,598072
2016-07-14,797.2738183814375,804.1542828334888,793.0165205029753,802.3911743164062,757072
2016-07-15,804.1543123687891,818.3022784167072,801.617130510153,809.7446899414062,1284879
2016-07-18,811.8948742849248,814.1310044242135,782.6528978805949,792.9306030273438,3013256
2016-07-19,777.5783356768944,779.9865398206633,763.7314243190675,769.880859375,2602482
2016-07-20,773.5793116701283,782.9109215778452,771.6441808372464,779.9867553710938,897886
2016-07-21,780.0727559460905,785.7921637429886,774.4823778715044,782.6959228515625,876194
2016-07-22,783.6849693537498,786.9531797106223,771.4721335523805,776.8045043945312,967993
2016-07-25,774.4822781352416,782.0507785166527,770.354009972088,780.0296630859375,1297630
2016-07-26,784.286995634217,784.286995634217,773.1922252422389,776.3744506835938,1094799
2016-07-27,774.0522010134868,782.1797596228832,772.5470995115161,777.3634033203125,1168069
2016-07-28,778.2665794510552,785.2330289182066,769.8379682518713,782.1368408203125,1760367
2016-07-29,778.6964495327849,795.5535635024647,776.2452530030296,793.4464111328125,1284438
2016-08-01,799.8541239970439,799.8971164081789,787.9423389543875,795.5538330078125,1270582
2016-08-02,798.9078848315938,809.1855357774915,794.8656017954075,797.6177978515625,1442265
2016-08-03,797.1019606536145,797.1019606536145,782.2659561193261,785.9212036132812,1067729
2016-08-04,792.9734724938904,793.1884869929397,781.6636888463865,789.5762329101562,685515
2016-08-05,792.2424721951053,798.6929073945646,788.157196568781,795.9837036132812,936293
2016-08-08,796.8867684721611,803.5952107023173,793.3175590934293,799.4239501953125,640018
2016-08-09,799.4240013818738,804.9283942017033,794.8227115591676,803.50927734375,912239
2016-08-10,804.154315507839,804.4553148423353,793.6615962933657,795.5107421875,675289
2016-08-11,795.4677543698112,806.8204792474373,793.4465863469727,804.71337890625,859803
2016-08-12,803.9822747619395,814.4749937332888,796.4137742312835,804.154296875,664203
2016-08-16,800.9290369282461,811.8087919575871,792.4144414710421,796.5857543945312,847402
2016-08-17,795.4678427114994,796.1558787662844,782.9109616130825,785.4051513671875,685242
2016-08-18,785.2330890760601,788.4153147222225,778.567638429467,779.9867553710938,1047855
2016-08-19,781.7927363038694,787.5551355080546,775.1272866819168,783.2118530273438,1232642
2016-08-22,784.2869506669366,803.2082276191543,784.2869506669366,799.89697265625,1405730
2016-08-23,800.7141061534919,801.2731649265145,790.4364011665141,792.715576171875,923109
2016-08-24,792.1134987004968,795.5107386453624,781.1477580833076,790.7374267578125,929753
2016-08-25,792.1135458980293,792.973604036898,780.2447540803985,783.3409423828125,1760911
2016-08-26,786.7813194508857,786.7813194508857,774.0524671564054,777.9227294921875,753284
2016-08-29,779.2126942334926,780.9328105563038,774.9124034264645,778.524658203125,488018
2016-08-30,780.9327484042784,796.6718010066219,780.5887041695839,795.3817138671875,921470
2016-08-31,795.5537197568817,796.843806870001,784.2439350676912,788.7162475585938,2185015
2016-09-01,788.7593653796199,799.4241082079892,785.5341470839986,796.2418823242188,654587
2016-09-02,794.263535884098,796.8867021957891,789.146180460048,791.8983764648438,968873
2016-09-06,794.9088198780481,808.2397224564736,793.2316958291015,806.6055908203125,811241
2016-09-07,805.8743751910212,807.5085064477237,797.6178390894561,802.4341430664062,728867
2016-09-08,802.4341181107741,820.1512920040273,801.1440311041652,818.38818359375,1528195
2016-09-09,817.055314147443,820.4955470491165,797.6180192505034,799.8111572265625,888951
2016-09-12,795.4247507627707,795.4247507627707,784.7600613098839,789.92041015625,677577
2016-09-14,788.6731875642677,795.1236225770615,778.3524915437973,781.3197021484375,1349809
2016-09-15,782.8249292164894,791.9845169075893,779.2126745311646,786.0931396484375,964711
2016-09-16,788.0282441403539,798.6499408128369,782.1368670779904,784.114990234375,1542460
2016-09-19,787.3401592560097,793.4035580627744,781.8787590944869,784.3299560546875,793036
2016-09-20,784.50204651425,788.5012853338856,774.8263925241571,776.5465087890625,1133099
2016-09-21,775.7723699148315,786.5660880662213,774.5252752294057,785.2760009765625,1102665
2016-09-22,785.2329435863899,789.4902411286853,776.8473781975977,782.7817993164062,1250220
2016-09-23,783.512891117181,784.8029782046407,774.9123105341164,783.1258544921875,1498875
2016-09-26,781.7928405472568,786.0071463838034,762.4415326129188,767.6878662109375,1153660
2016-09-27,769.7518577019015,774.8692129529755,764.9355542266381,771.72998046875,849724
2016-09-28,774.0521508467867,774.7831791028558,757.926064370812,763.0004272460938,1877866
2016-09-29,766.3117867345579,767.8598808554673,751.2607695989184,755.3890380859375,3307074
2016-09-30,754.3569042511762,756.7220639187556,743.9502227113381,746.4013671875,3104818
2016-10-03,755.1310135173111,755.1310135173111,739.8219898012517,747.1754760742188,2066037
2016-10-04,749.9706097712714,749.9706097712714,738.6178331612996,739.9939575195312,1465854
2016-10-05,743.9503312801405,751.4328480010216,741.7142009928822,749.0676879882812,1781339
2016-10-06,751.6907880149575,762.7425137291067,751.6907880149575,760.6784057617188,1360160
2016-10-07,765.1936337668805,765.1936337668805,746.6593938650195,754.4859008789062,1088191
2016-10-10,756.5930514322604,761.6243698566678,752.0777468228471,753.5398559570312,734544
2016-10-13,747.8205909418177,752.3358964075388,733.1996018147206,741.4131469726562,2130773
2016-10-14,735.1346989736674,735.8227349904754,719.8686669095754,724.3839721679688,2077909
2016-10-17,725.8891740989292,731.9095819409819,721.5888827831773,730.4044799804688,1136539
2016-10-18,731.3073037046172,737.069702778184,730.1892388082593,735.8656005859375,1146943
2016-10-19,735.3497152125582,736.1667809504399,725.9320680102021,727.6091918945312,1171167
2016-10-20,729.8022662004937,730.5763394624909,721.2446778888129,722.706787109375,818580
2016-10-21,722.4486397987216,732.9843491291197,719.9114584816272,732.081298828125,1247395
2016-10-24,732.5975211728318,735.3497177497161,726.1040926435062,729.6303100585938,1639740
2016-10-25,728.5552425598297,730.8774100785427,713.4612324288718,715.869384765625,1925999
2016-10-26,714.7942804977021,728.2972034419822,710.8810265616091,724.8999633789062,1928005
2016-10-27,731.0493609031431,731.0493609031431,703.8715468364907,722.706787109375,3193498
2016-10-28,723.3088600719609,728.4262162513688,717.1164312705674,719.4385986328125,1396899
2016-11-01,724.208830188613,730.8871737010587,721.3033428829218,724.4256591796875,891827
2016-11-02,724.2089049649718,735.874316476612,721.6503120187593,729.49951171875,1085441
2016-11-03,726.940818540027,735.9175166312434,723.9485681973683,728.0249633789062,1975240
2016-11-04,736.3512637300311,751.4425828893106,730.7137098852194,735.4839477539062,2273336
2016-11-07,737.2184087243,738.7362113304971,723.8183694136665,726.507080078125,803129
2016-11-08,727.2012545924182,734.3999682286203,725.1630298272959,732.5352172851562,797363
2016-11-09,711.1992358336428,724.5125174272815,692.9855968671714,718.39794921875,2122893
2016-11-10,728.5454678180195,730.193389455649,705.8217771630083,709.9415283203125,1017007
2016-11-11,706.8625425095495,706.8625425095495,692.2048808828038,695.37060546875,1758762
2016-11-15,697.3219712237183,702.3523927670846,679.325166618131,698.57958984375,2007604
2016-11-16,701.6586014477879,705.5615232110945,692.1181260263718,701.4417724609375,2677282
2016-11-17,701.4418545685638,707.7298959232743,696.4547872872417,703.9570922851562,665671
2016-11-18,705.1279865870897,706.6891449737285,689.9933101129641,696.32470703125,1462211
2016-11-21,696.3245349422924,698.8831273824752,687.4779552920826,691.9012451171875,993597
2016-11-22,699.3168370879887,713.3673660088905,696.2812312751848,711.1123657226562,1226008
2016-11-23,711.502551779626,723.3414345631877,706.9491434685267,721.3466186523438,1254013
2016-11-24,718.8315044978259,723.7752163834247,711.676147355629,715.7958984375,1588843
2016-11-25,719.8722515691147,726.810779295082,716.0994482928261,722.9945678710938,788448
2016-11-28,720.2625576485669,730.2366913004472,719.0049389051072,726.6806640625,930063
2016-11-29,725.9434371888733,729.4127009269324,720.0890546308985,722.2139892578125,1157881
2016-11-30,724.4256340135331,737.4787282354035,720.7828965026762,732.0146484375,2734453
2016-12-01,732.01464354417,742.1622504934502,729.3259853409287,735.5706176757812,951938
2016-12-02,732.8820037648072,735.8308992741887,718.267750663257,721.1298828125,623704
2016-12-05,722.3874362228573,738.4327804159068,721.6068307360584,732.7952270507812,760110
2016-12-06,733.2289016818869,737.045059976881,722.6476368454361,725.0761108398438,611314
2016-12-07,728.4153215017808,732.0147040768658,721.650267288424,723.0813598632812,394177
2016-12-08,725.0761272751705,734.4431288583581,725.0761272751705,731.1473388671875,609858
2016-12-09,728.4587084952186,734.6166307423191,725.3796944349024,732.9253540039062,463868
2016-12-12,732.8819356018238,733.6191329422217,720.1757364903539,722.127197265625,317031
2016-12-13,723.3416417711188,725.4232216271845,715.4490862790216,720.8698120117188,716723
2016-12-14,720.7395097030526,722.3440229362309,710.158245182635,712.7601928710938,418711
2016-12-15,709.4644089230625,714.4081201593897,705.6916059182863,707.7731323242188,552176
2016-12-16,709.030846231379,717.2703484200005,705.6482925792374,708.5538330078125,907271
2016-12-19,708.5970610111868,709.2909031151556,700.7912182338299,702.3090209960938,709550
2016-12-20,701.4418291909803,704.9110932611676,692.5084847976019,695.0670776367188,1057366
2016-12-21,695.5873850257505,698.1893328500363,690.2967789577415,691.0773315429688,1024157
2016-12-22,690.3834596081109,696.0210129843078,679.8455501994382,682.6209716796875,1147406
2016-12-23,682.1440237189034,693.3324211249818,678.1977465657342,684.7459716796875,893290
2016-12-26,683.4448105691151,698.102467909575,680.8862185208777,695.4137573242188,686679
2016-12-27,695.5006920734463,701.2249562559314,690.9038751190168,699.7071533203125,552306
2016-12-28,700.7911949083889,712.2397745214715,699.0565632378236,702.7860107421875,811567
2016-12-29,703.6100309508271,712.8903217615062,699.5336355924807,709.8980712890625,1295881
2016-12-30,710.7220944348218,719.39525428408,709.898133661789,716.70654296875,709395
2017-01-02,718.1376419537936,718.1376419537936,710.4185084440761,715.8392333984375,439748
2017-01-03,716.7932231850499,722.3006578757887,710.7653672016618,719.7420654296875,617599
2017-01-04,719.7420872193082,726.2903646935897,708.2067961959596,712.5867309570312,1298675
2017-01-05,715.4488920225151,724.8592481646964,712.9336547907633,722.604248046875,800848
2017-01-06,722.3874974194943,758.7280050435032,721.3467076611796,723.1246948242188,545826
2017-01-09,726.810815836723,727.2878290545128,718.4411951717718,720.782958984375,323290
2017-01-10,723.1680199682189,725.0327704133664,719.0049140448176,720.3492431640625,337793
2017-01-11,721.6935833781179,732.8819803474776,719.95895147197,729.8463745117188,867646
2017-01-12,731.7545602818236,731.7545602818236,715.2755553698942,716.3163452148438,985100
2017-01-13,719.8723477314966,724.7292966137712,715.622477756927,718.0943603515625,567779
2017-01-16,718.1375764138029,721.0430635494679,713.3239836809904,717.7039184570312,472383
2017-01-17,717.0534187019583,731.147302045057,717.0534187019583,729.109130859375,1081184
2017-01-18,729.1525842005354,752.6134718125829,726.4638727927019,750.1849975585938,2032995
2017-01-19,750.575321098689,759.7254947200223,744.6341744712707,746.1519775390625,1350359
2017-01-20,741.7286345749744,756.299532410203,741.1215028033469,746.2820434570312,1032081
2017-01-23,741.20816011216,751.789424867193,738.5628571575925,747.9732666015625,1615902
2017-01-24,742.4223875554821,747.973230319386,730.3666757417348,746.1951904296875,1843785
2017-01-25,743.2897675601239,754.5215196759524,742.3790964019247,753.8710327148438,1360342
2017-01-27,753.6974898182636,759.508516725273,740.5142780281067,742.3790283203125,1272497
2017-01-30,743.2465031806515,748.667228519012,738.2160806540071,740.297607421875,600766
2017-01-31,742.4223458591208,748.4068462235758,738.3025956922625,741.9019775390625,1210100
2017-02-01,743.289793896913,752.4399668867038,736.5247398490319,740.731201171875,1750447
2017-02-02,743.7234158965066,744.8509160271311,730.1065450997368,733.1421508789062,1617828
2017-02-03,732.8820190250119,739.3435338037693,727.3311754576895,737.0017700195312,999913
2017-02-06,737.2619563994034,747.6263932034404,737.2186011866871,746.3687744140625,1007603
2017-02-07,748.4936713269146,748.7538555268131,738.0858798368532,741.77197265625,866921
2017-02-08,745.8050787024616,745.8050787024616,734.9202201279345,739.7772216796875,995337
2017-02-09,742.4223043086981,742.5090147116027,731.5808571079286,737.868896484375,884351
2017-02-10,735.7007979652461,744.5040765515032,735.1804295392704,737.9992065429688,648644
2017-02-13,741.5117845650282,750.0114703166205,739.3434946826442,747.8865356445312,688095
2017-02-14,748.4936338207367,752.8735685993108,732.8819473679288,735.614013671875,1294385
2017-02-15,735.9609888770764,739.386897700108,731.4943431926205,737.261962890625,863541
2017-02-16,738.9531223151491,739.3867802507801,732.057950551265,733.8359375,529692
2017-02-17,734.6166445863902,735.4406053654285,726.3771426695416,729.6295776367188,917969
2017-02-20,737.82562941611,744.1570247502931,735.0502080138384,741.0780639648438,1511663
2017-02-21,740.254122340275,751.6159394815137,738.996503695051,748.2767944335938,1061217
2017-02-22,751.0956633433237,753.6976113687625,738.9532392246095,749.4911499023438,1996095
2017-02-23,755.3455310566776,756.2995574888945,742.6393303897545,744.3739624023438,1313518
2017-02-27,745.0678023126515,755.0419363541508,740.9046960826835,751.4859619140625,1194357
2017-02-28,750.6620245809763,753.2206174589297,744.2872729299531,751.0089721679688,1409380
2017-03-01,753.1771006504939,764.0185487083559,748.4502187099145,759.3350219726562,1199589
2017-03-02,761.5033600983796,765.8399395978009,757.4703199892133,761.0697021484375,1116347
2017-03-03,761.5034327621039,763.0212357317323,755.3455104600326,760.7662353515625,909059
2017-03-06,760.6363386734728,765.9703546974921,751.312689140132,757.2537841796875,620823
2017-03-07,758.1208215143077,758.8580718054645,752.960334160023,756.3428344726562,581168
2017-03-08,754.5649435997461,759.8989583412796,748.7105604166446,755.6924438476562,689050
2017-03-09,753.6108626540671,756.2995209690445,747.7998351051399,754.8250732421875,649123
2017-03-10,755.4320920085441,761.2864738926517,752.3097761783897,759.0748291015625,1533750
2017-03-14,764.2788840269911,793.5941547858242,762.414133417541,792.510009765625,2763421
2017-03-15,789.2573834577579,795.5020678482913,779.716909591785,781.0178833007812,1247829
2017-03-16,787.522889092549,791.3391004787167,776.5513210598906,785.9617309570312,1052674
2017-03-17,787.1324776243864,790.1247278506895,780.5842536395395,782.7958984375,2071209
2017-03-20,781.0612712935733,793.810824764329,777.1149947979665,779.2399291992188,849554
2017-03-21,779.5434980913005,786.74220926856,770.4366814011294,783.5765380859375,1016256
2017-03-22,775.4237986403373,787.5228664825709,775.4237986403373,784.8775634765625,928431
2017-03-23,784.9209787576003,788.3902427521091,778.9798853417111,782.3190307617188,737393
2017-03-24,781.4515935687849,785.0943307854252,777.9823301123197,780.7577514648438,809976
2017-03-27,780.4543113843229,792.1630778337833,776.3345602261794,779.5436401367188,2830764
2017-03-28,780.5844128196135,784.9209928908335,778.4161227840034,783.2730712890625,565803
2017-03-29,784.2271100766992,793.5074015361337,780.8879118326291,791.4691772460938,1067420
2017-03-30,790.2115860823942,801.2265098649681,788.5637174451698,797.2368774414062,2105056
2017-03-31,797.2367825703177,798.1474536741993,785.0943600205336,790.7752685546875,1454650
2017-04-03,792.7267735928236,801.7034724473147,784.4005616969702,798.4944458007812,832000
2017-04-05,796.3262253523352,813.0654139596971,796.3262253523352,811.2440185546875,2246395
2017-04-06,807.3409979951595,812.0245251090784,798.7979574103723,810.6368408203125,1588953
2017-04-07,802.8744079204766,808.9456197399991,798.971486036498,801.8336181640625,770117
2017-04-10,800.3591810288901,806.3436825050187,794.4614429133931,803.0912475585938,460843
2017-04-11,800.489283531586,802.9611128665401,795.5455719249121,801.1397705078125,715100
2017-04-12,798.1042660476471,802.8745044795442,796.5864629102254,801.1832275390625,2006885
2017-04-13,799.5352044885609,805.9100086199049,796.6297171684232,801.2698364257812,1200252
2017-04-17,800.5326916534315,801.226533886579,791.0789257993929,792.7702026367188,449115
2017-04-18,793.5939776907226,798.7545174226202,790.1680696040506,791.6425170898438,605252
2017-04-19,793.247128720936,796.5863268148311,785.7882328946546,787.9998779296875,1245002
2017-04-20,790.9920317028209,795.8489791438373,786.0049657134665,794.2011108398438,1955164
2017-04-21,797.4970105635799,801.3132218921515,783.6199554586127,786.1351928710938,761841
2017-04-24,789.1709345806289,789.1709345806289,779.3268651582098,784.53076171875,789135
2017-04-25,786.6554120216534,804.0017276119876,783.2295041052116,801.3997802734375,1105317
2017-04-26,801.4000248199484,819.6136617476745,798.1909448691379,816.4479370117188,1296199
2017-04-27,816.2310288973822,824.8174780773095,811.9812124548369,821.6083984375,1096343
2017-04-28,818.7463554677792,820.0473295495606,808.4686813964142,810.8971557617188,3585324
2017-05-02,806.7771444010649,812.8917100267723,801.3997760093226,804.9557495117188,1615426
2017-05-03,809.2057431729498,812.6316516011738,800.1856365437984,810.0730590820312,977037
2017-05-04,810.289916015575,832.623301444958,809.8996132556699,829.7611694335938,1234682
2017-05-05,826.9858160929336,832.1463569432689,823.3430782611224,827.332763671875,571239
2017-05-08,828.2867347785406,832.623314541779,820.5242464149908,828.1566162109375,672197
2017-05-09,830.0213740048891,830.8886899651868,821.781872382061,825.7281494140625,1292861
2017-05-10,827.506167846034,866.4486771111206,827.506167846034,864.1502685546875,2928370
2017-05-11,862.458952019612,863.8466362847222,846.4569630793951,848.8854370117188,1354465
2017-05-12,848.4952059177683,856.9081814444037,841.5133229214905,850.1431274414062,890243
2017-05-15,851.0971753707058,857.645400546099,845.2427924040117,852.7884521484375,734446
2017-05-16,852.5715240619688,869.4841840001259,851.7475633750654,867.662841796875,1503815
2017-05-17,870.7852226477067,877.7237503182064,859.5968256043201,875.46875,1999387
2017-05-18,874.2544151177102,875.1217310057237,852.5715179173701,858.8595581054688,2690943
2017-05-19,867.315928141276,887.04736550649,867.315928141276,874.2544555664062,3059815
2017-05-22,877.1598968616582,891.7741483115774,875.1217257118601,883.4479370117188,1788720
2017-05-23,883.6214300709697,895.0700105608445,879.4583243301321,888.8253784179688,2640069
2017-05-24,890.3432491818218,902.0086066004634,887.6978931303598,900.3173828125,1992083
2017-05-25,900.1873141277948,910.681816746066,893.5957335812926,905.0008544921876,1918721
2017-05-26,903.7866518001496,908.0364153680184,895.4170314879742,902.83251953125,716421
2017-05-29,902.8758105195524,934.099181488528,900.9243498339912,929.9794311523438,1771026
2017-05-30,928.9821680595466,932.321313562602,913.5440064241418,930.2831420898438,890684
2017-05-31,924.385593537496,931.8877935241262,920.2658418316008,925.4263305664062,2226704
2017-06-01,925.4262587083826,953.5706231959722,920.3957830876352,950.0146484375,1782269
2017-06-02,954.0909591621588,956.649498881378,907.299199840534,942.2520751953124,2216247
2017-06-05,947.108941985382,955.175022027523,943.639678461626,952.0960083007812,612171
2017-06-06,952.2694258851368,955.6086767141984,942.7723593706,946.7186889648438,1203091
2017-06-07,958.5576800889346,966.4069328872004,946.675492256118,959.5551147460938,2392047
2017-06-08,959.858562887587,967.0573279472808,944.1168623826086,948.4100341796876,935574
2017-06-09,946.2418446587118,958.7312174036184,945.374528577448,950.0146484375,691085
2017-06-12,950.5782941194558,958.3841377755464,939.303186616214,953.7440185546876,1059705
2017-06-13,950.5782954722569,962.1569424038962,949.754387656798,956.4326782226562,1040661
2017-06-14,958.3840814255165,971.0468725483796,949.0170272395496,965.9296875,1139136
2017-06-15,969.225487916366,972.6947514077892,955.4351443632548,957.5167236328124,1051935
2017-06-16,957.5168202775797,963.4579134315886,944.030014744004,946.9356079101562,1550451
2017-06-19,949.1906352920352,954.9148996191326,945.6346609277424,950.2747802734376,859068
2017-06-20,953.050144556354,954.9148950902284,946.3284457035388,948.019775390625,1272735
2017-06-21,949.0604643447537,979.1996931644752,948.8002272141651,974.3860473632812,1411671
2017-06-22,977.492807441887,977.842870993854,955.6589687520624,957.4091796875,1000211
2017-06-23,957.2776551688436,965.022315273176,940.7381445646467,960.778076171875,1600881
2017-06-27,959.5533058912648,975.6989617421584,951.2398025570496,955.7028198242188,1809437
2017-06-28,958.2403337671122,966.94758904739,948.8329514949694,953.8648071289062,1084236
2017-06-29,957.9340086361752,957.9340086361752,948.8328924303728,952.2020263671876,1771369
2017-06-30,949.489507278482,956.2277771810184,931.112291008576,944.763916015625,1501780
2017-07-03,956.4901611494926,962.7033878579564,946.0763859715516,960.6469116210938,823810
2017-07-04,966.466285049545,973.1170637607328,948.4828289562316,952.2020263671876,938993
2017-07-05,951.2397293749916,960.8658903898258,946.907999648079,959.7282104492188,364842
2017-07-06,959.72837973072,959.72837973072,950.7148551034436,956.052978515625,653440
2017-07-07,954.7399859969988,971.2794993282774,953.6899022526972,960.6031494140624,780216
2017-07-10,964.8038824205388,966.947848318376,953.8650628919612,959.33447265625,123910
2017-07-11,964.3661386900628,973.9484999699774,959.9906117450082,968.2603149414062,1088867
2017-07-12,971.3669960024712,996.2200107785834,966.9914689934508,990.3130493164062,1749266
2017-07-13,992.9821166992188,997.532729158209,989.7442692466497,992.9821166992188,1390586
2017-07-14,993.244451013624,1001.9517054535548,984.7559728844892,997.0074462890624,1430776
2017-07-17,997.620427643678,1011.6221178562208,988.9131692725206,1008.9530029296876,1177146
2017-07-18,1009.2153201460984,1023.6983574983724,1004.008485655071,1013.2407836914062,3322231
2017-07-19,1041.3753211437504,1045.7946456985237,993.6820816459904,1010.1777954101562,4799441
2017-07-20,1011.140451167948,1016.0411266710124,1001.99564283428,1008.9089965820312,1295206
2017-07-21,1014.1593890824928,1018.7973823257862,1001.9954060200844,1013.9406127929688,1690899
2017-07-24,1016.8724563946218,1018.8852415079464,1009.9154113203,1014.5534057617188,1102676
2017-07-25,1011.2281205932252,1015.9974024486056,1000.2455047362242,1006.0211791992188,1686360
2017-07-26,1009.8717809466128,1021.2481528290268,998.8016746346132,1019.1041870117188,1563285
2017-07-27,1018.4477997932808,1043.5194863219635,1017.0038543871956,1025.5361328125,2090566
2017-07-28,1022.648284879743,1022.648284879743,999.0204359420356,1009.740478515625,860381
2017-07-31,1015.0785374158572,1017.3975882538916,999.4579262917508,1011.4031372070312,955459
2017-08-01,1009.8715258129408,1029.911458738576,1009.8715258129408,1027.329833984375,1359063
2017-08-02,1027.3735995989305,1028.248704879679,1014.8595513544744,1022.779296875,587711
2017-08-03,1019.9354033219108,1032.2743688183264,1013.3721124382436,1023.785888671875,597333
2017-08-04,1016.8727213447332,1046.8888865720248,1016.8727213447332,1043.21337890625,1116836
2017-08-07,1026.498628754179,1044.088225835984,1025.0546834869615,1038.1375732421875,868190
2017-08-08,1034.112086785305,1058.002508744785,1033.499555688661,1042.2506103515625,1329938
2017-08-09,1040.9379835736722,1046.1886165299074,1029.4303249797092,1037.3062744140625,833002
2017-08-10,1028.1173035799104,1035.7744739363534,1020.5476223769545,1024.485595703125,699787
2017-08-11,1015.1662929370458,1028.0741005234063,1000.7270505523036,1008.82177734375,861457
2017-08-14,1010.3091691951428,1023.7858135185352,1003.9208571408968,1011.3592529296876,526828
2017-08-16,1007.2463197551824,1041.9004723801438,1007.2463197551824,1038.1812744140625,1366648
2017-08-17,1036.9997424423311,1036.9997424423311,1019.4976370846546,1030.261474609375,961319
2017-08-18,1023.8734042875092,1055.639775714394,1023.3920535471872,1052.0517578125,1407292
2017-08-21,1052.1388966221905,1057.1269529252922,1034.6804859126291,1042.6439208984375,965962
2017-08-22,1055.6395144347434,1056.5583108601318,1039.668843491681,1049.7762451171875,916218
2017-08-23,1045.8385321201831,1046.144797671645,1035.2497772343984,1039.756591796875,831796
2017-08-24,1039.625234087968,1041.1128705652395,1028.5114380358075,1032.36181640625,780599
2017-08-28,1033.8058492945113,1052.6206173303829,1031.530596385286,1049.864013671875,630713
2017-08-29,1045.8822244518635,1048.857604132012,1035.2496726368277,1041.7691650390625,1002082
2017-08-30,1047.938645251705,1058.5273985069086,1038.968815511555,1053.889404296875,666156
2017-08-31,1051.7455026102398,1070.0790265603348,1045.138520313057,1067.409912109375,1425125
2017-09-01,1064.346888584732,1069.378744378658,1056.3834512148744,1064.2593994140625,622867
2017-09-04,1063.1220168202883,1063.1220168202883,1044.6573100247342,1047.6326904296875,586791
2017-09-05,1046.976259585531,1060.190331498092,1043.3883483386555,1054.6771240234375,699191
2017-09-06,1051.8766877378937,1060.6277417124186,1050.3890512919802,1055.7271728515625,670064
2017-09-07,1058.0025898599083,1069.16018541054,1053.364487803217,1057.7838134765625,781792
2017-09-08,1059.0961399075034,1066.1844711418858,1051.9640106804134,1056.7333984375,663219
2017-09-11,1055.3770301481345,1078.129768774877,1055.3770301481345,1067.541015625,794869
2017-09-12,1071.1290247404809,1098.2572925239408,1070.2539193281114,1093.706787109375,1164498
2017-09-13,1093.8819492842451,1101.7578993190916,1089.68139986923,1094.7132568359375,848136
2017-09-14,1104.470496000587,1104.470496000587,1076.4671234027778,1092.000244140625,1239363
2017-09-15,1086.9686585475556,1099.832775129696,1081.2804720734948,1090.381591796875,1333125
2017-09-18,1093.88175091573,1125.3417473423103,1090.3813293127996,1120.1787109375,781532
2017-09-19,1126.7858950441043,1126.7858950441043,1114.4907260496332,1119.5225830078125,563558
2017-09-20,1120.135036802356,1121.316407859103,1098.3448885496798,1102.0640869140625,1179496
2017-09-21,1103.507991346383,1104.2956076297492,1092.131620301575,1099.7449951171875,913615
2017-09-22,1095.8071586111969,1095.850956619724,1079.967769063867,1084.4307861328125,1208698
2017-09-25,1085.0434240330555,1101.7579191541497,1082.9431492877366,1091.387939453125,1271436
2017-09-26,1103.5956856627506,1103.5956856627506,1051.0456568171037,1065.309814453125,1751337
2017-09-27,1065.0035682713562,1065.4411210931603,1039.6255046067142,1055.2899169921875,2299025
2017-09-28,1055.2018535881562,1061.4587700756215,1043.2566466881892,1052.5765380859375,3007522
2017-09-29,1058.702434440575,1058.702434440575,1022.9980954785528,1027.2861328125,2274339
2017-10-03,1029.5615075516698,1042.9943541348734,1024.7484278308589,1038.1812744140625,1970990
2017-10-04,1042.3380247557836,1054.0644585276943,1031.4866963873826,1047.938720703125,2448425
2017-10-05,1053.933311245545,1054.0645984383757,1035.424808139716,1039.319091796875,2305862
2017-10-06,1044.00084143883,1060.2777820611775,1043.2570231430034,1056.514892578125,508700
2017-10-09,1065.4405067661116,1070.5598504645516,1054.5454905149609,1067.8470458984375,720819
2017-10-10,1071.2167066599875,1076.6861164714044,1054.5022116411794,1058.1776123046875,802675
2017-10-11,1063.2531268458868,1068.066206843955,1048.9013760322237,1065.9222412109375,1096016
2017-10-12,1067.6724429960504,1089.5062811618654,1064.34699956877,1086.005859375,982442
2017-10-13,1083.3805200375302,1096.5071014596328,1077.42976039642,1092.6566162109375,840717
2017-10-16,1093.881741471608,1126.698193715756,1093.8379434721935,1121.2725830078125,1276141
2017-10-17,1124.5105086718331,1127.7046649446131,1112.2590323127629,1122.0164794921875,654497
2017-10-18,1117.5095229237616,1122.4100914793023,1102.6327320939229,1106.08935546875,697765
2017-10-19,1107.00830712919,1111.3838340348389,1097.1195735926683,1100.6199951171875,67835
2017-10-23,1107.8833742366637,1118.034574942202,1083.9054662571864,1093.837890625,791883
2017-10-24,1098.1697446510343,1114.8842357690366,1097.3821284571209,1111.4276123046875,1055569
2017-10-25,1121.0100259883288,1123.1103003292974,1107.095828656851,1113.52783203125,1332232
2017-10-26,1124.510560994427,1124.510560994427,1096.9447379039025,1114.621826171875,2321903
2017-10-27,1114.6215282075686,1114.6215282075686,1090.3811552075824,1102.763916015625,875032
2017-10-30,1102.632816006542,1110.9025193968348,1076.379653720672,1080.0550537109375,1063165
2017-10-31,1086.005959343763,1093.794419901359,1076.7735533012878,1082.8992919921875,722440
2017-11-01,1091.0463029270568,1112.4497738885198,1090.4297862818585,1108.0457763671875,1243886
2017-11-02,1110.688163397824,1110.7322463803698,1090.4738579916705,1093.5125732421875,762274
2017-11-03,1096.5954964081093,1096.5954964081093,1085.1451016664987,1091.7510986328125,656886
2017-11-06,1091.3108347490086,1100.559231653661,1087.74355293513,1092.7200927734375,532305
2017-11-07,1087.875749090941,1102.9374033033164,1080.1687512829053,1087.0830078125,949224
2017-11-08,1092.49997629245,1099.1500575824805,1082.1505789658029,1088.052001953125,872203
2017-11-09,1100.5592146228717,1132.7524863577326,1093.2485341750023,1103.553955078125,1417669
2017-11-10,1105.0952901006683,1144.378932550396,1095.979035328332,1136.8040771484375,1933002
2017-11-13,1140.6357959957504,1158.2517928451057,1117.9552000522056,1126.9833984375,1413270
2017-11-14,1132.7963587154077,1135.3506990923593,1126.7629028812262,1130.858642578125,1131348
2017-11-15,1130.8586826000403,1131.8275407029705,1108.5304331647783,1114.2115478515625,1195740
2017-11-16,1118.6152578997137,1133.5888479660878,1097.6082133398984,1124.3404541015625,911479
2017-11-17,1129.18524688879,1142.749584150948,1119.7607328437732,1125.794189453125,1134503
2017-11-20,1127.423622008631,1128.4365631729283,1115.2245676025143,1122.5792236328125,707096
2017-11-21,1123.0198634352985,1131.827862364203,1120.377463756627,1125.0897216796875,828746
2017-11-22,1123.0197671377423,1124.7813667724683,1113.022710714575,1119.0120849609375,646368
2017-11-23,1123.0199400772003,1123.9007400302023,1111.569540688178,1116.4139404296875,891839
2017-11-24,1118.0871633276322,1118.6156216449826,1103.6420267095775,1115.04833984375,971523
2017-11-27,1110.688416193208,1115.8851559013417,1101.4841023816407,1110.0718994140625,763155
2017-11-28,1112.4498234055543,1121.213735855314,1111.921365183366,1116.7216796875,975006
2017-11-29,1116.7219120337595,1128.3925084129637,1112.890454726373,1124.0325927734375,819468
2017-11-30,1121.2580424236205,1124.0325830427078,1108.0460466370105,1120.7735595703125,2308732
2017-12-01,1120.773450348769,1126.3225310461753,1096.8157433315737,1101.43994140625,470360
2017-12-04,1106.857175020651,1122.1390312181888,1093.2487525557858,1117.3826904296875,833814
2017-12-05,1122.1388732280927,1122.1388732280927,1105.4036781014572,1110.6884765625,862459
2017-12-06,1108.266242141532,1129.449518309278,1105.9321013913184,1123.548095703125,1516859
2017-12-07,1124.9573014783327,1144.0266359387958,1120.4212691693851,1137.9490966796875,1407824
2017-12-08,1141.868748620604,1172.3443966309276,1137.3766916700945,1168.512939453125,1267860
2017-12-11,1170.582815952401,1170.582815952401,1155.3009624700142,1166.222900390625,597953
2017-12-12,1161.8628750737216,1166.1788151533394,1152.658561119018,1157.943359375,873443
2017-12-13,1162.127233848963,1177.6292882411312,1150.5006124152098,1158.2957763671875,917877
2017-12-14,1157.370641996936,1168.6888950361608,1148.7828461373697,1164.064697265625,834383
2017-12-15,1169.9662066630162,1175.8675212525186,1154.3759884987624,1166.6632080078125,1420357
2017-12-18,1162.6554873756336,1184.6754776668386,1145.8762117659417,1173.0048828125,918171
2017-12-19,1174.1944158629065,1190.8415567623808,1168.3811575778832,1188.815673828125,1227087
2017-12-20,1185.732581347549,1204.8899759246765,1174.5464675218084,1200.2218017578125,1198943
2017-12-21,1202.2913869023878,1202.4235283389096,1184.763454336692,1187.714111328125,557871
2017-12-22,1181.4165762505145,1197.4470863665683,1181.4165762505145,1194.8046875,561400
2017-12-26,1189.4318880949254,1192.5146869197688,1180.271550082921,1187.406005859375,913529
2017-12-27,1189.7841933714922,1201.4107055789775,1182.6056548217966,1191.2374267578125,569851
2017-12-28,1196.1262566618218,1217.9701370519658,1188.0229406406977,1193.04345703125,2608574
2017-12-29,1197.0069451168615,1211.011683638687,1189.0797468048297,1204.802001953125,799006
2018-01-01,1204.0532232917965,1204.0532232917965,1180.315713726286,1184.2352294921875,746852
2018-01-02,1184.6755917095415,1188.9034732602431,1170.186479710929,1179.0384521484375,695988
2018-01-03,1184.4112777245766,1195.0690397875123,1175.8675639010323,1189.3878173828125,832810
2018-01-04,1189.167782373317,1194.4966641437725,1181.548842638516,1191.0615234375,640189
2018-01-05,1189.9605171774897,1200.4860316680372,1187.5383177531828,1194.8489990234375,568451
2018-01-08,1187.846499220176,1207.5764347565682,1187.846499220176,1205.286376953125,801796
2018-01-09,1210.2188284012311,1211.8923693912752,1194.3644332693375,1199.03271484375,708386
2018-01-10,1199.076836175954,1206.6957762672369,1193.4837787168658,1202.9964599609375,939525
2018-01-11,1195.2453595971845,1218.058096512705,1195.2453595971845,1214.314697265625,629248
2018-01-12,1216.2082307807225,1219.3790880977847,1195.2451555676855,1210.21875,872539
2018-01-15,1211.627986669599,1211.627986669599,1201.4107321522606,1204.229248046875,1324592
2018-01-16,1206.078782086823,1223.8708887390048,1201.190301919984,1217.264892578125,896453
2018-01-17,1223.430965550211,1225.1925652126304,1203.3927693901917,1207.752685546875,1409691
2018-01-18,1233.119392047631,1239.19693055519,1189.6078719957688,1195.200927734375,2465412
2018-01-19,1207.0479544931236,1209.2058707934275,1189.1237017440087,1200.0455322265625,1491194
2018-01-22,1200.5299944266178,1202.291593831499,1185.9527163434268,1193.5716552734375,1014403
2018-01-23,1198.5041700171432,1208.7655085503227,1189.1237387484662,1205.2423095703125,1284895
2018-01-24,1204.9342529969963,1208.457452567163,1175.9119395455557,1203.0845947265625,1819330
2018-01-25,1205.7267404833228,1213.74199631357,1197.491284726313,1209.1177978515625,2125894
2018-01-29,1206.6954607457428,1233.1194489372554,1204.229178840075,1230.7413330078125,1406390
2018-01-30,1230.7416493214787,1241.9277641897097,1224.39982601391,1233.3399658203125,1310365
2018-01-31,1233.119454363032,1233.119454363032,1200.1775274354372,1206.1229248046875,1491912
2018-02-01,1209.3380303882748,1219.731510219513,1189.9604363106769,1207.796630859375,1563429
2018-02-02,1190.8411899160417,1213.6539235640423,1190.8411899160417,1208.63330078125,1699619
2018-02-05,1190.929224706182,1199.1646802025527,1181.372569691051,1194.1441650390625,1585136
2018-02-06,1145.039787637165,1187.7585797143977,1144.1589878005211,1167.3680419921875,1540401
2018-02-07,1164.4172184931615,1171.4636161844967,1151.249305815277,1156.1817626953125,1561287
2018-02-08,1167.676095949355,1178.1136582013842,1149.6637854520802,1171.0672607421875,1146084
2018-02-09,1161.7746254560066,1180.271416308604,1155.43291160005,1174.14990234375,810004
2018-02-12,1180.2715246255266,1188.9914626173293,1174.23806855951,1184.1910400390625,1166428
2018-02-14,1188.9034888480312,1191.898121839589,1173.2252110380723,1188.5511474609375,857401
2018-02-15,1191.7220385827206,1201.807152516364,1179.170642389222,1196.2581787109375,844856
2018-02-16,1201.4109829698325,1201.4109829698325,1187.3181855156406,1190.929443359375,1091144
2018-02-19,1197.006852988292,1197.006852988292,1170.4067437074634,1176.660400390625,495950
2018-02-20,1173.3573306537824,1183.222244191778,1169.5698489721535,1173.049072265625,688130
2018-02-21,1179.390927293119,1179.390927293119,1165.298130551752,1171.9921875,1406451
2018-02-22,1171.5517326017834,1174.8107562069292,1156.710278234185,1168.3367919921875,2173259
2018-02-23,1168.3808333514005,1172.8728904378456,1162.8317520849405,1165.43017578125,896708
2018-02-26,1159.3524414153162,1178.8621735192874,1159.3524414153162,1174.3701171875,1109668
2018-02-27,1180.2716890710824,1191.281686170626,1175.0749489361972,1185.86474609375,1316559
2018-02-28,1178.86223981814,1178.9502982767592,1154.7283085848571,1160.6737060546875,1862621
2018-03-01,1162.6555273031904,1170.5827240802575,1157.5909293622865,1166.39892578125,961945
2018-03-05,1162.6554047352856,1163.492121299085,1139.5344165729362,1144.8192138671875,842790
2018-03-06,1145.0396520863812,1151.9979914760363,1135.526971968941,1139.0501708984375,738512
2018-03-07,1138.917983414535,1151.7335532811887,1137.2003596562622,1139.62255859375,917890
2018-03-08,1145.0398051255088,1149.9282873013497,1131.123124486178,1139.00634765625,739272
2018-03-09,1140.6357186321293,1147.6821168939496,1132.7965790619537,1145.7003173828125,852176
2018-03-12,1149.443788656292,1169.658101931753,1139.7990734374405,1166.3551025390625,874857
2018-03-13,1166.971471601726,1172.740644766945,1157.106451062336,1163.1400146484375,1067772
2018-03-14,1160.365448641066,1167.0595042938735,1154.8604509793026,1159.925048828125,760665
2018-03-15,1157.2828266374363,1162.655683671716,1139.975089842514,1144.99560546875,536838
2018-03-16,1147.6819507233029,1154.4640650605338,1128.3924167705636,1144.2908935546875,3646692
2018-03-19,1152.0858288340066,1161.0699413721688,1147.9020309081952,1153.3189697265625,1244199
2018-03-20,1150.324528654757,1163.0961256421183,1150.324528654757,1156.7103271484375,1249242
2018-03-21,1156.7100497151678,1165.3859040838736,1149.4434531721256,1158.7799072265625,1698614
2018-03-22,1156.0498363447298,1163.096235347212,1153.011119782716,1155.477294921875,950972
2018-03-23,1136.2315821912111,1157.3707744180242,1130.770667207081,1146.492919921875,1301609
2018-03-26,1147.6820381418324,1171.3755721752907,1143.27803953039,1166.443115234375,1032138
2018-03-27,1179.390724360152,1180.2715240049315,1163.6684722047305,1173.9298095703125,1040328
2018-03-28,1167.9844116767165,1179.743065427696,1164.5932470295695,1174.4141845703125,1337677
2018-04-02,1158.2515390904125,1198.3720061328604,1158.2515390904125,1190.224609375,708747
2018-04-03,1186.5253274679037,1193.9240669076387,1179.082612552156,1187.67041015625,979726
2018-04-04,1187.3178443251625,1197.887439378502,1179.875130816228,1195.641357421875,912607
2018-04-05,1215.5036897523992,1218.8507719058955,1200.2658106339336,1217.44140625,588716
2018-04-06,1217.221339118785,1217.221339118785,1200.045741628667,1210.9237060546875,633937
2018-04-09,1204.890011051032,1229.9488291999096,1204.4936941594758,1225.720947265625,923543
2018-04-10,1232.0626934749207,1235.5858923610149,1221.669213753144,1225.6328125,969036
2018-04-11,1226.9540180029778,1251.1760104617588,1220.3921030537615,1241.178955078125,1015714
2018-04-12,1240.1660546805876,1247.2124527185454,1230.5653158499697,1244.349853515625,510556
2018-04-13,1243.689225983118,1245.318683989182,1232.4149463658398,1242.412109375,534981
2018-04-16,1240.9587107602667,1253.5540818766249,1237.3914289906777,1250.295166015625,325041
2018-04-17,1251.176155675765,1277.600150515802,1250.559638803968,1273.240234375,1176082
2018-04-18,1277.60009765625,1282.5766379824593,1268.351699844881,1277.60009765625,765225
2018-04-19,1278.392346553088,1292.9255375158216,1275.705865215827,1280.8585205078125,682820
2018-04-20,1270.1130945896025,1296.6692255261469,1269.408411862201,1292.8377685546875,674146
2018-04-23,1295.6565055262918,1295.6565055262918,1277.1597097301992,1279.5819091796875,395622
2018-04-24,1289.4906365092968,1294.5552342961332,1273.371960545137,1285.6591796875,1218174
2018-04-25,1285.0869445662563,1288.6101438659582,1276.323029316052,1285.2630615234375,504777
2018-04-26,1288.6098424075335,1319.9662873354262,1285.8353021041944,1313.492431640625,1321586
2018-04-27,1313.4928865747745,1318.9978860993965,1294.6878297025708,1298.2550048828125,818770
2018-04-30,1299.179326132083,1333.1341915279354,1298.78300934546,1329.0384521484375,612159
2018-05-02,1331.7692374675055,1333.5308369879654,1290.0633903245234,1296.4931640625,1047583
2018-05-03,1290.9002739967104,1293.850932071087,1269.7610770179886,1279.0975341796875,1243694
2018-05-04,1281.5634346295196,1295.6562284123872,1275.0895789894116,1289.666748046875,586841
2018-05-07,1296.889461823056,1322.961110676022,1290.3715227299415,1319.349853515625,887065
2018-05-08,1315.9144108484893,1325.4270881515663,1302.262019035804,1317.7200927734375,906975
2018-05-09,1318.4691328597678,1330.8883875066583,1309.0885942632503,1317.6763916015625,759263
2018-05-10,1315.9148360636352,1327.2330914294923,1303.583639474016,1309.308837890625,932116
2018-05-11,1311.5107372126658,1326.4843319289955,1308.0755969209033,1324.810791015625,591179
2018-05-14,1334.411652451449,1339.872568021337,1315.9589402652848,1324.3265380859375,1479249
2018-05-15,1347.6235242017383,1358.545461849494,1330.4479302658335,1334.8519287109375,3239290
2018-05-16,1329.1268744920037,1393.7776001627126,1327.012933505809,1386.4669189453125,2420630
2018-05-17,1386.4669400480727,1406.1088185444778,1374.267884353896,1382.6795654296875,2082393
2018-05-18,1376.9543156510529,1420.289621081842,1376.9543156510529,1414.3883056640625,2041908
2018-05-21,1420.7298111913728,1426.3669503590177,1385.5419087824932,1390.474365234375,1510806
2018-05-22,1379.1124284757009,1399.546942926387,1372.4623462949785,1386.643310546875,1137466
2018-05-23,1380.2132706413538,1397.2127495926009,1374.928471902459,1381.18212890625,891664
2018-05-24,1382.9436773071673,1384.3089599386587,1365.2837066866075,1375.0164794921875,915840
2018-05-25,1379.332490015915,1401.572685017768,1371.6695747458516,1387.9202880859375,968884
2018-05-28,1396.0676912804463,1396.6842081363002,1388.140493033428,1394.1739501953125,563972
2018-05-29,1387.744252317066,1407.3420490592391,1377.3066880365225,1385.23388671875,944652
2018-05-30,1382.4148969499663,1404.699168624743,1371.4049025492818,1396.77197265625,1089156
2018-05-31,1404.8755120635576,1424.825646638453,1391.3992337362788,1419.3646240234375,3315162
2018-06-01,1420.729829049316,1430.770966517976,1392.6322988370034,1399.45849609375,1444570
2018-06-04,1400.4714403719458,1400.4714403719458,1372.2858516349006,1376.865966796875,857157
2018-06-05,1377.570832726028,1385.498030612559,1362.641319714196,1376.513916015625,1531015
2018-06-06,1375.01644989611,1390.7827867148903,1371.8015093475556,1383.8685302734375,1085135
2018-06-07,1387.2595887691507,1415.1808974845142,1387.2595887691507,1411.966064453125,1479204
2018-06-08,1409.1911674508287,1410.3802252937862,1392.9844348491008,1405.4036865234375,760059
2018-06-11,1405.75635531318,1424.2531494620378,1395.539100049139,1410.5126953125,905198
2018-06-12,1413.5075356047582,1448.915643894562,1400.8239972181327,1443.1463623046875,1707972
2018-06-13,1448.0346682107422,1448.6952679681376,1426.4550761358255,1427.952392578125,845842
2018-06-14,1424.9576064339606,1448.0345124691685,1407.7820145889796,1417.7349853515625,1348038
2018-06-15,1400.471455063324,1434.7345832351234,1400.471455063324,1428.04052734375,2101892
2018-06-18,1435.659576387516,1443.6308575041728,1412.3624649224778,1416.810546875,846403
2018-06-19,1412.4505805063163,1419.8493205540483,1400.2074414120289,1410.1605224609375,1118708
2018-06-20,1406.6370928282092,1424.7815447822074,1406.6370928282092,1411.3934326171875,1535703
2018-06-21,1414.588602388532,1429.231458059429,1409.2639275991144,1414.1004638671875,1185462
2018-06-22,1412.8134651580383,1429.4086553674747,1403.0515630746595,1427.101318359375,1098709
2018-06-25,1434.1120951827215,1445.648888027632,1426.4800846591638,1433.3577880859375,1082199
2018-06-26,1433.224950878319,1447.24663769291,1432.559366535806,1439.2152099609375,759142
2018-06-27,1445.6487713399274,1470.1866619609884,1418.448544123397,1428.1661376953125,2251405
2018-06-28,1428.7874965878957,1438.105675913469,1416.3632574871317,1422.353515625,1177218
2018-06-29,1424.749761778418,1459.84828515815,1424.749761778418,1456.431640625,1722592
2018-07-02,1456.2096127333805,1462.2885938698412,1442.143620615382,1458.4725341796875,1099574
2018-07-03,1459.848136286769,1474.1359899970385,1450.9736795312265,1458.5169677734375,1381265
2018-07-04,1457.1858546728165,1493.038682994746,1455.1003789221134,1487.3590087890625,1244751
2018-07-05,1490.0211682794218,1501.8685454200177,1480.6142665484558,1498.0081787109375,1449303
2018-07-06,1498.8958948939946,1506.57232241618,1484.1643168826847,1489.4002685546875,1458899
2018-07-09,1492.683626496162,1505.1078659557022,1485.5840610907107,1501.4693603515625,773248
2018-07-10,1502.6672625403187,1507.6369362352918,1489.222440031121,1497.1207275390625,1093651
2018-07-11,1495.3456860118429,1527.2937244073482,1490.065428553775,1524.7645263671875,1158397
2018-07-12,1526.4065774134997,1552.49750220521,1524.8535474655496,1546.240966796875,1471465
2018-07-13,1545.930096753321,1553.0740765258429,1529.956077383884,1546.5069580078125,976456
2018-07-16,1552.8520414168115,1578.7654043847028,1547.5716761619938,1554.1387939453125,2218046
2018-07-17,1568.1162617956422,1579.6530537613146,1489.311054882439,1492.4171142578125,6188478
2018-07-18,1502.445467264734,1508.3913097154596,1443.8740550736693,1458.73876953125,2372869
2018-07-19,1465.971047532502,1482.0337872733296,1458.6496231342956,1462.0218505859375,1457149
2018-07-20,1469.5212222538833,1483.320936631679,1445.4714676437345,1469.476806640625,1734748
2018-07-23,1481.1023445938697,1511.275496090014,1473.64788794767,1499.4725341796875,1382893
2018-07-24,1508.657514211102,1517.2656931657668,1475.333888726664,1480.1705322265625,1084438
2018-07-25,1482.9215116558155,1490.420383208906,1453.857669940239,1466.903076171875,1526620
2018-07-26,1468.7223566416646,1490.5979106892153,1459.8923169234615,1481.9896240234375,2088548
2018-07-27,1482.0341181740694,1486.293900289149,1456.6975035400474,1472.272216796875,1030665
2018-07-30,1478.7061629895695,1501.557886138546,1465.1726182120208,1498.6292724609375,1237254
2018-07-31,1499.782869016403,1541.8921139295644,1492.4170281617155,1536.7449951171875,1877744
2018-08-01,1537.8990295724443,1546.8179024628455,1525.1642050536648,1539.09716796875,1191134
2018-08-02,1546.1521951153445,1561.68249410488,1543.2679967315737,1551.69873046875,1127209
2018-08-03,1556.5793968023254,1568.4267724835595,1550.2785554597542,1564.56640625,758933
2018-08-06,1561.904333506554,1561.904333506554,1522.0136951393608,1535.5472412109375,1629015
2018-08-07,1535.9909015887822,1545.9302490656246,1529.9562281223518,1535.3253173828125,863577
2018-08-08,1533.5059400511568,1564.56653490173,1527.6044053633964,1559.375,1423256
2018-08-09,1563.23547650637,1566.3415362099024,1542.557950004834,1556.757080078125,939345
2018-08-10,1553.0297215832882,1565.0989594677271,1545.486434364169,1555.42578125,730724
2018-08-13,1543.2679709059105,1558.7982696355557,1531.5093161534644,1534.2603759765625,691024
2018-08-14,1534.3932144232836,1561.2828554403854,1534.3932144232836,1547.9267578125,850399
2018-08-16,1545.0428049866011,1554.7602910710698,1535.8133489885354,1541.8480224609375,638454
2018-08-17,1545.1316273579127,1587.2852964915887,1536.8340320472273,1583.86865234375,1420289
2018-08-20,1588.5276376255188,1605.0785198736355,1573.6185080853318,1576.9908447265625,924623
2018-08-21,1576.9907064963,1576.9907064963,1553.0296771910664,1555.248291015625,1169476
2018-08-23,1566.297136945461,1582.7592968783244,1559.6857102683796,1573.263671875,1375102
2018-08-24,1573.6629279555175,1587.640196313222,1563.9010262453749,1580.4962158203125,866648
2018-08-27,1589.4150030219605,1595.6271219617447,1578.4993792668938,1590.5687255859375,627163
2018-08-28,1587.6402031886323,1589.3706788033462,1568.8707067894222,1571.8436279296875,991764
2018-08-29,1575.2159181469478,1579.1207003989289,1554.1390854393478,1558.2213134765625,777922
2018-08-30,1557.4669795272896,1579.4756730546226,1557.4669795272896,1573.307861328125,1586926
2018-08-31,1576.990761716429,1588.4831383977605,1566.3414149856485,1579.7418212890625,1335542
2018-09-03,1589.859015396694,1589.859015396694,1504.9748101845194,1507.8590087890625,1744229
2018-09-04,1505.9952739891603,1506.838304027678,1441.0786027694965,1465.3502197265625,3852609
2018-09-05,1458.07323537311,1462.1111565027084,1416.363288895608,1430.296142578125,2693195
2018-09-06,1440.723466920017,1452.304674937893,1418.7148817880352,1427.544921875,2008264
2018-09-07,1430.473500306919,1459.5816492791944,1420.8003221687882,1454.3013916015625,1571003
2018-09-10,1448.9322821938788,1455.7656778143387,1423.4626386623345,1429.0535888671875,1423511
2018-09-11,1431.4496200291544,1441.2115207237116,1398.6585514829198,1411.615234375,2381214
2018-09-12,1419.8685365521494,1452.6597162896485,1408.8198822254262,1443.7408447265625,1789295
2018-09-14,1453.5469262064628,1463.3975490487685,1431.0057900795266,1445.9149169921875,1920969
2018-09-17,1437.6617655042494,1442.9864387098207,1415.4756271477024,1424.7493896484375,904395
2018-09-18,1439.4365076723311,1482.8769187485182,1435.886725902486,1477.55224609375,2932792
2018-09-19,1482.921518222391,1489.5773598661178,1452.8815079365204,1461.7115478515625,1589108
2018-09-21,1465.1727662669434,1470.4087172613677,1425.5039890952337,1438.815673828125,3032792
2018-09-24,1439.480861441729,1454.9667404151642,1388.0533352617929,1411.4375,1817390
2018-09-25,1419.9128542881572,1455.4106756453612,1399.546022616763,1447.29052734375,1229970
2018-09-26,1459.3155690928656,1463.3977971945087,1418.1380715080809,1429.4530029296875,980726
2018-09-27,1428.7873100520433,1442.0989930649505,1422.7526370872238,1437.75048828125,1572603
2018-09-28,1437.7505011513356,1444.1401740531808,1419.957283029925,1427.367431640625,1735076
2018-10-01,1425.6813095290656,1466.4150828960478,1421.3328045658754,1457.451904296875,1721675
2018-10-03,1457.185621906345,1457.2300375170253,1425.8144427598356,1436.6412353515625,1213562
2018-10-04,1419.912922476372,1422.3978134230092,1386.2787134590612,1396.794921875,1544573
2018-10-05,1383.9716922670607,1397.5939633077328,1356.5495960314572,1383.128662109375,1638027
2018-10-08,1376.428107837715,1393.6445739216954,1364.0925924907478,1383.8382568359375,1998863
2018-10-09,1387.0774589809998,1393.2895781191105,1324.5125448043136,1342.217041015625,1562134
2018-10-10,1342.261597118992,1369.5061362868837,1322.7822076864995,1355.7064208984375,2294071
2018-10-11,1322.2941628216904,1366.6664501647,1310.934813929568,1354.3309326171875,1823960
2018-10-12,1380.4214882405831,1399.9452894243136,1366.7548057458216,1392.9344482421875,1728063
2018-10-15,1375.2741938582374,1413.656210221721,1331.1681975774686,1354.508056640625,3913322
2018-10-16,1362.8501562181625,1382.240929123689,1354.6857000806067,1372.1683349609375,1374834
2018-10-17,1382.7288821143088,1400.211624350728,1372.035228294615,1386.18994140625,1223188
2018-10-19,1376.6054356169514,1407.2667214052192,1369.3728413548913,1400.7440185546875,932433
2018-10-22,1409.2638775935704,1411.0387691270637,1390.2725165190373,1406.5128173828125,614209
2018-10-23,1398.214956929445,1403.93893771107,1373.32206454354,1377.3599853515625,989355
2018-10-24,1386.1899364706342,1411.925857186158,1377.6704809344048,1407.4442138671875,690618
2018-10-25,1404.8114850097147,1420.6535459111903,1385.7564081940843,1402.6248779296875,2397242
2018-10-26,1398.6529673798,1409.7201176653623,1383.3463928720723,1390.7542724609375,1049382
2018-10-29,1391.8251250639614,1391.8251250639614,1358.4006583574378,1385.979248046875,1478828
2018-10-30,1386.8720362069837,1431.2297628291433,1376.6527259922873,1421.8138427734375,1366068
2018-10-31,1421.769388721055,1449.4372173778993,1394.0568909545,1447.3843994140625,1478902
2018-11-01,1449.8833854383822,1449.8833854383822,1413.3351220720451,1434.8446044921875,1037308
2018-11-02,1437.5664546171818,1471.035594545399,1435.3798477214807,1462.3336181640625,1332970
2018-11-05,1459.2544976699423,1469.9646224234832,1436.941737766732,1463.76171875,764645
2018-11-06,1472.642575690777,1476.212618298512,1445.9564854081452,1456.53271484375,656676
2018-11-07,1463.7171767787709,1469.9200809909948,1458.719139916162,1467.1533203125,114827
2018-11-09,1472.6421530558555,1499.4174649295987,1462.1998250047052,1492.8128662109375,1125863
2018-11-12,1492.2773707783615,1501.157805571507,1471.9280903245026,1476.47998046875,805817
2018-11-13,1467.3764601745618,1498.168071772257,1460.6380714117329,1491.4742431640625,673435
2018-11-14,1492.277360827747,1552.5218116984845,1488.7519883934383,1531.1015625,1780843
2018-11-15,1533.1096861346648,1542.6149433529852,1514.2777391412108,1522.6673583984375,997169
2018-11-16,1521.6411378626967,1533.3330033510615,1502.3629333007088,1507.5394287109375,1071547
2018-11-19,1511.2881424633122,1523.5154932938458,1496.7401770672404,1518.5174560546875,910054
2018-11-20,1518.1604155233083,1526.1037810510102,1503.9249161119797,1511.912841796875,740827
2018-11-21,1508.3874339135268,1522.6229329958603,1498.2573524462648,1508.298095703125,932133
2018-11-22,1510.9310419474048,1520.5700899442202,1484.244956301072,1495.0443115234375,808599
2018-11-26,1497.7216307398512,1561.893148159762,1497.7216307398512,1556.5380859375,2314140
2018-11-27,1551.986562504724,1554.307068063159,1525.5236038397672,1546.988525390625,1592918
2018-11-28,1544.935744798763,1560.10842397934,1532.2174696032791,1546.0067138671875,1205956
2018-11-29,1558.2338290610387,1588.6684099563545,1550.7367203927895,1578.404541015625,1936534
2018-11-30,1580.591387933513,1605.0016366737464,1554.976380786439,1565.46337890625,2373749
2018-12-03,1579.2972506764318,1640.7020135815812,1560.152944989579,1629.3670654296875,4310053
2018-12-04,1637.7568208681244,1650.2072991692228,1607.4114628792872,1613.3466796875,3155914
2018-12-05,1609.1962881535785,1655.428371514861,1595.8086318461442,1649.448486328125,2847336
2018-12-06,1642.2191955922149,1648.4667686189243,1604.4214005704275,1607.8575439453125,2399579
2018-12-07,1607.6789271157124,1635.7483338704258,1599.4677665769625,1628.2066650390625,1774240
2018-12-10,1603.66277409625,1619.9064202402606,1597.593659630891,1602.770263671875,1216028
2018-12-11,1589.5611238738556,1624.2798024400197,1579.8327381030138,1601.967041015625,2237806
2018-12-12,1602.948596987888,1646.7262734640742,1602.9039278905473,1641.415771484375,1449484
2018-12-13,1649.3591593947265,1666.7184424656746,1639.5862144486998,1656.09765625,1586900
2018-12-14,1639.5417593241036,1665.290665001091,1635.7485897666038,1660.5604248046875,1573884
2018-12-17,1664.531985958121,1668.5482829751782,1646.726446095446,1651.76904296875,1179613
2018-12-18,1650.162654102553,1650.162654102553,1635.9717156305176,1642.888671875,1521255
2018-12-19,1651.099515073495,1658.284267130174,1644.004101213014,1646.503173828125,1687085
2018-12-20,1641.3263377189248,1655.5172723797048,1625.261153336684,1637.0869140625,1500656
2018-12-21,1635.9716360982118,1644.539714530197,1606.5187915858053,1609.642578125,1439522
2018-12-24,1619.0137602614743,1619.0137602614743,1586.4818018777237,1592.818603515625,1023418
2018-12-26,1570.8184195900642,1605.3139708782546,1554.083848358636,1599.021728515625,2212019
2018-12-27,1608.928810225966,1627.0468189313706,1600.4053993908997,1619.8175048828125,1516851
2018-12-28,1622.495033847104,1637.6677139752596,1620.531445166973,1626.198974609375,963189
2018-12-31,1633.2941018703627,1639.452445683614,1616.559531154478,1624.056640625,757071
2019-01-01,1628.6530505074106,1628.6530505074106,1605.0460846375347,1607.50048828125,807345
2019-01-02,1599.7356725940112,1614.4174251847485,1580.9037248279308,1592.7740478515625,1598707
2019-01-03,1590.989167097208,1609.597988900072,1590.989167097208,1596.165771484375,1182624
2019-01-04,1605.5371590439245,1608.3039198020565,1581.6625031867077,1590.1859130859375,1454134
2019-01-07,1598.9324125941796,1610.0887928104382,1590.855149737998,1593.08642578125,909032
2019-01-08,1599.37881613199,1600.7175818821004,1571.8002198899069,1580.502197265625,1262707
2019-01-09,1586.437275349593,1603.8412285812765,1582.778004408634,1593.131103515625,1324628
2019-01-10,1593.1310574711858,1605.715432269809,1587.7759950931315,1594.2020263671875,1313981
2019-01-11,1602.0563773182682,1602.4134033147209,1569.5244125673814,1579.2081298828125,1113837
2019-01-14,1580.6361192617042,1589.338096767521,1570.90773287565,1574.29931640625,1018068
2019-01-15,1577.4229019071877,1600.6281722947915,1577.4229019071877,1597.459716796875,1614600
2019-01-16,1597.5937959042003,1601.8778898862397,1576.8875958720955,1582.01953125,2054033
2019-01-17,1585.9019667605246,1587.9993446953392,1555.1995830443325,1563.232177734375,1941204
2019-01-18,1561.8932748082664,1578.7170748642527,1541.6333313375078,1556.62744140625,3234056
2019-01-21,1561.0007149243515,1569.0333086546657,1549.442748636454,1559.12646484375,1628067
2019-01-22,1558.3232769581714,1566.3558711692958,1554.0838522356332,1562.07177734375,1776472
2019-01-23,1563.6782698397765,1592.2832726364904,1561.357764516806,1577.244384765625,2321782
2019-01-24,1576.8875624781376,1592.2833682858122,1567.8731194547072,1570.3721923828125,1350870
2019-01-25,1572.6034131047425,1587.5529631441889,1561.893287703348,1567.96240234375,1131790
2019-01-28,1569.8366902409548,1581.1269694961695,1553.1021188989462,1555.645751953125,1289774
2019-01-29,1557.4307183032372,1574.2545183128675,1540.562249191981,1567.873046875,1319822
2019-01-30,1570.8185080949092,1571.4878909818815,1542.3474008458816,1547.0330810546875,1259978
2019-01-31,1549.3088560043016,1584.1167622975013,1548.7287024429431,1573.718994140625,1880257
2019-02-01,1573.7191183590137,1635.5254696684487,1572.1125559005986,1605.8941650390625,2342251
2019-02-04,1606.4296207733169,1627.046590892238,1601.7885009482532,1608.83935546875,1116390
2019-02-05,1610.9814538501223,1637.7120997679103,1610.9367847454707,1625.6632080078125,1278708
2019-02-06,1631.8661858421185,1639.0508298473544,1624.3690760091922,1633.24951171875,859789
2019-02-07,1636.864238407519,1646.6818537960046,1631.82153234999,1641.3714599609375,927434
2019-02-08,1641.4158902862553,1648.4667443882788,1616.3363692946252,1621.959228515625,1222765
2019-02-11,1616.3809241009924,1620.2633223604796,1602.7254720721555,1610.802734375,797453
2019-02-12,1615.444266552313,1617.229287841321,1596.7015430177278,1601.6103515625,990035
2019-02-14,1602.9487268457574,1605.180002913193,1585.9910287332466,1593.17578125,1341658
2019-02-15,1597.5939362290053,1597.5939362290053,1559.6622366258027,1582.2427978515625,1177218
2019-02-18,1584.2953106147083,1584.2953106147083,1548.5056626228568,1563.589111328125,1513430
2019-02-19,1561.8934676173535,1570.4615471356174,1544.4448427280686,1551.138671875,1598381
2019-02-20,1555.3776772680185,1558.278335782252,1536.902757387736,1547.1666259765625,1430235
2019-02-21,1550.2906216159697,1569.033340702864,1549.710468044903,1566.0880126953125,1225418
2019-02-22,1570.8183331789523,1582.4209685944786,1563.6335807458815,1578.4493408203125,1360163
2019-02-25,1581.5285639975923,1584.9201473871324,1569.9259278057364,1579.87744140625,1490746
2019-02-26,1573.8530129722285,1593.934498909398,1572.603476501887,1581.751708984375,2190515
2019-02-27,1587.7760535936825,1587.7760535936825,1542.7489460188235,1549.8443603515625,1491740
2019-02-28,1561.0006035000042,1567.8283294732123,1541.900860203683,1546.4080810546875,1895136
2019-03-01,1548.5057162599428,1561.0008632499366,1544.98034336738,1548.193359375,761115
2019-03-05,1552.7898581900151,1552.7898581900151,1532.886829861686,1539.2236328125,1406843
2019-03-06,1540.5621917331264,1544.0430041102318,1515.4380019862676,1517.0892333984375,2193045
2019-03-07,1522.9352437245716,1535.1180336301056,1517.0893654194122,1522.08740234375,1566441
2019-03-08,1522.6227462707254,1533.332871097952,1512.89436109619,1518.6956787109375,1419614
2019-03-11,1525.0775615761268,1540.4733701714088,1519.9456253776991,1530.611083984375,1427771
2019-03-12,1534.1362107108484,1552.0756486902633,1534.046981457026,1548.3271484375,1861116
2019-03-13,1561.0008792750716,1566.802197579982,1553.950024468527,1559.7513427734375,1744331
2019-03-14,1562.562816848443,1563.4106582758277,1544.221681801607,1550.55859375,867427
2019-03-15,1557.4309363714256,1558.7697022193092,1512.3144837181258,1515.8399658203125,3571762
2019-03-18,1526.1928884184397,1527.0407297768377,1505.575918557681,1515.0811767578125,1621113
2019-03-19,1515.1255104440058,1525.6571758899872,1506.735891574209,1516.9552001953125,1456211
2019-03-20,1521.7303924724456,1531.994263154811,1502.4967477445728,1506.1561279296875,2312268
2019-03-22,1506.1560956059125,1520.7039509784138,1493.7947383684284,1497.67724609375,1636228
2019-03-25,1494.0623651426954,1506.1112551841688,1481.5672199145008,1493.928466796875,2039945
2019-03-26,1499.3283914066387,1509.7261603873717,1494.0625577347323,1502.8092041015625,1452899
2019-03-27,1502.987337021104,1524.2291256251158,1494.9547443648155,1500.13134765625,1520533
2019-03-28,1503.8800551001852,1510.1276280293848,1493.526956035888,1502.8983154296875,1852958
2019-04-01,1526.1927367441754,1536.3227076807143,1504.772487807415,1508.342529296875,1283162
2019-04-02,1511.1541351247986,1514.5902786696286,1499.5068298264828,1505.799072265625,1227869
2019-04-03,1501.2027395827076,1505.3082663078103,1489.287745573807,1491.2066650390625,1233102
2019-04-04,1488.7073044710598,1505.307975644782,1479.7822007272289,1487.4132080078125,1212398
2019-04-05,1490.4923007263371,1491.8310662659117,1472.6420935320098,1480.763916015625,1468074
2019-04-08,1485.9405517578125,1499.194309095899,1478.8004687259524,1485.9405517578125,1647502
2019-04-09,1489.4211986952685,1502.8980821321245,1483.5752127822473,1499.863525390625,1232434
2019-04-10,1503.6123415689883,1521.417990771561,1494.9550336106763,1512.046630859375,1720236
2019-04-11,1519.9453275026394,1531.994218824592,1515.5274442642028,1526.5499267578125,2026954
2019-04-12,1531.9048964980122,1539.3126675653707,1526.3712665613689,1536.590576171875,1437818
2019-04-15,1539.5807385875728,1545.1142605611392,1528.9598409779423,1536.9478759765625,1035378
2019-04-16,1540.4730226407405,1554.753189710411,1531.6818165782802,1551.674072265625,1625738
2019-04-18,1551.6740389691568,1556.6274064457402,1543.3736484584124,1552.87890625,1475552
2019-04-22,1552.9682489489296,1557.430801388438,1544.132373328896,1552.8343505859375,717781
2019-04-23,1554.7530734886818,1560.1081357395035,1546.8097093601582,1556.716552734375,802947
2019-04-24,1557.073904761418,1566.3560363965394,1548.505825155553,1564.2139892578125,1169461
2019-04-25,1567.2483979590843,1573.1389453187824,1541.5440526361788,1547.7916259765625,1704890
2019-04-26,1551.1833682855824,1562.607547143713,1540.6071398370805,1559.5283203125,772993
2019-04-30,1561.8933378928846,1572.603463638436,1557.3861163953518,1568.765625,1171594
2019-05-02,1567.694551693063,1573.049614209521,1535.341048989463,1538.286376953125,793819
2019-05-03,1535.117966099838,1541.365539217686,1501.2025691743763,1511.5111083984375,1442888
2019-05-06,1505.6651598723165,1505.6651598723165,1477.997335357769,1489.5107421875,2373878
2019-05-07,1498.3465970762525,1526.996160923355,1492.723737623976,1515.0364990234375,2212617
2019-05-08,1515.0363859827685,1515.0363859827685,1494.9549022215829,1507.1822509765625,1243338
2019-05-09,1499.506971608543,1528.8705908525542,1496.7402106595057,1520.6148681640625,1204995
2019-05-10,1525.255871490202,1525.3005405976303,1498.0789686326057,1506.06689453125,1000696
2019-05-13,1510.1277515308277,1532.4405138170396,1507.182423329434,1519.0528564453125,1160287
2019-05-14,1517.2677207140491,1526.1928249535435,1499.5959707402396,1515.928955078125,1442817
2019-05-15,1517.267698240706,1519.9452294728956,1487.7701855864752,1491.4295654296875,1235429
2019-05-16,1494.6871930223365,1517.26775077525,1492.455916918255,1506.736083984375,714690
2019-05-17,1508.4319983037187,1554.931774305091,1504.0586749942036,1550.1123046875,1502484
2019-05-20,1570.8182299012694,1585.6785491500823,1548.3715726103198,1581.974609375,1279236
2019-05-21,1582.331644780336,1604.242708828499,1582.331644780336,1593.3541259765625,1337466
2019-05-22,1593.1314461759196,1593.1314461759196,1559.528399765088,1578.2265625,1162653
2019-05-23,1593.9790321027292,1610.8921708975972,1557.4307718948944,1565.3294677734375,1551172
2019-05-24,1565.4633226359012,1570.6399268034766,1541.4547698432984,1561.5362548828125,1603085
2019-05-27,1561.0008149732423,1585.0539286054814,1549.3981788413655,1581.48388671875,1373845
2019-05-28,1584.2058199282585,1594.023433460208,1565.9093583459885,1585.901611328125,2863139
2019-05-29,1584.2060816426497,1597.013585076264,1580.100555277213,1589.42724609375,899619
2019-05-30,1595.8088285519125,1599.3788706739526,1589.5612548383424,1592.4619140625,1038433
2019-05-31,1594.6484424277228,1608.8840500548345,1574.3884979666095,1596.2550048828125,1329926
2019-06-03,1601.1637324095527,1646.6817649362456,1599.378711526153,1641.951416015625,1415582
2019-06-04,1634.1865767701322,1647.1279778423152,1612.8555559716945,1620.44189453125,842283
2019-06-06,1626.288039543291,1651.055206073302,1617.3182653825374,1640.211181640625,1626007
2019-06-07,1635.9715272621363,1646.4585242317655,1619.9063404150452,1633.96337890625,698970
2019-06-10,1642.0408924377882,1664.4874447767552,1637.7567983774038,1653.375732421875,814577
2019-06-11,1655.695992931087,1657.2133259545485,1635.1682540821944,1642.0406494140625,591026
2019-06-12,1640.4342069688923,1654.0449913303046,1626.198708872142,1648.5560302734375,709916
2019-06-13,1648.5116087214406,1649.9841639284066,1627.0913561222128,1647.128173828125,697830
2019-06-14,1644.8968320176657,1654.0450645343128,1621.1114056845754,1627.001953125,632971
2019-06-17,1634.9900330135213,1634.9900330135213,1610.6244523923608,1622.6287841796875,669276
2019-06-18,1615.8899510079536,1622.7176768161,1600.2710202470373,1615.086669921875,995083
2019-06-19,1621.5130722157714,1628.7869454172812,1608.3038736252518,1616.961181640625,600455
2019-06-20,1617.230919519009,1626.6250185421443,1610.4887116833268,1622.669677734375,603514
2019-06-21,1627.1196001602225,1628.917522370344,1582.441277133281,1588.149658203125,2512357
2019-06-24,1590.262069529957,1597.9931124769323,1579.2048049145055,1586.1717529296875,762144
2019-06-25,1590.8912135370492,1590.8912135370492,1568.6869210703462,1578.97998046875,941132
2019-06-26,1575.8786245386143,1586.6661564806927,1569.9455039177612,1583.0703125,1075017
2019-06-27,1589.3629609755444,1606.9376914578324,1582.3960136070148,1595.1163330078125,1235049
2019-06-28,1597.6783202241131,1609.724418689057,1584.643386678889,1606.9825439453125,1008229
2019-07-01,1617.1408353914526,1617.1408353914526,1593.5431110305046,1600.3302001953125,553283
2019-07-02,1603.746710507913,1616.3321667562932,1591.161254259532,1608.4212646484375,763979
2019-07-03,1611.837275624746,1615.298253962537,1597.364023652597,1604.3758544921875,815571
2019-07-04,1600.6452105471744,1616.961266519621,1600.6452105471744,1612.3765869140625,646633
2019-07-05,1618.12972392989,1632.5130992537113,1605.5442705215464,1610.398681640625,1098940
2019-07-08,1604.4208336228085,1604.4208336228085,1572.0132418631988,1576.373291015625,776755
2019-07-09,1574.9796617987718,1578.5755057754814,1549.898628113933,1564.4168701171875,1462668
2019-07-10,1563.2934190065312,1577.586923048249,1531.020692204531,1544.95458984375,648476
2019-07-11,1535.4253680992174,1566.5743882927825,1535.4253680992174,1556.0115966796875,813618
2019-07-12,1552.325810207873,1562.6188691765612,1535.6500407138562,1540.099853515625,1107445
2019-07-15,1541.7180173212655,1550.4378945742196,1530.0315250616875,1543.470947265625,725180
2019-07-16,1549.3591692587245,1573.7209886151268,1539.6953392212822,1565.3607177734375,1259786
2019-07-17,1564.1922095469013,1587.1607080127037,1551.471888884042,1582.8006591796875,1278232
2019-07-18,1587.5651823453125,1587.5651823453125,1536.3244035266923,1563.4281005859375,1006299
2019-07-19,1571.3836871236613,1583.9241480548146,1536.4590773519824,1546.5723876953125,983217
2019-07-22,1548.2806564381551,1550.4380751635958,1491.4213701678302,1510.8837890625,1729722
2019-07-23,1512.9513906615543,1529.6271614110203,1498.837746598092,1522.255615234375,1556691
2019-07-24,1514.7492235949733,1557.000388882192,1508.995851480914,1553.9888916015625,2621818
2019-07-25,1555.202551383015,1573.0918974762717,1553.4046293582946,1561.1806640625,1297267
2019-07-26,1556.1914758888902,1565.9901734334403,1545.5838011759347,1555.7869873046875,771408
2019-07-29,1554.3035853602269,1564.0124081569995,1528.2337160858217,1540.18994140625,688427
2019-07-30,1541.718116024782,1559.1129894390542,1532.7285060188065,1546.123046875,747251
2019-07-31,1545.3138448793284,1575.9235085633998,1529.1775400155668,1552.19091796875,1371879
2019-08-01,1547.1119950136822,1568.4173283891885,1537.2234232849485,1556.371337890625,1072498
2019-08-02,1548.1905037198362,1565.989974418946,1533.6273802288874,1561.899658203125,1051529
2019-08-05,1553.3147583765024,1576.283146447338,1535.1556800478727,1565.2708740234375,1539739
2019-08-06,1556.5509213295634,1582.1713090037722,1553.0000693885938,1567.8778076171875,1409075
2019-08-07,1567.8776475616542,1606.3532170883495,1564.191929903995,1597.67822265625,2507314
2019-08-08,1600.600249001506,1624.4227183070604,1600.600249001506,1620.916748046875,1761732
2019-08-09,1622.6246682072046,1660.0664172629888,1618.9389499109225,1655.3018798828125,1730596
2019-08-13,1652.2903841172592,1652.2903841172592,1620.0626529249398,1640.379150390625,1907934
2019-08-14,1641.5027681129425,1666.8085419344816,1625.9506990878294,1653.2342529296875,1910376
2019-08-16,1652.2902729391085,1660.8753941495572,1632.5581234218191,1643.885009765625,1468390
2019-08-19,1645.233479988897,1658.5830287609022,1628.0183550601594,1636.9180908203125,905742
2019-08-20,1637.9071081620168,1662.8082864936057,1629.8164583412383,1657.1448974609375,1231835
2019-08-21,1656.695279588232,1668.2469067052891,1650.4924266258447,1663.077880859375,1933855
2019-08-22,1663.4824177650305,1690.0467604745177,1655.7963666909156,1682.9449462890625,2543055
2019-08-23,1685.327179988738,1687.6644567041867,1663.6622412544823,1672.0675048828125,1278546
2019-08-26,1678.8094285726552,1693.3725508054586,1663.0776133115994,1686.945068359375,855849
2019-08-27,1693.6426702824765,1698.1374756706996,1655.841313072936,1673.326171875,2510386
2019-08-28,1649.5933554779565,1661.6394542445394,1629.3667339530225,1643.3905029296875,2519453
2019-08-29,1633.411983502942,1657.3693138488836,1630.8049749006414,1647.7503662109375,2837369
2019-08-30,1648.8743733427634,1695.8002076830528,1642.5367635541068,1691.7548828125,1766858
2019-09-03,1674.7643904089457,1686.271135429257,1649.5934816964118,1655.7513427734375,1195923
2019-09-04,1660.380724458823,1671.2132468210352,1633.68163055349,1660.0211181640625,1147464
2019-09-05,1655.8861736949634,1657.639103762764,1634.4459756408287,1644.8739013671875,1059065
2019-09-06,1645.998005499354,1657.1001546978353,1630.8954130016014,1635.3453369140625,631575
2019-09-09,1635.2102157816769,1670.2696981431309,1631.9739778186806,1648.7396240234375,1175372
2019-09-11,1645.9974817101968,1660.875329166928,1633.6817607225078,1639.9744873046875,1055039
2019-09-12,1641.5028280568608,1648.3349098846154,1616.7813999234745,1622.9842529296875,862635
2019-09-13,1623.5235070954318,1640.603765475727,1612.3763691525814,1623.1190185546875,1299932
2019-09-16,1619.028932403978,1640.3792584143025,1618.1299713088065,1632.7830810546875,945889
2019-09-17,1631.389503349401,1655.8861910288451,1628.9173605560627,1646.1773681640625,1424258
2019-09-18,1653.6388593552697,1657.6391921522504,1634.8955433207414,1644.3795166015625,751391
2019-09-19,1645.0987532161512,1657.3246017845645,1625.546350001697,1629.5916748046875,644684
2019-09-20,1638.8057565254553,1790.7301519466305,1627.3440047998934,1770.728271484375,4539742
2019-09-23,1783.5389217428606,1888.4026521095852,1783.5389217428606,1833.656005859375,3783357
2019-09-24,1838.3751208379736,1858.9612385584476,1806.1024011703507,1843.2744140625,1784798
2019-09-25,1834.7792938403493,1854.061962269572,1808.5745602735376,1844.2183837890625,1874109
2019-09-26,1847.364641851984,1865.3438597775505,1813.159135854018,1828.8460693359373,3907951
2019-09-27,1821.295115311796,1838.0607610994452,1802.86641350336,1807.7208251953125,1458672
2019-09-30,1805.023905761012,1814.0135162187723,1772.2118275901862,1781.69580078125,2169407
2019-10-01,1788.033333235201,1815.8112485947413,1782.6395675240844,1789.2020263671875,1080409
2019-10-03,1784.212519428407,1784.7069917828285,1760.4799314083612,1763.80615234375,1423468
2019-10-04,1767.3572808896856,1777.5155838249834,1743.1752086596227,1747.7598876953125,1723988
2019-10-07,1747.5352792310418,1764.6155390830888,1732.8822800419484,1744.0294189453125,880275
2019-10-09,1752.9740695835874,1764.3908311678308,1745.1081602969944,1751.1761474609375,1066739
2019-10-10,1751.1761478174603,1782.1903044394842,1740.0290087074704,1769.82958984375,1492290
2019-10-11,1785.2016623234058,1813.114444993122,1775.8974380123166,1802.1021728515625,1934337
2019-10-14,1818.0588543290712,1826.1943860114527,1803.540611385456,1810.7322998046875,2135148
2019-10-15,1842.8702336460424,1867.4119152862547,1821.115419172708,1855.815185546875,5761733
2019-10-16,1856.624622248052,1869.839308078827,1845.207858828892,1861.7486572265625,1661705
2019-10-17,1858.601734926085,1895.0096528291117,1853.61245783739,1891.279052734375,2001245
2019-10-18,1887.8181035679515,1902.201479595136,1879.4577223575704,1893.97607421875,2202270
2019-10-22,1905.79733396866,1931.8672031597407,1898.605645915948,1912.40478515625,1737401
2019-10-23,1915.206203705664,1931.471608627182,1895.8233069635896,1927.6763916015625,1535786
2019-10-24,1934.679187034129,1942.8118879604751,1913.940843794673,1927.7664794921875,973453
2019-10-25,1940.5981352597564,1948.68561082955,1924.1068241548924,1938.38427734375,1612038
2019-10-27,1941.0045360694885,1941.0045360694885,1928.805485214303,1933.549560546875,85187
2019-10-29,1929.2574118923228,1955.4175560947867,1907.931574269511,1952.0289306640625,1229516
2019-10-30,1969.9208878103216,1969.9208878103216,1935.582817288857,1960.34228515625,1195298
2019-10-31,1956.3664217460507,1976.472266034203,1951.2157551972064,1965.7191162109373,1752830
2019-11-01,1956.4572055098129,1973.806926594909,1939.5590806133305,1969.333984375,1609685
2019-11-04,1969.3333501997515,1976.1106000516145,1942.6309416606916,1950.1761474609373,1523698
2019-11-05,1945.9747162735475,1966.080561380158,1936.622021427936,1962.827392578125,2167085
2019-11-06,1957.2697600220097,1973.5351596897824,1947.3297935583707,1969.423583984375,1093243
2019-11-07,1978.9572446482596,1978.9572446482596,1922.9319710554776,1932.1942138671875,1970785
2019-11-08,1929.2571213146337,1938.4289111869184,1882.268189085893,1885.3404541015625,1537851
2019-11-11,1880.7323620949533,1897.675489449001,1868.75921876476,1880.777587890625,1050170
2019-11-13,1883.1720027330675,1893.0215185326235,1872.734992856232,1889.4974365234373,868433
2019-11-14,1889.1360635081944,1889.1360635081944,1862.7950176802924,1869.6627197265625,1291198
2019-11-15,1863.5179480945176,1896.7264749910985,1852.945481613432,1859.4063720703125,958290
2019-11-18,1861.3043162869333,1875.3558612505956,1841.6050619820603,1858.0511474609373,1200573
2019-11-19,1861.5302214075807,1861.5302214075807,1834.3759908197612,1841.379150390625,1413218
2019-11-20,1847.0267196945165,1855.0239637468649,1822.6738430267496,1831.213134765625,989673
2019-11-21,1831.6650611290063,1861.4397401262588,1822.628726342973,1851.2286376953125,1397175
2019-11-22,1852.4486973379,1855.340280450039,1814.4960898802456,1832.885009765625,835864
2019-11-25,1827.23732179055,1867.7652631690528,1827.23732179055,1863.6536865234373,862520
2019-11-26,1860.581292057575,1880.2353197905773,1836.4543228253065,1859.9940185546875,3188224
2019-11-27,1863.7893785830825,1897.5399585089403,1857.735078064043,1891.5308837890625,1259986
2019-11-28,1895.7777178224023,1896.1393035640067,1867.8103071763296,1886.0184326171875,1026831
2019-11-29,1883.1720649776544,1883.6238816919008,1835.2794932675704,1839.1651611328125,1298616
2019-12-02,1841.6053484386985,1863.2925556823336,1833.698554131123,1846.30419921875,1600494
2019-12-03,1844.315863598511,1855.2499165424172,1825.4751283075816,1832.9752197265625,1199012
2019-12-04,1831.6650544404984,1854.2558913230896,1827.14688706398,1850.641357421875,1046309
2019-12-05,1850.4607272060348,1850.4607272060348,1831.9362404381827,1841.1080322265625,961085
2019-12-06,1847.026817329604,1851.5449846909776,1827.146880939559,1830.806640625,657658
2019-12-09,1834.3760846380092,1836.2285775161636,1799.3150591931326,1814.6317138671875,964222
2019-12-10,1820.731024949741,1844.857993471374,1817.2068325021228,1830.1739501953125,1610623
2019-12-11,1832.478432000255,1834.3760403254328,1805.4597677685792,1816.7099609375,967708
2019-12-12,1816.303342252176,1838.4423630905733,1809.074274223312,1813.90869140625,955318
2019-12-13,1823.9390173529564,1828.9542274650296,1807.2670231867885,1812.8695068359373,1212988
2019-12-16,1807.266940435498,1817.2069086078932,1778.486236470427,1784.4501953125,1683941
2019-12-17,1788.290706156866,1802.703616436967,1762.0853345153555,1772.341552734375,2189167
2019-12-18,1771.1214973502222,1777.085455841161,1723.5451758829977,1742.7022705078125,3986106
2019-12-19,1745.7296261740294,1776.9049827359047,1744.0579262168592,1763.079345703125,2035095
2019-12-20,1762.0854353988832,1771.031429670736,1745.3229888009462,1755.850341796875,2169685
2019-12-23,1761.4076987693518,1772.9290265412176,1757.0250981096551,1762.4468994140625,807062
2019-12-24,1763.8927233764707,1775.4592771606883,1753.4105960571162,1758.8323974609375,790621
2019-12-26,1762.8081945624117,1765.925685870798,1751.6934589026696,1757.5218505859375,862164
2019-12-27,1759.2838508346342,1766.1062166744011,1747.6269581629815,1761.9947509765625,937907
2019-12-30,1761.995073331842,1765.9258571954092,1741.753659840937,1750.5640869140625,1117498
2019-12-31,1753.0491488214216,1759.0131084003751,1735.0668184809074,1737.6873779296875,706593
2020-01-01,1744.0125532818572,1752.9585464714542,1733.1689519143015,1749.931396484375,543035
2020-01-02,1753.0487841594363,1764.4345428611718,1744.0124502204703,1751.2867431640625,663275
2020-01-03,1751.151287705294,1753.0488958920612,1733.8466850478826,1741.708251953125,1598825
2020-01-06,1741.6180068215251,1743.470499622082,1727.0695295106875,1730.86474609375,683129
2020-01-07,1734.2984182592838,1744.91611080301,1733.168876499313,1735.608642578125,808935
2020-01-08,1725.9397648943532,1749.4794586901126,1722.731822255726,1743.425048828125,1889685
2020-01-09,1754.4496675597493,1759.6455601892274,1744.916290003804,1748.5760498046875,1544334
2020-01-10,1753.8623737653024,1768.8626685869729,1745.503763453972,1765.699951171875,1003336
2020-01-13,1772.0251890687025,1805.3240595199247,1768.4106552817188,1802.6131591796875,2040089
2020-01-14,1803.2006246319752,1820.776251844296,1791.3630480049512,1815.218994140625,1610737
2020-01-15,1817.342415284334,1831.6649832498629,1804.8722296870892,1826.83056640625,1559491
2020-01-16,1827.1468621570773,1856.695632273982,1821.815402664098,1851.7708740234373,2468958
2020-01-17,1856.9666801911933,1865.008929392799,1843.457404669706,1861.7559814453125,994719
2020-01-20,1861.9366759359264,1875.8525424633035,1852.4485249544523,1864.060302734375,829399
2020-01-21,1861.259018795527,1875.039429057273,1854.3913162556933,1857.328125,750000
2020-01-22,1864.1958435167676,1864.647660250533,1831.845721256424,1853.9847412109373,983169
2020-01-23,1854.0300913957665,1862.2532447474557,1838.89422979914,1858.6837158203125,708017
2020-01-24,1858.7741107562804,1878.6540477697165,1852.4939020497648,1873.86474609375,914993
2020-01-27,1866.9068858229437,1869.3918780475385,1858.5482756129425,1862.705078125,429312
2020-01-28,1863.292220295732,1866.0031207132329,1845.8520501537464,1862.0272216796875,777052
2020-01-29,1863.337348380309,1884.798642226781,1863.337348380309,1874.31640625,873433
2020-01-30,1874.9491778024424,1877.750530072558,1851.9517479163453,1859.768310546875,952768
2020-01-31,1865.099403189136,1868.9398452741912,1825.384757985233,1838.21630859375,1930834
2020-02-03,1874.9487095780596,1983.9722032925076,1874.9487095780596,1968.9718017578125,4012542
2020-02-04,1967.209858372168,1991.7886420619036,1933.77542348022,1947.8721923828125,1932121
2020-02-05,1958.5352948308648,1973.5357002116384,1946.3362417388971,1952.11962890625,1514368
2020-02-06,1957.2703074084295,1984.6052228281455,1928.3992590465368,1948.5953369140625,1302116
2020-02-07,1956.366738516506,1962.6921736987767,1935.221800581242,1951.8033447265625,908152
2020-02-10,1951.9385269891927,1978.5504855612544,1944.347874327775,1951.215576171875,1389847
2020-02-11,1959.9809157703748,1969.604523584376,1940.7334795287416,1945.2064208984373,777506
2020-02-12,1949.228033507893,2053.055440932844,1947.3303147932568,2042.5281982421875,4753325
2020-02-13,2038.5964956399184,2068.3711654052067,2017.8581578588487,2063.35595703125,2950407
2020-02-14,2053.9588237013604,2076.188294728624,2029.7866290097584,2037.7386474609373,1728651
2020-02-17,2031.3681000146316,2068.4170733689907,2027.0306151089528,2035.52490234375,1420851
2020-02-18,2035.524427287988,2044.8768994253317,2007.9636120785424,2019.078125,1194605
2020-02-19,2033.3560467342484,2085.7667894547644,2025.268571075105,2071.263427734375,1299800
2020-02-20,2062.272183093494,2069.2753422210576,2026.3979798143785,2031.5938720703125,1555224
2020-02-24,2021.247144225949,2044.018660780355,1997.1201776312375,2001.683349609375,1409245
2020-02-25,2024.0484269957387,2060.013081550448,2011.2621022358496,2018.355712890625,2237493
2020-02-26,2023.0548577665277,2038.3261766814076,1990.117458635143,2020.705322265625,2896154
2020-02-27,2025.9012013035892,2041.9406968794576,1987.993817854059,2037.6484375,2446802
2020-02-28,1979.951129318997,2014.5601102709977,1947.3298770085823,1965.1766357421875,3837330
2020-03-02,1978.9572421226787,2025.9009554101224,1935.4473800447504,1951.3511962890625,1707337
2020-03-03,1962.601375353236,1978.5958636935352,1935.3116896538345,1957.8572998046875,1753148
2020-03-04,1969.017377760264,1974.484404505962,1944.619273492468,1966.1710205078125,1515878
2020-03-05,1974.439008487464,2040.9915211459504,1971.592651480404,2004.2589111328125,2272645
2020-03-06,1974.439418178144,2033.17560224294,1951.1708529524744,1977.9635009765625,2479414
2020-03-09,1933.7758145769503,1960.5234561455356,1908.4740749469715,1917.05859375,2485118
2020-03-11,1866.9070524352885,1960.387905976847,1866.9070524352885,1947.3304443359373,2861629
2020-03-12,1899.7989260246493,1918.4138638201268,1835.866968095354,1857.8251953125,3655780
2020-03-13,1780.1578670812046,1915.7028823411947,1706.1502666878869,1837.2674560546875,3667035
2020-03-16,1807.2667005908013,1842.689083799659,1747.5365581976366,1754.765625,2948679
2020-03-17,1767.1004139944548,1886.786618747753,1763.8472453718505,1810.9266357421875,3732382
2020-03-18,1838.0356196895011,1864.9187141921493,1725.352464951455,1738.4100341796875,3910994
2020-03-19,1711.7530130150217,1716.0000464163336,1587.9552213567604,1661.1495361328125,5095006
2020-03-20,1671.721914932632,1878.563527405057,1671.721914932632,1853.9847412109373,4252245
2020-03-23,1762.085248523463,1793.757645446574,1671.7219024453366,1689.5234375,3574673
2020-03-24,1784.6760987607445,1871.379685866418,1744.012592713031,1832.43310546875,5788124
2020-03-25,1816.3487133712435,1932.826993059974,1808.758169272272,1886.92236328125,3959038
2020-03-26,1887.6903137934064,2033.1753020752344,1861.4849432333256,1983.385009765625,3201540
2020-03-27,2023.2352500823192,2049.1242596103634,1916.1546886107897,1934.2725830078125,2918646
2020-03-30,1918.4138064655156,1999.7408166312696,1900.205680768303,1973.851806640625,2809606
2020-03-31,2019.4402961298151,2090.104395423476,1974.4393013403785,2077.001708984375,2809269
2020-04-01,2072.2124962593475,2100.8576368261797,1950.086505299932,1969.6048583984373,2774626
2020-04-03,2018.717194589624,2036.8803157855064,1922.886819900096,1946.5169677734373,4121436
2020-04-07,2006.0659276575225,2222.9379198367137,2006.0659276575225,2209.29296875,8510114
2020-04-08,2197.63662876122,2362.369056692818,2184.4434916753376,2223.70654296875,9791862
2020-04-09,2259.038482971143,2259.083708768047,2119.020518824428,2143.64453125,4770068
2020-04-13,2151.55164025109,2189.504252132881,2091.911821579703,2120.3310546875,3249551
2020-04-15,2192.169585757716,2274.084092679648,2152.0031218946306,2247.83349609375,29485531
2020-04-16,2228.360351989013,2282.713822207514,2187.7872935174028,2201.341796875,5388243
2020-04-17,2257.999046104509,2257.999046104509,2127.198119444967,2155.16552734375,4540936
2020-04-20,2186.7931851900457,2186.7931851900457,2097.333463977726,2111.385009765625,2985268
2020-04-21,2062.9951755518027,2148.840353684708,2062.091542097772,2094.080078125,3227335
2020-04-22,2094.5770778028145,2168.6750195176464,2056.3533393564617,2156.204833984375,2837815
2020-04-23,2158.780701776564,2180.4679084917743,2085.631604916121,2094.1708984375,4095570
2020-04-24,2088.296732166485,2112.6948333211785,2060.2840975073937,2063.08544921875,2169013
2020-04-27,2082.8750890493334,2104.923656844142,2063.221061636395,2096.836181640625,2013715
2020-04-28,2113.282545188565,2113.282545188565,2048.537288604514,2069.275634765625,2164023
2020-04-29,2069.320733886664,2070.856866727955,2006.97002181759,2016.68408203125,3642151
2020-04-30,2053.055240959567,2053.055240959567,1951.8482924615605,1983.4754638671875,8448047
2020-05-04,1924.7394061145528,1951.848411834476,1866.9068605787163,1881.9522705078125,8474573
2020-05-05,1898.7145733890973,1916.606559938407,1837.1771571044897,1844.7677001953125,4304136
2020-05-06,1852.403689208582,1873.232488204991,1807.267234158216,1816.4842529296875,5127656
2020-05-07,1762.1757584612365,1813.5925293620137,1718.711006899128,1800.083251953125,185669922
2020-05-08,1874.994117192368,1895.8229116070584,1839.797639672055,1888.0968017578125,16100226
2020-05-11,1882.2685290575027,1912.5854762766685,1839.7525299217375,1850.641357421875,11158755
2020-05-12,1825.3397608949972,1832.433262161862,1793.712586820084,1817.7041015625,14881008
2020-05-13,1875.039593719173,1875.039593719173,1785.037715282018,1803.4266357421875,8432979
2020-05-14,1796.423501125319,1831.25861867279,1789.781816580412,1812.734130859375,8510002
2020-05-15,1820.821449233713,1841.288769471327,1812.688747971627,1836.2735595703125,5491136
2020-05-18,1844.7676990843368,1850.5057494644063,1796.9654672352872,1812.010986328125,7675561
2020-05-19,1823.5324159991535,1829.6771679656863,1778.4410819663528,1785.1732177734375,5963193
2020-05-20,1785.173252562981,1816.3033833438296,1784.6762100020217,1798.998779296875,3926496
2020-05-21,1806.363393139672,1810.3394026596736,1766.7842011332414,1780.9713134765625,4261625
2020-05-22,1784.6763564747832,1802.79425424173,1769.314585305127,1796.333251953125,5339946
2020-05-26,1811.7399827336017,1825.3397113393307,1784.6762029184051,1787.2064208984375,4628932
2020-05-27,1798.2305180672436,1811.875360740964,1772.0251487084747,1805.5499267578125,4261645
2020-05-28,1807.2670691645749,1820.8215721833087,1798.230733818752,1816.2581787109373,5500796
2020-05-29,1815.3995672907708,1868.713939849335,1807.266866392007,1859.09033203125,8778345
2020-06-01,1875.0394975071847,1936.486575015854,1871.6056461119124,1905.3564453125,6592547
2020-06-02,1917.5099071931936,1920.2208071562377,1888.5936409207231,1904.3167724609373,3268728
2020-06-03,1911.1850445474608,1941.9085866347489,1884.0760368233837,1916.155029296875,4895117
2020-06-04,1911.1846817940364,1926.907815044196,1902.3742559559787,1916.2451171875,3264730
2020-06-05,1919.317462556179,1922.931996383968,1884.075757735232,1886.42529296875,2981853
2020-06-08,1903.955725593192,1919.7693113539324,1877.8408064966245,1908.2027587890625,4298456
2020-06-09,1897.630410383412,1938.113236594322,1893.15746853881,1903.5040283203125,3127904
2020-06-10,1911.9980543289264,1924.7393750571591,1894.015835736998,1915.3416748046875,2421659
2020-06-11,1911.1848761312756,1932.149129467763,1893.699479444614,1903.8653564453125,2566927
2020-06-12,1866.2286757544869,1914.7989657057292,1866.0027674291323,1904.1812744140625,2338438
2020-06-15,1911.049407086924,1926.2754992842963,1858.5934379771984,1883.443359375,2830788
2020-06-16,1906.486142223437,1915.7031604765816,1858.774245802042,1876.2596435546875,2806772
2020-06-17,1875.943264925794,1896.7268367433728,1863.563529313708,1877.9764404296875,2293301
2020-06-18,1870.7471737238336,1883.940310507566,1856.108355769843,1866.3194580078125,2326907
2020-06-19,1891.4755923538107,1910.5814064179904,1871.459977619908,1903.9853515625,4673528
2020-06-22,1919.679080247167,1927.7762159559531,1898.7536684719607,1911.3089599609373,2487234
2020-06-23,1924.2280883515157,1976.0867176829747,1912.036850303756,1961.484375,4308814
2020-06-24,1976.086957059879,1980.5448912736688,1933.3263276944028,1938.1483154296875,3023015
2020-06-25,1923.5914253713263,1992.3722164717133,1921.4988395975288,1977.133056640625,8208033
2020-06-26,1983.319945607422,1983.319945607422,1945.244920465827,1959.892578125,3176048
2020-06-29,1957.299628372618,1997.8310677947331,1946.973302616167,1986.0491943359373,3295039
2020-06-30,1995.9205266127888,2001.5157112473744,1974.267228712729,1983.365234375,2373109
2020-07-01,1986.094802528876,1994.1010926065392,1965.260456663855,1974.6312255859373,1532931
2020-07-02,1972.2202618309632,1981.2271989743108,1951.5222980636215,1957.6634521484373,2588838
2020-07-03,1970.1732243309496,1990.6437380910263,1961.848637582901,1977.633544921875,1946252
2020-07-06,1983.3653647415144,1983.3653647415144,1958.8007478387524,1966.6251220703125,2375516
2020-07-07,1979.2712559832391,1979.2712559832391,1957.5724222698816,1959.846923828125,2014667
2020-07-08,1959.3468846312248,1996.1027442185173,1933.32649565376,1988.869873046875,3349938
2020-07-09,1986.0945846417335,2019.711670269419,1975.2225125807197,1979.589599609375,3039571
2020-07-10,1974.2670451332983,2030.67467499425,1971.947009481295,2023.21435546875,3179516
2020-07-13,2037.0437571348016,2069.79658217136,2033.404554352962,2060.926025390625,4556662
2020-07-14,2060.516432189197,2065.2018164062088,2025.7620938805237,2033.1768798828125,2403256
2020-07-15,2035.4515055187169,2084.3532904875988,2033.4499885112923,2069.932861328125,2474512
2020-07-16,2070.02397155426,2084.6263167114225,2036.133896643636,2081.487548828125,2495150
2020-07-17,2078.8944321758004,2128.933466648303,2075.255229668709,2123.97509765625,3088712
2020-07-20,2123.975322622894,2131.936078950341,2093.0876324962637,2120.699951171875,2816219
2020-07-21,2136.211989053063,2138.031590406601,2099.819961982312,2108.91796875,3037810
2020-07-22,2119.835141287768,2119.835141287768,2039.09034781597,2045.6864013671875,6950011
2020-07-23,2056.1492819913246,2062.6542671994703,2006.610685528265,2011.8875732421875,3936886
2020-07-24,2001.560906470815,2019.7569147114589,1972.492827730235,2010.0220947265625,4203314
2020-07-27,2017.7106835921013,2034.269013394986,1987.6872577963447,2021.1224365234373,2209409
2020-07-28,2029.7195399557384,2042.411213500504,2011.614597436027,2040.2733154296875,1567837
2020-07-29,2033.4044259445773,2058.150958874496,2015.208413184447,2030.0382080078125,2404978
2020-07-30,2038.7185744260785,2044.8859880756247,2001.074553504884,2006.099853515625,2044966
2020-07-31,2007.835241942166,2030.1749341499728,1990.018273924932,2019.1649169921875,1715659
2020-08-03,2019.0740513507403,2031.180454911816,1999.65812111128,2014.2314453125,1683773
2020-08-04,2019.165634586872,2027.3888535172896,1987.3693665111944,2008.110107421875,1981720
2020-08-05,2011.94696590019,2019.1650333622315,1992.8051899256163,2005.1400146484373,1715477
2020-08-06,2010.1192715132545,2036.6162982741107,2002.8554760322652,2028.80419921875,1824483
2020-08-07,2031.1340695967813,2041.9156625782075,2014.687639883447,2019.7586669921875,1777905
2020-08-10,2026.5661305511496,2034.5609247992663,2009.023312357661,2016.287109375,1476289
2020-08-11,2018.3884484747516,2040.2712957250844,2015.601647276998,2019.8502197265625,1665204
2020-08-12,2010.165547242512,2018.388764680142,2000.982909823348,2005.642822265625,1170430
2020-08-13,2010.1196801570568,2025.6524231400888,2001.8507341316947,2008.8861083984373,1453227
2020-08-14,2013.7746449072772,2024.7389351699303,1978.1864307102276,1986.2724609375,1341664
2020-08-17,1992.7597721561735,2013.4547809750145,1981.247178055021,2006.5108642578125,1559579
2020-08-18,2013.7746556827367,2025.4699433059584,2000.069292781085,2023.2314453125,1339001
2020-08-19,2015.6015251442795,2029.763729876708,2000.982475097902,2004.2718505859373,1585107
2020-08-20,1997.3278627602824,2008.109457593927,1988.3279201711985,1997.0537109375,1768939
2020-08-21,2009.206118299964,2018.0688746627388,1998.6529446882623,2011.992919921875,1374411
2020-08-24,2015.6019545269155,2020.7642184466563,2002.0792857394888,2005.0030517578125,1665474
2020-08-25,2005.0027263609152,2008.2006437208129,1987.2772165079436,1991.0234375,1774886
2020-08-26,1993.7647579371392,1997.328062783107,1973.5721022925488,1994.404296875,2148146
2020-08-27,1993.764585569856,1999.1552715259788,1978.1403852165192,1983.8509521484373,2172203
2020-08-28,1990.9319294694003,1994.0383884566647,1959.866447320727,1966.216552734375,1939520
2020-08-31,1966.2624438667417,1980.424650130652,1919.344335822888,1934.6031494140625,3534275
2020-09-01,1964.38933089768,1987.1858698876852,1929.4863897934272,1975.0794677734373,1738003
2020-09-02,1983.6226999778164,1996.4143710048495,1952.1460969572456,1956.8057861328125,1667810
2020-09-03,1967.1760676666104,1968.5008745614537,1944.3795294247327,1954.5213623046875,1590711
2020-09-04,1932.4558012544808,1956.120300798738,1931.5421105683083,1941.2728271484373,1590491
2020-09-07,1942.5065824039489,1986.3637394855048,1922.176962715102,1975.94775390625,2362992
2020-09-08,1968.0897474499288,1983.94237015862,1947.211825943199,1957.3538818359373,1804209
2020-09-09,1938.8517111197823,1959.1356005242903,1927.8874224612352,1948.217041015625,2009898
2020-09-10,1957.1253486374965,1958.587342887423,1935.3794668166124,1949.724365234375,2137794
2020-09-11,1941.59281108892,1981.7952034126436,1941.1359657216049,1972.88671875,1934110
2020-09-14,1979.9678373038137,1982.434757692648,1932.455918734456,1940.2222900390625,2096908
2020-09-15,1952.4658604086997,1952.5573187200223,1926.973975283354,1941.0904541015625,1224058
2020-09-16,1941.5928151242128,1972.612571015568,1930.3543744511,1958.49609375,2087841
2020-09-17,1950.7297432508285,1959.9123798644805,1939.0801862360988,1944.5166015625,1741644
2020-09-18,1937.024401848475,1943.9228116669776,1909.613679180808,1917.562744140625,4475166
2020-09-21,1917.562745201344,1917.8368970419783,1847.574055591422,1861.9190673828125,3483963
2020-09-22,1864.4315327880752,1877.4058956291624,1827.4270608216648,1851.8682861328125,2345687
2020-09-23,1859.3607998220584,1882.2030700901423,1851.0005065970347,1875.3961181640625,2410295
2020-09-24,1867.583983360197,1901.390542745876,1859.406495365848,1883.0252685546875,3798089
2020-09-25,1902.30410769924,1928.801138978432,1892.116545245368,1899.6087646484373,2528873
2020-09-28,1903.2180490001688,1911.7611477132216,1882.203159356864,1885.2183837890625,1523704
2020-09-29,1886.771352128672,1890.65453772022,1849.9953003498924,1857.7159423828125,2298844
2020-09-30,1862.969902513351,1916.0097006428105,1858.4471774475328,1889.7410888671875,2417367
2020-10-01,1909.613553359002,1926.882218274211,1891.3397394512608,1914.1820068359373,2131531
2020-10-05,1918.750474883313,1940.0395128612984,1902.4867357681171,1928.8468017578125,1646110
2020-10-06,1936.1107288380872,1955.298234881315,1926.1058595864968,1933.2781982421875,1679499
2020-10-07,1939.7654130916017,1964.4350627164129,1930.628505823153,1954.704345703125,2428544
2020-10-08,1961.6942443803764,1978.1406795917628,1961.0089762465689,1974.30322265625,1617365
2020-10-09,1964.4350597204063,1979.9220729030017,1938.029486982472,1954.978271484375,2001026
2020-10-12,1960.0494457209213,1962.242437466879,1940.039706569678,1953.8363037109373,1741166
2020-10-13,1953.4247755919607,1967.404286399613,1944.333598726751,1953.6531982421875,1679160
2020-10-14,1948.5367304705635,1978.1402177112511,1947.074736232183,1971.88134765625,2123033
2020-10-15,1973.5719659356607,1991.571628603769,1956.25757131128,1966.7650146484373,2344437
2020-10-16,1984.4447850965355,1984.4447850965355,1958.998632391641,1964.9376220703125,1640399
2020-10-19,1967.6784519914245,1996.4139769776,1966.3536452246203,1989.83544921875,1605969
2020-10-20,1993.7645982702825,2017.885943916752,1948.491178731835,1985.5413818359373,5855290
2020-10-21,2000.9831300699684,2007.1505438270333,1951.6438200134487,1976.450439453125,3954242
2020-10-22,1973.572311484596,1998.47038809939,1967.3591688531465,1991.2523193359373,2632958
2020-10-23,1999.9777552721705,1999.9777552721705,1955.298363209626,1958.816162109375,2805684
2020-10-26,1964.4349391009,1984.536133826584,1957.399565560713,1979.7392578125,1646050
2020-10-27,1970.8311455789035,2000.069252513778,1966.67380763529,1988.830810546875,2334808
2020-10-28,2008.3721534587796,2008.3721534587796,1971.7260132497292,1990.3480224609373,1555483
2020-10-29,1969.794809023619,1986.34770657844,1945.885068111101,1951.4947509765625,1934367
2020-10-30,1947.90821428272,1949.5635489910767,1901.744065713937,1904.77880859375,2414313
2020-11-02,1905.42236328125,1919.814097793291,1890.708677078306,1905.42236328125,1486077
2020-11-03,1923.6307075739385,1923.6307075739385,1878.7539171228243,1890.432861328125,2227402
2020-11-04,1885.190905034567,1917.377091218084,1885.1448798659871,1894.4329833984373,1479878
2020-11-05,1919.21636553262,1942.2064992836097,1895.5825529392075,1933.3323974609373,2083827
2020-11-06,1935.769312018064,1953.1957889504893,1918.2968099143377,1925.79150390625,2127821
2020-11-09,1949.5631570963687,1965.7941001792572,1938.573919108733,1961.104248046875,2194404
2020-11-10,1967.9559148279943,1971.8182133096204,1924.274650363354,1964.829345703125,2471703
2020-11-11,1964.828801025835,1966.668011651334,1935.4014310178504,1959.8167724609373,2759942
2020-11-12,1957.83999406605,2026.8104024995653,1952.552262752814,2015.8671875,3010512
2020-11-13,2027.7299466976135,2040.0525694936437,2003.130501766021,2009.6597900390625,2799165
2020-11-14,2020.3734215589,2020.3734215589,2006.579338116304,2011.821044921875,258276
2020-11-17,2041.8462172486231,2041.8462172486231,1997.383200309436,2002.5330810546875,2733542
2020-11-18,1995.5433786147887,1995.5433786147887,1954.988697566773,1960.6904296875,3315051
2020-11-19,1954.897216893104,1974.760558954024,1944.5056309031445,1959.44921875,2704650
2020-11-20,1963.3575145108368,1969.7947522633312,1931.6311284449707,1949.7933349609373,2827038
2020-11-23,1967.9554259321976,1967.9554259321976,1926.5731856672685,1958.20751953125,3244576
2020-11-24,1960.5989215647,1987.2674810043695,1951.770618979447,1983.9110107421875,1989749
2020-11-25,1988.186997181898,1996.463446291351,1956.9204116572985,1964.139404296875,1786536
2020-11-26,1967.9554429182729,1988.1867605557504,1951.9083745129687,1981.0137939453125,1630887
2020-11-27,1992.7847269266151,1993.244529586266,1955.0809088352487,1966.300048828125,5687861
2020-12-01,1985.4280461322244,1985.4280461322244,1958.3917373472173,1961.5643310546875,2226742
2020-12-02,1972.5538403503167,1977.059817592977,1951.494963748074,1967.3121337890625,1634682
2020-12-03,1979.910466510252,1983.0370351286924,1949.655538039487,1956.6904296875,3469163
2020-12-04,1968.8747838116944,2018.9012181724736,1962.0697949619612,2008.6016845703125,3712143
2020-12-07,2013.245831408076,2077.940151766919,2011.1767195566804,2074.767333984375,4147649
2020-12-08,2077.8485468771605,2095.045124159371,2060.05409133524,2078.308349609375,2768211
2020-12-09,2078.308425599682,2111.4142235295885,2062.9050335072952,2107.919677734375,2123890
2020-12-10,2105.8964680445265,2168.3375879249943,2092.14841155095,2161.486572265625,3041370
2020-12-11,2176.0161183444884,2193.2587183313703,2145.439241034418,2183.832763671875,2611218
2020-12-14,2189.534471360664,2199.144303059812,2166.728212130443,2180.154541015625,1575632
2020-12-15,2171.188561627078,2173.9013529196377,2121.8057917226697,2133.53076171875,2207176
2020-12-16,2130.8180042560653,2165.5789127152893,2117.851476837549,2155.50927734375,1748634
2020-12-17,2153.7160188956173,2153.7160188956173,2124.2886437441825,2129.16259765625,1912868
2020-12-18,2135.3235911444576,2155.462858206632,2126.127537780356,2145.85302734375,2229891
2020-12-21,2154.6353888140297,2161.0726264246564,2082.9982200666973,2120.56396484375,2003069
2020-12-22,2124.288646478459,2145.715498940788,2097.620087713145,2125.208251953125,1764488
2020-12-23,2133.48440213024,2186.1778333440784,2118.081012588997,2179.78662109375,1559556
2020-12-24,2190.959863677607,2216.249012156572,2170.3147673673866,2209.1220703125,2489444
2020-12-28,2211.6509513503106,2223.05396832129,2185.028420352048,2196.84521484375,1532477
2020-12-29,2202.454967406106,2209.8118107210325,2164.9350215973727,2192.615234375,1749013
2020-12-30,2197.8567759114594,2220.524957874541,2184.982301073484,2213.122314453125,1924886
2020-12-31,2203.3750953722133,2222.686813653856,2195.0986446800803,2202.8232421875,1709836
2021-01-01,2202.822771871949,2210.7314684277826,2190.500148833185,2195.60400390625,830096
2021-01-04,2211.650606442696,2234.6407374867995,2207.696259000511,2231.422119140625,1614486
2021-01-05,2211.6509915413803,2259.42444726687,2211.6509915413803,2253.5390625,2356303
2021-01-06,2249.171158884962,2253.033457051581,2208.524641011378,2222.96240234375,1641627
2021-01-07,2236.4804653497285,2237.1241442652704,2174.86689989807,2178.407470703125,2403881
2021-01-08,2197.8569676104244,2207.053021868209,2171.0045340803035,2198.96044921875,2797948
2021-01-11,2230.0432484983808,2245.630516198677,2208.984373194071,2233.813720703125,2787672
2021-01-12,2234.45724664545,2237.491989369176,2181.304009603269,2184.890380859375,2036708
2021-01-13,2190.4080285867485,2205.2137654410053,2174.499034660012,2181.6259765625,1702740
2021-01-14,2175.786523861207,2212.570742354212,2162.1302929404587,2205.7197265625,2120413
2021-01-15,2200.15565127187,2213.4899279462447,2154.451313366442,2162.1298828125,2042957
2021-01-18,2183.602659108488,2183.602659108488,2134.081826749912,2145.0712890625,1733797
2021-01-19,2153.71571994394,2190.5919841171044,2136.473119709546,2173.165283203125,1495269
2021-01-20,2167.5103084765747,2183.097577841536,2157.6705738710443,2166.544677734375,1380562
2021-01-21,2184.982506098747,2206.960986114977,2161.0727648703937,2177.3037109375,1521133
2021-01-22,2169.3489063096267,2227.2840403060263,2167.509695706566,2215.651123046875,2548089
2021-01-25,2225.445163897549,2236.802380882162,2193.2589735106008,2206.685302734375,2124424
2021-01-27,2230.04290046775,2230.04290046775,2147.2784216875034,2199.05224609375,2460297
2021-01-28,2177.534073147069,2217.6749934509667,2105.896884649175,2115.460693359375,3867335
2021-01-29,2128.9785063452205,2135.599620182664,2070.031711645958,2081.89453125,4472694
2021-02-01,2093.619705013951,2101.2985004993343,2047.225653920854,2067.824951171875,2717591
2021-02-02,2088.469608968542,2092.10200490963,2027.7296355277952,2051.133544921875,4215607
2021-02-03,2052.099751316294,2075.54969245838,2039.3173241852476,2053.34130859375,2353429
2021-02-04,2058.99691954036,2077.389031371895,2047.2259230655604,2065.06640625,2908003
2021-02-05,2065.0658291703194,2101.298189548129,2060.8355548259765,2087.09033203125,4036942
2021-02-08,2104.057029348834,2104.700708187726,2050.99584584522,2056.835205078125,2780672
2021-02-09,2066.3535526385363,2073.434470065838,2032.7879519837493,2038.07568359375,3131481
2021-02-10,2041.524433502013,2060.836151116221,2034.8572928971075,2055.7783203125,2055520
2021-02-11,2061.7554241724893,2085.665165933633,2054.4446057289038,2081.067138671875,1824480
2021-02-12,2085.6650709386126,2089.5733939330967,2052.559276161809,2061.341552734375,1222094
2021-02-15,2070.0316578826223,2079.9174154669126,2035.0866543288507,2037.1097412109373,2449407
2021-02-16,2047.961002035969,2049.846237802592,2013.9816311212255,2019.5452880859373,2396356
2021-02-17,2019.4536297515133,2024.5574850571847,1986.3478325424724,1989.9342041015625,2447956
2021-02-18,1990.0262712290375,1994.2105210919503,1970.8984322221916,1974.255126953125,3205806
2021-02-19,1979.818532965684,2017.614407710236,1977.1517668992744,2005.7515869140625,3364030
2021-02-22,2027.729820611388,2027.729820611388,1987.819037756946,1993.336669921875,2678023
2021-02-23,2009.3377798276715,2016.0969692583928,1995.7275751349275,2004.050048828125,2062144
2021-02-24,2012.556843438956,2012.556843438956,1982.2558840046688,2003.6827392578125,924143
2021-02-25,2001.981118460396,2009.3379622581376,1986.347825390196,1989.382568359375,2099460
2021-02-26,1984.5089852977435,2006.9472732688089,1949.5639707280889,1960.645263671875,3413194
2021-03-01,1963.5416770394947,1980.8303058557988,1956.920562145376,1971.0823974609373,1229276
2021-03-02,1988.1864677521276,2008.3257320837356,1968.4609808631976,2002.8541259765625,2095135
2021-03-03,2027.7302490401328,2027.7302490401328,1998.762674053845,2017.15478515625,2031893
2021-03-04,2009.338155673022,2026.350858592908,1999.222494477414,2020.2813720703125,2290915
2021-03-05,2008.9701866007467,2032.2820504069527,2000.3717857065217,2024.1436767578125,2129837
2021-03-08,2032.3281189075008,2037.9378021631023,1994.6242940770903,1999.7281494140625,1440724
2021-03-09,2001.0615618603592,2027.730121278535,1988.233110077332,2021.752685546875,1711842
2021-03-10,2032.7884036139628,2057.065904333672,2016.8791800718827,2048.74365234375,2696085
2021-03-12,2056.237668669917,2059.8240399147085,2023.1318743621723,2027.5,2038930
2021-03-15,2028.741493639418,2039.178879866063,2007.7744463310191,2033.109619140625,1632022
2021-03-16,2042.7653848198347,2066.812974337846,2036.282122355904,2063.640380859375,2633605
2021-03-17,2072.790652626269,2080.147496113851,2040.834363727084,2047.317626953125,3703365
2021-03-18,2058.076788245806,2069.0200021850656,2027.729811475425,2037.1097412109373,2597091
2021-03-19,2026.9022318393916,2138.312329642476,2015.315114680781,2126.173583984375,5382214
2021-03-22,2124.3802831859143,2167.049879096854,2116.931390486297,2164.01513671875,2471516
2021-03-23,2173.0278601079367,2182.17789019816,2145.807446705928,2149.39404296875,1970612
2021-03-24,2149.3938424716484,2161.9003417632807,2129.3924241269237,2132.197265625,1762743
2021-03-25,2132.1974897930268,2135.324058816384,2051.6859800543343,2057.20361328125,2495833
2021-03-26,2073.710371516343,2138.0827555545443,2068.0088624041427,2131.553466796875,1929236
2021-03-30,2138.0826627841648,2212.570703939226,2138.0826627841648,2205.903564453125,3327203
2021-03-31,2194.178702101648,2242.550040746162,2190.1783284095245,2236.020751953125,2709756
2021-04-01,2250.09072221346,2250.09072221346,2199.7423224330246,2206.2255859375,1532653
2021-04-05,2207.052940103555,2222.870107938357,2157.85405164708,2182.407470703125,2545447
2021-04-06,2190.7758084490224,2217.168436347402,2186.2238069974496,2214.685546875,3683538
2021-04-07,2222.686222683453,2239.2391196666144,2195.420012735847,2211.880859375,1713970
2021-04-08,2212.5708548822554,2242.917836682386,2203.0070473928945,2216.1572265625,1814515
2021-04-09,2229.1236313926192,2283.380353443842,2229.1236313926192,2276.943115234375,2604858
2021-04-12,2245.216449802625,2288.2079996810903,2241.630078762358,2264.068359375,2261945
2021-04-13,2271.425279378094,2304.4390225808465,2251.929690303852,2257.079345703125,1811781
2021-04-15,2296.25464989857,2296.25464989857,2226.456690874267,2262.826904296875,3352379
2021-04-16,2271.333433486981,2279.655907793938,2243.8373200667934,2261.2177734375,1225517
2021-04-19,2243.836870992067,2261.9530500069013,2219.9731590085025,2240.756103515625,1746316
2021-04-20,2258.5507008942504,2258.5507008942504,2192.155240664703,2204.707763671875,1589508
2021-04-22,2197.856819529422,2197.856819529422,2144.519708427871,2160.520751953125,1721265
2021-04-23,2151.876758256825,2161.07281277929,2115.0925401669647,2122.219482421875,1949756
2021-04-26,2137.162765732341,2179.280734331391,2125.2078965608607,2170.8662109375,1946867
2021-04-27,2173.027508790129,2194.59221000734,2163.785429836172,2188.52294921875,1668456
2021-04-28,2188.660606342817,2248.434950633692,2176.062058679496,2213.076171875,1951215
2021-04-29,2237.399878923453,2252.067539762248,2192.4770665184005,2214.0419921875,3151150
2021-04-30,2216.249294676049,2246.504226362458,2142.910754738117,2164.521484375,4010778
2021-05-03,2154.635795719996,2220.847395076308,2151.8769790801493,2214.41015625,1692239
2021-05-04,2215.513323922793,2223.789772669028,2181.487923521606,2214.087890625,1453111
2021-05-05,2238.3196201737965,2238.3196201737965,2178.2233154226637,2202.133056640625,1256857
2021-05-06,2207.052987709205,2222.272502172891,2185.948088416844,2197.85693359375,1377740
2021-05-07,2215.145819762062,2229.1237787526165,2204.432280754524,2217.352783203125,1169518
2021-05-10,2228.2038577812814,2250.22836194754,2221.7666200576045,2237.307861328125,988495
2021-05-11,2230.043496789613,2230.9631023553,2201.765625644756,2208.984619140625,1019077
2021-05-12,2196.937190146235,2196.937190146235,2138.1284726755243,2141.71484375,2053932
2021-05-14,2141.6691413282538,2190.868035168969,2139.002375205663,2185.764404296875,1388970
2021-05-17,2193.258459774461,2202.4545120167018,2176.245763126315,2185.2119140625,811243
2021-05-18,2208.9841462013105,2214.731679756315,2176.659882780149,2183.373046875,1153722
2021-05-19,2170.2687197068017,2188.660827500927,2155.555033471501,2170.038818359375,1323590
2021-05-20,2170.268952026727,2172.1081630030208,2151.8768422637886,2155.693115234375,856235
2021-05-21,2151.876911991348,2175.9245064803845,2151.876911991348,2172.338134765625,771492
2021-05-24,2165.67077675806,2170.222778711057,2138.312515353154,2148.7041015625,1194864
2021-05-25,2165.6707084061845,2179.280913174784,2150.0374166682204,2155.60107421875,1098457
2021-05-26,2166.360530234234,2179.6487840313525,2156.7046730475804,2164.751220703125,811095
2021-05-27,2163.831466038069,2163.831466038069,2136.1512542066143,2139.369873046875,3755182
2021-05-28,2145.7608986460377,2161.0722355308794,2132.8864257535133,2135.04736328125,1215325
2021-05-31,2138.082501594966,2156.474609135568,2133.6223257111574,2151.922607421875,1178704
2021-06-01,2158.314222943256,2173.0279117234395,2143.232781748796,2168.705810546875,1141451
2021-06-02,2166.5898554542214,2182.8207974608963,2161.072224243387,2169.164794921875,1113091
2021-06-03,2178.545299669252,2180.4305357345133,2156.4747689845485,2173.257568359375,868532
2021-06-04,2179.46489000303,2179.46489000303,2146.313069030966,2153.761962890625,1283795
2021-06-07,2164.7508186637274,2164.7508186637274,2143.599897325892,2151.232666015625,1128300
2021-06-08,2151.232939762552,2172.1079372714867,2147.416442675528,2169.34912109375,1106664
2021-06-09,2172.1077196934025,2181.257747530406,2157.026282571016,2166.590087890625,1072858
2021-06-10,2173.947653451278,2207.0074300975493,2165.901104395568,2187.557861328125,1944339
2021-06-11,2189.5806171635654,2196.523683342776,2170.268902354479,2176.246337890625,1128097
2021-06-14,2184.489921379292,2199.9586331566998,2164.2976488217178,2190.23291015625,1761632
2021-06-15,2185.97173727347,2218.3908096482883,2185.97173727347,2215.565673828125,1215463
2021-06-16,2209.1283528400472,2240.482319497836,2207.8778123739994,2230.339599609375,2153668
2021-06-17,2221.169971944579,2247.0125179437964,2210.425272784576,2239.417236328125,1555777
2021-06-18,2241.5469877063406,2312.591014361936,2227.6531014189045,2299.80859375,3937751
2021-06-21,2291.5191737565333,2342.509793977499,2285.081716782321,2328.940185546875,2506277
2021-06-22,2332.41409281815,2347.09516992996,2298.651753778499,2306.61767578125,1945883
2021-06-23,2311.016941420423,2328.6158680284343,2276.930554131086,2297.586181640625,1035668
2021-06-24,2306.385321502082,2320.0940023754565,2291.657891229415,2306.524169921875,759681
2021-06-25,2304.532862197859,2306.3390223888828,2264.703717071449,2268.08447265625,1112942
2021-06-28,2269.4281193910674,2283.2292932236933,2257.571954507064,2278.783203125,694906
2021-06-29,2273.9664782307827,2313.3324966930263,2264.703885651431,2308.74755859375,1354397
2021-06-30,2308.7474615286023,2320.2793435775648,2281.376456379857,2289.064453125,1447245
2021-07-01,2300.828552985018,2300.828552985018,2281.37710386558,2295.27099609375,735043
2021-07-02,2295.270265816161,2308.886230640114,2271.187526949648,2303.884521484375,860231
2021-07-05,2314.7221964908736,2328.0602411416858,2301.80092333461,2314.7685546875,761700
2021-07-06,2306.3860542135367,2313.749771689236,2286.934605563543,2290.176513671875,461782
2021-07-07,2276.7454245704653,2307.126775707618,2265.491464208337,2298.6513671875,623145
2021-07-08,2280.635525798011,2287.628828503072,2258.636868169932,2267.06591796875,1114426
2021-07-09,2260.0728423339224,2282.766196693423,2258.637095095916,2270.678466796875,538094
2021-07-12,2272.1142339239163,2278.5053331199697,2250.810268420349,2263.916748046875,543898
2021-07-13,2273.9669505906536,2274.476438515854,2250.810464332093,2257.016357421875,994396
2021-07-14,2259.887714541708,2261.323461829811,2231.3588799811064,2236.777587890625,1377829
2021-07-15,2246.178513966116,2246.178513966116,2223.948293621709,2234.46142578125,693792
2021-07-16,2241.5475248114712,2250.810117889205,2228.5798945026445,2239.13916015625,545405
2021-07-19,2223.0687293473416,2238.768779616109,2221.632982171799,2231.034423828125,463873
2021-07-20,2225.801052204124,2278.597831220202,2225.801052204124,2255.3486328125,1061476
2021-07-22,2269.33526792488,2323.0583069206527,2200.328950594103,2202.783447265625,3546044
2021-07-23,2206.349665143976,2215.380693370321,2181.062740882705,2184.212158203125,1517589
2021-07-26,2183.42468902916,2185.971902050617,2165.5941978789588,2175.505126953125,1311535
2021-07-27,2175.5051565084955,2185.462443909467,2160.0366715410023,2169.669677734375,1656945
2021-07-28,2176.7088035165184,2193.798238044293,2170.317706420755,2187.26806640625,912373
2021-07-29,2187.268211365665,2196.530802632797,2158.183765241862,2162.58349609375,1012663
2021-07-30,2167.447348840879,2182.776989633916,2147.069638723571,2161.241455078125,1708251
2021-08-02,2169.2991276221856,2179.858392442542,2153.182307393745,2160.777587890625,1229936
2021-08-03,2158.184349101901,2216.5386898716088,2154.57202798546,2210.84228515625,1733476
2021-08-04,2210.8423083201424,2218.1596670224376,2192.9654569234995,2201.811279296875,1588974
2021-08-05,2214.686033306552,2214.686033306552,2180.41443847914,2183.841552734375,921757
2021-08-06,2183.84159932598,2205.1919223271466,2183.6563926856024,2196.6240234375,1432661
2021-08-09,2203.987872171562,2218.391250991101,2199.727214637156,2208.66552734375,921476
2021-08-10,2217.464624159466,2217.464624159466,2185.1382670859966,2206.164306640625,1061370
2021-08-11,2213.759742211516,2218.39103874334,2188.0096882670737,2214.176513671875,1300594
2021-08-12,2218.3909915652443,2235.5267883685665,2202.1350958567505,2215.89013671875,1226064
2021-08-13,2223.948522220706,2231.960574505061,2211.9071516297568,2227.1904296875,1033159
2021-08-16,2226.7269832754005,2257.154686625818,2216.213851530816,2247.47509765625,1146309
2021-08-17,2253.588566929552,2304.023333649983,2251.782406770485,2300.642578125,1921902
2021-08-18,2301.754433258001,2315.648323197184,2273.040394050356,2302.72705078125,1545643
2021-08-20,2306.3857828391706,2436.062091914466,2293.418151931641,2426.24365234375,5779927
2021-08-23,2431.4305798667924,2475.752176320514,2403.1796721769115,2439.90576171875,2163220
2021-08-24,2439.76707964418,2461.997303604491,2417.5368556838685,2438.8408203125,1482854
2021-08-25,2437.914682774102,2469.8242731170976,2427.4015483793105,2449.9560546875,1746570
2021-08-26,2436.988341607171,2498.8625112053965,2436.988341607171,2469.77783203125,2117291
2021-08-27,2472.186341945666,2491.6377893719896,2455.606389118247,2480.476318359375,1176229
2021-08-30,2493.119382542553,2506.225859921941,2474.5941983243374,2489.5068359375,1168190
2021-08-31,2489.692375699503,2535.5885709690333,2478.34569884754,2523.22314453125,2535891
2021-09-01,2542.581851745379,2570.369631545875,2514.794071944883,2531.3740234375,1775792
2021-09-02,2545.360675897476,2602.788755193561,2528.826856161249,2594.498779296875,1946183
2021-09-03,2595.563846808455,2601.6308906416407,2552.7707110310143,2562.681640625,1561823
2021-09-06,2584.263142423203,2616.682214102347,2570.647177545462,2575.556396484375,1444978
2021-09-07,2582.966723180294,2601.584399058342,2565.7382100871555,2572.870361328125,1219915
2021-09-08,2583.2442642907777,2602.788424409496,2561.1994756274926,2594.359375,946711
2021-09-09,2576.85338636822,2615.431995964337,2576.85338636822,2603.390625,879454
2021-09-13,2591.2105137261465,2614.3206391215053,2570.3696784951053,2580.8828125,1341412
2021-09-14,2595.378530242621,2597.23104882238,2548.18566465076,2558.837646484375,1755061
2021-09-15,2569.443590183637,2579.6324436414666,2546.333463249978,2570.78662109375,1362350
2021-09-16,2549.0657172852884,2591.0253108387487,2549.0657172852884,2564.117431640625,1259196
2021-09-17,2565.830625077452,2577.779277951803,2499.973507435112,2521.509033203125,3095032
2021-09-20,2519.425315996169,2601.862394350456,2510.2090811155267,2593.850341796875,2671330
2021-09-21,2602.7888152523547,2648.4534471673865,2590.423162276478,2605.05810546875,2277437
2021-09-22,2619.368755246005,2630.483867572612,2569.443466167344,2579.169189453125,1580594
2021-09-23,2592.600078657101,2609.92108433023,2568.3784856334205,2577.131591796875,1054473
2021-09-24,2565.8310696983704,2575.000946643274,2529.98465258867,2544.110107421875,1635284
2021-09-27,2561.107100919508,2561.107100919508,2505.0684102845603,2509.69970703125,1465932
2021-09-28,2524.0565628055847,2551.3348536421627,2510.069957085121,2522.991455078125,1078052
2021-09-29,2514.7476778768632,2542.072327624217,2479.5961821581964,2487.2841796875,1503894
2021-09-30,2487.284104601621,2505.8092903117777,2484.181045540162,2502.5673828125,1620199
2021-10-01,2506.4577718120127,2512.0153278470725,2482.467745382351,2504.651611328125,956111
2021-10-04,2500.900344688905,2523.1305699750287,2482.097233906883,2488.117919921875,1025005
2021-10-05,2488.117875874863,2514.7478327774365,2487.9326692282666,2508.912353515625,562784
2021-10-06,2495.3888339326377,2532.392846576655,2478.669808865812,2487.978759765625,862471
2021-10-07,2499.0477487277594,2504.836869717214,2469.407449261752,2472.556640625,1082816
2021-10-08,2473.5756463246203,2481.032079476829,2431.8012583038894,2445.37109375,1579941
2021-10-11,2447.362052437976,2468.943937373146,2441.1561609255027,2450.04833984375,1086252
2021-10-12,2431.431002662954,2489.831704925856,2431.431002662954,2478.80908203125,1174337
2021-10-13,2489.8780663555963,2494.9724932249287,2447.7332622547533,2451.5771484375,1660007
2021-10-14,2451.576594967435,2479.364371617675,2426.799160787637,2454.170166015625,2158809
2021-10-18,2475.706202649091,2481.356249382106,2448.149985130649,2458.29248046875,1758177
2021-10-19,2473.0199586012523,2530.5407595871543,2334.6368903877824,2358.99755859375,5431133
2021-10-20,2379.5601780833385,2393.4540677957752,2287.860505981256,2295.87255859375,4864654
2021-10-21,2318.797439799162,2320.279545133299,2248.957579075309,2265.398681640625,3254632
2021-10-22,2277.6713921635846,2314.027066072662,2250.809875135222,2273.1328125,1845622
2021-10-25,2273.132952536361,2281.88605736251,2232.284828497642,2274.75390625,1560381
2021-10-26,2300.894986853421,2300.894986853421,2252.57343768493,2271.026123046875,1595060
2021-10-27,2287.94126536677,2288.127610188437,2228.436062423621,2233.515380859375,3083879
2021-10-28,2236.683630966307,2251.594855172749,2206.861182553423,2227.037841796875,2015791
2021-10-29,2236.683763941311,2238.547667077929,2211.5210715969715,2230.2998046875,2453400
2021-11-01,2230.160172714956,2246.842015298541,2207.094370677892,2243.30078125,1941114
2021-11-02,2250.662843488988,2262.778212832821,2238.5474741451544,2254.29736328125,1350154
2021-11-03,2268.370332766691,2268.370332766691,2223.8229980639308,2247.26171875,1591607
2021-11-04,2263.710170421304,2264.642121911803,2255.322607006816,2257.978759765625,245719
2021-11-08,2282.3495498773123,2282.3495498773123,2236.777206021329,2266.4130859375,2555533
2021-11-09,2273.775384424244,2279.7397831949247,2252.014225225897,2265.7138671875,1696949
2021-11-10,2246.981895032872,2255.3228161408374,2232.9559782948127,2236.823486328125,1794509
2021-11-11,2239.200136166741,2243.1609305947204,2205.1839016676213,2214.50341796875,1282647
2021-11-12,2225.5000990287467,2249.3581475501583,2214.503026233296,2241.296630859375,1651974
2021-11-15,2240.5048033000144,2264.642257336452,2240.5048033000144,2259.74951171875,1007999
2021-11-16,2268.975993858515,2268.975993858515,2236.7772463700267,2242.88134765625,1245209
2021-11-17,2240.411704537913,2246.0500573696754,2224.7548717461746,2228.43603515625,956809
2021-11-18,2227.3642579494262,2242.6017571684697,2208.7252265021507,2236.12451171875,1236943
2021-11-22,2245.443992921841,2245.9099687008597,2215.3885551751696,2226.012939453125,1629290
2021-11-23,2225.314164985481,2236.683929454758,2177.5050004879345,2231.278564453125,1932539
2021-11-24,2242.275092896292,2242.275092896292,2205.9289878992195,2213.151611328125,999070
2021-11-25,2224.568445065217,2224.568445065217,2181.698671930319,2189.200927734375,1363272
2021-11-26,2184.4942281775343,2204.065208890729,2166.97349517647,2176.199951171875,2450902
2021-11-29,2175.5476973960804,2182.8636083774177,2129.229748948553,2170.887939453125,1724612
2021-11-30,2163.9913769391906,2200.337485337394,2145.352346991394,2159.84423828125,3931035
2021-12-01,2180.7668088291057,2196.3769985931604,2165.1566190650515,2185.286865234375,1263139
2021-12-02,2196.6097465508337,2225.5002438537936,2185.4263282400107,2221.1201171875,1673117
2021-12-03,2221.120229273713,2227.270973138719,2178.809491346268,2184.168212890625,1890178
2021-12-06,2184.4948201753195,2203.0872113859477,2144.42089642637,2149.546630859375,1079171
2021-12-07,2169.4897646605345,2182.3040975423087,2154.671827102679,2163.61865234375,895313
2021-12-08,2160.4964774011905,2184.9135602071515,2160.4964774011905,2181.32568359375,839769
2021-12-09,2181.698630871688,2188.7815538324444,2163.5722182949253,2180.53369140625,716666
2021-12-10,2187.2903072469094,2187.2903072469094,2162.1276151737666,2174.056640625,724539
2021-12-13,2191.9501265969234,2191.9501265969234,2144.4205957906124,2147.542724609375,1804894
2021-12-14,2148.148455146862,2166.74084420982,2147.216503539423,2160.54345703125,1219031
2021-12-15,2158.399581091516,2166.6007994439383,2143.954333463313,2163.0126953125,755122
2021-12-16,2163.0128404418224,2167.066920575215,2147.169664560781,2152.342041015625,926493
2021-12-17,2146.2843358980917,2151.8294018987663,2074.5240693483074,2078.48486328125,2439222
2021-12-20,2074.5242024248582,2119.584152010436,2051.365114814565,2114.69140625,2175705
2021-12-21,2134.168666216808,2146.004403270738,2099.4534772139364,2118.185791015625,1591415
2021-12-22,2143.488632638794,2159.7044991096,2114.5981336771406,2122.659423828125,1661605
2021-12-23,2142.509722194582,2148.148073924424,2119.816841096998,2144.093994140625,1423081
2021-12-24,2152.8082544500303,2155.604109325939,2127.9251915598893,2140.646240234375,895503
2021-12-27,2140.645830316997,2151.0372254656045,2123.2183837665043,2144.79296875,584302
2021-12-28,2152.808147832212,2160.63645008616,2141.391740987647,2151.969482421875,783710
2021-12-29,2157.3745866697304,2163.851832067857,2142.603290881767,2149.87255859375,1410236
2021-12-30,2150.943998619308,2171.446931015159,2140.366258395108,2167.346435546875,963711
2021-12-31,2180.766677004055,2209.051498206008,2171.4471612903626,2199.54541015625,1123597
2022-01-03,2216.180732504574,2216.180732504574,2192.881944315922,2200.6171875,879278
2022-01-04,2207.7467934568,2244.23283670203,2195.072387661207,2237.848876953125,1484275
2022-01-05,2240.225272352185,2255.322842569724,2229.22819811024,2251.40869140625,1202512
2022-01-06,2234.8196720139936,2247.8669928681206,2206.5814963742614,2228.668701171875,1198901
2022-01-07,2225.500274338027,2257.093340487964,2225.500274338027,2251.734619140625,1026186
2022-01-10,2259.9821442282228,2259.9821442282228,2238.547262035542,2243.253662109375,919447
2022-01-11,2252.666550738767,2253.738431515085,2229.228060759648,2240.085205078125,1321335
2022-01-12,2243.393411122885,2251.5946291184914,2235.285479280092,2248.9384765625,1487554
2022-01-13,2253.458697487188,2257.0932172786997,2239.7124130422185,2249.917236328125,1586299
2022-01-14,2255.322675786263,2256.254627305183,2200.151191371648,2202.853759765625,1596037
2022-01-17,2203.13365864982,2231.278552438457,2185.426577636983,2226.945068359375,912205
2022-01-18,2244.79173391548,2244.79173391548,2196.982572171275,2208.25927734375,1667579
2022-01-19,2203.1335147732616,2207.4205830125657,2148.195015145087,2152.71484375,2145255
2022-01-20,2166.7874794656022,2167.3000983532907,2090.367447931761,2107.88818359375,2829711
2022-01-21,2110.684025894407,2175.501305078791,2096.891096730464,2167.16015625,4596050
2022-01-24,2179.741508664749,2185.3798613564986,2112.454648575012,2129.13671875,2231103
2022-01-25,2128.1113964182846,2174.895319426171,2088.410168780537,2168.88427734375,1843543
2022-01-27,2152.808273860388,2167.3468103571004,2120.1899666806853,2139.1552734375,2620474
2022-01-28,2138.456068882517,2160.9159642090744,2123.0322255762453,2128.157958984375,1967721
2022-01-31,2134.1691154995874,2154.532348507718,2116.462035501993,2119.02490234375,1639875
2022-02-01,2146.563956719639,2162.1275014183693,2123.3582276234265,2148.75390625,1270508
2022-02-02,2165.9487562551662,2174.2430342992475,2140.273444742455,2169.489990234375,1246111
2022-02-03,2170.5152011712885,2173.2644127905533,2134.1690900310223,2141.764404296875,1448039
2022-02-04,2149.0801423903085,2155.370814966689,2127.645258055973,2149.639404296875,1014561
2022-02-07,2139.061761243759,2159.0520761690627,2084.775584316431,2103.973876953125,1207402
2022-02-08,2113.665936155022,2113.665936155022,2093.675622608205,2110.264404296875,1190660
2022-02-09,2113.246849392447,2125.17587511432,2102.1100735239675,2122.659423828125,1049611
2022-02-10,2124.849843591307,2129.5096020202354,2102.34330139049,2127.785400390625,1195100
2022-02-11,2123.9176629795447,2123.9176629795447,2095.959115419481,2104.3466796875,2100036
2022-02-14,2068.9321604475654,2084.076371081472,2056.81679194044,2076.900390625,1661501
2022-02-15,2094.9803150499783,2147.355943497787,2071.308838117581,2134.26220703125,1533070
2022-02-16,2134.2623431651828,2146.983390856488,2120.189783699841,2130.9072265625,995668
2022-02-17,2126.7134940976384,2155.603992921927,2121.121784647776,2150.52490234375,869374
2022-02-18,2137.8970659946654,2169.3970769886173,2137.8970659946654,2155.184814453125,890713
2022-02-21,2141.624777740861,2147.2631304287875,2129.276419035436,2138.642578125,737919
2022-02-22,2124.8495571223684,2124.8495571223684,2096.9842964850354,2115.4833984375,902667
2022-02-23,2115.5300780960574,2119.2112413168115,2098.987937617553,2106.583251953125,1324411
2022-02-24,2050.293679350272,2089.435649592413,2013.2952434601764,2023.6397705078125,2997629
2022-02-25,2045.633280460753,2046.565231841373,2015.018586596511,2022.98681640625,2193728
2022-02-28,2016.7432154626065,2031.561154546837,1975.7373460169708,2024.2921142578125,2334036
2022-03-02,1984.0784592375164,2008.169500880238,1978.5800354040225,2002.857421875,2034688
2022-03-03,2011.058161117368,2020.424319711415,1944.6101975454087,1948.710693359375,2372998
2022-03-04,1933.799483357576,1936.5486949489505,1840.837315422676,1882.076171875,6320118
2022-03-07,1844.798036344232,1845.4038275857763,1795.8705814778143,1811.6671142578125,2976453
2022-03-08,1793.5873657132247,1824.7610989409632,1772.152480485624,1816.37353515625,3211938
2022-03-09,1830.3528642775984,1870.4734244506371,1818.2374939947017,1861.946044921875,2879079
2022-03-10,1912.271187303623,1970.1454663272464,1909.5686189709215,1958.9154052734373,4879791
2022-03-11,1957.09816985446,1966.604029745451,1929.1396245708247,1951.879150390625,2481643
2022-03-14,1952.4385952495188,1952.4385952495188,1906.8661394143592,1919.16796875,1730325
2022-03-15,1905.840855872102,1939.2047657492933,1887.2018254968248,1899.5035400390625,2391023
2022-03-16,1919.820068886976,1938.459098681995,1893.7720702538804,1931.1431884765625,2808685
2022-03-17,1955.3276259682225,1972.661788174635,1940.6493891465368,1959.0087890625,2995889
2022-03-21,1963.1559859802437,1967.2564818852331,1906.772915886816,1911.6190185546875,1674982
2022-03-22,1913.9955412034917,1913.9955412034917,1835.012645467888,1857.845458984375,5356303
2022-03-23,1875.0863283351068,1879.3267529627776,1840.8371123478728,1843.91259765625,3212162
2022-03-24,1835.944391350748,1855.841532433224,1818.5634737255943,1832.1234130859373,3054664
2022-03-25,1840.5112028369997,1842.468278407318,1812.645827770477,1820.1014404296875,2233647
2022-03-28,1826.578299696128,1846.0095795115544,1799.8779801914295,1840.6973876953125,1794533
2022-03-29,1845.2639250950704,1859.103381780562,1839.7188593104556,1851.834228515625,1249125
2022-03-30,1863.903017593348,1881.6100962604849,1859.2899031302493,1878.7210693359373,1476829
2022-03-31,1881.9829628559492,1914.2284633911197,1880.6782079470688,1909.242431640625,2540524
2022-04-01,1915.0671122310337,1943.9111941702524,1899.6900257155637,1936.7349853515625,1714996
2022-04-04,1936.5952735741184,1987.339988726089,1929.3260061563155,1983.6121826171875,1693019
2022-04-05,1998.5701904566092,2011.151536957502,1982.261037585082,1994.1900634765625,1277652
2022-04-06,1989.7165612946765,2017.115845881939,1976.948870552003,1996.286865234375,1736115
2022-04-07,1994.3296824042984,2026.9946298762568,1989.809853883904,2017.48876953125,1824732
2022-04-08,2029.5107944923936,2044.2356741218996,2016.277128316722,2034.496826171875,1693462
2022-04-11,2039.1099330880545,2044.794928391376,1993.3510222807176,2015.8577880859373,1380107
2022-04-12,1995.2149763958491,2017.6750996943333,1980.3970378062163,1987.1536865234373,1370233
2022-04-13,1992.233050828314,2017.6753770700311,1985.7093891010668,2005.69970703125,1071601
2022-04-18,2001.8317197057197,2034.3567343827915,1989.76299390288,2029.4639892578125,1828131
2022-04-19,2036.9664425102824,2056.6773541657226,1958.076835387611,1969.26025390625,1775996
2022-04-20,1970.518222654477,2021.0765931219128,1950.2949199729485,2017.62841796875,1511804
2022-04-21,2036.314328437488,2053.788421644904,2020.4711505960977,2048.383056640625,2244813
2022-04-22,2033.518335139848,2040.0419961600037,1975.737337532758,1982.21435546875,3520828
2022-04-25,1957.0982775403877,2014.8792743058652,1907.704844821511,1957.7972412109373,2437310
2022-04-26,1996.426686297958,2011.1049241029727,1976.6693577420533,2002.1583251953125,1447088
2022-04-27,2001.645496029156,2005.932336453137,1960.3599986854576,1999.1292724609373,2214481
2022-04-28,2078.251937519344,2096.8909683491133,2017.6750873225917,2089.295654296875,5865359
2022-04-29,2091.671927766584,2134.1690086439226,2071.308923305249,2082.77197265625,2678692
2022-05-02,2068.932282910222,2098.75473023145,2055.791676048419,2078.7177734375,1543544
2022-05-04,2089.38896862481,2097.6834748754413,2002.4378336577936,2023.7796630859373,1608395
2022-05-05,2029.7902933991888,2052.110485509408,2007.0507686346195,2019.1661376953125,1101451
2022-05-06,1980.3968929549208,2022.3347095116133,1962.8761596435704,2002.9500732421875,1585602
2022-05-09,1977.135412930036,1993.817256348286,1966.5576707587488,1972.6153564453125,1341414
2022-05-10,1988.784518567968,2048.3361289331297,1974.8052459444816,2032.0269775390625,2162232
2022-05-11,2036.314303717934,2040.6944308566365,1972.0096414952625,2016.27734375,1858636
2022-05-12,2017.5356875761809,2017.5356875761809,1965.6724400133944,1993.25830078125,1531515
2022-05-13,2022.3350406819425,2067.0687190011745,2007.563516309378,2044.795166015625,2057239
2022-05-16,2050.2932220021985,2070.7495111435505,2024.4782119397048,2066.369384765625,1396818
2022-05-17,2085.6144976148626,2122.053897985106,2070.144236807303,2092.2314453125,2055096
2022-05-18,2083.936895515336,2145.352409985793,2083.936895515336,2135.4736328125,2137455
2022-05-19,2092.790491370029,2128.3909950691245,2092.650562121211,2110.450927734375,1734602
2022-05-20,2134.168514817377,2188.221691175197,2127.3652247013883,2167.672119140625,2599505
2022-05-23,2151.8761815783296,2225.5003558289523,2149.4066009213248,2217.8583984375,2363306
2022-05-24,2218.044316866036,2218.044316866036,2145.398751237144,2152.4814453125,3078655
2022-05-25,2171.400339679584,2171.400339679584,2130.9070927382845,2142.27685546875,1884260
2022-05-26,2134.3087611319856,2139.760768735695,2104.3466096712536,2125.035888671875,2299127
2022-05-27,2140.6929255579585,2176.01380184294,2125.3157234370588,2172.006591796875,1011303
2022-05-30,2182.8169927136105,2204.0655347058646,2172.3791802957167,2189.107666015625,939562
2022-05-31,2199.4056632117813,2206.767989463334,2147.1230901219974,2193.114990234375,3123979
2022-06-01,2208.7251892064764,2249.544712892195,2145.3524833558267,2151.363525390625,2197599
2022-06-02,2138.8288585795585,2149.965634363882,2103.5544005546167,2129.322998046875,1460335
2022-06-03,2128.577602037192,2166.740977198737,2111.010222147828,2135.986572265625,1845303
2022-06-06,2117.580429860595,2145.3059906132307,2094.654556477287,2125.315673828125,2131405
2022-06-07,2096.8908500698885,2106.0706632466377,2056.8635791262204,2061.10400390625,2034730
2022-06-08,2064.272428061553,2067.9535907235354,2037.2458364526208,2047.5439453125,1506843
2022-06-09,2047.497581755784,2058.0753229955944,2023.0338532527849,2048.14990234375,1497867
2022-06-10,2015.8112729294544,2058.5413439975937,2015.6249281184048,2050.2001953125,1641981
2022-06-13,2020.471108191119,2066.1367374814163,2009.2876887730868,2047.4044189453125,1519441
2022-06-14,2041.7662984482267,2063.2942443618927,2013.01549994962,2023.2669677734373,1592475
2022-06-15,2029.565791278845,2029.7537813041115,2003.522860538048,2018.1427001953125,1432377
2022-06-16,2016.6855538166487,2034.5489689786612,2007.3308112574407,2018.2838134765625,1353485
2022-06-17,2030.788347095803,2031.164327197499,1974.377559676475,1984.202392578125,3252189
2022-06-20,1984.7195967137795,2071.122030213412,1982.039992416808,2064.540771484375,2022000
2022-06-21,2063.6946376532383,2098.481289859694,2042.2114376518464,2073.096435546875,1606187
2022-06-22,2058.2413605005468,2091.805730000221,2055.279886249657,2071.074951171875,1741378
2022-06-23,2075.917249272488,2122.315219824069,2060.968480460378,2117.849365234375,1585753
2022-06-24,2129.507176922961,2180.0888944056537,2124.853332973325,2166.080078125,1930048
2022-06-27,2177.314958392104,2192.357831577001,2160.5797160667007,2181.82763671875,1450391
2022-06-28,2181.828107690388,2184.9778017577837,2141.5885968634702,2179.007568359375,1404108
2022-06-29,2158.8407635800163,2162.3193828566277,2091.9000091930543,2099.844482421875,1682914
2022-06-30,2091.805830866569,2114.464254622484,2080.9937637575617,2097.1650390625,2387212
2022-07-01,2092.840115415233,2155.832158421891,2071.780180911018,2145.8193359375,1235612
2022-07-04,2139.8489670740096,2236.02939493714,2139.8489670740096,2233.11474609375,2410245
2022-07-05,2241.8587402242088,2267.713684806371,2229.7305125801013,2257.841796875,2463079
2022-07-06,2256.431469907596,2359.005175624909,2256.431469907596,2348.945068359375,4770394
2022-07-07,2355.1503864617976,2379.5950611316607,2318.013284559506,2325.017578125,3333262
2022-07-08,2328.308473518328,2354.0224856648147,2306.073310639798,2347.48828125,1346970
2022-07-11,2338.227077435098,2373.953908533825,2331.6458190748067,2341.61181640625,1587197
2022-07-12,2326.944615844926,2341.611510086488,2298.222081851227,2303.01708984375,1116476
2022-07-13,2316.6029176258635,2368.641958908877,2314.1583584470563,2348.333984375,2528792
2022-07-14,2353.0347029011564,2371.9792317094325,2320.5514489287234,2348.380859375,1663307
2022-07-15,2378.6546440042825,2419.9284410719883,2352.376667263305,2414.8515625,2996964
2022-07-18,2426.6039669051056,2449.168281204107,2381.522393202441,2400.7490234375,1566888
2022-07-19,2397.411237650061,2420.962785607553,2371.838395103478,2414.33447265625,1473121
2022-07-20,2420.963179994211,2461.3909146504247,2383.9201847050517,2448.698486328125,4012897
2022-07-21,2460.450687375557,2472.578915724337,2436.6640910707065,2451.471923828125,1990695
2022-07-22,2460.4503385664325,2485.0830014366134,2454.8563151138937,2482.638671875,1905780
2022-07-25,2487.2456070787757,2495.237135205847,2455.749584460314,2466.65576171875,1253821
2022-07-26,2467.9718443212746,2467.9718443212746,2386.270315841791,2394.73193359375,1685576
2022-07-27,2383.684831490896,2435.5356531176712,2373.953879221046,2427.4970703125,1404133
2022-07-28,2467.9715344770234,2467.9715344770234,2430.364349189754,2463.36474609375,1442054
2022-07-29,2482.074441880292,2486.7753404444597,2440.70653451562,2479.6298828125,1463059
2022-08-01,2479.724231724384,2480.194321626133,2425.663893023284,2437.88623046875,1559918
2022-08-02,2444.467547848876,2481.2286708636548,2443.52736802278,2477.60888671875,1359934
2022-08-03,2458.804880651041,2504.638639539002,2442.4926715708543,2469.240966796875,1767904
2022-08-04,2476.4334947993248,2485.3181476490777,2458.5700793091246,2470.745361328125,1189384
2022-08-05,2480.1943724541,2498.668814156996,2470.369539213423,2487.151611328125,1176666
2022-08-08,2487.1515903501963,2498.997947831553,2468.959248654791,2491.8056640625,1024511
2022-08-10,2491.805678942235,2516.5792794894205,2473.8010976589776,2484.707275390625,1098949
2022-08-11,2497.164606784281,2508.164664550663,2450.672761524024,2457.347900390625,810674
2022-08-12,2467.877574062104,2469.00597331785,2430.458606065407,2439.71923828125,1473527
2022-08-16,2451.9418031702107,2489.92520387724,2435.5827668671755,2486.305419921875,1584117
2022-08-17,2492.416751194899,2532.8444842395543,2486.3055822462884,2524.0537109375,1711381
2022-08-18,2524.382859608925,2552.5882546883545,2505.2501081322757,2521.609375,1465489
2022-08-19,2528.142928299267,2537.497669352483,2469.3817036734936,2476.9501953125,1324508
2022-08-22,2489.5959426572986,2507.27136761359,2463.365019819106,2469.570068359375,1410895
2022-08-23,2446.394840902538,2472.3907199885966,2430.599774701353,2437.651123046875,1305045
2022-08-24,2421.902964418526,2453.8690749737398,2408.08236840922,2433.420166015625,1242489
2022-08-25,2445.595793591988,2471.168639747808,2411.9843637664853,2420.2109375,1106593
2022-08-26,2444.3731959899155,2458.2879019454017,2408.7404759239685,2417.71923828125,1048791
2022-08-29,2397.458404013392,2451.89472066656,2397.458404013392,2421.715087890625,1450034
2022-08-30,2433.8433749490387,2507.4594983673783,2430.928955323504,2500.7373046875,2227943
2022-09-01,2491.476306929921,2496.177205622242,2438.8262415759305,2450.1083984375,1702269
2022-09-02,2458.570253159453,2466.091691792445,2430.364858285731,2447.852294921875,937600
2022-09-05,2441.64675530306,2465.5272285963338,2431.398888075206,2445.031494140625,1274074
2022-09-06,2436.193874629951,2463.2710990303262,2409.6808499292847,2419.1767578125,1250776
2022-09-07,2417.9545516562225,2441.552927852562,2407.612573445149,2411.185302734375,1344964
2022-09-08,2425.6637349391426,2440.706610814734,2409.6806793213264,2422.984130859375,1004533
2022-09-09,2442.586979260732,2488.6557867987517,2428.907318053962,2433.84326171875,1785443
2022-09-12,2436.005792332107,2449.1683091567497,2420.022736187898,2426.039794921875,1595709
2022-09-13,2442.5868532175573,2452.9288298863,2424.7234389715472,2431.868896484375,1342130
2022-09-14,2397.4586122094624,2450.1086836932777,2394.3559728040896,2417.578369140625,1610054
2022-09-15,2425.663944478888,2443.3393710668047,2398.3987295990864,2407.236328125,1199906
2022-09-16,2402.1594474019203,2410.4801306486484,2367.9838190266,2376.91552734375,2516820
2022-09-19,2379.5950650511595,2433.185313454129,2358.0179846277065,2424.958740234375,1166725
2022-09-20,2443.1514617017247,2464.6814885551908,2425.2880444663447,2429.001708984375,1253333
2022-09-21,2427.5441910706472,2488.4208318033448,2425.663831511336,2466.65576171875,1960049
2022-09-22,2466.185757343909,2539.660717857304,2463.31816300931,2531.669189453125,2620240
2022-09-23,2536.511087678643,2560.8148282531884,2514.0408814131347,2521.609375,1789791
2022-09-26,2508.869646729059,2565.7505212379992,2484.94211815276,2501.395263671875,2678551
2022-09-27,2515.9209783521505,2551.4127634540914,2494.6728244634487,2518.9765625,1898501
2022-09-28,2510.232801034754,2546.711820129236,2493.403675837528,2540.459716796875,1526197
2022-09-29,2548.9213835651585,2563.870149608736,2530.117788775216,2539.00244140625,2019666
2022-09-30,2545.0664025027845,2552.4937301858768,2508.305285074081,2535.1474609375,1340054
2022-10-03,2560.109400601019,2570.4513776140966,2460.967494141953,2465.621337890625,1683197
2022-10-04,2491.4763583162144,2516.3911218993767,2476.5744173397807,2508.3525390625,1327939
2022-10-06,2520.903775888426,2531.2457521797,2449.2150765966394,2457.629638671875,1752351
2022-10-07,2455.655204737511,2456.6894941958726,2420.9626664961243,2444.18505859375,1025923
2022-10-10,2416.2619313231776,2454.5272008264124,2389.9368986083723,2449.732421875,1043728
2022-10-11,2453.8690947141035,2454.386239472693,2392.757412278695,2398.0693359375,1129783
2022-10-12,2410.1035658825,2448.7920976142163,2401.406903802469,2436.334716796875,882873
2022-10-13,2428.4842727921514,2451.1895217396013,2409.586568169701,2412.877197265625,753331
2022-10-14,2435.0655946645825,2467.877776693316,2416.449989385028,2421.715087890625,1001536
2022-10-17,2419.646519838906,2453.821913535788,2414.381421808702,2435.58251953125,778918
2022-10-18,2463.2707084914496,2483.9546610055,2441.6465763176698,2446.58251953125,1123374
2022-10-19,2458.852227841982,2460.9205774535426,2424.1594561917627,2428.484375,1241979
2022-10-20,2414.522347970824,2453.8689593051386,2414.522347970824,2445.313232421875,1428125
2022-10-21,2450.1083063011447,2507.224223264995,2450.1083063011447,2495.142822265625,2458302
2022-10-24,2453.9634107377374,2482.07469520613,2397.458512415012,2419.1767578125,719908
2022-10-25,2431.304950498523,2431.304950498523,2350.4494881076207,2355.5263671875,2923789
2022-10-27,2344.808734283508,2378.6552116027565,2339.1676547303,2368.313232421875,1846329
2022-10-28,2374.987959362486,2398.304231580678,2361.731334183421,2373.24853515625,1164951
2022-10-31,2392.757476382048,2418.1423297660617,2389.98399201212,2398.116455078125,1324443
2022-11-01,2431.5275937357715,2438.0111287575533,2411.2728436181856,2415.248046875,1280132
2022-11-02,2426.79522677603,2426.79522677603,2367.5449856731047,2383.540771484375,1338284
2022-11-03,2381.0796063109324,2412.59770015868,2374.0756881563893,2410.089599609375,730444
2022-11-04,2408.764421563361,2409.758280109352,2380.6537761370964,2385.48095703125,889055
2022-11-07,2395.655665189773,2415.437170274492,2382.3100930959617,2397.2646484375,1283685
2022-11-09,2375.6848116177,2408.7171494364197,2359.2631528599154,2374.549072265625,1436444
2022-11-10,2370.0056648859245,2402.1862529874106,2367.2135718394065,2379.092041015625,1459152
2022-11-11,2408.812060637349,2410.515785323764,2361.4876586601918,2369.10693359375,1162847
2022-11-14,2372.655984654207,2379.234029540042,2323.7697445164235,2326.278076171875,2137131
2022-11-15,2326.277889055226,2336.8785067832846,2313.3581912286645,2325.993896484375,1558333
2022-11-16,2331.7203038169064,2350.129447190016,2298.167354098633,2345.255126953125,1330395
2022-11-17,2347.2427399056714,2364.3268935785063,2322.9180458627097,2328.3603515625,960476
2022-11-18,2337.8253967395817,2355.382795630736,2317.80726765546,2350.792236328125,1075675
2022-11-21,2350.792130977733,2377.577786813517,2337.872662584153,2367.544921875,1354881
2022-11-22,2371.8039621071234,2388.935485714857,2363.3803121354986,2381.07958984375,921265
2022-11-23,2386.0964719351487,2389.88242429046,2368.1131982474185,2373.177001953125,734152
2022-11-24,2382.310008851373,2423.0089879457746,2376.772962288305,2412.739501953125,999929
2022-11-25,2418.2769268367074,2418.65542961983,2383.4461209707506,2401.666015625,783480
2022-11-28,2391.7750135620254,2406.4455765656708,2386.853322511518,2390.0712890625,830905
2022-11-29,2391.964314183493,2498.680831133064,2391.964314183493,2493.238525390625,2542932
2022-11-30,2493.049316340791,2553.6245465024504,2482.637948656756,2540.705078125,3698270
2022-12-01,2536.5876442669933,2539.427108047889,2505.211661918556,2520.35546875,1675569
2022-12-02,2517.658107912561,2517.658107912561,2467.6361241275126,2475.160888671875,2101890
2022-12-05,2460.8683740217275,2484.5305699257824,2446.812937224266,2479.65625,1640511
2022-12-06,2467.304954052851,2517.6106986070267,2464.512860680038,2512.499755859375,1484562
2022-12-07,2517.705196988416,2574.257849291455,2514.108496735504,2562.47412109375,2368561
2022-12-08,2550.832398988402,2565.9762062069585,2542.030014827384,2560.67578125,1314703
2022-12-09,2578.8955092729643,2594.891293269608,2566.1652933597697,2576.57666015625,1883397
2022-12-12,2557.599549215296,2578.233031586393,2544.7745919949284,2571.84423828125,1163204
2022-12-13,2571.608025266028,2574.447489408758,2553.43550096779,2565.2666015625,1265839
2022-12-14,2574.4472108229606,2574.4472108229606,2528.400664721609,2540.98876953125,886858
2022-12-15,2525.5610674143977,2539.6636446214534,2506.7258196555204,2520.73388671875,990722
2022-12-16,2525.2298150780803,2543.875581215562,2511.3164886240284,2528.353271484375,1793864
2022-12-19,2528.3532446001177,2574.4471604113696,2528.3532446001177,2572.64892578125,1546941
2022-12-20,2561.1961967536704,2561.2435673627783,2511.268961210893,2531.42919921875,827567
2022-12-21,2544.112235934674,2550.9269029512657,2508.2878057158546,2523.526123046875,779092
2022-12-22,2533.274999413956,2544.63285481951,2500.621165122985,2503.7919921875,852567
2022-12-23,2491.1562255903627,2507.767134935955,2468.4878859382347,2480.839599609375,1189702
2022-12-26,2480.6974733525367,2496.69325788262,2467.25739107319,2477.384765625,605144
2022-12-27,2484.5309741561628,2493.901112828227,2437.4431966459647,2454.47998046875,870960
2022-12-28,2454.24357514997,2463.8031971249948,2440.1409952820527,2445.3466796875,822651
2022-12-29,2442.1755247043534,2445.0623591572944,2403.511399647527,2430.62841796875,1345863
2022-12-30,2441.8914589151973,2448.043630384934,2418.465882934276,2424.0029296875,696432
2023-01-02,2436.1647005891805,2441.9857388335363,2402.233253769305,2421.494140625,681703
2023-01-03,2413.591434194584,2424.9019180028267,2399.346745564858,2406.01953125,821843
2023-01-04,2414.01751764992,2421.494680028095,2391.822421426849,2400.38818359375,1672649
2023-01-05,2401.760590653467,2453.2494437087807,2401.7132200398096,2445.44091796875,2008493
2023-01-06,2441.9389358938606,2472.131809376192,2437.111754869187,2438.578857421875,991782
2023-01-09,2450.788749169992,2488.742778610976,2432.4741142837315,2483.6318359375,1267078
2023-01-10,2483.6315641006518,2511.3637051593632,2475.160543802256,2502.3720703125,1413088
2023-01-11,2502.5142459691024,2506.1583171616658,2449.605659749921,2454.47998046875,1471687
2023-01-12,2447.712590671319,2463.3296419148805,2435.076884052882,2451.451171875,1703829
2023-01-13,2451.5928915519858,2498.018168868088,2429.3030554809857,2483.584228515625,1348015
2023-01-16,2487.323285993481,2487.323285993481,2445.725181387519,2458.124267578125,930068
2023-01-17,2466.026961468533,2531.8552440285057,2462.5723729118167,2524.803955078125,1892865
2023-01-18,2525.22977657706,2549.3652185945693,2517.6578731990176,2542.455810546875,2038075
2023-01-19,2527.2176659301786,2535.925309193316,2472.131880238682,2507.95654296875,1649842
2023-01-20,2413.5441938833374,2465.601029437684,2400.340733626147,2412.361083984375,4569549
2023-01-23,2423.0093539601016,2464.6548272312907,2415.437449728976,2457.46142578125,1388360
2023-01-24,2464.654504542396,2470.333431972217,2442.6960313623167,2461.341796875,1462462
2023-01-25,2461.341851465384,2500.6211003928256,2455.189679946628,2482.022705078125,1591810
2023-01-27,2494.4689942843343,2504.9277323557003,2440.2351884893287,2472.368408203125,1581382
2023-01-30,2470.3335129424054,2470.3335129424054,2394.803729434912,2430.722900390625,2744039
2023-01-31,2430.580780203988,2451.5927640980008,2405.214859802832,2438.862548828125,2366794
2023-02-01,2461.0576512823754,2463.707863466756,2410.562663337218,2436.496337890625,2014615
2023-02-02,2432.0006824744128,2498.4914580898358,2425.848511065157,2493.853759765625,1980667
2023-02-03,2498.728240030675,2515.244408886857,2490.351729068288,2507.010009765625,1638238
2023-02-06,2490.209874014334,2503.4607057270678,2460.632124655555,2496.456787109375,1697446
2023-02-07,2503.460860958945,2503.981475595175,2456.420451677146,2462.004638671875,1495745
2023-02-08,2453.95949463252,2467.967563837129,2440.377529906776,2444.58935546875,1061956
2023-02-09,2448.5640218617564,2460.7736224664864,2428.6877773858782,2448.280029296875,1102484
2023-02-10,2446.671168862906,2448.232781433851,2418.607895662112,2439.572509765625,1523011
2023-02-13,2423.009250290585,2452.113755933724,2413.5443704066374,2442.885498046875,1146525
2023-02-14,2446.6714896647204,2462.7617857282794,2432.663420994152,2441.560546875,1944364
2023-02-15,2413.54425096214,2434.177734303244,2401.2399077219407,2412.0771484375,2009134
2023-02-16,2423.009482560239,2424.8077174801,2387.8475428512183,2391.8701171875,1982857
2023-02-17,2389.8820161677286,2409.9948846206253,2372.750492255035,2380.890380859375,1395341
2023-02-20,2383.2566712281323,2406.918870108475,2373.981043051805,2377.05712890625,632091
2023-02-21,2392.7215901185214,2407.8180270371454,2377.8617751925917,2381.505615234375,862797
2023-02-22,2381.50562449602,2388.5097741526906,2349.8930185796685,2360.58837890625,885515
2023-02-23,2358.647968348811,2381.268937894084,2347.3848541888447,2357.3701171875,757215
2023-02-24,2358.8367948043333,2376.8674331957154,2339.670417294244,2351.264892578125,732783
2023-02-27,2353.915363623792,2353.915363623792,2324.574239268208,2336.073974609375,853991
2023-02-28,2337.5884740548054,2341.942410793656,2305.3131444686555,2328.975341796875,1780454
2023-03-01,2326.467353411683,2337.825208676508,2317.0024740243284,2334.27587890625,967339
2023-03-02,2334.275854509554,2337.825184242716,2313.216498092793,2323.959228515625,827174
2023-03-03,2334.039045110785,2356.660012363278,2324.242803403406,2338.771484375,1176008
2023-03-06,2349.1356616034195,2365.131446197715,2343.125601919311,2351.880615234375,1214503
2023-03-08,2353.9151777635657,2367.5445097640745,2335.174672955772,2352.116943359375,1448340
2023-03-09,2351.8806295944114,2358.600555264015,2325.4261070415814,2329.685302734375,1038910
2023-03-10,2318.895362798551,2338.2983648138043,2314.2576645034133,2333.5185546875,772024
2023-03-13,2334.039282464656,2355.335261319261,2314.1630355336915,2323.72265625,1314549
2023-03-14,2330.253643967204,2339.718524730678,2309.1942842684757,2311.749755859375,1250763
2023-03-15,2320.6939381737066,2327.887339724695,2264.9458849201847,2277.344970703125,1738040
2023-03-16,2295.1857946714217,2337.1626256092,2278.9062489514567,2327.7451171875,1628035
2023-03-17,2339.386657074509,2350.318638214497,2309.24115698828,2316.434326171875,2127178
2023-03-20,2316.4343396815416,2381.9786252187464,2295.233103649422,2376.8203125,1561128
2023-03-21,2380.4174139296765,2388.225940237796,2327.177461828864,2330.821533203125,1595161
2023-03-22,2340.286119524661,2348.615028345868,2323.0598545484304,2343.83544921875,1063244
2023-03-23,2342.5573240711,2366.266889869348,2334.0389338017503,2352.116943359375,1578627
2023-03-24,2339.9072311494,2364.231922830893,2337.82500408164,2348.047119140625,1449326
2023-03-27,2352.022605917367,2370.952365321128,2332.146358543417,2365.2734375,1387736
2023-03-28,2375.495605438165,2378.9975647887627,2339.623571942456,2349.9404296875,1412387
2023-03-29,2352.0223835517227,2403.8899656295807,2347.3373147574616,2395.4189453125,2613254
2023-03-31,2421.873717590059,2431.007235027009,2381.8845966679137,2423.3408203125,2146167
2023-04-03,2432.4740326839024,2432.4740326839024,2380.464566021321,2400.38818359375,918048
2023-04-05,2378.0509696903587,2450.0314243612925,2368.112846234936,2444.541748046875,1489612
2023-04-06,2437.2065292163597,2446.671408941472,2416.3837938211127,2427.978271484375,797414
2023-04-10,2427.978258211828,2431.480217475743,2389.8821175265043,2396.6494140625,853322
2023-04-11,2404.079512943406,2418.276832901733,2397.4540969628533,2411.414794921875,913184
2023-04-12,2419.222903450367,2419.222903450367,2383.871490423721,2393.620361328125,1109809
2023-04-13,2389.882290370634,2425.233710937876,2389.882290370634,2400.48291015625,1261711
2023-04-17,2435.3135382206806,2440.992466020651,2405.404426043704,2415.29541015625,1566977
2023-04-18,2423.0093885161623,2423.0093885161623,2394.6147472444886,2405.073486328125,1474786
2023-04-19,2411.651461400883,2411.651461400883,2375.9215388467683,2396.129150390625,1320243
2023-04-20,2383.067515668273,2396.8861017243007,2347.290223307466,2359.216064453125,1401364
2023-04-21,2358.647983898515,2375.2115231112857,2352.6376929537028,2364.279541015625,1206288
2023-04-24,2368.112752095522,2370.8574746055406,2342.6523197332685,2365.983154296875,1735797
2023-04-25,2357.55939785529,2365.983047447952,2345.444306932658,2357.1806640625,1701098
2023-04-26,2356.7551418739185,2383.2568061198904,2349.372489190163,2376.442138671875,1245903
2023-04-27,2379.4232551362525,2387.0425290910475,2325.5208144237527,2336.831298828125,2743893
2023-04-28,2305.692062306279,2335.7430553117138,2289.554396225135,2325.804931640625,3761927
2023-05-02,2339.528894213416,2345.397073120602,2318.895411277431,2320.50439453125,1760370
2023-05-03,2325.4734735570173,2356.754945860884,2321.4035292425083,2352.968994140625,1258140
2023-05-04,2353.8678929466923,2375.0693592576763,2347.4317294044986,2372.6083984375,1150227
2023-05-05,2366.219821553534,2385.1495801259625,2361.203389316609,2366.9296875,1354871
2023-05-08,2371.661967746427,2391.632954128573,2363.5220796768936,2381.6474609375,972810
2023-05-09,2389.881958912603,2389.881958912603,2366.2671319100623,2381.17431640625,1651327
2023-05-10,2386.0960948435104,2399.3469259929784,2371.75689499437,2387.705078125,2025658
2023-05-11,2401.1925818470027,2459.9222059298563,2388.5571062375384,2453.67529296875,1749356
2023-05-12,2455.189704550188,2498.728149580762,2447.9963038103265,2483.016357421875,2170011
2023-05-15,2496.787651862166,2527.832500479615,2482.685074908687,2519.787353515625,1561055
2023-05-16,2527.122601132833,2535.073006773357,2508.760828970788,2532.706787109375,1477905
2023-05-17,2529.0157101178734,2530.9086859488,2505.4008828422952,2519.314208984375,839404
2023-05-18,2522.863753310702,2526.36571268063,2481.5496447162177,2486.944580078125,1434067
2023-05-19,2487.985493784788,2507.246616279918,2461.483830796552,2500.1005859375,1174757
2023-05-22,2493.9954827369143,2513.351113038564,2482.6849991537706,2496.9296875,768232
2023-05-23,2491.156256034893,2508.0037875682942,2484.530840460333,2487.654296875,703864
2023-05-24,2479.7983649267308,2496.835147586533,2468.440509820196,2475.0185546875,628872
2023-05-25,2470.3335907044107,2485.6192789214074,2442.4595663272125,2458.265869140625,1072231
2023-05-26,2464.418072314996,2514.534564526677,2463.8029475598632,2510.41748046875,947073
2023-05-29,2527.122817111749,2536.161823215901,2503.50798906221,2508.47705078125,698267
2023-05-30,2513.398475530659,2522.3901100693683,2508.997399476377,2514.392333984375,948051
2023-05-31,2514.392587719504,2536.58768373697,2496.835190185868,2524.803955078125,3388305
2023-06-01,2524.283158160309,2585.0950040215016,2512.452059743735,2553.529541015625,1541080
2023-06-02,2564.982063971908,2591.672975027533,2547.6139195584715,2571.323486328125,1509260
2023-06-05,2571.0871198698524,2576.3401741550915,2540.515513175117,2551.542236328125,1000190
2023-06-06,2555.517134705319,2562.9942961134498,2527.2643806189585,2547.140625,655372
2023-06-07,2546.0524054755024,2581.072457149329,2535.972401951196,2570.850341796875,1428490
2023-06-08,2562.1428353437727,2575.914280987985,2531.7604802555584,2536.492919921875,923536
2023-06-09,2545.059082270691,2545.059082270691,2479.893516460668,2495.1318359375,1413808
2023-06-12,2503.4605106722456,2514.8183655410803,2492.1026558034114,2501.993408203125,775484
2023-06-13,2488.8845837933386,2552.6777735038395,2486.896866845138,2532.706787109375,1787924
2023-06-14,2528.069189204348,2557.5050554214995,2510.085919045276,2554.334228515625,1536248
2023-06-15,2568.720887130483,2572.0809655177795,2534.8365728138583,2545.7685546875,1830192
2023-06-16,2545.76851861381,2578.23310056672,2539.616347118332,2570.329833984375,1748145
2023-06-19,2578.297597254088,2587.267155221265,2552.533705645701,2560.406005859375,1068263
2023-06-20,2547.762671710834,2557.6864481081543,2526.8653856788046,2553.58349609375,1129279
2023-06-21,2562.982102341851,2582.925400746352,2546.2832853101286,2554.060302734375,1201840
2023-06-22,2546.474480526261,2555.396514492259,2527.437872726074,2532.829345703125,830052
2023-06-23,2529.918711566066,2538.745229746205,2507.1605147486616,2520.662841796875,991214
2023-06-26,2521.187471642475,2551.7702109107204,2521.187471642475,2530.68212890625,758700
2023-06-27,2530.682460603956,2539.747534504064,2515.319452703655,2529.966796875,687747
2023-06-28,2531.4932719721824,2564.557074272448,2521.0446286769024,2539.413330078125,1397573
2023-06-30,2543.898134552068,2562.93474232793,2529.9666876744527,2555.53955078125,1160181
2023-07-03,2563.98430099116,2581.9714072296324,2537.6955430131725,2577.39111328125,980665
2023-07-04,2577.391135866774,2582.782375553581,2552.533704969618,2576.38916015625,721907
2023-07-05,2576.3414348058154,2633.069661354906,2572.667834439286,2629.682373046875,1717547
2023-07-06,2633.5468688839683,2638.41347517002,2610.407076199385,2630.875244140625,1265020
2023-07-07,2627.0584210397765,2642.850547089924,2567.801373090765,2574.576416015625,1178930
2023-07-10,2585.836118257277,2587.219921184591,2529.6327526973287,2534.9287109375,1518183
2023-07-11,2535.453148594602,2592.3721682597725,2524.861233906453,2561.5986328125,2476367
2023-07-12,2581.112437160341,2581.112437160341,2521.521558001949,2551.245361328125,2395826
2023-07-13,2562.028187364794,2564.413732937298,2529.8233221359947,2533.1630859375,1495067
2023-07-14,2533.449635836551,2563.5075128719,2529.6805200708413,2554.346923828125,1419016
2023-07-17,2547.762695162516,2579.442694067729,2547.762695162516,2558.927001953125,912701
2023-07-18,2562.600662477168,2577.4388016680173,2554.728362545665,2559.9765625,1215904
2023-07-19,2559.928745844099,2573.43083950197,2539.0789860492114,2549.289306640625,1166542
2023-07-20,2546.8560199797525,2591.9428279236045,2536.5026597850565,2579.490234375,1430764
2023-07-21,2528.678465109267,2553.8222102024315,2473.3338043634794,2484.784423828125,5198952
2023-07-24,2484.784018551376,2486.644697318208,2457.1116926919326,2462.121337890625,1777469
2023-07-25,2462.0738156481693,2468.180952061506,2444.9934026192527,2450.575439453125,1653775
2023-07-26,2461.405662799776,2479.822119275007,2454.5353388663257,2465.03173828125,1300033
2023-07-27,2443.7530728837423,2464.7458755402995,2436.1193264631765,2452.197998046875,2276136
2023-07-28,2452.34102474826,2475.003709315486,2447.760730327246,2466.272705078125,966450
2023-07-31,2457.159621060771,2464.6500941483187,2437.0732813698723,2443.56201171875,2003252
2023-08-01,2452.3407832060807,2455.9668589723788,2428.4853281165274,2434.30615234375,1758897
2023-08-02,2421.8056184609263,2455.632604639891,2419.897182197364,2451.338623046875,2082908
2023-08-03,2440.842283719155,2443.800453185906,2421.042256996987,2434.496826171875,1475310
2023-08-04,2434.496856002665,2441.7965317946764,2418.9908107892797,2429.439453125,1359318
2023-08-07,2423.7142672792547,2456.15768660504,2422.521494509924,2451.577392578125,803823
2023-08-08,2451.577350563966,2466.844841749746,2438.5523653314685,2448.380859375,1002061
2023-08-09,2448.380931470091,2451.338868196379,2424.668515338569,2435.355712890625,1212549
2023-08-10,2432.3498731332065,2434.5921460549325,2411.881939976849,2420.565185546875,1313334
2023-08-11,2418.942934447687,2420.517301160485,2384.59108212417,2387.262939453125,1472199
2023-08-14,2387.263051795864,2423.7141391062746,2374.190309528014,2417.130126953125,1060479
2023-08-16,2417.9889965520374,2438.0753369006125,2408.8284083521016,2435.737548828125,1155882
2023-08-17,2435.7372179772437,2443.418487320136,2417.0344500109054,2426.815185546875,1532873
2023-08-18,2416.175870450372,2450.193654307578,2416.175870450372,2437.788818359375,1970819
2023-08-21,2437.7886187075496,2457.016019667198,2422.807441574342,2445.42236328125,977004
2023-08-22,2455.7759560723107,2457.1117683143766,2436.1189687404285,2448.3330078125,960025
2023-08-23,2457.1120271633886,2465.222882398685,2445.184298876188,2456.20556640625,1136112
2023-08-24,2466.654001778148,2473.094974510064,2449.4303169912287,2463.07568359375,1143934
2023-08-25,2449.478041248532,2462.550783578756,2434.6876596204243,2446.18603515625,802955
2023-08-28,2447.5698330373084,2450.4324878127904,2422.7601583164624,2438.695556640625,619841
2023-08-29,2441.7486907746006,2441.7486907746006,2406.633649801656,2410.498046875,958564
2023-08-30,2410.4979591327333,2419.897100599207,2404.6296110055214,2416.032470703125,1227377
2023-08-31,2416.1283950070488,2423.5235865317863,2377.053203801286,2390.364501953125,3235414
2023-09-01,2390.3642869657338,2399.3816021309085,2385.5454385871035,2390.125732421875,813413
2023-09-04,2398.904590339745,2398.904590339745,2377.911789628737,2386.88134765625,1143301
2023-09-05,2395.087846509409,2407.9220355882544,2387.549615397008,2392.27294921875,844088
2023-09-06,2398.379543497772,2410.4505427775584,2392.6542346431925,2407.969482421875,1094146
2023-09-07,2395.0873554052546,2406.394932718721,2385.545174706429,2392.654052734375,1894798
2023-09-08,2389.362481808183,2405.631949453119,2387.0246937042134,2398.7138671875,1018234
2023-09-11,2398.713833652969,2422.6645714527635,2394.1812970595506,2420.135986328125,1121083
2023-09-12,2432.302191730767,2432.302191730767,2374.094881532424,2384.4482421875,3946716
2023-09-13,2379.820412320104,2394.133686652422,2377.911975742461,2391.7958984375,1231305
2023-09-14,2396.042061734736,2398.9047165277284,2378.9616479885917,2386.30908203125,2081195
2023-09-15,2361.4994188575743,2376.003489954568,2353.102251497174,2356.6328125,3750697
2023-09-18,2358.207299000642,2378.8182728429147,2349.2852654286894,2374.715087890625,1499641
2023-09-20,2337.500590177752,2366.4612065970864,2333.0635686007568,2353.913330078125,1795159
2023-09-21,2353.1021255686346,2369.323835274501,2331.059591547644,2360.11572265625,2223720
2023-09-22,2355.010422285743,2376.003221836102,2345.4682406719435,2368.798828125,1176741
2023-09-25,2368.7989210371984,2385.259184966629,2347.3767690666537,2362.501220703125,1122778
2023-09-26,2360.735651228966,2375.048923164469,2348.5693700837887,2365.458984375,1263548
2023-09-27,2362.644213894024,2390.125744073198,2355.9646866334188,2387.21533203125,1086791
2023-09-28,2385.545349415744,2386.49956755551,2340.8878938819985,2347.710693359375,1612346
2023-09-29,2352.6724573465917,2359.5905384960165,2338.311428505793,2352.72021484375,1249567
2023-10-03,2376.0034833723507,2384.591447770082,2349.094574852148,2355.869384765625,1585626
2023-10-04,2354.103984851398,2396.0895843663584,2352.290830548836,2393.0361328125,1587335
2023-10-05,2402.7213546953185,2409.2100848511195,2381.108406306482,2404.200439453125,1909928
2023-10-06,2404.582377342664,2404.6301348507286,2379.820458856237,2384.97314453125,1083342
2023-10-09,2371.2323822449016,2401.290257512795,2367.4155091950106,2396.328369140625,1468771
2023-10-10,2397.187033262411,2405.441160876135,2388.7423415554345,2401.00390625,1092373
2023-10-11,2403.0554655876986,2446.5676751580454,2401.0515142086524,2439.36328125,1697398
2023-10-12,2438.0273547301217,2450.002839014336,2422.950661481965,2439.935791015625,1625010
2023-10-13,2436.1668326066474,2458.7339999485785,2426.290581008693,2451.81591796875,1531977
2023-10-16,2442.7986380497687,2463.7914388455088,2435.737516422029,2441.176513671875,954899
2023-10-17,2441.1767091109923,2452.3410165625755,2429.869129137181,2439.125,1253538
2023-10-18,2452.388674487406,2453.53368980148,2423.285017690539,2431.586669921875,1084689
2023-10-19,2409.4010688685216,2437.4549920889817,2409.4010688685216,2431.443603515625,1272343
2023-10-20,2404.6298962420647,2427.1017817460606,2371.280016297584,2380.91748046875,3608160
2023-10-23,2379.820071849205,2395.03980478579,2366.7950872556053,2369.80078125,922707
2023-10-25,2361.7377747002747,2376.003290029655,2352.1478353104817,2363.884765625,1435836
2023-10-26,2348.331254299622,2376.003585211726,2343.2260931701107,2363.026123046875,2650560
2023-10-27,2354.342518434208,2380.7743149372195,2351.050512366958,2368.417236328125,1784812
2023-10-30,2357.872903078266,2377.9114829911123,2349.666534309549,2365.4111328125,875135
2023-10-31,2357.109575260617,2377.9115770619464,2354.819544936772,2370.27783203125,920414
2023-11-01,2371.232445279319,2379.772652362786,2353.865719033344,2359.066162109375,1267131
2023-11-02,2379.011355660792,2399.196906557308,2367.7651670957143,2390.353759765625,1595123
2023-11-03,2400.158200400705,2415.057059874558,2389.392619844332,2411.93310546875,1125583
2023-11-06,2417.459988171291,2420.1033340828108,2394.4870030272687,2400.54248046875,1338677
2023-11-07,2399.196893948721,2408.0400406939307,2388.863814377428,2399.62939453125,1473411
2023-11-08,2401.1190451871635,2427.071893153558,2400.8306332753555,2421.64111328125,745022
2023-11-09,2422.3138514915827,2424.188176858875,2377.1366729379083,2380.64501953125,1823094
2023-11-10,2380.9338586137587,2392.084066636767,2369.735777491523,2390.113525390625,771062
2023-11-13,2381.12570952572,2390.7378755052937,2375.166213552788,2382.038818359375,760809
2023-11-15,2404.867852274532,2405.973392229623,2379.972434809914,2389.968994140625,1457029
2023-11-16,2384.009624060808,2408.6168655699284,2379.3478638462443,2394.5830078125,1420578
2023-11-17,2369.3989427459933,2435.242280505872,2369.3989427459933,2430.724609375,1756043
2023-11-20,2436.155274741052,2436.203382503675,2403.0414110314414,2409.2412109375,944231
2023-11-21,2407.8475864746533,2419.382185691298,2401.119070264944,2408.087890625,1088806
2023-11-22,2410.491162813797,2426.3512382545014,2406.8866002136365,2424.09228515625,816610
2023-11-23,2409.0010569157093,2429.715322104033,2409.0010569157093,2422.169677734375,1023670
2023-11-24,2417.556118746465,2422.0737901202465,2410.2026704841705,2417.652099609375,735137
2023-11-28,2433.560117956324,2433.560117956324,2403.041491020365,2413.182373046875,1880641
2023-11-29,2414.576193135095,2430.580356278902,2410.827542118069,2427.1201171875,1265214
2023-11-30,2418.565042466016,2455.4277927656576,2418.565042466016,2446.824951171875,3095684
2023-12-01,2448.6993458061406,2481.81321151669,2443.412654382418,2464.222900390625,1345599
2023-12-04,2477.055196344955,2507.237303937237,2475.1327631308727,2501.3740234375,2188039
2023-12-05,2534.728603442285,2534.728603442285,2457.1584576206137,2463.8388671875,3108717
2023-12-06,2470.3268241208075,2483.495445470624,2463.5983074792334,2468.06787109375,1573754
2023-12-07,2452.159799899551,2460.522337513956,2401.6959276222537,2420.583740234375,3925967
2023-12-08,2421.3045009355515,2435.674641491815,2411.019530736166,2424.4765625,1605805
2023-12-11,2424.476880726869,2431.8300944655984,2402.08048513157,2406.550048828125,2012243
2023-12-12,2403.041468837404,2420.3433674130333,2400.157819074799,2405.684814453125,1677929
2023-12-13,2410.5872408203054,2419.093867268127,2401.1672708282504,2414.47998046875,1513205
2023-12-14,2423.5636515244564,2426.879801973957,2404.19499556596,2418.757568359375,2166569
2023-12-15,2422.265788435191,2433.80038742774,2409.76997285993,2425.05322265625,2543337
2023-12-18,2422.410025603624,2445.81574469679,2417.459853767902,2437.164794921875,1969036
2023-12-19,2436.7323377432995,2467.395055289173,2436.684229975954,2461.387451171875,1656220
2023-12-20,2473.162519005037,2473.162519005037,2448.21899199276,2458.311767578125,1468642
2023-12-21,2443.652947621355,2479.9388749584405,2437.6453437575988,2454.17822265625,1945695
2023-12-22,2459.945622811475,2479.6986720564782,2448.02663012791,2475.709716796875,1174984
2023-12-26,2475.709843814413,2491.137184220364,2467.491394037157,2484.5048828125,893776
2023-12-27,2485.706421910149,2510.6980564691835,2480.8041228009038,2507.1416015625,1073278
2023-12-28,2512.4761193952136,2537.6118397726373,2505.747603153392,2531.65234375,1635216
2023-12-29,2531.652709789761,2563.661274331084,2519.5893927061984,2560.63330078125,1305681
2024-01-01,2560.5372049175576,2565.8717698748246,2535.689659307609,2551.7900390625,526353
2024-01-02,2545.3017864073136,2551.020978758828,2505.8919022522155,2512.42822265625,1310629
2024-01-03,2498.2022395315885,2526.6543481330496,2494.8860888029035,2505.45947265625,1008270
2024-01-04,2505.4592299572364,2521.2711964354744,2487.676722471893,2492.002197265625,1376844
2024-01-05,2494.357266422686,2527.903634441405,2494.357266422686,2518.435791015625,1150738
2024-01-08,2523.1458552671106,2524.155179786738,2466.962783291189,2478.257080078125,1189828
2024-01-09,2482.390184107417,2488.589984759606,2471.816800626399,2479.69873046875,1017205
2024-01-10,2479.93895442184,2493.684399436957,2465.520704686829,2477.439697265625,881278
2024-01-11,2479.9389831324256,2488.5899330735856,2433.656494816036,2437.837646484375,2399600
2024-01-12,2435.2424300571656,2455.908588433416,2414.432183049432,2445.335205078125,2979841
2024-01-15,2447.2575424625093,2478.7373871269424,2432.839292997883,2473.402587890625,1391204
2024-01-16,2473.402761723246,2484.3607728897164,2457.206401156241,2469.4619140625,1599406
2024-01-17,2450.141378946388,2471.624666153556,2441.250124432753,2463.502197265625,3047652
2024-01-18,2470.3269433900364,2470.3269433900364,2439.1355081014863,2449.18017578125,1273095
2024-01-19,2465.5206365167164,2474.123478353003,2433.8004879767354,2465.905029296875,1323064
2024-01-23,2355.9419607074965,2384.2978512994478,2273.709831056434,2283.418212890625,4369332
2024-01-24,2295.3854093361483,2351.039760693699,2275.343947885817,2346.95458984375,1551469
2024-01-25,2359.594554328448,2372.2825665017517,2326.3363661318594,2334.122314453125,2364765
2024-01-29,2316.5319005835045,2354.0193462775947,2316.5319005835045,2349.59765625,1587091
2024-01-30,2358.8258462479507,2397.803231432302,2352.385741116403,2363.29541015625,1793711
2024-01-31,2354.980938919441,2389.488524931115,2347.050901063896,2385.307373046875,1445004
2024-02-01,2379.1073522751103,2414.143651172756,2372.61914008399,2377.66552734375,1727534
2024-02-02,2380.933818741072,2390.449770413445,2347.291233494428,2357.480224609375,1956115
2024-02-05,2368.4377131122133,2369.158625565474,2319.175362139405,2325.66357421875,1315445
2024-02-06,2330.902202799705,2346.666296218703,2324.2699019704123,2332.248046875,1557511
2024-02-07,2345.272345774969,2345.272345774969,2318.021995302354,2331.3828125,1149076
2024-02-08,2347.0989508697385,2347.0989508697385,2305.958829773469,2323.308837890625,1758661
2024-02-09,2323.3085597899685,2334.2663348301853,2312.783285272284,2330.133056640625,886474
2024-02-12,2330.085433702878,2335.6124295793047,2289.6181178518773,2293.12646484375,1292460
2024-02-13,2297.30796514398,2307.833241313472,2287.7920134668066,2301.15283203125,957865
2024-02-14,2292.501859975465,2301.1528103904666,2278.083609283795,2295.33740234375,1397975
2024-02-15,2276.4978069685776,2292.2135601882605,2255.735431087824,2259.676513671875,2553695
2024-02-16,2278.0353875552187,2289.618095299179,2266.1645025494804,2283.1298828125,2363302
2024-02-19,2296.8270681155595,2302.0656516566646,2281.736014414093,2294.568115234375,576683
2024-02-20,2278.179717292503,2315.042235684377,2276.3532648212054,2310.861083984375,1032995
2024-02-21,2310.8609790349888,2328.835682964777,2301.2488127974525,2313.74462890625,1127778
2024-02-22,2326.4328201820526,2326.4328201820526,2273.9984023925185,2295.481689453125,2258516
2024-02-23,2295.9139801782985,2312.206554779337,2291.4922899045896,2301.248779296875,1210775
2024-02-26,2298.365464700586,2313.216216553072,2287.695864907196,2311.00537109375,831596
2024-02-27,2310.8128835108178,2315.52275112335,2296.4906149378007,2312.014404296875,1120424
2024-02-28,2317.5896100629743,2330.95042792536,2307.881227813933,2327.63427734375,629152
2024-02-29,2330.950324169719,2334.6029942925143,2304.276562728189,2318.742919921875,2848084
2024-03-01,2323.2122279938653,2344.2149028871736,2310.7645209572192,2316.243408203125,2326244
2024-03-04,2322.491790623974,2333.737979307242,2311.1493863999403,2328.06689453125,1501261
2024-03-05,2311.726050801106,2326.1443005982023,2298.365233191277,2306.77587890625,1587199
2024-03-06,2310.765055634836,2315.427050718229,2283.178181979929,2307.689208984375,1354111
2024-03-07,2311.678056369801,2331.911714844805,2309.803730738692,2325.7119140625,1820704
2024-03-11,2315.571024247443,2319.415891037393,2291.1081062307944,2297.163818359375,2040761
2024-03-12,2287.695825294208,2292.501908960792,2269.240510948934,2285.91748046875,1012157
2024-03-13,2282.889491692188,2282.889491692188,2214.499022473042,2222.90966796875,2322669
2024-03-14,2215.460202274312,2250.880893627091,2212.576552438003,2244.056396484375,2292515
2024-03-15,2239.683269773232,2246.315571877703,2226.081911140685,2237.42431640625,2751403
2024-03-18,2230.79145932396,2234.828521977646,2207.9144580570546,2210.75,2487402
2024-03-19,2194.6979075652634,2214.546937441648,2159.709715510338,2179.030029296875,4220638
2024-03-20,2162.7375973086,2177.588348542376,2153.1254302094503,2154.999755859375,2995013
2024-03-21,2147.3582675733664,2171.532775508243,2147.3582675733664,2155.384521484375,3504486
2024-03-22,2152.212156132791,2178.116897542949,2145.4836396796577,2169.033447265625,3507809
2024-03-26,2145.531726657333,2171.5324486759623,2145.435511125837,2153.125244140625,3027027
2024-03-27,2162.7374926298357,2175.233309253919,2149.2804593423607,2152.8369140625,2168861
2024-03-28,2157.9313698937053,2199.1674701311017,2153.22150219794,2176.531005859375,3186360
2024-04-01,2181.961623386236,2205.9920377407097,2174.271890792804,2197.244873046875,1427873
2024-04-02,2208.8759556978766,2208.8759556978766,2188.738512957842,2198.01416015625,1221495
2024-04-03,2193.3525442908262,2193.3525442908262,2173.359188870415,2177.34814453125,1175309
2024-04-04,2181.961857169728,2193.496457295735,2162.0166111185067,2177.107666015625,1890255
2024-04-05,2177.1075960043618,2192.054561788057,2170.523402780724,2179.030029296875,1153449
2024-04-08,2188.6902332665027,2200.176724886131,2179.2702635011747,2180.952392578125,1127294
2024-04-09,2182.9228062063685,2186.38327968871,2168.264253676801,2176.33837890625,1189343
2024-04-10,2188.5943116618496,2188.5943116618496,2170.138997102041,2173.21484375,2308993
2024-04-12,2173.214778355725,2177.011772119853,2142.167666180564,2145.72412109375,3388551
2024-04-15,2141.302119302431,2141.3502270656318,2105.064301323637,2108.957275390625,4909564
2024-04-16,2098.335886615327,2144.714588644273,2087.8106115348733,2134.669921875,2821129
2024-04-18,2129.142892042349,2150.9143543197647,2123.375592400965,2128.902587890625,3392171
2024-04-19,2133.901062005108,2156.7299585017845,2110.831861334783,2145.05126953125,2337694
2024-04-22,2162.737480263984,2166.149846333918,2142.600038215488,2154.567138671875,1804108
2024-04-23,2165.6210578207865,2185.3259986487164,2161.4877793956443,2174.992919921875,1991778
2024-04-24,2178.165191792081,2180.3760371789404,2158.556229932344,2172.590087890625,1404398
2024-04-25,2151.2512803487534,2152.981517502396,2129.191401987995,2144.33056640625,4951866
2024-04-26,2157.931283085826,2167.543449157478,2132.5552585254745,2136.447998046875,2307512
2024-04-29,2147.357921699967,2147.357921699967,2133.900889066216,2139.764404296875,1395292
2024-04-30,2145.4835970967697,2153.365526422453,2138.706973011922,2143.945556640625,2119102
2024-05-02,2119.530690414858,2156.201009483979,2119.530690414858,2139.95654296875,2140383
2024-05-03,2145.4355717304093,2148.9439186486998,2118.521505418379,2131.0654296875,2595307
2024-05-06,2138.706867307371,2173.7912720969075,2126.2110519028784,2168.69677734375,1619256
2024-05-07,2178.1170177945423,2296.9234944521527,2171.3885009699343,2287.118896484375,8277810
2024-05-08,2274.623049604483,2280.246261031328,2234.828773062636,2250.25634765625,1813439
2024-05-09,2249.823499834582,2270.4896551914408,2229.4936294593995,2235.453125,1558987
2024-05-10,2230.984005795181,2279.0448417666416,2230.984005795181,2270.922607421875,2610266
2024-05-13,2281.928283164871,2289.2814965269827,2256.840435214087,2269.095947265625,1170617
2024-05-14,2269.0482372218366,2280.294425684034,2255.735292050197,2258.474853515625,689430
2024-05-15,2258.4267627990944,2264.4343672229857,2227.763809016323,2233.19482421875,812282
2024-05-16,2246.363269783034,2257.032868270841,2212.095990708857,2252.274658203125,1880021
2024-05-17,2260.685575660522,2260.685575660522,2225.312987073205,2230.359375,1264582
2024-05-21,2217.5267973053774,2234.636500499877,2212.4804099252933,2221.083251953125,1663959
2024-05-22,2221.3716006338227,2281.92824747066,2221.0831887144805,2275.103515625,1914851
2024-05-23,2275.103801980224,2294.232155858532,2263.6654166734984,2290.098876953125,1614718
2024-05-24,2286.253860797852,2290.819640002725,2272.989023752445,2277.17041015625,974100
2024-05-27,2277.170246471372,2306.871745716128,2270.874230770176,2292.02099609375,1116934
2024-05-28,2297.30790719324,2315.571024447078,2286.3020229404683,2303.027099609375,1631747
2024-05-29,2288.8493444421374,2302.1141829106496,2277.506939529292,2281.351806640625,1592495
2024-05-30,2276.160879064105,2280.4382459438207,2243.527622854832,2260.20458984375,1837380
2024-05-31,2261.74277145962,2285.2444715554675,2227.7157960085565,2238.7216796875,5529186
2024-06-03,2288.6566591355686,2294.8564590938263,2253.3800578590203,2264.530029296875,1207445
2024-06-04,2281.9284994540258,2412.7020814982598,2251.2657798718847,2399.4853515625,7826048
2024-06-05,2435.2902576011925,2618.305796386552,2427.071809095398,2501.806396484375,11061076
2024-06-06,2499.1632419376438,2499.1632419376438,2420.343478153456,2450.718017578125,4102547
2024-06-07,2456.197087082178,2495.799168294792,2427.07217405906,2477.824462890625,3974253
2024-06-10,2478.977690876211,2493.059420648864,2447.2575420592607,2465.857177734375,1449122
2024-06-11,2466.4819457138465,2476.766917025401,2452.352107768287,2457.206298828125,1402423
2024-06-12,2468.4045259716218,2468.4045259716218,2419.3824734698487,2430.628662109375,1754677
2024-06-13,2391.4588918675045,2408.6167027553947,2351.568401318949,2390.93017578125,3123098
2024-06-14,2400.247891711929,2436.5475426423045,2397.724285194477,2406.79931640625,1729552
2024-06-18,2406.944623727065,2424.512241154475,2400.393199536596,2413.10791015625,1820933
2024-06-19,2421.600847069597,2421.600847069597,2379.380551739927,2384.71875,986976
2024-06-20,2384.7186407596823,2416.7478288529137,2374.67302789255,2409.17724609375,2163310
2024-06-21,2402.189015222162,2405.1007594830376,2355.1643928006965,2369.48046875,3646215
2024-06-24,2363.3658647573675,2395.2495606319985,2355.6497895105103,2370.35400390625,1945519
2024-06-25,2367.5879930137835,2374.7216246112826,2356.474645665412,2360.648193359375,833789
2024-06-26,2365.3069576082207,2394.4244006645386,2360.8421882229086,2373.654052734375,1738656
2024-06-27,2377.875751693822,2410.1475818616186,2364.336189135392,2389.716796875,3402726
2024-06-28,2390.5419962243377,2417.232984813931,2390.396503797189,2400.29638671875,2129791
2024-07-01,2388.649646159423,2448.777122647256,2378.021826134139,2431.40380859375,3312865
2024-07-02,2441.0122329179167,2441.0122329179167,2406.411100622321,2412.040283203125,1305210
2024-07-03,2413.496297365214,2445.71979146585,2401.5097584861905,2436.499267578125,1406405
2024-07-04,2441.060905421345,2462.2196282687923,2419.5623842855302,2422.522705078125,1977010
2024-07-05,2422.522573421036,2478.86487051249,2422.522573421036,2472.07080078125,1754286
2024-07-08,2484.688360800629,2518.6587094834504,2461.637052765858,2511.03955078125,2818809
2024-07-09,2511.039427844741,2537.099631698892,2492.452889901589,2513.951171875,1479529
2024-07-10,2505.070720585448,2548.746885802939,2497.3060689912268,2533.654296875,1764036
2024-07-11,2540.011461792932,2540.060038253416,2513.8543410931525,2532.101318359375,1432671
2024-07-12,2524.482079998987,2561.849461805969,2524.482079998987,2545.10693359375,1912642
2024-07-15,2550.688029320354,2551.9012561227323,2536.760090845706,2543.214599609375,920101
2024-07-16,2548.698279276291,2644.834418084959,2547.3395600466733,2609.359619140625,3298003
2024-07-18,2620.5698558354197,2670.2635775618123,2576.893691571496,2657.840087890625,5569762
2024-07-19,2658.4226122563427,2662.3049380865823,2636.0506622679163,2646.775634765625,1668862
2024-07-22,2626.101995167326,2669.050221276368,2626.0534187066078,2654.831298828125,1911629
2024-07-23,2665.2168331572675,2728.595853311204,2651.6286919831223,2684.96826171875,3906259
2024-07-24,2667.1576101328446,2676.3295567061523,2596.402322900649,2637.1181640625,3611927
2024-07-25,2637.118427721687,2644.6890105715133,2591.452522213848,2627.55810546875,2166670
2024-07-26,2643.863904425438,2646.7756488135715,2608.1950356708,2631.294921875,2135309
2024-07-29,2631.440238547088,2639.9814022401224,2613.581635609391,2631.82861328125,957011
2024-07-30,2635.7109154365803,2673.3209442701027,2606.399167914487,2612.22265625,1560399
2024-07-31,2625.4229277529967,2629.936036893512,2596.3540595490326,2626.0537109375,1751085
2024-08-01,2634.158148963584,2644.785968827308,2615.9111696630976,2635.66259765625,1886392
2024-08-02,2632.2168729998184,2678.319491535029,2602.2743407046587,2613.339111328125,1738872
2024-08-05,2597.227273238811,2661.334222675603,2587.764104503914,2636.001953125,3118731
2024-08-06,2640.078595023705,2690.20903019787,2628.96524828348,2669.1474609375,2296031
2024-08-07,2699.8662700374903,2700.0119994245,2655.025456133828,2663.323974609375,1713875
2024-08-08,2672.9813547553963,2678.076907446923,2640.369722746276,2652.793212890625,1464161
2024-08-09,2674.922511921985,2676.8636748479075,2638.622859990569,2666.38134765625,1284031
2024-08-12,2657.451984181087,2682.1046579872973,2642.3108189254185,2667.837158203125,1297178
2024-08-13,2661.334396791671,2676.523902048365,2649.7845720557543,2660.751953125,1051237
2024-08-14,2660.363661851899,2661.8681104387065,2626.9757559173618,2641.97119140625,946995
2024-08-16,2657.3547781329457,2672.593096011396,2630.9550108698363,2667.400390625,1727926
2024-08-19,2669.1475248307747,2678.562117366071,2656.529966165765,2661.8681640625,1130327
2024-08-20,2661.8682216798816,2675.165140246076,2654.588860754042,2670.1181640625,1097889
2024-08-21,2668.613474223842,2712.872079436205,2662.2561188648465,2709.086669921875,1417729
2024-08-22,2720.4911994091617,2727.333845951709,2700.254718563504,2710.639892578125,1552947
2024-08-23,2716.851608794936,2738.010332274373,2689.821056977102,2732.769287109375,2111401
2024-08-26,2732.769224240232,2751.549833114722,2721.122246845189,2738.15576171875,1152244
2024-08-27,2726.363034801577,2741.018908091678,2678.367834036984,2685.50146484375,1357212
2024-08-28,2678.804731489039,2699.9148774708824,2664.9739461905906,2683.02685546875,1723549
2024-08-29,2688.462067987683,2727.333902856005,2664.246107950083,2703.31201171875,2129934
2024-08-30,2713.4543899828323,2733.4484617343437,2678.901834096344,2696.275146484375,4029712
2024-09-02,2711.804574932889,2726.266143773917,2697.245853163385,2707.000244140625,957950
2024-09-03,2698.216341458918,2744.7556730503247,2693.363434369963,2712.095703125,2022116
2024-09-04,2698.216436840079,2760.188157340057,2690.111986931693,2757.66455078125,1640986
2024-09-05,2756.4998023952226,2771.0099471964018,2740.582124971867,2754.94677734375,1945173
2024-09-06,2744.9012192603564,2782.1228719736864,2744.9012192603564,2755.431884765625,1672730
2024-09-09,2769.1658330755886,2851.7621664284884,2759.5569352281223,2835.8447265625,3342754
2024-09-10,2847.6858799868537,2851.180067874474,2802.553844056592,2813.327392578125,1536584
2024-09-11,2825.9451329233075,2863.2153669847785,2812.8422829388005,2818.714111328125,1913665
2024-09-12,2825.3626974022027,2876.221072335061,2809.0568810938826,2869.427001953125,2454564
2024-09-13,2869.426835111309,2869.426835111309,2832.641893822737,2846.666748046875,1902001
2024-09-16,2824.3919995176966,2824.3919995176966,2724.810248668883,2782.754150390625,1489057
2024-09-17,2782.753950166105,2828.176968869778,2775.9598805530186,2788.965576171875,1098661
2024-09-18,2789.451155662023,2808.42607086622,2777.512956142777,2791.246826171875,464796
2024-09-19,2791.634934219749,2847.9772355641235,2788.8203427591197,2826.090576171875,1713010
2024-09-20,2838.756670058476,2901.4077499970376,2810.2214332765097,2890.00341796875,3641632
2024-09-23,2892.332571352012,2945.7145483400527,2882.578180892528,2939.454345703125,1300470
2024-09-24,2931.15585489431,2931.15585489431,2859.429983559541,2863.7490234375,1929308
2024-09-25,2863.749069984707,2873.260815338254,2819.636191624619,2862.196044921875,1055354
2024-09-26,2864.2830665701063,2904.8048428813454,2854.674167856613,2898.25341796875,1902889
2024-09-27,2898.253441779502,2940.861873814792,2865.884454754662,2878.9873046875,2977081
2024-09-30,2876.997576184141,2909.706124674832,2856.0331583870834,2871.271240234375,1627702
2024-10-01,2875.541649372102,2875.541649372102,2806.339143756762,2837.737548828125,1184642
2024-10-03,2823.178793142816,2837.106731735907,2776.9306818262016,2808.23193359375,1233447
2024-10-04,2805.950913058085,2828.2742859395566,2734.176463728675,2764.94384765625,2456486
2024-10-07,2761.3042498599384,2782.1231747563133,2741.9411971515387,2750.04541015625,1280975
2024-10-08,2760.333851126015,2801.0982750877915,2716.366460746994,2735.875244140625,1761488
2024-10-09,2740.339816511498,2742.71793084362,2679.484401539292,2687.49169921875,1476282
2024-10-10,2688.5105879502285,2705.398610217547,2652.793143577846,2673.66064453125,2065078
2024-10-11,2683.4634190604256,2707.92202219178,2656.529786044002,2701.322021484375,679307
2024-10-14,2709.475037400532,2722.189511126188,2683.6574782692883,2707.048583984375,874010
2024-10-15,2710.930950421438,2716.9485075927832,2683.9001641735904,2699.62353515625,1082666
2024-10-16,2707.0974310900656,2715.2504582721194,2674.534609706107,2699.429931640625,1170797
2024-10-17,2697.68228600496,2700.157315839255,2643.3297304021567,2658.08251953125,1368242
2024-10-18,2658.0828331824578,2659.393212942984,2614.212598375217,2637.1669921875,1137277
2024-10-21,2635.128493894694,2657.451866034502,2601.594859223444,2614.3095703125,792345
2024-10-22,2606.108224419584,2630.275606612126,2595.0920306934213,2602.80810546875,1272253
2024-10-23,2543.8940646553547,2613.8245078342925,2543.8940646553547,2581.0673828125,1431962
2024-10-24,2569.1292285561976,2569.1292285561976,2380.4482798823037,2431.40380859375,9216267
2024-10-25,2428.6859946148834,2465.276867660535,2426.550762829841,2453.678466796875,2761166
2024-10-28,2469.159144937238,2513.4177526958706,2445.9623436655493,2500.023681640625,852829
2024-10-29,2509.632330583052,2509.632330583052,2461.394481395327,2472.70166015625,1695654
2024-10-30,2481.776848804237,2487.891559530861,2458.871031051871,2479.787109375,1200637
2024-10-31,2479.7870359976687,2488.0855548126483,2449.8447403470686,2453.87255859375,1901355
2024-11-01,2469.1107892962864,2471.0519523196854,2437.4699741899085,2462.8505859375,118532
2024-11-04,2472.070785114965,2472.070785114965,2429.850494909821,2450.52392578125,1097260
2024-11-05,2445.865157420273,2455.813616889939,2433.247599068502,2447.175537109375,702046
2024-11-06,2469.61120664021,2476.386285924596,2449.77738556988,2455.3740234375,1219166
2024-11-07,2455.374054274254,2464.407253718044,2421.401332931118,2430.630859375,1322446
2024-11-08,2438.927788649835,2469.6605169147483,2422.579669604473,2462.247314453125,1700877
2024-11-11,2463.5237739285594,2469.316739128912,2430.189173754933,2445.899169921875,1175577
2024-11-12,2449.7775706822567,2451.692178555918,2411.484454346943,2416.884765625,1624222
2024-11-13,2417.4740174733843,2427.980029788182,2405.985890652603,2420.272216796875,1262017
2024-11-14,2415.804451248359,2420.026560463074,2340.4947086024417,2345.89501953125,2443393
2024-11-18,2357.62859793872,2381.0464079817834,2332.6890737165863,2378.984375,1374215
2024-11-19,2387.8210740176746,2395.970682267616,2361.507022871615,2366.661865234375,1133370
2024-11-21,2380.800928160588,2380.800928160588,2333.0328148891485,2339.611328125,1291829
2024-11-22,2347.613353088314,2407.6551370493976,2334.7509378705845,2400.92919921875,1696471
2024-11-25,2425.230626434164,2460.2835069783887,2413.0554754508216,2426.654296875,4368045
2024-11-26,2441.186181184411,2449.7284438602323,2415.80462213737,2434.263916015625,982442
2024-11-27,2430.2871904428803,2447.7646089278323,2413.44813437444,2441.82421875,948232
2024-11-28,2440.9404425567004,2493.126985657585,2408.734905266916,2417.57177734375,2540530
2024-11-29,2410.600728530422,2462.050868133835,2410.600728530422,2450.906494140625,1795164
2024-12-02,2439.9589072851527,2445.359218749969,2415.9521160801214,2434.21484375,1006993
2024-12-03,2435.0494613734018,2446.291879693493,2421.303214414036,2437.847900390625,1641588
2024-12-04,2436.12953900783,2447.8137526509245,2412.024465943355,2419.830322265625,1321495
2024-12-05,2420.910398823739,2469.414913971408,2405.642199026858,2449.384765625,2071795
2024-12-06,2449.777711921342,2450.563259731998,2430.1402152325936,2438.78076171875,1308086
2024-12-09,2420.32129343532,2432.054648922866,2340.1021731538126,2357.23583984375,3385021
2024-12-10,2365.041840500616,2369.2639501866997,2345.0116899782884,2353.897705078125,2063838
2024-12-11,2361.4086980082207,2365.6799489199275,2341.77120363809,2357.824951171875,1718225
2024-12-12,2341.820292698,2356.450129788821,2295.623040287186,2302.447021484375,3231056
2024-12-13,2302.447261734775,2351.148347646369,2291.155701547438,2346.779052734375,2260902
2024-12-16,2346.975359470951,2349.626373461965,2320.170129749529,2323.262939453125,1247552
2024-12-17,2310.695063102716,2336.861929579234,2310.695063102716,2320.41552734375,2131569
2024-12-18,2307.454906369584,2339.8076328717684,2307.454906369584,2316.43896484375,988403
2024-12-19,2304.459962428923,2343.685809457716,2293.659340534284,2317.0771484375,1655915
2024-12-20,2309.467724557705,2330.479748587135,2282.515070557055,2291.597412109375,2069691
2024-12-23,2294.641369734494,2309.124022795506,2273.285593186901,2296.5068359375,1066199
2024-12-24,2288.848234775878,2314.229552226785,2288.848234775878,2293.217529296875,683646
2024-12-26,2289.9773243568984,2299.403417590653,2282.564122249837,2290.46826171875,1033769
2024-12-27,2300.5324897599107,2303.134361905232,2286.049837508968,2298.814208984375,556816
2024-12-30,2299.05968803339,2316.389681190017,2282.8587549338595,2301.0234375,924180
