date,open,high,low,close,volume
2015-01-01,294.35768041970965,294.9836233303203,292.2712414062373,294.0238647460937,2583280
2015-01-02,293.77346749454347,303.37119294572136,293.77346749454347,302.36968994140625,8272990
2015-01-05,304.8734955255384,306.6261191358723,301.70206403000327,302.99566650390625,10316090
2015-01-06,299.9494318623105,300.3667365273545,288.93292490226145,290.14306640625,13282427
2015-01-07,288.4321385473316,288.9746205119431,279.961121435418,282.2979431152344,21254332
2015-01-08,287.93138468286804,290.852432913132,284.7599817022095,289.97613525390625,12558144
2015-01-09,292.0626014360396,292.43816161299736,281.33822213149034,285.302490234375,15701030
2015-01-12,286.0536330958208,290.1013624472304,282.67356322082225,289.2250366210937,8304115
2015-01-13,291.26972071858046,291.26972071858046,283.5498239934101,284.50958251953125,13100848
2015-01-14,283.1325262147822,285.2607096200544,277.9163728386153,281.1712646484375,13127934
2015-01-15,293.8986836503855,297.1118313751533,290.05962097968586,294.48291015625,16662989
2015-01-16,294.482923567138,295.9434478736749,289.9761732559251,295.3175048828125,14726646
2015-01-19,296.69453942102786,301.952409603704,295.0253769519012,301.1178283691406,10277015
2015-01-20,300.199728286915,308.1700069564,300.199728286915,306.9181213378906,11477610
2015-01-21,305.8749952095387,309.58888071767694,304.74831461939704,307.50244140625,12457852
2015-01-22,307.8779385981736,310.71552573876505,304.2892312178652,308.6290588378906,9320935
2015-01-23,312.8854345521981,313.3862000707128,307.7110256260753,309.38018798828125,13525550
2015-01-27,312.5516649906891,321.1478608289072,311.0493962299833,320.0628967285156,13932787
2015-01-28,319.6038389724899,328.3252392172344,318.4771585434371,320.5218811035156,14787690
2015-01-29,317.2253205614775,320.31329111021614,313.42797408918534,317.3922424316406,22085259
2015-01-30,318.3519861795481,318.8110072522871,295.98513099283986,301.03436279296875,31372235
2015-02-02,300.7004942516852,301.0343379193373,292.1042999738492,293.6482849121094,37165959
2015-02-03,293.7734422389992,297.779453911865,288.01480746335915,289.2666931152344,25975650
2015-02-04,288.8077071088053,289.8092101483816,283.9671137535899,287.6392822265625,15639435
2015-02-05,284.5095924077731,288.1817608378135,277.7077375218048,280.0863037109375,18771838
2015-02-06,280.42017590032805,283.7585009883181,273.4931149213967,274.87017822265625,17811770
2015-02-09,273.32617979920974,273.32617979920974,265.81492069932847,267.1085510253906,15330887
2015-02-10,265.8148897598776,279.5855205013568,264.06226657609113,276.2889404296875,31301276
2015-02-11,278.83443951719704,283.7167496459133,278.70926213517697,279.335205078125,13732188
2015-02-12,282.2562355358272,284.8851565061998,275.4126360862202,283.049072265625,14372362
2015-02-13,287.0968265551817,288.68255618940407,283.9254233195862,286.9716491699219,9926537
2015-02-16,289.5588720100688,289.5588720100688,280.7540096084545,282.1310729980469,11084024
2015-02-18,283.5080858208558,287.0967932854875,283.5080858208558,285.761474609375,8830098
2015-02-19,283.8419114686716,286.97159768651534,277.29041182574514,282.5483093261719,10326464
2015-02-20,279.5855775652914,280.25326502218724,274.160785076567,276.2055358886719,17197010
2015-02-23,277.91635798166885,279.16824369028006,272.908871180064,274.5780334472656,12236793
2015-02-24,274.9953932488748,276.5811230975057,270.8224863177027,272.1160888671875,12177664
2015-02-25,273.40962613245506,276.24721337466985,268.11001178133404,269.1532592773437,18029910
2015-02-26,270.9893820798711,271.61532506332475,267.1920077212514,268.1517944335937,18356309
2015-02-27,270.9058976171122,281.2964605873685,269.5705508339693,279.7942199707031,17157486
2015-03-02,292.8137310302697,293.73177318539325,284.21750793541383,291.3114624023437,16237130
2015-03-03,290.4351486430114,291.6870064111692,287.18025680967355,290.9776306152344,16309976
2015-03-04,300.45015043139665,302.1193127974493,288.8077023043678,291.56182861328125,27007377
2015-03-05,289.0998209943104,292.0208693399215,283.84195078206443,290.2265014648437,12677758
2015-03-09,285.427662495364,286.2205273082722,276.8731834761491,277.7494812011719,13711772
2015-03-10,277.66599514237856,281.922361601055,275.7047057217495,278.4588317871094,15690129
2015-03-11,278.4171322875402,281.2129749711681,274.5780421415627,277.624267578125,11762499
2015-03-12,281.713743623398,283.5080833317494,279.2934330175088,282.2562255859375,12265104
2015-03-13,287.9313835436926,288.76596474669145,274.5780562792888,275.5795593261719,14368069
2015-03-16,274.9953566404768,277.91640511165065,271.78220892547046,276.622802734375,12496540
2015-03-17,277.08176124586294,280.83739014380075,275.53777642989473,279.4603271484375,11214858
2015-03-18,277.99989325376873,280.8792255504303,276.2890140796643,279.418701171875,9603665
2015-03-19,283.3411729189878,284.9269024194657,274.0355742948762,275.5795593261719,15488184
2015-03-20,274.49459940380183,274.7866986266941,264.3126749574126,265.8983764648437,23389273
2015-03-23,268.77774245120816,269.06984171124395,260.7657169392196,261.8924255371094,11517028
2015-03-24,259.1382438325642,264.27093608185965,258.26191822181704,260.306640625,18209548
2015-03-25,260.3901408181727,266.2322377272511,259.63902047647395,264.4796142578125,15109255
2015-03-26,259.5555307859796,261.8089195777983,252.54503768507044,257.01007080078125,34971712
2015-03-27,261.2247107343477,263.89540430318795,257.2604428682488,262.5183410644531,17383920
2015-03-30,263.9788358826823,266.6495294380755,261.51683666350505,265.9818420410156,14140124
2015-03-31,266.14871356062173,269.361860493874,261.8923472913746,263.3111267089844,14317689
2015-04-01,262.89385515179094,270.73892858423505,262.1009905109364,269.6957092285156,9190830
2015-04-06,271.6152596109352,271.6152596109352,266.52428405430607,268.1099853515625,10512775
2015-04-07,269.52880534912646,269.9460819126233,262.8938726515961,264.8968505859375,9849292
2015-04-08,266.14872808312026,266.8163873739313,262.5183044239419,262.9773254394531,9158573
2015-04-09,265.39763795639084,268.6525018823352,264.4795958213267,267.56756591796875,13516230
2015-04-10,266.64948263972593,268.44382216335066,264.729937742915,265.6479797363281,9053218
2015-04-13,266.9833580689499,266.9833580689499,263.72849391611373,264.4796142578125,8810668
2015-04-15,265.689702355253,268.9863103187659,261.26641410540094,262.89385986328125,11297754
2015-04-16,263.6449597848612,263.7284206903681,258.84611180850345,260.807373046875,9682703
2015-04-17,262.1009902250553,262.85211040166746,257.2603975076168,258.80438232421875,11639567
2015-04-20,261.14124910078954,265.0637720646821,257.30215903634894,259.68072509765625,11663690
2015-04-21,259.55553626029604,264.2292077649489,258.67923861241104,259.43035888671875,9953639
2015-04-22,261.433366163164,262.8938902661021,253.21270352756517,261.1829833984375,12256206
2015-04-23,262.26795979318536,263.64502303981646,258.512330209971,260.26495361328125,10352840
2015-04-24,260.7656837184426,260.8491446415953,256.3006784200964,257.26043701171875,13482295
2015-04-27,259.3051994854612,260.76569566649584,247.62100590579217,252.294677734375,24819034
2015-04-28,255.0487916236777,274.2442155312595,255.0487916236777,272.78369140625,37447522
2015-04-29,273.57654968017874,279.41864604173685,271.3231608498452,275.5378112792969,24501414
2015-04-30,276.24722862665254,278.41715664239257,271.406635061922,276.3724060058594,20787994
2015-05-04,277.7077338323845,281.1712639237283,272.2411977119162,274.82843017578125,11308400
2015-05-05,274.8284223398637,276.16374097692653,272.99233820158685,274.1190185546875,10109107
2015-05-06,272.825427335592,282.0893093162587,258.8461574525786,260.51531982421875,19967506
2015-05-07,260.5570523531018,261.22471173966966,250.87589319038565,254.21421813964844,16086181
2015-05-08,258.72098282227984,266.1487814739177,258.72098282227984,264.5630798339844,15672276
2015-05-11,267.1085501653394,271.9073992350918,266.3156853905813,269.98785400390625,9605442
2015-05-12,270.0295648946495,270.4051250390545,256.21721642520106,257.2187194824219,13692241
2015-05-13,261.34993053406936,266.3574182146728,255.79993280251188,265.1055603027344,15431501
2015-05-14,265.147247606017,265.35588589899584,259.7642003420635,262.8521423339844,11672149
2015-05-15,263.1442809594452,264.10406768045755,259.1800127169965,260.6822814941406,12014773
2015-05-18,262.89394459598736,264.4796464007801,261.1413209135474,263.9371643066406,7629436
2015-05-19,262.0175796857546,266.14876946773217,260.3901336459508,263.1860046386719,9064851
2015-05-20,263.9371229768749,267.90139087630826,263.9371229768749,266.0235900878906,7555070
2015-05-21,267.23374407160367,267.73448163328857,260.97437046020576,261.6837463378906,11132704
2015-05-22,262.89388874606664,265.52280970301723,260.1814788516011,261.7254638671875,8944914
2015-05-25,260.39011443567165,262.142737727536,259.5138167979503,260.51531982421875,5481212
2015-05-26,260.390126274272,261.22470749803625,257.5942833771254,258.4705810546875,5505501
2015-05-27,260.2232340940132,262.7269777811944,256.63449838770345,261.34991455078125,12557150
2015-05-28,262.2679242226804,263.7284481967569,259.97281912290583,262.4765625,11520281
2015-05-29,264.6465206205675,266.1487612160114,262.7269754061543,264.7716979980469,22664703
2015-06-01,264.5630249185641,266.2321871421755,263.7284438067584,264.10400390625,7621775
2015-06-02,264.5630916339918,264.98036828691056,252.8789251058721,254.1307830810547,13982208
2015-06-03,253.9220940908245,253.9220940908245,242.69695093046636,246.82814025878903,22831293
2015-06-04,247.71952812973333,248.5684615237618,242.32877685416776,246.2763214111328,20759124
2015-06-05,247.21015402022277,248.22887980516956,240.2488944043404,241.18272399902344,23735127
2015-06-08,242.4985838237959,242.4985838237959,237.99921376614333,240.3762359619141,21145729
2015-06-09,240.16399672892217,244.32376753503164,239.44239336525183,243.72952270507807,19411474
2015-06-10,243.64461868500908,249.88430319185773,243.38993012397825,248.3137664794922,17487792
2015-06-11,251.2850755509754,252.3038014104803,243.2201933696327,244.9180603027344,21760535
2015-06-12,245.7669654256617,252.13397993961263,243.77194778586045,251.2425842285156,20748570
2015-06-15,250.43612197634545,254.9779113829889,248.90801906067304,254.00164794921875,17020704
2015-06-16,252.17641667051296,257.2276115941897,249.502286503044,256.4211120605469,15828124
2015-06-17,258.2888240064971,258.3312578598945,254.72329738866216,255.8269195556641,16849471
2015-06-18,258.5434449335583,259.5197082883323,256.6757859085862,257.52471923828125,15455462
2015-06-19,255.02039512604875,259.77443965487083,255.02039512604875,258.5434875488281,9060393
2015-06-22,260.113968869761,268.1788787390734,259.81684646105185,267.457275390625,17123638
2015-06-23,267.3723397356703,268.9428762335526,264.8679738064215,266.1413879394531,13093667
2015-06-24,266.31119410941113,271.99906716817526,265.4197984703912,269.7493896484375,14984900
2015-06-25,268.5609350204295,271.3624241211659,265.88677597037355,267.2450866699219,18385230
2015-06-26,267.41486172173074,267.4572955697978,261.93921392615823,264.6133728027344,11342004
2015-06-29,256.3786223289903,265.716916991606,254.80811427063423,264.1888427734375,11605396
2015-06-30,263.21261921562257,266.22633426688344,258.1189902221651,261.4722900390625,15125139
2015-07-01,262.0665301285114,266.1414332493849,262.0665301285114,265.0378112792969,15481941
2015-07-02,266.8205714211949,267.79686334516305,264.1039788690244,265.7169494628906,9252723
2015-07-03,264.6558005236446,267.8393079944178,263.9341971374586,267.0328369140625,5716323
2015-07-06,262.4061125910095,268.9004858207757,259.1377090533991,267.54217529296875,8562220
2015-07-07,266.56592911513627,269.9616629070698,264.48601509426885,265.3774108886719,10617091
2015-07-08,261.811843770849,264.5284360792759,260.0290809590131,261.0902404785156,13252578
2015-07-09,260.62334929238955,263.9766490149655,259.5197273333316,262.7456970214844,6959346
2015-07-10,265.29251880950216,267.3299705155566,263.38239714824374,265.8443298339844,10664155
2015-07-13,266.9903619369151,269.2825020264997,265.5471837310412,268.60333251953125,8964077
2015-07-14,269.11274487895014,269.19764107843486,264.9105112464505,266.0990295410156,8304877
2015-07-15,266.48105804405765,268.2638213027216,266.0141431787356,267.11773681640625,7378092
2015-07-16,267.20261396387394,270.173895349162,266.9054915249891,269.1976318359375,13466904
2015-07-17,269.96163523242126,272.5084353152906,268.7306832839452,269.4947204589844,9339699
2015-07-20,270.7681529310425,271.48972781246727,264.9529205454183,268.093994140625,9420104
2015-07-21,269.5371861617559,269.5371861617559,263.5097557367096,264.401123046875,10702263
2015-07-22,263.84930303636554,269.7069693682328,263.00036960397847,268.94293212890625,11141670
2015-07-23,268.9853512788088,269.7069546312855,265.0802691024919,265.632080078125,15214876
2015-07-24,264.6982428763896,264.6982428763896,254.0865331098317,255.19015502929688,21177605
2015-07-27,254.55346235803097,254.55346235803097,246.27632598960324,247.1252593994141,11212545
2015-07-28,247.63466709882684,250.7332787016936,239.99423696959124,241.94679260253903,25395273
2015-07-29,244.0691079590419,246.1065310222508,241.14026065265995,245.55474853515625,13165836
2015-07-30,246.1914261000139,249.2900657722198,244.0691068564815,247.0403594970703,13705803
2015-07-31,249.9692278201568,262.2363435129622,249.67210538092263,256.71826171875,38967790
2015-08-03,258.458565893112,266.5659096525476,258.24631117294905,265.632080078125,28709585
2015-08-04,266.14142262580725,267.6270631418976,260.66577533798227,266.6083374023437,16797983
2015-08-05,267.202639122598,271.48976921104907,262.32126410042537,264.3162536621094,13798462
2015-08-06,265.5047015354649,265.58959771748806,261.005346379309,264.0615234375,12210084
2015-08-07,263.0852306481596,265.3349082181552,261.8542787605677,263.2974853515625,6215341
2015-08-10,263.17015318649294,266.5659153006641,260.75068301074987,262.8305969238281,7698226
2015-08-11,263.08519409252244,263.08519409252244,255.3174367794604,256.5908508300781,10431195
2015-08-12,254.68082805010752,254.80818660325076,246.27636046797,247.5922088623047,10292540
2015-08-13,250.6483507392485,253.5771695684313,246.91303234923336,247.80442810058597,13754705
2015-08-14,249.7994129581851,257.90675677604503,247.9317537958809,256.8880310058594,9669851
2015-08-17,256.3362311312412,258.6708051852597,252.00666779404972,257.1427307128906,8331141
2015-08-18,257.2276078081932,258.24630504866224,252.7282239214092,255.61460876464844,5936462
2015-08-19,255.57221841191645,259.2650749071344,255.10530355632196,258.50103759765625,8754270
2015-08-20,254.89303992321217,260.411121180264,251.15772162624063,253.1951446533203,15936951
2015-08-21,249.3749141295783,252.8980059780596,245.0029174480732,251.70948791503903,13769807
2015-08-24,239.7395209479428,241.81943489404864,227.09038737926065,229.17027282714844,33312582
2015-08-25,234.77324003077783,241.4373770356401,226.79324061339267,240.67333984375,26553623
2015-08-26,237.65963097996448,239.61218635247224,234.051656899788,236.0466461181641,16189880
2015-08-27,240.0366119474488,241.52225235809672,237.87183059137192,239.78195190429688,27884874
2015-08-28,241.98919547162424,245.59718382021887,239.10281049239208,240.8431396484375,14365759
2015-08-31,240.16399269713625,241.39494468035656,234.6034491027952,235.9193115234375,15079961
2015-09-01,233.45739141165163,236.3862243900273,227.76951783014803,230.01919555664065,17342438
2015-09-02,234.30632284264317,234.94302999542344,223.35505670875816,224.84068298339844,18825908
2015-09-03,228.06666401766503,229.04294177891765,222.16656360102124,226.53858947753903,16509187
2015-09-04,224.88314004910023,225.05293242971143,216.1815512758432,218.8132476806641,21605844
2015-09-07,220.7658033111456,221.7845290977483,210.28145152603864,211.46995544433597,21698736
2015-09-08,213.76208240807895,222.6759117117435,211.55485269214657,221.4025115966797,18300349
2015-09-09,227.47239872035445,228.36378020511188,222.9730289530313,224.5860137939453,24478703
2015-09-10,220.7233601717028,229.2127229185201,217.53985270392363,227.0054931640625,13718266
2015-09-11,226.9630191251108,229.1278005359711,224.45865298383512,227.1327972412109,14872838
2015-09-14,226.0292089110081,232.01420505712576,223.35506442533807,231.2501678466797,13300446
2015-09-15,231.75953033980443,231.75953033980443,226.4961233182204,227.93931579589844,14825729
2015-09-16,231.3350654638218,232.5660318018675,228.40624645923484,231.6322021484375,13377086
2015-09-18,236.21643207373776,242.2438761581332,233.28759909463105,235.8768615722656,21286324
2015-09-21,230.82570007129004,237.9992000945867,230.06164861529436,237.1078186035156,11510079
2015-09-22,236.00417731516305,237.9991806075976,228.4486593070565,229.6796112060547,14741229
2015-09-23,226.62348556017105,233.4574156363965,224.24646330559045,232.05667114257807,12489166
2015-09-24,230.4011968565632,232.26885584765884,226.6658788743718,227.76950073242188,10557228
2015-09-28,230.910583106029,231.5048421859291,226.19898705997508,227.5997314453125,8561999
2015-09-29,223.86441493238075,231.46239600168815,217.62474441380292,228.36378479003903,29415623
2015-09-30,230.3163414847301,231.16527489692663,225.56229727749863,229.5098419189453,13700514
2015-10-01,232.14156028532105,232.14156028532105,225.8594271785762,226.7508087158203,7677876
2015-10-05,231.25016405316936,239.3999559103734,231.25016405316936,238.5085601806641,13756761
2015-10-06,241.09780914077055,241.8194124530301,237.702061536914,240.03662109375,10497246
2015-10-07,238.46607863062644,240.92799650499333,235.3250198420865,240.2488555908203,7765703
2015-10-08,239.7395159732592,239.7395159732592,235.28260849947563,236.38623046875,6649535
2015-10-09,238.9755040823781,244.40868981636487,238.1690186919824,242.880615234375,11102562
2015-10-12,244.23887465067764,247.4648444097546,242.15898921947496,244.1540069580078,7892259
2015-10-13,242.71079366973532,245.93676334186785,241.52227552755843,244.02664184570312,6102034
2015-10-14,240.6309009800508,242.1165414880582,239.35748668798277,240.1639862060547,5325426
2015-10-15,241.09782997032815,243.6446302064197,240.80070755085015,243.0928192138672,6759388
2015-10-16,243.2201799085646,248.48357280952013,239.866880077079,245.7245178222656,8890588
2015-10-19,245.68206643800383,246.10651886837937,242.4560968753557,243.8144073486328,5806930
2015-10-20,243.2201579126539,245.76695794103023,241.3524988588681,242.9654693603516,8710318
2015-10-21,242.41368720767267,244.3662426774916,236.6833650894936,239.9942169189453,5616168
2015-10-23,242.7532744833547,245.34250868888725,241.6496524458068,243.0079345703125,8208290
2015-10-26,244.28130200100293,245.97916857909428,240.88556884482023,242.2438507080078,6085533
2015-10-27,241.09782821966263,242.7107988409867,239.48485759833864,240.8431396484375,6090339
2015-10-28,237.70206638510243,238.29632543394712,228.4486671562849,230.2314300537109,15503186
2015-10-29,231.16526790369457,232.8631346767237,229.50983497579352,230.44366455078125,9035266
2015-10-30,231.1228025112288,237.4049205005424,229.6371620714658,235.15524291992188,27623495
2015-11-02,235.1552573204089,238.80567938221856,234.0516496325992,237.32005310058597,11398428
2015-11-03,238.0416537775793,239.99420918447177,236.173994562136,237.23516845703125,9079788
2015-11-04,238.508582583964,238.508582583964,231.3350677220057,232.05667114257807,7389933
2015-11-05,230.9105914954405,232.1840058913646,228.15155071945375,229.2551727294922,11422504
2015-11-06,229.12783089817435,229.12783089817435,224.7558194058075,226.7508087158203,12121540
2015-11-09,220.1291030248248,224.9680435381481,217.32761414850268,223.3975067138672,13448248
2015-11-10,221.9967503621191,226.15654960594347,221.10536888104488,223.10037231445312,8652695
2015-11-13,221.02046534063763,223.2701428705812,219.8743954060606,222.2089691162109,10160904
2015-11-16,221.5722732597137,227.81195758321468,220.38376942381768,226.8781280517578,8992376
2015-11-17,230.65590039513685,231.20771136003484,225.01047496421805,227.3874969482422,17959700
2015-11-18,226.66587547905567,227.72704923058447,220.29886146809704,221.1053466796875,9500657
2015-11-19,223.27017019021216,227.514851477971,222.9305854278331,226.15655517578125,9618626
2015-11-20,224.6284909529928,229.4249837528158,223.69466125298,224.9256134033203,9819811
2015-11-23,225.8169689690493,227.3026095476289,218.4312284202861,225.77452087402344,12735592
2015-11-24,223.56727600097656,225.3075907824584,220.4262169260588,223.56727600097656,11775700
2015-11-26,223.48240290857697,227.26016950689765,223.48240290857697,224.11911010742188,13255344
2015-11-27,225.6047504258241,230.06165806423064,224.45868031931437,229.2551727294922,11608418
2015-11-30,227.68462261439527,235.5797258622797,227.68462261439527,232.2264404296875,16528998
2015-12-01,233.49983722021636,234.94302964837377,232.01419669866235,232.5235595703125,6603705
2015-12-02,233.07535309710264,233.79694213263937,227.9817390108037,229.55226135253903,7161062
2015-12-03,228.0666421522392,229.2551602907347,225.05292721004915,225.64718627929688,8549273
2015-12-04,223.3125807417993,224.1190659186442,221.40247377098305,221.95428466796875,9085607
2015-12-07,224.37376639210825,224.58600685769008,222.08164060936505,223.31260681152344,5522740
2015-12-08,222.2089589478279,222.8456660211355,220.4261962414944,221.95428466796875,11624224
2015-12-09,221.40249393671377,222.37877155512348,219.36504251584,220.2564239501953,8129762
2015-12-10,221.4449704302163,222.336351978896,217.32761896836968,219.8319854736328,11053207
2015-12-11,221.19027777294187,221.6571925874208,209.8145440877976,211.63975524902344,18851171
2015-12-14,209.9418630778324,213.8894218693213,207.98930772931564,211.3850555419922,13279719
2015-12-15,210.4512413660673,210.4512413660673,206.33390414449863,209.17784118652344,13675557
2015-12-16,209.89941635649532,215.20527145794296,206.84325327946968,213.9743194580078,18885293
2015-12-17,215.5872830853808,216.73335310787343,212.3188796404496,214.90814208984372,17692297
2015-12-18,214.01674376834765,214.7807808904169,212.1066367140674,212.31886291503903,14450734
2015-12-21,212.31888903184256,220.29888870158177,212.2339928413682,219.1952667236328,14307700
2015-12-22,217.7520907693153,223.69463892652703,217.70964267363223,220.34133911132807,21342967
2015-12-23,220.38379218369715,223.22772916402985,219.95932546639025,222.2938995361328,11533960
2015-12-24,223.2701458841153,223.77950872312377,218.43120603808867,218.98301696777344,6097366
2015-12-28,220.7657819965634,224.96801477374925,220.72333390546083,224.1615295410156,12041784
2015-12-29,224.11909119472853,226.2414245965992,221.9967435437498,224.75579833984372,9054719
2015-12-30,223.48239046828024,224.50111623008036,222.20899039058435,222.7183532714844,10025565
2015-12-31,222.50610818428729,223.9917487019973,220.85068954253865,221.86941528320312,8546444
2016-01-01,221.82697961388772,223.779535018001,219.02549079471015,223.27017211914065,5998096
2016-01-04,221.57228701035984,221.8694236746049,216.18154994836195,216.94558715820312,9435792
2016-01-05,217.5398411452329,218.60101499447836,213.6771785933378,217.9218597412109,8966977
2016-01-06,216.8182322147444,217.9642878978483,211.5548257929698,212.31886291503903,17416181
2016-01-07,209.1778226608465,210.2814446015088,206.3763339644958,209.47494506835935,18240712
2016-01-08,207.56485397980492,210.36634289394408,206.67347243886152,208.03176879882807,14404391
2016-01-11,205.3575951797584,207.05546182770263,202.08919190809056,203.2777099609375,14208668
2016-01-12,204.59355309899044,205.3151421322149,200.00930186092177,200.98556518554688,11895899
2016-01-13,201.87698169647743,206.2065448415904,196.1891080264605,203.32015991210935,18215710
2016-01-14,198.82079434123125,203.5748381908128,196.7833429059512,200.1366424560547,14600781
2016-01-15,200.00932617028025,200.603571005476,188.25156001546404,190.54368591308597,22333902
2016-01-18,190.33144311112605,194.151657643518,184.898257975614,189.39761352539065,30239009
2016-01-19,190.7134630083516,196.316440560775,190.7134630083516,194.1941070556641,16222439
2016-01-20,190.9257179538961,193.472532602164,186.85082876577735,190.50125122070312,14353478
2016-01-21,193.98187126537903,198.2265526272213,190.33144899896303,192.1142120361328,15665863
2016-01-22,197.46251472111007,199.41507013575188,195.08549259664727,197.58985900878903,15148522
2016-01-25,200.306415469057,202.4711967230208,198.82077512848687,200.3913116455078,17137268
2016-01-27,202.04675845913732,203.1503804097441,199.24526973754345,201.45249938964844,12155561
2016-01-28,202.5136818310613,203.36261525254295,196.31644505567036,197.9718780517578,24258166
2016-01-29,185.91698802567376,198.90570633517495,185.91698802567376,195.3826141357422,47755494
2016-02-01,192.70847109477967,193.00560776699064,183.2852787582705,184.38890075683597,40395715
2016-02-02,185.06806014466983,186.511238445234,178.02188978418454,178.6161346435547,31821419
2016-02-03,175.72976938747573,177.25784393062568,171.95200262970295,173.22540283203125,23592288
2016-02-04,175.22038726441716,175.22038726441716,170.21165470214655,173.14048767089844,30869158
2016-02-05,174.4563449200172,179.12549297626202,172.84337427282847,177.76719665527344,36189377
2016-02-08,179.1254939850342,182.9457086433139,175.00815690299618,177.0456085205078,19366081
2016-02-09,173.18294479079836,179.54995968600164,170.4239040529363,177.76719665527344,20906682
2016-02-10,172.4189230605387,177.85210883284154,171.48509336535477,175.94200134277344,22742128
2016-02-11,172.97069767766914,175.6873044645691,168.0893235783176,169.15049743652344,31817116
2016-02-12,166.90080215924343,168.42889077515366,161.72230575091282,164.31155395507812,41775526
2016-02-15,164.60866235987208,175.98440845117628,164.60866235987208,172.75845336914062,34130349
2016-02-16,175.72974958434708,175.72974958434708,165.966973052676,166.9008026123047,20895952
2016-02-17,166.81592828341522,167.3677250263676,160.32156916332158,161.93453979492188,28792115
2016-02-18,164.2690908107817,168.9382381684479,164.01441652268488,166.51876831054688,32260277
2016-02-19,166.22166299593505,171.01815511457357,165.75474821223858,168.76846313476562,17617480
2016-02-22,167.66485869277997,170.89081414733124,166.77347720199006,168.47134399414062,17567788
2016-02-23,169.27783086890864,169.27783086890864,161.5100716987786,162.99571228027344,20001984
2016-02-24,160.44890447602992,162.3165637418847,157.7747598678586,158.75103759765625,20654961
2016-02-25,159.34529265608438,160.44890039934302,154.1243336138973,155.35528564453125,38340699
2016-02-26,156.4588951414972,157.85963944342942,153.44516607562434,156.88336181640625,24687792
2016-02-29,156.88336373061406,166.3065553766089,154.25166746424588,161.34027099609375,43510436
2016-03-01,165.7547372157253,175.26282463443337,165.7547372157253,173.98941040039062,27223692
2016-03-02,179.71975969650316,187.9544341636682,179.21039677337745,186.76593017578125,40766551
2016-03-03,185.57741814906908,187.0206107713697,181.8420994205523,185.0680694580078,22903720
2016-03-04,188.2515577814172,190.5012355570976,185.9594319109968,187.1903839111328,24493722
2016-03-08,186.7234471685057,186.7234471685057,181.92695551779855,184.0917510986328,18883002
2016-03-09,180.6535682737708,184.98314549073064,178.3189944189064,183.66729736328125,17300650
2016-03-10,185.06802617345235,185.78961519127904,182.181641603932,182.9456787109375,13551255
2016-03-11,181.12048570809813,185.5349591754415,180.48377855682403,181.54495239257807,14879621
2016-03-14,185.9169938557668,189.1429494864529,185.61985717654093,188.1666717529297,16726756
2016-03-15,189.14293828873912,190.88325316759347,187.1903829372886,187.91197204589844,13475557
2016-03-16,186.68101551558607,193.0480300512249,185.53495973874303,192.1990966796875,17144832
2016-03-17,195.25529171076303,200.5611328909744,190.968162119772,193.34518432617188,32391146
2016-03-18,193.72718211296385,196.4862226496548,191.9868673050128,195.425048828125,18370981
2016-03-21,196.5711007397404,200.00929619545505,196.48620456197588,199.37258911132807,14818419
2016-03-22,199.1603652348188,199.1603652348188,195.7646318346062,198.3114318847656,12269251
2016-03-23,196.48624195278603,199.49997134228968,195.9344309414154,198.82081604003903,16987529
2016-03-28,198.6510203760724,198.6510203760724,190.07677566463616,191.3926239013672,20214214
2016-03-29,189.56741703798548,192.66602839114697,188.80337978627705,189.65231323242188,20447782
2016-03-30,193.9818699451965,202.8956993194895,192.5386916861545,201.62229919433597,23016348
2016-03-31,202.21655928698863,204.8907038377848,198.3963446435032,200.9007110595703,30614104
2016-04-01,200.3489123579641,203.27774566427965,197.54742334734317,202.3014678955078,15677352
2016-04-04,203.95687179598144,204.63602707413688,199.2028275962201,202.6834716796875,16716587
2016-04-05,200.688477831246,201.6223074778796,191.01061083407268,191.5199737548828,26547328
2016-04-06,192.96313391300168,193.55737867988185,186.85079413899413,188.93067932128903,19185947
2016-04-07,189.1429317627455,190.37388371400607,186.0443064644045,187.0205841064453,17724531
2016-04-08,187.23282833673693,189.9918689461215,186.3838949567891,187.82708740234372,9986871
2016-04-11,188.63357171247767,191.1803718391451,186.001875398433,190.7559051513672,19813955
2016-04-12,190.41634059236875,196.0193181447921,189.99187389134653,194.1941070556641,20594261
2016-04-13,197.88698465709595,207.31017711678803,197.84453656051093,204.29644775390625,26283492
2016-04-18,206.71590164504804,207.09792023495416,199.1603690369401,201.32516479492188,17531597
2016-04-20,202.98058434433983,203.40505102937303,198.73590324489987,202.08920288085935,18650423
2016-04-21,209.0504874284929,218.8556982901529,209.0504874284929,214.82325744628903,36699098
2016-04-22,217.53982801884536,218.1765351397953,212.40376570723168,213.93185424804688,25884500
2016-04-25,214.865701828666,216.77580910304115,213.2102688746234,214.7383575439453,18121694
2016-04-26,212.95558768403384,216.22399114265988,209.26271753914156,215.67218017578125,30185498
2016-04-27,212.99802193625916,213.0829181178172,206.50366353456928,207.64971923828125,36932788
2016-04-28,208.328914309028,210.53614420639332,202.895714389754,203.8295440673828,41386507
2016-04-29,204.38133571579857,207.47996114705603,196.35888801918185,201.15538024902344,71191415
2016-05-02,192.9631458528883,195.67973830962777,191.35016106657596,192.4962310791016,36440547
2016-05-03,191.64729750283595,195.25528592748145,186.7659231916589,187.6997528076172,29305611
2016-05-04,185.45006912639656,187.4450583347464,181.20538789200612,182.0543212890625,36781786
2016-05-05,181.9269844182959,186.6810287344692,181.46006960597725,182.22412109375,27512684
2016-05-06,181.67231117807844,186.97815228227137,180.99315587921916,185.5774078369141,22266141
2016-05-09,186.42633308245465,191.85951782289425,186.00186641517703,191.2652587890625,19006901
2016-05-10,191.35016240717437,193.1329253288304,188.97314042859688,191.43505859375,22357177
2016-05-11,186.76590218919435,192.3264311635447,185.6622803129464,190.11920166015625,32481385
2016-05-12,193.98186693160963,197.71718530665092,193.7696407052689,196.78335571289065,23932051
2016-05-13,195.6372962885949,195.6372962885949,189.6523002295932,192.28399658203125,23963285
2016-05-16,193.3027167232607,193.3027167232607,184.81335459262527,189.9494171142578,21535308
2016-05-17,191.3077452017113,193.1329565113469,188.67604848761127,191.81710815429688,18859442
2016-05-18,189.31272867287453,193.0904953367717,188.2940170857923,192.24156188964844,17541869
2016-05-19,192.24154573329977,193.9818605785541,190.3314385132467,191.47750854492188,16422069
2016-05-20,191.4350509617897,192.1141919291032,186.42633289369903,186.85079956054688,14666521
2016-05-23,188.5486862313776,190.07677494361187,187.06304561524232,187.6997528076172,14239474
2016-05-24,188.9731528160133,191.18038256612604,188.12421939282453,190.6285858154297,10907585
2016-05-25,192.6660106870101,200.00931709433613,192.36888828289491,199.4999542236328,20767970
2016-05-26,200.2639941215353,206.29143821598825,197.8020759212604,204.7209014892578,33650773
2016-05-27,202.89571549902288,210.70593775397103,202.13167821282585,206.41880798339844,26582685
2016-05-30,206.5036901943652,209.3476271490712,202.72592362017684,207.5648498535156,15860236
2016-05-31,210.91813986959937,211.3850546575472,204.8482476262772,207.6921844482422,18249239
2016-06-01,207.05549795820448,208.3713605139931,202.98060874261915,203.7870941162109,11862710
2016-06-02,202.98059399591773,205.78208279981035,201.70719388026896,204.8907012939453,15349530
2016-06-03,206.20655821736176,209.17783952852264,205.4425209655133,206.92816162109372,16566716
2016-06-06,206.6310156745894,208.83825963492276,205.44251175288665,206.7159118652344,11592082
2016-06-07,208.41380070372853,216.3513525902169,207.73464540234824,215.7146453857422,25311345
2016-06-08,216.6484775103682,221.74209245740136,214.6110258319111,218.72836303710935,25139392
2016-06-09,218.17654877903695,220.0866560121889,214.95059337949576,216.09664916992188,13787240
2016-06-10,214.78079363570052,218.728337999452,213.50739360698472,214.44122314453125,13236448
2016-06-13,210.87570642112345,210.87570642112345,205.82453959143757,206.92816162109372,14297870
2016-06-14,209.68718373098335,210.06920232281144,207.3950579309069,207.9468688964844,11988708
2016-06-15,208.41378228353747,211.5548414331709,205.1029307612884,210.49366760253903,15761615
2016-06-16,211.1435016611412,211.1435016611412,206.24829549185847,207.1147003173828,17042021
2016-06-17,209.19409302852364,209.8439039483448,203.73571911216845,206.5948638916016,15150943
2016-06-20,202.43608130337108,207.4612520298972,202.43608130337108,206.2915954589844,17780316
2016-06-21,208.1543646319542,208.8041754370757,204.68873124190569,206.07498168945312,12191664
2016-06-22,205.42519920187823,209.973831515667,204.29886427543497,207.0713653564453,13478056
2016-06-23,207.1146855629751,209.19406862999207,204.5154712715645,208.7175445556641,7979235
2016-06-24,198.4073138193486,201.78628969627644,191.5626895906205,200.0968017578125,33755632
2016-06-27,198.66721873966424,203.0859005178632,198.66721873966424,201.61300659179688,13172968
2016-06-28,199.79355033010427,202.912610358754,199.2737045682692,202.0028839111328,11302737
2016-06-29,204.38551323027693,206.46489636887685,202.95594095807976,205.0353240966797,7959976
2016-06-30,207.5045960290661,210.36374088531736,207.33132377685752,208.41433715820312,16851065
2016-07-01,209.41066994174497,210.23376758453745,207.5478952711052,208.24102783203125,9108853
2016-07-04,210.6236330286548,215.69211088827225,209.58394153376915,214.99899291992188,10389222
2016-07-05,217.29498832126745,217.55490394593724,211.87993647409328,212.35646057128903,10375132
2016-07-07,212.2698125988952,214.04595840817305,211.40340781222167,212.13986206054688,8365966
2016-07-08,211.83660718835617,211.83660718835617,207.54789046728183,209.6272735595703,7658211
2016-07-11,213.65607057666827,217.20833299192904,213.65607057666827,216.47189331054688,9682385
2016-07-12,217.98810989644147,227.1720329761473,217.2516701625902,226.73883056640625,28558549
2016-07-13,228.94814089942204,231.93725030911187,224.48615217263765,226.2622833251953,28248930
2016-07-14,226.1323178214521,233.58343048607168,224.9626757996919,232.71702575683597,14269365
2016-07-15,233.4968128394908,233.80005016543652,228.21172595782568,230.24778747558597,11510449
2016-07-18,230.2910988179933,235.01301798859717,227.47527599304087,228.2117156982422,14310274
2016-07-19,229.59795908563376,234.3631998007785,228.08174348674945,233.1935577392578,14880049
2016-07-20,231.33076014491627,232.3704516342721,229.98783136381496,231.76397705078125,7892214
2016-07-21,231.24414786257185,233.0636008280326,226.39226359310248,226.912109375,12060367
2016-07-22,227.3019872358796,229.0781184854608,224.26955596975876,228.25503540039065,8537587
2016-07-25,226.91210595004128,234.75308516912003,225.91573609497345,232.7603454589844,11311554
2016-07-26,232.58708695631225,233.49681347900275,225.35258192801763,226.6955108642578,11896758
2016-07-27,227.6918639409322,237.22234541899525,227.6918639409322,234.4498443603516,26003949
2016-07-28,234.70974792163375,237.39561999996235,234.3198672525235,235.6627960205078,9781546
2016-07-29,233.97333194620936,235.0996669196956,227.04206441182868,227.7785186767578,21115025
2016-08-01,221.71365672849944,226.39225402549275,215.04231977550805,216.16864013671875,42583051
2016-08-02,216.12533906703365,216.12533906703365,212.2698244627256,212.52975463867188,20758831
2016-08-03,212.00988792361443,214.219221489494,208.41430384980015,209.7572326660156,17910406
2016-08-04,212.13986394913263,212.3131361825933,205.03532427585597,208.24102783203125,29931529
2016-08-05,211.4900517275994,215.4322095134073,211.4900517275994,213.0929107666016,16307350
2016-08-08,213.2228440672112,214.60910906811156,211.8799152988464,212.4864044189453,11906856
2016-08-09,212.61638077450627,215.30223845379305,211.83660485231667,212.57305908203125,12642014
2016-08-10,213.1362291927837,213.61275327357507,206.334926982663,207.37461853027344,12527824
2016-08-11,207.937770554582,210.84022197443247,205.8150659239901,210.27706909179688,9477854
2016-08-12,210.97020594582463,214.5224830308918,208.9774662060817,213.0929107666016,11727486
2016-08-16,213.13621703127205,216.12531188214373,211.27344250740995,215.34555053710935,13111524
2016-08-17,214.95567857690617,217.98809524122584,212.4430931354385,214.52247619628903,12875115
2016-08-18,214.7390806622452,219.89420233290508,214.65243727339416,219.11444091796875,20725328
2016-08-19,219.20105837944325,221.54035688991843,217.94477301678276,219.98081970214844,14519513
2016-08-22,220.2840936502519,220.8905682766595,215.47553107847648,218.55126953125,9076842
2016-08-23,216.99172441278048,218.3346531508002,215.51883060717063,216.77511596679688,10995821
2016-08-24,216.77512670271057,218.07473381589733,214.73906537906572,215.2589111328125,9228359
2016-08-25,214.8257095548936,216.7751275030512,213.22285059639324,213.9593048095703,14901359
2016-08-26,215.04234029434312,215.56218610387376,210.71030157649548,212.52975463867188,11490424
2016-08-29,212.26982358164867,218.897853990063,211.92326455752067,217.0350646972656,9206563
2016-08-30,218.3346790585014,222.5800742223048,218.3346790585014,222.01690673828125,15251016
2016-08-31,222.7533356543725,226.0023753179326,222.6667068122605,223.5331115722656,16906022
2016-09-01,224.1828779643475,228.73152416111068,224.1828779643475,226.08897399902344,18098850
2016-09-02,227.4319492271171,228.99147198978744,225.4825312314184,226.3922576904297,8034006
2016-09-06,227.60522546622423,237.3089939231746,227.60522546622423,236.2693023681641,23274042
2016-09-07,237.39564191961557,245.8431250613404,235.79278286265293,240.99122619628903,35379184
2016-09-08,241.38108906645,243.2005564597945,238.73855317189845,239.43167114257807,13116475
2016-09-09,237.87216524975685,239.12845074938093,234.0166508204746,237.48228454589844,16649877
2016-09-12,231.33076138592597,233.45346606661167,227.6052123143812,232.37045288085935,20617372
2016-09-14,231.070849484404,237.2223406285343,230.76761218617483,235.186279296875,16807794
2016-09-15,235.4028925081579,237.1790237266076,232.37046129518848,234.4498443603516,12135372
2016-09-16,235.44622598515903,238.78189466943888,230.72430670217244,231.634033203125,32955498
2016-09-19,232.19719354656567,236.0093862113196,232.02390677367288,235.31625366210935,15144399
2016-09-20,235.57619370458167,237.5689189646449,233.36684542695343,235.7494659423828,11030397
2016-09-21,236.35593869734183,236.52922546545636,231.28746069595883,233.8433532714844,12736748
2016-09-22,239.12843858189504,240.77461924397676,235.9227351837323,238.6952362060547,14886284
2016-09-23,238.95518996847176,238.99851166720904,233.84338948346863,235.01304626464844,17977571
2016-09-26,232.63037122410216,232.8036434362273,226.82543945718305,227.47525024414065,15868805
2016-09-27,228.34168319442108,228.99147951944667,224.3995253808397,225.26593017578125,17356843
2016-09-28,225.61248910901705,227.38863493464407,224.44284699894965,225.91574096679688,17881785
2016-09-29,227.86514369433507,228.298346062512,210.79692094414085,216.90509033203125,48140661
2016-09-30,214.91236752160307,219.46100001439555,213.95931932860265,218.46463012695312,15104920
2016-10-03,217.46826320874288,222.58006291488203,216.6884872926467,221.9302520751953,18062317
2016-10-04,222.53674828314684,225.22260602665952,220.8472458633029,223.70639038085935,16201324
2016-10-05,225.22262796070444,225.7857954888317,220.5873517272216,221.32379150390625,16039581
2016-10-06,222.66670947258336,222.71003116533728,215.9087289960252,217.6848602294922,13854468
2016-10-07,217.38161899460007,219.9808332587032,215.04232033996308,217.12168884277344,10506728
2016-10-10,218.24801377510545,219.37434863015827,215.865393537386,216.6884765625,6611211
2016-10-13,214.69575377737004,215.21559955554704,207.1580118073455,208.93414306640625,20736801
2016-10-14,208.97745542866613,210.53699269356164,207.67784831243333,209.4539794921875,10761830
2016-10-17,213.1362246386605,225.1792769377992,212.7463294098669,224.1829071044922,69082439
2016-10-18,224.8760507435645,235.142972343677,224.8327290493364,234.23324584960935,41861705
2016-10-19,235.09968562671773,235.4029229703106,228.08177414482464,229.6413116455078,19968759
2016-10-20,231.46072205116496,241.64101381020296,231.46072205116496,240.51467895507807,36280178
2016-10-21,239.34507597526013,242.6374231550727,237.4823011712489,240.3414459228516,26362877
2016-10-24,241.85764257048973,248.1824211703652,241.85764257048973,246.5362548828125,22219428
2016-10-25,250.5650316830645,252.64441484942927,246.57955212831897,250.60836791992188,25090671
2016-10-26,246.4495739280025,246.4495739280025,239.99483122320888,241.2078094482422,30017739
2016-10-27,240.34143691068903,246.92613102340567,238.2620536993631,246.3196563720703,19868027
2016-10-28,244.32690216726712,244.7600900113682,238.7385637514232,239.86489868164065,18314125
2016-11-01,242.1175541212124,242.37746973627563,237.82883740496283,238.56527709960935,11675305
2016-11-02,233.92999124308176,236.7458139056291,232.84697805214503,235.576171875,15140657
2016-11-03,235.66279680061453,239.47498920873008,232.5437368950473,233.71337890625,12484687
2016-11-04,235.5761813362849,236.0960125647576,229.90119954988333,233.7567138671875,16361493
2016-11-07,238.95515744693628,243.63376939253868,236.0960129735819,241.46774291992188,18741014
2016-11-08,247.61923317096355,249.0488054013957,241.0778611735694,245.36659240722656,35153751
2016-11-09,220.8472367807088,246.70951599799545,212.26980358079604,243.8503570556641,51055067
2016-11-10,249.9585408431205,258.53597403486447,248.39898902707196,253.51080322265625,29137485
2016-11-11,248.8755385738517,254.94040152278964,237.8288550790618,239.4750213623047,33036653
2016-11-15,239.99483495005128,243.2871816168456,230.59431900068276,233.71337890625,37961485
2016-11-16,239.6482851606657,241.0345356765661,228.90484002684744,230.6376495361328,26473183
2016-11-17,232.15388158625225,234.4931804065739,228.73156947466777,231.8939514160156,14654093
2016-11-18,232.5870723632924,233.06359644253504,227.25866410587705,229.25140380859372,9983933
2016-11-21,230.6376411860797,231.33075914775583,220.8039228548943,226.30560302734372,21625818
2016-11-22,229.59794893286625,230.98419939393952,224.65942166742025,227.60520935058597,23906788
2016-11-23,228.81821723740143,230.33443296567145,225.6991423891268,229.55465698242188,17154845
2016-11-24,228.5582751732705,228.5582751732705,223.5331186800376,224.6594390869141,22563160
2016-11-25,227.3453246923527,227.3453246923527,222.71004862784469,225.3525848388672,16611698
2016-11-28,222.363474563842,222.363474563842,219.63429496659091,221.1938323974609,32939718
2016-11-29,221.36711320163624,224.7461038280372,220.32743608320416,221.32379150390625,32329662
2016-11-30,223.05661189266704,230.89759182477027,221.7570046105392,230.0745086669922,20731093
2016-12-01,230.6809711882005,232.1971867797432,223.3165016902904,224.52947998046875,15792045
2016-12-02,223.5331259308096,229.2514151649876,221.67035121443595,224.83273315429688,12275345
2016-12-05,224.9193823113604,226.47891974494925,223.3598448777715,226.0023956298828,8305074
2016-12-06,227.21535276398103,227.5619117803924,224.87605395407212,226.13233947753903,8335181
2016-12-07,227.6918961176046,229.07814684282687,217.4682952012952,224.1396331787109,13635680
2016-12-08,225.74244799863757,228.21171177530533,223.87967337853183,227.64854431152344,11336250
2016-12-09,228.68826073248283,233.75673937319712,227.8651775648374,232.58709716796875,17533272
2016-12-12,231.7639939180776,232.45711193318516,228.60159752927092,229.46800231933597,7515935
2016-12-13,228.21170499606572,229.9011927948628,227.4319436339072,229.0781097412109,10265621
2016-12-14,229.16475881586027,229.3380455861373,225.26592282351297,225.7424468994141,14369017
2016-12-15,224.1396282117473,226.738842810554,223.31653050066564,225.52587890625,24089601
2016-12-16,225.26592804717168,225.26592804717168,220.80393903267705,221.4537353515625,24984316
2016-12-19,221.2804622684044,224.3562007037876,220.71729479647195,222.7533416748047,7417692
2016-12-20,222.40677993650928,222.40677993650928,216.81845606399523,217.98809814453125,11590031
2016-12-21,219.20106965892623,221.23713099142168,217.6415323909068,219.41766357421875,7685724
2016-12-22,218.9411521499588,220.7606196722057,217.1650208641047,219.1577606201172,8951470
2016-12-23,219.1577600957568,220.71729745008227,216.73181794759304,218.2047119140625,6932571
2016-12-26,218.5512552280277,218.72454199129535,214.08926649748696,214.99899291992188,6767153
2016-12-27,215.73546936581067,220.37074565001583,213.7427294178757,219.67762756347656,9094498
2016-12-28,220.06747520752145,220.76060773217844,217.51156810969675,218.11805725097656,9176829
2016-12-29,218.4213357791048,219.2010972400484,216.6451898299477,217.55491638183597,6379633
2016-12-30,218.3346877120469,223.09992885440363,217.7715202057026,221.1938323974609,11565801
2017-01-02,222.06022228243103,222.06022228243103,214.9556827433014,218.29135131835935,10404350
2017-01-03,218.42129177574856,221.28043594635207,215.99534994532507,220.4140167236328,10236706
2017-01-04,220.2841105798628,221.5837178622228,216.94844170881856,217.55491638183597,6901181
2017-01-05,219.37436004820344,223.9663140026805,218.5079407456427,222.88330078125,13830668
2017-01-06,223.7497300479087,226.47892424652616,222.8400034958236,223.66310119628903,9055143
2017-01-09,223.44650054491845,225.1359886173459,221.800319628638,224.1396331787109,7875294
2017-01-10,225.2659222145664,226.912102900666,223.79302829827543,225.439208984375,14784040
2017-01-11,227.4319620609797,232.2838319353747,226.6521860932815,229.3380584716797,19565679
2017-01-12,230.98421163391103,233.49679709003203,229.98784178997275,232.50042724609372,11711279
2017-01-13,233.93001222410552,233.93001222410552,229.4246868345341,232.2405242919922,7810375
2017-01-16,231.67733550105413,234.66643037863145,229.4246657421887,233.3235015869141,8863676
2017-01-17,233.4967950914727,235.2296046092152,230.03116151362707,232.5437469482422,6968061
2017-01-18,231.67737060533705,235.74947928843324,231.11420308028823,232.58709716796875,10085606
2017-01-19,232.89031377857265,234.53649450969985,230.637658421248,233.6700897216797,8605687
2017-01-20,231.33077381729757,232.15387144472865,227.47527400846735,228.25503540039065,12207059
2017-01-23,226.82546180971627,226.82546180971627,221.0638511636399,223.1432342529297,43793368
2017-01-24,224.00963969679128,224.00963969679128,221.49705421343583,222.79666137695312,26520047
2017-01-25,224.39952736539524,225.95906473549908,221.45373940265287,225.2226104736328,41078083
2017-01-27,227.9084607013853,237.39561999996235,225.8723994331472,235.6627960205078,89433645
2017-01-30,236.52920401712987,238.78185908654615,233.67005985666944,234.62310791015625,17037472
2017-01-31,232.890313849713,237.3956391080997,230.85425241759089,233.0202789306641,20535165
2017-02-01,230.33442858320032,245.6265070354613,227.6918778973828,243.4604949951172,44647342
2017-02-02,244.326945056005,249.09218668592905,243.070644826612,247.6192779541016,28910922
2017-02-03,246.88280053908497,246.88280053908497,241.5544063850197,243.93702697753903,20058936
2017-02-06,245.66981210921065,253.2075534127384,245.66981210921065,251.5180511474609,22521926
2017-02-07,249.52537137065747,253.59749482471776,247.1860868288775,249.6120147705078,12829302
2017-02-08,249.52537460607115,249.9585916109401,244.9334197780947,247.6192779541016,16662978
2017-02-09,248.3123682931676,250.1751575785837,241.38111512626304,246.92613220214844,16631183
2017-02-10,247.44595055231912,247.9224746371256,242.68072424661568,243.98033142089844,16771421
2017-02-13,244.76007479632625,246.1463397976628,242.20418232931937,244.02362060546875,13144434
2017-02-14,245.1933067911568,247.7058777226364,243.7203983187765,246.6228790283203,12889195
2017-02-15,247.099425704616,248.13911734351672,241.38112169066213,243.243896484375,14420745
2017-02-16,243.72039421877372,243.8503592951552,236.3992609270533,241.55438232421875,20257845
2017-02-17,242.3341243408464,247.87914052423656,238.9984561100227,245.1932830810547,28496342
2017-02-20,245.2366321309471,247.9224900330616,243.5471441536988,244.63015747070312,9947581
2017-02-21,245.1933153072296,247.6192429372548,243.63377793733227,246.7528381347656,11288626
2017-02-22,249.43868570615865,249.43868570615865,243.5904462579024,247.92247009277344,30787289
2017-02-23,246.6661761686884,250.1751313510944,244.37019925230223,246.49288940429688,25499159
2017-02-27,246.92615693411196,247.40268109151376,240.0815319305716,241.5977478027344,15037984
2017-02-28,241.68434090318752,242.6807107106047,238.868518244786,239.43167114257807,18179839
2017-03-01,240.5146933863896,243.41715953598305,240.2114560805965,241.81430053710935,19983162
2017-03-02,244.37021110110004,246.4929013560177,239.99485096930852,241.42442321777344,20040929
2017-03-03,241.38109044774092,241.6410205950034,238.3053521683238,239.08511352539065,9256168
2017-03-06,239.0851115073988,242.03089923068117,238.69523083215617,239.7782440185547,12565060
2017-03-07,239.99485327389436,241.94427131709887,238.26204369876191,239.12844848632807,9116307
2017-03-08,239.30175549246445,239.6049928310414,235.74947811228373,237.74221801757807,12969749
2017-03-09,237.39561996174297,239.08510770840223,236.18264172208407,236.96241760253903,11647809
2017-03-10,238.39198853459223,239.56163053576856,233.4101396156195,234.4065093994141,15749231
2017-03-14,243.5471251073694,249.6986164174102,243.5471251073694,248.87551879882807,43486006
2017-03-15,247.70590222334516,248.65895047572064,246.14637929572143,247.05609130859372,13414846
2017-03-16,248.26903511222892,249.0487964672702,244.7167727810852,246.49288940429688,10712223
2017-03-17,247.87917843650507,248.39900969529364,242.29083970973093,243.1139373779297,25016303
2017-03-20,242.33414540162545,242.33414540162545,237.39563243037333,238.30535888671875,12153226
2017-03-21,239.12844290051484,239.82157543979355,234.88304790671995,235.7061309814453,16304076
2017-03-22,232.1105623112465,232.84700204987203,229.16477427202085,229.5979766845703,24534011
2017-03-23,230.89758033257897,232.4137960241111,229.42468633586444,231.2874755859375,13209523
2017-03-24,233.62675827218007,239.8648928447368,233.62675827218007,238.04542541503903,19227304
2017-03-27,242.59409272103625,242.59409272103625,235.83611181656968,236.65919494628903,12341637
2017-03-28,239.9948272705078,240.47135130627407,238.34866126096597,239.9948272705078,13884032
2017-03-29,241.68434443075043,245.0200128870284,239.6916047868305,244.50015258789065,18910842
2017-03-30,243.6770735554885,245.40988297503668,242.37745194846764,243.76370239257807,16543030
2017-03-31,242.89731538687383,245.1066635544264,238.86852883007003,239.86489868164065,19741901
2017-04-03,241.55439256435184,249.0055057906868,239.86490466921316,248.3990020751953,20449617
2017-04-05,248.2257453751287,248.2257453751287,245.1066706514577,246.79617309570312,10569529
2017-04-06,244.24026164872947,245.7997844413557,241.9442700684589,243.3305206298828,17014957
2017-04-07,242.68073145673463,245.19331703555312,238.9118603596877,240.2981109619141,18994042
2017-04-10,241.2078247594144,241.7276705256613,239.21508507919472,240.5580139160156,10395338
2017-04-11,241.1211945286423,246.27631623759643,239.77826561856,245.7564849853516,13734771
2017-04-12,245.8863989970324,247.74918796733647,240.9911936414586,243.28717041015625,18252914
2017-04-13,242.85399306221456,247.61923384325956,242.07423167708387,245.02001953125,15178825
2017-04-17,245.19330696992373,247.53259113168508,243.0272804949908,244.67344665527344,8250861
2017-04-18,245.5398406982422,252.6443944282765,244.8034155784184,245.5398406982422,19072022
2017-04-19,245.5398516597436,246.92611674872936,241.5977084845105,243.0706024169922,15189575
2017-04-20,238.2187337728504,239.34506877774265,235.4895541944905,236.3126373291016,31912290
2017-04-21,236.22597439466588,237.22234422986529,231.3307686030098,233.1935577392578,18165879
2017-04-24,233.7567153140522,235.09965871339463,229.77125043614177,232.7603454589844,24418208
2017-04-25,235.66282115409533,236.78915613374716,233.93001153219544,236.0960235595703,13685114
2017-04-26,237.39563222034548,240.8179441229012,236.52922745719837,239.908203125,15205419
2017-04-27,239.95154652979048,240.0381899224174,236.83248619175555,237.52560424804688,14909618
2017-04-28,236.96242582658087,242.07422547648568,236.4425800690224,241.29446411132807,9367499
2017-05-02,242.7673713370778,243.33053885096888,238.2620603106735,238.7819061279297,16780204
2017-05-03,239.04181690746145,240.03818682509032,235.0130300835533,236.3126373291016,24205196
2017-05-04,252.64436814747344,259.70558490962486,245.92969579250803,258.0160827636719,122120948
2017-05-05,259.9222095017319,261.43842508082867,255.11366169953183,258.6659240722656,48189321
2017-05-08,259.92224200158194,266.9834604807171,259.92224200158194,262.4781494140625,30347849
2017-05-09,263.647766573059,264.55750758177606,258.53598131818933,260.44207763671875,15194182
2017-05-10,260.87525362076843,262.21818241279425,257.62622859687104,258.7525634765625,15054831
2017-05-11,261.3951418016417,262.0882598458964,259.53235251959825,260.09552001953125,10261128
2017-05-12,259.9222002870092,260.39872433541103,254.1172683260481,256.93310546875,16605029
2017-05-15,259.4890412114024,262.9546604619069,258.3627062295716,261.4817810058594,17095696
2017-05-16,262.391456921678,265.0340072337318,260.8319342901545,262.2181701660156,19569431
2017-05-17,264.7741214729309,268.75960118220416,263.8210732417883,268.3697204589844,23363685
2017-05-18,263.9943433028279,271.05556119672764,263.9943433028279,266.8101806640625,27753950
2017-05-19,266.7668497685276,270.6656859165124,263.1279437863346,266.0303955078125,16728969
2017-05-22,268.19640087154755,269.92921033719216,261.8283013632914,263.25787353515625,14850717
2017-05-23,262.6514303477516,268.3697197188362,262.34819301771955,265.1640014648437,29771017
2017-05-24,265.8137857174115,268.2830494332835,262.78135455162345,265.7271423339844,20506719
2017-05-25,265.42391056038286,277.12041854991656,265.1206732544349,275.25762939453125,41775676
2017-05-26,274.6511190843709,279.8495470142301,273.3948337888909,278.59326171875,21336089
2017-05-29,276.60058278498354,277.5969672612023,271.878677836822,272.83172607421875,11266657
2017-05-30,272.7883666017336,281.14920608626466,272.4418221442929,278.4633483886719,15573191
2017-05-31,279.84956025050144,283.6617525465936,276.0807041858026,282.83868408203125,128437479
2017-06-01,282.015633910856,282.1455844574291,274.43458427646266,277.3370361328125,19883562
2017-06-02,278.9831597644951,279.8062573261973,273.4814942248631,275.6474914550781,13469524
2017-06-05,275.9507551554862,278.67994915524594,275.6475178410068,277.0337829589844,9831353
2017-06-06,277.72690377182164,278.16012071452707,275.2576399102071,276.3406677246094,10757211
2017-06-07,278.1601277998518,282.4055085228909,277.9001976276076,281.322509765625,15076040
2017-06-08,282.3622034220253,283.3152516424574,276.81720088218844,277.4236755371094,20130322
2017-06-09,276.3406580971321,279.936227715069,273.87139432154464,279.1131591796875,10190305
2017-06-12,277.25038808002046,277.8568627334664,272.7883843161732,273.5681457519531,10376913
2017-06-13,272.9616168260048,276.12399817829885,271.96526165277254,272.788330078125,9305516
2017-06-14,276.47058232474825,279.3297265207566,273.26486461962907,276.42724609375,22264301
2017-06-15,276.3839431011706,276.73051661549005,273.524798862193,274.4345397949219,11206355
2017-06-16,275.9074283374205,276.60054630464293,273.48150090978186,274.2179260253906,23228635
2017-06-19,275.51756327725985,278.7232813200092,274.69446564879127,277.7702331542969,10719809
2017-06-20,279.27649707262924,283.74299408662495,276.6350168767574,280.909423828125,16849368
2017-06-21,280.4771800122972,281.1015240366504,278.1238494820786,279.6127014160156,7142413
2017-06-22,279.9968917594427,281.7738933330975,276.8751425374249,278.171875,9180870
2017-06-23,278.1239043151066,281.96605822345305,273.3692564415126,280.3331604003906,14937649
2017-06-27,281.4377842605402,281.5338439744855,272.2646531882933,276.5390319824219,18053262
2017-06-28,277.3554059626102,281.72584305851933,277.3554059626102,278.89227294921875,17157094
2017-06-29,279.9969447559509,285.1838462747036,278.6521968530604,281.6778869628906,34774280
2017-06-30,280.47716640363245,280.47716640363245,276.154744318645,278.7001647949219,12435467
2017-07-03,279.9008585618486,280.7173219906068,277.3554378949109,278.6041259765625,6106230
2017-07-04,280.8614221955481,281.2456316927477,277.2113880021932,278.07586669921875,8335899
2017-07-05,278.5561304066054,282.158149334277,277.11532283553674,281.2936706542969,6958589
2017-07-06,282.3982766788564,283.45487473317286,280.8133942540339,282.1581420898437,9967582
2017-07-07,281.91803981716845,281.91803981716845,277.7877361380151,278.2680053710937,8477468
2017-07-10,279.516690062254,281.6779015833539,278.5561516084318,279.9489440917969,1114874
2017-07-11,281.0055264908716,281.3897653415749,277.30747671597646,278.219970703125,10893055
2017-07-12,278.267934071734,282.97456548728394,277.21133616702684,280.8133544921875,8091465
2017-07-13,283.9351218228009,287.6812152573142,283.4068081800901,286.14434814453125,13747313
2017-07-14,287.5851428973592,287.5851428973592,282.87851138886344,286.48052978515625,6196683
2017-07-17,288.16149238699546,292.5319299628771,287.0088346921264,291.5233764648437,12506474
2017-07-18,289.8424715272195,293.92475985858886,289.602336919492,291.9076232910156,11772154
2017-07-19,291.04309657548856,292.8681134306283,289.506229476786,290.3226928710937,10780451
2017-07-20,290.0825712652947,291.8595730115341,287.9213600555367,288.7378234863281,8458004
2017-07-21,287.6811934924659,291.9075557478923,284.51142912922114,290.13055419921875,9705981
2017-07-24,290.2746913687817,294.5010541045037,289.6983625154325,291.09112548828125,15604131
2017-07-25,294.6931563806328,294.6931563806328,289.8904645927261,292.1477355957031,18129742
2017-07-26,294.69315958443826,298.7274324554609,292.5319482563843,298.10308837890625,26050717
2017-07-27,302.0412956093191,302.0412956093191,293.3003907695733,295.077392578125,28535869
2017-07-28,292.00367220812586,292.00367220812586,282.2542133572591,284.46343994140625,30571846
2017-07-31,287.05682600672145,294.3569216572172,284.559421006118,290.6588439941406,21526493
2017-08-01,291.90753183779367,293.1562489947441,289.50618651284753,290.6588439941406,10722862
2017-08-02,290.2747319185163,292.43594343550734,287.87338578852626,289.93853759765625,8348096
2017-08-03,289.45822453405094,289.6022994173692,282.92654646169746,284.0311889648437,14389817
2017-08-04,283.35883624241825,285.76018231226925,282.30223810902254,284.5595092773437,10099985
2017-08-07,285.5200172287314,291.04311259985064,284.9917328750761,288.3055725097656,11870705
2017-08-08,287.9693839667324,289.65032606967134,282.2541984047224,283.8390808105469,10288608
2017-08-09,282.7824802403423,282.7824802403423,278.41204253710174,279.1324462890625,12959158
2017-08-10,277.59557281097807,281.8219355309068,251.22878436018507,277.3554382324219,17225844
2017-08-11,272.74488026842687,278.2199313569565,269.2388917880867,275.6264953613281,17211539
2017-08-14,276.2027769152369,281.29364750198374,276.2027769152369,280.2850646972656,8428420
2017-08-16,280.18901127441114,284.12719453666523,275.96261964407944,283.3107604980469,8605873
2017-08-17,286.0963286896115,286.0963286896115,279.8047854527585,281.581787109375,8168684
2017-08-18,280.4771739649815,282.7344447550997,279.3245163192568,281.581787109375,6700778
2017-08-21,283.5989720411155,287.9213949850105,280.7173567451854,281.91802978515625,10623264
2017-08-22,285.27988038812504,285.61607466201747,280.62126368410946,282.3502502441406,7549155
2017-08-23,284.31936675515675,287.39310136431857,283.6469781489945,286.8167724609375,9142592
2017-08-24,288.16152767893993,288.3056025801181,284.94371809053047,285.9523010253906,12766567
2017-08-28,287.8733724754564,290.32273368944954,286.33650516067576,289.0260009765625,8827300
2017-08-29,288.16148251643364,290.85097796126627,286.33646565649,287.68121337890625,12737088
2017-08-30,289.8903921371925,290.3706611959442,287.5851065178439,288.4495849609375,8552010
2017-08-31,289.025992391371,289.025992391371,285.2798985757644,286.2884521484375,14865124
2017-09-01,287.8733415298142,287.8733415298142,285.42395126581835,286.528564453125,7472688
2017-09-04,288.0654108604588,288.16147054663446,282.87851025327944,285.3759155273437,6244661
2017-09-05,284.99178342349023,287.2010102384627,284.99178342349023,285.85626220703125,7683590
2017-09-06,283.2627228706387,284.31932080385377,282.6863940604032,283.6949768066406,4854030
2017-09-07,283.88708723286817,286.7206869870395,280.5732476345676,281.1015319824219,15630577
2017-09-08,283.16669907338587,283.16669907338587,278.6041418267988,280.4772033691406,8077662
2017-09-11,281.4377506445107,282.11013924850585,277.64361224667715,279.3245544433594,7639794
2017-09-12,281.1015337291793,281.82193746980425,279.03638220204857,279.7087707519531,8497603
2017-09-13,280.5732630685718,281.67787632876883,279.7087844003005,280.4772033691406,8297426
2017-09-14,280.18900053263206,283.93509359471864,280.18900053263206,282.1100769042969,12267908
2017-09-15,282.8304963886155,283.88706500158366,279.46861254986004,280.09295654296875,22632513
2017-09-18,282.30222281627994,282.78249200423323,280.6212806584434,281.437744140625,11181986
2017-09-19,280.3811331136576,283.8390769698597,278.17190667643865,283.0226135253906,7558625
2017-09-20,280.4772039826308,281.2936674596247,278.17191775776325,279.0844116210937,14617079
2017-09-21,278.0278673812008,278.94036132499417,272.45672675709926,273.7054443359375,14496834
2017-09-22,272.40865990313364,272.744854161119,264.8684286024701,266.1651611328125,23451953
2017-09-25,267.9421441790336,269.6230860388436,264.67629082933445,268.4704284667969,13358067
2017-09-26,268.47047441855244,272.79289708360966,265.8289939010175,271.5922241210937,11325047
2017-09-27,273.5132676112321,273.5132676112321,264.5322290807404,265.4927673339844,17853590
2017-09-28,265.060546875,266.8375192207961,258.52886906227604,265.060546875,32223724
2017-09-29,266.5014000544345,270.5356438864623,264.86847299244045,265.6849365234375,9980756
2017-10-03,268.4704774762401,269.6231352587052,264.2921296564354,267.41387939453125,6752832
2017-10-04,268.23031002808034,268.3743849049159,264.24408209802255,265.2046203613281,7417758
2017-10-05,265.10855208569353,266.4532997481058,260.4019206106004,261.07427978515625,10975305
2017-10-06,261.4105043874072,263.61976016600187,259.8736371747551,261.2184143066406,25447787
2017-10-09,262.56314273391405,265.3967130507078,260.5460064983631,261.0262756347656,20478222
2017-10-10,261.12234991703764,262.2269631298323,258.5288847102124,259.1532287597656,18594444
2017-10-11,260.40195382152416,261.26643247809227,255.69532174616057,257.0400695800781,12687990
2017-10-12,257.04007941966603,257.3762737193412,253.6301505419692,256.9920349121094,11831125
2017-10-13,257.0401107990406,263.8118955602696,257.0401107990406,260.5940856933594,14402254
2017-10-16,263.7638065513281,265.1085542245898,259.6815190315654,263.4276123046875,12848154
2017-10-17,263.90789406979604,265.63685125921813,262.419071451866,263.0914306640625,9183764
2017-10-18,257.8084817469008,257.8084817469008,251.9011768837835,252.76565551757807,30669948
2017-10-19,249.3557774247765,250.700525337874,246.47416219100785,247.67483520507807,3822821
2017-10-23,248.1550875888667,254.01437736300363,246.37808578584017,252.1893310546875,22939775
2017-10-24,252.86166892404785,257.5683000138206,244.9372291571973,256.03143310546875,15126641
2017-10-25,281.6298668402057,298.5353190035518,273.12909625119164,293.6365966796875,123615362
2017-10-26,287.96935486743104,302.23335370508244,283.3587830048755,287.4410705566406,43256025
2017-10-27,280.3811632762687,293.39647665675875,274.2337231557537,289.2661437988281,36889009
2017-10-30,286.81675662740264,296.27806521957683,283.59894729835906,288.6897888183594,38047961
2017-10-31,288.40164325104433,291.2832583376493,286.5285817194293,288.257568359375,19050731
2017-11-01,291.0431218061343,306.3637203063994,290.466792929996,301.03271484375,38829935
2017-11-02,301.08074446428856,307.7564681190435,299.1116233442765,304.1544494628906,27736221
2017-11-03,305.259099172699,306.07556269509377,301.6570800856392,303.43408203125,14258432
2017-11-06,302.3775030857424,307.6124495496944,299.3518127233251,303.626220703125,16349376
2017-11-07,304.58673702141493,305.4032005361889,297.1425643109755,300.1202392578125,12752869
2017-11-08,299.6879571143617,301.6090337625307,291.9075908266167,293.4444580078125,11942186
2017-11-09,294.6931415729204,302.3774480474508,294.6931415729204,299.0155639648437,12716330
2017-11-10,300.1682574932392,311.4065687791086,298.775465053148,305.9314880371094,21000915
2017-11-13,304.4906318561369,309.10120383084603,300.6484787727787,301.8491516113281,13679015
2017-11-14,300.9366299168028,304.5866929508103,297.5747459533574,301.705078125,12362405
2017-11-15,300.60047425283045,306.9880481179473,300.3122951733701,303.0498352050781,14408468
2017-11-16,303.6741836155639,307.372262005478,303.5301087304095,306.3637084960937,8983382
2017-11-17,311.2143981386437,319.2348985212351,311.02227876015104,312.27099609375,20440466
2017-11-20,310.59006306671563,311.1183474028211,304.68275842433536,305.9794616699219,13606336
2017-11-21,306.1716013515118,309.4854704091088,305.0189435975726,307.2762145996094,13102056
2017-11-22,306.79594300293024,309.3894082722002,305.4992103682953,306.315673828125,9342622
2017-11-23,307.1321439264147,307.8525477041936,302.76170606654443,306.843994140625,9998609
2017-11-24,307.2762056764854,308.3808188925056,303.4820968637809,304.6827697753906,7867381
2017-11-27,302.6176000845381,306.0275288673312,301.12877734452013,304.4906616210937,9334428
2017-11-28,300.7445775048166,302.90578889477143,299.4478448081826,300.84063720703125,13929413
2017-11-29,300.2642952954953,303.81826961698647,299.9761162013392,302.4255065917969,12384876
2017-11-30,302.521550602167,303.3379847100113,294.1648556311607,295.4135437011719,23832543
2017-12-01,297.4787532953724,297.7188878946378,292.3878822029613,293.204345703125,6602231
2017-12-04,295.1253584624316,295.36549300959393,290.370682703299,292.2437438964844,8763567
2017-12-05,292.7720916991249,295.46161679888144,291.7155229130014,293.204345703125,8219441
2017-12-06,291.8115162363211,292.9641738917076,286.38448084492194,287.68121337890625,6751957
2017-12-07,289.60227186313114,294.64509749258866,288.353583908776,293.7325744628906,7414305
2017-12-08,295.1253599748435,299.5918567122911,294.88522542645063,298.4872436523437,10732806
2017-12-11,298.72741400451554,299.92808689038577,296.085933655601,299.15966796875,6829121
2017-12-12,299.7359560921278,300.0241351617472,294.2128610273936,295.4615783691406,11995276
2017-12-13,295.84585536149353,296.2300648954052,288.35366685363624,290.9951477050781,14805881
2017-12-14,291.8595441222366,293.9246954333732,289.4581985713104,292.3398132324219,11140346
2017-12-15,298.1510978589536,298.4392769518217,290.6108659517868,291.18719482421875,23227021
2017-12-18,286.240434260502,299.97612122620416,275.6745121904834,296.7102966308594,16300443
2017-12-19,296.9984396761134,302.3774304445036,296.326051173414,301.32086181640625,13135113
2017-12-20,301.7051150156736,305.3071339883696,299.2077093319433,303.3380126953125,14003657
2017-12-21,302.95375603696976,304.0583691539689,299.78399155978923,303.0018005371094,9705688
2017-12-22,302.569578100756,306.603850867421,301.416920363622,304.1064453125,7628532
2017-12-26,303.77028917791887,306.411769953379,300.8406585886406,305.5953063964844,7632721
2017-12-27,303.4821096967029,305.35514193003416,299.78403110990894,300.4563903808594,6354635
2017-12-28,300.4563811994008,306.6038500295778,298.24715474145233,302.85772705078125,22689602
2017-12-29,301.51297960980577,303.2899814046872,300.1682317940293,301.6090393066406,9637881
2018-01-01,301.609026633792,301.609026633792,296.9023948196832,298.0550231933594,7739502
2018-01-02,298.67937150656314,299.3997751722198,295.36550291922254,297.47869873046875,7046560
2018-01-03,300.1682342044891,303.86631271254925,300.1682342044891,302.569580078125,8898342
2018-01-04,302.5215371532406,303.1938963482397,299.2076684260901,302.2814025878906,6385367
2018-01-05,302.0413118258674,302.7136711183749,299.3037715212073,300.5524597167969,6366054
2018-01-08,301.1287687363993,305.6433106469236,300.2642900955106,301.75311279296875,7329648
2018-01-09,302.37744892521084,303.3379872373155,298.4872804865084,300.2642822265625,9190909
2018-01-10,300.2162726891156,300.60051150935203,298.29519584115883,299.68798828125,6736971
2018-01-11,300.1682361608946,300.1682361608946,296.37409793049915,297.28662109375,8366713
2018-01-12,297.3826886698631,306.219624188554,297.3826886698631,305.1630554199219,11699345
2018-01-15,308.1406913485483,317.6500444763466,307.6124069806947,316.3052673339844,30242005
2018-01-16,316.7375154243473,327.3034370912702,313.6637810322847,320.9158630371094,26707100
2018-01-17,320.8678088243847,330.61729606362,320.8678088243847,329.70477294921875,43305353
2018-01-18,336.1884350940077,339.262169654475,329.46466639212747,332.4903564453125,31504669
2018-01-19,333.7390273996696,340.99107947731744,327.3514245729043,339.6463317871094,18812611
2018-01-22,338.4936594347818,338.9739285399144,331.1935631741066,337.6291809082031,15269782
2018-01-23,336.6206656109933,350.0682020766786,336.6206656109933,348.0030212402344,22485663
2018-01-24,343.6326176070897,345.0254100327064,337.9174023184907,338.8299255371094,12815095
2018-01-25,338.5897687532131,350.40437874608864,336.86081144660346,346.5622253417969,30183655
2018-01-29,345.7937697721101,351.26884951882226,341.56740733755566,343.5364990234375,17855095
2018-01-30,342.7200801669286,342.7200801669286,336.66870013518445,339.3101806640625,13358981
2018-01-31,335.08382046209005,339.9825720735173,330.0409939560072,339.02203369140625,22638319
2018-02-01,333.83506380876776,341.85556422101706,330.2330452984733,332.5383605957031,29472295
2018-02-02,329.0323968583231,330.13703940069354,320.5316559943691,321.8764038085937,16957983
2018-02-05,314.67234738554026,321.0599211050751,314.14403374188873,316.6894836425781,17339547
2018-02-06,302.80966700774,324.6138958340137,300.64845606161026,317.6499938964844,18491736
2018-02-07,322.11655757259075,323.1251111649826,316.8816115791334,319.4270324707031,11819190
2018-02-08,319.4270028255805,325.0461577940079,316.4973727094334,320.6757202148437,10294899
2018-02-09,312.174953936436,315.6809129410615,309.917683022235,313.8558959960937,9493398
2018-02-12,315.8730464751265,316.2092407647735,310.4940257806888,313.3756408691406,8356351
2018-02-14,314.0960302368477,314.0960302368477,304.0583930804101,306.3637084960937,15189066
2018-02-15,309.4374092181026,318.7065980024368,309.4374092181026,315.680908203125,23779772
2018-02-16,317.3138531964387,320.81981234896864,306.2196175466878,308.3808288574219,17585994
2018-02-19,316.4973272423524,316.59338692208115,302.761643126805,307.132080078125,19044107
2018-02-20,307.8525542130707,311.4065579839104,303.8182812468908,304.7308044433594,16030558
2018-02-21,306.4117319241198,308.0446588352439,303.24196711229536,306.6038513183594,9974873
2018-02-22,304.4906818097504,306.6999084697982,301.5610513283861,305.78741455078125,25530698
2018-02-23,306.45972951398306,311.26242096108075,305.7873702993707,310.01373291015625,7949765
2018-02-26,312.1749511560102,314.86444670218697,310.3979494175385,314.14404296875,7133735
2018-02-27,314.0960250794532,314.1440402692819,307.03606268977745,309.4374084472656,9623651
2018-02-28,302.71362767661105,304.49062932555614,298.82345943736226,300.8886108398437,17481687
2018-03-01,300.3123581592416,301.6090910055259,292.2438405682524,292.9162292480469,18986889
2018-03-05,292.43590098499504,294.4049928004271,287.4891052246554,291.3793029785156,14456193
2018-03-06,295.2695161723651,295.5576952977943,282.5904261127817,283.4068603515625,18951451
2018-03-07,281.7259133234234,282.2061825444407,274.08965029723254,275.3863830566406,31472773
2018-03-08,278.79622410887544,286.2403954675104,277.8356858690516,285.2318420410156,21413552
2018-03-09,287.2009460970136,287.68121523764404,279.2284900878688,281.1495666503906,12489587
2018-03-12,283.9351810644212,289.9865617740475,282.15817901054425,288.785888671875,12163952
2018-03-13,288.25752579584724,294.8852336537437,287.777256685662,292.3398132324219,15966647
2018-03-14,291.1872227023912,295.3175555891704,286.0483361772755,293.9727783203125,12964285
2018-03-15,293.68456290467805,293.68456290467805,288.545677527578,289.55426025390625,13282019
2018-03-16,289.3621459037088,289.9384747125672,285.6640678029431,286.3364562988281,28835112
2018-03-19,286.3364727382136,288.161489643294,279.7567795286979,282.9265441894531,13601784
2018-03-20,281.4377417368432,285.4720146065157,278.7962612256612,280.4772033691406,10880002
2018-03-21,283.358768516582,283.4067837011802,276.01065716177794,277.78765869140625,13618228
2018-03-22,278.0758125594729,278.21988742870906,269.8151780681032,272.07244873046875,24593489
2018-03-23,266.1651825966032,266.88558635896493,262.75525386677475,264.67633056640625,31922568
2018-03-26,265.2046380226302,271.9764215045808,265.0605631362,270.5356140136719,24618534
2018-03-27,273.2731366836024,275.9626321031467,270.29546219627014,272.6968078613281,22377328
2018-03-28,271.83234201000266,272.1204917779783,266.1651718378257,267.3658447265625,27172599
2018-04-02,262.2269961158705,263.0434596587462,248.5873384387332,251.5169982910156,73359584
2018-04-03,251.08472065665805,260.7861639250003,251.08472065665805,259.39337158203125,40773239
2018-04-04,256.70389707152793,262.51514288514903,255.02295480819703,258.04864501953125,33486876
2018-04-05,257.23214527116653,268.9507242681723,257.1361148917129,267.65399169921875,26759108
2018-04-06,267.4138620254196,271.78432896286546,266.0691142420913,269.5750732421875,31577015
2018-04-09,266.78950687028527,272.2645867834031,263.5236825858386,269.7671813964844,31712527
2018-04-10,268.4224329528756,282.830507092841,268.03819419183503,277.4034423828125,44741783
2018-04-11,276.3949321996016,276.53900710090187,271.20803055964655,273.3211975097656,16811454
2018-04-12,274.0415947966167,278.4600773154325,272.3606525904709,275.43438720703125,22954325
2018-04-13,276.635018023634,279.61269248307644,274.5218221328552,276.8751525878906,17497198
2018-04-16,273.7534487462274,277.5475872173309,272.8889700339005,276.2508544921875,16874313
2018-04-17,276.25086238412405,281.6778987305943,275.48241404086457,280.2370910644531,15406113
2018-04-18,282.1101142698592,283.2627426575445,277.5955724731749,278.6041259765625,20755245
2018-04-19,279.516622648363,279.516622648363,275.96261950105344,278.171875,17282341
2018-04-20,277.8357280592237,278.7002067436786,268.66259820125936,271.0158996582031,19745690
2018-04-23,268.9507490623818,271.6402448276835,264.3881917122164,268.3744201660156,11620499
2018-04-24,268.32635943967784,275.29026158191294,268.32635943967784,272.888916015625,15412234
2018-04-25,272.8409321421375,274.377799508717,265.92507296249016,267.8941650390625,7961352
2018-04-26,268.75862423472654,269.33495311946047,264.48424607566784,267.8461303710937,14112673
2018-04-27,266.4533775976585,280.18909591917884,265.1086295423519,276.5390319824219,16488361
2018-04-30,277.5475731164423,279.51666504521904,271.1599695195762,272.9850158691406,9737559
2018-05-02,272.4567178520764,272.55277755704856,264.6763507622359,265.9730834960937,14211445
2018-05-03,266.35724451375984,272.4566682527928,266.35724451375984,270.7757263183594,14724116
2018-05-04,269.38300714989754,274.3297740682546,267.3658706386658,271.68829345703125,11861951
2018-05-07,272.7929027356936,281.4377482449233,271.68828944995306,278.364013671875,19673100
2018-05-08,290.08259440272275,302.0893243034977,288.16151761859874,297.0945129394531,87176185
2018-05-09,292.96421883451893,297.57479153675604,292.24381501771273,294.69317626953125,20140490
2018-05-10,296.2780782246999,300.5524564737153,293.6365976512738,294.7412109375,16239386
2018-05-11,295.79776755722503,299.5438608916566,295.4135288043182,298.67938232421875,16671145
2018-05-14,297.7668858598315,298.7274242013149,293.1082690409766,297.8629455566406,10425585
2018-05-15,298.43929887231855,304.97094840415593,293.0122333477098,296.0859680175781,16400700
2018-05-16,291.9075935840908,292.8681319172489,283.64695805627025,285.52001953125,25515791
2018-05-17,287.20092000188055,288.1134430114872,282.446244216329,284.3193054199219,10668400
2018-05-18,282.54235007618666,283.6469633171454,273.36922054971166,274.8100280761719,17469524
2018-05-21,278.0758168805992,281.4377006770831,276.3948749823572,277.8836975097656,23155638
2018-05-22,278.07581941750635,282.2541666082016,275.53039895389225,278.84423828125,11284988
2018-05-23,277.4515326350582,286.62466295812186,277.4034881253549,280.5252380371094,15887229
2018-05-24,282.11014732300475,287.20098925334344,279.7088012590136,285.9523010253906,11489424
2018-05-25,286.62463473130333,289.07402508575547,282.97460076541483,283.983154296875,13541580
2018-05-28,282.1581101955328,290.3707004861164,281.77390075920334,287.4410705566406,19063427
2018-05-29,286.96082246611724,286.96082246611724,276.9231853189686,278.4600524902344,12969969
2018-05-30,274.6178869076299,276.779098025969,271.5921972046155,273.6573486328125,25142319
2018-05-31,273.7534316259933,277.5475698598156,268.2783512681517,274.5218505859375,23698686
2018-06-01,283.35877713221674,288.11345308399274,275.53039644020714,277.8836975097656,29675949
2018-06-04,281.72590202471173,281.72590202471173,274.2817293974947,275.43438720703125,17188567
2018-06-05,276.6350092363742,276.6350092363742,271.9283777891098,272.888916015625,12376050
2018-06-06,274.42579432815086,275.57842265939775,270.00731244178377,272.6968078613281,16873633
2018-06-07,276.1547989758095,281.485775543759,275.8186046622211,279.4206237792969,20297969
2018-06-08,278.65215422605,279.4205731063506,274.2336723810677,276.8751525878906,11340014
2018-06-11,274.137667118679,278.89234416025147,272.0245001216635,275.09820556640625,16876061
2018-06-12,277.1633290597234,277.7396579321608,273.993564231274,276.0587158203125,14257648
2018-06-13,277.59560802981247,281.3417020678994,275.0982022333189,279.27655029296875,10927770
2018-06-14,279.3725956866912,279.3725956866912,272.8889615752516,273.5133056640625,11400592
2018-06-15,275.86662322628945,277.11531134411297,268.9507354466261,271.3520812988281,47186222
2018-06-18,272.7928987574659,282.59040191703485,272.2165698692609,281.437744140625,27792317
2018-06-19,283.8390706313116,283.8390706313116,276.9712275768356,281.24560546875,27176748
2018-06-20,281.0535234297313,282.97460010483087,279.51665622699085,281.6298522949219,20364143
2018-06-21,283.16669407458505,288.4976995092076,282.9265594868985,286.1924133300781,30192796
2018-06-22,286.4325869796017,290.7550101474228,283.9831962631849,288.785888671875,17490606
2018-06-25,287.96942042863634,288.6418090802695,277.40349730090605,278.2680053710937,15461874
2018-06-26,276.20276546956427,277.6916173634122,273.46525487393376,276.7310791015625,11614686
2018-06-27,276.538978051223,276.538978051223,263.1875011893161,268.0382080078125,25318055
2018-06-28,267.0296840238676,267.41389353390247,259.1532571582726,260.69012451171875,34197884
2018-06-29,261.2664023952199,265.10855537162024,258.9611164720399,264.5322265625,20930477
2018-07-02,263.1874838762342,268.8546537612738,260.3058690892681,266.45330810546875,69733139
2018-07-03,265.0124738701007,265.8769523559712,261.4585002474556,262.130859375,14020388
2018-07-04,263.379625201348,264.0039692612234,260.30589078046376,262.46710205078125,8233522
2018-07-05,262.2269597612987,264.62830554665857,260.0657485544748,260.83416748046875,7505990
2018-07-06,260.401954444862,261.21841791097125,256.5117565110368,259.39337158203125,26025797
2018-07-09,263.09148317677966,263.8599315469169,259.34538897644813,260.498046875,18374471
2018-07-10,261.26642772764257,265.0605658850383,261.1703680312584,262.6111755371094,14450561
2018-07-11,263.7157634154863,264.051957663866,256.9439805141715,258.1446533203125,12717543
2018-07-12,259.7296091451284,262.89940383934805,258.43287628446166,261.5546264648437,15837704
2018-07-13,262.22693828507965,262.51508803040235,255.55118582319784,257.1841125488281,19159840
2018-07-16,254.83079131723184,256.07950865626947,246.37806626616933,249.01954650878903,29794402
2018-07-17,249.98013562883847,256.94403950322493,249.74000101248032,255.93548583984372,15128995
2018-07-18,255.50316897211644,256.79990144422146,250.70047782602404,252.3334045410156,22908592
2018-07-19,253.53411973230703,253.9183292255952,249.1636524704016,250.89263916015625,15145144
2018-07-20,251.46889748591403,257.1360965070139,251.46889748591403,255.31105041503903,13794388
2018-07-23,254.87885698626812,265.39673432876805,254.87885698626812,264.67633056640625,16917863
2018-07-24,262.85129312272335,266.93358079196463,262.5631433655094,263.523681640625,12012225
2018-07-25,262.22697667296944,265.6849206895597,261.5065728909008,263.8118591308594,17947377
2018-07-26,264.1480494123029,275.19424056954466,262.4671072796792,274.3777770996094,36630780
2018-07-27,273.65736650527634,283.50288446516174,271.0639305818741,281.6298522949219,30926969
2018-07-30,288.1615033692458,296.2780641061345,282.6384078880019,295.2214660644531,56119080
2018-07-31,292.2917590805972,296.326031198243,290.2746523350734,292.2437438964844,20824059
2018-08-01,290.6588683899887,293.5884982069964,285.0877291805332,287.48907470703125,15581508
2018-08-02,283.3588682317263,288.88196481590404,282.4943894116474,286.7687683105469,14089168
2018-08-03,288.1614810130635,294.64511433585744,285.80815052613616,292.96417236328125,14478297
2018-08-06,294.83726747937686,305.4512048535248,294.69316327172646,302.6656494140625,25849864
2018-08-07,301.56102027306963,305.5952636690039,298.15109161534866,300.7925720214844,20751115
2018-08-08,300.6484856789544,307.3722537292824,296.0859287876603,306.1235656738281,17916047
2018-08-09,307.6123602927268,332.2021442146961,307.6123602927268,319.8592224121094,76423347
2018-08-10,320.86782041221375,326.8711850308625,312.51115445103704,315.6329040527344,36321097
2018-08-13,311.2144093317477,314.52827819347164,309.2933327309344,312.0788879394531,15332907
2018-08-14,311.8868212657159,320.3395472181133,311.8868212657159,319.3309936523437,15314006
2018-08-16,316.54541385112964,325.814632740441,315.77699486651045,321.10797119140625,37463597
2018-08-17,323.5093341214144,328.69626513611087,322.5968401935006,326.58306884765625,24090696
2018-08-20,326.5830304418354,328.9363610629876,323.41326569522124,325.0942077636719,13032778
2018-08-21,324.95011039452294,328.3600391073219,320.8678224281932,325.4784240722656,16009673
2018-08-23,323.2691203699942,325.3343009562896,321.54016333057905,323.8934936523437,18867868
2018-08-24,322.6392556994344,323.7005749487792,315.7889544837925,318.5387268066406,17805968
2018-08-27,319.3588173221691,330.26138752554505,319.3105875866916,327.94580078125,28083933
2018-08-28,329.9719982080265,331.41924381420205,324.4724531268445,326.98101806640625,16427306
2018-08-29,324.5206751093904,330.59909418076074,323.9900007813921,328.66943359375,18868248
2018-08-30,327.2704487041686,333.3006380638099,325.8232032578547,332.23931884765625,22349447
2018-08-31,330.9368295942472,334.6031733630574,326.59509276283575,330.5509033203125,19809916
2018-09-03,331.5156989383653,331.90162517180124,320.8543063934564,322.3980407714844,12859450
2018-09-04,323.025196912354,324.617190582295,315.7407393782106,316.94677734375,15470215
2018-09-05,315.4995105059993,319.6965282318626,313.18392365719745,318.0563049316406,14548867
2018-09-06,318.3939879302117,319.6000257632807,314.0522517311634,317.0914611816406,11322771
2018-09-07,315.93369039711325,324.5689038303861,311.1095389446869,323.31463623046875,16435004
2018-09-10,320.1306973310909,323.94178897914804,318.77994073425685,321.1920166015625,16673909
2018-09-11,321.96386748764513,324.8583582491968,313.66632141567374,315.0653076171875,13005562
2018-09-12,315.49948042617245,315.5477101592284,307.2984235955227,311.5436706542969,15263406
2018-09-14,315.6925139337418,320.3236880067268,312.7497635912044,316.80206298828125,10736693
2018-09-17,315.7889441763435,315.9819220133018,310.0482215803821,314.2452392578125,7227361
2018-09-18,312.846216509507,316.51255977492747,306.5265899891871,307.6361389160156,14825218
2018-09-19,308.7456919298386,313.2804060577716,305.8512010679963,309.66229248046875,15942065
2018-09-21,312.0744022706665,321.96391379502194,297.5054574532465,305.9477233886719,34169460
2018-09-24,305.6582296190474,305.6582296190474,294.8038886603556,297.891357421875,24382310
2018-09-25,296.2029116770689,302.4743088298407,289.49732909754505,300.1587219238281,30472132
2018-09-26,303.9215506243335,304.21098794245233,294.3697363507114,302.08837890625,23224979
2018-09-27,304.5486450928465,304.886341549875,294.56264668803715,295.8651733398437,24888615
2018-09-28,298.2290284913412,300.6411040542859,291.1857501809736,294.8038635253906,26289107
2018-10-01,295.52749092610566,303.9697555315853,289.9797170425047,302.9566955566406,21104376
2018-10-03,300.1587517219573,303.4391692848275,291.8129744174484,293.0190124511719,19105555
2018-10-04,288.4842738532719,309.9517490814836,284.4319746167492,305.3688049316406,56268976
2018-10-05,303.58384869790655,310.5306386514495,288.82195685198286,296.4923400878906,36131946
2018-10-08,296.4923456823244,303.00495034504894,288.0983395613836,299.9175109863281,20488368
2018-10-09,300.4964389241593,300.93059493623826,292.34361029177296,295.47930908203125,14852835
2018-10-10,296.2993668277883,311.59193172309875,293.7908023637407,308.6009521484375,23972064
2018-10-11,299.09735625947127,304.35569252626124,293.3083751705783,300.7375793457031,21691068
2018-10-12,302.81198240943024,312.84621120534024,302.5707748448926,308.1667785644531,25930022
2018-10-15,305.7547566014118,306.7195870289608,298.66324707006925,302.3296203613281,23756416
2018-10-16,302.7155398575377,311.59199136972063,302.7155398575377,309.37286376953125,18042549
2018-10-17,313.6663152277592,316.6090356662372,300.689336791762,303.7285461425781,20203287
2018-10-19,301.84714836206786,310.19292410144624,299.29035409892174,304.355712890625,18322589
2018-10-22,308.9386251339988,318.2492301723389,304.9828156387694,315.595947265625,33593953
2018-10-23,311.64017152986503,317.0432268322424,307.1537167449944,311.4954528808594,21509920
2018-10-24,317.187958474485,318.393996339407,305.12757982526506,310.67535400390625,33104174
2018-10-25,307.2984330972112,310.7235686899695,300.83405867663697,308.69744873046875,26920180
2018-10-26,308.5527153568468,312.02611029412265,301.9918811542132,304.5486755371094,22952163
2018-10-29,317.4291624898606,340.5368595004985,316.75376951536026,337.1116943359375,80069836
2018-10-30,335.2302925897405,341.4052004933632,330.8402971488296,333.5418395996094,34460428
2018-10-31,333.3489119838661,344.01027640708213,330.26144284479534,342.5148010253906,31233009
2018-11-01,344.44439554231127,345.8434111674649,338.7519030174432,341.2604675292969,22157128
2018-11-02,341.5499454222257,345.2162889908517,339.3308473850498,341.984130859375,26714413
2018-11-05,338.6554626902199,339.4755744004068,335.76097155611546,337.3529357910156,22873951
2018-11-06,336.4363322238595,345.69867940626744,335.42324275783864,340.6815795898437,21349153
2018-11-07,344.20319877645005,344.44440634391776,342.0805604050208,343.3830871582031,2074764
2018-11-09,344.34794287410995,345.505751061226,340.00620633885256,344.2997131347656,15130936
2018-11-12,343.4795713248232,345.60220966690315,339.1378351704364,339.9579467773437,10642857
2018-11-13,335.5679622178257,349.22033434150126,335.5679622178257,348.2072448730469,17684864
2018-11-14,352.1630527700196,356.8907152608152,348.5931689505279,353.706787109375,31774158
2018-11-15,353.224350635214,361.7148448224506,349.36502974205524,356.9871826171875,21967798
2018-11-16,357.0836868925997,362.1007866030077,352.6936915211744,354.62335205078125,29972926
2018-11-19,355.346972619838,357.6625887969154,348.0625159419401,349.65447998046875,16002154
2018-11-20,349.26855409520067,352.5972302696775,342.1288160605642,345.312744140625,19591217
2018-11-21,343.8172598303503,347.62832158869725,340.6333023910662,344.20318603515625,29323882
2018-11-22,345.0715429937951,345.8916546188471,338.6554275347708,339.6684875488281,12547369
2018-11-26,342.2734960940327,345.2644754512226,338.3659457598887,343.8172302246094,20673027
2018-11-27,343.2384128286212,343.576109355539,339.2343725804756,342.1770935058594,17933339
2018-11-28,344.3961940966961,348.834390008049,340.8263101391806,346.37408447265625,18163000
2018-11-29,350.2333697319896,353.5137865899343,347.53185689468967,349.4615173339844,38692771
2018-11-30,352.1630694763634,352.1630694763634,341.35695803252537,342.65948486328125,21893877
2018-12-03,346.2776097122438,346.2776097122438,339.7167750533811,342.9971923828125,23427270
2018-12-04,340.8745685512492,346.47060253796866,340.8745685512492,345.3610534667969,18651442
2018-12-05,342.80418348615655,343.81727293721013,338.12478022753925,339.0413513183594,12068267
2018-12-06,335.95392262319496,337.64237565013235,331.27448977396887,335.4232482910156,17784829
2018-12-07,337.3046678343392,340.58508485913995,333.1558800122613,339.813232421875,14979672
2018-12-10,334.3136944842882,337.1599556089819,332.14282633828634,334.1689758300781,14107881
2018-12-11,325.5337573969282,332.86647401777105,324.18300078252486,330.74383544921875,36885929
2018-12-12,330.7438344154414,339.3308481433295,327.4634170923478,337.64239501953125,24740214
2018-12-13,340.4885959808395,341.74289299688684,335.37500733375987,337.25640869140625,19129928
2018-12-14,336.91877936011963,341.5981831322239,336.8705201747072,339.5238037109375,12104234
2018-12-17,339.90971471770683,347.82133523019934,339.90971471770683,345.84344482421875,18378122
2018-12-18,344.2032291894127,350.1369299845496,342.1288498147597,349.5097961425781,15405953
2018-12-19,350.2334148412187,356.2636044906887,348.30375415338824,353.6103210449219,19442031
2018-12-20,350.28164097226824,352.6454870682235,348.4484692265709,349.4132995605469,12109613
2018-12-21,348.30378559256746,350.7158616700783,339.6203117135284,341.7429504394531,13555416
2018-12-24,340.9710364203153,344.5409204576331,339.1378646623488,340.3439025878906,9025217
2018-12-26,338.3177701005455,344.3479600333382,335.9056941274284,343.3348999023437,8695108
2018-12-27,346.85650946002033,348.0625473927742,342.4182839786289,343.14190673828125,10122458
2018-12-28,345.6986845062732,350.0404208536858,345.6986845062732,348.0625305175781,13004606
2018-12-31,350.0404063592953,350.7157993186399,346.85647828074565,347.4836120605469,7314108
2019-01-01,348.7861630154639,351.9700913150696,343.8655224616585,350.95703125,7759872
2019-01-02,348.78612007670745,354.96102751701005,347.62831204977766,351.777099609375,18243156
2019-01-03,352.16303174937093,354.38212948679126,349.3167708109441,350.4745788574219,12884409
2019-01-04,349.12383084932657,355.8293834010112,345.45745824328,352.35601806640625,22896026
2019-01-07,354.57511909490694,357.9520249910489,353.6585185739553,354.7680969238281,12719847
2019-01-08,354.8645824926237,368.37220707061374,353.7068037667955,366.7802429199219,21501136
2019-01-09,368.2274619233816,370.060633523961,362.3902506426274,368.8063659667969,21730142
2019-01-10,367.5521530663013,368.7099318810161,362.8244605456161,366.1531372070313,14497154
2019-01-11,367.2144310821323,367.7933351715042,362.0525829053509,365.2365112304688,12537973
2019-01-14,365.3812387551702,365.3812387551702,359.5922570760978,360.2193908691406,14844029
2019-01-15,360.4123248273668,362.1972666624671,357.56609328235805,359.6404724121094,12960779
2019-01-16,358.96510108772685,366.3943061702756,358.96510108772685,362.1007995605469,15106484
2019-01-17,362.7761714908635,364.6576022430636,359.68870293450493,361.4254150390625,13171721
2019-01-18,361.4254655065541,363.1621484093303,357.32493639983966,358.9169006347656,12212121
2019-01-21,359.88170904343286,362.9209186599025,357.56612216632664,358.62744140625,8908581
2019-01-22,357.51786315520206,359.39929405616294,353.22438589949115,356.07061767578125,14756076
2019-01-23,355.8294248274152,360.5571171446799,353.5620970378817,354.4786682128906,9726450
2019-01-24,353.70677436667347,355.5399459467418,349.02734178082454,351.9700622558594,17521254
2019-01-25,349.6062911812134,351.8253892590872,342.0805966130813,344.6374206542969,22978238
2019-01-28,340.77810506814666,342.4182990623723,324.810144468515,331.46746826171875,34362360
2019-01-29,330.88859557294705,337.787127004795,329.3448610528829,334.65142822265625,20738442
2019-01-30,338.6554369372461,355.6364561881985,338.6554369372461,353.0314025878906,39400056
2019-01-31,359.59223456431533,363.4032962645483,341.64638659380944,351.63238525390625,85917249
2019-02-01,351.6806787801333,352.06660504905926,336.48460006741146,342.1770935058594,25605469
2019-02-04,338.65543066583325,344.3479234690803,333.831279231847,342.08056640625,17039321
2019-02-05,342.12883690506675,343.5760823831387,336.5810625724576,340.2474060058594,12197271
2019-02-06,341.1639981691748,349.1720778392176,340.77807194006743,346.6635131835937,15396216
2019-02-07,346.47053180463246,349.0755556863027,343.96196738784244,346.0363464355469,10247434
2019-02-08,344.347919289709,345.79516470233955,338.4142189867803,342.6112365722656,9308651
2019-02-11,342.1288260437628,342.225314961428,336.7740002783213,337.73883056640625,9419635
2019-02-12,336.72575394729773,339.62024466890773,331.1779800642119,332.1910400390625,14924394
2019-02-14,327.89755328093656,334.6513647617209,324.3276697205237,331.8533630371094,15172596
2019-02-15,331.9498709996414,335.51975508160274,328.6212239500905,330.11669921875,20316848
2019-02-18,330.16494959843004,330.93680208213215,325.6784650235213,326.8362731933594,10601490
2019-02-19,327.17396907358875,338.0765399676161,327.17396907358875,331.1780090332031,14384763
2019-02-20,332.8664398947833,335.37500446110784,330.3096455931437,333.0594177246094,9474758
2019-02-21,334.60311861531136,342.46650870102326,334.0724737560112,338.9448547363281,18631331
2019-02-22,339.0413537570648,341.64640728504565,338.9448648404205,339.6684875488281,10997730
2019-02-25,340.6333235309092,344.8786003800849,340.6333235309092,343.0936584472656,10344411
2019-02-26,337.6905705244378,340.2956238461959,334.4101537281995,335.9538879394531,18096382
2019-02-27,338.6554625804404,342.22534675572655,331.226256894266,333.3971252441406,17325417
2019-02-28,336.1951332880528,339.3790615332523,332.86645694092977,337.8353271484375,18347113
2019-03-01,339.6684992332524,342.5147604286124,338.31774268661616,341.7911376953125,14190221
2019-03-05,342.5147295096621,351.34292017013934,340.3920912392135,350.4745788574219,17638277
2019-03-06,352.4042473993806,359.73696315883336,352.4042473993806,358.8686218261719,31436190
2019-03-07,358.4344567089046,360.84653246064687,355.5399658068138,357.7590637207031,15355303
2019-03-08,356.7942496495582,360.26764477891874,354.71987029755905,357.5661315917969,16143455
2019-03-11,358.7238893925912,365.09177518387935,356.9872066514597,362.6314697265625,11449587
2019-03-12,364.7058684153139,375.3190021522674,364.0787345833509,374.5471496582031,37108265
2019-03-13,374.2576830341496,379.4195312425171,370.7842879209492,378.1170043945313,19574619
2019-03-14,378.2134699509634,379.1783002314505,373.1963407147168,374.2576599121094,13182462
2019-03-15,375.1742922499775,384.2436917662753,374.4506694782896,381.3974304199219,31466545
2019-03-18,382.3140373120242,385.83566230313886,379.6607537723193,384.05072021484375,21220626
2019-03-19,384.3883666992188,386.84870150961257,380.0466305630582,384.3883666992188,11670392
2019-03-20,383.6165626811079,384.1472076092177,378.40648454914486,379.0818481445313,14181408
2019-03-22,380.5773317173766,382.36224425496033,376.2838250132297,378.0205078125,17409249
2019-03-25,374.30592727402257,374.30592727402257,369.0475903527212,370.0124206542969,12345034
2019-03-26,371.411432739162,381.59038054358456,369.9159281197661,380.2396240234375,14063632
2019-03-27,381.4938857992016,384.4366358118732,376.4285268427971,379.3712768554688,17950017
2019-03-28,378.9370739976817,387.76526474047085,378.9370739976817,386.4627380371094,23117485
2019-04-01,387.3310902011064,395.1461911574006,381.831546359592,384.2436218261719,16106604
2019-04-02,385.9321147356451,385.9321147356451,379.6124881345624,383.1823425292969,13010810
2019-04-03,384.9672902313475,388.6336335986943,376.910951326371,378.3099670410156,12317200
2019-04-04,380.5291057218741,381.7834029145467,373.6788039596997,375.0778198242188,14521564
2019-04-05,375.56018554187983,378.6958839439636,372.0385609176271,376.814453125,10853927
2019-04-08,377.6827960955405,377.6827960955405,371.4596294861765,373.48577880859375,6305407
2019-04-09,373.7752472326155,384.3401506512173,373.5340396609057,383.1823425292969,13206348
2019-04-10,381.63858734859576,384.77428560965126,378.8888447366343,380.3360900878906,14000018
2019-04-11,380.6255376860219,380.6255376860219,373.9199555992648,376.33203125,8704774
2019-04-12,376.862724661645,381.63861702560513,374.59536754617255,380.7220458984375,7035256
2019-04-15,380.3361496253237,382.989433184636,378.0205331454036,378.9371337890625,9770752
2019-04-16,383.520055485006,394.0367001742285,383.520055485006,392.6859436035156,24487788
2019-04-18,396.5452540448809,396.5452540448809,388.4406853985139,390.1773681640625,18660434
2019-04-22,390.0326446417167,390.3703411319948,379.8536968622994,380.6255493164063,10493872
2019-04-23,382.1692800754036,385.88388254496766,379.7572043736455,382.5552062988281,10203957
2019-04-24,383.134117525671,388.48891390606445,379.61249282406095,386.9934387207031,11397163
2019-04-25,386.80043221668586,388.2476775575647,380.4325468279627,381.4938659667969,16524091
2019-04-26,385.9321163774917,393.6507587050415,380.3843422045652,392.87890625,14286163
2019-04-30,393.4095425283982,395.3874328038627,389.1160360498845,393.1683349609375,19375553
2019-05-02,389.5020012877828,390.7562688916969,380.5290618911068,381.63861083984375,16572948
2019-05-03,383.1823679990323,390.9492699909153,380.8185513057263,387.6688232421875,24431248
2019-05-06,382.555197387823,390.6597656680905,380.7702555212427,387.1863708496094,20751521
2019-05-07,384.00243872165066,393.0236074297218,370.7842525457301,372.9068908691406,41519416
2019-05-08,372.7138979774522,376.2837815286416,366.73196834792464,368.7581176757813,22509400
2019-05-09,367.5521111254743,372.135055007616,364.2716645807248,367.98626708984375,19739885
2019-05-10,370.0124483742991,375.51199328300055,368.80641040697736,371.5561828613281,18361701
2019-05-13,371.4597102265437,372.18333303867337,362.05261366885856,363.065673828125,13828080
2019-05-14,364.8023558627479,373.14813237874176,363.2586214365773,367.0214538574219,21481226
2019-05-15,368.9028637603848,370.9772429752912,362.5832077544437,363.7892456054688,16183425
2019-05-16,365.6706709718392,371.4596525703381,364.2716553078222,369.0475769042969,13430281
2019-05-17,367.7933271048674,378.2134827078809,367.35914168629,375.994384765625,19096980
2019-05-20,390.99748209403424,399.43974728422006,387.8617835948224,393.361328125,33350816
2019-05-21,394.2296711716888,396.3522801904393,383.61653774508295,386.0768432617188,18286421
2019-05-22,388.82660655452975,394.03668422744585,387.4275908574513,391.0939636230469,15370847
2019-05-23,399.4397220831759,412.899115800648,393.0718365669064,396.4005126953125,43279956
2019-05-24,400.8869392823538,418.3021122315887,398.1371673839798,416.5654296875,37708344
2019-05-27,417.0478952891791,423.36752194788914,414.5393306316656,420.18359375,23397222
2019-05-28,419.749379507962,423.7534485152564,413.0438270804375,419.0257568359375,23389724
2019-05-29,413.5262770040585,415.311218967491,407.2548799852792,408.4126586914063,22132254
2019-05-30,406.0488754030865,412.9474068007368,404.84283741593487,411.2107238769531,18281037
2019-05-31,411.9825427501775,415.07001152274034,399.7291860241564,408.7986145019531,24644955
2019-06-03,411.0177439982877,411.4036702634194,404.842835423321,408.0267639160156,17125380
2019-06-04,403.0096255574156,407.8820067641108,402.8166477209136,404.3603820800781,14514451
2019-06-06,402.7201293954862,403.154314773769,395.9180880976008,397.0758666992188,17762399
2019-06-07,398.957323445814,404.2156602846633,393.55426795285433,401.94830322265625,14107696
2019-06-10,404.1674250496299,407.8820277613879,398.4749319111844,401.4659118652344,13074522
2019-06-11,403.7332480380859,408.7986070782746,398.5231408984648,406.53125,10939138
2019-06-12,407.1583935313248,407.1583935313248,400.21160347535135,403.299072265625,11136959
2019-06-13,402.0448322516637,407.4478588393928,400.6940461604448,404.84283447265625,12164077
2019-06-14,405.5181668367948,407.1583901387642,401.4658972081455,403.057861328125,8601256
2019-06-17,404.21566485976047,404.939287582786,398.61963146845954,399.6327209472656,9539802
2019-06-18,400.8388153830908,411.06599442295936,400.5011188425016,407.30316162109375,17761348
2019-06-19,408.84679662832366,411.0176645750227,402.6718892465692,405.0357055664063,17010384
2019-06-20,404.9875422230838,419.3635086489948,404.2639194555619,418.157470703125,24315929
2019-06-21,418.9293419480245,419.8941722800611,413.7674937827714,415.6488952636719,13909654
2019-06-24,416.27603506700575,418.5433626640413,413.1403366646644,414.3463745117188,8545999
2019-06-25,412.8508769322976,419.50820007234,409.666948739668,418.3986511230469,12964387
2019-06-26,417.2891384205426,424.52536625442485,417.2891384205426,423.2228393554688,12261068
2019-06-27,422.595694249795,428.2881874387319,422.2097679977847,425.4419555664063,18787957
2019-06-28,424.0429122454521,425.0077425349753,418.35041942612185,421.7273254394531,13459208
2019-07-01,424.042931524116,426.45500735758645,422.3062487017312,423.5605163574219,6871979
2019-07-02,423.5605166893245,424.5253470234688,418.3504387738026,421.3896484375,7787303
2019-07-03,422.4991686910061,424.5253181437304,418.9293143640945,420.6177673339844,10415896
2019-07-04,422.5956609909943,425.8760780413372,418.8328288025339,420.8589782714844,11810688
2019-07-05,421.10018154244847,424.4288282949148,417.9644831766897,421.0036926269531,12154330
2019-07-08,418.73633464176527,420.0388613872264,407.1583714719469,410.9212036132813,12184946
2019-07-09,411.0177336685021,414.6840772615395,409.7152067926672,413.4298095703125,11679067
2019-07-10,414.8770199658903,417.4820734968778,412.1755069624304,415.745361328125,16494282
2019-07-11,417.43384133293785,417.67504891829657,409.85991726381707,411.5483703613281,16535185
2019-07-12,412.2719692901681,417.7715136962151,409.0880411251621,412.03076171875,8824728
2019-07-15,413.3333164890773,413.3333164890773,406.77248187984014,407.4478454589844,7825336
2019-07-16,406.7241812152757,415.4076534888777,406.7241812152757,409.66693115234375,12149205
2019-07-17,409.6669693288426,412.03078600148,407.640819720664,409.7634582519531,10961022
2019-07-18,410.0528869308589,410.535302091954,402.81665951443193,403.92620849609375,10651654
2019-07-19,405.13225011368974,405.5664355403705,394.133190228722,395.869873046875,12260757
2019-07-22,396.305132823031,399.40014505669257,390.9856008388292,397.9977111816406,17937246
2019-07-23,399.2550081664304,402.3500201277479,396.30509795034783,398.4329223632813,14207080
2019-07-24,398.33621469965817,398.33621469965817,388.5192665679784,395.09613037109375,16505930
2019-07-25,395.7731612324897,400.2705774818135,392.001106136713,395.5797119140625,16852479
2019-07-26,396.7887140344011,405.6384746964576,395.144483303211,402.1082458496094,17493739
2019-07-29,418.7921913952159,421.0650879446003,411.3448357694595,415.261962890625,46754670
2019-07-30,418.7922287115771,424.3052098105744,408.8785558610143,411.3932495117188,23617273
2019-07-31,409.9908035765818,416.0841029558666,407.37941485650725,410.6678466796875,22329888
2019-08-01,409.36211392390425,412.3604011104658,397.1755453852409,403.3655395507813,18269866
2019-08-02,400.3189042401789,404.1393067088234,392.19453506440686,397.127197265625,30939803
2019-08-05,390.4052368371306,393.30679939930354,382.76446132665257,389.4380493164063,25033370
2019-08-06,387.8422411930844,397.99771134901306,387.74551652644976,396.7887268066406,30665326
2019-08-07,395.86985254048335,401.3828333838099,392.968289889516,394.9993896484375,20977349
2019-08-08,397.51411920369446,402.9303758795444,390.888877980388,400.8025512695313,19046657
2019-08-09,402.8336322746183,408.54003316710055,400.8992570896261,406.3638610839844,17664017
2019-08-13,403.3172433354519,407.863037021262,395.724814506108,396.7887268066406,18389104
2019-08-14,398.3845538691601,408.3466035421267,397.75588785239466,403.60736083984375,13307755
2019-08-16,404.0909577441148,406.2187822193719,398.57800626658536,405.2032470703125,15154141
2019-08-19,406.3154950447453,413.8595461168659,406.3154950447453,409.5072021484375,12304262
2019-08-20,406.9925150980617,409.3137888644873,398.96487012387615,403.2204895019531,16181488
2019-08-21,402.35003533536457,404.96145362119375,397.0788511909482,398.5296325683594,12868183
2019-08-22,397.5140727630505,398.96485405050686,384.9406349384285,386.0045471191406,18182520
2019-08-23,376.2359397048593,390.2601585370456,373.1409278802336,382.4259338378906,26883695
2019-08-26,393.6453750615226,400.41568863751934,379.9596756647171,398.1427917480469,26701988
2019-08-27,399.2549799644832,406.702335367474,397.7558511768696,404.86468505859375,28793372
2019-08-28,404.28440135369607,404.5261982444578,396.25675638689376,399.4001159667969,12154347
2019-08-29,396.4501773644744,397.3206402705516,386.2463603505816,391.1306457519531,30331105
2019-08-30,393.1617088607359,399.3033552344981,389.4380311761542,396.2083435058594,18314194
2019-09-03,391.7593378177235,393.0650470217773,378.21871099451903,379.2826232910156,20194305
2019-09-04,378.1703425185485,386.53650915439727,377.10643028085286,384.4570617675781,18614965
2019-09-05,376.76790326709227,381.0718997278679,375.2687743513014,376.2359619140625,25022673
2019-09-06,378.1703285550405,381.5554849487556,376.4294027876183,378.50885009765625,17564286
2019-09-09,380.10474370251336,387.2619263575346,376.33271779802334,382.474365234375,18651819
2019-09-11,381.9423356039176,385.9078102338756,380.4432067942088,381.6521911621094,17463978
2019-09-12,386.5364800807232,393.8387634458511,386.5364800807232,389.4864196777344,19577114
2019-09-13,393.4518533867227,401.2860778446986,387.5036563132256,399.8352966308594,17775449
2019-09-16,395.09611411967614,402.01149919796353,393.4035359074132,398.6263427734375,17629622
2019-09-17,392.5330797793974,398.3845527504143,385.2307959423634,387.5036926269531,20793363
2019-09-18,392.1461566191371,392.1461566191371,383.48981728503065,386.2463073730469,18477377
2019-09-19,382.7161157569675,382.7161157569675,371.7385314361394,373.9147033691406,22647508
2019-09-20,376.2359375,410.0875,373.963040971756,403.80078125,75217723
2019-09-23,421.5003229500866,435.2343979817781,414.3915180626949,431.6557922363281,57490445
2019-09-24,427.0133018296496,433.9286868846884,419.1307292279977,426.4329833984375,26639931
2019-09-25,424.6920634823641,426.4813663715374,415.50378166272935,419.9528503417969,19987241
2019-09-26,424.5953318606748,443.6005611990302,424.1600856593405,437.1204223632813,40909369
2019-09-27,434.7508378406545,437.023734664757,428.75426275360417,434.460693359375,19432963
2019-09-30,428.7542460323485,430.5435489737204,416.8578505042613,419.4692687988281,27524660
2019-10-01,422.61261903038616,428.657541321608,403.0270708068276,410.6678466796875,30623906
2019-10-03,410.0875589550633,420.3397538321847,408.4433281621971,413.2792663574219,23275379
2019-10-04,414.4398839830639,415.2136222516889,398.5296362570381,400.3189392089844,17952697
2019-10-07,401.4795897171206,409.6039598775629,397.99770835800985,402.44677734375,21933703
2019-10-09,406.4605719295872,424.0150202334148,403.4139370200339,422.3708190917969,34533981
2019-10-10,415.8906638109647,417.3414451963519,406.7023817035132,409.7973937988281,19074005
2019-10-11,413.9079312873646,419.0340135882449,408.2498781146655,414.48822021484375,18004922
2019-10-14,415.89067171191687,422.08066650391936,412.0219212773874,414.7784118652344,17211042
2019-10-15,415.8906592326785,421.1618433480468,414.1497333958679,417.6799621582031,14971985
2019-10-16,420.2429854086292,425.078923100328,417.0029012519467,421.0167236328125,17833051
2019-10-17,421.69378402102126,428.8026186227853,419.4692643980416,426.1428527832031,12452421
2019-10-18,423.3380277525866,429.1411533995516,420.9684063069199,423.4347229003906,15988455
2019-10-22,426.04616745143824,443.64899480302745,423.1929520263744,436.3467102050781,34966169
2019-10-23,437.16876595995217,443.9390787071196,433.493465132264,440.16705322265625,25196183
2019-10-24,442.3915627358391,443.9390686605578,436.2015685531843,439.8285217285156,23542540
2019-10-25,442.6817700561398,455.2068315889952,439.4900333116152,453.7077026367188,34397573
2019-10-27,455.54534760793007,457.96331654427786,449.7422221606953,454.1429138183594,8206762
2019-10-29,454.77158853675166,466.18438958738176,451.53150440712216,461.7353210449219,33686172
2019-10-30,463.2828582149351,463.2828582149351,454.57816985599055,455.6904296875,22396012
2019-10-31,459.4141046641248,461.10668294446623,446.1636228915335,447.856201171875,21198377
2019-11-01,451.3380471333688,451.6282210970623,445.3898498304088,447.0824279785156,13522994
2019-11-04,447.8078605497808,456.8026934584383,447.8078605497808,455.061767578125,16254715
2019-11-05,456.6092531560922,458.4469036175596,451.5798660356556,452.9822998046875,14952189
2019-11-06,451.8216244343642,468.0220146905024,449.50038039046,464.9270324707031,24922680
2019-11-07,467.1516224663969,467.1516224663969,460.04278752562,462.8476257324219,18312032
2019-11-08,464.9754401776298,479.7250511245021,464.5401939497574,473.3899841308594,52207121
2019-11-11,471.9875403752852,482.6266037853838,468.69910849722646,480.498779296875,24766065
2019-11-13,480.4987818900337,481.1758250080919,467.4417494526281,469.8113708496094,24272664
2019-11-14,473.6801222881874,483.4487228521991,467.8769967471377,482.2880859375,35396276
2019-11-15,481.5143248624535,492.9755031663539,479.7250220021448,483.4486999511719,42074833
2019-11-18,482.3848244662119,487.8978056951723,480.3537245652146,481.9979553222656,22910109
2019-11-19,481.6110643828033,485.5281622518522,473.7768391284832,477.30706787109375,27939336
2019-11-20,478.9512923363972,481.6594057025332,476.33987411344896,478.7578430175781,22606112
2019-11-21,481.75611185660046,487.26906303651685,475.13087141053256,481.9011840820313,25745594
2019-11-22,484.6577036123744,485.2863696379084,476.001362940396,480.498779296875,18462401
2019-11-25,475.8562664948495,483.59376676305845,475.4210202982743,481.4659423828125,25692878
2019-11-26,485.33469527795165,500.5678990176486,484.5609570532175,493.9426879882813,286857658
2019-11-27,497.03772950249066,498.9236980898916,487.7526931557233,488.913330078125,29866539
2019-11-28,492.8304718608013,502.93759495043,491.3313427592663,502.1155090332031,35706498
2019-11-29,499.0687344480009,499.5523281829312,493.5557540633086,495.7802734375,13324549
2019-12-02,496.60245433574767,497.1343956763837,490.6058797798553,494.1361083984375,10130049
2019-12-03,493.0238930735014,494.4746745146201,488.0912302704531,492.6370239257813,12795657
2019-12-04,493.2655838293797,513.9150116178904,492.5885408294013,511.8839416503906,30992538
2019-12-05,515.0757557531097,519.8633462835124,508.78903621665785,510.7717590332031,32354118
2019-12-06,512.6577517539172,515.9945606253684,504.5334117108658,507.58001708984375,24868376
2019-12-09,506.8546218689662,511.93235648741125,505.065348521158,509.2242431640625,12980877
2019-12-10,508.7889195253275,512.8511184083159,507.4832401494256,511.35198974609375,12021443
2019-12-11,513.1896926235871,517.6387907921829,509.9012903589139,516.0429077148438,13768156
2019-12-12,517.3002806963412,519.4764528655401,512.415994967518,517.7838745117188,12385216
2019-12-13,520.2502454841018,524.9894294124089,518.1224209092233,519.4281005859375,17884861
2019-12-16,521.7977661642146,523.6354464142893,519.0896524002515,521.5559692382812,13070575
2019-12-17,523.2001053753017,525.1828280023396,521.0722810060046,523.3935546875,11516163
2019-12-18,524.2640124799556,525.0861573370083,518.364191893787,523.6353759765625,12906168
2019-12-19,519.5731687668296,523.4419190048068,516.1880123085996,522.4747314453125,12082790
2019-12-20,523.2001713629685,531.469613968546,521.5559405505704,528.18115234375,27691592
2019-12-23,529.0516163717649,530.8408898159852,519.9600293330193,523.5386352539062,11521942
2019-12-24,524.2157073434624,526.1017350712065,521.6042888767745,523.34521484375,6715007
2019-12-26,523.3451939384097,524.6025850616447,520.0084438985158,521.0723266601562,7831074
2019-12-27,523.2484647337017,532.4367464619274,520.6853941123245,531.3728637695312,11247684
2019-12-30,531.5661971905483,534.0809199718904,524.7958850624103,526.1016235351562,13180302
2019-12-31,525.9565909195592,525.9565909195592,520.3469147970097,521.2174072265625,12491978
2020-01-01,522.1846039776586,524.6992681012023,518.1224042890957,519.137939453125,7642793
2020-01-02,518.4125330945819,524.1189633218469,518.2674313473428,522.861572265625,10264223
2020-01-03,520.3469205137261,523.0550339441114,518.6543422406796,521.1690063476562,9594690
2020-01-06,519.6215983089187,519.6215983089187,506.6129117751038,508.4505920410156,12534334
2020-01-07,513.8667412459108,518.0256359670435,504.533416667343,505.7424011230469,16101835
2020-01-08,499.06879350691327,510.0463489759186,498.1016059225975,508.69232177734375,16094310
2020-01-09,513.286410552312,529.4384533726594,512.8995119449924,528.37451171875,18934019
2020-01-10,527.0205169871746,528.5679934465019,520.8304930849795,522.5230712890625,12335407
2020-01-13,521.7009823159947,528.1327440329308,520.3468961479856,520.9271850585938,7901800
2020-01-14,518.6059947734109,521.2657606315963,516.6232720310708,519.9600219726562,13939440
2020-01-15,517.542101962643,519.3314345832252,513.2381640291727,518.0256958007812,12353176
2020-01-16,516.381420952677,522.281240987898,515.7043779078715,519.5247802734375,11249232
2020-01-17,516.9617232529095,520.3468795323953,513.1896683570775,514.5921020507812,18312609
2020-01-20,515.5108977742965,526.1499594544414,513.576522923361,517.3001708984375,19159996
2020-01-21,515.4626801847387,522.5231383644784,512.8029140940356,513.625,13477994
2020-01-22,514.0601653628478,517.3969741034881,503.6628995535334,505.6939697265625,17527408
2020-01-23,504.2916480213504,512.8512348341751,500.0843464603851,510.3849182128906,17061293
2020-01-24,511.88396905859855,519.7665705607144,509.7077972487132,516.3330078125,17851868
2020-01-27,520.8304442791342,527.1171627337569,514.0601320972327,519.6214599609375,38149166
2020-01-28,520.4436215319593,522.861590520739,507.24154627268985,510.8684997558594,24009224
2020-01-29,514.1085128673167,517.2518722976429,508.0635908859203,509.3209228515625,16400827
2020-01-30,510.3365519547016,516.4298219231634,506.9513954130622,514.7372436523438,14319317
2020-01-31,512.6094028854249,515.2691686551134,505.2588010985357,508.4021606445313,16292578
2020-02-03,487.4625401825147,502.11545562836,485.5281650230603,498.633544921875,22531888
2020-02-04,502.9375641843672,517.1068864806173,499.69750925885074,513.3831787109375,17781475
2020-02-05,511.69060376326127,522.6682187814763,508.45054881625816,521.4108276367188,18782476
2020-02-06,522.6198118501611,529.051633197627,518.6543661832312,523.8287963867188,15296851
2020-02-07,523.2000607927599,523.9737989431799,517.5903854116692,518.8477172851562,8297149
2020-02-10,520.9756029096975,524.4574545134066,513.0930006811658,516.4298095703125,12536053
2020-02-11,520.0567670384937,526.9237751572385,519.8633177184352,522.0394897460938,11243552
2020-02-12,527.8909665349748,532.630209264613,524.892708665984,531.276123046875,14026335
2020-02-13,530.9859746626256,530.9859746626256,520.3469114180193,523.2484741210938,9227235
2020-02-14,523.4902993462483,530.6475113475179,518.9445057255743,527.8909912109375,14458649
2020-02-17,525.1828826806426,527.4557499963917,520.1051476271005,523.8287963867188,7793293
2020-02-18,523.2485062345065,526.5369677794586,518.4125680992523,523.4419555664062,15918303
2020-02-19,525.66643507738,528.5679977365008,522.7648724182593,526.9237670898438,8704234
2020-02-20,527.6008542913405,531.3245030688684,524.0222482394283,529.0516357421875,13588526
2020-02-24,521.7976778071624,524.0705449130858,510.2397748981796,512.4642944335938,16940750
2020-02-25,514.9790406526263,521.1206581950111,508.063625817468,513.5282592773438,14942960
2020-02-26,509.56277993552095,511.9807490137619,505.0653928694617,506.5161743164063,15743918
2020-02-27,505.6456222876439,506.12921604634136,495.8287044055488,498.4400634765625,26315054
2020-02-28,485.1412928447037,490.2190276063518,476.0497355556641,480.93402099609375,32737933
2020-03-02,491.573069142122,503.46946412451314,482.0946430192593,489.4936218261719,28642076
2020-03-03,493.1205588236592,502.4539124098375,491.8148497794079,497.8597717285156,19661945
2020-03-04,500.5195600354024,500.5195600354024,480.7405627164037,491.6697998046875,21883404
2020-03-05,493.0238712942164,494.37792800953366,483.59379234351775,487.9461364746094,16671516
2020-03-06,469.0859839576746,480.4987857814958,461.63862766361,470.3916931152344,31024353
2020-03-09,459.41408783409,459.41408783409,428.41573855619424,442.7301025390625,42027175
2020-03-11,435.2343712674295,456.2706992120219,434.8475021739913,450.370849609375,31018779
2020-03-12,423.6281524285834,431.3173053579198,402.350026050892,411.6833801269531,50757033
2020-03-13,387.8422272645073,449.50043671117146,382.23255099584907,432.52630615234375,67104335
2020-03-16,410.2809837970479,410.2809837970479,384.4087159970775,389.6798706054688,34833637
2020-03-17,393.6453530848473,395.0477869109263,352.0562862970133,355.1996459960937,47232699
2020-03-18,356.98893584801624,363.1789303556267,331.06829141782816,343.3999328613281,61202289
2020-03-19,325.0717230437301,357.4725041333055,312.40156095321936,327.4413146972656,57985870
2020-03-20,317.2374899562125,347.99403967596743,312.401552609319,334.3567199707031,88640642
2020-03-23,300.9404114697679,303.4067575237123,270.81252407020247,274.6812744140625,56867949
2020-03-24,285.61045086469886,294.99218122151007,259.4963889204996,286.7710876464844,67895418
2020-03-25,274.68124653860457,323.1856931491318,272.36000247109973,306.501708984375,66544138
2020-03-26,311.4344285593892,352.44317970868485,303.93872414530455,319.4137268066406,76173940
2020-03-27,344.1253239070689,347.75227727673115,315.30314626930806,328.6986999511719,72889985
2020-03-30,319.2686534438096,322.9439547565384,300.8920878477153,303.1166076660156,36559880
2020-03-31,314.04579305648804,323.862740278244,305.63125,313.126953125,46279768
2020-04-01,308.5327960251724,313.1269364048576,297.9904587413491,300.9403686523437,33141186
2020-04-03,299.3445336697844,299.3445336697844,272.2632834508701,277.2442932128906,57326314
2020-04-07,298.1838865543506,318.78499746903145,287.10960768207894,315.3998413085937,57661076
2020-04-08,312.2564919193143,341.1753924180542,304.7607887549205,308.4844665527344,73931321
2020-04-09,321.49312066927496,333.6796891321271,312.0630424981496,331.4551696777344,52431174
2020-04-13,329.85928108464685,334.4534216541612,318.4464805289726,319.800537109375,30994190
2020-04-15,331.45519126914274,340.3532991825679,314.3359595137511,316.6088562011719,49132329
2020-04-16,314.6260935544684,336.3878131075626,308.87134542682736,330.77813720703125,56494027
2020-04-17,350.1219146203379,372.85082344237645,337.59682327149113,363.227294921875,69006835
2020-04-20,363.6625237201749,366.4673617498786,345.285960021549,349.4448547363281,55810736
2020-04-21,329.8109414688772,334.8403283358878,317.237503817571,320.961181640625,50118175
2020-04-22,315.3031680324407,326.9094196164569,312.44995271154704,324.9266967773437,49115085
2020-04-23,329.0855719734942,343.158139365284,326.9093999325233,341.3688659667969,45953398
2020-04-24,326.81270351719445,331.9871633872916,320.622708413364,323.86279296875,38513206
2020-04-27,328.16670912924627,341.3204651201001,326.90937717735994,336.4845275878906,38980019
2020-04-28,342.1425999220629,350.9440126360233,338.75744345640294,348.0424499511719,32933194
2020-04-29,341.4172123089181,364.14612021050334,340.11150318579536,358.2946472167969,39341745
2020-04-30,369.46566405135206,380.05638010224527,361.8732354706124,367.6763610839844,45734705
2020-05-04,347.22035615066665,347.22035615066665,324.9750408541058,326.957763671875,38837299
2020-05-05,336.58127974218576,336.58127974218576,318.73665698384804,319.9940185546875,45069968
2020-05-06,320.6226939852928,334.2116681531423,314.577771398843,330.1978454589844,49952812
2020-05-07,325.94220582414044,331.6486064917045,322.750498701194,325.7004089355469,27656346
2020-05-08,332.71253273839267,340.93362729733553,322.7505123146335,326.6192626953125,42968091
2020-05-11,329.8109463881018,332.27726277307875,307.7590826003124,309.64508056640625,83665601
2020-05-12,307.8558073405728,313.7556577200885,297.8937866707357,310.6606750488281,69072308
2020-05-13,332.22894801602786,336.9681614585721,321.3964348477348,326.957763671875,72816461
2020-05-14,319.1718895629042,323.5242335114893,314.96461784269434,316.6571960449219,33999095
2020-05-15,318.49483359791657,319.7038179791966,308.33936479516456,312.1114196777344,31828868
2020-05-18,309.5000065431323,309.983600303356,283.62774037116736,288.7054748535156,74034133
2020-05-19,296.9749271329466,301.278923561746,287.3514286647042,290.4464111328125,61827491
2020-05-20,289.18908857526293,298.1355737569391,287.73830719445056,295.6208801269531,42238419
2020-05-21,295.95937111731735,302.5362342245476,292.0906211680713,294.411865234375,43075357
2020-05-22,291.1234673841994,297.6036361058851,276.1804071687869,281.4999389648437,80358245
2020-05-26,286.3358492083136,288.1251519968047,280.4843766062912,283.0957946777344,46681705
2020-05-27,286.38423957610104,311.38604365713445,285.1752551381035,308.38775634765625,80541990
2020-05-28,311.67623585918534,318.93014359834405,310.2254543113536,316.12530517578125,66136408
2020-05-29,312.3048572351448,323.33078951640846,309.50001921426,321.05792236328125,60487477
2020-06-01,327.8766112921426,336.58130008750925,325.16849769562947,328.118408203125,44024770
2020-06-02,325.94220737921006,338.5156456460639,321.5898633637607,336.9681396484375,47558213
2020-06-03,346.1564348278739,360.7609734358961,342.1909597796235,345.1408996582031,69689299
2020-06-04,345.28594772804377,351.0890728999437,334.163291148569,336.4361877441406,57061575
2020-06-05,338.5156684519848,348.1875446934701,335.6141055795392,345.4794311523437,37251097
2020-06-08,354.52259575695115,361.4863581416881,341.56228808401204,347.9940795898437,46827341
2020-06-09,348.2358458937745,357.2307073102484,333.92148276910325,337.1131896972656,47621969
2020-06-10,337.1132093982312,345.1408837884955,333.9698498546497,341.4172058105469,36292403
2020-06-11,340.8852777006698,342.5778559821702,328.9405050679796,330.0527648925781,36999490
2020-06-12,313.56222382899574,334.7919734045616,313.46549916818725,332.9059753417969,47509067
2020-06-15,330.0044411042861,331.0199763398908,314.8195830493337,320.23583984375,43500660
2020-06-16,331.01994785716687,336.4845517578464,315.3514973208427,331.6969909667969,57511237
2020-06-17,327.48968292116564,339.4828016340536,325.0717142485584,330.7297668457031,37107002
2020-06-18,328.8437912680886,343.06146110881605,326.1356777347233,340.4500427246094,39285919
2020-06-19,339.4828050470271,353.4586759216902,337.74187939173527,351.86279296875,51367236
2020-06-22,354.95783525870985,362.9371326453157,353.1685323657417,355.4897766113281,40133602
2020-06-23,356.89223161101904,365.88706466627065,352.24974284370666,363.8076171875,32493320
2020-06-24,367.5312875305494,367.5312875305494,333.67972157378824,336.6780090332031,57955780
2020-06-25,334.55015636158794,343.9318870867488,327.39297463615395,339.4828186035156,69902888
2020-06-26,343.9318910546987,346.73672898424195,334.74360953349844,337.6451721191406,34596104
2020-06-29,333.92151897039685,334.26004053371287,327.3930026690205,331.8420715332031,27384244
2020-06-30,335.61409423188707,342.8196535946516,334.9370511113854,339.9180908203125,47526095
2020-07-01,342.6261584189706,353.7488142321482,340.0631175478735,352.1045837402344,36922617
2020-07-02,353.99060426990405,358.7298168391264,349.4931885615219,350.9439697265625,50964311
2020-07-03,352.6849529631178,355.1029219667265,347.9940871928723,349.1547241210937,28779044
2020-07-06,355.7799317046689,355.7799317046689,348.671097597971,349.976806640625,33334074
2020-07-07,351.0890609350155,365.59687337034666,350.2185980921396,363.7108459472656,46030825
2020-07-08,365.50018326520336,366.5640955142677,355.48978583538184,356.8438720703125,46315597
2020-07-09,361.1962245038288,363.6625411010834,353.31362187496217,358.19793701171875,35144463
2020-07-10,352.9267538413985,356.1184906718707,347.22035283180844,348.52606201171875,27864858
2020-07-13,352.15299748458744,354.9578355131911,340.9336158539506,341.9975280761719,32379935
2020-07-14,339.9664480611203,340.8852881056128,329.424108917804,334.211669921875,34031256
2020-07-15,338.0320357802289,345.09249281836355,332.47070758069725,334.45343017578125,30442553
2020-07-16,336.5329231799516,337.1615891904671,329.81095783403026,333.3411865234375,35535437
2020-07-17,334.6469271350963,344.3188036418909,334.11498573371244,342.19097900390625,27511781
2020-07-20,346.2531731555613,354.3291958069875,343.5934071606512,351.089111328125,36312529
2020-07-21,358.826554934301,367.4345175995619,357.9077150221863,366.37060546875,45559912
2020-07-22,374.2048603571352,376.71955391165113,362.9854787789867,368.5951843261719,45500191
2020-07-23,369.9975722710928,382.6677346281765,366.41899617325214,379.3793029785156,37838027
2020-07-24,375.5589362466442,375.9458349026856,359.9388622862316,369.272216796875,52980980
2020-07-27,372.3672268280923,373.14096510332377,344.8991048302517,346.7367553710937,73275058
2020-07-28,349.25147245009487,350.84732619736855,331.9388191143795,340.5467834472656,125939354
2020-07-29,341.6106658797969,345.91463291136074,336.7747279682269,339.5311889648437,50194622
2020-07-30,341.80412704103435,342.9647640867244,329.23068694970544,333.63140869140625,40820253
2020-07-31,335.08213175659023,341.4171982750352,330.826483009307,335.4206237792969,37345191
2020-08-03,335.4206255267917,337.88697145221033,329.32735585923274,331.98712158203125,32119883
2020-08-04,335.6140685339599,341.6106429482595,332.90595529175914,339.4828186035156,30811518
2020-08-05,341.80407047214794,348.18751413452514,339.2410293963464,340.6434631347656,37057881
2020-08-06,341.8524938149423,351.81451501082046,337.16162771155297,346.97857666015625,48021824
2020-08-07,347.6555848258986,347.8490046307121,341.562285407938,346.2048034667969,28510964
2020-08-10,347.7039348244234,352.9751189390991,345.62448743177777,351.6210327148437,22856010
2020-08-11,357.85939733287915,362.0182920359347,352.10461954225354,355.2963562011719,45446107
2020-08-12,353.7488624018702,356.6504251830202,351.8144872144369,354.8127746582031,25706005
2020-08-13,356.84388113536465,360.1323131118277,354.2324627773426,355.973388671875,26257336
2020-08-14,359.6002778825146,359.6002778825146,342.57780257529976,349.5415344238281,28893259
2020-08-17,353.99065765632804,354.32917921580133,342.72292814510206,348.3809814453125,24232497
2020-08-18,350.02515473623856,357.8593794877275,349.73501028908805,357.42413330078125,26517363
2020-08-19,361.7281449078393,363.5174477845582,358.24626381296866,362.1633911132813,35790233
2020-08-20,354.95783686427177,357.5208780119546,350.70221747541046,355.6832275390625,68444775
2020-08-21,357.85938940339884,360.7609520201832,355.0061743570724,358.9716491699219,34109928
2020-08-24,362.5502801763129,368.6919273804352,361.5830925698755,367.8698120117188,32907235
2020-08-25,369.94923465927934,377.0096919064189,368.8853224602829,373.67291259765625,53072303
2020-08-26,375.4622335849016,378.7990130548061,371.593483231698,376.5744934082031,37163882
2020-08-27,377.1547911804346,384.4086976948713,374.8818945693336,379.3309631347656,36910405
2020-08-28,380.9751929824205,398.3845699307373,380.0080053741807,396.25677490234375,83472297
2020-08-31,401.2377379220993,408.15312260324686,374.78515404918994,381.6521911621094,72744175
2020-09-01,381.7489628277101,386.5365238044594,372.6573756484797,378.12200927734375,34872793
2020-09-02,374.5433736335432,381.0718895070781,368.5951761853444,379.5243835449219,31295799
2020-09-03,379.52439412635226,379.6694663576757,368.5468093741376,370.1910400390625,26135555
2020-09-04,362.6953661609811,367.4829568007958,356.26357423763795,360.3257446289063,33118984
2020-09-07,361.82487024345374,364.4846360198119,356.8922078095089,361.1478271484375,22323904
2020-09-08,360.1806086039529,368.78857119994126,357.03724932052546,363.3723449707031,32052920
2020-09-09,358.6331601860451,360.1806662920624,350.02519621136764,355.5381774902344,25285238
2020-09-10,359.50362554204924,362.6953326629949,353.4587033309993,358.53643798828125,24852274
2020-09-11,360.7609252106001,361.3895911609404,353.1201501241288,358.34295654296875,22678353
2020-09-14,361.2445391829076,361.5830607185856,347.5588416606146,351.76611328125,27140598
2020-09-15,352.1046438224863,360.03559417081794,351.76615176599665,359.3585510253906,24967618
2020-09-16,359.1650977328899,364.3395569585755,353.02345097029934,362.4051818847656,22068622
2020-09-17,357.85939948022525,359.55197772101013,355.34470590495766,356.8922119140625,24084936
2020-09-18,357.8593794877275,362.3567955158832,352.5881957401363,357.42413330078125,78166508
2020-09-21,354.6193118100554,355.34470247768115,337.064863556757,339.19268798828125,28932482
2020-09-22,342.3844625913816,344.4639103451176,338.0321177279318,342.7713317871094,28593292
2020-09-23,344.899103247335,345.38269704619097,331.21340464295514,340.3049621582031,22740143
2020-09-24,333.6313604124892,335.5657355312367,322.7988479410135,324.68487548828125,25840472
2020-09-25,327.9249241188506,338.9992332748307,325.5553323520546,337.2099304199219,23231600
2020-09-28,339.96645353122847,352.00795138740176,337.6452091116427,351.089111328125,18495592
2020-09-29,351.81448878161655,351.81448878161655,342.62620660037845,345.3343200683594,17080848
2020-09-30,345.23762677969063,345.76956815497823,337.8869950918926,343.1098022460937,19565058
2020-10-01,346.4949767505988,359.0200686657287,346.4949767505988,357.085693359375,23237122
2020-10-05,358.58479978841365,370.0943262317156,358.58479978841365,360.8576965332031,26530105
2020-10-06,364.7264462170448,369.27221018186657,362.7920710363829,368.1116027832031,18093629
2020-10-07,366.8542454655112,371.73856056312695,361.82488764712906,370.0943298339844,21845743
2020-10-08,372.367248141381,376.9130419381684,370.0943512429874,374.78521728515625,21085500
2020-10-09,377.8801621171515,390.2601501160808,374.2048319651865,388.3257751464844,41641237
2020-10-12,390.21182534600655,396.546891935066,387.5520596074177,390.7921142578125,25742564
2020-10-13,387.842218383404,387.842218383404,380.5883115557842,383.2480773925781,19922778
2020-10-14,381.410436373652,395.821525725914,376.2359768048395,393.451904296875,23368177
2020-10-15,393.5486259570445,396.4501887380248,376.381046169578,378.17034912109375,34234586
2020-10-16,381.0719274111564,388.1323853257364,377.68677069557504,383.10302734375,25339096
2020-10-19,388.8577498246702,405.0097940133014,387.9872869169009,403.4139404296875,41072871
2020-10-20,399.93205945142114,403.2204912800626,397.5140905309168,400.9959716796875,26158669
2020-10-21,402.35001651855634,414.4398607649072,396.83703573573183,406.5089111328125,43124966
2020-10-22,402.7369021331522,405.8802617660011,394.2740108139436,399.3517456054688,33088074
2020-10-23,403.3172074341828,406.7023638514961,398.2394728082129,403.2688598632813,22151463
2020-10-26,404.3327431705287,405.3966553779823,388.2774534654376,391.1790161132813,21712057
2020-10-27,393.0166844347562,398.8681575676436,380.3465210594732,396.4985656738281,33571163
2020-10-28,396.4501802536025,396.4501802536025,381.84564199864207,383.05462646484375,28145103
2020-10-29,379.3793110467759,389.67985240331024,376.86461754959504,386.7782897949219,32615425
2020-10-30,386.2946979444968,389.48643453930106,375.3171134516885,379.71783447265625,27225165
2020-11-02,403.3172257011148,408.92690192596,393.64534978502087,403.7524719238281,72698777
2020-11-03,411.0547028869553,432.23610402659176,410.28096466448005,429.28619384765625,61813071
2020-11-04,422.9510864283452,427.4968795330353,411.3448363052764,422.7092895507813,43426662
2020-11-05,430.3984436939896,431.6074280863885,421.3068869663944,424.1117248535156,30129938
2020-11-06,425.41744435635866,430.30172961520657,421.887215747033,428.2706298828125,27831424
2020-11-09,435.2344062566904,449.3553506740408,434.26721868723104,447.5177001953125,40995422
2020-11-10,469.859661187118,471.0686455247919,457.4796733758244,467.9736633300781,57535138
2020-11-11,468.8441876572372,474.4538639134854,456.609270458132,470.5851135253906,45609279
2020-11-12,465.7975322061696,467.683530227937,455.8838597713585,461.0583190917969,31071572
2020-11-13,457.18955336212247,471.1170477728219,452.2085140118674,469.6178894042969,34815091
2020-11-14,473.7768295949388,473.7768295949388,468.7474425037776,470.9236145019531,3636073
2020-11-17,474.40547716498975,476.8234459578797,462.4607054248697,470.4400024414063,36127378
2020-11-18,471.98747825703015,482.62654026692223,470.29490021000186,481.3208312988281,29156543
2020-11-19,473.92193746940274,477.1620219247343,460.18786135257534,463.04107666015625,31896908
2020-11-20,463.7664383419741,467.5868410378285,452.7405059822393,464.4434814453125,30089190
2020-11-23,465.9909382537843,467.4900966289245,451.1929809114097,452.8855590820313,29513544
2020-11-24,458.4469250062765,464.2500506392673,455.7388115173701,462.5091247558594,23135994
2020-11-25,469.0859704750994,473.8735607431382,455.64206918328426,457.1895751953125,34168305
2020-11-26,459.51080383552255,461.5419035625045,450.51594204923714,459.7042236328125,28707911
2020-11-27,460.7681475553961,463.8147824653229,455.83548509749374,457.8182373046875,48390771
2020-12-01,463.9598714470202,472.4711099320404,458.737035155163,469.18267822265625,20120049
2020-12-02,470.3916419909318,471.0203079566238,456.7059449011856,464.6852416992188,21244707
2020-12-03,466.28113405104057,469.0859721047109,463.13777444415337,466.0393371582031,22701738
2020-12-04,467.8286686792453,487.4625657719017,467.1516255314058,485.5765380859375,39547014
2020-12-07,488.429713257333,498.6818776850047,487.6075979357348,493.7008972167969,37778332
2020-12-08,494.71645763065817,495.20005143088366,488.8166073646628,491.7181701660156,19339943
2020-12-09,493.265649342467,498.1015870811186,489.4452467224436,494.7164306640625,21272782
2020-12-10,491.4279946302517,497.5212938376821,482.3847852343927,490.3157348632813,20419020
2020-12-11,492.5402902476491,499.9392990749519,489.4936551802898,498.536865234375,25335765
2020-12-14,501.09985462432047,510.48158582648927,501.09985462432047,508.5472106933594,26369591
2020-12-15,506.8063224435364,507.0481193530992,496.2639535736208,501.0515441894531,26969145
2020-12-16,502.98588637801146,504.581769489123,494.32957529483787,495.6352844238281,24263586
2020-12-17,497.13437725694206,499.5523460179194,492.3951643886705,493.6524963378906,23883288
2020-12-18,497.1343660900656,501.2449128913939,492.443500895894,500.1810302734375,21735833
2020-12-21,497.7146765902352,497.8114307621688,472.1809613580003,478.2742309570313,29157759
2020-12-22,480.9823788673192,485.3347230419264,473.0514583033244,483.8839416503906,32328041
2020-12-23,482.6265844703949,488.9133035065824,480.2569631810357,487.0756530761719,19205951
2020-12-24,490.12229413871137,499.020431462864,488.52644057411385,496.69915771484375,17576807
2020-12-28,498.9721000804918,504.09818248853617,496.7475214029454,503.03424072265625,14470472
2020-12-29,505.40386899881935,513.3831667055341,500.8580754685047,511.4487915039063,19092649
2020-12-30,514.2052886729333,515.5109682628731,507.33822159368026,511.4004211425781,21365141
2020-12-31,512.7061229542174,520.8305224041408,509.2242712085053,517.4937133789062,27817770
2021-01-01,517.977222835216,519.3796564328162,508.8372897004417,510.1913757324219,13592625
2021-01-04,514.8338899561849,517.4453079899116,507.0963900236254,514.2536010742188,16549750
2021-01-05,509.3692965556045,522.2328778947298,505.8390387334952,519.6214599609375,23311516
2021-01-06,521.0722612079111,532.5334093727797,518.2673938687116,528.7614135742188,28178838
2021-01-07,534.0326856234831,536.2088578403149,522.0395351266308,523.34521484375,21138034
2021-01-08,529.051628615732,529.14832376484,518.7510568404906,524.2640380859375,21937965
2021-01-11,527.2623336204688,528.084419451692,517.4453560561452,526.8270874023438,19394393
2021-01-12,523.248485704408,532.5818695522247,519.4764304939304,530.018798828125,16388310
2021-01-13,533.403990931481,542.5922736401827,530.2606310574513,538.2399291992188,21920297
2021-01-14,535.8702881747465,540.1259373087389,532.5334790847353,535.1448974609375,13330898
2021-01-15,531.9531744575852,532.9203620475081,523.7320799432407,525.182861328125,15708956
2021-01-18,526.6336219953223,530.4056770606078,511.5455197990673,515.6560668945312,21580313
2021-01-19,521.3140942006606,529.7769853402817,516.3814612636875,528.5196533203125,20575358
2021-01-20,528.5196575001761,536.4022007473827,528.0844112887789,532.9203491210938,16097138
2021-01-21,536.7891560617119,542.5922820731898,531.6630732247297,534.5646362304688,18189277
2021-01-22,534.9514378749004,535.3383365278268,513.1897168778343,516.2847290039062,24515997
2021-01-25,518.9445431722849,524.5058723888126,513.7701126446702,520.3953247070312,23415249
2021-01-27,520.153478911516,521.5075651630316,502.0670590045681,505.2104187011719,28049286
2021-01-28,497.7147352366271,512.464346726049,495.200070989115,510.9168701171875,29836591
2021-01-29,515.8494416360832,527.0688523192382,512.0774457168937,519.3796997070312,33172808
2021-02-01,533.8875487368967,589.4524874907313,532.9203611486053,583.9878540039062,69354326
2021-02-02,592.8859585223905,603.5250213996276,579.0551885884709,597.0932006835938,42362384
2021-02-03,602.9447323202672,606.9101775967672,593.8531458875141,601.9291381835938,27155908
2021-02-04,598.4956777203032,610.9240738547344,589.017251004875,607.6839599609375,29982222
2021-02-05,607.6838977607114,614.4542102976689,590.9515657258617,593.9982299804688,32015570
2021-02-08,601.9291138068694,613.1485241665923,601.9291138068694,608.9412231445312,18230551
2021-02-09,610.6338621221892,622.0950704979593,607.9740962462539,612.5682373046875,27155615
2021-02-10,612.5681705304688,617.2590652561544,605.8462647299784,611.4075927734375,23967387
2021-02-11,606.1847931105234,612.8100041729464,603.621722506333,609.9568481445312,16072702
2021-02-12,609.2314742026796,628.5752256105127,608.7478804174838,626.3506469726562,19049709
2021-02-15,633.5079030541306,654.5925817615034,630.6063401393787,651.8361206054688,27155194
2021-02-16,651.3041452267947,657.1072707534994,628.2366858386765,636.7479248046875,24966739
2021-02-17,633.3144450813422,643.1314230886578,628.0432607182878,635.78076171875,21684753
2021-02-18,628.6719275027538,630.9932013095881,616.6787778881848,623.4974975585938,27845347
2021-02-19,614.6476732455143,614.6476732455143,598.689079054246,603.5733642578125,24055811
2021-02-22,601.5906465933704,608.651103790309,587.3729780265563,589.8392944335938,27092321
2021-02-23,594.5785688013192,602.6062139627861,589.065587751776,596.0776977539062,23534585
2021-02-24,594.9170865098318,623.8360202068169,594.9170865098318,620.06396484375,17762047
2021-02-25,621.6115304914119,627.1245120450689,605.7496290093904,607.3938598632812,38571809
2021-02-26,594.820400415131,594.820400415131,571.511201832981,578.1364135742188,57349273
2021-03-01,587.6148724900717,591.773767773492,580.5060665423913,588.3886108398438,21527318
2021-03-02,589.9843628029663,596.2710814229979,579.3453005229128,590.4679565429688,24051433
2021-03-03,597.7218718298362,612.9550748740431,593.7080201131486,611.3591918945312,21036174
2021-03-04,598.4473386312079,610.1986918027633,595.5941233516484,600.3817138671875,25057198
2021-03-05,593.0793454502124,594.5301265990473,581.7632406828126,589.452392578125,26645968
2021-03-08,591.5318927303614,595.7875416407732,581.4248298749109,588.098388671875,19632433
2021-03-09,594.6753156345112,607.732349187152,592.2089988810582,604.5889892578125,23056249
2021-03-10,608.11923551415,609.811813903255,601.397269533786,605.0725708007812,15838994
2021-03-12,610.7306308056782,617.0656978723295,588.3885614977289,592.7409057617188,21757862
2021-03-15,591.8221538784885,592.7409349312542,571.2210094558374,583.69775390625,24347946
2021-03-16,586.9377808972519,587.0828826525666,574.1709515976513,575.4282836914062,17925629
2021-03-17,577.9429530608669,583.8428329882277,567.7391354315761,570.1571044921875,20214082
2021-03-18,575.2347873875159,581.6666081188232,556.6164273081386,559.6146850585938,22776537
2021-03-19,556.3262649856949,569.5767456179047,551.2968781504658,567.4005737304688,29162618
2021-03-22,567.5940061441214,567.5940061441214,550.8133252903946,554.6337280273438,21755401
2021-03-23,557.1000391565908,569.9152744323284,555.4558084845356,567.1588134765625,29486417
2021-03-24,560.968812379543,561.5007537572067,546.4609982662789,548.8789672851562,24434219
2021-03-25,549.4592117255838,560.0015794068414,538.8201489043831,552.7960205078125,27170186
2021-03-26,565.3211846063751,565.3211846063751,555.4558587143677,559.56640625,20724410
2021-03-30,562.9031566253199,573.6389148655057,562.9031566253199,572.0430908203125,28011943
2021-03-31,566.7719331798698,570.3021915302315,560.0016199848885,562.9998779296875,20119972
2021-04-01,568.271031156345,576.5404728726753,561.1622263023376,574.8963012695312,15631940
2021-04-05,572.5750632521882,572.5750632521882,545.0102164571082,552.5059204101562,23260127
2021-04-06,555.8427209368261,559.5180219799895,545.8807005455731,547.3314819335938,23284697
2021-04-07,547.9601054160856,560.968790025758,541.0447497171314,558.6959228515625,23984399
2021-04-08,562.9031820726192,566.626830712183,554.4886381629826,557.777099609375,19262565
2021-04-09,555.1173471325743,560.001632814362,546.4610061141875,547.6216430664062,23239564
2021-04-12,533.3073031902685,533.8392446006219,513.7217529337577,520.87890625,26601702
2021-04-13,523.2485286128166,545.3003956462012,520.2018638443274,542.2053833007812,25445897
2021-04-15,547.3798090534764,557.8254228504287,535.9670077006499,556.3262939453125,37614884
2021-04-16,555.7459959464757,558.7926606343113,545.5905256969555,548.3470458984375,24045008
2021-04-19,531.9531010111937,543.8494949182292,516.8650003045784,541.3831787109375,28526176
2021-04-20,546.6543958688338,553.8599546697744,534.4677977473423,540.7545166015625,24425842
2021-04-22,533.887495728224,561.5490343939207,528.9548631306675,560.1950073242188,34942633
2021-04-23,551.2002486168636,561.45241378269,548.4437284785654,551.2485961914062,33749097
2021-04-26,582.2468344013196,585.6319904152807,568.7062103454749,571.7044677734375,62584522
2021-04-27,573.7840448494992,582.198588792846,571.7045678923548,579.1035766601562,24239685
2021-04-28,578.3781688725504,602.3644088855251,578.3781688725504,600.9619750976562,33292864
2021-04-29,602.122659657412,607.8290904049785,589.0172788073507,601.0587768554688,34537860
2021-04-30,590.0811197457465,596.1260421289493,578.4748687699971,580.796142578125,23653258
2021-05-03,573.1069898029775,579.2002597619761,568.2227043212583,577.169189453125,18010557
2021-05-04,577.072462321163,588.050017153402,569.6734541173581,572.1397705078125,15115127
2021-05-05,575.7667234251652,584.9550049381851,565.5145592446672,583.0206298828125,17253943
2021-05-06,583.0206329483368,590.8064807806612,579.5871290134854,588.2434692382812,16949763
2021-05-07,591.9187467313366,594.6268599098939,583.8911023321544,587.1795043945312,10941083
2021-05-10,590.9516354734636,596.7547611900607,590.9516354734636,593.1278076171875,12060808
2021-05-11,586.5025446647772,592.7892636404315,583.4558803174449,589.8392944335938,13818480
2021-05-12,583.4074870455586,586.744295585426,573.7356124560514,575.2347412109375,14785569
2021-05-14,572.5749681463511,582.1984950424604,571.7044758318025,577.7010498046875,12675754
2021-05-17,583.4558798556767,604.0086149521262,581.4731572175665,603.1381225585938,20453101
2021-05-18,607.3938303020267,614.6477375110477,605.4594550462878,612.4232177734375,19242627
2021-05-19,606.5232531429302,613.1968704564574,602.8963000448044,604.9274291992188,13911576
2021-05-20,607.4421190635082,612.1330140239647,596.4162165928088,598.3021850585938,13900762
2021-05-21,601.8807769259918,622.8204101742858,601.8807769259918,621.36962890625,23975898
2021-05-24,622.1433804124802,632.0087050525594,617.0656458657791,626.1088256835938,20323003
2021-05-25,628.7685868211913,630.6062667329297,621.4179852391217,628.9620361328125,14884778
2021-05-26,628.0432402525254,635.1037569113275,622.1917671180947,631.0899047851562,14487031
2021-05-27,629.7358551210899,634.958692042569,626.8342921719235,630.84814453125,23349546
2021-05-28,636.4578270895487,638.3438548307658,618.2747109099502,621.9500122070312,14191446
2021-05-31,622.6269768391497,643.1797119969469,622.6269768391497,641.0035400390625,21786138
2021-06-01,642.7445503092002,643.0831014110727,627.0760983458007,628.7686767578125,14123196
2021-06-02,627.221090506757,628.0431762645302,620.0638794307896,627.0759887695312,16025108
2021-06-03,632.0087695512198,632.2022188839913,623.594225351465,628.9137573242188,11805702
2021-06-04,631.5734701538852,633.4111501118738,618.4197430867815,621.6114501953125,15111572
2021-06-07,624.0294673987062,628.6719561917866,623.1106273485517,626.9310302734375,7556341
2021-06-08,626.737577151418,626.737577151418,616.4854120023522,621.3213500976562,11912935
2021-06-09,623.2556700607997,624.416247874786,608.1675091221133,615.2279663085938,15823094
2021-06-10,614.5993118989177,621.3212768655952,610.2953156948982,619.3869018554688,10712418
2021-06-11,622.8687083599729,623.4006496429234,610.7788654182032,614.841064453125,9015059
2021-06-14,614.8410843665854,615.2279239337893,602.8962837337873,614.3091430664062,10170497
2021-06-15,615.4698186584785,624.9966521393501,615.1313266043011,624.1261596679688,11039987
2021-06-16,623.7392882904506,627.8981830401924,616.6787717946152,619.0967407226562,8601339
2021-06-17,612.2781449404691,616.6304894714876,606.1365268263454,612.2297973632812,9720060
2021-06-18,611.842853388987,615.7116037968401,600.3333563450919,609.715087890625,13820690
2021-06-21,602.4127709849872,612.3264438510531,596.0293564598159,610.5371704101562,13407446
2021-06-22,614.1641206728506,622.9655041435304,608.8929364920826,610.1502685546875,15270093
2021-06-23,612.9551231132912,614.1641075770254,602.9931029386095,604.2020874023438,10950633
2021-06-24,606.4265790037326,615.4214111920364,603.9602626181005,613.2452392578125,12815724
2021-06-25,615.2280288877881,628.6719605808817,615.2280288877881,627.7047729492188,14785922
2021-06-28,629.6390792072657,631.5734542585936,624.948243320772,628.9620361328125,12093491
2021-06-29,625.093315470687,627.4629368266561,615.566541507183,619.0967407226562,12225470
2021-06-30,617.3558221248772,619.7737910812119,609.1347276733394,610.1986694335938,14276494
2021-07-01,613.1485855081484,616.4853945056948,609.376530287888,610.1502685546875,10517081
2021-07-02,611.5043209840059,620.3057039680308,611.5043209840059,619.2418212890625,10999396
2021-07-05,621.6598350736464,627.2211638199294,620.1607060876594,626.5924682617188,7358568
2021-07-06,624.0294033649028,633.5078293099217,624.0294033649028,628.9620361328125,9209891
2021-07-07,629.5423916613154,633.2660400670603,624.7064539746634,632.5406494140625,7741559
2021-07-08,629.1554967770891,632.5406531778881,617.1623476298522,620.8377075195312,10782941
2021-07-09,618.5164963152849,620.1123795356456,613.0035149560241,617.59765625,7069698
2021-07-12,624.803186011545,628.9137332879367,621.321334284521,625.0449829101562,6992783
2021-07-13,633.6529819845153,644.4854359167069,631.5735050242135,643.1314086914062,19825411
2021-07-14,640.2780974412732,646.0812221914962,636.6027969059528,642.5509643554688,11648541
2021-07-15,643.2763903345876,647.6287341366685,639.4076402882935,645.54931640625,8244429
2021-07-16,645.5493872475801,645.8395317264038,636.1193079748996,638.6339721679688,9212875
2021-07-19,624.4647443262029,635.3456056411936,624.3679901394881,634.37841796875,9121737
2021-07-20,627.366223435358,629.8808874344031,618.1295351729377,620.8377075195312,13169127
2021-07-22,631.0898878626158,638.6339390834501,627.0276882721836,634.4266967773438,13123569
2021-07-23,634.4267147427613,655.608087653661,629.3973274423037,654.447509765625,19298083
2021-07-26,657.6875490626154,665.1832527467849,641.8256492663627,654.544189453125,31054759
2021-07-27,657.8326094935254,663.1037342047175,651.2073396209524,655.22119140625,12598869
2021-07-28,655.6564826169622,664.4578659621436,648.0640247116105,662.5718383789062,18367497
2021-07-29,671.738525390625,671.738525390625,662.6203181147575,666.888427734375,11043138
2021-07-30,666.40341796875,667.0339543461799,657.6732421875,662.038330078125,14536250
2021-08-02,663.5418296380883,667.4219076527314,657.3822294719592,660.9713134765625,9348206
2021-08-03,662.5233695507073,671.1565674480547,656.3637689331963,669.7015380859375,10162609
2021-08-04,673.1936194115448,695.8921023072527,672.4176155529948,693.2245483398438,28730606
2021-08-05,694.0490023365312,695.0190219065333,678.0921685689368,681.3902587890625,17774554
2021-08-06,683.9122396680449,684.8337700381915,674.842580984925,676.734130859375,14701949
2021-08-09,676.4916392046472,685.1247774384981,673.5330322944652,681.7781982421875,8602980
2021-08-10,682.9907339113992,687.0648278173533,676.3946128854847,679.88671875,10843554
2021-08-11,685.0763408087723,685.9493821287363,669.3135223476855,672.757080078125,9748084
2021-08-12,672.7084910883534,681.8751867661595,672.5144753565708,680.3231201171875,8840339
2021-08-13,685.8522214369073,688.6168123166203,679.9836157667113,683.669677734375,12787590
2021-08-16,681.3417236395012,686.1918211619769,677.7041504976445,681.584228515625,7920846
2021-08-17,678.8196832947818,681.8267794851803,670.7685327042499,680.177734375,8669653
2021-08-18,679.8381619358785,679.8381619358785,663.1053250921738,667.6644287109375,11069373
2021-08-20,663.3478846376439,663.8814427857911,655.102717977239,660.2923583984375,13121808
2021-08-23,669.2649409175282,669.2649409175282,653.647592026529,662.2322998046875,10917371
2021-08-24,662.7658955292947,676.346170007758,660.0013633354409,673.630126953125,9821388
2021-08-25,678.9652293529431,679.4502391518658,666.5489903415817,670.33203125,9535359
2021-08-26,671.3019778020057,680.5171629788125,669.3134496838583,677.849609375,10756731
2021-08-27,675.2305841643647,679.4502047243641,668.3919581871249,678.7711791992188,9135827
2021-08-30,683.3786930052763,693.5638970883927,679.8866467160374,692.25439453125,10797869
2021-08-31,692.593966767437,698.3171058612189,688.0833521252788,697.4925537109375,19760246
2021-09-01,705.7861805925987,712.7703329927255,695.6980130860096,698.3170776367188,13729351
2021-09-02,700.6450768553976,706.2226890110181,695.9889950708947,703.40966796875,8627956
2021-09-03,703.0216036058523,709.8602289575108,699.4810088948833,702.5850830078125,8993813
2021-09-06,703.6521850197431,706.1742120951084,698.4140559182391,699.5296020507812,5329995
2021-09-07,699.2870603057626,700.7905786447111,690.3143801992725,695.406982421875,6242711
2021-09-08,695.0189120088859,701.0815333627665,693.5638828839545,699.3355102539062,7118011
2021-09-09,699.1900540675887,702.1971500850995,696.0859797807648,698.6565551757812,6243422
2021-09-13,696.377038476369,696.377038476369,684.057778706787,686.1918334960938,6967906
2021-09-14,691.8664581086772,692.5939727859734,685.3188260130114,686.2403564453125,5241865
2021-09-15,685.9007692238437,694.5339665120459,685.1247654598607,692.9334106445312,5936741
2021-09-16,698.4140411072442,707.5322481038166,691.4783779891319,705.398193359375,13557169
2021-09-17,710.9273190031025,712.3823482608204,692.5939266737396,698.5595703125,17075003
2021-09-20,688.7138671875,698.8020939946174,685.318798828125,688.7138671875,7943459
2021-09-21,689.82939552629,693.0789371899905,673.5815687972035,690.5083618164062,10009615
2021-09-22,693.5639963636635,693.5639963636635,681.1962467781576,682.2632446289062,9740470
2021-09-23,689.6838504041089,698.41402572568,685.9492990875531,695.5039672851562,10412491
2021-09-24,700.9360924051521,702.8761314754186,695.0674860586548,701.275634765625,11780868
2021-09-27,702.7790898153227,709.811730810714,700.6450351894565,708.1141967773438,7712240
2021-09-28,712.0913199559708,713.3523927210091,685.415782631291,695.6495361328125,13491800
2021-09-29,686.1432552374505,690.6053803669442,680.274649226719,688.2288208007812,11453404
2021-09-30,688.3258670863279,692.4969986251765,677.8496675120839,679.8381958007812,18487517
2021-10-01,672.223553973205,674.0180664741322,667.2764779074683,671.593017578125,10935810
2021-10-04,676.1521173636177,682.2632287045247,673.2420587055386,679.2077026367188,8976533
2021-10-05,672.2235053040437,678.043622233083,671.1079592105281,676.2005615234375,7497208
2021-10-06,675.715668115746,683.8638569013722,667.7130059605171,668.8285522460938,13200810
2021-10-07,676.6370300877996,683.815197430259,672.6599741743178,681.1476440429688,10041549
2021-10-08,684.8337946980113,688.7138728549405,677.3646324048638,682.311767578125,9383924
2021-10-11,680.9537081745954,697.8320716319804,679.3046631371025,691.9149169921875,9337637
2021-10-12,685.3188175717172,691.6239446972885,683.2818001824968,687.3558349609375,7376091
2021-10-13,692.4483847012314,694.4369720068885,686.7253052710378,688.6653442382812,6357766
2021-10-14,688.9564170122011,707.9202882441278,687.7923816577102,705.4952392578125,8950350
2021-10-18,716.8444363768378,726.447653455614,710.1027887674178,723.10107421875,15345601
2021-10-19,732.3647735901549,732.3647735901549,716.6019556155323,725.0411376953125,11349799
2021-10-20,724.3621160046894,734.741337274942,719.6575447586221,723.4890747070312,12762996
2021-10-21,726.4476869364179,737.0693539701437,715.2924617696073,732.8497924804688,12166996
2021-10-22,735.7597628720237,742.8893822447653,730.7641389541915,736.5357666015625,13248928
2021-10-25,776.0156276682939,841.0069364855135,774.4636200950748,816.4654541015625,96124084
2021-10-26,803.8552151946809,816.4654693802694,797.6955555116205,804.5342407226562,16925115
2021-10-27,803.9036865234375,823.54658203125,799.4901094973087,809.96630859375,22898400
2021-10-28,805.2131540654456,807.0077256431113,772.378018047821,774.7545776367188,18750423
2021-10-29,774.0755831442972,784.5032930676069,760.3983314851432,778.004150390625,15701200
2021-11-01,783.4847683435156,785.4248073592453,769.2254697368435,779.7987060546875,11406421
2021-11-02,784.7458406060003,785.7158601864775,774.0756252207518,776.9371948242188,9452457
2021-11-03,781.8357200296188,781.8357200296188,757.0517335496389,762.3868408203125,11839149
2021-11-04,764.8603701160753,765.3453798625028,755.6451849339539,758.6522216796875,3149310
2021-11-08,769.2255312127747,769.2255312127747,749.9706661249394,756.7608032226562,13967995
2021-11-09,760.4953948739159,764.9574615188623,755.8393124606458,762.9689331054688,10084357
2021-11-10,759.0887779652497,760.7863121575199,749.9220814859318,757.48828125,9507347
2021-11-11,753.4141354289994,753.70512942942,743.131893506917,748.321533203125,9221059
2021-11-12,749.5340980513727,756.5182504653758,748.0790687653425,753.317138671875,15380106
2021-11-15,753.7052342876302,761.0288704760063,748.4186155908851,750.1161499023438,10934583
2021-11-16,750.1160517687515,752.4926113349409,739.1548434898162,741.1433715820312,12785837
2021-11-17,738.0878578031025,748.8065613872471,733.6257326006576,738.475830078125,11657214
2021-11-18,741.9680544379498,744.4900818474299,733.7228874077177,740.0280151367188,20644385
2021-11-22,745.2659566034415,747.351522173044,718.0569219589233,729.4546508789062,20403786
2021-11-23,718.7359659573292,735.2262975856127,709.278275758755,729.3091430664062,24913042
2021-11-24,727.7571681382037,749.0975982602171,724.3136105732106,737.4088745117188,23186419
2021-11-25,732.2677527313655,732.31624186587,722.9555299001058,728.5331420898438,17749726
2021-11-26,716.8444114844465,719.802959122451,697.0559899751541,700.548095703125,18987552
2021-11-29,704.9617000159554,705.9317195550211,689.1988825061388,696.862060546875,15878074
2021-11-30,695.2614811417723,710.3452726237059,689.7808472490506,692.9334106445312,23965914
2021-12-01,694.9219705634979,710.781765183323,693.5639196261699,705.8831787109375,15214913
2021-12-02,702.8761220492831,705.3011708545943,693.7579740644888,700.7421264648438,21924640
2021-12-03,698.899167670641,707.629344643626,693.6610378047292,694.8250732421875,20130259
2021-12-06,697.4440401239817,705.0101805958118,686.2888155601072,688.27734375,20129080
2021-12-07,695.5040093861126,718.735989183653,690.6539116916487,712.6248779296875,30513303
2021-12-08,725.4775760881759,736.0507526538191,721.791454784724,730.8126831054688,33432411
2021-12-09,736.2933133542538,740.12490234375,725.9626408696174,732.36474609375,16007459
2021-12-10,733.8198119392496,737.0208647107474,728.5331933895731,735.2748413085938,7627774
2021-12-13,740.1248899910115,746.624032582974,729.9396850828783,731.3947143554688,16855546
2021-12-14,728.533211001736,741.4344598807473,723.9256178874251,735.9053955078125,17488089
2021-12-15,734.8868469559659,736.7299079324526,728.3877628084907,729.697265625,7358740
2021-12-16,735.1778196752333,735.1778196752333,716.7959378855409,718.9299926757812,14123215
2021-12-17,719.7544893273117,719.7544893273117,704.282666024298,706.4652099609375,13227787
2021-12-20,696.5709675066236,698.6080439454036,677.2676153057263,688.6653442382812,16900016
2021-12-21,698.4141178934732,707.0958052277921,694.6795660840788,698.7536010742188,14563335
2021-12-22,704.4767059838692,712.9158880033236,698.4625728662525,710.830322265625,9843359
2021-12-23,716.8928952193315,717.3294158327018,706.1257025177523,709.375244140625,9994049
2021-12-24,711.8973889628089,711.8973889628089,698.0260616918899,705.3012084960938,8800690
2021-12-27,702.2941526330036,716.6019409635793,694.6309745229842,713.9343872070312,7955163
2021-12-28,718.2024817946877,720.1910099848699,710.539303845837,713.7403564453125,17833655
2021-12-29,715.8744046334617,722.6160521279113,709.9573092528904,713.6433715820312,7143073
2021-12-30,711.3153010555776,718.2994534296456,707.1442289672,713.6433715820312,14326182
2021-12-31,714.4679159315479,723.8771177792522,714.4679159315479,717.9600219726562,6973055
2022-01-03,720.7730391664358,743.0350004330008,720.7245500283545,741.7739868164062,9653095
2022-01-04,744.9265052853369,754.6751896603275,740.7068848328263,749.6795654296875,12114437
2022-01-05,749.8250470068685,771.9899681166116,748.0790238096181,764.423828125,19741360
2022-01-06,751.8136592372482,768.7405126502274,750.7951505252694,761.5138549804688,13018067
2022-01-07,768.4494479246886,778.2466210419217,762.67782014738,769.4679565429688,12250210
2022-01-10,776.2582142253809,788.431948824219,775.0456896795743,786.4434204101562,10905080
2022-01-11,785.4732722642977,790.2748805211734,777.8586430445617,786.3463134765625,9982061
2022-01-12,794.0579645991324,800.7026339113712,787.7043485105037,799.0535888671875,13034848
2022-01-13,796.3860744078269,803.1762114612432,792.8940276053314,799.9751586914062,9372244
2022-01-14,796.3860351562499,797.3560546875,787.2678278803825,795.416015625,7552844
2022-01-17,795.4159639453786,804.0491608947066,790.1293460024887,794.7369384765625,6722700
2022-01-18,796.38601737993,810.9363100238994,793.669974594114,798.4230346679688,10835146
2022-01-19,791.535894877621,796.3859922727045,779.1681465201582,784.3577270507812,16416144
2022-01-20,778.9256714959455,788.5773775230373,771.5535468550623,785.9583129882812,13567654
2022-01-21,778.9256470409367,787.0252860646632,771.6505008979641,780.3806762695312,12078277
2022-01-24,788.6258569058322,792.2149409123907,759.816265790354,774.5120849609375,29612316
2022-01-25,765.3453796391933,780.1866660344843,762.4838102950481,777.6161499023438,19513184
2022-01-27,763.3083983827408,777.4706599600323,757.6337485604175,770.8260498046875,23984679
2022-01-28,779.6531914591883,781.6902087749737,755.1601985082153,757.7307739257812,14072314
2022-01-31,765.2968937941276,774.7545838873432,760.495285444206,765.1513671875,14824509
2022-02-01,778.0041745847009,788.4803739691243,765.6364252212842,786.0068359375,20031583
2022-02-02,790.5658568398378,794.1549406690028,784.6002135018141,789.3533325195312,11214375
2022-02-03,789.6443412621226,793.863961498765,781.8356963345784,784.697265625,9755335
2022-02-04,785.521899973695,787.6559550427033,771.9416248867518,780.914306640625,10314067
2022-02-07,774.1240559952004,780.8657034123029,758.021755855399,762.8233642578125,14659368
2022-02-08,766.3153688448837,771.8444915750755,751.0860515723516,768.7404174804688,14642455
2022-02-09,773.348092746373,780.1382296535221,770.3895449350314,778.731689453125,8855292
2022-02-10,781.7872286242942,784.5517605198588,772.4265167580988,781.3507080078125,13159771
2022-02-11,772.9600369655885,773.4935950700583,764.2784095569087,767.0914306640625,13138408
2022-02-14,748.8551060073834,750.7466560048083,728.6302217098981,731.103759765625,16170656
2022-02-15,730.3762033282566,754.6751802603627,720.9185130872045,752.7836303710938,18880659
2022-02-16,752.4441222020167,754.2386345572445,737.6028360044997,741.1433715820312,10549784
2022-02-17,743.5199026186837,744.2474172005024,723.9254980406431,727.8540649414062,16683808
2022-02-18,724.4591053521793,734.1108120903283,723.1980917292974,726.4476928710938,8945567
2022-02-21,723.8770658978235,740.0279145678118,717.8144439053794,731.8312377929688,10967164
2022-02-22,716.2624787902446,736.9723730612117,715.631942383559,728.7756958007812,13156371
2022-02-23,731.9766841670246,733.7227666149157,720.433487748237,722.2764892578125,11624282
2022-02-24,691.5269408667141,705.3011707138996,681.2446984110699,686.1918334960938,28023104
2022-02-25,703.2157045982457,717.1354618542133,698.6566007426215,708.1627807617188,16935750
2022-02-28,701.2756465733906,722.42206095429,693.9520108008815,720.4335327148438,20547432
2022-03-02,695.5040227620968,703.2156900856645,686.5313418547755,693.41845703125,25252492
2022-03-03,696.0859890579119,700.3056095245371,672.6600529984909,677.3646240234375,23190595
2022-03-04,670.2835055337035,685.3672976160152,664.4633882642357,667.4219360351562,18697223
2022-03-07,643.6079589843749,647.00302734375,622.8980656743049,634.1502685546875,27799873
2022-03-08,624.0135526120663,649.3795870363712,623.72255859375,645.06298828125,26716975
2022-03-09,644.7720213722183,654.2782013370947,638.2728783985298,647.4395751953125,33728639
2022-03-10,673.1450597932595,679.983685589009,653.4536753184026,656.315185546875,35959638
2022-03-11,654.4236695822449,664.1723535705743,650.4950433016918,657.5762329101562,20546724
2022-03-14,657.7702140371608,677.5101468285675,656.9457211257647,675.2791137695312,24648981
2022-03-15,680.4687200830572,686.8708254851132,667.3734560472463,676.443115234375,27714580
2022-03-16,685.7068059466105,690.0718936820614,680.2261721077612,686.7738037109375,14621688
2022-03-17,696.2800142614094,703.2641667933818,694.7280066788796,698.5110473632812,18329844
2022-03-21,699.3841067973971,701.2271676541549,684.3488035306015,689.44140625,12866839
2022-03-22,687.4043552277658,699.3840725949519,678.5286529544644,696.6680297851562,11761758
2022-03-23,703.2641573226852,705.0101806308414,692.8364474037626,696.7650146484375,7140403
2022-03-24,681.3902952515019,691.3329963760759,677.073696092944,683.0878295898438,17727969
2022-03-25,683.8638064534825,684.930804313348,675.7641666123579,678.2861938476562,15263007
2022-03-28,680.9537053887425,692.0119516370017,674.794105097614,689.0533447265625,13806166
2022-03-29,692.8848999574653,695.4554752513218,684.6882235431223,693.8549194335938,11489374
2022-03-30,699.4326369184543,709.8118587196095,697.5410868136387,708.9873657226562,20154520
2022-03-31,717.7174349072195,717.7174349072195,705.9801637091923,708.4052124023438,16046383
2022-04-01,703.26416015625,716.1654080808163,701.4210993647575,714.1768798828125,12658848
2022-04-04,719.7544866073363,727.3206270513682,703.2641547039336,724.216552734375,17192197
2022-04-05,724.410645006006,732.8013384547663,715.8744841364952,719.560546875,12290391
2022-04-06,710.345345618719,722.5676281772567,710.1513298564631,719.3665161132812,13518142
2022-04-07,715.0013580175118,735.0807737402448,715.0013580175118,726.1080932617188,15087175
2022-04-08,727.369131169894,733.334775045837,721.3065090216976,731.6857299804688,15480705
2022-04-11,729.7457122266721,742.5014932815019,729.1152350280048,736.8268432617188,13216391
2022-04-12,734.3047312015948,745.8479864574211,727.7570998467589,740.9493408203125,14020000
2022-04-13,746.5270198926197,749.3885893981088,737.8938814451427,739.3973999023438,16119956
2022-04-18,728.4846893815499,740.0279458248403,726.7386660150366,735.080810546875,17651530
2022-04-19,738.9609006803395,754.5782513670702,734.3048185595942,743.3259887695312,31088359
2022-04-20,743.8109742610528,746.9150486419223,731.2007201930724,732.8982543945312,15984202
2022-04-21,736.2933320721821,741.288956467235,728.6787022404092,739.494384765625,8953098
2022-04-22,734.3048279202951,736.099340475498,723.5376341784837,725.2351684570312,14411607
2022-04-25,725.2351654111533,739.3489385124566,721.694570248648,729.6487426757812,35417460
2022-04-26,744.9749999999999,745.5084989011287,729.1152043461799,731.1522216796875,18727514
2022-04-27,726.5446317605009,727.5146512955616,710.5877985676929,714.6134033203125,21441480
2022-04-28,716.9414174190198,729.3577148794458,712.6248778357512,724.7501220703125,18649559
2022-04-29,727.6116238754458,737.1663517442317,717.9114286007149,721.0155029296875,19560317
2022-05-02,710.0542486399291,721.5004664900613,709.1812074389936,718.784423828125,10903446
2022-05-04,723.8285609058236,724.6045646627977,699.5295843334909,702.53662109375,12212165
2022-05-05,708.890234300298,720.7244839669235,704.7191623175906,706.9501953125,9121547
2022-05-06,694.7765257261593,701.3241579057775,689.0048973712142,697.6865844726562,12455025
2022-05-09,684.1547579747249,698.4140568089666,683.3302650619983,689.0533447265625,13055889
2022-05-10,683.8637425509091,698.4140349456094,683.8637425509091,689.974853515625,12797419
2022-05-11,696.4739648999146,698.2199880683552,685.9492775525536,692.7879028320312,13516852
2022-05-12,686.3372425742325,689.3928274907596,672.5144655614166,674.9395141601562,16685166
2022-05-13,681.3417619266664,681.3417619266664,654.7632023278333,657.042724609375,15717043
2022-05-16,656.4122649212347,670.2350440056038,655.4907344745508,662.5233764648438,9025623
2022-05-17,665.5303767085076,690.65390625,664.6089055180549,688.7138671875,12765052
2022-05-18,690.9934083360105,695.5040229620245,684.9307860995912,686.143310546875,11835013
2022-05-19,672.3205351215821,677.7526801950419,665.0453884024539,669.6044921875,16661023
2022-05-20,673.9695557224218,690.5569251623157,672.9025579245164,688.27734375,11695528
2022-05-23,688.2772706682433,704.1856129088143,686.2402535593363,689.7322998046875,17438451
2022-05-24,689.732393749025,695.8435051133911,684.8822959669416,686.9193725585938,13779981
2022-05-25,690.702426335335,699.2385867517748,690.2659056856536,691.9634399414062,10457589
2022-05-26,701.3241332086211,711.024328688685,694.0004974622318,706.6592407226562,14028733
2022-05-27,711.5578004198139,718.9784733607349,709.3267673856765,717.6204223632812,8110620
2022-05-30,726.3020751790039,729.406149311311,721.9854767141775,726.0595703125,7628515
2022-05-31,718.7844671298695,734.0137854944626,718.2994573679736,730.2791748046875,20272212
2022-06-01,725.5745300337724,732.9466539830166,721.8884680591501,730.0851440429688,10102092
2022-06-02,728.5331693324507,729.2121948567817,720.9185395664465,727.2721557617188,10949759
2022-06-03,733.4803017861097,734.304794716289,718.9784977640621,721.9855346679688,8563791
2022-06-06,718.0085051721869,728.4362156603112,717.4264579008345,724.3621215820312,9107831
2022-06-07,718.784460353754,720.6760102483751,710.3937678699366,713.2068481445312,9938912
2022-06-08,714.5163876883088,718.7844974551812,704.6707246296103,707.6292724609375,9369224
2022-06-09,703.2642084679397,712.0913631265906,700.4996762960814,710.7818603515625,7444368
2022-06-10,703.0216552734374,706.4652127683163,696.4740234375,698.4140625,7990818
2022-06-13,681.19625319991,681.2447423380745,661.6503348905528,667.3734741210938,16622521
2022-06-14,661.9413882626029,673.8241281748404,660.243853989426,664.9484252929688,13348598
2022-06-15,666.8884399458468,675.4730892724864,665.530388895112,666.6459350585938,9199591
2022-06-16,679.0136844688421,679.0621736052452,656.0242093107667,658.1582641601562,13237239
2022-06-17,651.1255332856439,671.8839724795839,649.8645198853286,666.2578125,16335613
2022-06-20,665.4333768292418,667.1794000877353,657.285189349216,665.3848876953125,10981042
2022-06-21,669.8469941130473,686.7738472456844,667.9554441333879,675.2305908203125,13319648
2022-06-22,673.4360538929959,677.9466683573997,664.5603515747664,666.015380859375,6838249
2022-06-23,669.5075219542216,684.8338193855298,666.4034474757209,678.189208984375,14960412
2022-06-24,689.5869477352911,693.8065092545105,685.3673270107747,692.0604858398438,10856736
2022-06-27,706.9987307701259,706.9987307701259,694.6309814125542,695.843505859375,8285225
2022-06-28,689.7323974837518,695.7950197441837,685.8038301000511,689.0048828125,8339931
2022-06-29,683.8152681505,685.5128022997893,679.9351900949814,681.6812133789062,9570557
2022-06-30,681.6812041152125,690.5569062287119,680.1776857301896,685.997802734375,11970404
2022-07-01,682.3602323115849,685.5612848355172,673.2905144209359,682.7967529296875,9884899
2022-07-04,683.7182493721101,699.4810669036859,683.7182493721101,698.5110473632812,8303732
2022-07-05,701.3726007825674,710.1998139212261,696.5709923264933,697.8805541992188,11460367
2022-07-06,701.3240995748685,709.9572968202166,700.3540800733817,704.1856689453125,12163533
2022-07-07,713.8859100794957,721.6945557298686,711.024340524185,719.7545166015625,10374018
2022-07-08,728.7756526421427,734.7897854998337,722.2280208901641,733.0437622070312,9797700
2022-07-11,732.3647700477684,748.4185819739815,732.3647700477684,746.4300537109375,12440573
2022-07-12,742.4044179205171,744.4414944411,734.9838040959955,737.1178588867188,10219829
2022-07-13,741.8223650085422,741.8223650085422,727.417600040279,730.61865234375,8674121
2022-07-14,727.5146418662545,736.7298273298937,726.3506065982099,729.8427124023438,7044542
2022-07-15,730.6671780080716,736.2447900539347,721.8885134986842,728.6786499023438,6358018
2022-07-18,736.4873531124134,749.9706487184862,735.129302042271,748.8551025390625,8045363
2022-07-19,744.7810017811212,758.555291290108,744.1505245941465,757.2457885742188,12825591
2022-07-20,765.8304019544345,765.8788910888006,756.9062106352496,759.6222534179688,8152179
2022-07-21,761.3683659501904,765.2969332735929,756.712224761408,762.4353637695312,8312338
2022-07-22,765.4423615783869,779.7986975015549,765.4423615783869,776.0640869140625,12267898
2022-07-25,778.9256892232296,793.281966548427,773.2025502653746,776.888671875,21034148
2022-07-26,777.5676051652617,778.7316404027981,767.9159585336972,772.426513671875,7374145
2022-07-27,771.165563713231,779.7017241497522,770.8260805434004,776.5006713867188,9536564
2022-07-28,782.7572428364289,791.0508976723771,781.1566869885742,790.1778564453125,11124518
2022-07-29,796.0465708488148,798.7141246229065,783.7757998058745,794.0579833984375,11095993
2022-08-01,796.0950467342799,800.2661189069178,792.7969566227277,798.714111328125,7974903
2022-08-02,795.4160033843817,797.3560424170265,787.8498629981253,793.2334594726562,11106772
2022-08-03,793.2334567936133,803.1761568023379,787.2193239716678,800.0720825195312,11073975
2022-08-04,799.2960814871609,805.0677094506085,784.1152523738859,795.6585083007812,11113742
2022-08-05,798.4230432594383,815.6894380803118,798.4230432594383,813.0703735351562,16056522
2022-08-08,816.3882174189047,821.9505207188839,811.069933828099,816.7297973632812,12142951
2022-08-10,821.8041053952454,832.3919510539397,821.8041053952454,828.24462890625,23658553
2022-08-11,839.2716961670366,845.5658799495219,837.3687950848084,838.93017578125,22787391
2022-08-12,843.0775387772877,856.0562074685697,837.7591953397174,853.2750854492188,10792853
2022-08-16,860.1547348322915,863.1310368403135,855.2267515651621,858.0078735351562,13804836
2022-08-17,860.4962130919745,864.106835156637,857.1783908503086,861.9111938476562,9058040
2022-08-18,859.276428878953,866.2049328790207,853.909305576073,863.7164916992188,13137856
2022-08-19,863.6188913480285,865.4730122271322,843.4189799433652,849.3716430664062,10787199
2022-08-22,844.6388243943513,846.4441652513382,829.0741548205303,831.66015625,13848023
2022-08-23,824.926856148958,847.0296703338628,822.4384744443109,843.0287475585938,13254855
2022-08-24,836.3441890909899,854.202060474313,836.3441890909899,852.2015991210938,10494109
2022-08-25,852.2015966285933,860.1547214600488,845.7610723978989,851.2745361328125,9827829
2022-08-26,853.0310514850003,856.3000935449566,846.3465078959074,849.8107299804688,5976725
2022-08-29,829.5132931497114,840.198759670883,826.53699122095,835.1731567382812,7755134
2022-08-30,839.7108264248318,869.2300042276803,838.3446257766652,865.8633422851562,12544701
2022-09-01,842.1504294135921,864.302022725116,842.1504294135921,853.2261962890625,15877583
2022-09-02,852.9822456312818,860.0083098715986,846.053801187429,851.3233642578125,8401284
2022-09-05,850.4938677754845,864.4972162001684,850.4938677754845,861.1305541992188,8744999
2022-09-06,861.1792732309683,868.4492971380652,856.8855510472846,862.301513671875,9879326
2022-09-07,857.324756787144,861.3257390281522,851.4209330033636,855.0315551757812,8814960
2022-09-08,864.1069024528758,879.0372526045969,864.1069024528758,877.0855712890625,12163106
2022-09-09,888.1613233024965,889.9178244256609,876.0120962296875,879.476318359375,9936230
2022-09-12,883.1845116863607,886.9415336840817,880.98887036478,885.2825927734375,6016978
2022-09-13,891.8695359284446,891.8695359284446,883.4284908418431,888.0149536132812,10400475
2022-09-14,876.5487782664047,899.9689515793953,876.353598243347,895.919189453125,14712947
2022-09-15,897.7733767780912,914.021147040755,893.6260541136272,895.4313354492188,16253099
2022-09-16,892.7965193682152,895.4312411349546,883.3308543718534,887.1365966796875,11966860
2022-09-19,883.0869132125273,890.4544974160177,873.71880824309,877.475830078125,11235656
2022-09-20,887.2342830774511,900.2129511108898,885.4289422358922,894.6018676757812,12090663
2022-09-21,889.9666405609805,894.8458436342315,883.7700764821856,893.1381225585938,8917640
2022-09-22,884.1115635336504,889.6738667395215,873.6700574385206,881.5744018554688,11125669
2022-09-23,879.9154752286213,883.0381770404971,857.5199216916697,860.9353637695312,15927517
2022-09-26,848.981282433677,856.6904466386289,838.4422163569614,840.2474975585938,14208640
2022-09-27,844.0533279671298,853.71411404585,828.0982986271043,831.952880859375,12493809
2022-09-28,823.6094393761035,842.394370309741,823.6094393761035,828.9765625,11411458
2022-09-29,837.271230419244,840.78423273663,820.7795005412984,823.5119018554688,13803629
2022-09-30,823.5119300342992,846.1026048427556,817.2665261890385,841.1746215820312,13175031
2022-10-03,838.9301969435782,840.1499977244196,825.2684281981548,827.8543701171875,8232026
2022-10-04,844.1020481193237,851.5672519066914,839.3204057566129,846.6880493164062,8975095
2022-10-06,851.9575975439521,870.1570479947877,851.9575975439521,864.0580444335938,12116698
2022-10-07,856.0073651218893,863.130989414095,851.7136427635446,861.2280883789062,9705750
2022-10-10,850.9330632442586,868.3030152378152,849.6644822868607,860.447509765625,7357588
2022-10-11,861.9111794381765,861.9111794381765,844.5412292851928,849.5667724609375,11130051
2022-10-12,846.9808542844545,850.6402565068132,840.6866705498809,847.3711547851562,14557532
2022-10-13,841.5160829256583,844.5412243974098,829.9523961161733,832.9774780273438,11563124
2022-10-14,862.4479089579862,862.4479089579862,847.566339832314,849.2252807617188,8199540
2022-10-17,850.933039566598,866.0585695130226,847.5663774405991,863.8141479492188,8936947
2022-10-18,874.4019450781407,878.9396276267804,869.62036194361,875.2314453125,8097552
2022-10-19,878.3053078550508,878.8908479432257,864.1556193526078,870.54736328125,5529462
2022-10-20,868.2053457589235,871.7183479005771,858.8372407802135,867.1807250976562,8107159
2022-10-21,866.546454336231,888.0149475742908,864.3020328643687,885.2338256835938,17022807
2022-10-24,902.6525617008244,910.9472068623996,895.4313173829842,903.921142578125,4390050
2022-10-25,919.2905833886684,920.4616039673743,900.6520526030126,902.7012939453124,15838120
2022-10-27,903.6771788960313,911.1423833365192,898.0173153082427,902.0670776367188,16080842
2022-10-28,895.8216760899096,905.0921618446528,879.2323857919483,885.9168701171875,9854094
2022-10-31,890.552141674467,894.8946444220753,882.7454165769548,886.7463989257812,9000840
2022-11-01,898.7491899037128,898.7491899037128,877.8173971843925,886.6487426757812,9823761
2022-11-02,898.3587855348516,898.5051854414255,880.5496955165991,882.8429565429688,7690974
2022-11-03,879.2811466233138,891.7718941909748,875.3777842858833,886.6975708007812,9022366
2022-11-04,884.404307378681,891.3328112458532,878.4517036538972,883.428466796875,7099336
2022-11-07,888.258956518355,897.8709631491665,881.6232519741969,895.3338012695312,11100219
2022-11-09,897.7733543768877,899.62747534603,883.8676257900718,888.5028686523438,11590409
2022-11-10,885.624137323697,890.8937004635314,882.1111349375303,888.6980590820312,10009741
2022-11-11,903.53080510858,905.5800464757256,881.6719525763125,884.6482543945312,17921457
2022-11-14,883.135738311916,884.6482793217701,869.7179301331439,873.3285522460938,12641308
2022-11-15,878.7932426186741,891.5767902470384,877.0855215643974,889.6738891601562,15176911
2022-11-16,890.5033333770526,895.9192368299623,886.1608307668516,891.5279541015625,13008311
2022-11-17,890.942481763275,900.0177875733908,888.3564803085126,897.5781860351562,12584194
2022-11-18,897.578167748702,899.7250289707271,888.5516422411323,898.1148681640625,10874061
2022-11-21,891.9670018823329,902.4572873134256,891.9670018823329,899.1394653320312,9245704
2022-11-22,901.4327522857458,904.1163139298982,898.1637101071026,901.3839721679688,11256509
2022-11-23,904.604194798919,909.3369976680792,901.3839328784176,905.0433349609376,10959704
2022-11-24,905.1409210367792,917.9244684130732,905.1409210367792,916.1679077148438,10844395
2022-11-25,917.582868510347,920.1200897078236,905.0921212292192,907.824462890625,9815055
2022-11-28,901.6767030234084,920.9983347475076,901.6279229061404,914.7529907226562,9381474
2022-11-29,910.9959675424216,926.9509968667758,910.9959675424216,923.8770751953124,13096845
2022-11-30,925.1456773495776,935.0504833540824,918.2660129689936,929.8785400390624,20858573
2022-12-01,932.9036212569308,933.87946186494,913.6307692487462,917.4853515625,15920653
2022-12-02,905.824046924139,911.9230507412958,903.7259657868032,908.1172485351562,14228874
2022-12-05,914.3626205552238,914.3626205552238,905.9704154181172,911.0447387695312,10984608
2022-12-06,902.6525766407452,907.2878196018734,897.9685535605643,900.359375,18220912
2022-12-07,899.72499901711,910.6544252339894,898.4076380813933,899.8713989257812,15675663
2022-12-08,902.6525404024692,910.9959654854242,901.48151978929,909.3858642578124,10136870
2022-12-09,909.4834455516406,912.215787338606,902.7013414221592,907.4342041015624,9575331
2022-12-12,902.7012999402708,911.3375246500736,902.7012999402708,907.824462890625,8493863
2022-12-13,907.0437995851348,913.2892029869304,905.3848587227286,910.4104614257812,10415140
2022-12-14,913.3867457663752,913.4355258812766,897.7732971207961,899.4810180664062,12319827
2022-12-15,893.8699973988869,897.6757995963253,883.1357507052321,886.8439331054688,8929748
2022-12-16,883.6236941724553,891.6255992841462,877.9150502872375,880.208251953125,9157260
2022-12-19,886.0632612266272,888.6004229521618,879.3787769678182,884.5507202148438,7015083
2022-12-20,884.1115459902278,890.4057295045923,874.0604001499164,887.72216796875,6384331
2022-12-21,888.2589176484736,893.7236012549803,865.5706234047746,870.6937866210938,11341147
2022-12-22,878.7444522871822,882.0134944431401,864.9362840988583,869.1324462890625,9788367
2022-12-23,861.7160235243845,868.1566071729486,854.1532589304963,857.6663208007812,11059215
2022-12-26,859.8131424263865,875.3290320358716,854.1044986503864,871.620849609375,6943159
2022-12-27,876.0121274292705,880.9401105972046,866.7416416351155,878.890869140625,4994381
2022-12-28,874.353191864668,882.111136673352,874.1580118293671,877.23193359375,8980300
2022-12-29,876.2072536656079,901.042348014541,867.8637693146782,886.1119995117188,11994220
2022-12-30,886.5511861175967,886.5511861175967,867.0831542131343,869.3275756835938,9688527
2023-01-02,872.4014740958874,885.0874015715547,872.4014740958874,880.6473388671875,4315403
2023-01-03,876.7927916486487,884.0628161348139,875.0850705742079,879.5739135742188,5846855
2023-01-04,877.2806746302692,885.9656795492845,873.1821323138736,877.3782348632812,12454582
2023-01-05,879.1348736929588,881.1841152530334,850.9330548179901,857.9103393554688,16547196
2023-01-06,857.7150822158359,857.7150822158359,839.7108117598847,849.078857421875,14804613
2023-01-09,853.1285854792023,857.5198678751491,841.4672792045169,852.2503051757812,16811853
2023-01-10,854.2508913830072,857.1784132046618,835.9050403188388,840.540283203125,13470142
2023-01-11,842.0529051268117,849.8107905022805,834.1973403912118,845.3707275390625,15558460
2023-01-12,844.5900418696975,848.3470043668949,834.294935420491,839.8572387695312,16659001
2023-01-13,843.8094168254664,853.7630033069328,837.5640128792874,852.3480224609375,11223103
2023-01-16,856.05621828147,856.2513983254271,840.2475876903445,844.3461303710938,8319812
2023-01-17,846.0049751957827,846.9808157440077,837.3687506076432,844.2484741210938,12624859
2023-01-18,843.5654250474721,850.9330097218229,837.9055614362097,848.493408203125,11313898
2023-01-19,847.0297076978778,849.518089512292,841.1746636354501,845.2244262695312,6694679
2023-01-20,852.3967978123699,855.3243197281536,844.6388528234257,849.3228759765625,8127162
2023-01-23,860.6913432516452,861.9599240223267,843.7116942884356,850.6401977539062,16882379
2023-01-24,857.7638806877826,860.3986621992815,847.0296341717808,849.7131958007812,11504090
2023-01-25,852.2015435388557,855.616985476424,827.512789445121,834.6364135742188,14918485
2023-01-27,818.876746508259,822.6337093757153,793.4560486471688,797.45703125,39718683
2023-01-30,780.6724228711294,806.2882367465883,776.7690607567737,803.6046752929688,36301441
2023-01-31,806.0443354842496,818.0471629504093,794.4318085216838,811.8018188476562,27291226
2023-02-01,823.0727675844201,854.0557066947356,803.2632152779729,827.4640502929688,39237711
2023-02-02,808.3863483354639,839.8083668980825,806.1418673862072,837.1736450195312,16798190
2023-02-03,843.760591547997,851.5673162826182,831.5137444720939,842.9310913085938,14914366
2023-02-06,840.6866174720121,846.8344009053097,829.1229310036805,833.0750732421875,8463833
2023-02-07,834.3437126381102,835.3195532376869,826.7321678735284,832.1480712890625,9337066
2023-02-08,831.9040805956793,839.9059851305341,831.3186000816627,838.3446044921875,8082983
2023-02-09,837.7591795408565,844.0045833872938,831.0258553801846,840.0036010742188,6299265
2023-02-10,834.8804375621235,841.0770612876762,831.416215244057,833.2214965820312,8656405
2023-02-13,832.7823775217515,838.5398012262449,828.830175511351,830.0988159179688,9394365
2023-02-14,833.2702896230664,846.3465175729854,831.5137289421172,844.3948364257812,13402934
2023-02-15,845.4683000864001,852.1527842173793,839.8083770889955,849.761962890625,12070288
2023-02-16,854.787605159296,856.5928864866202,843.9557385135968,848.4446411132812,10715685
2023-02-17,846.5904820244143,846.5904820244143,834.4900945865224,841.8088989257812,9990618
2023-02-20,841.8088986592531,845.6146411781135,829.7084516646102,831.5137329101562,9013430
2023-02-21,833.7582293477933,838.6862124472567,826.3905851968655,833.5630493164062,11704445
2023-02-22,830.6843306445138,833.4654525968871,814.5829603588933,818.9742431640625,13880984
2023-02-23,816.3394563163132,824.048621015575,813.4119344650369,819.462158203125,11743574
2023-02-24,823.560652457791,825.1707536453126,815.3635679302187,819.413330078125,8246139
2023-02-27,813.4119662298283,837.5640224460278,813.4119662298283,835.7099609375,14422574
2023-02-28,834.2461663394178,837.2712484244097,829.4645234973756,834.1973266601562,19600146
2023-03-01,843.1262893169088,843.1262893169088,831.269802049156,835.6123046875,11015843
2023-03-02,832.3920792662288,841.0282452444632,830.5379581962662,833.367919921875,12327141
2023-03-03,836.0514981986004,851.9089091653085,829.3181737177321,847.56640625,12823098
2023-03-06,850.6890680812614,855.6658314634678,844.443664233259,846.7857055664062,13904231
2023-03-08,845.7122948969003,852.5431792187243,840.686691893039,851.0305786132812,16144568
2023-03-09,846.2489584201631,848.7861200905347,833.5142508305153,835.270751953125,10624440
2023-03-10,824.2925755972103,824.9268362576815,816.0467105264111,822.2921142578125,17273189
2023-03-13,821.1210600737454,834.6364281528208,804.0438500876161,808.3863525390625,16413159
2023-03-14,807.0202033098866,814.2902279362222,798.4815977730528,810.2892456054688,15456802
2023-03-15,816.2418837869195,823.5606883048955,802.3361552027651,805.94677734375,12914488
2023-03-16,809.6549809174596,811.2163020979362,790.7236489111071,803.9951171875,14987868
2023-03-17,811.7041893648593,818.1447729834259,798.8719213661859,816.0466918945312,11104490
2023-03-20,816.7785827424584,817.5592433108602,805.0684955346812,816.2418823242188,14838651
2023-03-21,822.6336538132437,833.8558210953935,818.7790713998663,831.8065795898438,18755854
2023-03-22,836.9297092178792,841.7112923918411,830.4403454439372,839.4180908203125,17431520
2023-03-23,836.2953779024698,846.4929238858591,832.1968355502246,834.7828369140625,17920621
2023-03-24,831.9041398289326,839.2229445781608,828.635097531845,831.8065795898438,17295696
2023-03-27,834.2949265553112,835.7099073266975,823.6582402717402,828.1959228515625,17047675
2023-03-28,834.8804530854435,838.149554987118,827.7080481588954,834.0997924804688,24469018
2023-03-29,836.3441310294944,841.27211389231,827.5127859687133,830.4403076171875,34881515
2023-03-31,841.1258033201476,859.7155545338773,837.7591413931142,856.05615234375,25739021
2023-04-03,858.9348737808818,865.6681379160334,847.8590476761958,862.4478759765625,26416933
2023-04-05,865.1801966999474,866.302437142274,852.8846297520107,863.228515625,21068934
2023-04-06,860.6914189453125,868.5957040705766,851.6161131746726,853.8605346679688,26042745
2023-04-10,858.7884767219354,861.4720382738286,843.5166076266008,847.46875,30906205
2023-04-11,852.5919670233527,864.2044347387856,844.1021416632927,860.5938720703125,39504022
2023-04-12,862.1063873379366,870.4498125302297,859.0324656331312,868.64453125,22686032
2023-04-13,869.5715361080806,879.8667021016108,865.0826931657463,877.2807006835938,34439635
2023-04-17,895.1385965391224,895.1385965391224,871.5720810990891,879.525146484375,29957514
2023-04-18,886.0144217796876,886.0144217796876,872.4989946928628,875.1825561523438,26699379
2023-04-19,874.2555961921902,875.2314367685581,865.8145513823755,870.3522338867188,24377956
2023-04-20,870.6937889701342,877.573453395635,867.717487005693,872.7918701171875,16999919
2023-04-21,872.9381803026192,878.9396237033103,861.0817529732831,864.2532348632812,29578071
2023-04-24,883.135744818471,884.5995057214851,873.3773387983774,882.8917846679688,30881665
2023-04-25,884.4043683667354,893.8700345751175,881.2816663774997,891.3816528320312,41383839
2023-04-26,889.429955738027,894.7970792127569,883.8676522248263,892.8453979492188,30371555
2023-04-27,887.5270423599347,897.6758086146725,886.599981860416,896.1632080078125,25835108
2023-04-28,892.9917223591818,898.2125053822566,888.2589192038619,895.4801635742188,20381002
2023-05-02,901.6766917183744,903.433192842073,896.504748580591,899.8225708007812,17515017
2023-05-03,897.33418140065,901.5302839262966,889.5274568652771,900.554443359375,18715142
2023-05-04,897.773371044411,901.5791732893766,889.7714660425504,899.4323120117188,20485002
2023-05-05,902.652518915828,919.6809486172212,901.1399779584096,904.555419921875,19002035
2023-05-08,904.6042195927596,918.9490880615252,904.6042195927596,915.2409057617188,18623913
2023-05-09,918.2660247654844,922.1693872512036,909.2882791362129,911.8255004882812,21507610
2023-05-10,912.0205661468576,918.2659695728609,905.824002397458,913.435546875,25910923
2023-05-11,917.3389010960858,924.1210048601322,911.2886777477154,916.5094604492188,20027372
2023-05-12,917.0461850344828,925.0968698193026,912.5085025133512,921.095947265625,13873480
2023-05-15,920.9495639221208,926.0727270591708,915.5336605179272,922.9012451171876,10453762
2023-05-16,927.0485362203852,929.195397374275,920.2176522692876,923.4866943359376,19612293
2023-05-17,924.4138288097396,925.487289252936,913.1916614199988,916.6558837890624,19273344
2023-05-18,925.0480984422348,929.2442010636688,919.3393952590776,923.6331176757812,21550141
2023-05-19,928.4635680040532,932.9036309042943,918.8515021794102,931.2446899414062,15427412
2023-05-22,928.0732370849948,931.1959390731236,923.291653642454,927.39013671875,15509525
2023-05-23,929.0002544091722,935.6847387180298,922.1693701855752,930.366455078125,16579935
2023-05-24,923.8282619002744,930.8054861062682,915.8263574668708,917.9244384765624,18049620
2023-05-25,914.3626159869316,918.8514587940116,910.4104735823488,917.1437377929688,19328582
2023-05-26,917.094942534292,929.4393493908152,912.9476201716644,927.7316284179688,10957182
2023-05-29,930.8055298888272,934.4649321286174,923.925865590138,925.2432861328124,12108079
2023-05-30,922.5109142673764,929.2930185471208,921.8278734759396,926.9998168945312,18483624
2023-05-31,926.5606365918726,929.0002380573592,917.7780713161202,926.2191162109376,27254425
2023-06-01,931.1959059694744,931.1959059694744,910.2641128857094,913.484375,21650700
2023-06-02,920.2176662665536,921.827827046608,912.4597217491146,915.48486328125,12494376
2023-06-05,920.2176729962288,928.8050582446286,920.2176729962288,923.8770751953124,10751684
2023-06-06,923.6331390198328,924.9017199029888,915.4360540569128,919.3394165039062,11894330
2023-06-07,921.5350543493884,922.9988152614025,911.2399478470064,917.4853515625,16486469
2023-06-08,913.9722653565424,927.5364732717564,912.6061242779728,915.2409057617188,17608140
2023-06-09,918.6563698311433,921.1935315811796,913.581986770486,915.3872680664062,12253128
2023-06-12,915.3384739939504,920.7055972423155,910.7520113059578,913.3380126953124,10520125
2023-06-13,913.2892496101985,923.3891760871558,911.5326888658716,920.75439453125,13528776
2023-06-14,923.1939743649098,924.0722547164398,913.6307485353478,917.094970703125,13489262
2023-06-15,917.9732552476846,920.1688965759562,902.0182258592284,904.2138671875,19366819
2023-06-16,906.848667243868,915.094532313058,904.6042457522844,911.6303100585938,11249387
2023-06-19,910.9472166078564,911.386356797931,896.5047873782526,900.8472900390624,19351375
2023-06-20,898.7004270111945,906.1167918668598,892.6989833999372,903.1892700195312,15212286
2023-06-21,905.580064269418,905.97042432825,897.7733395774403,902.3598022460938,9210553
2023-06-22,902.0670994269972,912.9476866817438,898.4564771949641,903.3844604492188,27291569
2023-06-23,903.6771633220312,909.3858664900742,896.797499098517,901.1887817382812,8767733
2023-06-26,904.7017550302204,909.2882175524284,900.8960126007483,905.0433349609376,11749040
2023-06-27,907.5317710784504,917.2413971004926,899.920226200877,913.484375,13422726
2023-06-28,921.1935016587148,921.1935016587148,911.7278361808256,914.8017578125,25708001
2023-06-30,917.7780520093212,919.4369928830704,908.1660462617388,912.0205688476562,13843218
2023-07-03,914.36260024857,922.9012051068142,913.874679970956,919.7785034179688,12350359
2023-07-04,924.3649684244668,928.3171107716475,919.2418054957484,921.8765869140624,14041699
2023-07-05,919.2906163148466,941.4422096300224,918.265995606998,934.8552856445312,13817767
2023-07-06,931.6350338444386,940.6127792872744,930.9519335115064,936.2214965820312,16334427
2023-07-07,929.9760462814668,931.9765075014355,920.998301288774,923.5355224609376,8593807
2023-07-10,923.1452024012996,929.8785263276142,918.60751981262,925.4872436523438,12069184
2023-07-11,925.4872062607308,929.6833087354524,919.1442426527204,922.1205444335938,16977595
2023-07-12,925.48728589603,928.1708476534084,918.5100015026126,921.5839233398438,21511161
2023-07-13,924.8041153240754,936.0750619372392,919.436992216799,932.61083984375,23222286
2023-07-14,936.5630336523336,941.6861968997156,928.3659486322888,936.8557739257812,12871569
2023-07-17,939.6370109898406,950.2736386246636,929.8297645450108,945.296875,16290763
2023-07-18,954.3721096526648,964.0817355638042,947.687625346918,951.8837280273438,29709508
2023-07-19,956.323750603878,956.323750603878,944.174523696845,949.9320068359376,15994261
2023-07-20,952.46920323191,974.035316171972,948.6146209598538,971.546875,26487838
2023-07-21,971.2540840611064,977.2555272465715,964.9111205085836,972.9130249023438,16903003
2023-07-24,980.670960352914,984.3303623695843,966.1796926305508,968.0338134765624,21687719
2023-07-25,974.8647427328618,974.8647427328618,964.3744564622128,970.6686401367188,29325327
2023-07-26,969.1073019747432,973.6449847104316,966.082219858008,972.3764038085938,12780537
2023-07-27,978.3289995630472,982.1835819158672,963.3498699025234,966.326171875,25932395
2023-07-28,964.130541221062,974.5720478609782,953.4450744239546,972.1324462890624,12584130
2023-07-31,971.9372191996074,975.2551010010276,964.715975072084,974.181640625,14303116
2023-08-01,977.4507819784002,979.4512433395982,966.521355109635,970.5222778320312,15508569
2023-08-02,961.4469550572352,970.0831205780984,953.8841903765008,963.1058959960938,15787996
2023-08-03,952.9571657495216,959.2513497940618,936.8557951782072,941.6862182617188,30994707
2023-08-04,945.248063359922,952.4204682670016,938.0268187721877,947.0533447265624,20582882
2023-08-07,947.4924556611198,957.7875622222014,944.8088939737931,952.0789184570312,16686062
2023-08-08,952.1764341081312,962.7642804453878,948.8097722368316,956.2261962890624,23784778
2023-08-09,959.2270199754856,959.5713515147028,948.0600250851338,957.0133056640624,19317331
2023-08-10,955.8818683285078,957.9480378042437,943.9770282120568,948.552001953125,24858441
2023-08-11,947.8633070091408,947.961670292414,934.679384304923,937.4833984375,17162177
2023-08-14,933.6954693282672,947.371327936236,930.7438503525192,944.0753173828124,19026691
2023-08-16,939.057657191525,944.3213540593632,931.334217614814,941.0745849609376,17930805
2023-08-17,941.5173104722998,942.353578529597,931.1866436309264,936.3027954101562,27077611
2023-08-18,932.61325789159,939.5987322998694,930.743875136834,935.3189086914062,13257508
2023-08-21,935.368103582327,943.8293876376396,933.1052076187756,939.7955322265624,13358017
2023-08-22,940.9762212582668,941.517339432624,933.9906864820572,936.6471557617188,16872719
2023-08-23,938.6148847885248,952.4382890585224,934.5317876320524,951.2576293945312,14707331
2023-08-24,956.8165287761592,966.5568958657866,951.159258811673,953.3237915039062,28389740
2023-08-25,947.420561047928,956.9148999052288,944.7149101731644,954.7504272460938,10275758
2023-08-28,954.3076494260564,959.2761961755662,949.486647599298,954.89794921875,10481574
2023-08-29,957.603610762986,961.4899212525077,950.0770180929742,952.1431274414062,13209913
2023-08-30,954.7996350612804,960.1617553156956,939.992357332752,943.4359130859376,13936165
2023-08-31,944.518110332464,950.61813513853,938.6640537842972,943.2882690429688,36675400
2023-09-01,941.46819032756,957.3577048100216,937.4342746002596,953.077880859375,16268147
2023-09-04,953.0778374045047,953.4221689523384,945.0592480110232,951.7495727539062,9512956
2023-09-05,948.551951794262,954.3568266156636,946.7318107329096,952.7826538085938,16623486
2023-09-06,947.027018710753,953.8649486093548,935.466510050454,942.0584716796876,30802100
2023-09-07,941.96007377633,953.8649135559164,939.3036045546078,950.0770263671876,13462347
2023-09-08,951.8971485126772,959.2761961755662,945.7479421269364,954.89794921875,13086915
2023-09-11,959.226986017833,966.1632786045712,953.7172612295014,962.4737548828124,7894110
2023-09-12,974.1326718812546,979.1012787688176,966.802865781473,974.5262451171876,20959591
2023-09-13,973.8374633789062,978.8060099166414,964.7366383159148,973.8374633789062,21997553
2023-09-14,976.2972153487822,976.887575209195,966.4093032080316,971.7714233398438,11464188
2023-09-15,974.3786547753372,981.4133711300916,972.6568769312491,976.44482421875,13307980
2023-09-18,974.132655768785,980.1834988788136,971.3778233153544,974.2310791015624,16713222
2023-09-20,965.7205606456862,979.9375379402288,964.8351109491382,971.2302856445312,25741856
2023-09-21,964.1464092816628,966.6552735540002,942.0092656124872,943.8294067382812,19742813
2023-09-22,941.0745732661132,945.4036387107805,932.1213525224975,934.9745483398438,12701888
2023-09-25,934.974521142832,945.6987611069428,926.3164505561932,940.9269409179688,8997098
2023-09-26,943.4850895612308,943.4850895612308,931.8261576873732,933.400390625,10521409
2023-09-27,931.0390306872604,931.2358173022473,919.3309777310822,927.890625,15152973
2023-09-28,930.2519986326986,931.9737765254612,919.6753630057271,927.3987426757812,25991282
2023-09-29,931.4326152919224,940.5826225175416,928.480996183604,936.5487670898438,10447334
2023-10-03,936.2535565130628,936.2535565130628,923.8567802867412,925.1358032226562,11131636
2023-10-04,919.9212698646452,920.413206372594,910.0825397056648,915.0510864257812,17334739
2023-10-05,920.118033512241,928.7269221864746,919.4784920475328,925.6768798828124,10478856
2023-10-06,930.743934599139,931.285052783504,922.8729499513662,929.9568481445312,6355755
2023-10-09,925.0866714522842,926.857631001396,921.2003607425812,923.4632568359376,6725306
2023-10-10,925.2342295793238,942.0584345201288,925.184987886715,935.8600463867188,11452715
2023-10-11,939.5003896293224,946.5350458326664,935.4172924942318,937.7293701171876,12233117
2023-10-12,937.4833935799946,944.616473054836,933.105206632664,938.86083984375,7836818
2023-10-13,934.6301694921656,941.960035361212,929.317231265394,935.9583740234376,6650442
2023-10-16,933.2035679262764,939.4511376395518,930.8914903286628,936.0568237304688,5763024
2023-10-17,939.9922889934012,945.4527721377236,936.1551602699086,938.5164794921876,7747527
2023-10-18,933.892332658969,935.3189606246176,923.9551785937446,928.5302124023438,12000153
2023-10-19,920.9051479428266,929.7600051345846,918.9374019002138,920.6591796875,8612676
2023-10-20,916.9696757843908,924.840660125888,915.0019296990168,917.7075805664062,6586576
2023-10-23,926.8084170823352,929.5632496240032,910.4761484024964,914.9527587890624,11856890
2023-10-25,911.1155983660612,918.7406142727788,896.7018946503207,901.3260498046876,12593434
2023-10-26,899.5551235944749,901.8180196143732,884.5018778394127,893.9962768554688,21693345
2023-10-27,901.227738868632,903.3430900053108,896.6035233948352,898.0301513671875,8645505
2023-10-30,894.4389499383923,911.3615781096988,893.553500239537,909.9841918945312,7687791
2023-10-31,914.3131752513102,915.9857713767748,899.3582935043779,900.588134765625,17211107
2023-11-01,899.0631137871601,902.801819087158,894.6356853935422,899.30908203125,12927203
2023-11-02,905.2123769553756,909.8857738877014,898.0792974270889,905.114013671875,9747311
2023-11-03,913.5753279987292,919.4293847809116,911.8535501246076,918.7406616210938,7146961
2023-11-06,925.8245118398002,932.4656547249422,922.2825929880618,930.2027587890624,10338367
2023-11-07,928.3825689148798,935.122135214151,915.4446745754224,932.8099975585938,15704942
2023-11-08,933.1543790682604,933.1543790682604,919.035765182007,920.6591796875,17606074
2023-11-09,918.9373868552664,927.1527024283356,917.953513850068,922.2333374023438,9406117
2023-11-10,919.8229744492044,926.2673311686412,917.3632917279804,923.4632568359376,9560455
2023-11-13,925.72618120136,925.72618120136,916.9696869940612,919.3801879882812,11470096
2023-11-15,929.169741735814,929.169741735814,923.6108349273644,925.9229125976562,19492138
2023-11-16,923.8567704420824,930.9406682319986,918.9374053172576,920.9051513671876,19706373
2023-11-17,911.6075526979567,923.2664842460192,905.310801275944,906.9833374023438,10956653
2023-11-20,907.1309619231906,911.804358961298,902.7035331502466,906.58984375,10562301
2023-11-21,909.4922588007952,913.0833593528812,907.1309394932732,911.164794921875,8989572
2023-11-22,908.3607719626024,910.2793363749666,899.9978512350831,907.8688354492188,12197979
2023-11-23,908.1148071289062,910.426884730186,903.6873784917664,908.1148071289062,5534614
2023-11-24,906.639000110985,915.3954941269689,905.3599771779697,914.41162109375,7452002
2023-11-28,913.9197163754528,916.0350074399644,906.8358182796372,910.5745239257812,14231987
2023-11-29,915.8874351292822,925.9228920765872,911.0664332225616,924.4470825195312,11680078
2023-11-30,923.8076235957444,925.6769463830784,913.2309881790076,919.8721313476562,23950292
2023-12-01,920.8559820278334,936.6471322793062,917.9535445552444,931.4326171875,16986046
2023-12-04,948.1584573156928,978.8060663731462,945.8955613418392,975.2149658203124,33131257
2023-12-05,986.3327787602838,999.369097282552,979.0029121847634,997.106201171875,31378461
2023-12-06,997.6472527517988,999.8609670700351,984.1189985847996,987.0706176757812,18786590
2023-12-07,980.2818725979604,986.037565872625,972.2141617664824,982.88916015625,11841945
2023-12-08,978.4617345457,996.5157807404588,977.2318932503936,994.5480346679688,16116363
2023-12-11,990.8585350218602,1003.5505215202488,988.4480940647678,1000.697265625,11714606
2023-12-12,1000.6972103966642,1004.5343391404564,992.3342898455438,999.31982421875,12380856
2023-12-13,998.43433885667,1004.2392137541405,992.9246739088816,997.5488891601562,15887040
2023-12-14,1005.7641705011572,1023.2279161860636,1004.7802975048244,1016.9803466796876,16317672
2023-12-15,1026.819128412104,1026.8682500033867,1009.1585351765272,1020.669921875,14306067
2023-12-18,1013.3399724649144,1013.3399724649144,1001.582737875324,1004.9771118164062,8592711
2023-12-19,1008.9618258446332,1008.9618258446332,996.2698393148888,999.0739135742188,10094256
2023-12-20,1005.5182598581188,1005.5182598581188,985.840798804144,990.4158325195312,16490281
2023-12-21,980.4786481484716,994.5972620458951,973.2472054564856,988.2020874023438,18064916
2023-12-22,986.775479446596,993.2690175032114,975.6084843898132,978.2649536132812,20881976
2023-12-26,978.8553364159528,981.4133823646852,973.9359710908165,979.0520629882812,14339699
2023-12-27,981.856149768816,988.6940796680808,976.002092947119,986.0867919921876,12996468
2023-12-28,991.7440268494004,995.3843691168538,982.9875327507294,989.6779174804688,24915990
2023-12-29,987.8576980727096,992.285126682214,977.6746362911867,980.52783203125,12280140
2024-01-01,975.5592756483812,988.6447747328208,975.0181575005024,983.28271484375,7683792
2024-01-02,980.9214292212156,981.560970722992,964.44155566108,966.4093017578124,16263825
2024-01-03,968.8197783020528,972.0665472696064,959.3745612454452,968.1802368164062,16826752
2024-01-04,970.492380871986,973.1980317046522,966.0649522367138,971.2302856445312,22789140
2024-01-05,972.0665334175308,982.2004134055408,967.934254767328,977.6746215820312,14875499
2024-01-08,977.969806616758,982.1020854154484,964.4907338916496,966.163330078125,8393164
2024-01-09,970.3447595485834,978.9536484165684,959.6697613726194,963.9495849609376,14660414
2024-01-10,958.5874760008376,978.9044779822008,958.5874760008376,977.0350952148438,9409181
2024-01-11,979.2488085023232,982.3972141884088,970.9350694416868,975.165771484375,6451345
2024-01-12,978.7568819517846,992.432741141072,975.7560812090544,987.3165893554688,12255743
2024-01-15,987.3165782754368,995.3351674307464,983.1351179289786,993.5641479492188,12388044
2024-01-16,989.8746620709588,999.4182427672284,988.3988524803248,992.777099609375,11505126
2024-01-17,971.9682016234104,991.5472391168444,960.9979931914172,965.9173583984376,41914771
2024-01-18,958.2431259931632,978.2649176405235,954.504420581354,970.443115234375,17902484
2024-01-19,975.3133165907816,994.5972638899036,971.6237927511232,983.0859375,23271148
2024-01-23,1042.0199023424595,1042.3151122922168,1004.7311505255956,1012.45458984375,50797448
2024-01-24,1012.8480364224022,1019.2432110778104,980.5770732992008,983.0859375,34578943
2024-01-25,982.2988759526588,998.7295078271164,972.214177202352,993.66259765625,28315035
2024-01-29,1003.5504637146486,1015.3569397583504,993.7117336782304,1000.008544921875,14078922
2024-01-30,998.5819848189448,1007.338419115052,991.7440549694523,1000.5005493164062,16085742
2024-01-31,1000.4020967435956,1022.2440902784828,987.070629039353,1011.569091796875,25627447
2024-02-01,1017.2755035530364,1017.2755035530364,1000.9924764517364,1008.6174926757812,13058880
2024-02-02,1020.3746743205556,1033.0666601657867,1005.1738843616477,1007.4859619140624,14774650
2024-02-05,1006.0102065272256,1009.8964570838908,995.7779026556566,1006.9940795898438,12948430
2024-02-06,1007.0432159063024,1018.2102106949072,1000.3037097510472,1009.8472900390624,12886927
2024-02-07,1011.4214656725248,1014.9142629380416,996.6633703562916,1005.6658325195312,16410895
2024-02-08,1007.5843506463148,1011.6674477599702,969.360907274992,973.3455810546876,20565502
2024-02-09,972.9028503266528,997.401313514954,969.606899599494,994.4005126953124,12799837
2024-02-12,994.105320862232,995.876280283492,969.360890452768,980.035888671875,8050066
2024-02-13,989.7762629977263,1010.4868382114652,984.1681747459204,1003.3536987304688,18706292
2024-02-14,993.2690157159768,1018.997259686499,991.3012696355923,1006.2069702148438,17878720
2024-02-15,1006.3544812043776,1010.0932466717068,990.3665448403932,1000.2545166015624,10069878
2024-02-16,1006.6989262673612,1009.650485394361,1000.5005380040548,1006.7481079101562,7159395
2024-02-19,1006.8464465307476,1029.1311947979043,1006.8464465307476,1026.91748046875,9388255
2024-02-20,1024.2610180558977,1035.6739206502066,1016.5867607398596,1031.8367919921875,11293528
2024-02-21,1039.7569873370444,1046.8408245754547,1031.0988572886058,1034.985107421875,15946325
2024-02-22,1038.969987954932,1048.808718901475,1023.5232284095382,1045.5618896484375,13432573
2024-02-23,1052.744218252001,1052.744218252001,1040.5934094728898,1044.1845703125,13142759
2024-02-26,1036.116616276115,1045.168319797316,1033.558570535963,1037.1988525390625,7875941
2024-02-27,1033.8046204513494,1049.0054112267308,1029.6231599356051,1043.1021728515625,10580973
2024-02-28,1045.8569952406344,1047.6771362637548,1025.3432672847086,1029.327880859375,7730332
2024-02-29,1026.22885861961,1043.5941223069317,1021.7521880889904,1035.231201171875,20944844
2024-03-01,1037.986009477885,1072.3723226042753,1037.002136483119,1069.37158203125,14909562
2024-03-04,1063.5667080999103,1077.3409300364494,1062.6811983836533,1074.733642578125,11424581
2024-03-05,1068.6829125129027,1081.7684727754213,1059.1393914895327,1070.503173828125,9222544
2024-03-06,1062.878109231162,1095.5918883060335,1062.878109231162,1079.4071044921875,21796484
2024-03-07,1077.2917746056637,1077.3410163000535,1065.2393294461426,1070.4046630859375,9963926
2024-03-11,1070.404535791999,1070.404535791999,1059.3852067115477,1061.3037109375,13310362
2024-03-12,1059.6804892440682,1077.1442354316737,1038.625582496139,1059.483642578125,21785435
2024-03-13,1059.77885170946,1072.0772645081547,1055.8433596138775,1066.4691162109375,24855870
2024-03-14,1062.5828370894135,1079.4070413229929,1057.7127137934276,1066.124755859375,14231421
2024-03-15,1054.7119299877843,1068.7321212212976,1052.7441838497475,1062.92724609375,66192734
2024-03-18,1057.7128263089558,1067.3055890531218,1042.9547297794695,1063.7635498046875,8769440
2024-03-19,1061.0578145795118,1071.1917547663113,1057.9094689437209,1066.4691162109375,16708715
2024-03-20,1062.5829470306016,1072.4216780216257,1050.2845332918216,1067.0103759765625,18725251
2024-03-21,1074.3893386064217,1082.2603227720365,1061.7465943107402,1064.3538818359375,19992607
2024-03-22,1063.7143347625467,1076.061869046459,1061.303773813482,1072.716796875,17214415
2024-03-26,1063.5667354159368,1071.585324555275,1059.58200164128,1066.22314453125,13367635
2024-03-27,1066.223219242338,1074.8813504721743,1062.1402420015347,1066.2724609375,26907245
2024-03-28,1067.5022626495677,1087.2289654055658,1067.5022626495677,1075.66845703125,22070566
2024-04-01,1078.3740966909645,1085.162724605495,1076.7998037410025,1081.916015625,10848191
2024-04-02,1076.7998684057336,1076.7998684057336,1061.845045296533,1063.7635498046875,14380396
2024-04-03,1057.6634084362693,1066.1739333709988,1054.9577578565486,1059.827880859375,15477184
2024-04-04,1067.2562910312008,1068.2894057744195,1046.2997470246664,1061.451416015625,21419689
2024-04-05,1052.7441775200211,1068.4861465296665,1050.235253168432,1065.9281005859375,15340637
2024-04-08,1060.959423288553,1074.1433454810406,1058.9425557038237,1069.6175537109375,8023461
2024-04-09,1074.340076856861,1097.264365851894,1070.7490364796934,1089.1966552734375,12298463
2024-04-10,1093.0337202336968,1098.5435054120717,1087.3273285870816,1091.5087890625,10598000
2024-04-12,1085.70384575636,1093.9191612122947,1078.1280717650227,1086.58935546875,12216657
2024-04-15,1082.4570746408117,1088.3111913118553,1059.2376948297706,1060.95947265625,10526597
2024-04-16,1053.2853525855292,1057.2699664181264,1045.561852981989,1049.841796875,11278092
2024-04-18,1056.67972736376,1060.66446152718,1033.5094674241825,1038.4288330078125,16564216
2024-04-19,1035.9691407376135,1054.7119714804403,1031.19738018549,1050.03857421875,11284433
2024-04-22,1061.4023525762484,1071.1426002239434,1053.088552786897,1069.125732421875,10346714
2024-04-23,1082.2603648639931,1082.2603648639931,1065.239312903183,1072.6676025390625,9848215
2024-04-24,1074.635315511828,1080.686158658188,1071.4377281688085,1079.062744140625,5461309
2024-04-25,1072.4215900322672,1107.4966871577883,1072.3723483406734,1095.78857421875,19905338
2024-04-26,1094.2144193811591,1101.9377986819404,1084.9659888361691,1090.032958984375,14190059
2024-04-29,1090.1313056288498,1144.6870165205935,1090.032942347235,1141.4403076171875,28578063
2024-04-30,1141.2434493596547,1150.688726332458,1128.2563736745783,1131.8475341796875,29568491
2024-05-02,1124.5668940413143,1136.8653071432534,1114.9741318218018,1121.0740966796875,25118334
2024-05-03,1122.8944193922243,1138.7347523146343,1117.1386656639672,1123.63232421875,19933604
2024-05-06,1123.1403237344898,1139.767682131019,1119.7458896646774,1127.813720703125,14970524
2024-05-07,1129.4369636309043,1134.1596020771042,1108.1362092373274,1113.6458740234375,15097728
2024-05-08,1108.3823240237211,1113.7443845482246,1098.0516561458446,1104.8895263671875,19913090
2024-05-09,1102.4790338657724,1110.6451084134285,1092.0991247743116,1097.7071533203125,12229853
2024-05-10,1099.9700317150034,1110.694271608054,1094.1160353113987,1099.035400390625,8573656
2024-05-13,1094.4604418124766,1112.4161255815404,1088.8522931770124,1109.808837890625,9707983
2024-05-14,1107.7427007496667,1109.7104468669584,1100.5112577889583,1102.47900390625,8944262
2024-05-15,1104.003936981434,1109.612085486358,1095.5426526828924,1106.2176513671875,10743423
2024-05-16,1114.7281968433217,1118.2209943092364,1094.8540087178606,1112.8096923828125,14265565
2024-05-17,1112.8096108108375,1125.5507181902365,1102.528065843281,1112.2684326171875,8641784
2024-05-21,1104.1022778238569,1115.5153011731006,1098.2482812745363,1102.8724365234375,10452900
2024-05-22,1106.857133236162,1107.742642963088,1080.3909253188892,1093.1812744140625,17527411
2024-05-23,1097.5596331640877,1118.663662126591,1093.4765359706398,1116.2039794921875,13787687
2024-05-24,1111.7765639224867,1116.6959292495774,1106.0209305101291,1113.695068359375,6312670
2024-05-27,1113.6459433951586,1129.2895491082788,1103.4628812192525,1111.579833984375,11599857
2024-05-28,1114.23617798317,1116.8925870555686,1106.8571304468578,1108.775634765625,9311718
2024-05-29,1097.067741329381,1105.4306626270395,1080.7845935856149,1084.2281494140625,19268547
2024-05-30,1079.308747806472,1102.9217012680538,1079.2103845207205,1095.7393798828125,15255387
2024-05-31,1099.970086377496,1112.366862972861,1093.328943190512,1102.970947265625,26197718
2024-06-03,1151.1314549939386,1154.0830741093075,1117.974981638635,1141.292724609375,25699977
2024-06-04,1139.2265453107807,1140.702354777864,1036.5594240710273,1054.170654296875,43476837
2024-06-05,1067.5022525173526,1105.1353964425034,1034.0998107211954,1090.7708740234375,42172104
2024-06-06,1099.970087057546,1099.970087057546,1078.9151794387894,1092.49267578125,18574162
2024-06-07,1092.4926581643756,1110.104009770429,1085.8022733872265,1103.6103515625,17197635
2024-06-10,1098.0022563128855,1114.9248236920885,1097.1167466019742,1105.676513671875,10851455
2024-06-11,1101.6919214874545,1110.8419895056586,1093.0830317236544,1100.1668701171875,12250002
2024-06-12,1102.9216850641683,1115.1217348604168,1094.0668276461688,1101.4951171875,16096514
2024-06-13,1104.1021886675976,1105.0860616284854,1087.1796217809997,1089.49169921875,12494254
2024-06-14,1096.0345294527124,1096.0345294527124,1081.719129164698,1087.8192138671875,11377979
2024-06-18,1095.9853271941342,1116.7451444635597,1083.4409459075025,1104.7418212890625,18306176
2024-06-19,1109.75950368303,1146.75322461017,1107.9886043418487,1125.993408203125,34309514
2024-06-20,1135.4386364718932,1141.2926325377728,1117.1877450402078,1138.144287109375,15475933
2024-06-21,1144.7854792681485,1151.033048809149,1132.0934935247788,1139.9644775390625,69259425
2024-06-24,1136.0289470067053,1156.6902793435293,1134.0612010698649,1151.229736328125,12210295
2024-06-25,1151.3773811074136,1186.5508409447048,1148.819335321402,1178.630615234375,27309845
2024-06-26,1182.6154524579229,1203.1291823342124,1174.59686276576,1198.357421875,25403461
2024-06-27,1208.5403632954783,1215.083142699582,1189.6008082372057,1200.2266845703125,20516632
2024-06-28,1207.2122974343558,1207.2122974343558,1177.0565628057336,1180.254150390625,12507092
2024-07-01,1180.25407382428,1195.7500741919466,1172.8259044392062,1192.3065185546875,8636894
2024-07-02,1197.3734411453652,1197.3734411453652,1166.4306833322826,1171.399169921875,16153925
2024-07-03,1177.54840489326,1196.24199235147,1160.428990253299,1182.2218017578125,22330897
2024-07-04,1209.179986290108,1215.033982934888,1194.7171004020097,1213.115478515625,15275791
2024-07-05,1205.2444756355717,1222.5606171427328,1201.1613784936928,1213.509033203125,9535575
2024-07-08,1209.0816030717467,1219.5106332770945,1197.2751265898385,1215.1324462890625,6617190
2024-07-09,1215.0339475267522,1230.038011199292,1209.4751610015549,1228.1195068359375,13366874
2024-07-10,1232.5469141994529,1232.5469141994529,1216.411372803046,1223.15087890625,18226503
2024-07-11,1226.2501602309792,1237.5155787915146,1205.2937361837155,1218.4775390625,11307116
2024-07-12,1215.9687089511149,1232.6945505595163,1210.2621973028672,1213.01708984375,12208290
2024-07-15,1213.213848187686,1218.4775450466864,1204.309869041595,1210.1146240234375,15612671
2024-07-16,1210.1638079399554,1224.9219031587354,1209.1799349253702,1219.9041748046875,12320605
2024-07-18,1214.9849267751276,1236.1873202209238,1211.8364607641408,1230.1365966796875,10999632
2024-07-19,1223.9380279933182,1230.3332025768846,1220.2485041951068,1228.5130615234375,7958817
2024-07-22,1220.0026771573469,1225.2172527697476,1213.0172019778342,1221.1341552734375,9958965
2024-07-23,1221.1341050565184,1228.5131532036169,1192.9461171142627,1206.96630859375,19369832
2024-07-24,1205.2444794873966,1213.7550053424825,1182.664641157268,1203.2767333984375,20122521
2024-07-25,1186.0589540798987,1198.6033353860112,1171.3992217096722,1178.58154296875,14154461
2024-07-26,1170.808877642708,1200.325067835381,1166.824143926023,1187.7314453125,19309265
2024-07-29,1195.5533833447412,1222.708256018106,1184.7307795900044,1193.142822265625,28458261
2024-07-30,1193.437987733722,1211.0000973333736,1184.976703679443,1189.9451904296875,23972277
2024-07-31,1199.3412284660044,1204.9001351285349,1191.4702441938732,1195.307373046875,22297629
2024-08-01,1192.946036063854,1202.932371231448,1187.4363711753606,1190.584716796875,8725046
2024-08-02,1177.6959907114142,1182.271024219477,1170.9072429350963,1177.2532958984375,10735395
2024-08-05,1162.937883324056,1169.726631028772,1148.1797883580148,1153.689453125,14306771
2024-08-06,1156.050815815944,1168.5459553164285,1142.768529846995,1148.0322265625,13575619
2024-08-07,1159.9370447242293,1160.7734328695765,1142.8668719088475,1153.5418701171875,15753644
2024-08-08,1148.130558994479,1155.4604849673224,1140.2104533386794,1145.8184814453125,10806438
2024-08-09,1157.5758097480823,1161.9047548052447,1150.1475206629225,1152.70556640625,8687307
2024-08-12,1162.0336803927066,1169.228167312303,1147.148535041818,1163.8199462890625,10860455
2024-08-13,1174.1402001247322,1180.143923785119,1154.6903013699869,1159.4039306640625,13117927
2024-08-14,1158.0642597488902,1161.090954297597,1144.1714580038308,1152.7552490234375,13431801
2024-08-16,1161.0412636212889,1183.8651517095705,1156.7245959708457,1178.1591796875,10961370
2024-08-19,1181.8804727263328,1186.5941018157116,1164.3160506791048,1166.8961181640625,6686394
2024-08-20,1165.209144373693,1180.6897926432184,1161.041352076898,1170.4189453125,10427061
2024-08-21,1167.9876876109618,1169.625077755297,1156.178781920312,1165.8541259765625,17234142
2024-08-22,1172.9494391539793,1183.468250844818,1167.5907626667606,1181.979736328125,8564142
2024-08-23,1183.8651886303296,1195.7733045260245,1179.449310773257,1194.2847900390625,7518309
2024-08-26,1196.3191076607095,1205.647034605679,1191.8535643266057,1204.009765625,10920226
2024-08-27,1204.0098351320562,1223.0627726699065,1199.6435016150756,1216.9598388671875,16295325
2024-08-28,1213.2882407138438,1217.009527109644,1207.9792296829603,1214.47900390625,12291305
2024-08-29,1209.6164607584683,1225.5436144859966,1207.681440347739,1212.5439453125,10806748
2024-08-30,1220.5818867193016,1226.0894388087463,1209.566903676032,1219.7879638671875,21211148
2024-09-02,1229.5129791826912,1229.711399328795,1213.1393196536235,1220.5322265625,12516759
2024-09-03,1217.8033299887798,1241.371477184039,1211.055469999512,1238.1463623046875,19114907
2024-09-04,1230.3565014424944,1234.176997942738,1223.3605556490777,1226.88330078125,13505843
2024-09-05,1228.5206798050983,1235.3182053814185,1221.8720299114532,1226.486328125,9142811
2024-09-06,1216.5628019074484,1224.4520011114123,1195.7732653744783,1198.899169921875,10170479
2024-09-09,1193.6893937018356,1228.8183593866072,1191.2580807218426,1225.5435791015625,13863250
2024-09-10,1227.4786328440832,1231.844966297702,1217.6048683884171,1227.8260498046875,15545130
2024-09-11,1222.0704612349368,1229.8107854485313,1217.009535927106,1226.88330078125,11993242
2024-09-12,1228.520699503871,1247.3752175091806,1216.959878710332,1242.5623779296875,15376442
2024-09-13,1242.4133910945052,1246.333097348584,1232.5396270556282,1240.7760009765625,9877288
2024-09-16,1241.4210578615323,1255.9092410243195,1235.169248684242,1253.1802978515625,8973335
2024-09-17,1250.302517024621,1262.508384404533,1248.7644580527592,1258.39013671875,11513121
2024-09-18,1252.3368930345305,1285.4315085718288,1252.3368930345305,1278.485107421875,12466597
2024-09-19,1278.4851014958492,1290.0459218689532,1275.5080724453824,1282.107177734375,13172268
2024-09-20,1285.0841618950908,1351.9184375163336,1281.6606270608918,1328.201416015625,73257767
2024-09-23,1320.80849505564,1321.60241788708,1298.4807781970735,1311.7781982421875,11380409
2024-09-24,1310.8850653274296,1321.2054564579637,1305.377513381459,1308.50341796875,13886037
2024-09-25,1300.713587757985,1317.583418764573,1300.068540580609,1313.7132568359375,8728019
2024-09-26,1309.892782398436,1323.140537447841,1306.816543272958,1318.87353515625,11100869
2024-09-27,1322.793216287465,1322.793216287465,1293.8663936696585,1296.5953369140625,17117379
2024-09-30,1282.206413318136,1286.870498271365,1261.168789397214,1263.252685546875,12622212
2024-10-01,1260.0772141126831,1270.4471502080723,1257.8939867892805,1264.6419677734375,10972413
2024-10-03,1244.001159291873,1256.0581509565811,1238.5929384016897,1246.7301025390625,17648551
2024-10-04,1237.5508987809962,1254.7184806872842,1226.734336136113,1230.2572021484375,13488887
2024-10-07,1232.0434743858432,1253.2795172340534,1215.6201496244253,1224.4520263671875,20667247
2024-10-08,1231.4976811477177,1238.245662101406,1220.3338222332038,1227.13134765625,12219259
2024-10-09,1233.5319821121263,1255.4130720043904,1223.2115909568488,1234.62353515625,14765997
2024-10-10,1237.2036303622588,1245.0927087268435,1228.520629146562,1233.978515625,9118195
2024-10-11,1227.528300150437,1231.299252032795,1212.6431550394775,1213.635498046875,8472512
2024-10-14,1211.6507942721546,1228.4214150784755,1208.0783837250117,1222.3184814453125,11833929
2024-10-15,1229.4632721003522,1248.6652054451272,1225.9405272443164,1245.8865966796875,11657338
2024-10-16,1238.9402364127243,1245.340800313192,1232.0930454805564,1233.6312255859375,7869727
2024-10-17,1239.8829828601924,1247.3255557801638,1215.024861988864,1221.8223876953125,8459497
2024-10-18,1218.547563181441,1259.1840825393742,1215.8682854811916,1254.8177490234375,11018126
2024-10-21,1254.8177669815936,1262.607635574402,1240.9746301061532,1249.4095458984375,7742775
2024-10-22,1256.9016668439735,1275.0615928812024,1250.104141265448,1257.7947998046875,20090801
2024-10-23,1251.3445279562577,1258.2412633793258,1233.5320194899548,1242.0164794921875,14055447
2024-10-24,1240.6768573006573,1250.7987076222266,1231.547349996325,1243.15771484375,12223031
2024-10-25,1237.6998715609657,1259.184122863092,1224.7497462785968,1245.8370361328125,13546055
2024-10-28,1275.6569864282285,1297.786284822074,1270.794481272672,1282.95068359375,24096412
2024-10-29,1291.385516560823,1325.1251779791885,1289.3016205238707,1321.6519775390625,20656117
2024-10-30,1313.8621457191011,1320.7093367177222,1295.603010101319,1302.1029052734375,15055031
2024-10-31,1297.2403694104123,1308.8507339009743,1278.6836040126998,1282.355224609375,23497314
2024-11-01,1280.0727600114117,1286.2749035463628,1276.4011394929669,1281.90869140625,1007022
2024-11-04,1280.221658871375,1281.908714624808,1260.3252547322477,1267.42041015625,14309121
2024-11-05,1263.2526375453915,1291.335992867302,1253.4284176295798,1286.7711181640625,16431920
2024-11-06,1290.2940335374446,1304.9310933295442,1282.8017951557133,1292.3779296875,12037405
2024-11-07,1287.2177364325323,1292.824498565034,1265.4854006783698,1268.908935546875,9909035
2024-11-08,1260.2755859661174,1265.2373008714958,1243.108003939261,1249.2109375,11195808
2024-11-11,1252.3369021242906,1266.130494449298,1237.1044608620273,1259.5810546875,8387780
2024-11-12,1266.3785236970411,1285.084164724792,1254.817703702316,1260.8709716796875,13486168
2024-11-13,1260.8709623351128,1266.477724382224,1240.4287212362626,1244.100341796875,12260404
2024-11-14,1244.149990424334,1257.993126310203,1233.5319691696748,1247.325439453125,9506892
2024-11-18,1250.3521900785158,1252.9322576721884,1239.8333784208526,1243.852294921875,6195554
2024-11-19,1247.4248442373848,1251.3445507199667,1231.3488145998942,1239.53564453125,11537317
2024-11-21,1238.9899233393824,1247.2759633109613,1223.112435054442,1240.974609375,9593870
2024-11-22,1248.3675121917486,1271.588362957257,1246.3828261628269,1268.2640380859375,11604338
2024-11-25,1286.076597798596,1301.160163762971,1280.1225394754547,1290.9886474609375,22717581
2024-11-26,1300.56477024255,1304.1868465830694,1292.4771502005865,1294.9580078125,7646955
2024-11-27,1288.5573723920809,1300.812784090288,1287.9123252215186,1290.740478515625,21938082
2024-11-28,1291.0878806767676,1300.4654733696732,1272.4814498292426,1276.5003662109375,22803745
2024-11-29,1273.275310189296,1293.2710463550775,1273.275310189296,1290.1451416015625,11397228
2024-12-02,1289.946649219065,1300.5151260626694,1279.2789623057151,1294.6602783203125,9626400
2024-12-03,1293.9655928118616,1302.747925178162,1286.175724570763,1298.381591796875,11509276
2024-12-04,1292.625936747851,1309.8927287632168,1291.7328038420255,1305.9730224609375,11570281
2024-12-05,1306.171532833215,1332.6174992065928,1298.5800843127004,1326.2664794921875,19210697
2024-12-06,1332.2205223736623,1336.7852761002946,1316.5414539912906,1318.5758056640625,8942672
2024-12-09,1311.9766296210685,1318.8734860133875,1310.1408193352056,1312.1751708984375,8000764
2024-12-10,1308.9004164217674,1321.8008754160685,1305.1791301734115,1320.2626953125,8218214
2024-12-11,1314.5567183054773,1321.0566133833202,1305.9233826947975,1317.3353271484375,8138066
2024-12-12,1311.4309069614158,1328.4991576758143,1311.4309069614158,1319.0718994140625,9076896
2024-12-13,1315.201818050664,1336.8349446817394,1303.4425773055236,1334.6021728515625,13536684
2024-12-16,1334.6020835708346,1340.1095143687996,1329.7892443970975,1335.7928466796875,9071006
2024-12-17,1331.7243053318298,1337.7775734016686,1315.8964829440192,1323.5374755859375,9879257
2024-12-18,1315.1026301384318,1324.728309292061,1297.4388753521955,1304.087646484375,8510595
2024-12-19,1276.1531316977298,1293.0229631431896,1274.614951552865,1277.0462646484375,11517304
2024-12-20,1274.1187908536028,1287.8131731856893,1262.657301485049,1278.5347900390625,58491181
2024-12-23,1284.736921667357,1296.992333800165,1277.1951389037538,1286.8704833984375,6827512
2024-12-24,1286.8705106850512,1294.5115036860575,1280.3706152786017,1287.3170166015625,7138516
2024-12-26,1296.9922716557785,1302.6982437766817,1279.3285182011691,1287.4161376953125,7338444
2024-12-27,1288.6071205266592,1305.8737927483876,1288.6071205266592,1297.5382080078125,4756066
2024-12-30,1294.957999087405,1316.343040012265,1279.576681997175,1284.7369384765625,14207425
